/* Converted from E03_arduino_downsample_20hz_T100/no_accel_rotation/daghero_cnn_2layer_conv2d/e03/daghero_cnn_2layer_conv2d_T100_Prandom_stratified_E03_daghero_cnn_2layer_conv2d_r0_ptq_int8.tflite */
alignas(16) const unsigned char daghero_no_accel_rotation_t100_ptq[] = {
  0x1C, 0x00, 0x00, 0x00, 0x54, 0x46, 0x4C, 0x33, 0x14, 0x00,
  0x20, 0x00, 0x1C, 0x00, 0x18, 0x00, 0x14, 0x00, 0x10, 0x00,
  0x0C, 0x00, 0x00, 0x00, 0x08, 0x00, 0x04, 0x00, 0x14, 0x00,
  0x00, 0x00, 0x1C, 0x00, 0x00, 0x00, 0x90, 0x00, 0x00, 0x00,
  0xE8, 0x00, 0x00, 0x00, 0x38, 0x51, 0x00, 0x00, 0x48, 0x51,
  0x00, 0x00, 0xC4, 0x67, 0x00, 0x00, 0x03, 0x00, 0x00, 0x00,
  0x01, 0x00, 0x00, 0x00, 0x10, 0x00, 0x00, 0x00, 0x00, 0x00,
  0x0A, 0x00, 0x10, 0x00, 0x0C, 0x00, 0x08, 0x00, 0x04, 0x00,
  0x0A, 0x00, 0x00, 0x00, 0x0C, 0x00, 0x00, 0x00, 0x1C, 0x00,
  0x00, 0x00, 0x3C, 0x00, 0x00, 0x00, 0x0F, 0x00, 0x00, 0x00,
  0x73, 0x65, 0x72, 0x76, 0x69, 0x6E, 0x67, 0x5F, 0x64, 0x65,
  0x66, 0x61, 0x75, 0x6C, 0x74, 0x00, 0x01, 0x00, 0x00, 0x00,
  0x04, 0x00, 0x00, 0x00, 0x98, 0xFF, 0xFF, 0xFF, 0x13, 0x00,
  0x00, 0x00, 0x04, 0x00, 0x00, 0x00, 0x0A, 0x00, 0x00, 0x00,
  0x63, 0x6C, 0x61, 0x73, 0x73, 0x69, 0x66, 0x69, 0x65, 0x72,
  0x00, 0x00, 0x01, 0x00, 0x00, 0x00, 0x04, 0x00, 0x00, 0x00,
  0xAA, 0xAE, 0xFF, 0xFF, 0x04, 0x00, 0x00, 0x00, 0x05, 0x00,
  0x00, 0x00, 0x69, 0x6E, 0x70, 0x75, 0x74, 0x00, 0x00, 0x00,
  0x02, 0x00, 0x00, 0x00, 0x34, 0x00, 0x00, 0x00, 0x04, 0x00,
  0x00, 0x00, 0xDC, 0xFF, 0xFF, 0xFF, 0x16, 0x00, 0x00, 0x00,
  0x04, 0x00, 0x00, 0x00, 0x13, 0x00, 0x00, 0x00, 0x43, 0x4F,
  0x4E, 0x56, 0x45, 0x52, 0x53, 0x49, 0x4F, 0x4E, 0x5F, 0x4D,
  0x45, 0x54, 0x41, 0x44, 0x41, 0x54, 0x41, 0x00, 0x08, 0x00,
  0x0C, 0x00, 0x08, 0x00, 0x04, 0x00, 0x08, 0x00, 0x00, 0x00,
  0x15, 0x00, 0x00, 0x00, 0x04, 0x00, 0x00, 0x00, 0x13, 0x00,
  0x00, 0x00, 0x6D, 0x69, 0x6E, 0x5F, 0x72, 0x75, 0x6E, 0x74,
  0x69, 0x6D, 0x65, 0x5F, 0x76, 0x65, 0x72, 0x73, 0x69, 0x6F,
  0x6E, 0x00, 0x17, 0x00, 0x00, 0x00, 0x4C, 0x50, 0x00, 0x00,
  0x44, 0x50, 0x00, 0x00, 0x24, 0x50, 0x00, 0x00, 0x0C, 0x50,
  0x00, 0x00, 0xE4, 0x4F, 0x00, 0x00, 0x54, 0x4E, 0x00, 0x00,
  0x44, 0x4D, 0x00, 0x00, 0x34, 0x3D, 0x00, 0x00, 0x24, 0x3C,
  0x00, 0x00, 0x14, 0x04, 0x00, 0x00, 0x84, 0x03, 0x00, 0x00,
  0xD4, 0x00, 0x00, 0x00, 0xCC, 0x00, 0x00, 0x00, 0xC4, 0x00,
  0x00, 0x00, 0xBC, 0x00, 0x00, 0x00, 0xB4, 0x00, 0x00, 0x00,
  0xAC, 0x00, 0x00, 0x00, 0xA4, 0x00, 0x00, 0x00, 0x9C, 0x00,
  0x00, 0x00, 0x94, 0x00, 0x00, 0x00, 0x8C, 0x00, 0x00, 0x00,
  0x6C, 0x00, 0x00, 0x00, 0x04, 0x00, 0x00, 0x00, 0x7A, 0xAF,
  0xFF, 0xFF, 0x04, 0x00, 0x00, 0x00, 0x58, 0x00, 0x00, 0x00,
  0x0C, 0x00, 0x00, 0x00, 0x08, 0x00, 0x0E, 0x00, 0x08, 0x00,
  0x04, 0x00, 0x08, 0x00, 0x00, 0x00, 0x10, 0x00, 0x00, 0x00,
  0x28, 0x00, 0x00, 0x00, 0x00, 0x00, 0x06, 0x00, 0x08, 0x00,
  0x04, 0x00, 0x06, 0x00, 0x00, 0x00, 0x04, 0x00, 0x00, 0x00,
  0x01, 0x00, 0x00, 0x00, 0xEB, 0x03, 0x00, 0x00, 0x00, 0x00,
  0x0A, 0x00, 0x10, 0x00, 0x0C, 0x00, 0x08, 0x00, 0x04, 0x00,
  0x0A, 0x00, 0x00, 0x00, 0x02, 0x00, 0x00, 0x00, 0x02, 0x00,
  0x00, 0x00, 0x04, 0x00, 0x00, 0x00, 0x06, 0x00, 0x00, 0x00,
  0x32, 0x2E, 0x31, 0x34, 0x2E, 0x31, 0x00, 0x00, 0xDE, 0xAF,
  0xFF, 0xFF, 0x04, 0x00, 0x00, 0x00, 0x10, 0x00, 0x00, 0x00,
  0x31, 0x2E, 0x31, 0x34, 0x2E, 0x30, 0x00, 0x00, 0x00, 0x00,
  0x00, 0x00, 0x00, 0x00, 0x00, 0x00, 0xD0, 0x9A, 0xFF, 0xFF,
  0xD4, 0x9A, 0xFF, 0xFF, 0xD8, 0x9A, 0xFF, 0xFF, 0xDC, 0x9A,
  0xFF, 0xFF, 0xE0, 0x9A, 0xFF, 0xFF, 0xE4, 0x9A, 0xFF, 0xFF,
  0xE8, 0x9A, 0xFF, 0xFF, 0xEC, 0x9A, 0xFF, 0xFF, 0xF0, 0x9A,
  0xFF, 0xFF, 0x1E, 0xB0, 0xFF, 0xFF, 0x04, 0x00, 0x00, 0x00,
  0xA0, 0x02, 0x00, 0x00, 0x54, 0xAE, 0x00, 0x2A, 0xF4, 0xF2,
  0x02, 0xF9, 0x3E, 0x24, 0x06, 0x54, 0x13, 0xEA, 0x31, 0x92,
  0x7F, 0xD8, 0xD6, 0xE2, 0x39, 0x05, 0x07, 0x23, 0x67, 0xDF,
  0x26, 0x0F, 0xEC, 0x0A, 0x0E, 0x35, 0xFF, 0xE1, 0xA4, 0xAA,
  0x22, 0x7F, 0x04, 0xA7, 0xC9, 0x01, 0xC2, 0xF6, 0xF5, 0xE8,
  0x14, 0xE3, 0x77, 0x07, 0x18, 0x64, 0x07, 0x1F, 0xC0, 0x51,
  0x01, 0xCB, 0xF3, 0x3B, 0xA9, 0x81, 0xF3, 0x2A, 0x8A, 0x45,
  0xD7, 0xDA, 0x0B, 0x08, 0x3C, 0xF6, 0xE0, 0xE9, 0xD2, 0xD6,
  0xF8, 0xFF, 0x2F, 0x3E, 0x41, 0xC0, 0xB1, 0x7F, 0xCB, 0x64,
  0x6B, 0x27, 0x3A, 0x7F, 0xDB, 0x0D, 0x21, 0x3A, 0xED, 0xE1,
  0x4F, 0x29, 0x3C, 0xFE, 0xBB, 0x57, 0x01, 0xC3, 0x2A, 0x10,
  0xCA, 0x2B, 0x38, 0x15, 0xD6, 0xE9, 0xE6, 0xF3, 0xDD, 0xD4,
  0x1E, 0x0A, 0x0F, 0x24, 0x20, 0xA7, 0xF0, 0xBF, 0x7F, 0x15,
  0x3C, 0x54, 0x49, 0x28, 0xE0, 0x0F, 0x2F, 0xD5, 0x36, 0x15,
  0x81, 0xCF, 0xCA, 0xE2, 0xDB, 0xD4, 0x2A, 0xEF, 0xFF, 0x27,
  0x35, 0xF9, 0x2F, 0x3A, 0xD3, 0xEC, 0x0D, 0x3A, 0x13, 0x06,
  0x12, 0x7F, 0xE9, 0xE4, 0x2F, 0x97, 0x45, 0x62, 0xFB, 0x0A,
  0xF4, 0xDF, 0xF8, 0xE4, 0x2E, 0xD0, 0xC8, 0x0D, 0xEA, 0x28,
  0xAA, 0x34, 0x7F, 0xE3, 0x2E, 0xB1, 0x32, 0xE2, 0xED, 0x0E,
  0xF9, 0x3F, 0x21, 0x25, 0x43, 0xCC, 0x4E, 0x3E, 0x15, 0x38,
  0x11, 0x27, 0xFC, 0xDE, 0xF8, 0xE8, 0xE3, 0x89, 0x46, 0x02,
  0x81, 0xDF, 0x5F, 0xA9, 0xF3, 0x2A, 0x01, 0xC0, 0x56, 0xEE,
  0xDA, 0x34, 0x12, 0xAF, 0x7F, 0x46, 0xD6, 0x76, 0x3A, 0xF7,
  0x77, 0xCD, 0xA9, 0x15, 0xCE, 0xE3, 0xD0, 0xC5, 0xB1, 0xD8,
  0x17, 0x2C, 0xBD, 0x50, 0x4E, 0x9E, 0x00, 0x1F, 0xA9, 0x7F,
  0xC3, 0x52, 0x49, 0xE4, 0x64, 0xE6, 0x49, 0x75, 0x58, 0x13,
  0xD8, 0x14, 0xCC, 0xD0, 0x1B, 0xEC, 0xBD, 0x2F, 0x22, 0xB2,
  0x1C, 0x47, 0x0F, 0x12, 0x1C, 0x7F, 0xE7, 0xF8, 0xBF, 0x1F,
  0xFC, 0xE6, 0x07, 0xBE, 0x7F, 0xFC, 0xF5, 0x22, 0xED, 0xFB,
  0x81, 0xCD, 0x77, 0x77, 0x3F, 0xCA, 0x1A, 0x4A, 0xBE, 0x1D,
  0xBC, 0xEF, 0x48, 0xBF, 0xAA, 0xAC, 0x82, 0x24, 0x29, 0xB5,
  0x42, 0xCE, 0xB7, 0xF0, 0x12, 0x66, 0x62, 0x26, 0x7F, 0x41,
  0xFF, 0x20, 0x16, 0x43, 0x19, 0x00, 0x16, 0x2E, 0x19, 0x59,
  0x2F, 0xC2, 0x81, 0x23, 0xE9, 0x1C, 0xF5, 0xAF, 0xEA, 0xD9,
  0xD2, 0xE8, 0xED, 0x14, 0x62, 0x1B, 0xD8, 0x56, 0xF5, 0x90,
  0x81, 0x86, 0xC7, 0x1C, 0xA6, 0x2B, 0x4C, 0xEA, 0xCE, 0x10,
  0xE1, 0xD5, 0x35, 0x7F, 0x22, 0xFD, 0x0F, 0x1C, 0xF9, 0x3D,
  0xD5, 0xF1, 0x10, 0xFD, 0x10, 0xD1, 0xFF, 0xEF, 0xB7, 0x25,
  0xDB, 0x9B, 0x05, 0x4B, 0xEF, 0xF6, 0x2B, 0xF6, 0x11, 0xDF,
  0x09, 0x49, 0xDE, 0xEF, 0xCF, 0xE6, 0x44, 0xF6, 0x35, 0x8D,
  0x94, 0x7F, 0xC7, 0xA4, 0x0A, 0xCB, 0xCD, 0x53, 0xDE, 0xC0,
  0x7F, 0x2D, 0x3E, 0x47, 0x1F, 0xE3, 0xAB, 0x34, 0x31, 0x31,
  0x00, 0x32, 0xE0, 0x04, 0x9D, 0xB8, 0xF4, 0x7F, 0x00, 0x24,
  0x9C, 0x46, 0xFD, 0x48, 0x2D, 0x05, 0x25, 0x40, 0xE1, 0xA9,
  0xC1, 0x07, 0x5D, 0xB4, 0xEA, 0x40, 0xB6, 0xF6, 0xB6, 0x03,
  0x67, 0x10, 0x34, 0x1F, 0xFB, 0xD6, 0xDC, 0xD8, 0x52, 0xA9,
  0x54, 0xD8, 0xCF, 0x1C, 0x7F, 0xF1, 0x3C, 0x61, 0xF7, 0xAA,
  0x35, 0xAA, 0xFD, 0xE9, 0x52, 0xFC, 0x81, 0x19, 0xF1, 0x05,
  0x33, 0x2E, 0x4D, 0x2C, 0x21, 0xBB, 0x18, 0xE6, 0x37, 0x2C,
  0xEB, 0x7F, 0xF7, 0xBC, 0x50, 0xE4, 0x3C, 0xE6, 0xD6, 0xE0,
  0xB2, 0xFB, 0x06, 0xE7, 0x03, 0xDB, 0xD3, 0xC0, 0x53, 0xEB,
  0x7F, 0x06, 0x9D, 0xF4, 0x0D, 0x63, 0x31, 0x58, 0xB8, 0x1C,
  0xE2, 0x17, 0xCB, 0xF8, 0x2D, 0xFE, 0x90, 0x65, 0xB5, 0xC5,
  0xAD, 0xD4, 0xCF, 0xEF, 0xCC, 0xBB, 0xD6, 0x0F, 0xD4, 0x28,
  0xD7, 0x0C, 0xFF, 0x95, 0x4C, 0x0D, 0x81, 0x1E, 0x6C, 0x95,
  0xF4, 0xD3, 0x3B, 0x81, 0xB4, 0xE8, 0x0B, 0x2A, 0x3D, 0x2D,
  0x00, 0x0F, 0xFF, 0x6C, 0xE4, 0x1C, 0x09, 0x08, 0x20, 0xD9,
  0x16, 0xF9, 0x00, 0x3B, 0x3E, 0xBA, 0xC9, 0xF2, 0x31, 0xE8,
  0x74, 0x70, 0x3C, 0x27, 0xAE, 0x78, 0x81, 0xC5, 0x40, 0x20,
  0xD3, 0xD1, 0x0F, 0x56, 0x31, 0x7F, 0x3A, 0xF5, 0x2F, 0x11,
  0xB6, 0x58, 0xF9, 0xCD, 0xC9, 0x34, 0xF0, 0x36, 0x2D, 0x39,
  0x02, 0x3E, 0xEC, 0xBF, 0x10, 0xC6, 0xEE, 0x81, 0xF0, 0xCC,
  0xA4, 0x22, 0x25, 0x1D, 0x4D, 0xCF, 0x20, 0xDA, 0x65, 0x33,
  0x28, 0x3A, 0x1E, 0x00, 0xEA, 0xC1, 0x2B, 0x57, 0x34, 0xE8,
  0x4E, 0x7F, 0x02, 0xF6, 0x17, 0x06, 0xE3, 0x14, 0x38, 0xC4,
  0xFA, 0xF2, 0x01, 0x14, 0xC7, 0x2A, 0x35, 0x00, 0xD4, 0x22,
  0xDF, 0xCC, 0x48, 0xE0, 0x12, 0xDE, 0x23, 0x4F, 0xD5, 0x08,
  0x2D, 0x81, 0x9C, 0xBF, 0x03, 0xE7, 0xCA, 0xB2, 0xFF, 0xFF,
  0x04, 0x00, 0x00, 0x00, 0x80, 0x00, 0x00, 0x00, 0xDA, 0xF9,
  0xFF, 0xFF, 0x1C, 0xFB, 0xFF, 0xFF, 0xF0, 0xF7, 0xFF, 0xFF,
  0x12, 0xF9, 0xFF, 0xFF, 0x1A, 0xFF, 0xFF, 0xFF, 0x8A, 0xFC,
  0xFF, 0xFF, 0xEF, 0xF3, 0xFF, 0xFF, 0xE5, 0xFA, 0xFF, 0xFF,
  0xCC, 0xFB, 0xFF, 0xFF, 0x7E, 0xF7, 0xFF, 0xFF, 0xDC, 0xFB,
  0xFF, 0xFF, 0x88, 0xF5, 0xFF, 0xFF, 0x93, 0xFC, 0xFF, 0xFF,
  0xE6, 0xF6, 0xFF, 0xFF, 0xAE, 0x00, 0x00, 0x00, 0x9A, 0xF4,
  0xFF, 0xFF, 0xB2, 0xF6, 0xFF, 0xFF, 0x53, 0xFF, 0xFF, 0xFF,
  0xB2, 0xFE, 0xFF, 0xFF, 0xE0, 0xFE, 0xFF, 0xFF, 0x01, 0xF0,
  0xFF, 0xFF, 0x1A, 0xFE, 0xFF, 0xFF, 0x0D, 0xFB, 0xFF, 0xFF,
  0x1F, 0xF4, 0xFF, 0xFF, 0xE1, 0xFD, 0xFF, 0xFF, 0x7D, 0xEC,
  0xFF, 0xFF, 0x29, 0xF5, 0xFF, 0xFF, 0xCB, 0xFF, 0xFF, 0xFF,
  0x3E, 0xFC, 0xFF, 0xFF, 0xEB, 0xFD, 0xFF, 0xFF, 0x5D, 0xFB,
  0xFF, 0xFF, 0x93, 0xF6, 0xFF, 0xFF, 0x56, 0xB3, 0xFF, 0xFF,
  0x04, 0x00, 0x00, 0x00, 0x00, 0x38, 0x00, 0x00, 0x59, 0x04,
  0xD6, 0xEF, 0x2F, 0xD6, 0xD7, 0xF7, 0xE5, 0x25, 0xF2, 0xC0,
  0xD5, 0xFB, 0xC7, 0x48, 0xDA, 0x1B, 0x07, 0xB5, 0xEA, 0x24,
  0x4C, 0xEE, 0xFF, 0x13, 0xEB, 0x00, 0xB0, 0x24, 0x12, 0xFB,
  0x37, 0xE8, 0x08, 0x05, 0x19, 0x10, 0xEA, 0x49, 0xEB, 0xFF,
  0x07, 0xD1, 0xD4, 0x24, 0xDD, 0x56, 0x2E, 0x28, 0x39, 0xE6,
  0x16, 0x08, 0x2C, 0xDE, 0xDC, 0xF9, 0xD0, 0x18, 0xFC, 0x01,
  0x22, 0xFD, 0xFA, 0xF6, 0xD4, 0xF6, 0xEA, 0xF6, 0xF6, 0x03,
  0x04, 0x0D, 0x16, 0x5B, 0x39, 0x18, 0x4C, 0x22, 0x0F, 0x49,
  0xD7, 0x14, 0x11, 0x07, 0x0E, 0x18, 0x0F, 0x1C, 0x04, 0xFE,
  0x32, 0x0E, 0x0C, 0x07, 0x5C, 0x08, 0xD4, 0xF6, 0x0C, 0xE4,
  0x0D, 0xC9, 0xF2, 0x16, 0xFB, 0xDF, 0xED, 0xF4, 0x28, 0x22,
  0xFE, 0xE5, 0xCE, 0x12, 0xC2, 0xC9, 0xFA, 0x11, 0xB7, 0xFF,
  0x15, 0x20, 0xB3, 0x16, 0x19, 0x2E, 0xF7, 0xDC, 0xDE, 0xFC,
  0x26, 0xEC, 0xCD, 0xF7, 0xD6, 0xDD, 0x28, 0xE0, 0xCB, 0xEE,
  0x15, 0x24, 0x08, 0xE2, 0x23, 0x19, 0xEE, 0xF7, 0x07, 0x02,
  0x25, 0xFE, 0xDC, 0x18, 0xCF, 0x02, 0x0E, 0x1A, 0xC6, 0xC8,
  0x2D, 0xBB, 0xE2, 0xCF, 0xCD, 0x18, 0xFE, 0x09, 0xE6, 0xBE,
  0xD2, 0xFF, 0xDF, 0x41, 0x00, 0x7F, 0x26, 0xDF, 0x2E, 0x1F,
  0x0A, 0xE3, 0x22, 0xD7, 0xEB, 0xD4, 0xE5, 0x1E, 0xC6, 0xD2,
  0xC9, 0x1A, 0xFF, 0xFD, 0xF8, 0x11, 0x06, 0x37, 0xDF, 0xFC,
  0xE2, 0xF5, 0xE3, 0x0C, 0xD4, 0x0F, 0xED, 0x2F, 0x22, 0xC0,
  0x0A, 0x2B, 0x18, 0x4A, 0x18, 0xE8, 0xCE, 0xE4, 0xF5, 0x27,
  0x0E, 0xDE, 0x05, 0xFA, 0xE9, 0x16, 0xF0, 0xD5, 0x44, 0x18,
  0xE4, 0x21, 0xC5, 0xCE, 0xDE, 0xFC, 0xFB, 0xF2, 0x11, 0x09,
  0xFB, 0x07, 0xC9, 0xD1, 0xDE, 0x0B, 0xDE, 0x21, 0xFA, 0x1D,
  0x3D, 0xF6, 0x22, 0x48, 0x00, 0xF2, 0x34, 0x2D, 0x1A, 0xED,
  0x4E, 0x4B, 0xD8, 0x50, 0xFC, 0xE8, 0xCF, 0xD6, 0xD4, 0x04,
  0x15, 0x44, 0xF0, 0x1B, 0xC3, 0xDB, 0xF7, 0xEE, 0xDF, 0x24,
  0xF1, 0xF9, 0x1D, 0xE5, 0xFD, 0x1E, 0x0F, 0xFA, 0x09, 0x37,
  0x52, 0xF6, 0xEE, 0x07, 0xF2, 0x46, 0x9F, 0x03, 0x11, 0xEF,
  0x17, 0x1B, 0x17, 0x2B, 0x1C, 0x02, 0x12, 0xED, 0x0F, 0x3E,
  0xAC, 0x1A, 0x18, 0x00, 0x3E, 0x1D, 0x1F, 0xF3, 0x09, 0xE1,
  0xF0, 0x18, 0x3C, 0xF7, 0xE9, 0x38, 0x00, 0xDD, 0x9E, 0x01,
  0x01, 0x10, 0x27, 0x07, 0x4D, 0xE7, 0x29, 0xFB, 0xEF, 0x1C,
  0xF1, 0x27, 0xD8, 0xF3, 0x24, 0xEF, 0x4A, 0x2D, 0xF5, 0x11,
  0xFB, 0xC9, 0x08, 0xED, 0x22, 0x09, 0x4A, 0x26, 0xEE, 0xFA,
  0xC7, 0x0D, 0xEA, 0xDC, 0xDB, 0xD2, 0x45, 0xF9, 0x2C, 0x2F,
  0xB0, 0x03, 0x12, 0xE1, 0xEF, 0xE4, 0x06, 0xF1, 0x11, 0xF3,
  0xC9, 0xF7, 0x0D, 0xDD, 0x3D, 0x18, 0x29, 0x1D, 0x24, 0x2D,
  0xF0, 0x07, 0xD5, 0x1B, 0x4A, 0xCE, 0xD4, 0xE8, 0x4F, 0xBC,
  0x3A, 0x2D, 0xD1, 0x02, 0x22, 0xF3, 0xE2, 0x05, 0x0F, 0x00,
  0xCD, 0x0C, 0xE5, 0x2A, 0x0F, 0xE6, 0xD7, 0x02, 0x33, 0xDD,
  0x02, 0xF5, 0xE5, 0xB8, 0xDD, 0xD4, 0x3D, 0x1A, 0x0C, 0x14,
  0x41, 0x81, 0x33, 0x09, 0x1B, 0xF0, 0xFC, 0xEE, 0x07, 0x12,
  0x3B, 0x07, 0x13, 0x44, 0xF6, 0x3C, 0x24, 0x0C, 0xDA, 0x02,
  0x4B, 0xF0, 0xD1, 0xE0, 0xBB, 0x11, 0xCF, 0xE9, 0x2B, 0xAF,
  0x3E, 0x0A, 0xEF, 0x14, 0x2D, 0x0F, 0xAC, 0xF3, 0x1B, 0xE1,
  0xD8, 0x35, 0x0E, 0xE6, 0xE8, 0x24, 0x1A, 0xE4, 0x02, 0xEF,
  0x0A, 0x05, 0x3C, 0xEA, 0x04, 0xED, 0xE2, 0x27, 0xB9, 0xF8,
  0x1B, 0x43, 0xCC, 0xED, 0xD8, 0x1E, 0x14, 0x28, 0xE6, 0x06,
  0x5D, 0x2C, 0x9A, 0x03, 0x21, 0x16, 0xEC, 0x26, 0x17, 0xE1,
  0xF8, 0x04, 0xDF, 0x3A, 0x3D, 0x29, 0x00, 0x14, 0x0D, 0xEA,
  0x9D, 0xF3, 0xB2, 0x0E, 0x87, 0xD5, 0x19, 0xEB, 0x44, 0x2D,
  0x97, 0x23, 0x18, 0xF8, 0x3D, 0xF5, 0xFB, 0x16, 0xB9, 0xFE,
  0xF2, 0x32, 0xEA, 0x15, 0x0F, 0x5B, 0x34, 0x00, 0x03, 0xFD,
  0x35, 0xF1, 0x90, 0x06, 0x39, 0xEE, 0xE0, 0xC0, 0x38, 0xB0,
  0x28, 0x0B, 0xA2, 0x1D, 0x20, 0x1C, 0x00, 0x0B, 0xD3, 0x04,
  0xC5, 0xE9, 0xF1, 0x2A, 0xAD, 0xCC, 0xE6, 0x47, 0xE1, 0x12,
  0x15, 0x5C, 0x7F, 0x3A, 0xA8, 0x0F, 0x32, 0x70, 0xB0, 0xF5,
  0x37, 0xC5, 0x6A, 0x27, 0xCA, 0x1B, 0xBB, 0xFE, 0xE1, 0x31,
  0x56, 0x41, 0x0D, 0x16, 0x19, 0x20, 0x24, 0xE3, 0xF4, 0x35,
  0x1E, 0xF5, 0xD9, 0xF0, 0xF5, 0x6D, 0xCF, 0xF6, 0x29, 0xEF,
  0xE3, 0xC4, 0x5C, 0x03, 0x42, 0x0C, 0x9C, 0xFA, 0xE7, 0x02,
  0xCE, 0x05, 0xEC, 0xFB, 0xED, 0xEC, 0xAB, 0x48, 0xEE, 0x1E,
  0x23, 0x01, 0xED, 0xE1, 0x2E, 0x25, 0x39, 0x38, 0x2E, 0xD1,
  0xE8, 0x01, 0x0A, 0xD6, 0x33, 0xC9, 0x59, 0x10, 0x58, 0xD3,
  0xFD, 0xE5, 0xA8, 0x1A, 0x39, 0x0C, 0x1F, 0xD9, 0xFE, 0xFC,
  0x29, 0x44, 0x03, 0x1B, 0x08, 0x0D, 0x5C, 0xF4, 0xD4, 0xDF,
  0xB4, 0x35, 0xE3, 0x11, 0xFA, 0x2F, 0x15, 0x32, 0xC4, 0x38,
  0x2D, 0xAA, 0xF4, 0x0E, 0xD2, 0x0A, 0x2A, 0xE5, 0xC8, 0x0A,
  0x59, 0xFF, 0x36, 0x30, 0x62, 0x01, 0xEB, 0xC7, 0x43, 0x81,
  0xAC, 0xE6, 0xE5, 0x09, 0x01, 0xEF, 0x01, 0xD5, 0xFB, 0xDC,
  0x2F, 0x40, 0x4C, 0x1C, 0xFC, 0xE8, 0xF6, 0xB5, 0x2D, 0x26,
  0x02, 0x05, 0x30, 0x3E, 0xE4, 0x17, 0x67, 0xC8, 0x0B, 0xE8,
  0x31, 0xD0, 0x11, 0xDC, 0xD3, 0xF5, 0xD5, 0x40, 0xCC, 0x09,
  0xED, 0xD3, 0xE8, 0x01, 0x17, 0x28, 0x22, 0xBB, 0xDF, 0xC9,
  0x15, 0x1B, 0xE8, 0xE7, 0x15, 0x0B, 0xE8, 0x02, 0x03, 0xF1,
  0x13, 0x3E, 0x04, 0xDD, 0x28, 0xDA, 0xFB, 0xF2, 0xA9, 0x0E,
  0xB2, 0x0F, 0x2D, 0xFC, 0xAD, 0x37, 0xF5, 0xFE, 0xFB, 0x1A,
  0xEF, 0xB8, 0xDE, 0x38, 0xC4, 0xB6, 0x3C, 0x06, 0x00, 0x39,
  0xCA, 0xE7, 0x2D, 0xF3, 0xCE, 0x3B, 0x22, 0xC9, 0xEF, 0x0B,
  0x49, 0xFE, 0xD8, 0xBC, 0x20, 0xAF, 0xDC, 0xF4, 0xF7, 0x21,
  0xCD, 0x05, 0x13, 0xD0, 0xD3, 0x24, 0xFF, 0x24, 0x44, 0x78,
  0xC6, 0x52, 0x23, 0xED, 0xAA, 0x03, 0x0B, 0x3C, 0x19, 0x0F,
  0x07, 0x2E, 0xC7, 0x0E, 0xD9, 0x15, 0x1D, 0xDB, 0x42, 0x50,
  0x4C, 0x0D, 0xFF, 0xFA, 0x01, 0xC5, 0x39, 0x03, 0x09, 0x29,
  0x30, 0xEB, 0x15, 0xF5, 0xE3, 0x40, 0xF4, 0xDA, 0xE3, 0x99,
  0xE1, 0x01, 0xEF, 0xDB, 0x16, 0xF5, 0x3B, 0xEF, 0xD6, 0x7B,
  0xE4, 0x3C, 0x29, 0xFA, 0x64, 0x17, 0xB6, 0x47, 0xF7, 0xDB,
  0xF8, 0xE5, 0x5A, 0x11, 0x47, 0x29, 0xA9, 0x16, 0x0C, 0x15,
  0x2F, 0xCA, 0xE8, 0xCE, 0x29, 0x02, 0x4A, 0xD9, 0xE3, 0x5C,
  0x0A, 0x29, 0x2B, 0x12, 0x1D, 0x4C, 0xEE, 0xFB, 0x0B, 0xE5,
  0xFE, 0x27, 0xDE, 0xF8, 0xFF, 0xC9, 0x0D, 0x0F, 0xB8, 0x19,
  0x26, 0xE1, 0x3B, 0xF9, 0xB4, 0x28, 0xC6, 0x0C, 0x06, 0x04,
  0xE7, 0xF6, 0x30, 0xFA, 0xDC, 0x08, 0x03, 0xEC, 0xC1, 0x4F,
  0xE5, 0x0D, 0x10, 0x3B, 0xEA, 0x21, 0x00, 0x06, 0x30, 0xD4,
  0xFD, 0x17, 0x1C, 0x0D, 0x64, 0x00, 0xC5, 0x3E, 0xD4, 0x0E,
  0x1E, 0x4E, 0x00, 0xFD, 0x2A, 0x0E, 0x31, 0xC9, 0x01, 0x9B,
  0xCA, 0xE0, 0xA7, 0x11, 0xF1, 0xF8, 0xDC, 0x2F, 0xFB, 0x25,
  0xF6, 0xF0, 0xF9, 0x20, 0x0C, 0x27, 0x49, 0x29, 0x05, 0x3F,
  0x18, 0x06, 0xC4, 0x28, 0xFB, 0x46, 0x16, 0x1A, 0x33, 0x29,
  0xEC, 0x9B, 0x21, 0x00, 0xD1, 0xED, 0xF1, 0x11, 0xEF, 0xF6,
  0x19, 0x16, 0xDF, 0xD8, 0x10, 0xF0, 0x31, 0x0C, 0x22, 0x4D,
  0x25, 0xEE, 0x08, 0x26, 0x1F, 0xD5, 0xF2, 0x43, 0xB9, 0xF5,
  0x71, 0x16, 0xE4, 0x35, 0x33, 0xD2, 0xCE, 0xBC, 0x04, 0xCB,
  0xCD, 0x1A, 0xED, 0xDD, 0x16, 0x32, 0x0F, 0xE1, 0x1E, 0xF5,
  0x07, 0xD0, 0xCA, 0x1D, 0xFA, 0xFA, 0x3C, 0x8B, 0x09, 0x40,
  0xE7, 0xEA, 0x4B, 0x10, 0xE2, 0x38, 0x2F, 0x0A, 0x44, 0xFA,
  0xEC, 0xBE, 0x2F, 0xEC, 0xFA, 0x94, 0x30, 0xF1, 0xEC, 0x04,
  0x02, 0xED, 0xFF, 0xCE, 0xAA, 0xF3, 0xC1, 0xFD, 0xFF, 0x83,
  0xE2, 0x22, 0x12, 0xEA, 0x3F, 0xEE, 0x0D, 0xEB, 0xF6, 0xF0,
  0x0D, 0x18, 0x81, 0xE1, 0x38, 0xCC, 0xCB, 0x09, 0xF6, 0x24,
  0x10, 0xF0, 0xDF, 0x14, 0x2C, 0x13, 0xF1, 0xD4, 0x22, 0xBC,
  0x47, 0xD2, 0xCF, 0x2E, 0x38, 0x81, 0x3C, 0x40, 0xF5, 0x02,
  0x02, 0xF3, 0x14, 0xC9, 0xDB, 0xD3, 0x2D, 0xC2, 0x25, 0xC4,
  0xFA, 0x43, 0x18, 0xC6, 0xAE, 0xDC, 0x4F, 0x0C, 0xFE, 0xF6,
  0xE1, 0xCC, 0x19, 0xEF, 0xC7, 0x3A, 0x01, 0x83, 0x16, 0x60,
  0x01, 0x08, 0xDF, 0x2A, 0x0E, 0xEF, 0xD6, 0xF8, 0x19, 0xF0,
  0x07, 0x4B, 0xB6, 0x08, 0x02, 0xB2, 0xD2, 0xD6, 0x39, 0x0C,
  0x3A, 0xEE, 0xC2, 0x04, 0xFD, 0x08, 0xD9, 0x39, 0x2C, 0xBB,
  0xFA, 0xF4, 0x04, 0x06, 0x1C, 0xFB, 0x04, 0xE6, 0xF1, 0x1B,
  0x11, 0x2B, 0x07, 0x3C, 0xF8, 0x18, 0xEF, 0x4D, 0xE7, 0x09,
  0x5E, 0x3F, 0x19, 0x05, 0xF4, 0xE5, 0xF8, 0x17, 0x13, 0x78,
  0x1A, 0x0B, 0xA4, 0x16, 0x2F, 0x13, 0xFE, 0x38, 0x1A, 0xF5,
  0x05, 0x18, 0xDD, 0x56, 0xE5, 0x2F, 0x4D, 0x2E, 0xD3, 0x25,
  0xE5, 0xFA, 0xF8, 0x14, 0xB4, 0x0C, 0x3F, 0x32, 0x1D, 0xF2,
  0x34, 0x10, 0x19, 0xEB, 0x9F, 0x09, 0x5D, 0x27, 0xD3, 0x17,
  0xF6, 0xE5, 0xFD, 0x15, 0x31, 0x37, 0xDB, 0x43, 0x0C, 0x19,
  0x0E, 0xD2, 0x17, 0xF8, 0x08, 0xD4, 0xBC, 0xD0, 0x16, 0x32,
  0x05, 0x53, 0x47, 0x28, 0xF5, 0x1B, 0xBA, 0x2F, 0x0B, 0x40,
  0xB6, 0x1D, 0xF2, 0x0D, 0x78, 0xED, 0x1B, 0xEA, 0xD6, 0x2B,
  0x0B, 0x38, 0xE2, 0xEF, 0x0F, 0xFF, 0xDC, 0xF7, 0xCA, 0xDD,
  0xD0, 0x0C, 0xFE, 0x0B, 0x0D, 0x2D, 0xE9, 0x0D, 0xF7, 0x19,
  0x31, 0x37, 0xBC, 0x08, 0x06, 0xE4, 0x2E, 0xDA, 0x05, 0x18,
  0xCA, 0xC4, 0xBF, 0x0A, 0xD9, 0xB8, 0xC2, 0xBE, 0xEA, 0x4C,
  0xFF, 0xF8, 0x04, 0xC3, 0x24, 0xDC, 0xAB, 0x32, 0x14, 0xB0,
  0xF8, 0x26, 0xC7, 0xD9, 0x00, 0x3A, 0x15, 0xF7, 0x27, 0xFD,
  0x02, 0xF6, 0x17, 0x42, 0xDA, 0xF4, 0x20, 0x1D, 0xDD, 0x0E,
  0x59, 0x16, 0x24, 0x10, 0x1B, 0xE4, 0x17, 0xF3, 0xDA, 0x46,
  0xE8, 0xD1, 0x20, 0x06, 0x0E, 0xF5, 0x14, 0xFD, 0x14, 0x08,
  0xFC, 0xCC, 0xF6, 0xEB, 0x54, 0xE2, 0x09, 0xE2, 0xFB, 0x23,
  0xD6, 0x0A, 0x0C, 0x2A, 0xD2, 0xFF, 0xE6, 0x07, 0x14, 0x0C,
  0xC1, 0x78, 0x0B, 0xBE, 0xCC, 0x2D, 0xDC, 0xE5, 0xBD, 0x3E,
  0x0E, 0x1D, 0xEA, 0x58, 0xE7, 0x17, 0xD7, 0x3A, 0xC3, 0x1F,
  0x07, 0xC4, 0xB7, 0xCD, 0x4C, 0x0C, 0x04, 0xEA, 0xF1, 0x12,
  0x39, 0x1F, 0x2F, 0x11, 0xF4, 0xEA, 0xDB, 0x2F, 0xFC, 0x44,
  0xCD, 0x0B, 0x2E, 0xD1, 0x7F, 0x1F, 0x38, 0x1B, 0x27, 0x69,
  0x25, 0x20, 0x0F, 0x5E, 0xFD, 0x34, 0x13, 0xC2, 0xD6, 0x0D,
  0xF5, 0x06, 0x19, 0x3E, 0x14, 0x1B, 0xFC, 0x45, 0xF6, 0x49,
  0x1A, 0x2C, 0x0B, 0x2E, 0x3F, 0x2B, 0xE8, 0xFA, 0x00, 0xFC,
  0xF9, 0x06, 0x53, 0xF9, 0xCE, 0xF7, 0x0F, 0x27, 0xF0, 0xFC,
  0x96, 0xDC, 0x17, 0x12, 0x03, 0xE4, 0x0B, 0x32, 0x00, 0xE4,
  0xCD, 0x04, 0x3D, 0x04, 0xC6, 0x1F, 0xCB, 0xF1, 0x29, 0xED,
  0xF8, 0x09, 0xD5, 0xF2, 0xD9, 0x27, 0x08, 0xDD, 0xE7, 0xE2,
  0x01, 0x1E, 0xD5, 0xCE, 0xC1, 0xFE, 0x46, 0xE4, 0x22, 0x01,
  0x0A, 0x11, 0xDB, 0x21, 0x50, 0x29, 0xC8, 0xC3, 0xFD, 0x0E,
  0x3D, 0xD7, 0x18, 0xD3, 0xDF, 0xC5, 0x4C, 0xFF, 0x3B, 0x3A,
  0x22, 0x13, 0x10, 0xDD, 0xCF, 0x03, 0xAC, 0x1E, 0x5F, 0x10,
  0x17, 0xDC, 0xFD, 0x09, 0x07, 0xC7, 0x4D, 0xF5, 0xFE, 0x0E,
  0x14, 0x31, 0x77, 0x15, 0xE3, 0x3D, 0x0D, 0x36, 0x0E, 0xFE,
  0x0C, 0x14, 0x0E, 0xE2, 0xF9, 0xB9, 0x1B, 0x05, 0xFF, 0xFB,
  0x6B, 0x28, 0x30, 0x02, 0x37, 0xF5, 0x1C, 0xBD, 0x38, 0xDE,
  0x2E, 0x04, 0x1A, 0xFB, 0x7F, 0x34, 0xED, 0x31, 0xB4, 0x14,
  0xDA, 0xDB, 0x1C, 0xF3, 0xCC, 0xD0, 0x0B, 0xCF, 0x22, 0x17,
  0x2F, 0xBE, 0x29, 0xF9, 0x08, 0xDF, 0xFF, 0x04, 0xBB, 0xCC,
  0xF8, 0x03, 0xEB, 0xE7, 0x3A, 0x02, 0x40, 0xF0, 0xDE, 0x17,
  0xDD, 0x01, 0xD9, 0xD0, 0x09, 0xD3, 0x99, 0xBE, 0x12, 0xF3,
  0xF3, 0xEB, 0x39, 0xD0, 0x2F, 0xBC, 0x09, 0xE6, 0xCE, 0x07,
  0xE5, 0xD2, 0xE9, 0xF0, 0xAF, 0xBD, 0x14, 0xE3, 0x05, 0xD5,
  0xF3, 0x1E, 0xD4, 0x04, 0xC9, 0xD7, 0x30, 0x21, 0xD2, 0xE2,
  0x35, 0x08, 0xD8, 0xFE, 0x23, 0xCD, 0xF2, 0xB2, 0x2E, 0x1C,
  0xD8, 0xD5, 0x0F, 0xEA, 0xF6, 0xF6, 0xAA, 0x03, 0xCD, 0xE5,
  0xC4, 0xCF, 0x03, 0x00, 0x05, 0xE1, 0xE2, 0xF5, 0x01, 0x04,
  0x24, 0x0B, 0x1D, 0x27, 0xDB, 0xF7, 0x4C, 0xE6, 0xF4, 0x09,
  0x2F, 0x2A, 0xD1, 0x13, 0x34, 0xF4, 0x06, 0x17, 0xB9, 0x2B,
  0xD4, 0xEC, 0xAE, 0xEE, 0x2E, 0xEF, 0x3D, 0xC7, 0x08, 0x09,
  0xE8, 0x1D, 0x3E, 0x0B, 0x11, 0x5E, 0xE6, 0xED, 0x67, 0x1F,
  0x04, 0x17, 0x37, 0x4D, 0xED, 0x0E, 0x42, 0x26, 0x12, 0xE8,
  0x1A, 0x3E, 0xE9, 0xEA, 0x08, 0x21, 0x5C, 0xFC, 0x35, 0xF3,
  0xD0, 0xBB, 0xC3, 0x23, 0xF2, 0x12, 0xC9, 0xF6, 0x57, 0x28,
  0x10, 0xE8, 0xF6, 0xF2, 0xED, 0x8A, 0x48, 0x34, 0xCC, 0x08,
  0xBF, 0x0B, 0xCB, 0x4B, 0x34, 0x15, 0x22, 0x05, 0x25, 0x47,
  0xBC, 0xF8, 0x3E, 0xE1, 0xF9, 0x34, 0x36, 0x1A, 0x8A, 0xF4,
  0x12, 0x1C, 0xE2, 0xFE, 0x48, 0x55, 0x2C, 0xF7, 0x16, 0x32,
  0x3D, 0xB2, 0x0A, 0x46, 0xF8, 0x20, 0x2A, 0x01, 0x2F, 0xD2,
  0xD3, 0x10, 0xEC, 0xC1, 0x16, 0xA0, 0x07, 0x09, 0x07, 0x17,
  0xEE, 0xDF, 0x24, 0xEF, 0xCD, 0x4A, 0x1C, 0xEE, 0xD5, 0xC1,
  0xC8, 0xF4, 0x66, 0xC7, 0x1C, 0x28, 0xF5, 0xF8, 0xE0, 0xB5,
  0xFB, 0x28, 0x91, 0x56, 0xA9, 0x06, 0x9C, 0xDC, 0xFE, 0x10,
  0x25, 0x05, 0x48, 0xFC, 0x7D, 0x12, 0x29, 0xD2, 0x26, 0x34,
  0xF2, 0xCF, 0x98, 0x29, 0x1B, 0xB2, 0x17, 0x2C, 0x3B, 0xF0,
  0xCE, 0x0E, 0x33, 0x2F, 0x23, 0x16, 0xE3, 0x04, 0xC2, 0xC5,
  0x21, 0x17, 0xF9, 0xF0, 0xF0, 0x02, 0xEE, 0xF4, 0x71, 0xD4,
  0x20, 0xEF, 0xE9, 0xF5, 0xCD, 0xF8, 0xBB, 0xD5, 0xE6, 0xEF,
  0x1A, 0xD0, 0x19, 0x9B, 0x28, 0xE2, 0x47, 0x7F, 0x0F, 0x19,
  0xE8, 0xB3, 0xF0, 0x37, 0xFC, 0xC2, 0xE7, 0xF3, 0x30, 0x55,
  0x4C, 0xC4, 0x1F, 0xCE, 0xE4, 0xB1, 0xD2, 0x4C, 0xDD, 0xBD,
  0xD6, 0x24, 0xA1, 0x47, 0xE9, 0x28, 0xA8, 0xD8, 0xFB, 0x11,
  0xD6, 0x02, 0xE0, 0x00, 0xE9, 0x02, 0xCE, 0xF5, 0xC2, 0x31,
  0xE5, 0x3E, 0x53, 0xF2, 0x1A, 0x02, 0x11, 0xF1, 0xF8, 0x40,
  0x0B, 0x2D, 0xF0, 0xE1, 0xD4, 0x32, 0xF4, 0x07, 0x02, 0x1D,
  0x05, 0x37, 0x42, 0xFD, 0x32, 0xFD, 0xF1, 0x10, 0x04, 0x25,
  0x26, 0x1E, 0xD7, 0x06, 0xC5, 0x29, 0xF5, 0x11, 0x08, 0xDB,
  0x06, 0x1E, 0x09, 0xEC, 0x18, 0x15, 0x0F, 0x3F, 0x16, 0x1F,
  0x52, 0x2A, 0xE0, 0x35, 0xCF, 0x3A, 0x2B, 0xDD, 0x20, 0x09,
  0x02, 0xF0, 0x02, 0xC2, 0x02, 0x2B, 0xAE, 0x0F, 0xFE, 0x0B,
  0x49, 0xEB, 0x11, 0x08, 0xDF, 0xCB, 0x2F, 0x26, 0x29, 0x03,
  0x0D, 0xFD, 0x7F, 0xE2, 0xDC, 0x30, 0xD2, 0x28, 0xFD, 0xF7,
  0x35, 0x18, 0x1F, 0xFC, 0xFF, 0xD2, 0xE1, 0xD4, 0x13, 0x0D,
  0x17, 0x19, 0x23, 0xFA, 0xF3, 0x4D, 0xD9, 0xDC, 0x2E, 0x1F,
  0x21, 0x01, 0x22, 0x00, 0x3E, 0xEE, 0xD3, 0x10, 0xB4, 0x02,
  0xF5, 0xEC, 0xEE, 0xF8, 0xF4, 0xFA, 0xEF, 0xC9, 0xE9, 0xE0,
  0x13, 0xDD, 0x16, 0xD2, 0x32, 0xD4, 0xE5, 0xD4, 0xEA, 0xC3,
  0x1A, 0xFD, 0xD3, 0xDF, 0x01, 0xAF, 0x40, 0xD4, 0xF3, 0x2C,
  0xDC, 0xCB, 0xC7, 0xE4, 0x16, 0x15, 0xCD, 0xD1, 0x05, 0x0B,
  0xE6, 0xF9, 0x11, 0xC2, 0x3F, 0xF5, 0x34, 0x23, 0xD8, 0xF2,
  0x2C, 0xE5, 0x21, 0xFC, 0x06, 0xE8, 0xE6, 0x24, 0x1A, 0xC8,
  0x06, 0x1C, 0x01, 0xC1, 0xD4, 0xC2, 0xF5, 0xD7, 0xE9, 0xC5,
  0x3D, 0x19, 0xD5, 0xF4, 0x3E, 0xDE, 0xE4, 0xE4, 0x11, 0x0F,
  0xC7, 0xA6, 0x54, 0xF1, 0xFB, 0xE4, 0xF5, 0x09, 0x0C, 0xC4,
  0xC4, 0xF2, 0x18, 0x32, 0x39, 0xD8, 0xD4, 0xCC, 0xFE, 0x12,
  0xF9, 0xF5, 0x48, 0x11, 0x18, 0x07, 0x3E, 0xD5, 0xF9, 0x0B,
  0x02, 0x26, 0xEE, 0xB4, 0x31, 0x2C, 0xD7, 0xFF, 0xF4, 0xF2,
  0x40, 0xEC, 0xE8, 0x06, 0x2E, 0x35, 0x36, 0x33, 0xD9, 0x14,
  0xF9, 0xCB, 0x11, 0xF7, 0x35, 0xEC, 0x04, 0xCE, 0xD7, 0x4B,
  0x39, 0xFE, 0x0D, 0x1E, 0xAA, 0x24, 0x21, 0x16, 0xC9, 0xB0,
  0xEB, 0xF8, 0x0D, 0xF4, 0xFD, 0xF1, 0x30, 0xEF, 0x2C, 0xF7,
  0x0E, 0x0B, 0xF9, 0xB3, 0x3E, 0xE1, 0x12, 0xAD, 0x50, 0x05,
  0xE4, 0xF3, 0x14, 0x38, 0x18, 0xE8, 0x81, 0x14, 0xEF, 0x1F,
  0xE8, 0x99, 0x22, 0x15, 0x09, 0xC6, 0x17, 0xF8, 0xF0, 0xFD,
  0x2F, 0xE7, 0x0E, 0xEC, 0x4A, 0xEB, 0x0E, 0xD7, 0xFE, 0xD3,
  0x3E, 0xDF, 0xFB, 0xED, 0xEA, 0x18, 0x2E, 0x0F, 0xA8, 0xAE,
  0x39, 0x30, 0xFE, 0xC9, 0xCB, 0xC3, 0xF1, 0xEB, 0xD7, 0xFB,
  0xDE, 0xFD, 0x1F, 0x15, 0x06, 0xE4, 0x46, 0xCD, 0xF0, 0xE3,
  0x09, 0x15, 0x41, 0xC6, 0xFC, 0x0C, 0xF5, 0x0D, 0xE0, 0xF4,
  0xA3, 0xC2, 0x23, 0x20, 0xE4, 0x9A, 0xCA, 0xEA, 0xF5, 0xD7,
  0xDB, 0xEF, 0xEA, 0xF1, 0x3F, 0x24, 0xF1, 0x06, 0x36, 0xEA,
  0xF5, 0xE2, 0x07, 0xA6, 0x36, 0xCE, 0xF8, 0xF5, 0xEB, 0x34,
  0xD1, 0xFF, 0xE1, 0xC4, 0xD5, 0xDF, 0x28, 0x96, 0x23, 0xC2,
  0xD8, 0xC0, 0x06, 0x0D, 0xF2, 0x24, 0x4C, 0x16, 0x01, 0xED,
  0xF9, 0xC5, 0x0D, 0xE6, 0xDA, 0xC3, 0x4C, 0x13, 0xED, 0xBD,
  0xD6, 0xF7, 0xD2, 0x0B, 0xBE, 0xE4, 0x2E, 0x15, 0xFE, 0xB9,
  0x1C, 0xDC, 0x03, 0x12, 0xF6, 0x27, 0xEB, 0x0C, 0x4D, 0xEF,
  0x17, 0xD9, 0x15, 0xD7, 0xF3, 0x0F, 0x05, 0xD6, 0x3C, 0xAA,
  0x13, 0xE3, 0x4A, 0x0C, 0x09, 0x17, 0xC6, 0xE5, 0x09, 0x38,
  0xD2, 0xF8, 0x11, 0xC8, 0x29, 0x1A, 0xB7, 0xE7, 0xF7, 0x06,
  0x56, 0x10, 0xBE, 0x4A, 0xFA, 0x07, 0xF0, 0x18, 0xEE, 0x2C,
  0x2B, 0x47, 0x2A, 0x05, 0xEF, 0xDE, 0x11, 0xBB, 0x34, 0xD4,
  0x25, 0x3B, 0x65, 0x12, 0xEC, 0xF7, 0xCF, 0xD9, 0xF8, 0x01,
  0xDA, 0x12, 0x0D, 0x03, 0xA6, 0x2A, 0xC3, 0x14, 0xDF, 0xF8,
  0x32, 0x46, 0x1D, 0x08, 0x0F, 0xF4, 0x01, 0xF5, 0xFA, 0xD1,
  0x38, 0xE2, 0xE9, 0x71, 0x52, 0xF4, 0xE8, 0xAD, 0xD4, 0x06,
  0x2B, 0x19, 0x0D, 0x29, 0x2F, 0xB8, 0xC3, 0x22, 0xDE, 0x3D,
  0xF7, 0xD4, 0x37, 0xE2, 0xDC, 0x31, 0xCF, 0xF4, 0x1E, 0xED,
  0x18, 0xAA, 0x06, 0x0B, 0xEE, 0x7F, 0x36, 0xF9, 0x04, 0xDC,
  0xEA, 0x23, 0x1A, 0x13, 0x10, 0x06, 0x36, 0xD0, 0xC1, 0x15,
  0x34, 0xEC, 0x1E, 0xCC, 0xD8, 0xC0, 0xFB, 0x0E, 0xD8, 0x02,
  0x00, 0x08, 0x18, 0xD1, 0x11, 0x3C, 0x22, 0x48, 0xFF, 0xF8,
  0x02, 0xE5, 0xEB, 0xDE, 0x26, 0x14, 0xE2, 0xE2, 0xD7, 0xC8,
  0xE2, 0x38, 0x18, 0x18, 0x18, 0x00, 0xB6, 0x16, 0x16, 0xF6,
  0xCD, 0xFE, 0xB4, 0x16, 0xF3, 0xC4, 0x14, 0x10, 0x10, 0x3F,
  0xD8, 0x27, 0x2A, 0xDD, 0xD6, 0xE5, 0xFD, 0x04, 0xC4, 0xE7,
  0xFC, 0x31, 0x3A, 0x07, 0x0A, 0x2A, 0x50, 0x1D, 0xD0, 0x36,
  0xFF, 0xCD, 0xCB, 0xCF, 0xB8, 0x1A, 0xE6, 0x12, 0x35, 0xB9,
  0xEA, 0xDE, 0xB4, 0x0A, 0x16, 0xEE, 0x2F, 0xF0, 0xF0, 0x14,
  0xB9, 0xD0, 0x06, 0x11, 0xDA, 0x2A, 0x43, 0x29, 0x2D, 0x3D,
  0x0E, 0xE1, 0xE6, 0xF7, 0xE0, 0xCC, 0x2A, 0xFF, 0x19, 0xF6,
  0x12, 0xC6, 0xEC, 0xF0, 0xC5, 0xF7, 0x0A, 0xE2, 0x1D, 0xF7,
  0x0F, 0x37, 0xEF, 0xFF, 0x19, 0x29, 0xDE, 0xFC, 0x04, 0x2A,
  0x12, 0x03, 0xFC, 0x18, 0x04, 0x1B, 0xAD, 0xFA, 0xD4, 0xFC,
  0xF6, 0x22, 0x3D, 0xBC, 0x2D, 0xF5, 0x0A, 0xF4, 0xE6, 0x3D,
  0x9D, 0x43, 0x02, 0x3D, 0x3D, 0x18, 0xED, 0x0D, 0xFB, 0xD1,
  0xF0, 0x26, 0x11, 0xF2, 0x1B, 0x5A, 0x2A, 0x48, 0xAF, 0xF4,
  0xEB, 0x39, 0xFE, 0x00, 0xF8, 0xDA, 0x05, 0x38, 0x0A, 0xFB,
  0xCC, 0x1E, 0xC3, 0x11, 0xE2, 0xFA, 0x3B, 0xEA, 0x4F, 0x32,
  0xCF, 0xD6, 0xED, 0x3F, 0x17, 0x14, 0x08, 0x4D, 0xE4, 0xEC,
  0xC9, 0xE8, 0x03, 0x28, 0xF9, 0xF5, 0x50, 0x04, 0x17, 0x29,
  0x0B, 0x0B, 0xBD, 0xDD, 0xBE, 0x3E, 0xD5, 0x03, 0x27, 0x03,
  0x28, 0x25, 0xD3, 0xEB, 0x1A, 0x06, 0x2A, 0xE4, 0xDA, 0x32,
  0x06, 0x12, 0xB3, 0x0E, 0xEC, 0xF1, 0x08, 0x12, 0x4C, 0x36,
  0xE5, 0x05, 0x0A, 0x11, 0xB6, 0x28, 0xC6, 0x10, 0xD5, 0x22,
  0x5F, 0xED, 0x05, 0x08, 0xE5, 0xE5, 0xF2, 0x0D, 0x66, 0xE0,
  0xCA, 0x55, 0x04, 0xEF, 0xE5, 0x19, 0xDC, 0x1E, 0xD0, 0x2A,
  0x31, 0xF6, 0xC9, 0xCD, 0xAB, 0x01, 0xAD, 0x27, 0xC7, 0x32,
  0x06, 0x41, 0x03, 0x30, 0x04, 0x22, 0x27, 0xDD, 0xEF, 0x40,
  0x11, 0x25, 0x16, 0x7F, 0xC1, 0xAC, 0x98, 0xF7, 0xEA, 0xE7,
  0xA4, 0xE1, 0x26, 0xF4, 0xF3, 0xD3, 0xE8, 0xF5, 0xCB, 0xF8,
  0xF1, 0x27, 0xF4, 0x3B, 0x1D, 0xEE, 0x06, 0x1E, 0xE7, 0x13,
  0x28, 0xF9, 0x70, 0x34, 0x24, 0x5F, 0xAB, 0xB9, 0x9B, 0x24,
  0x3A, 0xE8, 0xD6, 0x27, 0x0C, 0xEA, 0x20, 0xEE, 0x0C, 0xC8,
  0x07, 0x0E, 0x0F, 0x3F, 0x19, 0x2A, 0xDE, 0xCE, 0x2C, 0x34,
  0x1E, 0xF0, 0xDA, 0xE2, 0x06, 0x2A, 0x48, 0x32, 0x12, 0x35,
  0xD6, 0x0B, 0xF9, 0x20, 0xF7, 0xBB, 0xDB, 0x09, 0x1D, 0xCF,
  0xCB, 0xE2, 0x03, 0xEE, 0xE3, 0xD6, 0x0F, 0x0A, 0x14, 0x2E,
  0x08, 0xF9, 0xD9, 0x01, 0xB6, 0x29, 0x16, 0xF1, 0x32, 0x13,
  0x4A, 0x4E, 0x3A, 0xF3, 0xAC, 0x1A, 0x0D, 0xCF, 0xB4, 0xFA,
  0x2D, 0x23, 0xF4, 0xFD, 0x0D, 0xCE, 0xC1, 0xAE, 0xDF, 0xED,
  0x25, 0x1F, 0xCE, 0xF5, 0xCA, 0xF5, 0xF2, 0x1B, 0x15, 0xDF,
  0x21, 0xF4, 0x4D, 0x28, 0x21, 0xFA, 0xEE, 0xF3, 0x08, 0x03,
  0xDA, 0x05, 0x12, 0xE4, 0xC0, 0xE6, 0x0F, 0xE0, 0xF1, 0xF8,
  0xE8, 0xDD, 0x29, 0xFE, 0x01, 0xE6, 0xEC, 0xDF, 0xBB, 0xDE,
  0x30, 0xB8, 0xC3, 0xD3, 0xD1, 0xEE, 0x16, 0x0B, 0xDA, 0x2A,
  0xD1, 0xC1, 0xFD, 0x0B, 0x11, 0xB8, 0xCD, 0xF7, 0xC1, 0x05,
  0xE3, 0x15, 0xD4, 0x05, 0x73, 0xFF, 0x06, 0xFA, 0x03, 0xE2,
  0xB1, 0xFE, 0x16, 0xEA, 0xE7, 0xCF, 0xCB, 0x34, 0x28, 0x28,
  0xD2, 0x13, 0x20, 0xED, 0xF1, 0x0D, 0x21, 0xF8, 0xCF, 0xD9,
  0xE5, 0x35, 0xE3, 0xDF, 0xE4, 0xF9, 0x3C, 0x27, 0xD5, 0x1C,
  0x18, 0xEE, 0xD9, 0xF5, 0x1C, 0x3E, 0xF0, 0xDF, 0xF3, 0x21,
  0x19, 0xD9, 0x1D, 0x10, 0x02, 0x01, 0xC2, 0x15, 0x2D, 0xF3,
  0xDA, 0xED, 0xA7, 0x06, 0xF6, 0xCE, 0xEA, 0xF1, 0x2F, 0x2E,
  0xDE, 0x03, 0xE2, 0xF0, 0xE8, 0x05, 0x37, 0x3D, 0x65, 0xFF,
  0x34, 0xEF, 0xDD, 0x0F, 0x19, 0x4A, 0xF6, 0xB5, 0xCA, 0x0A,
  0x7F, 0x41, 0xDF, 0xE3, 0xF9, 0xA8, 0xF3, 0xFD, 0x05, 0xEF,
  0x28, 0xFB, 0xE9, 0x2C, 0x2C, 0xE2, 0xF2, 0x9B, 0xEA, 0x03,
  0x3E, 0x90, 0xF0, 0xFF, 0x01, 0xF7, 0x39, 0xF5, 0x56, 0x6E,
  0xCB, 0xFE, 0xF8, 0x3B, 0xF7, 0xA8, 0x49, 0xDB, 0xC3, 0x06,
  0xC4, 0xD2, 0x65, 0x3C, 0x5C, 0x3B, 0x50, 0xF2, 0xE4, 0x09,
  0x29, 0xFA, 0x12, 0xCF, 0xF6, 0xCE, 0x19, 0xE5, 0xFE, 0xB4,
  0x0E, 0x61, 0xB6, 0x13, 0x3F, 0xF0, 0xE2, 0xA0, 0x07, 0xF3,
  0xD9, 0x23, 0xC8, 0xED, 0xD9, 0x46, 0x29, 0x0D, 0xFC, 0x06,
  0xA9, 0x98, 0x05, 0x0F, 0x10, 0xF5, 0x30, 0x19, 0x22, 0x2A,
  0xF8, 0xAF, 0xE8, 0x06, 0xDE, 0xC4, 0x39, 0xEB, 0x06, 0x02,
  0xE6, 0x11, 0x18, 0x1B, 0xFA, 0xD2, 0xFF, 0x06, 0xDF, 0xE5,
  0x28, 0x15, 0x2F, 0xF1, 0x10, 0x07, 0xE2, 0x0E, 0x0D, 0x2D,
  0x10, 0x38, 0x32, 0xF7, 0xD9, 0x28, 0x1A, 0xD9, 0x43, 0x11,
  0x3E, 0x24, 0x13, 0xE5, 0x14, 0xDF, 0xAA, 0xF4, 0x09, 0x2A,
  0xEF, 0x0A, 0x48, 0x18, 0x21, 0xA3, 0xE5, 0x1A, 0xD1, 0x00,
  0x6E, 0xE4, 0xF6, 0x14, 0x02, 0xFE, 0x02, 0x18, 0x17, 0xF8,
  0xD7, 0xCE, 0x24, 0x01, 0x66, 0x0A, 0xEA, 0x1B, 0xA5, 0x1A,
  0x0F, 0xE6, 0xFD, 0xEF, 0x16, 0xD7, 0xFE, 0x95, 0xCE, 0x0B,
  0x0F, 0x1C, 0x30, 0x07, 0xFF, 0xA7, 0xA9, 0xF4, 0x29, 0x22,
  0x09, 0x0A, 0x81, 0x25, 0xFB, 0xBF, 0x3A, 0x26, 0xC8, 0xE4,
  0xBD, 0xF3, 0xDC, 0xEF, 0x6F, 0xC7, 0xF8, 0xB7, 0xDB, 0x34,
  0x29, 0xCD, 0xD8, 0xD4, 0xE7, 0xE3, 0x35, 0xB3, 0x22, 0xDA,
  0x38, 0x4A, 0xDE, 0xF0, 0xD5, 0xEC, 0xB5, 0x90, 0x0E, 0xD3,
  0x27, 0x23, 0x0A, 0x27, 0x0B, 0x2B, 0x6C, 0x1F, 0xE1, 0x08,
  0xCA, 0xDA, 0x34, 0xFC, 0x01, 0xF5, 0xD5, 0x0E, 0x08, 0xC6,
  0x1B, 0x33, 0x3A, 0xE2, 0xF2, 0xA5, 0x13, 0x2A, 0x41, 0x06,
  0xF3, 0x00, 0xD3, 0xFF, 0xF3, 0x10, 0x01, 0xE7, 0x2D, 0xD0,
  0x14, 0xF8, 0x1F, 0xF4, 0x09, 0xEA, 0x3A, 0x10, 0xE8, 0x23,
  0x0A, 0x11, 0xD6, 0x2B, 0xED, 0xC2, 0x04, 0xB9, 0x31, 0x21,
  0x02, 0xCA, 0xEE, 0x1D, 0xB4, 0xE6, 0x44, 0x27, 0x49, 0x1A,
  0x17, 0xE8, 0x1D, 0x1A, 0x3C, 0xFB, 0x44, 0x10, 0x19, 0x17,
  0xFD, 0x22, 0xC4, 0x11, 0x0A, 0xF7, 0xC7, 0xE3, 0x18, 0xDF,
  0x26, 0xFD, 0xF5, 0xC1, 0x1D, 0x01, 0xD5, 0x09, 0x02, 0x02,
  0xE5, 0xE8, 0xF1, 0xFE, 0x38, 0x15, 0x0E, 0x40, 0x1C, 0xF7,
  0x43, 0x03, 0x1C, 0xD6, 0xD7, 0xE9, 0xE7, 0x2E, 0xC7, 0x13,
  0xD9, 0x96, 0x22, 0xE8, 0xFE, 0x04, 0x18, 0x01, 0xF0, 0x13,
  0x4E, 0x0B, 0x1E, 0x12, 0x13, 0x31, 0x08, 0xE8, 0xE6, 0x36,
  0x01, 0xD6, 0x2D, 0xE0, 0x1C, 0xFE, 0xD2, 0xCD, 0x1D, 0x73,
  0xB5, 0xC9, 0xF2, 0x91, 0x02, 0x14, 0xEC, 0x09, 0xF4, 0x0E,
  0xFA, 0xB9, 0x49, 0x22, 0x0B, 0xC8, 0xCF, 0x01, 0xDA, 0xF0,
  0x33, 0x11, 0xD4, 0xEA, 0x58, 0xE2, 0x19, 0x2F, 0x13, 0x0A,
  0x20, 0x28, 0xC8, 0x81, 0x0C, 0xB7, 0x2A, 0xCA, 0xC3, 0x44,
  0xB0, 0xD6, 0x00, 0x13, 0x27, 0x29, 0xF4, 0x9C, 0xD4, 0xFE,
  0xFE, 0x3A, 0x19, 0xF5, 0xC9, 0x01, 0x5B, 0xD8, 0x08, 0x0F,
  0x13, 0xE9, 0x37, 0x11, 0xEF, 0xB5, 0x49, 0xB3, 0x74, 0xF0,
  0x3D, 0x08, 0xD2, 0x10, 0xDC, 0x2E, 0x06, 0x02, 0xCB, 0xDE,
  0x04, 0x2E, 0xF2, 0x1C, 0xCD, 0x16, 0xC2, 0xCF, 0x1D, 0x24,
  0x2A, 0x4E, 0x1E, 0xE9, 0xB2, 0x3E, 0x06, 0xE4, 0xD5, 0xD8,
  0x35, 0x25, 0x11, 0xA5, 0xB7, 0xF9, 0xD8, 0xC3, 0x20, 0x2D,
  0x2B, 0x05, 0xF6, 0xEE, 0xFF, 0xFB, 0xE7, 0x38, 0xFC, 0xF2,
  0x15, 0x0D, 0xEE, 0x33, 0x2C, 0x54, 0x01, 0x1B, 0xDF, 0xDD,
  0x00, 0x0C, 0x21, 0x1C, 0x3B, 0xC3, 0xE4, 0x01, 0xEF, 0x21,
  0xDA, 0x38, 0xE0, 0xC0, 0x09, 0xE1, 0x29, 0x56, 0x4B, 0xDE,
  0x1F, 0xF3, 0xFC, 0xDB, 0xED, 0x0B, 0x0D, 0xEF, 0x21, 0x2F,
  0x46, 0xC2, 0x05, 0x03, 0x33, 0xFB, 0x20, 0xE0, 0x08, 0xA5,
  0xAD, 0xE2, 0x18, 0x45, 0x15, 0xCF, 0x0D, 0xF1, 0xED, 0x25,
  0xFE, 0x2A, 0xFF, 0xD8, 0xDA, 0xA9, 0x19, 0x26, 0x23, 0xE0,
  0x05, 0x27, 0x23, 0xA9, 0xD7, 0xC6, 0x48, 0x2A, 0x19, 0xE8,
  0x1E, 0xAB, 0xBF, 0xB0, 0x1C, 0x4C, 0xED, 0xEF, 0xFE, 0xDD,
  0x05, 0xFA, 0x0E, 0x08, 0x07, 0x15, 0x1D, 0xEE, 0x2F, 0xE1,
  0x46, 0xE6, 0x0D, 0x4B, 0xE8, 0xEA, 0xE7, 0xDB, 0x21, 0xE6,
  0xFA, 0x21, 0xFB, 0x01, 0xEB, 0x31, 0x20, 0x3D, 0xC4, 0x9E,
  0xE7, 0xD7, 0xF3, 0x1F, 0x30, 0x28, 0xFA, 0x2A, 0xFA, 0xCE,
  0x0D, 0xE6, 0x14, 0xFD, 0x35, 0xEF, 0xF9, 0x81, 0xD9, 0x93,
  0x2F, 0x04, 0x1F, 0x29, 0x1A, 0xBD, 0xC6, 0xCD, 0x4F, 0xFE,
  0xFC, 0xEC, 0x15, 0x23, 0xC2, 0x27, 0x0C, 0x2C, 0xCE, 0x9B,
  0x2A, 0xBE, 0x29, 0x30, 0xE4, 0xB3, 0xC3, 0x2C, 0xD6, 0xC1,
  0xF4, 0xD3, 0x4A, 0xDA, 0x49, 0xE2, 0xEF, 0x37, 0xBE, 0xFB,
  0x29, 0x22, 0x22, 0x30, 0xF1, 0x0E, 0x3E, 0x01, 0x0A, 0xD3,
  0xEC, 0xD4, 0xF5, 0xF6, 0x43, 0x54, 0x21, 0x14, 0xEB, 0x0C,
  0xF7, 0xA2, 0x05, 0xF6, 0x6F, 0xCC, 0xDB, 0x02, 0xB0, 0x21,
  0xC7, 0x19, 0xF2, 0x2B, 0x4B, 0xE1, 0xBC, 0x20, 0xC8, 0xFB,
  0x01, 0xE3, 0x2B, 0x0F, 0x0F, 0xF2, 0x37, 0x7F, 0x28, 0xEB,
  0x27, 0x34, 0xE0, 0xCB, 0x03, 0xB5, 0x1F, 0xCF, 0xF1, 0xF2,
  0xCB, 0x03, 0x0C, 0xCD, 0xFE, 0x11, 0x2F, 0xDE, 0xED, 0x09,
  0xE3, 0xE4, 0x5B, 0x05, 0xE7, 0xFE, 0x53, 0x1D, 0x16, 0x17,
  0x09, 0x3C, 0xF9, 0x13, 0xD9, 0xEA, 0xCF, 0x14, 0x53, 0xBB,
  0x18, 0xFC, 0x04, 0xCC, 0xCF, 0xFF, 0xF0, 0x0B, 0x25, 0xD5,
  0xE8, 0x18, 0x23, 0xF3, 0xE7, 0xF7, 0x46, 0xF0, 0x36, 0xCD,
  0x35, 0x34, 0x19, 0xE8, 0xDC, 0x1C, 0x1E, 0xAA, 0xC4, 0x22,
  0x32, 0xAF, 0x05, 0xD7, 0xC5, 0x1A, 0xAD, 0x1A, 0x0A, 0x1C,
  0x22, 0xCB, 0x13, 0xE1, 0xC7, 0x30, 0xF0, 0x0E, 0x5A, 0xCA,
  0x2D, 0xED, 0x27, 0x06, 0x61, 0x9E, 0xF7, 0x1F, 0xF3, 0xB7,
  0xF9, 0xFD, 0x28, 0x1F, 0xEC, 0xE3, 0xC1, 0xE6, 0xE9, 0xD2,
  0x0E, 0x0B, 0x11, 0xE7, 0xDE, 0x21, 0x20, 0xD0, 0x09, 0x1E,
  0xFA, 0xEF, 0xBB, 0xD4, 0x15, 0x3F, 0x32, 0xBB, 0xFC, 0x03,
  0x1F, 0xD7, 0x2C, 0x2C, 0x05, 0xC2, 0xEB, 0xD5, 0xD1, 0xC0,
  0xEC, 0x18, 0xCA, 0x19, 0x16, 0xAC, 0xFD, 0xF9, 0x2B, 0x20,
  0x45, 0xEB, 0x1D, 0x2D, 0xEA, 0x09, 0xB2, 0x2C, 0x64, 0x04,
  0xF1, 0x0F, 0x14, 0xDE, 0x15, 0xF3, 0x2E, 0x9D, 0xF8, 0x1A,
  0xA9, 0x33, 0xB4, 0x3B, 0x20, 0x1A, 0x11, 0xAC, 0xF2, 0x2D,
  0xE6, 0x13, 0xD3, 0xB3, 0xD9, 0xF9, 0x3E, 0x23, 0xCF, 0xDE,
  0x21, 0xFE, 0x14, 0xEE, 0xB2, 0x39, 0x14, 0x81, 0xF5, 0x0F,
  0xFB, 0xFB, 0x3B, 0x1C, 0x10, 0xE2, 0xA5, 0x08, 0x0B, 0x23,
  0xD2, 0x52, 0xCC, 0xEF, 0x0B, 0xEB, 0xC4, 0xED, 0x04, 0x39,
  0xEB, 0xE8, 0xDD, 0xBF, 0x2E, 0xF0, 0xBB, 0x39, 0x2D, 0xAA,
  0x03, 0x3E, 0xEE, 0xE2, 0xFF, 0x1D, 0x50, 0x1A, 0xF7, 0x0F,
  0xFC, 0xE9, 0x36, 0x33, 0xC5, 0xF0, 0xCF, 0x20, 0xDF, 0xF4,
  0x3A, 0x15, 0x04, 0x12, 0x17, 0xB1, 0x14, 0xFB, 0x04, 0x3A,
  0x49, 0xAE, 0xED, 0x0C, 0xEB, 0xF7, 0xE2, 0x0F, 0x0B, 0xFB,
  0xFF, 0x13, 0x27, 0x3C, 0x10, 0x20, 0xF2, 0x44, 0x1B, 0x1B,
  0xE7, 0x12, 0x24, 0xF8, 0xE1, 0xED, 0xE3, 0x24, 0x19, 0xF3,
  0x07, 0x56, 0x08, 0xFD, 0xD3, 0x17, 0x36, 0x3D, 0xC1, 0x3A,
  0x18, 0x12, 0x0B, 0x22, 0x0E, 0x05, 0x15, 0x20, 0x0C, 0x09,
  0x0A, 0x19, 0xFA, 0xF7, 0x0E, 0xF4, 0xFA, 0xDC, 0x04, 0x25,
  0x06, 0x28, 0x14, 0x46, 0xBA, 0xFF, 0x16, 0x36, 0x7C, 0x63,
  0xE9, 0xF8, 0x0D, 0xE7, 0x34, 0xF5, 0x08, 0xEE, 0xF9, 0x0B,
  0xFB, 0x2B, 0xE1, 0x03, 0xFB, 0x28, 0xD7, 0x08, 0xCE, 0xF7,
  0x12, 0x24, 0xE7, 0x3C, 0x28, 0x79, 0xC6, 0x1A, 0xE1, 0xFA,
  0x6A, 0x0C, 0x13, 0x55, 0x00, 0x18, 0xCE, 0x2C, 0x25, 0x0A,
  0xBF, 0xE0, 0x31, 0x02, 0xD3, 0xFC, 0xBE, 0xD0, 0x27, 0x1C,
  0xB6, 0xCF, 0xFB, 0xC9, 0xBA, 0xDB, 0x19, 0x3E, 0x09, 0xE3,
  0xC9, 0x08, 0x55, 0x5D, 0xCD, 0xE3, 0x00, 0xE4, 0x31, 0x17,
  0xD9, 0xC9, 0xDC, 0xC1, 0x1B, 0x46, 0xB7, 0xC3, 0x27, 0xEA,
  0xE4, 0xED, 0x25, 0xFB, 0xD6, 0x11, 0x12, 0xCD, 0xD7, 0xCA,
  0xD2, 0x2D, 0x23, 0xD9, 0x10, 0xE8, 0xED, 0xFE, 0x03, 0x10,
  0xFF, 0xF3, 0x08, 0x13, 0x09, 0xCB, 0x2A, 0x24, 0x01, 0xC3,
  0x14, 0x0E, 0xF7, 0xD5, 0x21, 0x03, 0x05, 0xC3, 0xB4, 0x29,
  0xE3, 0xC6, 0x09, 0xCE, 0x36, 0xF0, 0x46, 0x09, 0x33, 0xEE,
  0x06, 0x08, 0xD4, 0x13, 0xDE, 0x04, 0xCD, 0xDE, 0x4A, 0x2C,
  0x18, 0x81, 0x2A, 0xFE, 0xE8, 0xE0, 0x10, 0xF0, 0x45, 0xF6,
  0xEF, 0x03, 0x04, 0xF3, 0xF3, 0x24, 0x28, 0x1A, 0x11, 0xE5,
  0x52, 0x15, 0xD2, 0x12, 0xDC, 0xF0, 0x1C, 0xEB, 0xF1, 0xFE,
  0x0C, 0x16, 0xF7, 0xC1, 0xF7, 0x06, 0xFB, 0xBE, 0xFC, 0xDC,
  0x1E, 0xCB, 0x07, 0xDC, 0x23, 0xF4, 0x01, 0x11, 0x00, 0xEB,
  0xF1, 0xA6, 0x4A, 0xF2, 0xDB, 0x2A, 0xDE, 0x32, 0x17, 0xFC,
  0x3A, 0x27, 0x40, 0xF3, 0xCE, 0xC2, 0x1A, 0x17, 0xE9, 0xE8,
  0xF7, 0xDD, 0x1C, 0xB5, 0x0E, 0xD3, 0x2F, 0x08, 0xFB, 0x04,
  0x22, 0xEF, 0xD0, 0xD6, 0xFF, 0xED, 0xFD, 0xF6, 0xF9, 0x0E,
  0x19, 0x3B, 0x09, 0x0E, 0x0E, 0xFD, 0xF0, 0xAF, 0x31, 0x0D,
  0x35, 0x08, 0xEE, 0x2A, 0xED, 0x01, 0x48, 0xD3, 0xEA, 0x06,
  0xDB, 0xF1, 0x6A, 0x0D, 0xFA, 0xE1, 0x89, 0x1F, 0xE8, 0xD8,
  0xBC, 0xC6, 0xF3, 0x36, 0xD2, 0x0C, 0x20, 0x2E, 0xE0, 0xCD,
  0x23, 0x06, 0x15, 0x1F, 0x60, 0x4C, 0x1B, 0xE2, 0x11, 0x0D,
  0xED, 0xEC, 0x0A, 0x07, 0x55, 0xE5, 0x26, 0xEC, 0x2B, 0xF8,
  0xFE, 0xFC, 0xD6, 0xFD, 0xF6, 0x21, 0xD4, 0xEB, 0xEC, 0x17,
  0x15, 0x02, 0xD8, 0xD5, 0x39, 0xD3, 0xF3, 0xE4, 0x11, 0xE0,
  0xEB, 0x0A, 0x36, 0xE2, 0x04, 0xFE, 0x05, 0x2E, 0x72, 0xE4,
  0xEC, 0xB3, 0x11, 0x11, 0x3D, 0x0B, 0xEE, 0x15, 0xD8, 0x3D,
  0xFC, 0x12, 0x19, 0xF9, 0xFE, 0xD3, 0x26, 0xE0, 0xD1, 0xD3,
  0xD5, 0xF8, 0x2B, 0xC0, 0x23, 0xEC, 0x1E, 0x00, 0xE6, 0x56,
  0x36, 0xF8, 0xFF, 0xFF, 0xD9, 0x51, 0x56, 0x0C, 0x22, 0xEB,
  0x25, 0x0C, 0xE5, 0x2F, 0x38, 0xFA, 0x06, 0xE6, 0x4E, 0xE0,
  0xE6, 0xDD, 0x0D, 0xD4, 0x1D, 0xD0, 0x11, 0x14, 0x25, 0x17,
  0x13, 0x7F, 0x35, 0x01, 0xDF, 0xEC, 0xC1, 0x0D, 0x14, 0x06,
  0xDD, 0xE7, 0x28, 0xFA, 0xDB, 0x2D, 0x14, 0x0B, 0xFF, 0xEB,
  0x1D, 0xF3, 0x01, 0x02, 0x06, 0xE7, 0x04, 0xFA, 0x32, 0x09,
  0x1E, 0x1A, 0xE8, 0x57, 0x2B, 0xE9, 0xF1, 0x0A, 0xE6, 0xC4,
  0x11, 0xE3, 0xC7, 0x38, 0xFD, 0x0C, 0xF9, 0x19, 0x08, 0xCD,
  0x1B, 0xCF, 0xD8, 0x1D, 0xDD, 0xCE, 0xE4, 0x10, 0xEF, 0xCB,
  0x0C, 0xEA, 0x0F, 0xFE, 0xD3, 0x24, 0xE0, 0x08, 0x20, 0x0F,
  0x48, 0xC8, 0x20, 0xBF, 0xF3, 0x18, 0x10, 0x11, 0x29, 0x30,
  0x18, 0x01, 0x1F, 0x0A, 0x0A, 0xF2, 0xC5, 0xD5, 0x01, 0x1A,
  0xE4, 0xAC, 0xEB, 0xDE, 0xDA, 0x0E, 0x0B, 0x1F, 0xBB, 0xEC,
  0x2D, 0x0D, 0x10, 0xE7, 0x10, 0xE4, 0xE9, 0xF9, 0x11, 0xFF,
  0x34, 0x18, 0x40, 0x14, 0x3A, 0x36, 0x0F, 0x06, 0xDA, 0xE5,
  0xC3, 0x1D, 0x2D, 0xC1, 0x4D, 0x24, 0xF3, 0xF0, 0xE8, 0x1D,
  0xE0, 0xDB, 0x2D, 0x30, 0xEB, 0xEA, 0x18, 0xDF, 0xCC, 0x19,
  0x33, 0x19, 0xBE, 0xEA, 0x05, 0x25, 0xED, 0xF6, 0x34, 0x2A,
  0xBF, 0xE7, 0x54, 0xA7, 0x19, 0xC3, 0x25, 0x20, 0xF0, 0xC3,
  0x04, 0x40, 0x0B, 0xE1, 0xCB, 0xF9, 0xEF, 0xD0, 0xB7, 0xE6,
  0x4D, 0x15, 0x00, 0x0D, 0xB3, 0x08, 0xF1, 0xE0, 0xEE, 0xF9,
  0x46, 0x56, 0xA0, 0x00, 0x22, 0xD9, 0xFC, 0xF9, 0xF0, 0xE5,
  0xEF, 0xC1, 0xFA, 0x39, 0xFE, 0x18, 0xBF, 0x30, 0xFF, 0x09,
  0xFF, 0xEF, 0x4F, 0xD4, 0xED, 0xCF, 0x27, 0x14, 0x08, 0xED,
  0x33, 0xF9, 0x33, 0x55, 0xB6, 0x30, 0xD8, 0x0E, 0x27, 0x09,
  0xB9, 0x07, 0x18, 0xDF, 0x0A, 0x3C, 0xFA, 0x2F, 0x2B, 0x5C,
  0xDC, 0xED, 0x12, 0x10, 0xE9, 0xEC, 0x08, 0xEB, 0x01, 0xFF,
  0x1F, 0x24, 0x26, 0xF7, 0x22, 0x1F, 0xF4, 0x00, 0xD8, 0xDC,
  0xEE, 0x29, 0x0A, 0x0C, 0x53, 0xFA, 0xFD, 0x02, 0xDC, 0x1F,
  0x42, 0x28, 0x21, 0xFC, 0x13, 0x02, 0xE6, 0x57, 0xF8, 0x08,
  0x11, 0x25, 0x0D, 0x2B, 0x15, 0xE3, 0xD8, 0x13, 0xF4, 0xF6,
  0xCC, 0x0A, 0x0C, 0x15, 0xF5, 0xD8, 0x23, 0x0B, 0xAF, 0x03,
  0xED, 0x32, 0x37, 0x04, 0x70, 0xC2, 0x33, 0xE8, 0xDB, 0x14,
  0xB7, 0x2E, 0x20, 0x1F, 0xF6, 0x24, 0x17, 0x13, 0x09, 0xD6,
  0xBF, 0xF2, 0xE4, 0x06, 0x01, 0xE1, 0xE6, 0xBB, 0x0F, 0x1E,
  0xD6, 0xDB, 0xF5, 0x28, 0xFB, 0x3A, 0x2A, 0x09, 0x7F, 0xEA,
  0xE5, 0x15, 0xAC, 0x35, 0x03, 0xEA, 0x1A, 0x04, 0xEF, 0x27,
  0xF0, 0xBA, 0xB0, 0x1A, 0xE9, 0xD8, 0x4D, 0xF7, 0x18, 0xD1,
  0xFD, 0x24, 0x11, 0xF9, 0x0C, 0x20, 0xE6, 0x0A, 0xE5, 0x13,
  0x5D, 0x12, 0xEB, 0xF7, 0xB7, 0xF4, 0xFF, 0xAF, 0x1E, 0xF2,
  0xEB, 0x06, 0x11, 0x38, 0x41, 0x33, 0xE1, 0x34, 0x25, 0x27,
  0x26, 0x1B, 0x27, 0x1D, 0x59, 0xCD, 0x2D, 0x05, 0x2D, 0x08,
  0xB3, 0xED, 0x23, 0x19, 0x13, 0xFE, 0x1B, 0x00, 0xED, 0xFF,
  0x27, 0x23, 0x11, 0xF0, 0x2A, 0xFB, 0x23, 0x17, 0x04, 0x30,
  0x2C, 0xCB, 0xEF, 0xEA, 0xDF, 0x1F, 0x0A, 0xBA, 0x0B, 0x00,
  0x07, 0x26, 0xF0, 0xDC, 0x10, 0xE0, 0x40, 0x5F, 0xFE, 0x35,
  0xBD, 0xDC, 0x87, 0xF1, 0xC2, 0xB6, 0xF3, 0xFF, 0x41, 0xF5,
  0x47, 0xCB, 0xFA, 0x9C, 0xFD, 0xE3, 0xCA, 0x5C, 0xC5, 0xDC,
  0x9C, 0x1B, 0xB2, 0x37, 0x34, 0x1C, 0xEA, 0xFD, 0x3E, 0x18,
  0xCF, 0x01, 0xFC, 0xC0, 0x0C, 0xC8, 0xFF, 0xFD, 0xCF, 0xCF,
  0x16, 0x45, 0x49, 0xDC, 0xF4, 0xC4, 0x04, 0xCD, 0x1D, 0x37,
  0x21, 0xBC, 0xB6, 0x0B, 0x9D, 0xFC, 0x1A, 0xDA, 0xA6, 0xF6,
  0x01, 0x47, 0xDF, 0xAD, 0xEA, 0xDD, 0xFA, 0xE6, 0x06, 0x26,
  0xDD, 0xFD, 0xE6, 0xD5, 0xE2, 0x23, 0xE0, 0xC1, 0x1A, 0x5C,
  0xCD, 0x11, 0x47, 0xB9, 0xD5, 0xF7, 0x9E, 0x4A, 0x12, 0x1B,
  0xC7, 0xCD, 0x13, 0x4C, 0xE8, 0x02, 0x02, 0xBD, 0x0B, 0x25,
  0x2D, 0x4A, 0xDA, 0x1B, 0xE8, 0x34, 0xFD, 0x0B, 0xEE, 0x2E,
  0xE1, 0x22, 0xC4, 0x10, 0x6B, 0xE8, 0x05, 0xE1, 0x0A, 0x20,
  0xB4, 0xEF, 0xD2, 0x2A, 0x02, 0xF3, 0xEB, 0xDC, 0x00, 0xDE,
  0xFA, 0x15, 0x31, 0x05, 0x21, 0xD9, 0x03, 0xD2, 0x40, 0x33,
  0xF9, 0x01, 0xCF, 0xF6, 0x19, 0x09, 0x21, 0xEA, 0x0B, 0xE6,
  0x62, 0x0A, 0x1F, 0x81, 0xFD, 0x28, 0x38, 0x76, 0x25, 0xC8,
  0x4A, 0xE3, 0xC6, 0xCD, 0x25, 0xD9, 0xC0, 0xFC, 0x31, 0x16,
  0x46, 0x1D, 0x05, 0x0C, 0xC9, 0x2B, 0xA9, 0x5A, 0xFB, 0x82,
  0xC8, 0x65, 0xE9, 0xA5, 0x0B, 0xE1, 0x22, 0xF6, 0xC7, 0x0C,
  0xDE, 0xBB, 0x10, 0xE7, 0xF6, 0x19, 0x47, 0xF1, 0x9D, 0x1B,
  0x01, 0x29, 0x13, 0xD2, 0xEC, 0x2E, 0x1A, 0x0B, 0x2D, 0x7F,
  0x47, 0xE8, 0xC4, 0x1E, 0x26, 0xFB, 0x66, 0xEC, 0xB3, 0x01,
  0x0B, 0x13, 0xF7, 0xB5, 0x2C, 0x1D, 0xD3, 0xE6, 0x02, 0xE6,
  0xE4, 0x06, 0x12, 0xFE, 0x1A, 0x3B, 0xF3, 0x11, 0x10, 0xCE,
  0x27, 0x5C, 0xD1, 0xFB, 0xFA, 0x19, 0x0D, 0x3F, 0x0D, 0xDB,
  0xCA, 0xBA, 0x25, 0xE0, 0x19, 0xCB, 0x02, 0xD3, 0xF0, 0x0C,
  0xEB, 0xE3, 0x08, 0xC5, 0xDF, 0xD2, 0xD0, 0x3D, 0xCA, 0x1F,
  0x2E, 0x02, 0x38, 0x48, 0xDB, 0xEF, 0xEE, 0xF5, 0xFE, 0x1D,
  0xF0, 0x1E, 0xE5, 0xE4, 0xE2, 0x1B, 0x2A, 0x06, 0x4A, 0xCE,
  0xBF, 0x36, 0x14, 0xE3, 0xAF, 0x10, 0xF7, 0x34, 0x11, 0x11,
  0xCD, 0xE7, 0x03, 0x1B, 0xF7, 0x3F, 0xD7, 0xC0, 0xA1, 0xC1,
  0x12, 0x06, 0xF5, 0xE4, 0xD8, 0xE8, 0x90, 0x19, 0x0F, 0x1E,
  0x41, 0x9F, 0xEE, 0xEF, 0xFB, 0x2D, 0xD1, 0x31, 0x03, 0xF3,
  0x22, 0xED, 0x31, 0xCC, 0x1E, 0xF8, 0xC0, 0x36, 0x3F, 0xAB,
  0xDF, 0x05, 0xDC, 0xAF, 0x08, 0x19, 0xD5, 0x1B, 0xA3, 0xEA,
  0xBA, 0x15, 0x21, 0xF4, 0x1C, 0xB1, 0xDB, 0xE7, 0xD6, 0x41,
  0x20, 0x2D, 0x48, 0x13, 0x17, 0xB0, 0xE6, 0x29, 0xCF, 0x7F,
  0x55, 0xE5, 0xE4, 0x34, 0x24, 0x39, 0x50, 0xE9, 0xFF, 0xFF,
  0x31, 0x2B, 0xFE, 0xD2, 0x4E, 0x09, 0xD4, 0x0B, 0xEA, 0xF8,
  0x07, 0xF1, 0xCF, 0xEE, 0xDC, 0xD9, 0x1F, 0xDA, 0xE3, 0x3B,
  0x0E, 0xF7, 0xFB, 0x0A, 0x3E, 0x4C, 0x20, 0xEA, 0x17, 0xA4,
  0x09, 0x07, 0xE5, 0x1B, 0xF1, 0xB4, 0x14, 0xE3, 0xC1, 0xE6,
  0xE6, 0xDC, 0x4B, 0x1D, 0xB8, 0x03, 0xF9, 0xDC, 0x04, 0x14,
  0xE7, 0xF6, 0x03, 0xF1, 0xEF, 0x18, 0x1E, 0xFE, 0xEE, 0x17,
  0xF7, 0x21, 0xDD, 0xF7, 0x4D, 0x11, 0x08, 0x03, 0x29, 0xF7,
  0xC3, 0x25, 0xDE, 0x17, 0x10, 0x45, 0x01, 0x02, 0x34, 0x42,
  0xB8, 0x0C, 0xD4, 0x19, 0x41, 0xFE, 0xE5, 0xDE, 0xE5, 0xDB,
  0xE2, 0xF0, 0xF5, 0x4C, 0xB5, 0x42, 0x12, 0x51, 0xD2, 0x50,
  0xF4, 0xE9, 0x18, 0xF2, 0x07, 0x17, 0x0E, 0x27, 0x1F, 0xEC,
  0xFA, 0x2B, 0xE7, 0xE4, 0x13, 0x38, 0xF9, 0xF2, 0xD6, 0x3A,
  0xF3, 0xD6, 0xFB, 0x0B, 0x01, 0x0B, 0x37, 0x11, 0xBA, 0x19,
  0xF1, 0x3B, 0xC1, 0xF4, 0x20, 0x1E, 0x01, 0xE5, 0x3C, 0x3E,
  0x34, 0xF3, 0x02, 0x23, 0x24, 0xE2, 0xE3, 0x23, 0xEF, 0xF5,
  0x2D, 0xED, 0x08, 0x36, 0x1A, 0x1F, 0xFB, 0xE1, 0x1E, 0xC8,
  0xFB, 0x1A, 0xFC, 0xBB, 0x2A, 0x44, 0xF2, 0x1B, 0xEF, 0x14,
  0xEB, 0xD1, 0xE0, 0x1A, 0x3C, 0xF9, 0xFF, 0xC5, 0xF6, 0x3C,
  0x0F, 0xEB, 0x35, 0xF5, 0x1D, 0x3C, 0x19, 0x53, 0x03, 0xE5,
  0xE9, 0xCC, 0xF0, 0xEE, 0x0B, 0x81, 0x25, 0x17, 0xE3, 0xD8,
  0xD4, 0x04, 0xEB, 0x1B, 0x8D, 0xF2, 0xCA, 0xFB, 0x13, 0xB0,
  0xF9, 0x2D, 0x05, 0xFF, 0x36, 0xDF, 0x3A, 0xF4, 0x1A, 0xE9,
  0x0E, 0xE1, 0xD2, 0x1E, 0x07, 0xE5, 0x01, 0xF5, 0xEB, 0x14,
  0xE8, 0x14, 0xC4, 0x1E, 0x66, 0x11, 0xEF, 0x26, 0x07, 0xC2,
  0xFD, 0xD4, 0x49, 0x16, 0x31, 0x2F, 0xD8, 0x3D, 0xEC, 0xFB,
  0xFF, 0xF1, 0xC9, 0xFF, 0x39, 0x0E, 0x23, 0x4A, 0x27, 0xEC,
  0xF3, 0x25, 0x58, 0xBE, 0xE7, 0x0B, 0xE1, 0x2B, 0xA2, 0x0A,
  0xD5, 0x00, 0xF0, 0xEC, 0x71, 0x51, 0x10, 0x26, 0xFD, 0x6E,
  0x04, 0x0A, 0xB0, 0x1D, 0xE7, 0x69, 0x4E, 0xBF, 0xE5, 0x62,
  0xCE, 0xEC, 0x4E, 0x03, 0x25, 0xA9, 0xF9, 0xE9, 0x59, 0x06,
  0xD7, 0xD9, 0xF1, 0x17, 0xF1, 0xC3, 0x3A, 0xF7, 0x10, 0xF9,
  0x00, 0x49, 0x02, 0xEA, 0xEF, 0x48, 0xF8, 0x0D, 0x30, 0xBC,
  0xA4, 0x0F, 0xDF, 0x09, 0x26, 0x40, 0x11, 0x37, 0x05, 0xF5,
  0x64, 0x0B, 0x0F, 0xD5, 0xEC, 0x09, 0xD4, 0xB8, 0x09, 0xFD,
  0x10, 0xDE, 0xD1, 0x6F, 0x41, 0xE5, 0x41, 0xFE, 0xFD, 0xB4,
  0x05, 0xEB, 0xD0, 0x16, 0xE5, 0x17, 0xE8, 0x0E, 0x0C, 0x1D,
  0x07, 0xE3, 0x33, 0x2E, 0xEC, 0xFB, 0xBC, 0xE7, 0x6C, 0xC6,
  0x1E, 0xFD, 0x2D, 0xCF, 0xB3, 0x3A, 0x31, 0xF3, 0xFE, 0xFC,
  0x18, 0xDA, 0x28, 0xF2, 0x07, 0x40, 0x14, 0xFE, 0x13, 0x07,
  0xF7, 0xB0, 0x0B, 0xC3, 0xD7, 0x2B, 0xAA, 0x95, 0x09, 0xEF,
  0x3E, 0xE6, 0x02, 0x01, 0x1B, 0xCE, 0xC4, 0x2D, 0xDE, 0xD7,
  0xD0, 0x15, 0x6B, 0x25, 0x50, 0x1D, 0x33, 0x17, 0x11, 0x34,
  0x7F, 0x4A, 0x3B, 0x1E, 0x1D, 0xDE, 0x26, 0xBE, 0x9A, 0xA9,
  0xF7, 0x08, 0x37, 0x07, 0x0A, 0x00, 0xC9, 0x0B, 0xDF, 0x42,
  0xA5, 0xDA, 0xE4, 0x0E, 0x15, 0xD1, 0x15, 0x41, 0xE2, 0xE1,
  0xF7, 0x2F, 0x23, 0xCB, 0x20, 0x14, 0xB5, 0xFC, 0x0A, 0xD9,
  0xF0, 0x16, 0x24, 0xE4, 0xE4, 0xE4, 0x1F, 0x01, 0x15, 0xD0,
  0xE6, 0xCF, 0x40, 0x2B, 0xF1, 0xD7, 0xFC, 0xB3, 0x33, 0xD3,
  0x2A, 0x65, 0xD9, 0xFD, 0x19, 0xF4, 0x06, 0x0F, 0x9F, 0x03,
  0x37, 0x05, 0xD6, 0xF7, 0x07, 0x2E, 0x22, 0x39, 0xED, 0x5D,
  0x00, 0x37, 0xFE, 0xB1, 0x0A, 0x0A, 0x3A, 0x32, 0xEC, 0x24,
  0x01, 0xE8, 0x22, 0x32, 0xC2, 0xC7, 0x46, 0xD7, 0x0A, 0x1E,
  0x9E, 0x13, 0x5A, 0xDB, 0x0E, 0x2F, 0x4B, 0x44, 0xDA, 0xDC,
  0x32, 0xE6, 0xEE, 0xC6, 0xD9, 0xB7, 0x16, 0x0E, 0x2B, 0x21,
  0xB8, 0x8F, 0x25, 0xEA, 0x0C, 0x5F, 0xC8, 0xD8, 0xFC, 0xD8,
  0xEB, 0xE7, 0xC8, 0x3D, 0x1C, 0x0B, 0x06, 0x04, 0x36, 0x01,
  0x17, 0xFB, 0x2C, 0x42, 0xFD, 0xFC, 0xE7, 0xAC, 0x27, 0x0E,
  0x16, 0x0D, 0x15, 0xDF, 0x00, 0x9E, 0x3B, 0xE6, 0xC2, 0xD2,
  0x47, 0xE2, 0xEB, 0x05, 0xE9, 0xF7, 0x38, 0x10, 0xC6, 0x06,
  0x53, 0xE6, 0x19, 0xD4, 0xD2, 0xFB, 0xE3, 0xCD, 0x0E, 0xFC,
  0xE3, 0x11, 0xF5, 0x14, 0xE4, 0xA5, 0xAD, 0xE9, 0x2F, 0x44,
  0xBB, 0xC9, 0x00, 0xF8, 0x06, 0xF2, 0x81, 0xD9, 0x19, 0x27,
  0xD5, 0x04, 0x53, 0xF1, 0xEE, 0xC0, 0x2D, 0x38, 0xF8, 0xA8,
  0x0E, 0x02, 0xD0, 0x0F, 0xCF, 0x15, 0xF4, 0xDF, 0xFF, 0xDB,
  0x24, 0xFA, 0xC1, 0x20, 0x01, 0xEE, 0x27, 0x0B, 0xD7, 0xF3,
  0x39, 0x05, 0xE5, 0xE3, 0x16, 0x1F, 0x05, 0x50, 0x4A, 0x56,
  0xE5, 0x16, 0x31, 0xCF, 0x2E, 0xE9, 0x1D, 0xF6, 0x06, 0xEC,
  0xFA, 0xE7, 0x3A, 0x2A, 0x05, 0xA1, 0xFE, 0xF2, 0xCC, 0xF8,
  0x08, 0x15, 0x02, 0x38, 0xBD, 0x9B, 0xB1, 0x1E, 0x0C, 0xDC,
  0x08, 0x28, 0x11, 0x29, 0xE5, 0x06, 0xDC, 0xE6, 0xE6, 0x22,
  0x21, 0x1A, 0x02, 0x01, 0x12, 0x34, 0x1F, 0x01, 0x0A, 0xF1,
  0x02, 0x28, 0x17, 0x18, 0x12, 0x7F, 0xFD, 0xB9, 0xD2, 0x10,
  0x19, 0xF4, 0xDE, 0x11, 0x12, 0x1A, 0x2C, 0xE1, 0x14, 0xE9,
  0xC3, 0x02, 0xD9, 0xE4, 0x34, 0xB8, 0xF6, 0x3C, 0x1B, 0xFB,
  0xF5, 0x1D, 0x00, 0xE9, 0x14, 0x10, 0x02, 0x47, 0x02, 0xC6,
  0xC4, 0x2E, 0xFE, 0xE4, 0xCE, 0xFD, 0x24, 0xF5, 0x01, 0x0B,
  0x01, 0x2C, 0xFB, 0xFD, 0x23, 0xFE, 0xF6, 0xF5, 0xF7, 0xD2,
  0x19, 0xF0, 0xF3, 0xFC, 0x07, 0x18, 0x12, 0x0D, 0xD7, 0x28,
  0xF6, 0xC3, 0xE6, 0x3E, 0xD2, 0x21, 0xDE, 0x1F, 0x32, 0x0C,
  0xD5, 0x26, 0xFB, 0x19, 0x2D, 0x0A, 0x03, 0x03, 0xD5, 0x29,
  0x38, 0xCE, 0xFF, 0xE6, 0xEC, 0xD4, 0xFE, 0x29, 0xDA, 0x19,
  0xE3, 0x3C, 0xF6, 0xB5, 0xDF, 0x24, 0xFA, 0xFF, 0xCE, 0x2B,
  0x2B, 0xED, 0xC1, 0xF8, 0x08, 0xD9, 0x16, 0x16, 0xFC, 0xE4,
  0xE4, 0xEE, 0x4F, 0xE3, 0x40, 0xEA, 0x13, 0xB5, 0xE6, 0x1C,
  0xDE, 0x35, 0x1B, 0x3A, 0xDA, 0x9F, 0xA5, 0x1C, 0x0D, 0x00,
  0x09, 0x12, 0x32, 0x1A, 0xBA, 0x1F, 0xF2, 0xC9, 0xD9, 0x34,
  0x1C, 0xF5, 0xF9, 0x0E, 0x30, 0xEC, 0x34, 0x2C, 0xDA, 0xBE,
  0xBD, 0x1E, 0x05, 0x0C, 0x19, 0x29, 0xDA, 0xF1, 0xA1, 0x2D,
  0x36, 0xF8, 0xEC, 0x21, 0xFC, 0xDB, 0x10, 0x0E, 0xFA, 0xD5,
  0xB6, 0x09, 0x10, 0x10, 0xF3, 0xFF, 0x04, 0x1A, 0x28, 0x22,
  0x45, 0x04, 0x06, 0x29, 0xF0, 0xF2, 0xD4, 0xEE, 0xCF, 0x0F,
  0x1B, 0xF5, 0x0B, 0xE8, 0x04, 0x35, 0xE4, 0xD8, 0x4E, 0xFC,
  0xF6, 0x25, 0x01, 0xFA, 0x34, 0xF4, 0xF1, 0xFA, 0xF6, 0x28,
  0xF5, 0x9F, 0xE4, 0x3F, 0xEF, 0xD9, 0xF0, 0xD3, 0x0B, 0xE5,
  0xC9, 0xEB, 0x10, 0x2E, 0xD2, 0xD6, 0xF4, 0x51, 0x0B, 0xE4,
  0xFB, 0x2D, 0x39, 0x41, 0x4C, 0x07, 0x4C, 0x01, 0xB9, 0x17,
  0x2F, 0xE1, 0xD4, 0xEA, 0xEC, 0x1A, 0xDF, 0xF8, 0xFA, 0xEE,
  0x1B, 0x45, 0xFD, 0x15, 0x0A, 0xFA, 0xFC, 0x00, 0xFE, 0x17,
  0x0A, 0xCA, 0xD6, 0xDE, 0x39, 0xD8, 0x11, 0xF8, 0x0E, 0x25,
  0xCE, 0x0A, 0xF1, 0x1A, 0xDB, 0x31, 0x07, 0xF9, 0x19, 0x1E,
  0xEA, 0x34, 0x30, 0x2C, 0x04, 0xF3, 0xF3, 0x2E, 0x27, 0x08,
  0xEE, 0x29, 0xEA, 0xF6, 0xB6, 0xE7, 0x33, 0xBA, 0xD9, 0xFA,
  0x0D, 0x08, 0x22, 0xD8, 0xCC, 0x54, 0x25, 0x53, 0x1E, 0xD4,
  0xF7, 0x13, 0xEE, 0x0F, 0x2D, 0xE9, 0x04, 0x18, 0x1B, 0xFA,
  0x16, 0xCF, 0x04, 0x21, 0xEF, 0x17, 0x08, 0x01, 0xD9, 0xBB,
  0xE6, 0x25, 0x11, 0x12, 0xFF, 0xE5, 0x08, 0x2D, 0x21, 0xF7,
  0x14, 0x06, 0x09, 0x14, 0x03, 0xCB, 0xFB, 0xF0, 0xB1, 0xEA,
  0x20, 0x19, 0xF5, 0xD7, 0x13, 0x18, 0xE8, 0x02, 0x32, 0x29,
  0x03, 0x2A, 0xFF, 0xE1, 0xEE, 0x03, 0xE8, 0xC7, 0xC4, 0x0C,
  0x0A, 0xD0, 0xFD, 0x30, 0x08, 0xEB, 0x0E, 0xD8, 0x09, 0xF5,
  0x81, 0x0C, 0xD9, 0x1B, 0xFF, 0xD3, 0xD7, 0x2D, 0x23, 0x16,
  0x3E, 0xE1, 0x42, 0x19, 0x1E, 0x03, 0x22, 0x02, 0xAF, 0xDB,
  0x45, 0xF6, 0xDF, 0xE9, 0x42, 0x0F, 0x2A, 0x23, 0x0E, 0x05,
  0x15, 0x14, 0xB8, 0x2E, 0xB2, 0x1E, 0x18, 0x0D, 0x17, 0x3C,
  0xC3, 0xFA, 0x4C, 0xB6, 0x2F, 0xD0, 0x0B, 0x35, 0xF5, 0x44,
  0x0D, 0xDA, 0xC8, 0x2D, 0xC1, 0x21, 0x29, 0xDA, 0x0F, 0x1B,
  0xC9, 0xCF, 0x1C, 0xC7, 0xE7, 0x0D, 0x06, 0xFD, 0x2E, 0xFB,
  0x32, 0x2C, 0x28, 0x35, 0x0E, 0xE5, 0x51, 0x04, 0x5E, 0x4C,
  0x0F, 0xD6, 0x50, 0x09, 0x34, 0x7D, 0xB7, 0x75, 0x0A, 0xF3,
  0xF9, 0x13, 0x0E, 0xF0, 0x17, 0xB4, 0x0D, 0xE6, 0x12, 0xF3,
  0xF8, 0xDB, 0x23, 0xFE, 0x16, 0x2E, 0xA7, 0xC5, 0xF7, 0x40,
  0x29, 0x3C, 0x30, 0xFA, 0x58, 0xD4, 0x1C, 0x38, 0xF8, 0xEC,
  0x2C, 0xF8, 0xF5, 0xE4, 0xD1, 0xF3, 0xE0, 0xB8, 0xE3, 0xF1,
  0x0A, 0xD1, 0x33, 0xAE, 0x01, 0xF5, 0xCA, 0x0E, 0xD8, 0xF4,
  0xE6, 0x20, 0xAC, 0x06, 0x34, 0x00, 0x33, 0x81, 0x0B, 0xD6,
  0xB6, 0xE6, 0x00, 0xB0, 0x03, 0xC4, 0xAB, 0xE4, 0xDE, 0x1B,
  0xD4, 0xD5, 0x14, 0xB4, 0x0A, 0xB0, 0x12, 0xFA, 0xA0, 0xCB,
  0x23, 0x2B, 0x2F, 0x01, 0xC1, 0xC6, 0xF5, 0xD5, 0x37, 0xC4,
  0xE1, 0x07, 0xE1, 0x06, 0xBD, 0xD0, 0x17, 0x1D, 0xEB, 0xDD,
  0x16, 0x4B, 0x0B, 0xEF, 0x2E, 0xD5, 0xED, 0xE7, 0x3A, 0x7B,
  0x93, 0xB6, 0x69, 0xC0, 0x3F, 0x06, 0x1A, 0xD7, 0x11, 0xFC,
  0xE8, 0xEA, 0xF0, 0x76, 0x26, 0xBF, 0xE8, 0x98, 0xE7, 0x49,
  0x18, 0xBF, 0xF8, 0x11, 0x1D, 0xEB, 0x5C, 0xF2, 0x1A, 0x00,
  0xE5, 0x65, 0xDF, 0xB4, 0x33, 0xE2, 0xF9, 0x09, 0x40, 0xED,
  0x1B, 0xC2, 0x95, 0xDC, 0x15, 0x78, 0x57, 0xF6, 0xFB, 0x1C,
  0x2C, 0xE8, 0xD6, 0x38, 0xEA, 0x35, 0xFC, 0xFC, 0x0E, 0x16,
  0xEA, 0xCE, 0x5F, 0x4C, 0x3B, 0xD7, 0xB5, 0x1C, 0x02, 0xBD,
  0x36, 0x07, 0x22, 0x04, 0xBA, 0x4A, 0x20, 0xD3, 0x03, 0x1C,
  0x0B, 0xDB, 0x15, 0xF6, 0xCC, 0x13, 0x5F, 0x30, 0x16, 0xD1,
  0x20, 0x12, 0x26, 0xCB, 0x42, 0x65, 0x1A, 0xE8, 0x91, 0x46,
  0xDA, 0xAB, 0x6F, 0xE7, 0x08, 0x06, 0xE1, 0xE6, 0xF5, 0xF2,
  0x57, 0x2B, 0x19, 0xCD, 0x07, 0x44, 0xF4, 0xE6, 0xCE, 0xE0,
  0xFB, 0xC1, 0xF9, 0x23, 0x07, 0xC8, 0xCA, 0x35, 0xD0, 0x10,
  0x34, 0xE5, 0xDC, 0xC9, 0xC1, 0xC7, 0xF4, 0xF9, 0xE7, 0xD9,
  0x08, 0x25, 0x53, 0xF8, 0xF7, 0xF4, 0xF5, 0xE3, 0xC6, 0x2C,
  0xEB, 0x04, 0xF7, 0x0A, 0xC0, 0xF6, 0x03, 0x9F, 0xEE, 0xFA,
  0xEC, 0xF0, 0x47, 0xE5, 0x23, 0xE6, 0xE6, 0x01, 0x13, 0xD5,
  0x07, 0xEC, 0xF4, 0x2A, 0x34, 0xF7, 0x4D, 0x6E, 0x20, 0xE7,
  0xC6, 0xEA, 0xF0, 0x0F, 0xDE, 0x1C, 0xB8, 0x23, 0xF8, 0x1D,
  0x08, 0xD5, 0x2B, 0x05, 0x04, 0xE0, 0x3F, 0x05, 0x3A, 0x30,
  0xDF, 0x19, 0xBD, 0xF9, 0xE8, 0xFF, 0xEF, 0xD3, 0x36, 0x26,
  0x05, 0xE7, 0xF9, 0xBE, 0xCF, 0xE9, 0x20, 0x36, 0x2D, 0x42,
  0xCC, 0xD3, 0xE2, 0x63, 0xFB, 0xF7, 0xCB, 0xF3, 0x26, 0xF1,
  0x67, 0x2F, 0xFE, 0x25, 0xCE, 0x14, 0x2C, 0xE0, 0xE8, 0xFC,
  0x27, 0xC7, 0xED, 0xE0, 0x1F, 0x0C, 0x31, 0x37, 0x00, 0xB6,
  0x23, 0x07, 0xF0, 0xEA, 0x4D, 0x41, 0xFF, 0xF2, 0x81, 0x23,
  0x1A, 0xD3, 0x2C, 0xF4, 0xD9, 0xB4, 0xD7, 0xE9, 0xCD, 0xFA,
  0x34, 0xD8, 0x1C, 0xB8, 0x18, 0x13, 0xAA, 0xE6, 0x0C, 0xDD,
  0x10, 0x68, 0x6A, 0x0B, 0x9F, 0x18, 0x03, 0x34, 0x11, 0xEF,
  0x43, 0xF3, 0x33, 0xF9, 0x14, 0xEF, 0xB3, 0xEC, 0xFB, 0x0B,
  0xE3, 0xE8, 0x60, 0x17, 0x1E, 0xF7, 0x1A, 0xB7, 0x0B, 0xE5,
  0x09, 0xE4, 0x2B, 0xDC, 0x61, 0x2B, 0x18, 0x01, 0xEF, 0xF7,
  0xCA, 0x59, 0x2A, 0xD7, 0xD0, 0xDA, 0x36, 0xF6, 0xA4, 0xF9,
  0xCD, 0x18, 0x08, 0xE2, 0x16, 0xD6, 0x27, 0xF3, 0xDD, 0xF9,
  0x10, 0x40, 0x99, 0x8D, 0x05, 0x71, 0x57, 0xE6, 0x27, 0xD1,
  0x35, 0xE9, 0xA6, 0x26, 0x4D, 0xA3, 0x01, 0xBA, 0x18, 0xF7,
  0xA5, 0xA2, 0x04, 0x20, 0x10, 0x34, 0xD6, 0xDA, 0xEE, 0x0C,
  0x09, 0xF3, 0xB4, 0xCD, 0x09, 0x0D, 0x6B, 0x6F, 0x79, 0xB7,
  0x13, 0xD0, 0x1E, 0x0A, 0xA1, 0x3B, 0x13, 0xB6, 0xF0, 0xB4,
  0xF9, 0xF2, 0xCC, 0xAE, 0xCC, 0x31, 0xFF, 0xFC, 0xC1, 0xD5,
  0x14, 0xF6, 0x45, 0xE1, 0x03, 0x04, 0x13, 0x0B, 0x4E, 0x22,
  0x30, 0x0F, 0x38, 0xFC, 0x0F, 0xA7, 0xA5, 0xF5, 0x41, 0xD0,
  0xC9, 0xF2, 0xE8, 0xD0, 0xCC, 0x88, 0x17, 0xD0, 0xAB, 0xF9,
  0x0F, 0x17, 0x22, 0xF3, 0xD1, 0xE6, 0x15, 0xC0, 0xC5, 0x2E,
  0x5C, 0x23, 0x53, 0x01, 0xCB, 0x03, 0x04, 0x07, 0xEB, 0x31,
  0xE7, 0xC9, 0xD5, 0xD4, 0x7F, 0xE5, 0x84, 0xD4, 0x72, 0x32,
  0x2B, 0xE5, 0x27, 0xE1, 0x37, 0xBB, 0x01, 0x38, 0xC2, 0xDD,
  0xA9, 0xE2, 0x1D, 0x15, 0x75, 0xA1, 0xAE, 0xD2, 0x3E, 0x0A,
  0x43, 0x3E, 0x0E, 0x03, 0x15, 0xCB, 0x32, 0xED, 0xB9, 0xE5,
  0xF7, 0x0C, 0x12, 0xEC, 0x25, 0xC4, 0x36, 0x2B, 0xB5, 0xFA,
  0x1E, 0xFC, 0x08, 0xCE, 0x16, 0xF2, 0x29, 0xEC, 0x0A, 0xB6,
  0xEA, 0x15, 0x0A, 0xCE, 0xE4, 0x47, 0x8F, 0x11, 0xC1, 0xBF,
  0x3F, 0xBE, 0x0D, 0x0E, 0x14, 0xF1, 0x18, 0xD6, 0x0C, 0x7D,
  0xBB, 0x50, 0x13, 0xF8, 0x51, 0xFE, 0x20, 0xE1, 0x13, 0xEA,
  0xD5, 0xF3, 0x11, 0x35, 0xE4, 0xD6, 0x06, 0x2D, 0x2A, 0x25,
  0xF3, 0xE8, 0xD3, 0xE2, 0x17, 0xEE, 0xDA, 0x2D, 0xE8, 0xD3,
  0xC5, 0x24, 0x0D, 0x2C, 0xF4, 0x9E, 0x08, 0xD2, 0x09, 0xDC,
  0xC9, 0xED, 0x1E, 0x56, 0xEC, 0xC6, 0xEF, 0xC3, 0x54, 0x22,
  0x04, 0x33, 0x88, 0xD4, 0xD9, 0x06, 0xE4, 0x3E, 0x54, 0xD6,
  0x0B, 0x16, 0xF2, 0xF1, 0xF2, 0x18, 0x08, 0xEB, 0x08, 0x11,
  0x28, 0x22, 0xD9, 0xF0, 0xAB, 0x54, 0x98, 0x91, 0x64, 0x4F,
  0x0B, 0xBA, 0xDD, 0x7F, 0x13, 0xE1, 0x03, 0xEF, 0x37, 0x4C,
  0xED, 0xB1, 0x92, 0xD9, 0x09, 0x3C, 0xCE, 0x3C, 0xEF, 0x48,
  0x16, 0x51, 0x4F, 0x46, 0x1A, 0xB9, 0xD0, 0x34, 0xD6, 0xC6,
  0x4A, 0xC1, 0x18, 0x5E, 0x57, 0x7D, 0xE0, 0x16, 0x11, 0x12,
  0xE6, 0xED, 0xC1, 0x1F, 0xBD, 0xC1, 0xF1, 0x03, 0xC6, 0x2A,
  0x06, 0x2A, 0xE8, 0x7C, 0xC4, 0xD9, 0x1C, 0x2A, 0x4D, 0x42,
  0x15, 0xC6, 0x09, 0xCC, 0x03, 0x23, 0x57, 0x1B, 0xD3, 0xCB,
  0xEF, 0x24, 0xF2, 0x25, 0xFA, 0x53, 0xE9, 0x0D, 0xD4, 0x4C,
  0xCF, 0x22, 0xAF, 0xA3, 0x0E, 0xFD, 0xF0, 0xE5, 0xD9, 0xF6,
  0x2E, 0xD5, 0xDE, 0xC3, 0x2A, 0x15, 0x07, 0x4A, 0x0E, 0x02,
  0x08, 0x12, 0xD4, 0x21, 0x4C, 0xFA, 0x46, 0x1F, 0xE2, 0xE7,
  0x58, 0x3F, 0xEB, 0x35, 0xF8, 0x2A, 0xF1, 0x49, 0xFA, 0x25,
  0xFB, 0x1F, 0xF6, 0xE1, 0x33, 0x0D, 0xE4, 0xB1, 0x28, 0xED,
  0x3F, 0xEE, 0x44, 0xED, 0x1A, 0xD2, 0xC1, 0x13, 0xCC, 0x18,
  0x63, 0xEA, 0x62, 0xEC, 0x26, 0x97, 0xE8, 0x0B, 0xD8, 0xBF,
  0xFB, 0x08, 0xD1, 0xF5, 0x15, 0xD0, 0xEF, 0xFF, 0x54, 0x94,
  0x4D, 0xF5, 0x1F, 0x12, 0xEF, 0xF3, 0x11, 0xC9, 0xFF, 0x32,
  0xD0, 0xF4, 0xEB, 0xEA, 0x9B, 0x11, 0xC8, 0xAF, 0xC3, 0xBF,
  0x14, 0xE2, 0x30, 0xCD, 0x0B, 0x3B, 0x03, 0x05, 0xFB, 0x73,
  0x4C, 0xC9, 0x2F, 0x08, 0x1C, 0xF3, 0x35, 0x3E, 0x0D, 0xD6,
  0x36, 0xD9, 0x03, 0xFB, 0xF3, 0x39, 0x5E, 0x6B, 0xAD, 0x37,
  0x38, 0x63, 0xE2, 0x15, 0xBD, 0x21, 0x31, 0xB6, 0xBD, 0xD4,
  0x20, 0x10, 0x2A, 0xA4, 0x61, 0x9E, 0x5C, 0x49, 0x08, 0xBF,
  0x04, 0xE0, 0xB4, 0x14, 0x4C, 0x64, 0x46, 0xAB, 0x46, 0x08,
  0xC8, 0x9B, 0xC9, 0x51, 0xDD, 0x06, 0xE0, 0xD2, 0xFB, 0x2D,
  0xEC, 0xD2, 0xE4, 0x29, 0x44, 0x8E, 0xD4, 0x17, 0x11, 0x2F,
  0x6B, 0x25, 0x51, 0xEC, 0xCC, 0x20, 0xF7, 0xEB, 0xC4, 0x7F,
  0xFF, 0x32, 0xF9, 0xA0, 0xD5, 0xE0, 0x1A, 0x48, 0x0D, 0x91,
  0x36, 0x57, 0x2E, 0xC1, 0x42, 0x0B, 0x08, 0xD5, 0xC1, 0x1C,
  0x70, 0xFB, 0xE3, 0x12, 0xF3, 0x02, 0x3B, 0x29, 0xFB, 0x02,
  0xEC, 0x50, 0xDA, 0x1D, 0xF6, 0xED, 0xF0, 0x48, 0x1A, 0xEB,
  0x4A, 0xFB, 0xF4, 0x9D, 0x08, 0x35, 0x5C, 0x3E, 0xFF, 0xD5,
  0xCB, 0xBD, 0xFB, 0x3B, 0xCE, 0xFD, 0xF4, 0xC1, 0xFF, 0x0F,
  0x1F, 0x21, 0x2E, 0xB8, 0x0C, 0xF7, 0x17, 0x12, 0xD6, 0x08,
  0x00, 0x14, 0xF9, 0xF9, 0xE7, 0x26, 0x0B, 0x0A, 0x34, 0xE8,
  0x02, 0xD9, 0x55, 0xB0, 0x0D, 0xCC, 0xEC, 0x0A, 0xB1, 0x0B,
  0x0B, 0x0B, 0x0A, 0x27, 0xF0, 0x14, 0xFB, 0xD5, 0x2E, 0x41,
  0xFB, 0xFE, 0xBF, 0x1F, 0x15, 0x02, 0x1A, 0x1E, 0x14, 0x2F,
  0x1F, 0x21, 0xF6, 0xD6, 0x7F, 0xBF, 0x43, 0xBE, 0x53, 0x0E,
  0xBE, 0xBF, 0x0F, 0x1B, 0xF6, 0x2B, 0xDD, 0xD4, 0x20, 0x92,
  0xE8, 0x0E, 0xFE, 0x13, 0xE5, 0xF5, 0x29, 0xE9, 0x35, 0xD0,
  0x26, 0x06, 0x02, 0x05, 0x26, 0xDF, 0x13, 0xBB, 0x35, 0xEA,
  0x43, 0xF1, 0xEB, 0xB6, 0xF7, 0xE3, 0x2A, 0x18, 0xE9, 0xBA,
  0xE9, 0xAA, 0xC2, 0xFB, 0xED, 0xCC, 0xD5, 0xE2, 0xC5, 0xEC,
  0x25, 0xF1, 0x22, 0xF8, 0x09, 0x22, 0x1A, 0xDC, 0xF5, 0xB9,
  0xE9, 0xE9, 0xF8, 0xFE, 0xFF, 0x07, 0xC8, 0x04, 0x43, 0xFA,
  0x0C, 0xBB, 0x22, 0xD5, 0x0A, 0xED, 0x0A, 0xE0, 0xC2, 0x03,
  0xB6, 0x01, 0x04, 0xE1, 0x08, 0x0E, 0x1D, 0x15, 0x22, 0xA1,
  0x0D, 0xC7, 0xDE, 0xF4, 0xEE, 0x2C, 0xB0, 0xE1, 0xB6, 0x04,
  0x06, 0xFB, 0xCE, 0xDF, 0x42, 0xCE, 0xED, 0xF3, 0x00, 0x07,
  0xFA, 0x2C, 0xC4, 0xF6, 0xE0, 0xD6, 0x03, 0x2F, 0x36, 0x0E,
  0x2D, 0xD6, 0x22, 0xE6, 0xE9, 0xEE, 0xEB, 0x3C, 0xBC, 0x06,
  0xFB, 0x18, 0x0A, 0x21, 0xE5, 0xE1, 0x30, 0xDD, 0xF1, 0x12,
  0x1E, 0x26, 0x14, 0x11, 0x00, 0x33, 0xD5, 0xF2, 0x3E, 0x48,
  0x24, 0x0A, 0x22, 0xBD, 0x1A, 0xE1, 0xDE, 0xEF, 0x20, 0x0C,
  0xC4, 0xCB, 0x36, 0x2B, 0x13, 0x28, 0x03, 0xDA, 0xE7, 0x21,
  0xF8, 0x3B, 0x31, 0xE2, 0x19, 0xD7, 0xDA, 0xFF, 0xFD, 0xDB,
  0x0C, 0xD6, 0x02, 0x42, 0x30, 0xE9, 0xDF, 0xED, 0x1D, 0xEB,
  0xFB, 0x2B, 0x21, 0xDD, 0xF1, 0xE0, 0xF1, 0x04, 0xEB, 0x03,
  0x02, 0x2A, 0x03, 0x54, 0x2C, 0x06, 0x0B, 0xF7, 0xE3, 0x44,
  0x04, 0xCA, 0xEA, 0xF8, 0xFC, 0x21, 0x1F, 0xC6, 0x37, 0xAE,
  0x3B, 0x2D, 0xE2, 0x20, 0x01, 0xFC, 0xDB, 0x46, 0xC5, 0x03,
  0xF2, 0xE1, 0x3D, 0x34, 0x14, 0xCA, 0xF3, 0xB8, 0xCC, 0x46,
  0xEF, 0xF4, 0x14, 0x0C, 0x14, 0xCA, 0x26, 0x1C, 0x30, 0xC1,
  0x21, 0x2F, 0x29, 0x3A, 0x0C, 0xDC, 0x31, 0xD7, 0xB4, 0x34,
  0xE1, 0xE8, 0xD0, 0x13, 0x02, 0x35, 0x01, 0xAC, 0x17, 0xBD,
  0x1C, 0x7F, 0x0A, 0xB0, 0x07, 0x43, 0x0B, 0xCE, 0x0C, 0x1E,
  0xF9, 0xD8, 0xDA, 0x47, 0x19, 0x12, 0x22, 0xEE, 0x0F, 0x05,
  0xF3, 0xD3, 0xE3, 0xEE, 0xEF, 0xF8, 0xDB, 0x38, 0xB3, 0xF6,
  0x0B, 0x21, 0x4E, 0x38, 0xF1, 0xBD, 0x1F, 0x1D, 0xC4, 0xEF,
  0x23, 0x19, 0xE5, 0xF2, 0xCC, 0x0B, 0x15, 0x14, 0x13, 0xD9,
  0x05, 0xF9, 0xF7, 0xF7, 0x14, 0x40, 0x36, 0xE2, 0xF8, 0x39,
  0xF0, 0x1D, 0xE5, 0xEB, 0x09, 0xF3, 0xEB, 0xE7, 0x08, 0xEC,
  0xFC, 0x17, 0x17, 0x0B, 0x1E, 0xCD, 0xF8, 0x03, 0x29, 0x26,
  0x02, 0xD3, 0x00, 0x3F, 0xE2, 0x02, 0x0C, 0x39, 0xFF, 0xD7,
  0x1A, 0x0E, 0x1B, 0xEC, 0xD9, 0xD4, 0xAC, 0x1B, 0xBE, 0xF1,
  0x1D, 0x34, 0x42, 0xE1, 0xE2, 0x05, 0x2B, 0xF5, 0xFA, 0xFD,
  0x16, 0x18, 0xCF, 0x11, 0x0D, 0x20, 0x13, 0x05, 0x10, 0x2B,
  0xD8, 0xD5, 0xA3, 0x21, 0x3A, 0xF3, 0xC7, 0x12, 0x76, 0xE4,
  0xE0, 0x24, 0x7F, 0xC1, 0x1A, 0xE4, 0x43, 0x40, 0xF6, 0xDB,
  0xE3, 0x49, 0x13, 0xFF, 0xDE, 0x0D, 0x94, 0x19, 0xDC, 0xEE,
  0x19, 0x2B, 0xE6, 0xE7, 0x87, 0xFF, 0x1F, 0xDA, 0xCA, 0x03,
  0x4F, 0xE4, 0xDD, 0x00, 0x4C, 0x12, 0x00, 0x1F, 0x2B, 0x24,
  0x14, 0xDF, 0x21, 0x1E, 0x30, 0x19, 0xD4, 0x1A, 0xC5, 0x2B,
  0x2E, 0xC0, 0x0E, 0x10, 0xEC, 0xE5, 0xE9, 0xF5, 0x02, 0xE6,
  0xF3, 0xCE, 0x4A, 0x09, 0xC6, 0xC1, 0x1C, 0x05, 0x19, 0xEC,
  0x06, 0x14, 0x1A, 0xEB, 0xEF, 0x67, 0x08, 0x3C, 0x3A, 0x20,
  0x01, 0xF0, 0xC9, 0xB7, 0xE1, 0xD7, 0xDF, 0xDC, 0xF0, 0x1F,
  0xE4, 0x4C, 0x2D, 0x27, 0x2A, 0x49, 0xCB, 0xEB, 0xF4, 0xEE,
  0x23, 0xBE, 0x21, 0x04, 0x19, 0xCE, 0x22, 0x67, 0xFF, 0x43,
  0x58, 0xED, 0xE6, 0xB0, 0x09, 0xEF, 0xE0, 0x1B, 0x13, 0xD6,
  0xF9, 0xF3, 0xBF, 0x50, 0x13, 0xD0, 0xE7, 0x30, 0x8D, 0xFF,
  0xDC, 0x11, 0x48, 0xC9, 0x09, 0xDF, 0x11, 0xC5, 0xBF, 0x46,
  0x02, 0x21, 0x47, 0xE7, 0x2B, 0x02, 0x01, 0xE5, 0x20, 0x23,
  0xFE, 0x18, 0x3A, 0x26, 0xEB, 0x0F, 0x58, 0xD3, 0xE8, 0xF3,
  0xBE, 0x00, 0xC8, 0x18, 0xEC, 0xF8, 0xD6, 0xBF, 0x05, 0xF0,
  0xC0, 0x0A, 0xC8, 0x32, 0x48, 0x4D, 0x20, 0x21, 0x5D, 0xF7,
  0x5F, 0x29, 0xA7, 0x05, 0x42, 0x3A, 0x07, 0x47, 0x2C, 0x05,
  0xD0, 0xAE, 0x9B, 0x08, 0xC9, 0x10, 0x23, 0xCD, 0xF7, 0xEA,
  0xD6, 0x2D, 0xAF, 0x0E, 0xEB, 0x5C, 0x39, 0x25, 0x07, 0xF1,
  0x3F, 0x0C, 0xEA, 0xE3, 0xBE, 0x35, 0xE2, 0xCA, 0x48, 0x1A,
  0xCD, 0xE3, 0x03, 0xF9, 0xB0, 0x0D, 0x54, 0xC9, 0x51, 0xD4,
  0x33, 0x4D, 0x18, 0xF0, 0x19, 0x02, 0x14, 0xDE, 0xEC, 0x0D,
  0xC8, 0xF8, 0x08, 0x2F, 0xFB, 0xD6, 0xC5, 0xC9, 0xD9, 0xE6,
  0x1B, 0xFE, 0xDE, 0xC0, 0x6C, 0x0B, 0xDE, 0x23, 0x7B, 0xA8,
  0x2B, 0xA8, 0x19, 0x41, 0x2C, 0xF5, 0xF5, 0xF7, 0xE4, 0xE6,
  0xF0, 0x39, 0xEB, 0xA7, 0xCF, 0x0F, 0x51, 0x0B, 0x21, 0xE6,
  0xE7, 0xF5, 0xE4, 0x09, 0x08, 0xE1, 0x4B, 0x06, 0xD1, 0xFA,
  0x5A, 0xE0, 0x1F, 0xD9, 0x01, 0x47, 0x01, 0xFB, 0xF3, 0x0C,
  0xBF, 0xF6, 0xED, 0x1B, 0x58, 0xE1, 0xF1, 0xFE, 0x77, 0xD7,
  0x1A, 0xB6, 0xF2, 0xF4, 0xDD, 0xD0, 0x13, 0xDA, 0x31, 0x16,
  0xB7, 0x31, 0xFC, 0xD6, 0xD3, 0xEC, 0xC3, 0x31, 0xFA, 0xDF,
  0xE0, 0x06, 0xB6, 0xE4, 0xBD, 0x74, 0x1D, 0xE1, 0xC7, 0xDC,
  0x3F, 0xF0, 0x03, 0x09, 0x0C, 0xEB, 0xDD, 0xE6, 0x02, 0x2C,
  0x3B, 0x5B, 0xAB, 0x28, 0xDB, 0x1F, 0xD8, 0x02, 0xD6, 0x30,
  0xE9, 0x0C, 0x04, 0x2D, 0xE0, 0xF9, 0xB5, 0x70, 0x18, 0x2B,
  0x16, 0x12, 0x5D, 0x14, 0xE7, 0x2D, 0x63, 0x00, 0x0F, 0x10,
  0x07, 0x59, 0x0E, 0x2A, 0xC9, 0x44, 0x81, 0x4F, 0xE4, 0x23,
  0xA9, 0xFA, 0x27, 0x13, 0x3D, 0x18, 0x0B, 0x0F, 0x3F, 0x18,
  0xFB, 0xF9, 0x16, 0x3F, 0xEA, 0xFE, 0xBB, 0x2E, 0x2B, 0x09,
  0x4C, 0x26, 0x32, 0x61, 0xF4, 0xC5, 0xC6, 0xE7, 0x89, 0x38,
  0x1E, 0x01, 0xC6, 0x13, 0x15, 0x34, 0xFE, 0x0F, 0x3E, 0x08,
  0x48, 0x04, 0x00, 0x06, 0x34, 0xF1, 0x0C, 0xE3, 0xAE, 0x46,
  0x2B, 0x3F, 0xD1, 0xD7, 0xEE, 0xEC, 0x60, 0xEA, 0x0D, 0x9F,
  0x1B, 0x0A, 0xE5, 0xB7, 0x0C, 0x2A, 0xED, 0xF0, 0x2B, 0x51,
  0x73, 0xF1, 0x32, 0x0E, 0xF0, 0xF0, 0xDB, 0x6B, 0x1B, 0x1C,
  0x3A, 0xEC, 0x3A, 0x1C, 0xCE, 0x16, 0x24, 0xBC, 0x0F, 0x0E,
  0xF3, 0xAB, 0xEB, 0xD5, 0x14, 0x03, 0xFB, 0xCE, 0x49, 0xDD,
  0xF7, 0x2E, 0x3B, 0xF4, 0x31, 0xD5, 0x0B, 0x28, 0xFF, 0x14,
  0xFB, 0xFC, 0x4D, 0x24, 0xE3, 0x19, 0xEB, 0x54, 0x6F, 0x2D,
  0xBC, 0xC1, 0x15, 0xE1, 0xE7, 0x04, 0xDB, 0x3F, 0xF5, 0x11,
  0x16, 0xA7, 0x4A, 0xA8, 0x1C, 0xFE, 0xE2, 0xF5, 0xEA, 0x28,
  0xC1, 0x42, 0xCB, 0x25, 0x5C, 0xC0, 0x1F, 0x3B, 0xB9, 0xC3,
  0xB9, 0xCE, 0x82, 0x30, 0xD6, 0xFF, 0xB3, 0xF5, 0xC5, 0x33,
  0x23, 0xF3, 0x2D, 0xDF, 0x22, 0x1E, 0x0A, 0x08, 0x01, 0x26,
  0x24, 0xFB, 0xB8, 0x5A, 0xE8, 0xEB, 0xC7, 0x31, 0x37, 0x66,
  0x0B, 0xD9, 0x25, 0xC8, 0xB5, 0x7F, 0x43, 0xE7, 0xF2, 0xC7,
  0x01, 0x01, 0xF6, 0xDD, 0x5C, 0xB9, 0xF9, 0xE6, 0x4F, 0xC4,
  0x50, 0x11, 0x1E, 0xDE, 0x00, 0xF0, 0xBC, 0xEF, 0xF7, 0x14,
  0xF5, 0x36, 0xDA, 0xBE, 0x0B, 0xEF, 0x3D, 0x2C, 0xE9, 0xEA,
  0xA9, 0xE6, 0xAD, 0x26, 0x59, 0x0B, 0x45, 0xE3, 0x0A, 0x3C,
  0x72, 0x2F, 0x01, 0x4F, 0x3E, 0xD7, 0x0A, 0xE4, 0xF6, 0x2A,
  0x52, 0xB2, 0xEE, 0x43, 0x95, 0x05, 0x1A, 0xD0, 0x1C, 0x87,
  0x15, 0xCC, 0xE1, 0xE3, 0xEC, 0xED, 0x40, 0xCF, 0xE3, 0xD1,
  0xDA, 0xD8, 0x29, 0x1B, 0x72, 0xB0, 0xD9, 0x43, 0x08, 0x0A,
  0x00, 0xDB, 0x54, 0xFF, 0xFF, 0xF8, 0xED, 0xF9, 0xEA, 0x0D,
  0x0F, 0x5B, 0x11, 0x24, 0xFF, 0x02, 0xF3, 0x00, 0x02, 0xF2,
  0x1E, 0xFE, 0xE2, 0x4C, 0xBE, 0xA6, 0x23, 0x05, 0x0F, 0xF3,
  0x12, 0xE1, 0x1B, 0x37, 0x1C, 0x40, 0xDC, 0xE4, 0x22, 0x30,
  0x02, 0x20, 0x1C, 0x07, 0x0B, 0xE9, 0xFB, 0x18, 0x08, 0x11,
  0x0D, 0x1E, 0xFC, 0xFC, 0xE0, 0xFE, 0xC4, 0xC5, 0xD6, 0xC2,
  0xF9, 0x04, 0xF8, 0xD3, 0xF6, 0x1E, 0x38, 0x31, 0x02, 0xC7,
  0xFB, 0x11, 0xE2, 0x0A, 0xEC, 0xFE, 0xC0, 0xDC, 0x00, 0x3D,
  0x2E, 0x08, 0x36, 0x57, 0xF9, 0x30, 0x30, 0xE3, 0xFB, 0xE8,
  0xDC, 0xE0, 0x0E, 0xDA, 0xE1, 0xCB, 0xE6, 0x17, 0x24, 0xD5,
  0x20, 0x11, 0xFB, 0x13, 0xE3, 0xF3, 0xE7, 0xED, 0xED, 0x21,
  0x08, 0x0E, 0x36, 0x03, 0x1A, 0x2B, 0xDC, 0x09, 0x4C, 0xD3,
  0x52, 0x54, 0x01, 0x14, 0x16, 0xCA, 0xDE, 0xE0, 0xFA, 0xD1,
  0x2D, 0x81, 0x20, 0x38, 0xDD, 0x19, 0xF0, 0x12, 0xDA, 0xF9,
  0xD5, 0x02, 0x07, 0x19, 0xCC, 0xEF, 0x21, 0x11, 0x03, 0xEB,
  0x2D, 0xC3, 0x44, 0x1A, 0x50, 0x06, 0xFD, 0x09, 0xBF, 0xFE,
  0x2C, 0xFD, 0xC1, 0xD1, 0xF6, 0x64, 0xA6, 0xDB, 0xE2, 0xE3,
  0xEF, 0x0F, 0xE6, 0xE5, 0x1F, 0x36, 0x0D, 0xC0, 0x19, 0x06,
  0x12, 0xF7, 0xEB, 0xD3, 0x06, 0xB7, 0x58, 0xFF, 0x05, 0xFB,
  0x0F, 0x32, 0xD3, 0xF3, 0xE2, 0x36, 0x00, 0x34, 0xA2, 0xF6,
  0xEC, 0xDF, 0x62, 0x1B, 0x11, 0xA2, 0xE4, 0xD0, 0xE7, 0x02,
  0x44, 0x00, 0x25, 0xC2, 0xD3, 0x2A, 0xF8, 0xDB, 0x10, 0xED,
  0xFC, 0xD4, 0x0E, 0x09, 0x0A, 0x0F, 0x24, 0x1D, 0xF9, 0x52,
  0x7E, 0x23, 0xB9, 0xD0, 0x72, 0x24, 0x19, 0xC3, 0xEB, 0xDA,
  0xE9, 0xF3, 0xBB, 0xE0, 0xB7, 0x12, 0x04, 0x16, 0x2E, 0xE6,
  0x10, 0xB9, 0x25, 0xB3, 0x66, 0xFD, 0x93, 0xB3, 0xE6, 0x0A,
  0xE7, 0x22, 0x2C, 0x0A, 0xE5, 0x29, 0xFF, 0xBF, 0x14, 0x0B,
  0x15, 0x30, 0xC1, 0x01, 0xD4, 0xF9, 0xDD, 0x48, 0x98, 0x20,
  0x52, 0xE3, 0x2A, 0xB2, 0x03, 0xEB, 0x2B, 0xE8, 0x8F, 0xB7,
  0x57, 0xE3, 0xE9, 0x4B, 0x74, 0x05, 0x30, 0xF2, 0xD4, 0xB5,
  0x20, 0xD8, 0xF5, 0x1A, 0x49, 0x17, 0x5E, 0xEF, 0xD4, 0xD8,
  0xC0, 0x44, 0x28, 0x3F, 0x0F, 0x0D, 0xC7, 0xC2, 0x05, 0x24,
  0xEB, 0x02, 0x72, 0x22, 0xF9, 0x2D, 0x2D, 0xCA, 0xE5, 0xD0,
  0x10, 0x16, 0x2F, 0xD0, 0x1A, 0xEE, 0x20, 0x1F, 0x1F, 0xDD,
  0xF6, 0x81, 0xFB, 0xF6, 0x4D, 0x2E, 0x11, 0xEC, 0xF4, 0x0C,
  0x1C, 0x28, 0x9E, 0x10, 0x1E, 0xBC, 0x32, 0x10, 0x41, 0xE4,
  0xA8, 0xDF, 0x18, 0xC5, 0x0B, 0xF9, 0x42, 0xEB, 0xD2, 0x40,
  0xD3, 0x26, 0xC2, 0xE3, 0xC4, 0x38, 0xDC, 0xA5, 0x05, 0xF2,
  0x65, 0x0B, 0xB3, 0xF4, 0xA7, 0xCF, 0x26, 0xFA, 0xFA, 0x0B,
  0xDE, 0xD1, 0xE7, 0x35, 0xEC, 0xCB, 0x20, 0xDE, 0xE1, 0x0D,
  0x10, 0x11, 0x20, 0xE6, 0xE1, 0xE2, 0xF0, 0x1B, 0x1F, 0xFB,
  0x62, 0x0A, 0xE2, 0xC4, 0xF5, 0xF5, 0xE9, 0x17, 0x4A, 0x17,
  0xB5, 0x13, 0x4C, 0xF3, 0xF5, 0x0F, 0x27, 0x08, 0x3B, 0xFC,
  0xD3, 0x1A, 0x1D, 0x19, 0x18, 0x21, 0xE9, 0xBE, 0xF9, 0x0F,
  0x6E, 0x03, 0x0A, 0xD5, 0xEC, 0xBA, 0x7B, 0x35, 0xD8, 0x16,
  0x55, 0x13, 0x5F, 0x37, 0xFF, 0x09, 0xB8, 0xFC, 0x45, 0xF0,
  0x9D, 0xD0, 0xF1, 0xE6, 0xD2, 0xC4, 0xFD, 0x78, 0x61, 0xD1,
  0xC1, 0x7B, 0x03, 0x10, 0xFF, 0xFC, 0x67, 0x97, 0x18, 0x2A,
  0xA5, 0xE3, 0xF8, 0xA1, 0x30, 0x4A, 0xB9, 0x3B, 0x56, 0xEE,
  0x32, 0xEE, 0xE8, 0xE8, 0xB8, 0xE7, 0xC5, 0x93, 0x38, 0x1D,
  0x43, 0xB9, 0xEB, 0xF1, 0x36, 0x23, 0x27, 0xCE, 0xDD, 0xD3,
  0xC2, 0x16, 0x02, 0xD6, 0x12, 0x23, 0xF6, 0xF3, 0x01, 0x2B,
  0x3A, 0x9F, 0x2B, 0x5C, 0xEE, 0xEE, 0xC6, 0xD1, 0x03, 0x0E,
  0x37, 0x69, 0x43, 0xC3, 0x0E, 0xDD, 0x35, 0x3F, 0xB5, 0xF3,
  0x13, 0xEA, 0xB7, 0x4D, 0xBB, 0x57, 0x28, 0xFC, 0xF1, 0x50,
  0xE6, 0xAD, 0xE9, 0xAC, 0xF3, 0x3B, 0xB6, 0xF5, 0x31, 0x59,
  0x20, 0xD3, 0x1E, 0xFB, 0x47, 0xD3, 0xCD, 0x13, 0xEC, 0x13,
  0x02, 0x4A, 0x1C, 0xFB, 0x36, 0x2E, 0x0F, 0xAD, 0xA2, 0xFF,
  0x12, 0x4C, 0x81, 0x06, 0x20, 0x09, 0xDD, 0x74, 0x04, 0xBF,
  0x4D, 0xC2, 0xD3, 0xCA, 0x03, 0x34, 0x0D, 0xA2, 0x10, 0x7D,
  0x4F, 0x45, 0x33, 0xFD, 0x52, 0xDB, 0x01, 0xDD, 0x9A, 0x0A,
  0x03, 0xB0, 0xEC, 0x48, 0xE8, 0xF7, 0x3D, 0xC9, 0xC4, 0x07,
  0xCD, 0xE7, 0xCE, 0xD3, 0xB1, 0x0F, 0x24, 0xD6, 0x2F, 0x09,
  0xE1, 0xC3, 0x6A, 0x24, 0x48, 0xF0, 0x27, 0x31, 0xDF, 0x34,
  0xF9, 0x3E, 0xD3, 0x1C, 0xB7, 0x24, 0xE8, 0x1D, 0xD7, 0xC7,
  0xE1, 0x70, 0xF0, 0x06, 0x18, 0x24, 0x2A, 0x33, 0xAC, 0x0E,
  0x2A, 0xB9, 0xED, 0xD9, 0x0D, 0x46, 0x2F, 0xC0, 0xF5, 0x6C,
  0x13, 0x0A, 0xFF, 0x1A, 0xDF, 0xCD, 0xAA, 0xF5, 0x2E, 0xF8,
  0x3B, 0x04, 0xFF, 0x8F, 0x4D, 0xE4, 0x9F, 0xB9, 0x1C, 0x37,
  0xCE, 0xC5, 0xF3, 0xE5, 0x18, 0xA6, 0xFC, 0x40, 0xFB, 0xD2,
  0x50, 0x07, 0x0B, 0x7F, 0xCF, 0xDB, 0xD7, 0xFE, 0xC2, 0x1E,
  0xE7, 0xE3, 0x37, 0x24, 0xBF, 0x44, 0x35, 0xDD, 0xED, 0x1D,
  0xE8, 0x27, 0x92, 0xC8, 0x13, 0xE2, 0x26, 0x14, 0xED, 0x5E,
  0xC9, 0xD3, 0x20, 0x29, 0xDF, 0x49, 0xD8, 0x00, 0xC7, 0x0B,
  0xFA, 0x48, 0x04, 0x01, 0x42, 0xDE, 0x19, 0x7A, 0x16, 0xB7,
  0xE6, 0x43, 0xEC, 0xFA, 0xFC, 0xDD, 0x7B, 0x9A, 0xD6, 0x51,
  0x0F, 0x04, 0xCE, 0x38, 0xF8, 0xEC, 0x09, 0xE2, 0x0E, 0x68,
  0xF4, 0x57, 0xCE, 0x78, 0x1E, 0x26, 0xDB, 0xBE, 0xFA, 0x14,
  0xEC, 0x1D, 0xE2, 0x0F, 0xEA, 0xC7, 0x15, 0xB1, 0x00, 0xE8,
  0x31, 0x64, 0x51, 0xEC, 0xBC, 0xEB, 0xE2, 0xEF, 0x2F, 0x02,
  0x42, 0x3D, 0x30, 0xD8, 0x09, 0x0B, 0x49, 0x12, 0x16, 0x85,
  0xD6, 0xB1, 0x04, 0xE8, 0x12, 0x0F, 0x0E, 0xF7, 0x26, 0xA0,
  0xF2, 0x53, 0x00, 0x43, 0x28, 0xEE, 0x17, 0x31, 0xD9, 0x42,
  0x33, 0x21, 0x43, 0xF9, 0x5C, 0xBB, 0xFC, 0x0A, 0x25, 0x34,
  0x38, 0x0B, 0xB2, 0x22, 0x27, 0x27, 0x98, 0x13, 0x90, 0x19,
  0x03, 0xCC, 0x25, 0x27, 0x28, 0x1F, 0x17, 0x34, 0x5C, 0xAC,
  0xF5, 0x35, 0x0F, 0xFF, 0xD8, 0x8B, 0xD6, 0xD5, 0xEF, 0x0A,
  0x03, 0x04, 0x4C, 0x37, 0xA4, 0x14, 0xFB, 0x35, 0x01, 0xE7,
  0x0D, 0x1C, 0x15, 0xFC, 0x22, 0xC3, 0xFF, 0x17, 0x24, 0x2D,
  0xC6, 0xE4, 0xE5, 0xDA, 0xDD, 0x0E, 0xEF, 0xD7, 0xCB, 0xFC,
  0x3A, 0x28, 0xD5, 0xE2, 0x26, 0xE6, 0x0E, 0xF7, 0xCB, 0xFC,
  0xBF, 0xAB, 0xEA, 0xD9, 0x0B, 0x26, 0xAB, 0x2B, 0x18, 0x8C,
  0x23, 0x57, 0xFC, 0x32, 0x32, 0xCF, 0xFC, 0xFA, 0xE7, 0xEA,
  0xF0, 0x8D, 0x29, 0x28, 0xBB, 0xD3, 0x11, 0x1E, 0x31, 0x2D,
  0xD6, 0xDC, 0x21, 0x0E, 0xC4, 0x5C, 0xF3, 0xB0, 0x2F, 0x2D,
  0xEE, 0x13, 0xCC, 0xC9, 0x1B, 0x36, 0xC7, 0x20, 0xDE, 0xF8,
  0x1D, 0xEB, 0x39, 0x54, 0x3B, 0x48, 0xD3, 0xCC, 0x23, 0x26,
  0x3E, 0xBA, 0x09, 0xE3, 0xF1, 0xFD, 0xF0, 0x07, 0xDC, 0x47,
  0x3C, 0xF4, 0xA5, 0x10, 0x1B, 0x8F, 0xF2, 0x08, 0xC3, 0x0E,
  0xF4, 0x3A, 0xE9, 0x43, 0x69, 0x4E, 0x57, 0xB5, 0xF7, 0xAA,
  0x15, 0x2B, 0xEB, 0xF2, 0x16, 0xF9, 0x02, 0xB2, 0xDF, 0x88,
  0xE0, 0x6C, 0x22, 0xF5, 0x10, 0xF7, 0xAF, 0x9F, 0x26, 0x18,
  0xF8, 0x33, 0x3C, 0x05, 0x81, 0x09, 0x43, 0x14, 0x01, 0xA7,
  0x05, 0xEA, 0x15, 0x17, 0xC1, 0x23, 0x3B, 0x37, 0xF8, 0xCA,
  0x5D, 0xC2, 0xA4, 0x4B, 0xAE, 0xF7, 0x3D, 0x14, 0x12, 0x17,
  0x14, 0xB1, 0xD0, 0xF4, 0xA8, 0xBB, 0x05, 0xDB, 0x0C, 0xD5,
  0x5A, 0x60, 0xDB, 0x9C, 0x23, 0xF3, 0x39, 0xEA, 0xCD, 0x44,
  0xFE, 0x4B, 0x16, 0x98, 0x27, 0x3B, 0xD8, 0x32, 0x76, 0xE1,
  0x07, 0x08, 0x1C, 0x38, 0x2C, 0x02, 0x8D, 0xE5, 0x55, 0xC9,
  0x3F, 0xA3, 0x63, 0x23, 0xDD, 0xA9, 0x3B, 0xF9, 0xE8, 0xE4,
  0x0E, 0xB6, 0xC8, 0x12, 0xF5, 0x0E, 0xF7, 0xFE, 0x46, 0x40,
  0xFE, 0xFD, 0x1C, 0x17, 0x34, 0x67, 0x0F, 0xDC, 0xA4, 0xF5,
  0xE3, 0xAC, 0xD1, 0xF4, 0x35, 0x3C, 0x1C, 0x30, 0x1B, 0xFF,
  0xD1, 0xF7, 0xD2, 0xF0, 0x1D, 0x63, 0x1D, 0x13, 0x07, 0x4A,
  0x54, 0xBB, 0x3A, 0xF8, 0x40, 0x4F, 0xED, 0xDD, 0x13, 0xC5,
  0xBE, 0x42, 0xFE, 0x1F, 0xC4, 0xE1, 0x05, 0x55, 0x36, 0x88,
  0xD2, 0x94, 0xF0, 0x0F, 0x05, 0xE8, 0x04, 0xF4, 0x01, 0x0D,
  0xF9, 0x2B, 0x1C, 0xE2, 0x27, 0x38, 0x14, 0x4B, 0xD0, 0x2E,
  0xF3, 0xC3, 0x18, 0xF2, 0xF4, 0x10, 0xDF, 0xF1, 0xDF, 0x7E,
  0xFD, 0xF0, 0x27, 0xEC, 0x2E, 0x05, 0xFB, 0xFF, 0xEA, 0xF9,
  0xD5, 0xE3, 0x05, 0x0C, 0x38, 0x11, 0x14, 0xD0, 0x36, 0xD2,
  0x30, 0x20, 0x1A, 0xA9, 0x51, 0x01, 0x08, 0x0A, 0x29, 0x81,
  0x2F, 0x7B, 0xCA, 0x7A, 0x12, 0x50, 0xE3, 0x2B, 0x39, 0xEC,
  0x05, 0x0C, 0xAE, 0x28, 0x4E, 0x67, 0x42, 0xA2, 0x3C, 0xEC,
  0x3C, 0x0E, 0x4E, 0xEA, 0x44, 0xAE, 0xC5, 0x2B, 0x07, 0x26,
  0x29, 0xBD, 0x0D, 0x18, 0xF2, 0xBF, 0x03, 0xB9, 0xEE, 0x3D,
  0xF1, 0xD7, 0xF7, 0x16, 0x1C, 0x24, 0x15, 0xF6, 0x07, 0xD9,
  0x19, 0xB4, 0xFF, 0x1C, 0x0F, 0x06, 0x25, 0x22, 0xC8, 0x3B,
  0x11, 0x05, 0xC3, 0x2E, 0xB8, 0x5E, 0x07, 0xD7, 0x3F, 0xCC,
  0xE7, 0x65, 0x0B, 0xCA, 0xCD, 0xFF, 0xFA, 0x1A, 0xD0, 0x04,
  0x28, 0xDE, 0x31, 0xA7, 0xF7, 0x11, 0x38, 0xE6, 0xE1, 0xF9,
  0xEE, 0xE6, 0x29, 0x0A, 0xEA, 0xAD, 0xCE, 0x39, 0xAD, 0x33,
  0x00, 0x47, 0xCF, 0xE2, 0xD0, 0xED, 0xE4, 0x21, 0xEA, 0xBA,
  0x0F, 0x10, 0x3B, 0x0B, 0x27, 0xEB, 0xFD, 0x31, 0xFF, 0x54,
  0x29, 0x0B, 0xBB, 0x14, 0x42, 0xF4, 0xBF, 0xA2, 0x7F, 0x15,
  0xDB, 0x1E, 0xF7, 0x07, 0x5C, 0xE1, 0xE4, 0xC6, 0x11, 0x28,
  0x1C, 0x1E, 0x1E, 0x11, 0xBD, 0x18, 0xCF, 0xF4, 0x24, 0xC1,
  0xBF, 0x13, 0xFF, 0xA8, 0x5B, 0x4B, 0xE7, 0x04, 0x3C, 0xE7,
  0x42, 0x31, 0x09, 0xEC, 0xE9, 0x0F, 0x10, 0xC6, 0x33, 0x0A,
  0xC5, 0x05, 0x0D, 0x12, 0xD2, 0xED, 0xDD, 0x01, 0x16, 0x1E,
  0xEE, 0xFF, 0x0C, 0xD7, 0x13, 0xA4, 0xE4, 0x19, 0xAE, 0xD4,
  0x21, 0x02, 0xFC, 0xF4, 0x29, 0x12, 0xEF, 0x31, 0x1F, 0xF2,
  0x1C, 0xC0, 0xE5, 0xF0, 0xF5, 0x47, 0xBC, 0x01, 0xD0, 0xC2,
  0xE1, 0x1A, 0x1D, 0x13, 0xD9, 0xDF, 0x2F, 0xB5, 0xEC, 0x61,
  0xB6, 0xBC, 0x0D, 0xF3, 0x35, 0x0F, 0x0A, 0x13, 0xF4, 0xE6,
  0xF3, 0xEF, 0xF2, 0xEF, 0xDF, 0x03, 0x2F, 0x6D, 0x0C, 0xCA,
  0xF6, 0x93, 0xF9, 0x11, 0xDF, 0x34, 0x9D, 0x30, 0xDE, 0xCC,
  0xED, 0x40, 0x3C, 0xC9, 0x08, 0xF4, 0x08, 0x0E, 0x1F, 0x23,
  0xE3, 0xDD, 0x0A, 0xF4, 0x3D, 0xFD, 0x08, 0x04, 0xFE, 0x30,
  0xA4, 0xDB, 0x16, 0x05, 0xFF, 0x00, 0xB9, 0x37, 0xC4, 0x1A,
  0xF6, 0x31, 0xE2, 0x2A, 0xCE, 0xBC, 0x43, 0x23, 0xF9, 0x2B,
  0xF8, 0x27, 0xC9, 0x3C, 0x11, 0x23, 0x3A, 0xEC, 0xF5, 0x21,
  0xE9, 0xFA, 0xD8, 0x22, 0x07, 0xF2, 0x3D, 0xFB, 0x4B, 0x0C,
  0x2B, 0xE2, 0xCF, 0x1E, 0x3B, 0xF9, 0xE9, 0xE4, 0x46, 0xF3,
  0x06, 0x36, 0xB1, 0xEC, 0xE4, 0x11, 0x08, 0xD2, 0x03, 0x1B,
  0xF9, 0xE7, 0x09, 0x25, 0x34, 0xE3, 0x16, 0xE9, 0x09, 0x33,
  0x64, 0x33, 0x28, 0x43, 0x88, 0xDF, 0x3D, 0x10, 0xE2, 0x11,
  0x3D, 0xF6, 0xBA, 0xDA, 0x1E, 0xEC, 0xB5, 0xE9, 0x22, 0x41,
  0xCE, 0xDA, 0x35, 0x1E, 0x1E, 0x33, 0xEC, 0x39, 0x30, 0xCF,
  0xFB, 0xD0, 0x31, 0x22, 0x2B, 0x3B, 0xE2, 0xCB, 0xC3, 0x01,
  0xD1, 0xF7, 0xC3, 0x22, 0x39, 0x66, 0x27, 0xC8, 0x9D, 0xE3,
  0x13, 0xED, 0xC5, 0x32, 0x1C, 0xCD, 0x36, 0xF5, 0x4E, 0x4C,
  0x40, 0xDB, 0x0D, 0xF6, 0x2E, 0x5F, 0x20, 0xF5, 0x2D, 0x96,
  0x07, 0x35, 0xE3, 0xF3, 0x05, 0xDB, 0x0D, 0x2E, 0x09, 0xA9,
  0xD8, 0xE5, 0x38, 0xEC, 0xF5, 0xE4, 0xC5, 0xD6, 0x1F, 0x37,
  0xE6, 0x1F, 0x28, 0xD7, 0xF2, 0x77, 0x25, 0x52, 0x35, 0xCF,
  0x21, 0x85, 0x02, 0xF4, 0x29, 0xD5, 0xF3, 0xA4, 0x3C, 0x42,
  0xAC, 0xF9, 0xD8, 0xF1, 0xF6, 0x24, 0xF7, 0xF5, 0x20, 0x05,
  0xD1, 0xFD, 0x04, 0x45, 0xFC, 0xA3, 0x02, 0xC9, 0x49, 0xFD,
  0x20, 0x3E, 0xF6, 0xF5, 0xE1, 0x18, 0x12, 0x4F, 0x9A, 0x45,
  0x22, 0x15, 0xCB, 0xE4, 0x81, 0xE6, 0x39, 0x71, 0xD3, 0xE3,
  0xF2, 0xFF, 0x24, 0x28, 0xF2, 0x10, 0xE4, 0xDC, 0xDC, 0x3D,
  0x07, 0x25, 0xDF, 0x28, 0x17, 0x1B, 0xE4, 0xFC, 0x1D, 0x75,
  0x20, 0x19, 0xBD, 0x0C, 0x07, 0x20, 0xD3, 0xFC, 0xEC, 0xE9,
  0xFB, 0xF9, 0x70, 0x13, 0x31, 0x0E, 0x14, 0x2F, 0x1D, 0x28,
  0xEC, 0xBF, 0x14, 0x03, 0x42, 0x1F, 0xDB, 0x12, 0xEC, 0x10,
  0x23, 0x46, 0xC2, 0xFB, 0x41, 0x29, 0x01, 0xDF, 0xD4, 0xDB,
  0x01, 0x20, 0xB9, 0xBB, 0x0B, 0x31, 0x5E, 0xEF, 0xEF, 0x0E,
  0x24, 0x06, 0xE9, 0x58, 0x25, 0x65, 0xA3, 0x24, 0x11, 0xF0,
  0x02, 0xF8, 0xD6, 0x35, 0xD1, 0xA8, 0xCE, 0xE2, 0x22, 0xEE,
  0xE3, 0xD8, 0x1F, 0xE6, 0xCA, 0x20, 0x78, 0xDF, 0x2E, 0xD8,
  0x2A, 0x4A, 0xF0, 0x08, 0xF7, 0x05, 0xFF, 0xE7, 0xDB, 0x1A,
  0xDF, 0xD1, 0xE3, 0x0D, 0x19, 0xF4, 0xF7, 0xCA, 0xCA, 0xEE,
  0xEF, 0x17, 0xE0, 0xD9, 0x56, 0xED, 0xC4, 0xEE, 0x69, 0xE1,
  0x0D, 0xC8, 0x0C, 0x3C, 0xF9, 0x0C, 0xFC, 0x1D, 0xAD, 0x04,
  0xE0, 0x23, 0x05, 0xDF, 0x04, 0xFD, 0x57, 0xF6, 0x34, 0xDD,
  0xE7, 0xEE, 0x18, 0xEE, 0xFC, 0x06, 0x29, 0x06, 0xC1, 0x09,
  0x0E, 0xCF, 0x1A, 0xBC, 0xDC, 0x23, 0x1D, 0xCF, 0x09, 0x07,
  0xB6, 0x13, 0xE0, 0x5A, 0xFF, 0xE6, 0xA7, 0xD9, 0x40, 0x08,
  0x2F, 0xD0, 0xEF, 0xCE, 0xE1, 0xF1, 0x15, 0x2C, 0x21, 0x54,
  0x9E, 0x0F, 0x08, 0x02, 0xE8, 0x19, 0xE5, 0x36, 0x15, 0x12,
  0x2D, 0x2C, 0xD4, 0xFA, 0xDD, 0x7F, 0x30, 0xE1, 0xD5, 0x25,
  0x4D, 0x16, 0xDF, 0xFA, 0x31, 0x02, 0xD1, 0x35, 0xEE, 0x41,
  0x32, 0x2B, 0xD5, 0x40, 0x9C, 0x15, 0xD0, 0xE8, 0x04, 0xFB,
  0x21, 0x0D, 0x15, 0x38, 0xEC, 0x0E, 0x36, 0x21, 0x0E, 0x05,
  0x2B, 0x0C, 0x26, 0x01, 0xBD, 0x1F, 0x4E, 0x14, 0x1C, 0x01,
  0x23, 0x38, 0x37, 0xFB, 0xD3, 0x24, 0x85, 0x4A, 0x1F, 0xDC,
  0xDF, 0xC4, 0x31, 0x3A, 0xF3, 0xE9, 0x2D, 0x01, 0x37, 0x25,
  0x0A, 0xF4, 0x45, 0xD5, 0xF6, 0xE6, 0x9A, 0x1A, 0x28, 0x16,
  0x22, 0x04, 0x20, 0x19, 0xF2, 0xF3, 0xC1, 0xE8, 0xEA, 0x08,
  0x64, 0xD1, 0xF2, 0x11, 0x0B, 0x34, 0xD6, 0xF1, 0x12, 0x10,
  0x08, 0x23, 0x09, 0xF7, 0x4F, 0x00, 0x04, 0xDE, 0xC4, 0x11,
  0xF5, 0x16, 0xD0, 0x1D, 0xFC, 0x4D, 0x35, 0x03, 0x09, 0xC6,
  0xF7, 0x39, 0xF7, 0xFE, 0xCC, 0xF7, 0xFB, 0x0D, 0xC6, 0x00,
  0xF7, 0xEF, 0x21, 0xDF, 0xE5, 0x3E, 0x14, 0x39, 0xC0, 0xC7,
  0x31, 0xD1, 0xF8, 0xDD, 0x02, 0x16, 0x23, 0x0F, 0x10, 0xFB,
  0x03, 0x00, 0xC8, 0x2E, 0x1B, 0x0F, 0x1F, 0x0B, 0x28, 0x02,
  0xD1, 0x37, 0xFB, 0xFF, 0x1B, 0xF9, 0xF4, 0xDF, 0x1B, 0x0F,
  0xE3, 0xF9, 0x19, 0x3E, 0xEA, 0xFE, 0x3D, 0xAE, 0x0F, 0xF8,
  0x01, 0x02, 0xEA, 0xD9, 0xDC, 0xEE, 0x15, 0x1B, 0xD9, 0xAC,
  0x1B, 0x81, 0x05, 0x07, 0xF6, 0x2A, 0xF9, 0xED, 0x1C, 0xDB,
  0x5A, 0x21, 0x9D, 0x1A, 0x19, 0x1F, 0x08, 0x2A, 0x03, 0xC9,
  0xD2, 0xF8, 0x4A, 0xD9, 0x1F, 0xCE, 0xFC, 0xF5, 0xEF, 0x27,
  0xCD, 0x23, 0xD0, 0xDD, 0xFF, 0x30, 0x27, 0xCD, 0xFC, 0xF4,
  0x18, 0x17, 0xF8, 0x09, 0xE8, 0x0C, 0xF3, 0x05, 0x1D, 0x1D,
  0xF0, 0xF8, 0x03, 0xFF, 0x12, 0x9B, 0xFC, 0xC1, 0xDD, 0x0B,
  0x4E, 0x12, 0x0C, 0x33, 0x1C, 0xD9, 0xFA, 0x51, 0x13, 0x09,
  0x2F, 0x23, 0x26, 0xFA, 0x02, 0xFD, 0xC0, 0xDC, 0x3C, 0x34,
  0xB9, 0x13, 0x12, 0xE2, 0x0D, 0x1D, 0x21, 0x3A, 0x39, 0xE0,
  0x10, 0x04, 0x0B, 0x23, 0xEB, 0xD0, 0xF4, 0xAA, 0x21, 0x1E,
  0x33, 0x07, 0xEB, 0xD6, 0x28, 0xDF, 0x10, 0x45, 0x93, 0x0A,
  0x0A, 0xF2, 0x1F, 0x3A, 0x09, 0x17, 0xD9, 0x03, 0x40, 0x26,
  0xE1, 0xF6, 0x11, 0x29, 0x1C, 0xE5, 0xF9, 0xCC, 0x17, 0xD2,
  0x16, 0x1F, 0xF7, 0xE9, 0xB2, 0x29, 0xE8, 0xFC, 0xF2, 0x27,
  0xDD, 0xD8, 0x34, 0x29, 0xE7, 0x28, 0x36, 0x12, 0xF7, 0x2F,
  0xE4, 0xE8, 0x16, 0x08, 0xE5, 0x47, 0x3D, 0xE7, 0x1D, 0xFB,
  0xA5, 0x8A, 0x12, 0xCA, 0x1A, 0xDD, 0xF7, 0x0E, 0xDE, 0xF7,
  0x06, 0xE1, 0xFC, 0x20, 0x05, 0xD0, 0xB8, 0xDE, 0xE4, 0x21,
  0x23, 0x08, 0xE7, 0xBC, 0x61, 0x18, 0xDF, 0x16, 0x37, 0x7F,
  0xF7, 0x31, 0x0C, 0xA7, 0x00, 0xBA, 0x46, 0xD3, 0xF9, 0xD1,
  0xAF, 0xCD, 0xE6, 0x19, 0xF2, 0x03, 0xD9, 0xE6, 0xF9, 0xC5,
  0x1A, 0x30, 0xCC, 0xD6, 0x21, 0xFA, 0x38, 0xE2, 0xF0, 0xEE,
  0x00, 0x27, 0x01, 0x26, 0x14, 0xA8, 0x18, 0xE7, 0x1F, 0xA3,
  0xE8, 0xFE, 0xA9, 0x00, 0xD7, 0x13, 0x03, 0xDB, 0x2F, 0xC8,
  0xF3, 0xBD, 0xE1, 0x15, 0x12, 0xB7, 0x09, 0xE9, 0x0E, 0x0B,
  0x1A, 0xE7, 0x39, 0xEF, 0xFA, 0x1B, 0xEB, 0x88, 0xFD, 0xBB,
  0x35, 0xD9, 0xCB, 0xA6, 0xB1, 0xEC, 0x18, 0x20, 0xE8, 0xFB,
  0x04, 0xAB, 0xB5, 0x06, 0x22, 0x39, 0xE3, 0xC2, 0xE6, 0xCA,
  0x06, 0x4B, 0x00, 0x22, 0x14, 0x19, 0x0D, 0x0A, 0xB9, 0x98,
  0x06, 0x8A, 0x47, 0xEA, 0xF0, 0xF3, 0xBA, 0xD8, 0xD6, 0x2D,
  0x16, 0x0D, 0x1C, 0xD6, 0xBF, 0xD7, 0xC8, 0x2B, 0x1B, 0xEC,
  0x12, 0x15, 0xFF, 0x12, 0x36, 0xC1, 0x46, 0x43, 0x33, 0x15,
  0xDA, 0x9C, 0x09, 0xD8, 0x0A, 0x05, 0xBB, 0xEA, 0xC1, 0xD3,
  0xB3, 0xFA, 0x2F, 0x04, 0xCF, 0xD1, 0xB5, 0xF4, 0xE3, 0x28,
  0x04, 0xB9, 0x19, 0x0D, 0x17, 0x23, 0x03, 0xEF, 0x07, 0x23,
  0xEB, 0x25, 0x02, 0xC5, 0x36, 0xDD, 0xED, 0xFE, 0xF0, 0xD2,
  0x03, 0xE1, 0xCF, 0xF3, 0x2E, 0x0C, 0x3F, 0xC2, 0x63, 0xA8,
  0x29, 0x21, 0xA0, 0x0C, 0x23, 0x14, 0xFB, 0x1E, 0xEA, 0xDA,
  0x0E, 0xF9, 0xD1, 0x78, 0xCD, 0xAF, 0x39, 0xFA, 0xE6, 0xD7,
  0x50, 0xA3, 0xF8, 0xEF, 0xEA, 0x81, 0xF8, 0x09, 0x01, 0x0C,
  0x40, 0xEF, 0x00, 0x08, 0xEB, 0x0E, 0xC4, 0x36, 0xC0, 0x0B,
  0x1A, 0xF2, 0x13, 0xB5, 0xFC, 0x6A, 0x10, 0xF5, 0x14, 0xE6,
  0xBC, 0xBF, 0x0C, 0x6B, 0x28, 0xEC, 0xA0, 0xC4, 0xC7, 0x53,
  0x14, 0x65, 0xD7, 0xE8, 0x06, 0xCC, 0xD5, 0xEF, 0x23, 0xF4,
  0x19, 0x2B, 0x39, 0xEC, 0x0A, 0xAA, 0x48, 0x1D, 0xF5, 0xB7,
  0xF3, 0xF1, 0x1A, 0x45, 0xFE, 0xD2, 0x35, 0xC2, 0x51, 0xAE,
  0xEB, 0x09, 0x7A, 0x19, 0xF8, 0x26, 0xF6, 0x47, 0xF0, 0xEB,
  0x3D, 0xDF, 0xD6, 0x1D, 0x27, 0x13, 0x1B, 0xFD, 0xCB, 0x27,
  0xC4, 0x14, 0xE9, 0xD3, 0x12, 0x00, 0x32, 0xED, 0x33, 0xD8,
  0xF6, 0xF0, 0x43, 0x0F, 0x2A, 0x01, 0x4F, 0xF4, 0x1C, 0x21,
  0x88, 0x43, 0xEC, 0xEF, 0x0F, 0x2C, 0xDB, 0x1E, 0xEE, 0x05,
  0x08, 0x77, 0x1F, 0x02, 0xBB, 0xFD, 0x2A, 0xE1, 0xF3, 0x08,
  0xFD, 0xC1, 0xEE, 0x64, 0x13, 0x3B, 0xDF, 0x3F, 0x15, 0xE5,
  0x67, 0x15, 0x85, 0xEF, 0x2D, 0xF2, 0x08, 0xE3, 0x24, 0x00,
  0x0D, 0x2D, 0x1F, 0x7D, 0xDB, 0x14, 0xB5, 0x42, 0x2D, 0xDB,
  0xE7, 0xDB, 0x0C, 0xD7, 0x08, 0xA6, 0xFD, 0x14, 0x26, 0x19,
  0x05, 0xD7, 0xD9, 0x33, 0xC9, 0xCA, 0x1D, 0x08, 0x91, 0xFC,
  0x28, 0x33, 0xFE, 0xC9, 0x06, 0x37, 0xE5, 0xFD, 0x00, 0xCC,
  0xE7, 0xA5, 0x0B, 0x5A, 0x1C, 0x03, 0xBA, 0x20, 0x16, 0x7B,
  0x0A, 0xBE, 0xE2, 0x58, 0xFC, 0x44, 0x11, 0x14, 0x30, 0xA3,
  0x22, 0x23, 0xBF, 0xF9, 0x23, 0x10, 0xC7, 0x9E, 0xFD, 0xD3,
  0x2E, 0x01, 0x2F, 0x18, 0x41, 0xC2, 0xC7, 0xC3, 0x22, 0x6A,
  0x81, 0xA6, 0xDE, 0xCD, 0xAB, 0xD2, 0xD1, 0x51, 0x0B, 0x49,
  0x19, 0xD9, 0x60, 0xF8, 0x0B, 0xB0, 0xE6, 0x6D, 0xCA, 0xDE,
  0x0E, 0xD5, 0x51, 0x20, 0x39, 0x57, 0xDD, 0x1A, 0xFC, 0x30,
  0xCE, 0x44, 0xF5, 0xF0, 0x02, 0x11, 0x0B, 0x60, 0xE4, 0xF0,
  0x0B, 0xF2, 0x12, 0x1D, 0xF0, 0xF5, 0xFA, 0x22, 0x28, 0x58,
  0xEA, 0xAA, 0x16, 0x8F, 0xDF, 0x23, 0x0C, 0x28, 0x9F, 0x04,
  0xD2, 0xAA, 0x03, 0x61, 0x08, 0xE6, 0xEE, 0x67, 0xD9, 0x05,
  0x0D, 0x12, 0xDF, 0xFF, 0x37, 0x7C, 0x27, 0x2D, 0xF5, 0xEF,
  0xED, 0x3C, 0x1F, 0xF1, 0x38, 0xBD, 0x4B, 0x5D, 0xF3, 0xB5,
  0xB5, 0xC0, 0xC3, 0xF0, 0x14, 0x34, 0xF7, 0x23, 0x31, 0xF8,
  0x40, 0x15, 0xD9, 0x7B, 0xFE, 0x02, 0x01, 0xCF, 0xEF, 0x30,
  0xD0, 0x0A, 0xE8, 0xE8, 0xD1, 0x0D, 0xFA, 0x07, 0xE9, 0x69,
  0xF2, 0xD7, 0x04, 0x2F, 0xB5, 0x30, 0x26, 0x24, 0x04, 0xDB,
  0x54, 0x26, 0xDF, 0xEF, 0x0F, 0x26, 0x0D, 0x29, 0xC0, 0x21,
  0x18, 0xF0, 0xBE, 0xD3, 0xA2, 0x1A, 0x13, 0xC2, 0x23, 0xD8,
  0x39, 0x07, 0xF1, 0x23, 0x44, 0xDA, 0xBF, 0xFD, 0x35, 0x47,
  0x0A, 0xDC, 0x1E, 0xBE, 0xA7, 0x2C, 0xF5, 0x18, 0x37, 0xFB,
  0xED, 0x01, 0xC7, 0x30, 0xCF, 0x0B, 0xA3, 0x1F, 0xCB, 0xE4,
  0xC5, 0x0D, 0x14, 0x1E, 0xF1, 0xFE, 0x00, 0xDF, 0xBE, 0x02,
  0xF0, 0x3F, 0x27, 0xB8, 0xEF, 0x0F, 0x02, 0xF0, 0x03, 0xFA,
  0x1C, 0xEF, 0xF6, 0x28, 0x3B, 0x2B, 0xB1, 0x0D, 0xAD, 0x38,
  0xF2, 0xC0, 0x4E, 0xEF, 0x33, 0xE6, 0x0A, 0x13, 0x1D, 0xE5,
  0xEC, 0x2A, 0x0E, 0x14, 0xA9, 0xFA, 0xFD, 0x18, 0xB0, 0x27,
  0xCC, 0x0B, 0x54, 0x03, 0x0A, 0x5C, 0x1C, 0xFF, 0xFD, 0xE0,
  0x1D, 0x24, 0x0A, 0xD7, 0x17, 0xC2, 0xE0, 0xF4, 0x30, 0x40,
  0x18, 0xB6, 0xD9, 0xF3, 0x04, 0xFA, 0xC2, 0x3C, 0xEF, 0x17,
  0x1C, 0x13, 0xC1, 0x1C, 0xE7, 0xF6, 0x49, 0x3C, 0xF0, 0x0B,
  0x00, 0x2C, 0xF3, 0xEC, 0x20, 0xBE, 0x38, 0xC4, 0x08, 0x56,
  0x47, 0xBD, 0xCE, 0xED, 0x1F, 0xE3, 0x33, 0x35, 0x4C, 0x2E,
  0x58, 0x00, 0x18, 0xF3, 0xFE, 0xFD, 0x10, 0xA3, 0xD4, 0xBD,
  0x1E, 0x26, 0xA2, 0x09, 0xDE, 0x0D, 0xFA, 0x83, 0x35, 0x21,
  0xDC, 0x50, 0xD8, 0xCD, 0x1F, 0x14, 0x19, 0xEE, 0x1D, 0x0A,
  0xF5, 0x32, 0xF4, 0x1E, 0x09, 0xF8, 0x3D, 0x0B, 0x3D, 0x01,
  0xDC, 0x03, 0xFF, 0x07, 0xC3, 0xAD, 0x81, 0x74, 0xF3, 0x00,
  0x39, 0xF0, 0x16, 0xF7, 0x35, 0x1B, 0xF7, 0xF2, 0xB4, 0xDA,
  0x18, 0x45, 0xBC, 0x00, 0x2A, 0xB9, 0x44, 0x0A, 0x03, 0x3C,
  0x0A, 0xEC, 0xF2, 0xE2, 0xB7, 0xE3, 0x8E, 0xF5, 0xBA, 0x65,
  0xEA, 0x1A, 0x17, 0xEA, 0xFE, 0xE3, 0xFE, 0xFE, 0x19, 0xF0,
  0xF9, 0x25, 0xB1, 0x0E, 0x07, 0xB3, 0xFB, 0x31, 0x03, 0x22,
  0x41, 0x3C, 0x47, 0xD7, 0x0F, 0x31, 0x07, 0x3F, 0xF6, 0xE5,
  0x03, 0x15, 0x28, 0x31, 0x27, 0xC6, 0x08, 0xFB, 0xDD, 0xDE,
  0xF0, 0xDA, 0x26, 0x34, 0x08, 0x33, 0x00, 0x8D, 0x2E, 0x18,
  0x0F, 0x10, 0xFB, 0xDD, 0xDC, 0x03, 0xFC, 0xF1, 0x01, 0x06,
  0x17, 0x20, 0xFF, 0x45, 0xE7, 0xF2, 0xC0, 0x1D, 0xF8, 0x39,
  0x26, 0xD2, 0xD1, 0xD0, 0xD7, 0xD3, 0x35, 0x09, 0x81, 0x29,
  0x20, 0x14, 0x58, 0x1C, 0x29, 0x11, 0xCC, 0x0B, 0x44, 0x05,
  0xEB, 0xD6, 0xDB, 0x1B, 0xE5, 0x0E, 0x07, 0xF7, 0xE7, 0xF2,
  0x30, 0xF9, 0x24, 0xC9, 0x1F, 0xC3, 0xF7, 0xD6, 0x21, 0x38,
  0xA7, 0xCE, 0x1D, 0x27, 0x26, 0x1C, 0x28, 0x0A, 0xE3, 0x0C,
  0x24, 0xAC, 0x0D, 0x01, 0x0F, 0x01, 0x3D, 0xE3, 0x1C, 0x01,
  0xE9, 0xC6, 0x00, 0x5B, 0x37, 0x02, 0x2B, 0xD3, 0xCE, 0xD1,
  0x2E, 0xFC, 0x01, 0xCF, 0x60, 0x32, 0xF6, 0x00, 0xE4, 0x07,
  0x43, 0x14, 0x1A, 0xC8, 0x24, 0xF8, 0xB7, 0x1F, 0x0B, 0xFE,
  0xEA, 0xD1, 0xF8, 0xAD, 0x09, 0x0A, 0x1A, 0xEE, 0xEF, 0xB6,
  0xEA, 0xCE, 0xEC, 0x64, 0xC7, 0xD5, 0x57, 0xED, 0x0F, 0xF4,
  0x2C, 0xF1, 0xBE, 0xF2, 0x2E, 0xF0, 0x54, 0xC8, 0xD7, 0x13,
  0x21, 0x68, 0x8C, 0xE8, 0xD7, 0x99, 0xD1, 0x01, 0x03, 0x13,
  0xC7, 0x59, 0x12, 0xB6, 0xB7, 0x22, 0xD0, 0xDB, 0x23, 0x33,
  0x03, 0xF8, 0xEE, 0xFC, 0xEE, 0x2E, 0xD9, 0x61, 0x24, 0x07,
  0xD0, 0xFE, 0xF2, 0x0A, 0xC3, 0xE4, 0xFB, 0xF4, 0x48, 0xE1,
  0xE2, 0xDF, 0xF0, 0xDE, 0xFA, 0x05, 0x24, 0xF7, 0xD6, 0xBE,
  0x05, 0x39, 0xCE, 0x45, 0xE6, 0x2C, 0xBF, 0xF1, 0xFC, 0x13,
  0x2C, 0x5A, 0x08, 0x2E, 0xEE, 0x0E, 0x1F, 0x29, 0xCA, 0x05,
  0x1C, 0x37, 0x15, 0xEC, 0x06, 0x23, 0xD7, 0xDE, 0xF1, 0x01,
  0x13, 0x48, 0x62, 0x25, 0x2D, 0x19, 0x51, 0x37, 0xE1, 0x01,
  0xAC, 0xB9, 0xFE, 0xD1, 0xC7, 0xE7, 0xF1, 0x4D, 0x29, 0xDE,
  0xFA, 0xE8, 0x00, 0xB8, 0xF5, 0x2A, 0xD9, 0x34, 0x18, 0xD9,
  0x31, 0xF9, 0xC5, 0x1B, 0x19, 0x10, 0xEA, 0xD1, 0x02, 0xE6,
  0x36, 0xF8, 0xC0, 0x2E, 0xF7, 0xD5, 0xAA, 0xFB, 0x3B, 0x39,
  0xD1, 0xBE, 0x2C, 0x99, 0x41, 0xC4, 0x09, 0x16, 0xD3, 0xF9,
  0x33, 0xF7, 0x28, 0x40, 0xCB, 0xE5, 0xEC, 0x00, 0x00, 0xD7,
  0x17, 0x21, 0x04, 0x2B, 0x39, 0x16, 0x14, 0xF0, 0xB9, 0x03,
  0x45, 0x0B, 0x81, 0xAF, 0xF9, 0xAD, 0x1E, 0x0F, 0xF8, 0x16,
  0x05, 0xD7, 0x3B, 0xE5, 0x27, 0x11, 0xF8, 0xEE, 0x28, 0x28,
  0xDC, 0xF0, 0xD5, 0x3B, 0x00, 0xF6, 0x17, 0xD4, 0x25, 0x35,
  0xFC, 0xA8, 0x71, 0x2F, 0xEB, 0xEE, 0xC8, 0xAA, 0x10, 0x07,
  0x0C, 0x30, 0xED, 0x01, 0xF4, 0xF1, 0x61, 0x1D, 0x2C, 0x0F,
  0x33, 0x56, 0xB7, 0x0C, 0x2C, 0x55, 0x03, 0x9D, 0x0A, 0xD3,
  0x2B, 0x48, 0x0A, 0x8D, 0x42, 0x10, 0x21, 0xC3, 0x08, 0xF5,
  0x0B, 0x12, 0x1F, 0xFC, 0x96, 0x34, 0xF5, 0xDD, 0x34, 0x5E,
  0x03, 0x17, 0x02, 0x1F, 0xA5, 0x00, 0x1B, 0x2A, 0xBA, 0xBF,
  0x0F, 0x0C, 0x0A, 0x2E, 0x6E, 0x05, 0xE9, 0x0B, 0xE0, 0x96,
  0xDD, 0x77, 0x14, 0xFB, 0xF6, 0xF9, 0x8D, 0xE4, 0xDE, 0xE0,
  0x20, 0x02, 0xF1, 0xE9, 0xE5, 0x18, 0x28, 0x07, 0x00, 0x21,
  0x19, 0xEB, 0xEF, 0x00, 0xF5, 0x1F, 0x5B, 0xE4, 0xA5, 0x09,
  0x11, 0x03, 0x01, 0x5E, 0x19, 0x20, 0x0F, 0xF1, 0xD3, 0xFB,
  0xEA, 0xDB, 0x15, 0xE6, 0xD7, 0xEB, 0xFE, 0xCA, 0x25, 0xFC,
  0x2F, 0xCD, 0x1C, 0xD6, 0x2D, 0xE0, 0x20, 0x40, 0xF5, 0x0B,
  0x3E, 0x14, 0x2A, 0xE0, 0xC2, 0x07, 0x12, 0xD2, 0xEA, 0xE5,
  0x08, 0x11, 0xCF, 0xBB, 0xE9, 0x02, 0x1A, 0x1E, 0x48, 0x1E,
  0xF7, 0x11, 0xCC, 0x07, 0x0B, 0xAB, 0xC9, 0xC5, 0x5A, 0x26,
  0x3E, 0xCE, 0xC9, 0x53, 0xE6, 0xB7, 0xE4, 0x0B, 0x30, 0xD6,
  0x15, 0xE0, 0x0B, 0x0E, 0x81, 0xAC, 0x4D, 0x21, 0xED, 0xFF,
  0x0E, 0x26, 0xDB, 0xD5, 0xF2, 0x1B, 0xCF, 0xED, 0xD4, 0xCF,
  0x31, 0x2C, 0x52, 0x07, 0xC3, 0xFC, 0xFD, 0xEC, 0xEA, 0x10,
  0x2B, 0x4B, 0x19, 0xCE, 0xF2, 0xB3, 0xF3, 0xEC, 0xB4, 0x0D,
  0x25, 0x02, 0x1F, 0xCA, 0xCF, 0xF9, 0x06, 0xEB, 0x16, 0xEC,
  0x0C, 0xD9, 0x17, 0xF1, 0xFB, 0x3D, 0xE4, 0x2C, 0xF2, 0xE5,
  0xF7, 0x10, 0x37, 0xDD, 0xE3, 0xF3, 0xE6, 0xEC, 0xBD, 0xF7,
  0xC9, 0x2A, 0xD2, 0xE9, 0x44, 0x1B, 0xE3, 0xF8, 0xFD, 0x17,
  0x17, 0xF6, 0x22, 0xF2, 0xFF, 0x18, 0x24, 0x2F, 0x07, 0x43,
  0xE1, 0xD2, 0xE3, 0x07, 0x47, 0xDA, 0x0C, 0xBF, 0xF9, 0xF3,
  0x95, 0xD9, 0x05, 0x26, 0x01, 0xF8, 0x46, 0x13, 0xD9, 0xFB,
  0x08, 0xF3, 0x13, 0xF4, 0x1F, 0xD1, 0x4D, 0x53, 0x24, 0xBF,
  0x19, 0x16, 0xF4, 0x01, 0xDD, 0x46, 0x38, 0xCE, 0x0D, 0xD4,
  0x06, 0x31, 0xCD, 0xC1, 0xD9, 0x08, 0xE0, 0x36, 0x10, 0xD6,
  0xFC, 0x0E, 0xA1, 0xED, 0x17, 0x23, 0xF4, 0xEB, 0x41, 0x4A,
  0x54, 0x0B, 0x17, 0x06, 0x0D, 0xA7, 0xFB, 0xF8, 0x3D, 0xD9,
  0xDC, 0x18, 0xE5, 0xAF, 0xD9, 0xF0, 0x0E, 0x08, 0xFD, 0xDA,
  0x00, 0x05, 0x31, 0x04, 0x18, 0xF2, 0x0D, 0xFA, 0x39, 0x23,
  0xDD, 0x2D, 0xAE, 0x5F, 0x4D, 0x12, 0x1F, 0xD6, 0x8F, 0xD5,
  0x3C, 0xBE, 0xF7, 0x03, 0x98, 0xF1, 0xEC, 0x04, 0xCA, 0xF8,
  0xF4, 0xF4, 0xF4, 0x27, 0xF4, 0xDC, 0x40, 0xEF, 0x0C, 0xFF,
  0xF9, 0xED, 0xFE, 0x21, 0x06, 0xFB, 0x0F, 0x7F, 0xE3, 0x1C,
  0xA0, 0xE1, 0x49, 0xDF, 0x0F, 0xDB, 0xB2, 0xFD, 0xC9, 0x93,
  0x13, 0x38, 0x15, 0x31, 0xDA, 0x2F, 0xCD, 0xA9, 0xE5, 0x08,
  0x16, 0x02, 0xF6, 0x09, 0x3C, 0xF2, 0x0E, 0xEA, 0xBA, 0x62,
  0xCA, 0xDB, 0x3A, 0xD7, 0x29, 0xEE, 0xE2, 0xB0, 0x44, 0xB3,
  0xB1, 0xDD, 0xA8, 0x2D, 0x0C, 0x0A, 0xDE, 0xE4, 0xDB, 0xDA,
  0x17, 0x28, 0x4E, 0xEB, 0xC7, 0x1F, 0xD0, 0xD3, 0x10, 0xFF,
  0xF0, 0xE9, 0xB3, 0xFB, 0x2E, 0xBE, 0x06, 0xBB, 0x1D, 0xAE,
  0x13, 0xF0, 0xED, 0x2F, 0xB2, 0xF2, 0x61, 0xCB, 0x0B, 0xCB,
  0xF4, 0xAA, 0xE7, 0x08, 0x32, 0xC4, 0x07, 0x02, 0xC2, 0x0E,
  0x0F, 0x1C, 0x07, 0x1F, 0x08, 0xF0, 0x1D, 0x26, 0xE7, 0xBE,
  0xF8, 0xBB, 0xF8, 0x20, 0x15, 0x3F, 0xE6, 0x09, 0x5B, 0xEC,
  0xD0, 0x05, 0x12, 0xFF, 0xFD, 0x0B, 0x13, 0xEF, 0x0C, 0x18,
  0xB5, 0x26, 0xE6, 0x00, 0x36, 0xF5, 0x35, 0x13, 0x27, 0xFF,
  0xFF, 0xDC, 0xB8, 0xE2, 0xEA, 0x4B, 0x0E, 0xFF, 0xF8, 0x12,
  0x39, 0xE4, 0xF0, 0x3B, 0x0A, 0xF8, 0x8F, 0xD5, 0x0D, 0x12,
  0x16, 0x12, 0xE0, 0x2E, 0xAB, 0xE3, 0x1F, 0x1D, 0x09, 0x08,
  0x04, 0xFA, 0x3A, 0x0B, 0xBE, 0xE7, 0xE1, 0x2B, 0xFE, 0xF7,
  0x19, 0xC0, 0x39, 0xEC, 0x1B, 0xF1, 0x34, 0x07, 0xEC, 0xCD,
  0xDF, 0x13, 0xC0, 0x01, 0x10, 0x0A, 0x1E, 0x1F, 0xDE, 0xDF,
  0x3F, 0x52, 0x06, 0xD8, 0xEB, 0x15, 0x05, 0x13, 0x68, 0x20,
  0xF7, 0xDB, 0xBD, 0xF7, 0x08, 0x05, 0x0B, 0x19, 0x16, 0xFA,
  0x16, 0xE4, 0xCF, 0xFD, 0x2D, 0xF9, 0xBB, 0xCB, 0x14, 0xDA,
  0x43, 0xE9, 0x55, 0x11, 0x19, 0xFF, 0xBC, 0x0D, 0xFA, 0xA9,
  0x11, 0x1C, 0xEE, 0x14, 0xBD, 0x1A, 0xEC, 0x34, 0x32, 0x66,
  0xE3, 0xF0, 0xEE, 0x14, 0x00, 0x35, 0xE1, 0x15, 0xC2, 0xFA,
  0xF5, 0x31, 0xF1, 0xD7, 0x24, 0xF9, 0xFF, 0x19, 0xF2, 0xD4,
  0xFE, 0xAF, 0xEB, 0xD3, 0xDE, 0xFC, 0x07, 0xE5, 0x0A, 0x5D,
  0x4C, 0x27, 0x0D, 0xEA, 0x02, 0x0A, 0xFF, 0x02, 0x08, 0xDD,
  0xEB, 0x1C, 0xEF, 0xF8, 0x29, 0xA0, 0xD1, 0x00, 0xCA, 0x12,
  0x07, 0xCE, 0x10, 0xDF, 0xCF, 0xDB, 0xE1, 0xE7, 0xE0, 0xE5,
  0x03, 0x02, 0xF4, 0x19, 0x25, 0xFE, 0x33, 0xF1, 0x03, 0x2E,
  0xC5, 0x01, 0x3E, 0x37, 0xFD, 0x2C, 0xDB, 0xE9, 0xFE, 0xE7,
  0xC8, 0x12, 0x5A, 0xE4, 0x39, 0x2D, 0x2D, 0x01, 0xF9, 0x05,
  0xF4, 0xF3, 0x0E, 0x03, 0xED, 0x13, 0x1A, 0x28, 0x08, 0x93,
  0xF0, 0x06, 0xB3, 0x46, 0x21, 0xFA, 0x0B, 0x33, 0xEF, 0xE9,
  0x03, 0x06, 0x2D, 0x13, 0xE7, 0xFB, 0xED, 0xF1, 0x72, 0x20,
  0xEE, 0xD1, 0xDC, 0x01, 0x08, 0xDE, 0x17, 0xD7, 0xF9, 0xF9,
  0xC2, 0xCC, 0x20, 0x1C, 0x13, 0x33, 0xF5, 0xBC, 0x47, 0x37,
  0xD4, 0xD9, 0x46, 0x41, 0x22, 0x00, 0x81, 0x18, 0xEF, 0xCA,
  0x58, 0x2E, 0x0A, 0xCD, 0xCC, 0xD4, 0xDA, 0xF5, 0x05, 0xD8,
  0x1B, 0x2F, 0xCE, 0xAF, 0xE2, 0x07, 0xBB, 0x4F, 0x10, 0xDA,
  0xF0, 0xCD, 0xBD, 0xEE, 0x1D, 0x33, 0x27, 0x09, 0xFF, 0xCB,
  0x2B, 0x1B, 0x1B, 0xC8, 0x19, 0x0B, 0xF0, 0x1B, 0xC8, 0x06,
  0xB6, 0x0B, 0x28, 0x53, 0xEF, 0xB7, 0xFB, 0x35, 0x22, 0x03,
  0x26, 0x81, 0xF4, 0x56, 0x23, 0xB0, 0x23, 0x3F, 0xE7, 0xFF,
  0xCB, 0x4B, 0xDC, 0x9D, 0x25, 0x24, 0x06, 0x0A, 0xDD, 0x00,
  0x09, 0x2E, 0x5D, 0x39, 0x46, 0x2A, 0xE5, 0xFC, 0xF6, 0x09,
  0x69, 0xDD, 0xFD, 0xCA, 0x07, 0x0E, 0x08, 0xD8, 0x3F, 0x06,
  0x02, 0xCF, 0xC4, 0x43, 0xF3, 0xAB, 0x25, 0xFA, 0xE4, 0x0C,
  0x11, 0x34, 0x03, 0x12, 0x6F, 0x0C, 0x37, 0xF6, 0xFC, 0x32,
  0xE2, 0xE6, 0xF0, 0x8F, 0xF5, 0xF5, 0x0D, 0xE6, 0x06, 0xC1,
  0xEA, 0x52, 0xF1, 0xB1, 0x03, 0x03, 0x05, 0xAA, 0xCF, 0x2F,
  0xBE, 0xE2, 0xBA, 0x11, 0xC7, 0xED, 0x45, 0xF4, 0x42, 0xEA,
  0xFC, 0xF9, 0x04, 0xFF, 0xEC, 0x18, 0xFD, 0x14, 0xE9, 0xE2,
  0x04, 0xD0, 0xEB, 0x30, 0xC1, 0xE5, 0x4E, 0xC3, 0x2D, 0xEA,
  0xC5, 0xE1, 0xE4, 0x1E, 0xFB, 0xE5, 0xD8, 0xF3, 0xF3, 0x1C,
  0x1F, 0x40, 0x0C, 0x95, 0xFC, 0xE2, 0xDA, 0x22, 0xE4, 0x42,
  0x29, 0x41, 0x10, 0x1C, 0xEE, 0x3A, 0xEA, 0x1A, 0x3E, 0xCB,
  0x18, 0xE6, 0x09, 0x3C, 0xF4, 0xCC, 0xEB, 0xFD, 0x5F, 0x3F,
  0x11, 0x2E, 0xFE, 0x4F, 0xD0, 0xC4, 0x07, 0x1F, 0x21, 0x4C,
  0xE9, 0xCE, 0x2E, 0x42, 0x04, 0xD0, 0x58, 0x22, 0xEE, 0x07,
  0xC7, 0x10, 0x17, 0x03, 0x3D, 0x37, 0xEA, 0xB9, 0x2B, 0xD8,
  0xC4, 0x33, 0x1F, 0xCB, 0x04, 0x43, 0x10, 0x40, 0x1C, 0x12,
  0x49, 0x16, 0xD4, 0xD5, 0xAF, 0x92, 0x29, 0xBC, 0x3D, 0x20,
  0xD0, 0xF6, 0x12, 0xD5, 0x0E, 0x2B, 0x39, 0x15, 0x11, 0xF6,
  0xF1, 0x36, 0x03, 0x4C, 0x08, 0xE3, 0xCC, 0x15, 0x26, 0x12,
  0x24, 0xE8, 0xED, 0x54, 0xC0, 0xFB, 0xCD, 0x1E, 0x04, 0x71,
  0x23, 0x3F, 0x1D, 0x0E, 0x3B, 0xE7, 0x10, 0x0C, 0xF7, 0x36,
  0xAF, 0x19, 0x2D, 0x2A, 0x1B, 0x5C, 0xEF, 0x39, 0xF5, 0xF2,
  0x1C, 0xFF, 0xE4, 0xCB, 0x55, 0x2E, 0xB9, 0xA9, 0xB2, 0x18,
  0xE9, 0x67, 0x0B, 0x28, 0xFE, 0xF5, 0x18, 0xEA, 0xFD, 0xFC,
  0xE6, 0xE0, 0x41, 0xDC, 0x0F, 0x07, 0x12, 0x04, 0xD0, 0x34,
  0xED, 0x24, 0xE7, 0x0C, 0x33, 0x1B, 0x03, 0x0C, 0x04, 0xB1,
  0xCC, 0xEE, 0xFD, 0x15, 0xF5, 0x0B, 0x3B, 0xB2, 0x0D, 0x60,
  0xFD, 0x0E, 0x32, 0xED, 0x44, 0xFC, 0xE2, 0x22, 0x40, 0x1D,
  0xDA, 0xDC, 0xEF, 0x12, 0xF2, 0x3F, 0xDF, 0x0F, 0xF0, 0xFA,
  0x04, 0x3C, 0xD0, 0xA9, 0x58, 0x4E, 0x2A, 0x6B, 0x51, 0xD8,
  0xBC, 0x20, 0x11, 0x00, 0xB3, 0x2D, 0x16, 0x41, 0xD3, 0x19,
  0x62, 0x7F, 0xCE, 0x1A, 0xC9, 0xED, 0x1E, 0xD9, 0xDF, 0xC7,
  0x2A, 0x15, 0xCF, 0xF5, 0xF5, 0x3E, 0x42, 0x59, 0x40, 0x02,
  0x60, 0xDB, 0x29, 0xFD, 0x35, 0xFD, 0xAD, 0x13, 0xE1, 0x18,
  0x43, 0xF9, 0x48, 0x30, 0x0B, 0x23, 0x29, 0x52, 0x05, 0xE0,
  0x48, 0x0C, 0x3C, 0x07, 0xCA, 0xFD, 0x0F, 0xF1, 0xE2, 0x2A,
  0x43, 0x38, 0xD8, 0xF3, 0x39, 0x79, 0x0E, 0x11, 0x04, 0x48,
  0x28, 0xFA, 0x64, 0x31, 0xD9, 0xF9, 0x25, 0xE7, 0x14, 0x30,
  0xD1, 0x26, 0xD0, 0xE1, 0x2F, 0xD2, 0x0A, 0xE6, 0x1F, 0xBC,
  0x15, 0xB1, 0xD6, 0x01, 0x05, 0x04, 0xC5, 0x35, 0xBC, 0x57,
  0x31, 0x06, 0x45, 0x81, 0x23, 0xB7, 0xF3, 0xEE, 0x4F, 0x17,
  0x0D, 0xC4, 0xCB, 0x11, 0x02, 0x0D, 0x40, 0x1A, 0x8F, 0xF0,
  0xDD, 0xEC, 0xF3, 0xD1, 0xC9, 0x0F, 0x04, 0x03, 0xCD, 0x35,
  0xA8, 0x05, 0xB0, 0x38, 0x10, 0x1F, 0xEB, 0xD3, 0x35, 0xE3,
  0xE3, 0x3C, 0x1F, 0xDF, 0x13, 0x0F, 0x08, 0x0B, 0x01, 0x4C,
  0xBE, 0x2E, 0xB7, 0xF7, 0xE8, 0xE5, 0xDD, 0x05, 0x2F, 0xD3,
  0x10, 0xDD, 0xD7, 0xDA, 0xB6, 0x5F, 0x13, 0x1A, 0x2D, 0x01,
  0x0D, 0x50, 0xCB, 0x40, 0xD8, 0x08, 0x46, 0x41, 0x02, 0x2A,
  0x26, 0xFC, 0x21, 0x34, 0xC3, 0x1D, 0x2D, 0x46, 0x33, 0x5B,
  0xFE, 0x5D, 0x3B, 0x1C, 0x3C, 0xFD, 0x52, 0xFF, 0x07, 0x08,
  0x1F, 0xE5, 0xF3, 0xF7, 0xC3, 0x32, 0x14, 0x12, 0x33, 0x07,
  0x07, 0xFB, 0xEB, 0xD7, 0xE5, 0x0B, 0xD2, 0x47, 0x3C, 0xFC,
  0xFE, 0xE9, 0xFF, 0x1A, 0x10, 0xD6, 0x0C, 0x2B, 0x4B, 0xFE,
  0xD7, 0xE5, 0x3D, 0xF0, 0xFA, 0x32, 0x02, 0xE9, 0xD2, 0xF2,
  0x11, 0xEA, 0x13, 0x12, 0x21, 0xB5, 0xD7, 0xFF, 0x3D, 0xCE,
  0x40, 0xCC, 0x27, 0x0C, 0xED, 0x12, 0x12, 0xD5, 0x00, 0x47,
  0x04, 0xD9, 0x37, 0xD1, 0x53, 0x85, 0xF0, 0xE2, 0xF2, 0xB6,
  0x2C, 0xE2, 0xF3, 0xFE, 0xEE, 0xDC, 0xDB, 0xF8, 0x88, 0xFB,
  0x0E, 0xAE, 0xFC, 0xC5, 0xE7, 0x09, 0x1A, 0xEF, 0x0E, 0x0C,
  0xCC, 0xE0, 0xCE, 0x09, 0x10, 0x03, 0xC3, 0xED, 0x2B, 0x1E,
  0xBE, 0xCB, 0xF7, 0xD4, 0xF9, 0xE1, 0x19, 0x0B, 0x5E, 0x46,
  0x98, 0xFF, 0x17, 0x09, 0x10, 0x11, 0xB6, 0x0B, 0x1D, 0x28,
  0xDC, 0x26, 0xB0, 0xCB, 0x0C, 0x23, 0x2E, 0xF7, 0xE8, 0xF5,
  0x1C, 0xF5, 0x09, 0x1F, 0x2D, 0x00, 0x06, 0xC3, 0xBF, 0x11,
  0x24, 0x3B, 0xB0, 0xD8, 0x0E, 0xE1, 0x02, 0xB0, 0xF1, 0xF6,
  0x27, 0xC8, 0xFF, 0x4F, 0xC4, 0xD8, 0xC2, 0x39, 0xEE, 0xD8,
  0x0C, 0x19, 0xEA, 0x18, 0xF9, 0x52, 0xC7, 0xF7, 0x43, 0xF8,
  0x11, 0x15, 0x36, 0xFD, 0xF4, 0x37, 0xE3, 0x2D, 0x26, 0x3B,
  0x23, 0x38, 0xF8, 0x1D, 0x2B, 0x46, 0x40, 0x09, 0x01, 0x01,
  0xFA, 0x15, 0x36, 0xFF, 0x1E, 0x1E, 0x15, 0x30, 0x20, 0x1A,
  0xEA, 0x16, 0x15, 0x17, 0x30, 0x14, 0xD0, 0x0F, 0x18, 0xF7,
  0x27, 0xEC, 0xDD, 0x23, 0xFB, 0x2F, 0xF3, 0x29, 0x24, 0x05,
  0xFB, 0x3D, 0x0A, 0xD9, 0xD3, 0x1E, 0x10, 0x66, 0xF8, 0x1E,
  0x0F, 0xF7, 0x09, 0xDB, 0xF5, 0xED, 0xFA, 0xB8, 0xD5, 0x00,
  0x04, 0x38, 0x5C, 0xE5, 0x21, 0xEF, 0xCA, 0xF7, 0xFF, 0x18,
  0x19, 0x33, 0x0B, 0x13, 0x0B, 0xE1, 0x4C, 0xDD, 0xD9, 0x07,
  0xF2, 0xBD, 0xF8, 0x1B, 0x05, 0x16, 0x16, 0x03, 0xDF, 0x05,
  0x9C, 0xE4, 0x19, 0xE3, 0x0C, 0xE9, 0x00, 0x2D, 0xE3, 0x26,
  0x1D, 0x2D, 0x46, 0xF2, 0x02, 0x17, 0xF9, 0xE3, 0xFD, 0xF9,
  0x27, 0x11, 0xE7, 0xBB, 0x10, 0xEE, 0xFC, 0xE4, 0xEA, 0xFC,
  0x03, 0x27, 0xCF, 0xF4, 0xC1, 0xD3, 0xED, 0xAC, 0xFC, 0x09,
  0xE7, 0x81, 0x23, 0xD9, 0x2A, 0xEC, 0xA9, 0x2C, 0xF8, 0xE9,
  0x0C, 0xF5, 0xCD, 0x40, 0xD5, 0x0D, 0xD1, 0xD4, 0xE9, 0x5A,
  0x0C, 0x25, 0x0E, 0x15, 0xC7, 0xDC, 0x1F, 0x1C, 0xFC, 0x35,
  0x21, 0x37, 0xE6, 0x42, 0x05, 0xBB, 0x0F, 0x0B, 0x39, 0x16,
  0xEB, 0x2A, 0xC9, 0x0B, 0xF8, 0x37, 0x84, 0x12, 0x4D, 0x20,
  0xEE, 0xE2, 0xBF, 0x16, 0x15, 0x28, 0xC4, 0x2E, 0x33, 0x1F,
  0x10, 0xCA, 0x1A, 0xF8, 0xE2, 0xC6, 0xF7, 0xFC, 0x24, 0x52,
  0x2D, 0xCD, 0x0C, 0xA4, 0xD6, 0xCA, 0xF0, 0xDA, 0x04, 0xAC,
  0x07, 0x08, 0xCB, 0xDA, 0xDA, 0xD8, 0x37, 0xF1, 0xAF, 0xE5,
  0xE2, 0x1A, 0x11, 0xD7, 0x13, 0x4A, 0x17, 0xF8, 0xF4, 0x53,
  0x1E, 0x32, 0x69, 0xE0, 0x14, 0xE3, 0xF1, 0xED, 0x24, 0xCE,
  0xF3, 0xA0, 0xF4, 0xD0, 0xC8, 0xFD, 0x12, 0xBB, 0x36, 0x3C,
  0xCC, 0xF8, 0xD7, 0xFE, 0xBF, 0xBA, 0xC7, 0x1D, 0x35, 0x92,
  0x29, 0xD3, 0xE4, 0xEF, 0xE0, 0x4C, 0xF1, 0xBB, 0xD2, 0xDA,
  0x11, 0x4A, 0xE7, 0x22, 0x50, 0xF1, 0xF6, 0x19, 0xD9, 0x30,
  0x35, 0x34, 0x2E, 0xEE, 0xC6, 0x9D, 0xF1, 0x15, 0x0B, 0x42,
  0x2F, 0xC7, 0x0D, 0x2A, 0xE1, 0xDC, 0xE4, 0xFE, 0x6F, 0x17,
  0xEB, 0xC7, 0x10, 0x3B, 0x44, 0xFC, 0xD9, 0xC3, 0x2A, 0x36,
  0xE7, 0x1A, 0x0F, 0x13, 0xE8, 0xFC, 0xE7, 0x41, 0x52, 0xF9,
  0xF6, 0x1E, 0xFB, 0xE9, 0xE1, 0xD7, 0x40, 0xEC, 0x20, 0x24,
  0xE8, 0x3B, 0xCE, 0x2C, 0xCE, 0x1D, 0xD3, 0x70, 0x12, 0x04,
  0x43, 0xDC, 0xE6, 0xBF, 0x40, 0x02, 0xF2, 0x3A, 0x0A, 0x1C,
  0x20, 0xD5, 0xED, 0x2D, 0xD7, 0xDB, 0xDC, 0x38, 0xFF, 0x28,
  0xB4, 0x7F, 0x0C, 0xA1, 0x1F, 0x29, 0xBA, 0x14, 0x25, 0x54,
  0xD6, 0x2C, 0x0A, 0x24, 0x0A, 0xEB, 0x0E, 0xCF, 0x07, 0x29,
  0xF1, 0xB8, 0x06, 0x14, 0x0E, 0x16, 0xF9, 0xDB, 0xF2, 0x0C,
  0x68, 0x1F, 0x44, 0xEF, 0xC7, 0x2A, 0x2F, 0xFC, 0xF9, 0xE5,
  0x44, 0xF6, 0xBE, 0xD6, 0x10, 0xD9, 0x11, 0xDC, 0xFE, 0xFB,
  0x2A, 0xDD, 0xF4, 0x26, 0x05, 0x41, 0x59, 0xF1, 0x11, 0xF9,
  0xE8, 0x44, 0x63, 0x03, 0xE6, 0xE0, 0xCA, 0xF1, 0x22, 0xE9,
  0xED, 0x1D, 0x16, 0xF1, 0x08, 0xF6, 0x09, 0xE1, 0x05, 0x15,
  0x30, 0xF9, 0x1E, 0xE5, 0xFC, 0x45, 0xF1, 0x10, 0xF5, 0x81,
  0x0E, 0x2F, 0x11, 0x14, 0x17, 0xED, 0xEB, 0x0B, 0xE6, 0x1A,
  0x2D, 0x05, 0xDD, 0xFE, 0x1A, 0xF6, 0x2D, 0x1E, 0x12, 0xD2,
  0x1D, 0xD6, 0xDF, 0x1D, 0x04, 0xEB, 0xE7, 0x02, 0xEB, 0xFE,
  0x2C, 0x17, 0xD6, 0x01, 0xF7, 0x0A, 0x12, 0xD9, 0x68, 0x17,
  0x0B, 0xFD, 0x2A, 0xD5, 0xB9, 0xF1, 0xFA, 0x25, 0x3A, 0xFB,
  0xF3, 0xCA, 0x3F, 0xF1, 0xEC, 0xD7, 0xB0, 0xE2, 0x8F, 0xFF,
  0x0C, 0x2C, 0x31, 0x40, 0x15, 0xB2, 0xFF, 0x2D, 0x0D, 0x18,
  0x23, 0x13, 0xE6, 0xDA, 0x11, 0xE1, 0xF9, 0x66, 0x43, 0xDE,
  0x3B, 0xE8, 0x51, 0x2A, 0xF0, 0xEC, 0x0F, 0xC9, 0xB8, 0xF9,
  0xB2, 0x02, 0x12, 0x2A, 0xC8, 0xFD, 0x2D, 0xF1, 0xEE, 0x08,
  0xB9, 0xEC, 0x15, 0x43, 0xE8, 0xD4, 0xE9, 0xFA, 0xCF, 0xD6,
  0x2D, 0xED, 0x12, 0x26, 0x69, 0xF6, 0x1E, 0x11, 0x45, 0xC1,
  0x0C, 0xFD, 0xD8, 0xCF, 0xF6, 0x56, 0xA2, 0xE3, 0xF9, 0xC8,
  0x34, 0xCC, 0xD0, 0xE3, 0x0A, 0xF0, 0x6A, 0x01, 0xEC, 0x35,
  0xC0, 0xED, 0x1B, 0x1B, 0x62, 0xEB, 0xFF, 0xFF, 0x04, 0x00,
  0x00, 0x00, 0x00, 0x01, 0x00, 0x00, 0x2E, 0xFB, 0xFF, 0xFF,
  0x54, 0xCD, 0xFF, 0xFF, 0xDB, 0xDB, 0xFF, 0xFF, 0x8D, 0xE5,
  0xFF, 0xFF, 0xAB, 0xE5, 0xFF, 0xFF, 0x63, 0xCB, 0xFF, 0xFF,
  0xBE, 0xDB, 0xFF, 0xFF, 0x66, 0xEA, 0xFF, 0xFF, 0x1C, 0xEE,
  0xFF, 0xFF, 0xB4, 0xF9, 0xFF, 0xFF, 0x0D, 0x48, 0x00, 0x00,
  0x74, 0xEE, 0xFF, 0xFF, 0x30, 0xE8, 0xFF, 0xFF, 0xA0, 0x21,
  0x00, 0x00, 0x3E, 0x01, 0x00, 0x00, 0x45, 0x14, 0x00, 0x00,
  0x92, 0x0E, 0x00, 0x00, 0x47, 0x0E, 0x00, 0x00, 0xA2, 0xD7,
  0xFF, 0xFF, 0xF8, 0xFF, 0xFF, 0xFF, 0xC7, 0xD3, 0xFF, 0xFF,
  0x63, 0xDE, 0xFF, 0xFF, 0x6C, 0xF1, 0xFF, 0xFF, 0x2D, 0xF4,
  0xFF, 0xFF, 0x86, 0xEB, 0xFF, 0xFF, 0x68, 0xB7, 0xFF, 0xFF,
  0x89, 0x16, 0x00, 0x00, 0x29, 0xFB, 0xFF, 0xFF, 0x6C, 0xF2,
  0xFF, 0xFF, 0xE7, 0xFB, 0xFF, 0xFF, 0xBF, 0xFB, 0xFF, 0xFF,
  0x4C, 0x1F, 0x00, 0x00, 0x40, 0xE3, 0xFF, 0xFF, 0x54, 0xC2,
  0xFF, 0xFF, 0x4D, 0x2D, 0x00, 0x00, 0x5B, 0xE1, 0xFF, 0xFF,
  0x27, 0xD7, 0xFF, 0xFF, 0x59, 0xD3, 0xFF, 0xFF, 0x0F, 0xD7,
  0xFF, 0xFF, 0x55, 0xF0, 0xFF, 0xFF, 0xF6, 0xF9, 0xFF, 0xFF,
  0xAD, 0xE1, 0xFF, 0xFF, 0x3D, 0xD9, 0xFF, 0xFF, 0xC8, 0xFA,
  0xFF, 0xFF, 0x04, 0xB0, 0xFF, 0xFF, 0x78, 0xEE, 0xFF, 0xFF,
  0xB7, 0xC2, 0xFF, 0xFF, 0x19, 0xCF, 0xFF, 0xFF, 0x05, 0xF1,
  0xFF, 0xFF, 0x26, 0x8B, 0x00, 0x00, 0x94, 0xEF, 0xFF, 0xFF,
  0xB9, 0xEF, 0xFF, 0xFF, 0x58, 0xE4, 0xFF, 0xFF, 0x2B, 0x03,
  0x00, 0x00, 0xE4, 0xFA, 0xFF, 0xFF, 0x72, 0x0F, 0x00, 0x00,
  0x7B, 0x43, 0x00, 0x00, 0x28, 0xFE, 0xFF, 0xFF, 0x42, 0xF1,
  0xFF, 0xFF, 0xF4, 0x55, 0xFF, 0xFF, 0x0B, 0xFA, 0xFF, 0xFF,
  0x75, 0xD8, 0xFF, 0xFF, 0xF1, 0xEF, 0xFF, 0xFF, 0x3F, 0xF0,
  0xFF, 0xFF, 0x6E, 0xEC, 0xFF, 0xFF, 0x04, 0x00, 0x00, 0x00,
  0x00, 0x10, 0x00, 0x00, 0x23, 0xB3, 0xCA, 0xD2, 0x00, 0x29,
  0x1C, 0x08, 0xEB, 0xFA, 0x15, 0x06, 0xF1, 0x16, 0xF7, 0xD9,
  0xD4, 0x01, 0x30, 0x02, 0xE3, 0xF0, 0x16, 0xEA, 0x08, 0xF1,
  0xFD, 0x07, 0x2E, 0x0D, 0xF6, 0x12, 0xEC, 0x36, 0x00, 0x03,
  0xFA, 0x09, 0x27, 0x0E, 0xFA, 0xFC, 0xF2, 0x1B, 0x2E, 0xC0,
  0x14, 0x06, 0xB9, 0x1E, 0xFD, 0xCC, 0xE4, 0xF7, 0xE8, 0x06,
  0x09, 0x20, 0xFA, 0xD6, 0x1D, 0x17, 0x3C, 0xDC, 0x0A, 0xAB,
  0xBB, 0xD7, 0xF9, 0x39, 0x33, 0xE8, 0xEC, 0xF2, 0x15, 0xDB,
  0xEA, 0xF7, 0x1D, 0x18, 0xE2, 0xFB, 0x54, 0x11, 0xC0, 0x09,
  0xED, 0x0B, 0x3E, 0xF3, 0x25, 0xED, 0x0A, 0x1B, 0x31, 0x28,
  0x0C, 0x1C, 0x18, 0x1C, 0xDF, 0xFF, 0xFE, 0x2A, 0xD3, 0x39,
  0xE9, 0x2B, 0xF7, 0xD6, 0x33, 0xEB, 0xE7, 0x25, 0x18, 0xC1,
  0xF2, 0xD2, 0xD1, 0x03, 0x08, 0xF6, 0x2E, 0xF0, 0xFA, 0x0C,
  0x0D, 0xF8, 0xF3, 0xEC, 0xF8, 0x2F, 0x0A, 0x2C, 0x30, 0x11,
  0x04, 0x07, 0xFA, 0x0A, 0xE0, 0xDD, 0xF9, 0xD0, 0xFB, 0xC0,
  0x25, 0xEC, 0x1A, 0xF3, 0xFB, 0x02, 0x17, 0x38, 0x09, 0xE3,
  0x0A, 0x10, 0x1A, 0xEA, 0xF0, 0x23, 0xDB, 0x17, 0x0D, 0xEF,
  0x27, 0xF6, 0x3E, 0x14, 0x1C, 0x0E, 0x0A, 0x08, 0x21, 0x02,
  0x22, 0xFA, 0x05, 0xFF, 0xF6, 0x21, 0xCF, 0xE0, 0xCA, 0xED,
  0x20, 0x44, 0xFD, 0xF7, 0x03, 0x09, 0xF1, 0x10, 0x1E, 0xAD,
  0xFD, 0x05, 0x46, 0xDC, 0x1E, 0x12, 0x10, 0xC0, 0x24, 0x23,
  0xE4, 0xFF, 0x14, 0xFA, 0x09, 0xF3, 0xCE, 0x05, 0x1E, 0x1D,
  0xF0, 0xE3, 0xF2, 0x1A, 0xE5, 0x2F, 0xFB, 0x26, 0xC7, 0xD4,
  0x30, 0xF1, 0x06, 0x1B, 0xE6, 0xF5, 0xD1, 0xDB, 0xC2, 0x28,
  0xE5, 0x0A, 0xF8, 0x18, 0x08, 0x2D, 0x10, 0xDE, 0xD6, 0xF4,
  0xD5, 0x1D, 0xF9, 0x00, 0xE4, 0xE7, 0x28, 0xF7, 0x26, 0xF0,
  0xF6, 0x39, 0x20, 0x04, 0xFB, 0x19, 0xFC, 0x0A, 0xEC, 0x08,
  0x27, 0x05, 0x32, 0x04, 0xE8, 0x26, 0x05, 0xF6, 0xE5, 0x02,
  0x13, 0x18, 0xF8, 0xF9, 0x05, 0x08, 0xF4, 0xDC, 0xE2, 0x00,
  0xD8, 0x27, 0xFE, 0xED, 0x0C, 0xFC, 0x36, 0x1D, 0x02, 0xE1,
  0x22, 0x01, 0xF8, 0x01, 0xD8, 0x25, 0xCE, 0x07, 0x1E, 0x0C,
  0x01, 0xFD, 0x19, 0x2B, 0xFB, 0xFF, 0x2B, 0x00, 0xEE, 0xEE,
  0x10, 0x14, 0x0F, 0x1C, 0xDE, 0x0E, 0x1F, 0xDA, 0xE1, 0x08,
  0xD5, 0x8F, 0xA8, 0x9F, 0x19, 0xC3, 0x1C, 0x1B, 0x1C, 0x22,
  0x15, 0x26, 0xDA, 0xF0, 0xD8, 0xAA, 0xD7, 0x9C, 0xFE, 0xE2,
  0x1C, 0x23, 0xD9, 0xDA, 0xB2, 0xFE, 0xB5, 0xC9, 0x31, 0xC1,
  0xE3, 0xCC, 0xF0, 0xEC, 0xD9, 0xD4, 0xAE, 0xDB, 0xE8, 0x25,
  0x0D, 0xA7, 0x18, 0x26, 0xDB, 0x10, 0x03, 0x1D, 0xC4, 0x1E,
  0x03, 0xD0, 0xE5, 0xEE, 0xCD, 0xDF, 0xC8, 0x15, 0xF5, 0x39,
  0x39, 0x02, 0xFB, 0xC6, 0xCE, 0x11, 0xF2, 0x0F, 0x2B, 0x3F,
  0x36, 0x25, 0xEC, 0xF2, 0x15, 0x04, 0xBA, 0xEF, 0x1F, 0xF0,
  0x00, 0x1A, 0x09, 0x13, 0xE7, 0x12, 0x15, 0xEC, 0xF6, 0xFF,
  0x0E, 0xE7, 0x03, 0xE3, 0x0B, 0x28, 0x20, 0x0B, 0x38, 0xEC,
  0xF9, 0xF4, 0xEB, 0x08, 0xD3, 0x20, 0x29, 0x18, 0xEE, 0x1B,
  0x1E, 0x2A, 0xFC, 0x07, 0x29, 0xFC, 0x12, 0xF7, 0xF6, 0xE8,
  0xDF, 0x19, 0x27, 0xEE, 0x36, 0x3F, 0x01, 0xF9, 0xF1, 0xFE,
  0x35, 0xFC, 0xF1, 0x21, 0x0C, 0xF1, 0x15, 0xE8, 0xF4, 0x0A,
  0xD9, 0x1F, 0x0D, 0xDB, 0x38, 0x3D, 0x2C, 0xD6, 0xFD, 0x18,
  0x40, 0xF0, 0x47, 0x1E, 0x46, 0x07, 0xEE, 0x3A, 0x13, 0x00,
  0x3B, 0x3A, 0x11, 0x0E, 0x0A, 0x2F, 0x10, 0x03, 0xFF, 0x01,
  0x17, 0xFA, 0x17, 0x36, 0x1A, 0x18, 0x20, 0x1B, 0xFE, 0x3C,
  0x1D, 0x13, 0x0E, 0x09, 0x3A, 0x01, 0x94, 0xF2, 0xF5, 0xC8,
  0xE0, 0xEC, 0xFC, 0x81, 0xAA, 0xCC, 0x17, 0x96, 0xFF, 0x10,
  0x0C, 0x1D, 0x1B, 0x00, 0xEB, 0x19, 0xB4, 0x99, 0xFB, 0x94,
  0xC7, 0xE2, 0x1C, 0x2E, 0xD2, 0xBC, 0x99, 0x28, 0xDA, 0xE0,
  0x0D, 0x8B, 0xCB, 0xC7, 0xCE, 0xD3, 0xC1, 0xD5, 0xBC, 0xF4,
  0xD7, 0x0A, 0xFC, 0xB1, 0x3A, 0x11, 0xF9, 0xFA, 0xC0, 0xEC,
  0xB4, 0x2D, 0x34, 0xB4, 0xDA, 0x20, 0xCC, 0xEE, 0xF3, 0xC1,
  0xD7, 0xCD, 0xF6, 0xFD, 0x07, 0xFD, 0x1C, 0xEB, 0x14, 0x03,
  0x02, 0xF9, 0x0C, 0x05, 0xCE, 0x10, 0xFD, 0xF1, 0xEC, 0x02,
  0xE4, 0xED, 0xF1, 0xF0, 0x06, 0xF3, 0x11, 0x23, 0x19, 0xE9,
  0xF8, 0xE9, 0x0A, 0xDB, 0x05, 0xEB, 0xD6, 0x0E, 0xCC, 0xFB,
  0xE9, 0x16, 0x18, 0xE6, 0x15, 0xE1, 0x13, 0x10, 0x1D, 0x11,
  0xF7, 0x39, 0xF4, 0x1E, 0x08, 0xF3, 0xF3, 0x06, 0x17, 0x11,
  0x02, 0xEF, 0xFE, 0x02, 0xF0, 0xFC, 0x1D, 0xFD, 0xEA, 0x22,
  0xFF, 0x07, 0x16, 0x21, 0xFA, 0x24, 0xEC, 0x04, 0xFD, 0xE7,
  0xF0, 0x11, 0x07, 0xEA, 0x25, 0x1E, 0xE4, 0xED, 0xE2, 0xF8,
  0x1D, 0xFD, 0xFF, 0x13, 0xF9, 0xE3, 0x10, 0x1D, 0xC8, 0x04,
  0x11, 0x19, 0x24, 0x02, 0x04, 0x04, 0x2E, 0xE2, 0x21, 0xEA,
  0x18, 0xF4, 0x0D, 0xDB, 0xF5, 0x1F, 0x02, 0x1B, 0xF1, 0xEF,
  0xEC, 0x1A, 0x13, 0x30, 0xF3, 0x2C, 0xF5, 0xF7, 0x05, 0x07,
  0x02, 0x1D, 0x0C, 0xE6, 0xDD, 0xD6, 0xF6, 0xE3, 0xFE, 0x07,
  0xDC, 0x19, 0xE6, 0x33, 0x1D, 0x1B, 0x1C, 0x09, 0x19, 0xEF,
  0x00, 0xD4, 0xEA, 0xFD, 0x23, 0xF8, 0xEA, 0xF7, 0xE5, 0x14,
  0x09, 0x28, 0x0F, 0x1E, 0x07, 0xF2, 0x0F, 0xDA, 0x08, 0x08,
  0x0C, 0xF6, 0x13, 0xF1, 0xFA, 0xDE, 0x09, 0xF4, 0x12, 0x2C,
  0x17, 0xE8, 0x17, 0xF3, 0xFD, 0xDF, 0xDD, 0x00, 0xD5, 0xD7,
  0xDF, 0x24, 0xF0, 0xF6, 0xFA, 0xF5, 0xE0, 0xFC, 0xD4, 0xD9,
  0xF9, 0xE1, 0x16, 0xFB, 0x12, 0x22, 0x10, 0x0E, 0x28, 0x14,
  0xE9, 0x15, 0x04, 0xE6, 0xD7, 0xD9, 0xF3, 0xE9, 0x0C, 0x0C,
  0x17, 0xB4, 0x0B, 0xF4, 0x2A, 0x1F, 0x06, 0x1F, 0xF5, 0xE9,
  0x1D, 0xED, 0x0E, 0x01, 0xEE, 0xF7, 0x0D, 0x10, 0xCE, 0xD8,
  0xFA, 0x08, 0xDD, 0x2C, 0x09, 0x22, 0xED, 0x18, 0x22, 0xFD,
  0x15, 0xD0, 0xE2, 0xC8, 0x0C, 0x07, 0x22, 0x09, 0x1A, 0x19,
  0xDC, 0x27, 0xF8, 0x00, 0xE2, 0x0A, 0x14, 0x31, 0xF5, 0xD9,
  0xF0, 0xF2, 0xF1, 0xE9, 0xE5, 0xE3, 0x44, 0x02, 0x06, 0x0D,
  0x00, 0x3E, 0xFE, 0xE0, 0x22, 0x0C, 0x2C, 0xEA, 0x1F, 0xE0,
  0xFA, 0xEF, 0x22, 0xF1, 0xFD, 0x08, 0x2D, 0xF5, 0x0F, 0xE9,
  0xFD, 0xF7, 0xF8, 0x1C, 0x35, 0xD8, 0x09, 0xEC, 0x04, 0x19,
  0x10, 0x10, 0xF9, 0x1C, 0x20, 0x1B, 0x13, 0x19, 0xFC, 0x15,
  0x0B, 0x1A, 0x0E, 0x08, 0xFC, 0xE1, 0x08, 0xDF, 0x0F, 0xEA,
  0x11, 0x2F, 0xFF, 0xFC, 0xEA, 0x04, 0xF4, 0xFA, 0xEF, 0xF8,
  0x08, 0x2B, 0x20, 0xF0, 0xF8, 0x2B, 0x06, 0xF7, 0x04, 0xF3,
  0x18, 0x18, 0x0E, 0xE5, 0xD5, 0x20, 0x2A, 0xFC, 0xEA, 0x01,
  0x23, 0x07, 0x31, 0x02, 0x02, 0x27, 0x15, 0x1C, 0x2C, 0xFB,
  0xED, 0xED, 0x1D, 0xE5, 0x04, 0xE4, 0xCC, 0x22, 0x0F, 0x11,
  0x02, 0xF9, 0x0C, 0x04, 0xEB, 0x2A, 0x12, 0x22, 0xEC, 0x13,
  0x21, 0x0F, 0xE6, 0xE4, 0xFD, 0x13, 0x04, 0xE7, 0xEE, 0x03,
  0xE2, 0xE2, 0x05, 0xE5, 0x29, 0x06, 0xEF, 0xCA, 0xEB, 0x2A,
  0xF5, 0xF7, 0x01, 0xED, 0x04, 0xBB, 0x2B, 0x14, 0xD0, 0x0C,
  0xEC, 0x20, 0x0F, 0x10, 0x11, 0x00, 0x04, 0xD3, 0x18, 0x19,
  0x22, 0xEF, 0x08, 0xCB, 0x19, 0x1A, 0x1B, 0x03, 0x05, 0x08,
  0xD7, 0xFE, 0xFD, 0xFA, 0xE9, 0x06, 0x0B, 0x0E, 0x0D, 0x07,
  0x01, 0x07, 0xFD, 0xE6, 0xD0, 0x11, 0x05, 0xFE, 0xFB, 0x16,
  0xF9, 0x07, 0xFD, 0xEC, 0x04, 0x11, 0x07, 0x05, 0x04, 0xE5,
  0xF7, 0x27, 0x06, 0xF4, 0x12, 0xF8, 0x05, 0xFC, 0xF6, 0xFC,
  0x29, 0x2B, 0xEF, 0x00, 0xFA, 0x00, 0x2D, 0xFE, 0x2D, 0x26,
  0x2F, 0x13, 0x19, 0x0F, 0x05, 0xF0, 0x1B, 0x16, 0x0E, 0x0C,
  0x27, 0x17, 0x0B, 0xF9, 0x02, 0x2C, 0x1E, 0x0B, 0xE8, 0xD0,
  0x13, 0x16, 0xCA, 0x28, 0x2A, 0xB7, 0x11, 0xCE, 0x12, 0x89,
  0x9E, 0x88, 0x1E, 0xB0, 0x0D, 0x0E, 0xEE, 0x29, 0x28, 0x25,
  0xE1, 0x01, 0xC8, 0xCF, 0xD4, 0xDE, 0xEE, 0xE6, 0x04, 0x17,
  0xA4, 0xD3, 0xA9, 0xF7, 0xD4, 0xE8, 0x2C, 0xB3, 0xD6, 0xCD,
  0xF3, 0xA0, 0xE9, 0xD9, 0x99, 0xDF, 0xF7, 0x0A, 0xD4, 0xD3,
  0x23, 0x1C, 0xDC, 0x1B, 0xFE, 0x02, 0xDA, 0x0D, 0x32, 0xA0,
  0x0E, 0xEE, 0xC0, 0xCF, 0xCB, 0x08, 0xFE, 0xEB, 0xFD, 0xE8,
  0xF9, 0x11, 0x48, 0x16, 0x02, 0x35, 0xFA, 0x14, 0xEA, 0xE5,
  0x25, 0xF7, 0xDF, 0xEB, 0x4F, 0xF7, 0x06, 0x42, 0x18, 0xFD,
  0x0A, 0x01, 0x1D, 0x0A, 0x19, 0x18, 0xE6, 0x1D, 0x05, 0x03,
  0x0F, 0x1C, 0x29, 0x25, 0xEC, 0x2A, 0xE9, 0xFE, 0x00, 0x11,
  0xF4, 0xEA, 0xFA, 0x3A, 0xE6, 0xFD, 0x22, 0xE0, 0xDC, 0x04,
  0x18, 0xEF, 0x07, 0x02, 0x02, 0xFF, 0x1E, 0x1D, 0x1F, 0xDE,
  0x04, 0xEA, 0x1A, 0xEE, 0xEE, 0xEF, 0xEE, 0xFF, 0x1B, 0x04,
  0xEE, 0x22, 0x25, 0x0D, 0xF8, 0x0F, 0xF4, 0x10, 0xE8, 0xDD,
  0x0F, 0xFC, 0xFC, 0x22, 0xF6, 0xF5, 0xF7, 0xE5, 0xF8, 0x04,
  0xEB, 0x0E, 0x2B, 0xFE, 0x10, 0x19, 0xF9, 0xEA, 0x0C, 0x09,
  0x05, 0x3B, 0x21, 0xFA, 0xF4, 0x1D, 0x1B, 0xE4, 0x19, 0xD3,
  0x04, 0x05, 0x35, 0xF6, 0xF7, 0xDD, 0x0B, 0xEA, 0x2A, 0xFD,
  0xF0, 0xEF, 0xE6, 0x1B, 0x03, 0x35, 0x3E, 0xE3, 0x3A, 0xE8,
  0x0E, 0xEA, 0xE9, 0xF0, 0xFA, 0xD5, 0x31, 0x02, 0xD3, 0x1C,
  0xE2, 0xF6, 0x0A, 0xD7, 0xDB, 0x1E, 0xCF, 0x1F, 0x07, 0xBA,
  0xC1, 0x4B, 0x14, 0x18, 0x1A, 0xDE, 0xC5, 0xB4, 0x18, 0x04,
  0x04, 0x11, 0x11, 0xE4, 0xE9, 0x10, 0xE5, 0xDD, 0xF8, 0x1B,
  0xEB, 0xFB, 0x33, 0x0D, 0xD7, 0x2C, 0x1D, 0x40, 0xD1, 0xDB,
  0x25, 0xDC, 0x14, 0xC8, 0x02, 0xE3, 0xF4, 0x28, 0x26, 0x26,
  0x20, 0xF1, 0xED, 0xCF, 0x13, 0x1C, 0x29, 0xE0, 0x03, 0x0F,
  0x11, 0x34, 0xFC, 0x1C, 0x25, 0x10, 0xD9, 0xF9, 0x17, 0x0C,
  0x1E, 0x05, 0xF6, 0xF0, 0xE1, 0x09, 0xF5, 0xE8, 0x1C, 0x11,
  0xEA, 0xE5, 0x0E, 0xEB, 0xE2, 0xFA, 0x18, 0xE1, 0xFB, 0xD7,
  0xF4, 0xFA, 0xEC, 0x2D, 0xD5, 0x13, 0x20, 0x2A, 0x17, 0x10,
  0x1F, 0x09, 0x2E, 0x1F, 0x2C, 0x04, 0x24, 0x08, 0xFF, 0xF7,
  0xE3, 0x0E, 0xE7, 0x01, 0x05, 0x10, 0x2A, 0x19, 0xD4, 0xE7,
  0x10, 0xED, 0x16, 0xD4, 0x1D, 0x11, 0x1A, 0xDA, 0x03, 0x01,
  0xF5, 0x1F, 0xDB, 0xD3, 0xFE, 0x2D, 0x00, 0xCB, 0xF8, 0xEE,
  0x2B, 0xE1, 0x33, 0xF9, 0xD6, 0x28, 0xF2, 0x08, 0xF5, 0xED,
  0x34, 0x2D, 0x01, 0x1A, 0xEC, 0x1F, 0x37, 0xE8, 0x11, 0xE4,
  0x10, 0xFA, 0xFB, 0xFA, 0xDB, 0xEA, 0xDD, 0x06, 0x09, 0x14,
  0xEC, 0xED, 0x28, 0xF2, 0x1E, 0xDE, 0xE0, 0xD6, 0xF2, 0xF7,
  0xF5, 0xD2, 0xF9, 0xF1, 0xEB, 0xD1, 0x28, 0xFC, 0x11, 0x18,
  0xF2, 0x08, 0xF8, 0xF9, 0xEC, 0xE4, 0x03, 0xE3, 0x02, 0x1A,
  0xF6, 0x17, 0x20, 0x15, 0x01, 0xE0, 0xE6, 0x2B, 0x29, 0x1D,
  0x04, 0x21, 0x01, 0xD8, 0x1E, 0x14, 0x19, 0x19, 0x2A, 0x2D,
  0x39, 0x1B, 0x00, 0xD7, 0x07, 0xFE, 0xD6, 0xCB, 0xF4, 0xEF,
  0xE9, 0xE5, 0xF9, 0x1E, 0x29, 0xFF, 0xD3, 0xE0, 0xE7, 0x03,
  0xED, 0xCF, 0xE8, 0xD9, 0x23, 0x09, 0x0D, 0x2B, 0x05, 0x0A,
  0x13, 0xD6, 0x01, 0x18, 0x02, 0x05, 0xDB, 0xE1, 0x1B, 0x11,
  0xD7, 0xF1, 0x09, 0x00, 0x2D, 0xF1, 0x07, 0xEE, 0x0A, 0xEC,
  0x22, 0xFB, 0xE7, 0x12, 0x0E, 0x2C, 0x17, 0x00, 0x00, 0x14,
  0xE0, 0xFC, 0xF2, 0x1B, 0xFC, 0xFB, 0x2A, 0x07, 0xE7, 0x22,
  0x2C, 0xE7, 0x08, 0xE0, 0xE3, 0x10, 0xF9, 0x11, 0x1F, 0xE6,
  0x03, 0x35, 0x32, 0xFE, 0x1B, 0xF9, 0xF3, 0xD3, 0x12, 0x09,
  0x0C, 0x31, 0x28, 0x22, 0xFD, 0xF2, 0xEF, 0x1F, 0xF3, 0xD4,
  0xDA, 0x03, 0x3D, 0x05, 0x17, 0x49, 0x12, 0x18, 0x13, 0xFD,
  0x1C, 0xFA, 0x19, 0x3B, 0xFA, 0xF7, 0xF8, 0xE7, 0x18, 0x0D,
  0x1C, 0x23, 0xE0, 0xF5, 0xDC, 0x00, 0x18, 0xEC, 0x17, 0xE0,
  0x26, 0x2A, 0xE1, 0x0E, 0x1E, 0xF8, 0x00, 0xD0, 0xE2, 0x0F,
  0x0B, 0x13, 0xE0, 0xFD, 0x31, 0x42, 0x17, 0xCE, 0x0E, 0xFB,
  0xF6, 0xFE, 0x05, 0x19, 0xF4, 0x1C, 0x10, 0xFD, 0xE5, 0x33,
  0x07, 0xFC, 0xF4, 0x1E, 0xF1, 0x09, 0x15, 0xEA, 0x31, 0x2D,
  0xE4, 0xF5, 0xE5, 0x3A, 0x14, 0x05, 0x10, 0x23, 0xE5, 0x06,
  0x1A, 0xFB, 0x0F, 0xF8, 0x33, 0x2F, 0xED, 0xE7, 0xFE, 0x2E,
  0x1A, 0x01, 0xF9, 0x13, 0x19, 0x25, 0xF1, 0x04, 0xF9, 0x20,
  0x19, 0x00, 0xF8, 0xE3, 0xF6, 0x20, 0xED, 0x0F, 0x01, 0x16,
  0x17, 0x0A, 0x12, 0x0F, 0x15, 0x26, 0xF1, 0xC4, 0xC7, 0x01,
  0xEB, 0x1E, 0x18, 0x46, 0x01, 0xF6, 0x0D, 0x0F, 0x17, 0xEF,
  0xC5, 0xF4, 0x3A, 0x17, 0xE7, 0x21, 0xE4, 0x39, 0xF6, 0xEE,
  0x00, 0x1D, 0xFD, 0x19, 0x05, 0xE7, 0x05, 0x0A, 0x2E, 0xE0,
  0xED, 0x1A, 0x31, 0xFC, 0x0D, 0x0E, 0x18, 0x48, 0xDB, 0xF8,
  0x2D, 0xFF, 0x11, 0x3E, 0xFB, 0x41, 0x19, 0x18, 0xE6, 0x03,
  0x20, 0x02, 0xF7, 0xD0, 0xD1, 0x42, 0x19, 0x01, 0xE0, 0xF7,
  0x13, 0x1D, 0x23, 0x19, 0x28, 0x44, 0xF8, 0xEF, 0xFE, 0x04,
  0xF1, 0x04, 0x05, 0x0E, 0xE3, 0xEB, 0xF7, 0x31, 0x08, 0x28,
  0xE4, 0xFE, 0x0C, 0x24, 0x09, 0x2E, 0xE3, 0xFA, 0x01, 0xFC,
  0x18, 0x0F, 0x06, 0x42, 0xF7, 0xF6, 0xF4, 0xE5, 0xDA, 0xE9,
  0xFA, 0xF2, 0xDE, 0x2D, 0xF0, 0x0D, 0xF5, 0x13, 0xF2, 0x03,
  0x18, 0x06, 0x13, 0xFD, 0xE3, 0xED, 0x35, 0x2C, 0x0A, 0x02,
  0xF9, 0xEC, 0x1A, 0x3C, 0xDC, 0x00, 0xE0, 0xE3, 0x27, 0xED,
  0xFC, 0x25, 0x12, 0x03, 0x1A, 0xF8, 0x10, 0xE5, 0xC3, 0x25,
  0x09, 0xEE, 0x1A, 0x22, 0xED, 0xDD, 0x16, 0xF6, 0x29, 0xEC,
  0x1F, 0x03, 0x3A, 0x03, 0xF8, 0x1C, 0x0D, 0x00, 0x34, 0x06,
  0x1E, 0x04, 0x18, 0xFD, 0x1F, 0x0A, 0xEF, 0xF2, 0x00, 0x0E,
  0x1F, 0x22, 0x21, 0x12, 0x38, 0x16, 0x04, 0xF2, 0x20, 0xEF,
  0xDC, 0xF5, 0xDD, 0x08, 0x25, 0xEA, 0xEA, 0xFA, 0x35, 0xF6,
  0x19, 0xE9, 0x0C, 0xF4, 0x03, 0xF6, 0xDC, 0x07, 0x0E, 0xD5,
  0x08, 0x00, 0x01, 0x2D, 0xDB, 0xCA, 0x04, 0xF6, 0x2B, 0xC3,
  0xEA, 0x07, 0x20, 0xDA, 0x27, 0x1F, 0x1B, 0x22, 0x1A, 0x36,
  0xC7, 0x10, 0x13, 0x2D, 0xDF, 0x05, 0xF7, 0x31, 0x31, 0x02,
  0x2F, 0xE5, 0xD2, 0xF6, 0x08, 0xE6, 0xFF, 0xD7, 0xE4, 0x04,
  0x05, 0x10, 0x39, 0xDB, 0x1F, 0x02, 0x0B, 0xE7, 0x1C, 0xE7,
  0x1C, 0x28, 0x23, 0xDC, 0xD2, 0xF0, 0xEC, 0xD1, 0x08, 0xF5,
  0x12, 0x3A, 0x03, 0x06, 0xFE, 0x08, 0x02, 0xF2, 0x04, 0xF4,
  0x1E, 0xE7, 0x1F, 0xF4, 0xEB, 0x33, 0x05, 0xE8, 0xF0, 0x1D,
  0x03, 0xF2, 0x2B, 0x0D, 0xE2, 0x0A, 0x18, 0x0E, 0x19, 0xE8,
  0xEF, 0xFA, 0x06, 0x16, 0xF2, 0xD8, 0xFF, 0x2B, 0x08, 0xEE,
  0xF8, 0x27, 0xFA, 0xFD, 0x2A, 0x23, 0x2F, 0xE7, 0xED, 0x0C,
  0x19, 0xEC, 0xC0, 0xD0, 0xE1, 0xE8, 0x0F, 0xF9, 0x0A, 0xFB,
  0xD6, 0xC7, 0x1C, 0x02, 0x04, 0x13, 0x0A, 0x04, 0x2E, 0xF7,
  0x0A, 0x02, 0x03, 0xEA, 0xE9, 0xCD, 0x0E, 0x03, 0xE8, 0xE4,
  0xEF, 0xC5, 0xE1, 0x1D, 0xE3, 0xE0, 0x10, 0x10, 0xFC, 0x06,
  0xEF, 0xFF, 0xEC, 0x19, 0x1A, 0x23, 0xF0, 0xFB, 0xDB, 0xFC,
  0xFA, 0xD4, 0xFD, 0x05, 0x05, 0xD6, 0xD7, 0xFD, 0x11, 0xEA,
  0xDA, 0x0F, 0x03, 0x1C, 0xDB, 0x0D, 0x03, 0xD9, 0xEE, 0x30,
  0xF6, 0xE8, 0xD2, 0xD8, 0xDA, 0xB8, 0x04, 0x1A, 0xC5, 0x0B,
  0x25, 0x17, 0xF1, 0x19, 0x00, 0x21, 0xF0, 0xB0, 0xFB, 0xEC,
  0x02, 0xEF, 0x00, 0xDF, 0xFF, 0xC6, 0x20, 0x1B, 0xE1, 0x1E,
  0x03, 0x3C, 0xD6, 0xB3, 0x09, 0xEC, 0xF8, 0x33, 0x2A, 0x34,
  0xFC, 0x0A, 0xE7, 0xCC, 0x10, 0x27, 0xED, 0xF0, 0xEC, 0xF4,
  0xFB, 0x1F, 0x22, 0x03, 0x0A, 0xFB, 0xD5, 0xFD, 0x0E, 0x18,
  0x25, 0x2D, 0x1A, 0xED, 0xF7, 0x14, 0x1E, 0x04, 0x17, 0x0D,
  0xDB, 0x21, 0x13, 0xF0, 0xE7, 0x05, 0x17, 0xDC, 0x20, 0xEF,
  0x0F, 0x1B, 0x07, 0xE2, 0x19, 0x07, 0xF0, 0xE3, 0xE3, 0xF4,
  0xE8, 0xF7, 0x30, 0x0B, 0xCC, 0x14, 0xEA, 0xF7, 0x16, 0x05,
  0xF7, 0x1A, 0xEA, 0xD5, 0x22, 0x08, 0x0E, 0xE3, 0xFF, 0xDF,
  0xF9, 0x0C, 0x14, 0xFF, 0x29, 0x10, 0xEA, 0xCD, 0xE6, 0x25,
  0x0B, 0xF8, 0x09, 0x1C, 0x18, 0x0B, 0x25, 0x1F, 0x05, 0x11,
  0xED, 0xEA, 0xE4, 0xE4, 0xFD, 0x03, 0x15, 0xEE, 0xE9, 0x2C,
  0xE3, 0xE6, 0x19, 0xDE, 0x1C, 0xF0, 0xE9, 0xEF, 0x06, 0xEC,
  0xF8, 0x24, 0xF7, 0xE0, 0xF6, 0xF1, 0x0E, 0xF1, 0xEE, 0x18,
  0x00, 0x15, 0xF8, 0xED, 0xFF, 0x2F, 0xF7, 0xEA, 0x01, 0x0B,
  0x25, 0xF4, 0x1E, 0x23, 0xEE, 0x32, 0x11, 0x0A, 0x1B, 0xF1,
  0x0B, 0xF7, 0x1B, 0x11, 0xF4, 0xF6, 0xED, 0x18, 0x1D, 0x3F,
  0x1C, 0x20, 0xF9, 0xB9, 0xD4, 0xFD, 0x1C, 0xF1, 0x0F, 0x35,
  0x0D, 0x12, 0x0E, 0x25, 0x08, 0x1D, 0xE9, 0x25, 0x0C, 0x04,
  0xEC, 0x0E, 0xE0, 0x29, 0x13, 0x22, 0xE9, 0xFC, 0x1D, 0xFF,
  0x1F, 0xD2, 0xF9, 0xE4, 0x10, 0x05, 0xE6, 0x15, 0xFA, 0xE8,
  0x31, 0x07, 0xDD, 0x13, 0xFC, 0x0A, 0x3D, 0xF6, 0xFD, 0x45,
  0x2B, 0x1C, 0x2A, 0xEF, 0xEF, 0x24, 0xEF, 0x03, 0xF3, 0xD1,
  0xD8, 0x33, 0xFE, 0x0F, 0x18, 0x02, 0xD1, 0xC0, 0xD6, 0x38,
  0x1C, 0xFD, 0xF0, 0xFF, 0x14, 0x26, 0x10, 0x28, 0x38, 0xF5,
  0xD7, 0x27, 0x00, 0x0C, 0x12, 0xE5, 0xE3, 0x03, 0x1D, 0xCA,
  0xD5, 0xEA, 0xDA, 0x13, 0x10, 0xDA, 0x15, 0xE6, 0xF6, 0x39,
  0xE7, 0xE2, 0xD6, 0xDA, 0x33, 0xFD, 0xE6, 0xDD, 0xCA, 0x1A,
  0xD6, 0x26, 0xDB, 0x24, 0x00, 0xC7, 0x08, 0x15, 0x0F, 0x0C,
  0xBA, 0xD2, 0x05, 0xE5, 0xE0, 0x21, 0xE3, 0x20, 0x10, 0xCD,
  0xC7, 0xDD, 0xD6, 0x21, 0x19, 0x19, 0x08, 0x24, 0x16, 0x17,
  0xFA, 0x09, 0x2F, 0x27, 0xD8, 0x16, 0xF7, 0x3B, 0x29, 0x15,
  0xCB, 0xF4, 0x30, 0xD3, 0xD1, 0x09, 0xE1, 0x12, 0x1E, 0xBC,
  0x24, 0xC2, 0x17, 0x30, 0xE8, 0xE2, 0xBC, 0xB8, 0x09, 0xDF,
  0xC3, 0xCF, 0x00, 0x2F, 0xE9, 0x20, 0xC5, 0x05, 0xF3, 0xE7,
  0x38, 0x29, 0x08, 0xEC, 0xB6, 0xED, 0x24, 0xE4, 0xF3, 0x08,
  0xE2, 0xFA, 0xF7, 0x0D, 0x06, 0xF3, 0xDE, 0x32, 0x0B, 0x2E,
  0x22, 0xE9, 0xFC, 0x05, 0x10, 0x2D, 0x2F, 0x21, 0xE5, 0x21,
  0x21, 0x28, 0x26, 0xFD, 0xDA, 0x17, 0xF7, 0xD3, 0x10, 0x23,
  0xDA, 0x1B, 0xF9, 0xE0, 0xF8, 0xFE, 0xEB, 0x26, 0xEC, 0xD4,
  0xFE, 0xF2, 0x11, 0xE6, 0xDA, 0x10, 0xE8, 0xF5, 0xF3, 0x24,
  0xD9, 0x02, 0xF8, 0xEF, 0x25, 0x27, 0x16, 0x1A, 0xFC, 0x22,
  0x13, 0xEF, 0xE2, 0x1A, 0x01, 0x2D, 0x38, 0x00, 0x20, 0x2D,
  0xED, 0xFE, 0xF2, 0x05, 0x08, 0xF2, 0x26, 0xEF, 0xE2, 0x31,
  0x05, 0x1C, 0x1D, 0xE7, 0x0B, 0x2F, 0xD4, 0xDA, 0xE9, 0x02,
  0xDB, 0x03, 0x02, 0xF5, 0xFB, 0xD4, 0xFF, 0x21, 0xF8, 0x0E,
  0x26, 0x17, 0x27, 0xF2, 0xF2, 0x01, 0x18, 0xFC, 0xFD, 0x24,
  0xFE, 0xE7, 0xFF, 0x14, 0xD4, 0x2A, 0x26, 0xF6, 0xF0, 0xFE,
  0xFB, 0xC9, 0xE6, 0xFF, 0x07, 0x1C, 0x04, 0xF6, 0x23, 0xDD,
  0xDC, 0xC1, 0x2C, 0x49, 0x19, 0x38, 0x27, 0x05, 0xFD, 0xE5,
  0xEB, 0x07, 0x1B, 0xE0, 0x04, 0x0D, 0x28, 0x02, 0xED, 0x18,
  0x07, 0x03, 0xFE, 0xF6, 0x04, 0x15, 0x28, 0x02, 0x12, 0x08,
  0x0F, 0x0A, 0x02, 0xE4, 0x18, 0x0B, 0x01, 0xF6, 0xD9, 0x0D,
  0xD5, 0x21, 0xEA, 0xD4, 0x25, 0x36, 0xDF, 0x07, 0x34, 0xFD,
  0xCC, 0xDF, 0xD7, 0xFE, 0xF3, 0xE9, 0x09, 0x11, 0x1D, 0x0B,
  0x2E, 0xE4, 0xEC, 0xF7, 0x01, 0xE6, 0xF3, 0x23, 0x3C, 0x0D,
  0x28, 0x28, 0x0D, 0x05, 0x19, 0x2B, 0x1D, 0xEF, 0xED, 0xF3,
  0x04, 0xED, 0x1A, 0x0E, 0xFE, 0xED, 0xE5, 0x25, 0x08, 0x27,
  0x03, 0x17, 0x02, 0xF6, 0xFD, 0x11, 0x0B, 0xDD, 0x39, 0x4B,
  0xF5, 0xE9, 0x10, 0xD0, 0xF6, 0x1E, 0xD0, 0xF4, 0xF4, 0x43,
  0x0C, 0x00, 0xE7, 0x02, 0x0C, 0xEE, 0xE9, 0x14, 0x10, 0x1D,
  0x17, 0xEE, 0x17, 0x28, 0x13, 0x04, 0xE3, 0x06, 0x18, 0x34,
  0x1D, 0x10, 0x0E, 0xF0, 0xFD, 0xE0, 0x10, 0x04, 0x07, 0xB6,
  0x06, 0xFA, 0x0E, 0xBA, 0x09, 0xEC, 0x13, 0xF0, 0xEE, 0xD7,
  0x20, 0x3F, 0xDC, 0xEA, 0xFE, 0x25, 0x06, 0xE5, 0xEC, 0x23,
  0xAD, 0x0D, 0xFE, 0x08, 0x03, 0x03, 0x20, 0xF9, 0x07, 0xEE,
  0x23, 0xFE, 0x1E, 0x0A, 0x18, 0xC5, 0x0C, 0x07, 0x23, 0x12,
  0xEF, 0xEC, 0xB9, 0x05, 0x0F, 0x3B, 0x0B, 0x10, 0x0F, 0xFB,
  0x02, 0xFA, 0xCD, 0xE9, 0x2F, 0x3E, 0x45, 0x26, 0x09, 0x47,
  0x1B, 0x10, 0x0B, 0x04, 0xFB, 0xF0, 0xFA, 0x07, 0x25, 0xF4,
  0xF1, 0x47, 0x11, 0x0C, 0x11, 0x21, 0x2C, 0x08, 0x0D, 0x44,
  0xE2, 0x1D, 0x0B, 0xF1, 0x1F, 0x0D, 0x27, 0x34, 0xDD, 0x08,
  0xDC, 0xEC, 0xD2, 0xE9, 0xFB, 0xFD, 0xFB, 0x3A, 0xF5, 0xE8,
  0x10, 0xE5, 0xD5, 0xCB, 0x14, 0xF6, 0x20, 0xDC, 0xFE, 0xED,
  0x0D, 0x3E, 0xFE, 0x09, 0x06, 0xBD, 0xEA, 0xCE, 0x14, 0x42,
  0x1B, 0xF4, 0x11, 0x20, 0xF0, 0xD7, 0xFA, 0x17, 0x06, 0xC8,
  0xE7, 0xEB, 0x28, 0x07, 0xEC, 0xFC, 0xF8, 0xF6, 0x19, 0xE5,
  0x31, 0x18, 0x10, 0x29, 0x01, 0x22, 0x00, 0x07, 0x26, 0x10,
  0xFB, 0x1D, 0xEB, 0x1D, 0xCC, 0xE5, 0xD6, 0xF9, 0xEE, 0xE9,
  0x31, 0x01, 0xAE, 0xF9, 0x38, 0xC5, 0xE5, 0xC4, 0xD7, 0xFF,
  0xF0, 0x2C, 0x1C, 0x18, 0x28, 0x39, 0x21, 0xB8, 0x10, 0xE1,
  0xF5, 0x25, 0x22, 0xE4, 0xF5, 0xCC, 0xFF, 0xCA, 0x1D, 0xE0,
  0x0A, 0x12, 0x20, 0xE5, 0x1D, 0x02, 0xFB, 0x27, 0xBF, 0xCC,
  0x10, 0x28, 0x21, 0xBB, 0xE0, 0x33, 0x34, 0xCD, 0x2B, 0x01,
  0xEA, 0x15, 0x18, 0x22, 0xDF, 0xE2, 0x2B, 0x30, 0xE3, 0x2B,
  0xF8, 0xFF, 0x04, 0xDF, 0x08, 0xFA, 0x0A, 0x00, 0x0B, 0x08,
  0x10, 0x1C, 0xDB, 0x29, 0x1B, 0x30, 0x11, 0xD6, 0xDE, 0xF9,
  0x05, 0xEE, 0x11, 0x2C, 0x23, 0x1F, 0x14, 0x19, 0x0E, 0x22,
  0xDF, 0xF7, 0xE5, 0x27, 0x1C, 0xDB, 0xDD, 0x1E, 0xFE, 0xD5,
  0xFB, 0xDD, 0x26, 0x1D, 0xE1, 0xDF, 0xF3, 0x1F, 0xFC, 0xEB,
  0x21, 0xF2, 0xF7, 0xD2, 0xEB, 0xFB, 0xD4, 0x1D, 0x2D, 0x0E,
  0x28, 0xE2, 0x1A, 0x01, 0x16, 0xEB, 0xF9, 0x15, 0x28, 0x0B,
  0x1D, 0xDC, 0xFB, 0xE9, 0x16, 0x25, 0x1F, 0xCC, 0xCF, 0xE8,
  0x2C, 0x29, 0x0B, 0x1C, 0x03, 0x35, 0x11, 0xEE, 0x15, 0xD7,
  0x1C, 0x2C, 0x3D, 0xF9, 0x1E, 0x25, 0x09, 0xFA, 0xFC, 0xF0,
  0xF5, 0x11, 0x04, 0x0A, 0x20, 0xFE, 0xCF, 0x16, 0xFB, 0x02,
  0x18, 0xF7, 0xFC, 0x24, 0x16, 0x32, 0x17, 0xF1, 0x0C, 0x1D,
  0x09, 0xE7, 0x0E, 0x05, 0xF0, 0x0B, 0xC9, 0xE3, 0xE2, 0x23,
  0xEB, 0xCC, 0xF3, 0x32, 0xED, 0x0E, 0x0C, 0xD5, 0xE5, 0xB8,
  0x0B, 0x10, 0x26, 0x0B, 0x06, 0xE8, 0x05, 0x0F, 0x02, 0xC9,
  0x25, 0xD6, 0xE0, 0xFE, 0x14, 0x0F, 0x1C, 0x22, 0xF3, 0xFA,
  0xE0, 0xFE, 0xF3, 0x10, 0xEA, 0xEF, 0xF4, 0xFE, 0x19, 0xEB,
  0xF9, 0x14, 0x1A, 0x20, 0x2A, 0x15, 0x27, 0xE9, 0x17, 0xF2,
  0x23, 0xE6, 0x14, 0xF8, 0x00, 0x13, 0x21, 0x13, 0x03, 0xF0,
  0xEF, 0x07, 0xEC, 0x21, 0x13, 0xD2, 0x20, 0xF6, 0xE9, 0xF7,
  0x1C, 0xEC, 0xFD, 0x06, 0x05, 0x04, 0xFD, 0x23, 0x27, 0xF4,
  0x24, 0x16, 0x32, 0xD9, 0xE6, 0x1F, 0x3A, 0xF6, 0x2E, 0xD8,
  0xFA, 0xE3, 0xE7, 0xE7, 0xF7, 0x07, 0x23, 0x0D, 0x0D, 0x2A,
  0x02, 0xF6, 0xE3, 0xEE, 0xEA, 0xF4, 0xE5, 0x14, 0xF4, 0xF3,
  0xDB, 0x01, 0xF3, 0xCD, 0xDB, 0xFF, 0xFE, 0xD8, 0xF6, 0xF1,
  0x1B, 0xF8, 0xD9, 0x11, 0xEC, 0x33, 0x1E, 0x10, 0x17, 0x26,
  0xE3, 0xEF, 0x2A, 0x16, 0x11, 0x3E, 0x13, 0x10, 0xED, 0x01,
  0xF9, 0xD8, 0x02, 0x0C, 0xE9, 0xF6, 0xF3, 0x23, 0x0A, 0x46,
  0x12, 0xDE, 0xED, 0x08, 0x1B, 0xF4, 0xFE, 0x18, 0xEE, 0xE5,
  0x31, 0xFB, 0xF8, 0xE9, 0xB7, 0x0F, 0x18, 0x0E, 0x00, 0x05,
  0x04, 0x11, 0xFF, 0xE9, 0xDE, 0xFD, 0x22, 0xF4, 0xFE, 0xCA,
  0xCC, 0x15, 0xEA, 0x15, 0xF7, 0xFF, 0xF5, 0x18, 0xE8, 0x0B,
  0x09, 0x2A, 0xF7, 0xD6, 0xEB, 0xF6, 0xB4, 0xEB, 0xE9, 0xC3,
  0xFB, 0xD9, 0xDE, 0xEB, 0xFC, 0x2E, 0xF2, 0x08, 0x38, 0x20,
  0xEA, 0xD8, 0xF2, 0x0A, 0x0B, 0x39, 0xEF, 0x3A, 0x2F, 0xF1,
  0xD5, 0xF8, 0xEC, 0xF6, 0xDB, 0xC1, 0xF3, 0x03, 0xE5, 0xCE,
  0x25, 0x05, 0x32, 0x04, 0xE5, 0xEA, 0x0E, 0x3F, 0xFD, 0xDE,
  0x07, 0x09, 0xF8, 0xF5, 0xE7, 0x2C, 0xCB, 0x33, 0x04, 0x05,
  0x1B, 0x0C, 0x0F, 0x22, 0xF3, 0xFE, 0x29, 0x14, 0xF4, 0xF4,
  0x1E, 0xDB, 0x15, 0x11, 0xF2, 0x13, 0x12, 0xEC, 0xD7, 0x1A,
  0x33, 0x2A, 0xF0, 0x04, 0x10, 0x2D, 0x19, 0x22, 0x0B, 0x10,
  0xF3, 0xCC, 0xF1, 0x09, 0x09, 0xD3, 0x1C, 0x33, 0x29, 0xF7,
  0x15, 0xFF, 0xFD, 0x1B, 0xB2, 0x0C, 0x06, 0xD7, 0x12, 0xEE,
  0xEB, 0xFD, 0xD2, 0x31, 0x16, 0xF9, 0x02, 0xFC, 0x06, 0xDC,
  0x24, 0x1C, 0x0A, 0xE3, 0xFB, 0x1A, 0x14, 0xD5, 0x16, 0x14,
  0x07, 0x2A, 0xF1, 0x11, 0x06, 0x03, 0x05, 0x1E, 0x05, 0x2E,
  0x1D, 0x1C, 0x04, 0x17, 0x1C, 0x11, 0xD8, 0xE6, 0x0D, 0x05,
  0xF6, 0xD0, 0xEC, 0x34, 0x0F, 0xE5, 0xD2, 0xED, 0xF5, 0xEB,
  0x26, 0x27, 0xE9, 0x03, 0x20, 0x24, 0x29, 0xFD, 0xE7, 0x13,
  0xE6, 0xD7, 0xE0, 0xE2, 0x0D, 0xE2, 0x24, 0x24, 0xE2, 0xF0,
  0x16, 0x1D, 0xF2, 0x08, 0x21, 0x31, 0xDD, 0xDE, 0x1C, 0xF3,
  0x2B, 0xFC, 0x0C, 0x25, 0x0C, 0x1D, 0xF5, 0xC6, 0x24, 0x1D,
  0x14, 0x18, 0xF8, 0x0C, 0x27, 0x11, 0xFC, 0x1A, 0xFF, 0xE4,
  0xDD, 0xE1, 0xE9, 0x22, 0xE0, 0xF3, 0xF7, 0x0B, 0x15, 0x1B,
  0xFF, 0x0A, 0x00, 0x04, 0x0B, 0xF3, 0x03, 0x38, 0x17, 0xF9,
  0x16, 0x16, 0xF8, 0x13, 0xEC, 0xFA, 0x2A, 0x09, 0x1D, 0x14,
  0x16, 0x23, 0x18, 0xEB, 0xEB, 0x00, 0x0D, 0xEA, 0x15, 0xE9,
  0xF7, 0x19, 0xE2, 0xEF, 0x04, 0xDF, 0x14, 0x0A, 0x0D, 0xF3,
  0xDF, 0x04, 0xEA, 0x31, 0xFE, 0x12, 0xED, 0x0E, 0x0D, 0x2F,
  0x3A, 0xE1, 0x16, 0x07, 0x0D, 0x16, 0x0F, 0xFA, 0x26, 0xD4,
  0x1A, 0x06, 0x26, 0x08, 0xEE, 0xF1, 0x16, 0x0C, 0x09, 0x1D,
  0xE5, 0x0C, 0x0C, 0xD8, 0xF2, 0xED, 0x07, 0xFF, 0xC9, 0xF8,
  0x0E, 0x25, 0x30, 0xB8, 0x12, 0x05, 0x39, 0x15, 0x12, 0x0E,
  0x24, 0x28, 0xF6, 0x30, 0xEE, 0xDC, 0x06, 0x3E, 0xEC, 0xF2,
  0x17, 0xF5, 0x14, 0xF0, 0x2B, 0x1C, 0xE2, 0x11, 0x14, 0xFC,
  0x0E, 0x2A, 0xF7, 0x0F, 0x24, 0x20, 0x16, 0xF6, 0x25, 0x07,
  0x0C, 0xCB, 0xEC, 0xF7, 0x17, 0x0C, 0x1C, 0x04, 0xF9, 0x06,
  0xFE, 0x1F, 0x0D, 0x07, 0x04, 0x29, 0x07, 0xEB, 0x00, 0x00,
  0xFB, 0x2D, 0x13, 0x03, 0x2C, 0x00, 0x1B, 0xEB, 0x26, 0x04,
  0x0B, 0x36, 0x26, 0xF7, 0xEA, 0xEA, 0x03, 0xE2, 0x25, 0x41,
  0xDE, 0xFE, 0xD9, 0xEB, 0x16, 0xF2, 0x03, 0xF3, 0xFE, 0x31,
  0xEC, 0x09, 0x31, 0xEF, 0xFE, 0x0F, 0xF3, 0xF8, 0x14, 0x1F,
  0xFB, 0x00, 0x1F, 0x04, 0x1C, 0xD5, 0x06, 0x20, 0x01, 0x17,
  0x17, 0xFF, 0x1F, 0x0A, 0x12, 0x0C, 0xD5, 0xE6, 0x28, 0xCB,
  0xCF, 0x2D, 0x21, 0xD6, 0x21, 0xFF, 0x09, 0xF1, 0x0A, 0xD9,
  0x02, 0xF2, 0xDE, 0x12, 0xF7, 0x0D, 0x13, 0xC9, 0x2A, 0x14,
  0xCB, 0xF6, 0xF2, 0xFB, 0xF5, 0x08, 0xF5, 0xFC, 0xF9, 0xE7,
  0x2C, 0x07, 0x17, 0x20, 0x04, 0xCB, 0x08, 0x2A, 0x02, 0x28,
  0x1F, 0xE9, 0xCB, 0xEA, 0xFB, 0x31, 0x05, 0xE3, 0x08, 0xF3,
  0x09, 0x1E, 0x24, 0x15, 0xE6, 0x1D, 0x1F, 0x02, 0xE6, 0x0F,
  0xCD, 0x03, 0x16, 0x06, 0xF8, 0x14, 0x18, 0xE9, 0xEA, 0x1A,
  0xF0, 0xEF, 0xF6, 0x11, 0x1D, 0xFB, 0xE3, 0x02, 0x21, 0xFE,
  0xE1, 0xDC, 0x24, 0xF5, 0xEF, 0x26, 0x0E, 0xFC, 0xFF, 0x1F,
  0x14, 0x35, 0x2C, 0xDF, 0x28, 0x10, 0x08, 0x20, 0xE8, 0xD1,
  0x1B, 0x12, 0x27, 0x1F, 0xF9, 0x0F, 0xCB, 0x0E, 0x14, 0x1A,
  0x1F, 0xF9, 0x11, 0x0F, 0x17, 0x0E, 0x17, 0xF1, 0x24, 0xDF,
  0x05, 0x00, 0x1F, 0x01, 0x44, 0xFA, 0xFA, 0x3D, 0x00, 0x19,
  0x1F, 0x2C, 0x06, 0xFB, 0x1B, 0xE8, 0x1F, 0x07, 0xD8, 0x09,
  0x24, 0xE0, 0xE9, 0x22, 0x20, 0x3C, 0x12, 0xDE, 0x15, 0xE2,
  0xF7, 0xF4, 0xEE, 0xE7, 0x10, 0xC8, 0x10, 0x28, 0xD7, 0xF6,
  0xD8, 0x04, 0x02, 0x1A, 0x1A, 0xEF, 0x14, 0xF7, 0x04, 0x3B,
  0x29, 0xE7, 0x12, 0xE2, 0x16, 0xF6, 0xEE, 0xE8, 0x23, 0x19,
  0x41, 0x01, 0x04, 0xF1, 0xFB, 0x3C, 0x43, 0x3B, 0x1C, 0x52,
  0x2A, 0x09, 0x10, 0xED, 0xF4, 0xF9, 0x0C, 0x07, 0x09, 0x1F,
  0x2B, 0x38, 0xF2, 0xFF, 0x10, 0x3A, 0x2F, 0x1F, 0x16, 0x1C,
  0x36, 0xF7, 0x06, 0xFD, 0x20, 0x28, 0xF2, 0x17, 0x28, 0xF1,
  0x27, 0x02, 0xF8, 0x3C, 0xDE, 0x2C, 0x2C, 0xF4, 0x30, 0x47,
  0x49, 0x0C, 0x1D, 0xFF, 0x06, 0x39, 0x0D, 0xFD, 0x0C, 0xE5,
  0x0F, 0x00, 0x06, 0x00, 0xEF, 0xD0, 0x2F, 0xF9, 0x16, 0xEC,
  0xE6, 0x28, 0xFA, 0x03, 0xF7, 0xE7, 0x02, 0xDC, 0xF0, 0xF7,
  0x22, 0x12, 0xF6, 0x17, 0xFD, 0x12, 0x2A, 0x0F, 0x06, 0x13,
  0x27, 0x0C, 0x26, 0xF0, 0x16, 0x32, 0x1E, 0x1E, 0x04, 0xF4,
  0x22, 0x0B, 0x07, 0x2A, 0x13, 0x16, 0x33, 0x0F, 0x13, 0x28,
  0xD9, 0x05, 0x1F, 0xEC, 0xEF, 0xCF, 0x07, 0xE6, 0x02, 0x22,
  0x0A, 0x02, 0x2C, 0x16, 0x15, 0xDE, 0x01, 0x0E, 0xEE, 0xEB,
  0x16, 0xF0, 0x1F, 0xF7, 0xFF, 0x0C, 0x1B, 0xFA, 0xDF, 0x19,
  0x16, 0xE9, 0xD8, 0x18, 0x06, 0x11, 0xDD, 0x10, 0xEC, 0xF8,
  0x2F, 0xF1, 0x13, 0x10, 0x06, 0xF9, 0xF2, 0xF7, 0xFF, 0x36,
  0xFF, 0xF6, 0xE6, 0x06, 0x1B, 0x15, 0xF3, 0xFF, 0x0A, 0x12,
  0x33, 0xD6, 0x24, 0xF3, 0xC4, 0x04, 0xFE, 0x04, 0xF6, 0xD9,
  0xF5, 0x05, 0x11, 0x16, 0x28, 0x12, 0x03, 0x00, 0x04, 0xCF,
  0x7A, 0xFC, 0xFF, 0xFF, 0x04, 0x00, 0x00, 0x00, 0x00, 0x01,
  0x00, 0x00, 0xED, 0xFF, 0xFF, 0xFF, 0x1D, 0x03, 0x00, 0x00,
  0xAC, 0xFA, 0xFF, 0xFF, 0x60, 0x04, 0x00, 0x00, 0xA4, 0x01,
  0x00, 0x00, 0x2C, 0x09, 0x00, 0x00, 0xD8, 0x02, 0x00, 0x00,
  0x83, 0x01, 0x00, 0x00, 0xA9, 0x0C, 0x00, 0x00, 0xF1, 0x00,
  0x00, 0x00, 0x9C, 0xFD, 0xFF, 0xFF, 0xF5, 0x01, 0x00, 0x00,
  0x9A, 0x03, 0x00, 0x00, 0xCF, 0xFF, 0xFF, 0xFF, 0x3D, 0x00,
  0x00, 0x00, 0xC6, 0xFC, 0xFF, 0xFF, 0xCD, 0x00, 0x00, 0x00,
  0xD4, 0x09, 0x00, 0x00, 0xA8, 0x00, 0x00, 0x00, 0x92, 0x00,
  0x00, 0x00, 0x46, 0x03, 0x00, 0x00, 0xBF, 0x02, 0x00, 0x00,
  0xBF, 0x03, 0x00, 0x00, 0xDE, 0x05, 0x00, 0x00, 0x04, 0x00,
  0x00, 0x00, 0x6F, 0xFF, 0xFF, 0xFF, 0x5C, 0x00, 0x00, 0x00,
  0xA5, 0x01, 0x00, 0x00, 0x16, 0x01, 0x00, 0x00, 0x32, 0x01,
  0x00, 0x00, 0x10, 0x03, 0x00, 0x00, 0xA4, 0x03, 0x00, 0x00,
  0xD6, 0x03, 0x00, 0x00, 0xFC, 0x04, 0x00, 0x00, 0xE1, 0xFE,
  0xFF, 0xFF, 0xED, 0x00, 0x00, 0x00, 0x91, 0x01, 0x00, 0x00,
  0x13, 0x07, 0x00, 0x00, 0xF6, 0x05, 0x00, 0x00, 0xA1, 0x02,
  0x00, 0x00, 0xE5, 0xFE, 0xFF, 0xFF, 0x3C, 0x00, 0x00, 0x00,
  0x70, 0x01, 0x00, 0x00, 0x31, 0xFC, 0xFF, 0xFF, 0x0F, 0x00,
  0x00, 0x00, 0x35, 0x01, 0x00, 0x00, 0xBE, 0x01, 0x00, 0x00,
  0x18, 0xFE, 0xFF, 0xFF, 0xDC, 0x01, 0x00, 0x00, 0x5A, 0xFF,
  0xFF, 0xFF, 0x89, 0x02, 0x00, 0x00, 0xE2, 0xFF, 0xFF, 0xFF,
  0x18, 0xFD, 0xFF, 0xFF, 0x1E, 0x02, 0x00, 0x00, 0x8D, 0x04,
  0x00, 0x00, 0x86, 0x04, 0x00, 0x00, 0x2A, 0x01, 0x00, 0x00,
  0x12, 0x02, 0x00, 0x00, 0x37, 0xFD, 0xFF, 0xFF, 0x5A, 0xFF,
  0xFF, 0xFF, 0x3D, 0x05, 0x00, 0x00, 0x58, 0x00, 0x00, 0x00,
  0x58, 0xFF, 0xFF, 0xFF, 0x5E, 0x01, 0x00, 0x00, 0x86, 0xFD,
  0xFF, 0xFF, 0x04, 0x00, 0x00, 0x00, 0x80, 0x01, 0x00, 0x00,
  0x35, 0x37, 0xE9, 0x2C, 0xD3, 0xE3, 0xD0, 0x0F, 0xC9, 0x00,
  0x28, 0xE1, 0xB8, 0xCE, 0xD2, 0xF1, 0xFA, 0xCB, 0x2A, 0xDD,
  0x2B, 0xE8, 0x11, 0xF7, 0x2D, 0x1E, 0xEE, 0xBA, 0x06, 0xEE,
  0x32, 0x04, 0xF9, 0xF5, 0xF8, 0xD6, 0xCE, 0xCC, 0xD7, 0xE5,
  0x15, 0x38, 0x15, 0xE9, 0x24, 0x47, 0x20, 0xE1, 0x35, 0x25,
  0x25, 0x09, 0xF4, 0xEC, 0xE5, 0x0B, 0x20, 0x1F, 0x08, 0xF0,
  0x00, 0x12, 0x2B, 0x17, 0x07, 0x2B, 0x07, 0xD2, 0xFD, 0xED,
  0xEF, 0x0E, 0x81, 0x0F, 0x1F, 0x1F, 0x1D, 0x20, 0x1E, 0x37,
  0x0B, 0xC0, 0x20, 0x2A, 0xDD, 0xD3, 0xF4, 0x05, 0xFF, 0x02,
  0x1F, 0x0A, 0xE1, 0x0C, 0xD8, 0xCE, 0xE4, 0xFC, 0x39, 0x07,
  0xF1, 0xCF, 0xD3, 0xE7, 0x2D, 0x18, 0x03, 0x2D, 0x20, 0x12,
  0xE1, 0x2E, 0xFB, 0x11, 0x0A, 0xBB, 0x2F, 0xEE, 0xC4, 0xC8,
  0xE9, 0xE3, 0x35, 0x25, 0xC4, 0x20, 0x1E, 0xD0, 0xE2, 0xC1,
  0x0C, 0x0D, 0x25, 0xB8, 0x1F, 0x07, 0xBC, 0xF3, 0xFE, 0xE8,
  0xCB, 0x16, 0xFB, 0xF6, 0xF2, 0xCF, 0xFB, 0xE2, 0xD1, 0x27,
  0xB2, 0xCC, 0xEC, 0xFF, 0x09, 0x1B, 0x1E, 0x05, 0xD6, 0xF7,
  0xD8, 0xB5, 0xC9, 0xD5, 0x04, 0x45, 0x47, 0x29, 0xD0, 0x00,
  0x25, 0x10, 0x19, 0xDF, 0xCC, 0x08, 0x0F, 0xED, 0xDC, 0xCD,
  0x27, 0x0F, 0xE2, 0x0B, 0xE1, 0x19, 0xE5, 0xE2, 0x26, 0x25,
  0xEA, 0xDC, 0xFE, 0xFF, 0xB6, 0xD6, 0xDD, 0xC2, 0x0F, 0x27,
  0xAA, 0x1D, 0xD7, 0x10, 0x32, 0xF1, 0xF9, 0xDF, 0x1E, 0xBA,
  0xC6, 0x1C, 0xE3, 0x1D, 0x14, 0x20, 0xED, 0xCF, 0xE1, 0x22,
  0xD0, 0x30, 0x25, 0x23, 0xEC, 0x3E, 0x0D, 0xF1, 0x03, 0xFF,
  0xCD, 0xE8, 0xDF, 0xE1, 0xDA, 0xCE, 0xBA, 0xCF, 0x33, 0xDB,
  0xDC, 0xE9, 0x04, 0x35, 0xC5, 0x2A, 0x2F, 0xF9, 0x18, 0xE5,
  0xF6, 0xFF, 0xFF, 0x22, 0x00, 0xFB, 0x18, 0xDD, 0xE0, 0x2C,
  0x2F, 0x31, 0x1E, 0xC9, 0x1C, 0x33, 0xDE, 0xE2, 0x13, 0xE6,
  0xE4, 0xFA, 0xEC, 0x2C, 0xCE, 0x2C, 0x3F, 0x25, 0xEB, 0xF2,
  0xE9, 0xF2, 0xD7, 0x18, 0xE1, 0xD0, 0xC6, 0x08, 0xF2, 0xE4,
  0xE5, 0x27, 0xFE, 0xEB, 0xE7, 0xDD, 0x3B, 0xF5, 0x0D, 0xD4,
  0xFA, 0xCF, 0x07, 0xFD, 0x09, 0xD4, 0x43, 0xF4, 0xE3, 0x23,
  0x08, 0x03, 0xDC, 0xD3, 0x18, 0xEC, 0x00, 0xF0, 0x04, 0x0B,
  0x0B, 0x27, 0xFB, 0x22, 0x00, 0x45, 0xD5, 0x95, 0x3F, 0x06,
  0x08, 0x20, 0x1C, 0x18, 0xFD, 0x1B, 0xCF, 0x2F, 0xCF, 0x0F,
  0xD3, 0xEE, 0x1E, 0x24, 0xFB, 0xD2, 0xE5, 0xC2, 0xCC, 0xD6,
  0xF0, 0xF9, 0x2B, 0x36, 0x1B, 0xD9, 0xBC, 0x33, 0x2C, 0x0D,
  0xFA, 0xDB, 0xD1, 0x0E, 0x13, 0xF6, 0x04, 0xDA, 0x10, 0xDE,
  0xF5, 0xD2, 0xF0, 0xD8, 0x23, 0x19, 0xBD, 0xD7, 0x18, 0xEB,
  0x28, 0x9C, 0xFD, 0xF3, 0x12, 0xFF, 0xFF, 0xFF, 0x04, 0x00,
  0x00, 0x00, 0x18, 0x00, 0x00, 0x00, 0xF5, 0xFF, 0xFF, 0xFF,
  0x4B, 0xFF, 0xFF, 0xFF, 0x70, 0x00, 0x00, 0x00, 0x76, 0x00,
  0x00, 0x00, 0x3E, 0xFF, 0xFF, 0xFF, 0xCF, 0x00, 0x00, 0x00,
  0x36, 0xFF, 0xFF, 0xFF, 0x04, 0x00, 0x00, 0x00, 0x08, 0x00,
  0x00, 0x00, 0x01, 0x00, 0x00, 0x00, 0x02, 0x00, 0x00, 0x00,
  0x4A, 0xFF, 0xFF, 0xFF, 0x04, 0x00, 0x00, 0x00, 0x10, 0x00,
  0x00, 0x00, 0x01, 0x00, 0x00, 0x00, 0x64, 0x00, 0x00, 0x00,
  0x01, 0x00, 0x00, 0x00, 0x03, 0x00, 0x00, 0x00, 0x3C, 0xEA,
  0xFF, 0xFF, 0x40, 0xEA, 0xFF, 0xFF, 0x0F, 0x00, 0x00, 0x00,
  0x4D, 0x4C, 0x49, 0x52, 0x20, 0x43, 0x6F, 0x6E, 0x76, 0x65,
  0x72, 0x74, 0x65, 0x64, 0x2E, 0x00, 0x01, 0x00, 0x00, 0x00,
  0x14, 0x00, 0x00, 0x00, 0x00, 0x00, 0x0E, 0x00, 0x18, 0x00,
  0x14, 0x00, 0x10, 0x00, 0x0C, 0x00, 0x08, 0x00, 0x04, 0x00,
  0x0E, 0x00, 0x00, 0x00, 0x14, 0x00, 0x00, 0x00, 0x1C, 0x00,
  0x00, 0x00, 0x84, 0x02, 0x00, 0x00, 0x88, 0x02, 0x00, 0x00,
  0x8C, 0x02, 0x00, 0x00, 0x04, 0x00, 0x00, 0x00, 0x6D, 0x61,
  0x69, 0x6E, 0x00, 0x00, 0x00, 0x00, 0x09, 0x00, 0x00, 0x00,
  0x48, 0x02, 0x00, 0x00, 0xEC, 0x01, 0x00, 0x00, 0x88, 0x01,
  0x00, 0x00, 0x34, 0x01, 0x00, 0x00, 0xF0, 0x00, 0x00, 0x00,
  0xBC, 0x00, 0x00, 0x00, 0x78, 0x00, 0x00, 0x00, 0x40, 0x00,
  0x00, 0x00, 0x04, 0x00, 0x00, 0x00, 0xA2, 0xFE, 0xFF, 0xFF,
  0x1C, 0x00, 0x00, 0x00, 0x00, 0x00, 0x00, 0x09, 0x1C, 0x00,
  0x00, 0x00, 0x20, 0x00, 0x00, 0x00, 0x05, 0x00, 0x00, 0x00,
  0x00, 0x00, 0x06, 0x00, 0x08, 0x00, 0x04, 0x00, 0x06, 0x00,
  0x00, 0x00, 0x00, 0x00, 0x80, 0x3F, 0x01, 0x00, 0x00, 0x00,
  0x13, 0x00, 0x00, 0x00, 0x01, 0x00, 0x00, 0x00, 0x12, 0x00,
  0x00, 0x00, 0x7A, 0xFE, 0xFF, 0xFF, 0x14, 0x00, 0x00, 0x00,
  0x00, 0x00, 0x00, 0x08, 0x10, 0x00, 0x00, 0x00, 0x14, 0x00,
  0x00, 0x00, 0x04, 0x00, 0x00, 0x00, 0x0C, 0xEB, 0xFF, 0xFF,
  0x01, 0x00, 0x00, 0x00, 0x12, 0x00, 0x00, 0x00, 0x03, 0x00,
  0x00, 0x00, 0x11, 0x00, 0x00, 0x00, 0x04, 0x00, 0x00, 0x00,
  0x03, 0x00, 0x00, 0x00, 0x0E, 0xFF, 0xFF, 0xFF, 0x1C, 0x00,
  0x00, 0x00, 0x00, 0x00, 0x00, 0x08, 0x1C, 0x00, 0x00, 0x00,
  0x20, 0x00, 0x00, 0x00, 0x04, 0x00, 0x00, 0x00, 0x00, 0x00,
  0x06, 0x00, 0x08, 0x00, 0x07, 0x00, 0x06, 0x00, 0x00, 0x00,
  0x00, 0x00, 0x00, 0x01, 0x01, 0x00, 0x00, 0x00, 0x11, 0x00,
  0x00, 0x00, 0x03, 0x00, 0x00, 0x00, 0x10, 0x00, 0x00, 0x00,
  0x06, 0x00, 0x00, 0x00, 0x05, 0x00, 0x00, 0x00, 0xEE, 0xFE,
  0xFF, 0xFF, 0x14, 0x00, 0x00, 0x00, 0x00, 0x00, 0x00, 0x1B,
  0x10, 0x00, 0x00, 0x00, 0x14, 0x00, 0x00, 0x00, 0x03, 0x00,
  0x00, 0x00, 0x80, 0xEB, 0xFF, 0xFF, 0x01, 0x00, 0x00, 0x00,
  0x10, 0x00, 0x00, 0x00, 0x02, 0x00, 0x00, 0x00, 0x0F, 0x00,
  0x00, 0x00, 0x02, 0x00, 0x00, 0x00, 0x1E, 0xFF, 0xFF, 0xFF,
  0x14, 0x00, 0x00, 0x00, 0x00, 0x00, 0x00, 0x05, 0x24, 0x00,
  0x00, 0x00, 0x28, 0x00, 0x00, 0x00, 0x02, 0x00, 0x00, 0x00,
  0x6E, 0xFF, 0xFF, 0xFF, 0x02, 0x00, 0x00, 0x00, 0x01, 0x00,
  0x00, 0x00, 0x02, 0x00, 0x00, 0x00, 0x01, 0x00, 0x00, 0x00,
  0x00, 0x00, 0x00, 0x01, 0x01, 0x00, 0x00, 0x00, 0x0F, 0x00,
  0x00, 0x00, 0x01, 0x00, 0x00, 0x00, 0x0E, 0x00, 0x00, 0x00,
  0x5E, 0xFF, 0xFF, 0xFF, 0x14, 0x00, 0x00, 0x00, 0x00, 0x00,
  0x00, 0x01, 0x1C, 0x00, 0x00, 0x00, 0x20, 0x00, 0x00, 0x00,
  0x01, 0x00, 0x00, 0x00, 0x50, 0xFF, 0xFF, 0xFF, 0x00, 0x00,
  0x00, 0x01, 0x01, 0x00, 0x00, 0x00, 0x01, 0x00, 0x00, 0x00,
  0x01, 0x00, 0x00, 0x00, 0x0E, 0x00, 0x00, 0x00, 0x03, 0x00,
  0x00, 0x00, 0x0D, 0x00, 0x00, 0x00, 0x08, 0x00, 0x00, 0x00,
  0x07, 0x00, 0x00, 0x00, 0x00, 0x00, 0x0E, 0x00, 0x1A, 0x00,
  0x14, 0x00, 0x10, 0x00, 0x0C, 0x00, 0x0B, 0x00, 0x04, 0x00,
  0x0E, 0x00, 0x00, 0x00, 0x24, 0x00, 0x00, 0x00, 0x00, 0x00,
  0x00, 0x05, 0x34, 0x00, 0x00, 0x00, 0x38, 0x00, 0x00, 0x00,
  0x02, 0x00, 0x00, 0x00, 0x00, 0x00, 0x0E, 0x00, 0x18, 0x00,
  0x17, 0x00, 0x10, 0x00, 0x0C, 0x00, 0x08, 0x00, 0x04, 0x00,
  0x0E, 0x00, 0x00, 0x00, 0x02, 0x00, 0x00, 0x00, 0x01, 0x00,
  0x00, 0x00, 0x02, 0x00, 0x00, 0x00, 0x01, 0x00, 0x00, 0x00,
  0x00, 0x00, 0x00, 0x01, 0x01, 0x00, 0x00, 0x00, 0x0D, 0x00,
  0x00, 0x00, 0x01, 0x00, 0x00, 0x00, 0x0C, 0x00, 0x00, 0x00,
  0x00, 0x00, 0x0E, 0x00, 0x18, 0x00, 0x14, 0x00, 0x10, 0x00,
  0x0C, 0x00, 0x0B, 0x00, 0x04, 0x00, 0x0E, 0x00, 0x00, 0x00,
  0x20, 0x00, 0x00, 0x00, 0x00, 0x00, 0x00, 0x01, 0x28, 0x00,
  0x00, 0x00, 0x2C, 0x00, 0x00, 0x00, 0x01, 0x00, 0x00, 0x00,
  0x0C, 0x00, 0x10, 0x00, 0x00, 0x00, 0x0C, 0x00, 0x08, 0x00,
  0x07, 0x00, 0x0C, 0x00, 0x00, 0x00, 0x00, 0x00, 0x00, 0x01,
  0x01, 0x00, 0x00, 0x00, 0x01, 0x00, 0x00, 0x00, 0x01, 0x00,
  0x00, 0x00, 0x0C, 0x00, 0x00, 0x00, 0x03, 0x00, 0x00, 0x00,
  0x0B, 0x00, 0x00, 0x00, 0x0A, 0x00, 0x00, 0x00, 0x09, 0x00,
  0x00, 0x00, 0x00, 0x00, 0x0A, 0x00, 0x0C, 0x00, 0x00, 0x00,
  0x08, 0x00, 0x04, 0x00, 0x0A, 0x00, 0x00, 0x00, 0x08, 0x00,
  0x00, 0x00, 0x0C, 0x00, 0x00, 0x00, 0x01, 0x00, 0x00, 0x00,
  0x0B, 0x00, 0x00, 0x00, 0x02, 0x00, 0x00, 0x00, 0x00, 0x00,
  0x00, 0x00, 0x01, 0x00, 0x00, 0x00, 0x01, 0x00, 0x00, 0x00,
  0x13, 0x00, 0x00, 0x00, 0x01, 0x00, 0x00, 0x00, 0x00, 0x00,
  0x00, 0x00, 0x14, 0x00, 0x00, 0x00, 0x4C, 0x13, 0x00, 0x00,
  0xCC, 0x12, 0x00, 0x00, 0x64, 0x12, 0x00, 0x00, 0xDC, 0x11,
  0x00, 0x00, 0x60, 0x11, 0x00, 0x00, 0xDC, 0x10, 0x00, 0x00,
  0x60, 0x10, 0x00, 0x00, 0xEC, 0x0C, 0x00, 0x00, 0x78, 0x09,
  0x00, 0x00, 0x84, 0x07, 0x00, 0x00, 0x90, 0x05, 0x00, 0x00,
  0x04, 0x05, 0x00, 0x00, 0x30, 0x04, 0x00, 0x00, 0xAC, 0x03,
  0x00, 0x00, 0xD8, 0x02, 0x00, 0x00, 0x54, 0x02, 0x00, 0x00,
  0xE0, 0x01, 0x00, 0x00, 0x1C, 0x01, 0x00, 0x00, 0x70, 0x00,
  0x00, 0x00, 0x04, 0x00, 0x00, 0x00, 0x1A, 0xED, 0xFF, 0xFF,
  0x00, 0x00, 0x00, 0x01, 0x14, 0x00, 0x00, 0x00, 0x30, 0x00,
  0x00, 0x00, 0x14, 0x00, 0x00, 0x00, 0x00, 0x00, 0x00, 0x09,
  0x44, 0x00, 0x00, 0x00, 0x04, 0xED, 0xFF, 0xFF, 0x08, 0x00,
  0x00, 0x00, 0x10, 0x00, 0x00, 0x00, 0x01, 0x00, 0x00, 0x00,
  0x80, 0xFF, 0xFF, 0xFF, 0xFF, 0xFF, 0xFF, 0xFF, 0x01, 0x00,
  0x00, 0x00, 0x00, 0x00, 0x80, 0x3B, 0x19, 0x00, 0x00, 0x00,
  0x53, 0x74, 0x61, 0x74, 0x65, 0x66, 0x75, 0x6C, 0x50, 0x61,
  0x72, 0x74, 0x69, 0x74, 0x69, 0x6F, 0x6E, 0x65, 0x64, 0x43,
  0x61, 0x6C, 0x6C, 0x3A, 0x30, 0x00, 0x00, 0x00, 0x02, 0x00,
  0x00, 0x00, 0x01, 0x00, 0x00, 0x00, 0x06, 0x00, 0x00, 0x00,
  0x82, 0xED, 0xFF, 0xFF, 0x00, 0x00, 0x00, 0x01, 0x14, 0x00,
  0x00, 0x00, 0x30, 0x00, 0x00, 0x00, 0x13, 0x00, 0x00, 0x00,
  0x00, 0x00, 0x00, 0x09, 0x84, 0x00, 0x00, 0x00, 0x6C, 0xED,
  0xFF, 0xFF, 0x08, 0x00, 0x00, 0x00, 0x10, 0x00, 0x00, 0x00,
  0x01, 0x00, 0x00, 0x00, 0x1A, 0x00, 0x00, 0x00, 0x00, 0x00,
  0x00, 0x00, 0x01, 0x00, 0x00, 0x00, 0xB9, 0x1C, 0x95, 0x3E,
  0x58, 0x00, 0x00, 0x00, 0x64, 0x61, 0x67, 0x68, 0x65, 0x72,
  0x6F, 0x5F, 0x63, 0x6E, 0x6E, 0x5F, 0x32, 0x6C, 0x61, 0x79,
  0x65, 0x72, 0x5F, 0x63, 0x6F, 0x6E, 0x76, 0x32, 0x64, 0x2F,
  0x63, 0x6C, 0x61, 0x73, 0x73, 0x69, 0x66, 0x69, 0x65, 0x72,
  0x2F, 0x4D, 0x61, 0x74, 0x4D, 0x75, 0x6C, 0x3B, 0x64, 0x61,
  0x67, 0x68, 0x65, 0x72, 0x6F, 0x5F, 0x63, 0x6E, 0x6E, 0x5F,
  0x32, 0x6C, 0x61, 0x79, 0x65, 0x72, 0x5F, 0x63, 0x6F, 0x6E,
  0x76, 0x32, 0x64, 0x2F, 0x63, 0x6C, 0x61, 0x73, 0x73, 0x69,
  0x66, 0x69, 0x65, 0x72, 0x2F, 0x42, 0x69, 0x61, 0x73, 0x41,
  0x64, 0x64, 0x00, 0x00, 0x00, 0x00, 0x02, 0x00, 0x00, 0x00,
  0x01, 0x00, 0x00, 0x00, 0x06, 0x00, 0x00, 0x00, 0x2A, 0xEE,
  0xFF, 0xFF, 0x00, 0x00, 0x00, 0x01, 0x14, 0x00, 0x00, 0x00,
  0x34, 0x00, 0x00, 0x00, 0x12, 0x00, 0x00, 0x00, 0x00, 0x00,
  0x00, 0x09, 0x9C, 0x00, 0x00, 0x00, 0x14, 0xEE, 0xFF, 0xFF,
  0x08, 0x00, 0x00, 0x00, 0x14, 0x00, 0x00, 0x00, 0x01, 0x00,
  0x00, 0x00, 0x80, 0xFF, 0xFF, 0xFF, 0xFF, 0xFF, 0xFF, 0xFF,
  0x00, 0x00, 0x00, 0x00, 0x01, 0x00, 0x00, 0x00, 0x2F, 0xF9,
  0x5C, 0x3D, 0x6D, 0x00, 0x00, 0x00, 0x64, 0x61, 0x67, 0x68,
  0x65, 0x72, 0x6F, 0x5F, 0x63, 0x6E, 0x6E, 0x5F, 0x32, 0x6C,
  0x61, 0x79, 0x65, 0x72, 0x5F, 0x63, 0x6F, 0x6E, 0x76, 0x32,
  0x64, 0x2F, 0x66, 0x63, 0x31, 0x2F, 0x4D, 0x61, 0x74, 0x4D,
  0x75, 0x6C, 0x3B, 0x64, 0x61, 0x67, 0x68, 0x65, 0x72, 0x6F,
  0x5F, 0x63, 0x6E, 0x6E, 0x5F, 0x32, 0x6C, 0x61, 0x79, 0x65,
  0x72, 0x5F, 0x63, 0x6F, 0x6E, 0x76, 0x32, 0x64, 0x2F, 0x66,
  0x63, 0x31, 0x2F, 0x52, 0x65, 0x6C, 0x75, 0x3B, 0x64, 0x61,
  0x67, 0x68, 0x65, 0x72, 0x6F, 0x5F, 0x63, 0x6E, 0x6E, 0x5F,
  0x32, 0x6C, 0x61, 0x79, 0x65, 0x72, 0x5F, 0x63, 0x6F, 0x6E,
  0x76, 0x32, 0x64, 0x2F, 0x66, 0x63, 0x31, 0x2F, 0x42, 0x69,
  0x61, 0x73, 0x41, 0x64, 0x64, 0x00, 0x00, 0x00, 0x02, 0x00,
  0x00, 0x00, 0x01, 0x00, 0x00, 0x00, 0x40, 0x00, 0x00, 0x00,
  0xEA, 0xEE, 0xFF, 0xFF, 0x00, 0x00, 0x00, 0x01, 0x14, 0x00,
  0x00, 0x00, 0x30, 0x00, 0x00, 0x00, 0x11, 0x00, 0x00, 0x00,
  0x00, 0x00, 0x00, 0x09, 0x4C, 0x00, 0x00, 0x00, 0xD4, 0xEE,
  0xFF, 0xFF, 0x08, 0x00, 0x00, 0x00, 0x10, 0x00, 0x00, 0x00,
  0x01, 0x00, 0x00, 0x00, 0x80, 0xFF, 0xFF, 0xFF, 0xFF, 0xFF,
  0xFF, 0xFF, 0x01, 0x00, 0x00, 0x00, 0xD0, 0xDE, 0x87, 0x3C,
  0x22, 0x00, 0x00, 0x00, 0x64, 0x61, 0x67, 0x68, 0x65, 0x72,
  0x6F, 0x5F, 0x63, 0x6E, 0x6E, 0x5F, 0x32, 0x6C, 0x61, 0x79,
  0x65, 0x72, 0x5F, 0x63, 0x6F, 0x6E, 0x76, 0x32, 0x64, 0x2F,
  0x67, 0x61, 0x70, 0x2F, 0x4D, 0x65, 0x61, 0x6E, 0x00, 0x00,
  0x02, 0x00, 0x00, 0x00, 0x01, 0x00, 0x00, 0x00, 0x40, 0x00,
  0x00, 0x00, 0x5A, 0xEF, 0xFF, 0xFF, 0x00, 0x00, 0x00, 0x01,
  0x14, 0x00, 0x00, 0x00, 0x34, 0x00, 0x00, 0x00, 0x10, 0x00,
  0x00, 0x00, 0x00, 0x00, 0x00, 0x09, 0x54, 0x00, 0x00, 0x00,
  0x44, 0xEF, 0xFF, 0xFF, 0x08, 0x00, 0x00, 0x00, 0x14, 0x00,
  0x00, 0x00, 0x01, 0x00, 0x00, 0x00, 0x80, 0xFF, 0xFF, 0xFF,
  0xFF, 0xFF, 0xFF, 0xFF, 0x00, 0x00, 0x00, 0x00, 0x01, 0x00,
  0x00, 0x00, 0xB7, 0xB5, 0x1E, 0x3D, 0x27, 0x00, 0x00, 0x00,
  0x64, 0x61, 0x67, 0x68, 0x65, 0x72, 0x6F, 0x5F, 0x63, 0x6E,
  0x6E, 0x5F, 0x32, 0x6C, 0x61, 0x79, 0x65, 0x72, 0x5F, 0x63,
  0x6F, 0x6E, 0x76, 0x32, 0x64, 0x2F, 0x70, 0x6F, 0x6F, 0x6C,
  0x32, 0x2F, 0x4D, 0x61, 0x78, 0x50, 0x6F, 0x6F, 0x6C, 0x00,
  0x04, 0x00, 0x00, 0x00, 0x01, 0x00, 0x00, 0x00, 0x19, 0x00,
  0x00, 0x00, 0x01, 0x00, 0x00, 0x00, 0x40, 0x00, 0x00, 0x00,
  0xDA, 0xEF, 0xFF, 0xFF, 0x00, 0x00, 0x00, 0x01, 0x14, 0x00,
  0x00, 0x00, 0x30, 0x00, 0x00, 0x00, 0x0F, 0x00, 0x00, 0x00,
  0x00, 0x00, 0x00, 0x09, 0xA4, 0x00, 0x00, 0x00, 0xC4, 0xEF,
  0xFF, 0xFF, 0x08, 0x00, 0x00, 0x00, 0x10, 0x00, 0x00, 0x00,
  0x01, 0x00, 0x00, 0x00, 0x80, 0xFF, 0xFF, 0xFF, 0xFF, 0xFF,
  0xFF, 0xFF, 0x01, 0x00, 0x00, 0x00, 0xB7, 0xB5, 0x1E, 0x3D,
  0x7A, 0x00, 0x00, 0x00, 0x64, 0x61, 0x67, 0x68, 0x65, 0x72,
  0x6F, 0x5F, 0x63, 0x6E, 0x6E, 0x5F, 0x32, 0x6C, 0x61, 0x79,
  0x65, 0x72, 0x5F, 0x63, 0x6F, 0x6E, 0x76, 0x32, 0x64, 0x2F,
  0x72, 0x65, 0x6C, 0x75, 0x32, 0x2F, 0x52, 0x65, 0x6C, 0x75,
  0x3B, 0x64, 0x61, 0x67, 0x68, 0x65, 0x72, 0x6F, 0x5F, 0x63,
  0x6E, 0x6E, 0x5F, 0x32, 0x6C, 0x61, 0x79, 0x65, 0x72, 0x5F,
  0x63, 0x6F, 0x6E, 0x76, 0x32, 0x64, 0x2F, 0x62, 0x6E, 0x32,
  0x2F, 0x46, 0x75, 0x73, 0x65, 0x64, 0x42, 0x61, 0x74, 0x63,
  0x68, 0x4E, 0x6F, 0x72, 0x6D, 0x56, 0x33, 0x3B, 0x64, 0x61,
  0x67, 0x68, 0x65, 0x72, 0x6F, 0x5F, 0x63, 0x6E, 0x6E, 0x5F,
  0x32, 0x6C, 0x61, 0x79, 0x65, 0x72, 0x5F, 0x63, 0x6F, 0x6E,
  0x76, 0x32, 0x64, 0x2F, 0x63, 0x6F, 0x6E, 0x76, 0x32, 0x2F,
  0x43, 0x6F, 0x6E, 0x76, 0x32, 0x44, 0x00, 0x00, 0x04, 0x00,
  0x00, 0x00, 0x01, 0x00, 0x00, 0x00, 0x32, 0x00, 0x00, 0x00,
  0x01, 0x00, 0x00, 0x00, 0x40, 0x00, 0x00, 0x00, 0xAA, 0xF0,
  0xFF, 0xFF, 0x00, 0x00, 0x00, 0x01, 0x14, 0x00, 0x00, 0x00,
  0x34, 0x00, 0x00, 0x00, 0x0E, 0x00, 0x00, 0x00, 0x00, 0x00,
  0x00, 0x09, 0x54, 0x00, 0x00, 0x00, 0x94, 0xF0, 0xFF, 0xFF,
  0x08, 0x00, 0x00, 0x00, 0x14, 0x00, 0x00, 0x00, 0x01, 0x00,
  0x00, 0x00, 0x80, 0xFF, 0xFF, 0xFF, 0xFF, 0xFF, 0xFF, 0xFF,
  0x00, 0x00, 0x00, 0x00, 0x01, 0x00, 0x00, 0x00, 0x82, 0xE4,
  0xDE, 0x3C, 0x27, 0x00, 0x00, 0x00, 0x64, 0x61, 0x67, 0x68,
  0x65, 0x72, 0x6F, 0x5F, 0x63, 0x6E, 0x6E, 0x5F, 0x32, 0x6C,
  0x61, 0x79, 0x65, 0x72, 0x5F, 0x63, 0x6F, 0x6E, 0x76, 0x32,
  0x64, 0x2F, 0x70, 0x6F, 0x6F, 0x6C, 0x31, 0x2F, 0x4D, 0x61,
  0x78, 0x50, 0x6F, 0x6F, 0x6C, 0x00, 0x04, 0x00, 0x00, 0x00,
  0x01, 0x00, 0x00, 0x00, 0x32, 0x00, 0x00, 0x00, 0x01, 0x00,
  0x00, 0x00, 0x20, 0x00, 0x00, 0x00, 0x2A, 0xF1, 0xFF, 0xFF,
  0x00, 0x00, 0x00, 0x01, 0x14, 0x00, 0x00, 0x00, 0x30, 0x00,
  0x00, 0x00, 0x0D, 0x00, 0x00, 0x00, 0x00, 0x00, 0x00, 0x09,
  0xA4, 0x00, 0x00, 0x00, 0x14, 0xF1, 0xFF, 0xFF, 0x08, 0x00,
  0x00, 0x00, 0x10, 0x00, 0x00, 0x00, 0x01, 0x00, 0x00, 0x00,
  0x80, 0xFF, 0xFF, 0xFF, 0xFF, 0xFF, 0xFF, 0xFF, 0x01, 0x00,
  0x00, 0x00, 0x82, 0xE4, 0xDE, 0x3C, 0x7A, 0x00, 0x00, 0x00,
  0x64, 0x61, 0x67, 0x68, 0x65, 0x72, 0x6F, 0x5F, 0x63, 0x6E,
  0x6E, 0x5F, 0x32, 0x6C, 0x61, 0x79, 0x65, 0x72, 0x5F, 0x63,
  0x6F, 0x6E, 0x76, 0x32, 0x64, 0x2F, 0x72, 0x65, 0x6C, 0x75,
  0x31, 0x2F, 0x52, 0x65, 0x6C, 0x75, 0x3B, 0x64, 0x61, 0x67,
  0x68, 0x65, 0x72, 0x6F, 0x5F, 0x63, 0x6E, 0x6E, 0x5F, 0x32,
  0x6C, 0x61, 0x79, 0x65, 0x72, 0x5F, 0x63, 0x6F, 0x6E, 0x76,
  0x32, 0x64, 0x2F, 0x62, 0x6E, 0x31, 0x2F, 0x46, 0x75, 0x73,
  0x65, 0x64, 0x42, 0x61, 0x74, 0x63, 0x68, 0x4E, 0x6F, 0x72,
  0x6D, 0x56, 0x33, 0x3B, 0x64, 0x61, 0x67, 0x68, 0x65, 0x72,
  0x6F, 0x5F, 0x63, 0x6E, 0x6E, 0x5F, 0x32, 0x6C, 0x61, 0x79,
  0x65, 0x72, 0x5F, 0x63, 0x6F, 0x6E, 0x76, 0x32, 0x64, 0x2F,
  0x63, 0x6F, 0x6E, 0x76, 0x31, 0x2F, 0x43, 0x6F, 0x6E, 0x76,
  0x32, 0x44, 0x00, 0x00, 0x04, 0x00, 0x00, 0x00, 0x01, 0x00,
  0x00, 0x00, 0x64, 0x00, 0x00, 0x00, 0x01, 0x00, 0x00, 0x00,
  0x20, 0x00, 0x00, 0x00, 0xFA, 0xF1, 0xFF, 0xFF, 0x00, 0x00,
  0x00, 0x01, 0x14, 0x00, 0x00, 0x00, 0x34, 0x00, 0x00, 0x00,
  0x0C, 0x00, 0x00, 0x00, 0x00, 0x00, 0x00, 0x09, 0x5C, 0x00,
  0x00, 0x00, 0xE4, 0xF1, 0xFF, 0xFF, 0x08, 0x00, 0x00, 0x00,
  0x14, 0x00, 0x00, 0x00, 0x01, 0x00, 0x00, 0x00, 0x05, 0x00,
  0x00, 0x00, 0x00, 0x00, 0x00, 0x00, 0x00, 0x00, 0x00, 0x00,
  0x01, 0x00, 0x00, 0x00, 0x35, 0x0C, 0x00, 0x3D, 0x2C, 0x00,
  0x00, 0x00, 0x64, 0x61, 0x67, 0x68, 0x65, 0x72, 0x6F, 0x5F,
  0x63, 0x6E, 0x6E, 0x5F, 0x32, 0x6C, 0x61, 0x79, 0x65, 0x72,
  0x5F, 0x63, 0x6F, 0x6E, 0x76, 0x32, 0x64, 0x2F, 0x72, 0x65,
  0x73, 0x68, 0x61, 0x70, 0x65, 0x5F, 0x69, 0x6E, 0x2F, 0x52,
  0x65, 0x73, 0x68, 0x61, 0x70, 0x65, 0x00, 0x00, 0x00, 0x00,
  0x04, 0x00, 0x00, 0x00, 0x01, 0x00, 0x00, 0x00, 0x64, 0x00,
  0x00, 0x00, 0x01, 0x00, 0x00, 0x00, 0x03, 0x00, 0x00, 0x00,
  0x82, 0xF2, 0xFF, 0xFF, 0x00, 0x00, 0x00, 0x01, 0x14, 0x00,
  0x00, 0x00, 0xA4, 0x01, 0x00, 0x00, 0x0B, 0x00, 0x00, 0x00,
  0x00, 0x00, 0x00, 0x09, 0xC4, 0x01, 0x00, 0x00, 0x6C, 0xF2,
  0xFF, 0xFF, 0x08, 0x00, 0x00, 0x00, 0x08, 0x01, 0x00, 0x00,
  0x20, 0x00, 0x00, 0x00, 0x00, 0x00, 0x00, 0x00, 0x00, 0x00,
  0x00, 0x00, 0x00, 0x00, 0x00, 0x00, 0x00, 0x00, 0x00, 0x00,
  0x00, 0x00, 0x00, 0x00, 0x00, 0x00, 0x00, 0x00, 0x00, 0x00,
  0x00, 0x00, 0x00, 0x00, 0x00, 0x00, 0x00, 0x00, 0x00, 0x00,
  0x00, 0x00, 0x00, 0x00, 0x00, 0x00, 0x00, 0x00, 0x00, 0x00,
  0x00, 0x00, 0x00, 0x00, 0x00, 0x00, 0x00, 0x00, 0x00, 0x00,
  0x00, 0x00, 0x00, 0x00, 0x00, 0x00, 0x00, 0x00, 0x00, 0x00,
  0x00, 0x00, 0x00, 0x00, 0x00, 0x00, 0x00, 0x00, 0x00, 0x00,
  0x00, 0x00, 0x00, 0x00, 0x00, 0x00, 0x00, 0x00, 0x00, 0x00,
  0x00, 0x00, 0x00, 0x00, 0x00, 0x00, 0x00, 0x00, 0x00, 0x00,
  0x00, 0x00, 0x00, 0x00, 0x00, 0x00, 0x00, 0x00, 0x00, 0x00,
  0x00, 0x00, 0x00, 0x00, 0x00, 0x00, 0x00, 0x00, 0x00, 0x00,
  0x00, 0x00, 0x00, 0x00, 0x00, 0x00, 0x00, 0x00, 0x00, 0x00,
  0x00, 0x00, 0x00, 0x00, 0x00, 0x00, 0x00, 0x00, 0x00, 0x00,
  0x00, 0x00, 0x00, 0x00, 0x00, 0x00, 0x00, 0x00, 0x00, 0x00,
  0x00, 0x00, 0x00, 0x00, 0x00, 0x00, 0x00, 0x00, 0x00, 0x00,
  0x00, 0x00, 0x00, 0x00, 0x00, 0x00, 0x00, 0x00, 0x00, 0x00,
  0x00, 0x00, 0x00, 0x00, 0x00, 0x00, 0x00, 0x00, 0x00, 0x00,
  0x00, 0x00, 0x00, 0x00, 0x00, 0x00, 0x00, 0x00, 0x00, 0x00,
  0x00, 0x00, 0x00, 0x00, 0x00, 0x00, 0x00, 0x00, 0x00, 0x00,
  0x00, 0x00, 0x00, 0x00, 0x00, 0x00, 0x00, 0x00, 0x00, 0x00,
  0x00, 0x00, 0x00, 0x00, 0x00, 0x00, 0x00, 0x00, 0x00, 0x00,
  0x00, 0x00, 0x00, 0x00, 0x00, 0x00, 0x00, 0x00, 0x00, 0x00,
  0x00, 0x00, 0x00, 0x00, 0x00, 0x00, 0x00, 0x00, 0x00, 0x00,
  0x00, 0x00, 0x00, 0x00, 0x00, 0x00, 0x00, 0x00, 0x00, 0x00,
  0x00, 0x00, 0x00, 0x00, 0x00, 0x00, 0x00, 0x00, 0x00, 0x00,
  0x20, 0x00, 0x00, 0x00, 0xE4, 0x3B, 0x82, 0x3B, 0x4E, 0x16,
  0xA3, 0x3B, 0xFE, 0x19, 0x5F, 0x3B, 0x72, 0x48, 0x74, 0x3B,
  0x50, 0xAF, 0x44, 0x3B, 0x48, 0x65, 0xB9, 0x3B, 0x85, 0xC2,
  0x72, 0x3B, 0x59, 0x64, 0x79, 0x3B, 0x10, 0xFE, 0xBC, 0x3B,
  0x4C, 0x3E, 0x2F, 0x3B, 0x69, 0x7E, 0x17, 0x3B, 0x44, 0xD9,
  0x2C, 0x3B, 0xFB, 0xAC, 0x52, 0x3B, 0xA0, 0x0D, 0x91, 0x3B,
  0xA3, 0x4C, 0x37, 0x3B, 0xF7, 0x00, 0x96, 0x3B, 0xD4, 0xD0,
  0x3F, 0x3B, 0xF7, 0x2A, 0xB2, 0x3B, 0x8B, 0xC5, 0x78, 0x3B,
  0x26, 0x85, 0x80, 0x3B, 0x33, 0x14, 0x8B, 0x3B, 0x20, 0x84,
  0x90, 0x3B, 0x31, 0x36, 0x96, 0x3B, 0xB3, 0xC6, 0x6D, 0x3B,
  0x7C, 0x93, 0x7A, 0x3B, 0xEA, 0x84, 0x24, 0x3B, 0x42, 0x34,
  0x9B, 0x3B, 0x42, 0x77, 0x52, 0x3B, 0x1A, 0xAB, 0x46, 0x3B,
  0x3D, 0x6C, 0x79, 0x3B, 0x7B, 0x5B, 0x90, 0x3B, 0x28, 0xE9,
  0x85, 0x3B, 0x26, 0x00, 0x00, 0x00, 0x64, 0x61, 0x67, 0x68,
  0x65, 0x72, 0x6F, 0x5F, 0x63, 0x6E, 0x6E, 0x5F, 0x32, 0x6C,
  0x61, 0x79, 0x65, 0x72, 0x5F, 0x63, 0x6F, 0x6E, 0x76, 0x32,
  0x64, 0x2F, 0x63, 0x6F, 0x6E, 0x76, 0x31, 0x2F, 0x43, 0x6F,
  0x6E, 0x76, 0x32, 0x44, 0x00, 0x00, 0x04, 0x00, 0x00, 0x00,
  0x20, 0x00, 0x00, 0x00, 0x07, 0x00, 0x00, 0x00, 0x01, 0x00,
  0x00, 0x00, 0x03, 0x00, 0x00, 0x00, 0x72, 0xF4, 0xFF, 0xFF,
  0x00, 0x00, 0x00, 0x01, 0x14, 0x00, 0x00, 0x00, 0xA8, 0x01,
  0x00, 0x00, 0x0A, 0x00, 0x00, 0x00, 0x00, 0x00, 0x00, 0x02,
  0xD0, 0x01, 0x00, 0x00, 0x5C, 0xF4, 0xFF, 0xFF, 0x08, 0x00,
  0x00, 0x00, 0x0C, 0x01, 0x00, 0x00, 0x20, 0x00, 0x00, 0x00,
  0x00, 0x00, 0x00, 0x00, 0x00, 0x00, 0x00, 0x00, 0x00, 0x00,
  0x00, 0x00, 0x00, 0x00, 0x00, 0x00, 0x00, 0x00, 0x00, 0x00,
  0x00, 0x00, 0x00, 0x00, 0x00, 0x00, 0x00, 0x00, 0x00, 0x00,
  0x00, 0x00, 0x00, 0x00, 0x00, 0x00, 0x00, 0x00, 0x00, 0x00,
  0x00, 0x00, 0x00, 0x00, 0x00, 0x00, 0x00, 0x00, 0x00, 0x00,
  0x00, 0x00, 0x00, 0x00, 0x00, 0x00, 0x00, 0x00, 0x00, 0x00,
  0x00, 0x00, 0x00, 0x00, 0x00, 0x00, 0x00, 0x00, 0x00, 0x00,
  0x00, 0x00, 0x00, 0x00, 0x00, 0x00, 0x00, 0x00, 0x00, 0x00,
  0x00, 0x00, 0x00, 0x00, 0x00, 0x00, 0x00, 0x00, 0x00, 0x00,
  0x00, 0x00, 0x00, 0x00, 0x00, 0x00, 0x00, 0x00, 0x00, 0x00,
  0x00, 0x00, 0x00, 0x00, 0x00, 0x00, 0x00, 0x00, 0x00, 0x00,
  0x00, 0x00, 0x00, 0x00, 0x00, 0x00, 0x00, 0x00, 0x00, 0x00,
  0x00, 0x00, 0x00, 0x00, 0x00, 0x00, 0x00, 0x00, 0x00, 0x00,
  0x00, 0x00, 0x00, 0x00, 0x00, 0x00, 0x00, 0x00, 0x00, 0x00,
  0x00, 0x00, 0x00, 0x00, 0x00, 0x00, 0x00, 0x00, 0x00, 0x00,
  0x00, 0x00, 0x00, 0x00, 0x00, 0x00, 0x00, 0x00, 0x00, 0x00,
  0x00, 0x00, 0x00, 0x00, 0x00, 0x00, 0x00, 0x00, 0x00, 0x00,
  0x00, 0x00, 0x00, 0x00, 0x00, 0x00, 0x00, 0x00, 0x00, 0x00,
  0x00, 0x00, 0x00, 0x00, 0x00, 0x00, 0x00, 0x00, 0x00, 0x00,
  0x00, 0x00, 0x00, 0x00, 0x00, 0x00, 0x00, 0x00, 0x00, 0x00,
  0x00, 0x00, 0x00, 0x00, 0x00, 0x00, 0x00, 0x00, 0x00, 0x00,
  0x00, 0x00, 0x00, 0x00, 0x00, 0x00, 0x00, 0x00, 0x00, 0x00,
  0x00, 0x00, 0x00, 0x00, 0x00, 0x00, 0x00, 0x00, 0x00, 0x00,
  0x00, 0x00, 0x00, 0x00, 0x00, 0x00, 0x00, 0x00, 0x00, 0x00,
  0x00, 0x00, 0x00, 0x00, 0x00, 0x00, 0x00, 0x00, 0x00, 0x00,
  0x00, 0x00, 0x00, 0x00, 0x00, 0x00, 0x00, 0x00, 0x00, 0x00,
  0x20, 0x00, 0x00, 0x00, 0x50, 0x48, 0x02, 0x39, 0xDC, 0x25,
  0x23, 0x39, 0x45, 0x2F, 0xDF, 0x38, 0xBE, 0x5F, 0xF4, 0x38,
  0x12, 0xC2, 0xC4, 0x38, 0xF6, 0x76, 0x39, 0x39, 0xAC, 0xD9,
  0xF2, 0x38, 0x22, 0x7C, 0xF9, 0x38, 0x16, 0x10, 0x3D, 0x39,
  0x02, 0x4F, 0xAF, 0x38, 0xDC, 0x8C, 0x97, 0x38, 0xC0, 0xE9,
  0xAC, 0x38, 0x12, 0xC1, 0xD2, 0x38, 0x75, 0x1B, 0x11, 0x39,
  0x1E, 0x5E, 0xB7, 0x38, 0x45, 0x0F, 0x16, 0x39, 0x1F, 0xE3,
  0xBF, 0x38, 0xF5, 0x3B, 0x32, 0x39, 0x45, 0xDD, 0xF8, 0x38,
  0x68, 0x91, 0x00, 0x39, 0x76, 0x21, 0x0B, 0x39, 0xE8, 0x91,
  0x10, 0x39, 0x84, 0x44, 0x16, 0x39, 0x60, 0xDD, 0xED, 0x38,
  0x62, 0xAB, 0xFA, 0x38, 0x9B, 0x94, 0xA4, 0x38, 0x0F, 0x43,
  0x1B, 0x39, 0x54, 0x8B, 0xD2, 0x38, 0x0C, 0xBE, 0xC6, 0x38,
  0x06, 0x84, 0xF9, 0x38, 0x3F, 0x69, 0x10, 0x39, 0xED, 0xF5,
  0x05, 0x39, 0x2E, 0x00, 0x00, 0x00, 0x64, 0x61, 0x67, 0x68,
  0x65, 0x72, 0x6F, 0x5F, 0x63, 0x6E, 0x6E, 0x5F, 0x32, 0x6C,
  0x61, 0x79, 0x65, 0x72, 0x5F, 0x63, 0x6F, 0x6E, 0x76, 0x32,
  0x64, 0x2F, 0x62, 0x6E, 0x31, 0x2F, 0x46, 0x75, 0x73, 0x65,
  0x64, 0x42, 0x61, 0x74, 0x63, 0x68, 0x4E, 0x6F, 0x72, 0x6D,
  0x56, 0x33, 0x00, 0x00, 0x01, 0x00, 0x00, 0x00, 0x20, 0x00,
  0x00, 0x00, 0x62, 0xF6, 0xFF, 0xFF, 0x00, 0x00, 0x00, 0x01,
  0x14, 0x00, 0x00, 0x00, 0x24, 0x03, 0x00, 0x00, 0x09, 0x00,
  0x00, 0x00, 0x00, 0x00, 0x00, 0x09, 0x44, 0x03, 0x00, 0x00,
  0x4C, 0xF6, 0xFF, 0xFF, 0x08, 0x00, 0x00, 0x00, 0x08, 0x02,
  0x00, 0x00, 0x40, 0x00, 0x00, 0x00, 0x00, 0x00, 0x00, 0x00,
  0x00, 0x00, 0x00, 0x00, 0x00, 0x00, 0x00, 0x00, 0x00, 0x00,
  0x00, 0x00, 0x00, 0x00, 0x00, 0x00, 0x00, 0x00, 0x00, 0x00,
  0x00, 0x00, 0x00, 0x00, 0x00, 0x00, 0x00, 0x00, 0x00, 0x00,
  0x00, 0x00, 0x00, 0x00, 0x00, 0x00, 0x00, 0x00, 0x00, 0x00,
  0x00, 0x00, 0x00, 0x00, 0x00, 0x00, 0x00, 0x00, 0x00, 0x00,
  0x00, 0x00, 0x00, 0x00, 0x00, 0x00, 0x00, 0x00, 0x00, 0x00,
  0x00, 0x00, 0x00, 0x00, 0x00, 0x00, 0x00, 0x00, 0x00, 0x00,
  0x00, 0x00, 0x00, 0x00, 0x00, 0x00, 0x00, 0x00, 0x00, 0x00,
  0x00, 0x00, 0x00, 0x00, 0x00, 0x00, 0x00, 0x00, 0x00, 0x00,
  0x00, 0x00, 0x00, 0x00, 0x00, 0x00, 0x00, 0x00, 0x00, 0x00,
  0x00, 0x00, 0x00, 0x00, 0x00, 0x00, 0x00, 0x00, 0x00, 0x00,
  0x00, 0x00, 0x00, 0x00, 0x00, 0x00, 0x00, 0x00, 0x00, 0x00,
  0x00, 0x00, 0x00, 0x00, 0x00, 0x00, 0x00, 0x00, 0x00, 0x00,
  0x00, 0x00, 0x00, 0x00, 0x00, 0x00, 0x00, 0x00, 0x00, 0x00,
  0x00, 0x00, 0x00, 0x00, 0x00, 0x00, 0x00, 0x00, 0x00, 0x00,
  0x00, 0x00, 0x00, 0x00, 0x00, 0x00, 0x00, 0x00, 0x00, 0x00,
  0x00, 0x00, 0x00, 0x00, 0x00, 0x00, 0x00, 0x00, 0x00, 0x00,
  0x00, 0x00, 0x00, 0x00, 0x00, 0x00, 0x00, 0x00, 0x00, 0x00,
  0x00, 0x00, 0x00, 0x00, 0x00, 0x00, 0x00, 0x00, 0x00, 0x00,
  0x00, 0x00, 0x00, 0x00, 0x00, 0x00, 0x00, 0x00, 0x00, 0x00,
  0x00, 0x00, 0x00, 0x00, 0x00, 0x00, 0x00, 0x00, 0x00, 0x00,
  0x00, 0x00, 0x00, 0x00, 0x00, 0x00, 0x00, 0x00, 0x00, 0x00,
  0x00, 0x00, 0x00, 0x00, 0x00, 0x00, 0x00, 0x00, 0x00, 0x00,
  0x00, 0x00, 0x00, 0x00, 0x00, 0x00, 0x00, 0x00, 0x00, 0x00,
  0x00, 0x00, 0x00, 0x00, 0x00, 0x00, 0x00, 0x00, 0x00, 0x00,
  0x00, 0x00, 0x00, 0x00, 0x00, 0x00, 0x00, 0x00, 0x00, 0x00,
  0x00, 0x00, 0x00, 0x00, 0x00, 0x00, 0x00, 0x00, 0x00, 0x00,
  0x00, 0x00, 0x00, 0x00, 0x00, 0x00, 0x00, 0x00, 0x00, 0x00,
  0x00, 0x00, 0x00, 0x00, 0x00, 0x00, 0x00, 0x00, 0x00, 0x00,
  0x00, 0x00, 0x00, 0x00, 0x00, 0x00, 0x00, 0x00, 0x00, 0x00,
  0x00, 0x00, 0x00, 0x00, 0x00, 0x00, 0x00, 0x00, 0x00, 0x00,
  0x00, 0x00, 0x00, 0x00, 0x00, 0x00, 0x00, 0x00, 0x00, 0x00,
  0x00, 0x00, 0x00, 0x00, 0x00, 0x00, 0x00, 0x00, 0x00, 0x00,
  0x00, 0x00, 0x00, 0x00, 0x00, 0x00, 0x00, 0x00, 0x00, 0x00,
  0x00, 0x00, 0x00, 0x00, 0x00, 0x00, 0x00, 0x00, 0x00, 0x00,
  0x00, 0x00, 0x00, 0x00, 0x00, 0x00, 0x00, 0x00, 0x00, 0x00,
  0x00, 0x00, 0x00, 0x00, 0x00, 0x00, 0x00, 0x00, 0x00, 0x00,
  0x00, 0x00, 0x00, 0x00, 0x00, 0x00, 0x00, 0x00, 0x00, 0x00,
  0x00, 0x00, 0x00, 0x00, 0x00, 0x00, 0x00, 0x00, 0x00, 0x00,
  0x00, 0x00, 0x00, 0x00, 0x00, 0x00, 0x00, 0x00, 0x00, 0x00,
  0x00, 0x00, 0x00, 0x00, 0x00, 0x00, 0x00, 0x00, 0x00, 0x00,
  0x00, 0x00, 0x00, 0x00, 0x00, 0x00, 0x00, 0x00, 0x00, 0x00,
  0x00, 0x00, 0x00, 0x00, 0x00, 0x00, 0x00, 0x00, 0x00, 0x00,
  0x00, 0x00, 0x00, 0x00, 0x00, 0x00, 0x00, 0x00, 0x00, 0x00,
  0x00, 0x00, 0x00, 0x00, 0x00, 0x00, 0x00, 0x00, 0x00, 0x00,
  0x00, 0x00, 0x00, 0x00, 0x00, 0x00, 0x00, 0x00, 0x00, 0x00,
  0x00, 0x00, 0x00, 0x00, 0x00, 0x00, 0x00, 0x00, 0x00, 0x00,
  0x00, 0x00, 0x00, 0x00, 0x00, 0x00, 0x00, 0x00, 0x00, 0x00,
  0x00, 0x00, 0x00, 0x00, 0x00, 0x00, 0x00, 0x00, 0x00, 0x00,
  0x00, 0x00, 0x00, 0x00, 0x00, 0x00, 0x00, 0x00, 0x00, 0x00,
  0x00, 0x00, 0x00, 0x00, 0x00, 0x00, 0x00, 0x00, 0x40, 0x00,
  0x00, 0x00, 0xE8, 0xF9, 0x56, 0x3B, 0x6E, 0x5A, 0x85, 0x3B,
  0x80, 0xFC, 0x4F, 0x3B, 0xA7, 0x1C, 0x5B, 0x3B, 0x65, 0x98,
  0x3A, 0x3B, 0xC7, 0x6E, 0x43, 0x3B, 0x17, 0x14, 0x5A, 0x3B,
  0x42, 0xD9, 0x57, 0x3B, 0x9A, 0x01, 0x5B, 0x3B, 0xB3, 0x23,
  0x72, 0x3B, 0xEB, 0x2A, 0x29, 0x3B, 0x7C, 0x36, 0x7C, 0x3B,
  0xAB, 0x7D, 0x70, 0x3B, 0xD8, 0x9F, 0x52, 0x3B, 0xBE, 0xF2,
  0x24, 0x3B, 0xF1, 0xE8, 0x5C, 0x3B, 0xD0, 0x22, 0x88, 0x3B,
  0x47, 0xE1, 0x35, 0x3B, 0x1C, 0x7E, 0x67, 0x3B, 0x70, 0xEE,
  0x50, 0x3B, 0x9C, 0xCC, 0x72, 0x3B, 0xB6, 0x17, 0x80, 0x3B,
  0xC7, 0x13, 0x4C, 0x3B, 0xF6, 0xD3, 0x20, 0x3B, 0xB0, 0x77,
  0x77, 0x3B, 0x3D, 0x5B, 0x29, 0x3B, 0x6E, 0x34, 0x5F, 0x3B,
  0x71, 0x2C, 0x83, 0x3B, 0xCE, 0x5C, 0x7E, 0x3B, 0xB1, 0x71,
  0x39, 0x3B, 0x6B, 0x71, 0x4F, 0x3B, 0x86, 0xF5, 0x37, 0x3B,
  0xC5, 0x29, 0x5B, 0x3B, 0xD8, 0x1C, 0x2F, 0x3B, 0x29, 0x9A,
  0x37, 0x3B, 0x00, 0x01, 0x97, 0x3B, 0xC2, 0x02, 0x61, 0x3B,
  0xF6, 0xA7, 0x5B, 0x3B, 0xFD, 0xDC, 0x42, 0x3B, 0x1B, 0x41,
  0x81, 0x3B, 0x49, 0x67, 0x2D, 0x3B, 0x78, 0x0D, 0x5F, 0x3B,
  0xC3, 0x71, 0x5E, 0x3B, 0x9B, 0xD7, 0x13, 0x3B, 0x19, 0x3D,
  0x3F, 0x3B, 0x3F, 0x85, 0x4C, 0x3B, 0x37, 0xEF, 0x36, 0x3B,
  0x75, 0x93, 0x83, 0x3B, 0x09, 0xFB, 0x5F, 0x3B, 0x02, 0xD7,
  0xFB, 0x3A, 0x49, 0xCC, 0x4F, 0x3B, 0xFB, 0x7C, 0x69, 0x3B,
  0x71, 0xFC, 0x61, 0x3B, 0xAA, 0x32, 0x85, 0x3B, 0x63, 0xC4,
  0x64, 0x3B, 0xA4, 0xCD, 0x7E, 0x3B, 0x38, 0xFE, 0x34, 0x3B,
  0xBE, 0x48, 0x7E, 0x3B, 0x98, 0x8F, 0x81, 0x3B, 0x47, 0x56,
  0xDB, 0x3A, 0xF3, 0x32, 0x52, 0x3B, 0x9B, 0x46, 0x61, 0x3B,
  0xD7, 0xD8, 0x4F, 0x3B, 0x19, 0xD0, 0x3B, 0x3B, 0x26, 0x00,
  0x00, 0x00, 0x64, 0x61, 0x67, 0x68, 0x65, 0x72, 0x6F, 0x5F,
  0x63, 0x6E, 0x6E, 0x5F, 0x32, 0x6C, 0x61, 0x79, 0x65, 0x72,
  0x5F, 0x63, 0x6F, 0x6E, 0x76, 0x32, 0x64, 0x2F, 0x63, 0x6F,
  0x6E, 0x76, 0x32, 0x2F, 0x43, 0x6F, 0x6E, 0x76, 0x32, 0x44,
  0x00, 0x00, 0x04, 0x00, 0x00, 0x00, 0x40, 0x00, 0x00, 0x00,
  0x07, 0x00, 0x00, 0x00, 0x01, 0x00, 0x00, 0x00, 0x20, 0x00,
  0x00, 0x00, 0xD2, 0xF9, 0xFF, 0xFF, 0x00, 0x00, 0x00, 0x01,
  0x14, 0x00, 0x00, 0x00, 0x28, 0x03, 0x00, 0x00, 0x08, 0x00,
  0x00, 0x00, 0x00, 0x00, 0x00, 0x02, 0x50, 0x03, 0x00, 0x00,
  0xBC, 0xF9, 0xFF, 0xFF, 0x08, 0x00, 0x00, 0x00, 0x0C, 0x02,
  0x00, 0x00, 0x40, 0x00, 0x00, 0x00, 0x00, 0x00, 0x00, 0x00,
  0x00, 0x00, 0x00, 0x00, 0x00, 0x00, 0x00, 0x00, 0x00, 0x00,
  0x00, 0x00, 0x00, 0x00, 0x00, 0x00, 0x00, 0x00, 0x00, 0x00,
  0x00, 0x00, 0x00, 0x00, 0x00, 0x00, 0x00, 0x00, 0x00, 0x00,
  0x00, 0x00, 0x00, 0x00, 0x00, 0x00, 0x00, 0x00, 0x00, 0x00,
  0x00, 0x00, 0x00, 0x00, 0x00, 0x00, 0x00, 0x00, 0x00, 0x00,
  0x00, 0x00, 0x00, 0x00, 0x00, 0x00, 0x00, 0x00, 0x00, 0x00,
  0x00, 0x00, 0x00, 0x00, 0x00, 0x00, 0x00, 0x00, 0x00, 0x00,
  0x00, 0x00, 0x00, 0x00, 0x00, 0x00, 0x00, 0x00, 0x00, 0x00,
  0x00, 0x00, 0x00, 0x00, 0x00, 0x00, 0x00, 0x00, 0x00, 0x00,
  0x00, 0x00, 0x00, 0x00, 0x00, 0x00, 0x00, 0x00, 0x00, 0x00,
  0x00, 0x00, 0x00, 0x00, 0x00, 0x00, 0x00, 0x00, 0x00, 0x00,
  0x00, 0x00, 0x00, 0x00, 0x00, 0x00, 0x00, 0x00, 0x00, 0x00,
  0x00, 0x00, 0x00, 0x00, 0x00, 0x00, 0x00, 0x00, 0x00, 0x00,
  0x00, 0x00, 0x00, 0x00, 0x00, 0x00, 0x00, 0x00, 0x00, 0x00,
  0x00, 0x00, 0x00, 0x00, 0x00, 0x00, 0x00, 0x00, 0x00, 0x00,
  0x00, 0x00, 0x00, 0x00, 0x00, 0x00, 0x00, 0x00, 0x00, 0x00,
  0x00, 0x00, 0x00, 0x00, 0x00, 0x00, 0x00, 0x00, 0x00, 0x00,
  0x00, 0x00, 0x00, 0x00, 0x00, 0x00, 0x00, 0x00, 0x00, 0x00,
  0x00, 0x00, 0x00, 0x00, 0x00, 0x00, 0x00, 0x00, 0x00, 0x00,
  0x00, 0x00, 0x00, 0x00, 0x00, 0x00, 0x00, 0x00, 0x00, 0x00,
  0x00, 0x00, 0x00, 0x00, 0x00, 0x00, 0x00, 0x00, 0x00, 0x00,
  0x00, 0x00, 0x00, 0x00, 0x00, 0x00, 0x00, 0x00, 0x00, 0x00,
  0x00, 0x00, 0x00, 0x00, 0x00, 0x00, 0x00, 0x00, 0x00, 0x00,
  0x00, 0x00, 0x00, 0x00, 0x00, 0x00, 0x00, 0x00, 0x00, 0x00,
  0x00, 0x00, 0x00, 0x00, 0x00, 0x00, 0x00, 0x00, 0x00, 0x00,
  0x00, 0x00, 0x00, 0x00, 0x00, 0x00, 0x00, 0x00, 0x00, 0x00,
  0x00, 0x00, 0x00, 0x00, 0x00, 0x00, 0x00, 0x00, 0x00, 0x00,
  0x00, 0x00, 0x00, 0x00, 0x00, 0x00, 0x00, 0x00, 0x00, 0x00,
  0x00, 0x00, 0x00, 0x00, 0x00, 0x00, 0x00, 0x00, 0x00, 0x00,
  0x00, 0x00, 0x00, 0x00, 0x00, 0x00, 0x00, 0x00, 0x00, 0x00,
  0x00, 0x00, 0x00, 0x00, 0x00, 0x00, 0x00, 0x00, 0x00, 0x00,
  0x00, 0x00, 0x00, 0x00, 0x00, 0x00, 0x00, 0x00, 0x00, 0x00,
  0x00, 0x00, 0x00, 0x00, 0x00, 0x00, 0x00, 0x00, 0x00, 0x00,
  0x00, 0x00, 0x00, 0x00, 0x00, 0x00, 0x00, 0x00, 0x00, 0x00,
  0x00, 0x00, 0x00, 0x00, 0x00, 0x00, 0x00, 0x00, 0x00, 0x00,
  0x00, 0x00, 0x00, 0x00, 0x00, 0x00, 0x00, 0x00, 0x00, 0x00,
  0x00, 0x00, 0x00, 0x00, 0x00, 0x00, 0x00, 0x00, 0x00, 0x00,
  0x00, 0x00, 0x00, 0x00, 0x00, 0x00, 0x00, 0x00, 0x00, 0x00,
  0x00, 0x00, 0x00, 0x00, 0x00, 0x00, 0x00, 0x00, 0x00, 0x00,
  0x00, 0x00, 0x00, 0x00, 0x00, 0x00, 0x00, 0x00, 0x00, 0x00,
  0x00, 0x00, 0x00, 0x00, 0x00, 0x00, 0x00, 0x00, 0x00, 0x00,
  0x00, 0x00, 0x00, 0x00, 0x00, 0x00, 0x00, 0x00, 0x00, 0x00,
  0x00, 0x00, 0x00, 0x00, 0x00, 0x00, 0x00, 0x00, 0x00, 0x00,
  0x00, 0x00, 0x00, 0x00, 0x00, 0x00, 0x00, 0x00, 0x00, 0x00,
  0x00, 0x00, 0x00, 0x00, 0x00, 0x00, 0x00, 0x00, 0x00, 0x00,
  0x00, 0x00, 0x00, 0x00, 0x00, 0x00, 0x00, 0x00, 0x00, 0x00,
  0x00, 0x00, 0x00, 0x00, 0x00, 0x00, 0x00, 0x00, 0x00, 0x00,
  0x00, 0x00, 0x00, 0x00, 0x00, 0x00, 0x00, 0x00, 0x00, 0x00,
  0x00, 0x00, 0x00, 0x00, 0x00, 0x00, 0x00, 0x00, 0x00, 0x00,
  0x00, 0x00, 0x00, 0x00, 0x00, 0x00, 0x00, 0x00, 0x00, 0x00,
  0x00, 0x00, 0x00, 0x00, 0x00, 0x00, 0x00, 0x00, 0x00, 0x00,
  0x00, 0x00, 0x40, 0x00, 0x00, 0x00, 0x9B, 0x2C, 0xBB, 0x38,
  0xE7, 0x36, 0xE8, 0x38, 0x9E, 0x16, 0xB5, 0x38, 0x6E, 0xC6,
  0xBE, 0x38, 0xB6, 0x76, 0xA2, 0x38, 0x82, 0x28, 0xAA, 0x38,
  0x15, 0xE0, 0xBD, 0x38, 0x12, 0xEF, 0xBB, 0x38, 0xE0, 0xAE,
  0xBE, 0x38, 0x18, 0xD3, 0xD2, 0x38, 0x38, 0x4A, 0x93, 0x38,
  0x60, 0x98, 0xDB, 0x38, 0xA4, 0x63, 0xD1, 0x38, 0x9F, 0x62,
  0xB7, 0x38, 0xBD, 0x9D, 0x8F, 0x38, 0x31, 0x57, 0xC0, 0x38,
  0x69, 0x0F, 0xED, 0x38, 0xB5, 0x5B, 0x9E, 0x38, 0xFE, 0x8D,
  0xC9, 0x38, 0x44, 0xE9, 0xB5, 0x38, 0x29, 0x66, 0xD3, 0x38,
  0xCC, 0x0D, 0xDF, 0x38, 0x50, 0xAF, 0xB1, 0x38, 0x5E, 0x07,
  0x8C, 0x38, 0xAF, 0x76, 0xD7, 0x38, 0x4A, 0x74, 0x93, 0x38,
  0xB3, 0x56, 0xC2, 0x38, 0x40, 0x6B, 0xE4, 0x38, 0x86, 0x77,
  0xDD, 0x38, 0x1F, 0x76, 0xA1, 0x38, 0x85, 0x9D, 0xB4, 0x38,
  0x1E, 0x2B, 0xA0, 0x38, 0xD9, 0xD1, 0xBE, 0x38, 0x52, 0x77,
  0x98, 0x38, 0x92, 0xDB, 0x9F, 0x38, 0xA8, 0x79, 0x03, 0x39,
  0x3D, 0xE9, 0xC3, 0x38, 0xB8, 0x3F, 0xBF, 0x38, 0x93, 0xA9,
  0xA9, 0x38, 0xAA, 0x13, 0xE1, 0x38, 0x59, 0xFA, 0x96, 0x38,
  0xC7, 0x34, 0xC2, 0x38, 0x35, 0xAD, 0xC1, 0x38, 0xF0, 0xB8,
  0x80, 0x38, 0xAF, 0x81, 0xA6, 0x38, 0x1B, 0x12, 0xB2, 0x38,
  0xBC, 0x46, 0x9F, 0x38, 0xA3, 0x1E, 0xE5, 0x38, 0x9F, 0x03,
  0xC3, 0x38, 0x3F, 0x45, 0x5B, 0x38, 0xA3, 0xEC, 0xB4, 0x38,
  0xCC, 0x4A, 0xCB, 0x38, 0xA2, 0xC2, 0xC4, 0x38, 0xA8, 0xF1,
  0xE7, 0x38, 0x81, 0x2E, 0xC7, 0x38, 0xC5, 0xD9, 0xDD, 0x38,
  0x03, 0x96, 0x9D, 0x38, 0x0F, 0x66, 0xDD, 0x38, 0x57, 0x9C,
  0xE1, 0x38, 0x9A, 0xF8, 0x3E, 0x38, 0xCF, 0x03, 0xB7, 0x38,
  0x50, 0x24, 0xC4, 0x38, 0x91, 0xF7, 0xB4, 0x38, 0x1A, 0x86,
  0xA3, 0x38, 0x2E, 0x00, 0x00, 0x00, 0x64, 0x61, 0x67, 0x68,
  0x65, 0x72, 0x6F, 0x5F, 0x63, 0x6E, 0x6E, 0x5F, 0x32, 0x6C,
  0x61, 0x79, 0x65, 0x72, 0x5F, 0x63, 0x6F, 0x6E, 0x76, 0x32,
  0x64, 0x2F, 0x62, 0x6E, 0x32, 0x2F, 0x46, 0x75, 0x73, 0x65,
  0x64, 0x42, 0x61, 0x74, 0x63, 0x68, 0x4E, 0x6F, 0x72, 0x6D,
  0x56, 0x33, 0x00, 0x00, 0x01, 0x00, 0x00, 0x00, 0x40, 0x00,
  0x00, 0x00, 0x42, 0xFD, 0xFF, 0xFF, 0x00, 0x00, 0x00, 0x01,
  0x14, 0x00, 0x00, 0x00, 0x34, 0x00, 0x00, 0x00, 0x07, 0x00,
  0x00, 0x00, 0x00, 0x00, 0x00, 0x09, 0x54, 0x00, 0x00, 0x00,
  0x2C, 0xFD, 0xFF, 0xFF, 0x08, 0x00, 0x00, 0x00, 0x14, 0x00,
  0x00, 0x00, 0x01, 0x00, 0x00, 0x00, 0x00, 0x00, 0x00, 0x00,
  0x00, 0x00, 0x00, 0x00, 0x00, 0x00, 0x00, 0x00, 0x01, 0x00,
  0x00, 0x00, 0xF4, 0x0C, 0xCE, 0x3B, 0x24, 0x00, 0x00, 0x00,
  0x64, 0x61, 0x67, 0x68, 0x65, 0x72, 0x6F, 0x5F, 0x63, 0x6E,
  0x6E, 0x5F, 0x32, 0x6C, 0x61, 0x79, 0x65, 0x72, 0x5F, 0x63,
  0x6F, 0x6E, 0x76, 0x32, 0x64, 0x2F, 0x66, 0x63, 0x31, 0x2F,
  0x4D, 0x61, 0x74, 0x4D, 0x75, 0x6C, 0x00, 0x00, 0x00, 0x00,
  0x02, 0x00, 0x00, 0x00, 0x40, 0x00, 0x00, 0x00, 0x40, 0x00,
  0x00, 0x00, 0xBA, 0xFD, 0xFF, 0xFF, 0x00, 0x00, 0x00, 0x01,
  0x14, 0x00, 0x00, 0x00, 0x30, 0x00, 0x00, 0x00, 0x06, 0x00,
  0x00, 0x00, 0x00, 0x00, 0x00, 0x02, 0x60, 0x00, 0x00, 0x00,
  0xA4, 0xFD, 0xFF, 0xFF, 0x08, 0x00, 0x00, 0x00, 0x10, 0x00,
  0x00, 0x00, 0x01, 0x00, 0x00, 0x00, 0x00, 0x00, 0x00, 0x00,
  0x00, 0x00, 0x00, 0x00, 0x01, 0x00, 0x00, 0x00, 0x57, 0xB8,
  0xDA, 0x38, 0x34, 0x00, 0x00, 0x00, 0x64, 0x61, 0x67, 0x68,
  0x65, 0x72, 0x6F, 0x5F, 0x63, 0x6E, 0x6E, 0x5F, 0x32, 0x6C,
  0x61, 0x79, 0x65, 0x72, 0x5F, 0x63, 0x6F, 0x6E, 0x76, 0x32,
  0x64, 0x2F, 0x66, 0x63, 0x31, 0x2F, 0x42, 0x69, 0x61, 0x73,
  0x41, 0x64, 0x64, 0x2F, 0x52, 0x65, 0x61, 0x64, 0x56, 0x61,
  0x72, 0x69, 0x61, 0x62, 0x6C, 0x65, 0x4F, 0x70, 0x00, 0x00,
  0x00, 0x00, 0x01, 0x00, 0x00, 0x00, 0x40, 0x00, 0x00, 0x00,
  0x3A, 0xFE, 0xFF, 0xFF, 0x00, 0x00, 0x00, 0x01, 0x14, 0x00,
  0x00, 0x00, 0x30, 0x00, 0x00, 0x00, 0x05, 0x00, 0x00, 0x00,
  0x00, 0x00, 0x00, 0x09, 0x54, 0x00, 0x00, 0x00, 0x24, 0xFE,
  0xFF, 0xFF, 0x08, 0x00, 0x00, 0x00, 0x10, 0x00, 0x00, 0x00,
  0x01, 0x00, 0x00, 0x00, 0x00, 0x00, 0x00, 0x00, 0x00, 0x00,
  0x00, 0x00, 0x01, 0x00, 0x00, 0x00, 0xCF, 0x7E, 0x0B, 0x3C,
  0x2B, 0x00, 0x00, 0x00, 0x64, 0x61, 0x67, 0x68, 0x65, 0x72,
  0x6F, 0x5F, 0x63, 0x6E, 0x6E, 0x5F, 0x32, 0x6C, 0x61, 0x79,
  0x65, 0x72, 0x5F, 0x63, 0x6F, 0x6E, 0x76, 0x32, 0x64, 0x2F,
  0x63, 0x6C, 0x61, 0x73, 0x73, 0x69, 0x66, 0x69, 0x65, 0x72,
  0x2F, 0x4D, 0x61, 0x74, 0x4D, 0x75, 0x6C, 0x00, 0x02, 0x00,
  0x00, 0x00, 0x06, 0x00, 0x00, 0x00, 0x40, 0x00, 0x00, 0x00,
  0xB2, 0xFE, 0xFF, 0xFF, 0x00, 0x00, 0x00, 0x01, 0x14, 0x00,
  0x00, 0x00, 0x30, 0x00, 0x00, 0x00, 0x04, 0x00, 0x00, 0x00,
  0x00, 0x00, 0x00, 0x02, 0x64, 0x00, 0x00, 0x00, 0x9C, 0xFE,
  0xFF, 0xFF, 0x08, 0x00, 0x00, 0x00, 0x10, 0x00, 0x00, 0x00,
  0x01, 0x00, 0x00, 0x00, 0x00, 0x00, 0x00, 0x00, 0x00, 0x00,
  0x00, 0x00, 0x01, 0x00, 0x00, 0x00, 0x84, 0xD1, 0xF0, 0x39,
  0x3B, 0x00, 0x00, 0x00, 0x64, 0x61, 0x67, 0x68, 0x65, 0x72,
  0x6F, 0x5F, 0x63, 0x6E, 0x6E, 0x5F, 0x32, 0x6C, 0x61, 0x79,
  0x65, 0x72, 0x5F, 0x63, 0x6F, 0x6E, 0x76, 0x32, 0x64, 0x2F,
  0x63, 0x6C, 0x61, 0x73, 0x73, 0x69, 0x66, 0x69, 0x65, 0x72,
  0x2F, 0x42, 0x69, 0x61, 0x73, 0x41, 0x64, 0x64, 0x2F, 0x52,
  0x65, 0x61, 0x64, 0x56, 0x61, 0x72, 0x69, 0x61, 0x62, 0x6C,
  0x65, 0x4F, 0x70, 0x00, 0x01, 0x00, 0x00, 0x00, 0x06, 0x00,
  0x00, 0x00, 0x36, 0xFF, 0xFF, 0xFF, 0x00, 0x00, 0x00, 0x01,
  0x14, 0x00, 0x00, 0x00, 0x14, 0x00, 0x00, 0x00, 0x03, 0x00,
  0x00, 0x00, 0x00, 0x00, 0x00, 0x02, 0x44, 0x00, 0x00, 0x00,
  0x9C, 0xFF, 0xFF, 0xFF, 0x34, 0x00, 0x00, 0x00, 0x64, 0x61,
  0x67, 0x68, 0x65, 0x72, 0x6F, 0x5F, 0x63, 0x6E, 0x6E, 0x5F,
  0x32, 0x6C, 0x61, 0x79, 0x65, 0x72, 0x5F, 0x63, 0x6F, 0x6E,
  0x76, 0x32, 0x64, 0x2F, 0x67, 0x61, 0x70, 0x2F, 0x4D, 0x65,
  0x61, 0x6E, 0x2F, 0x72, 0x65, 0x64, 0x75, 0x63, 0x74, 0x69,
  0x6F, 0x6E, 0x5F, 0x69, 0x6E, 0x64, 0x69, 0x63, 0x65, 0x73,
  0x00, 0x00, 0x00, 0x00, 0x01, 0x00, 0x00, 0x00, 0x02, 0x00,
  0x00, 0x00, 0x9A, 0xFF, 0xFF, 0xFF, 0x00, 0x00, 0x00, 0x01,
  0x18, 0x00, 0x00, 0x00, 0x18, 0x00, 0x00, 0x00, 0x02, 0x00,
  0x00, 0x00, 0x00, 0x00, 0x00, 0x02, 0x44, 0x00, 0x00, 0x00,
  0x04, 0x00, 0x04, 0x00, 0x04, 0x00, 0x00, 0x00, 0x32, 0x00,
  0x00, 0x00, 0x64, 0x61, 0x67, 0x68, 0x65, 0x72, 0x6F, 0x5F,
  0x63, 0x6E, 0x6E, 0x5F, 0x32, 0x6C, 0x61, 0x79, 0x65, 0x72,
  0x5F, 0x63, 0x6F, 0x6E, 0x76, 0x32, 0x64, 0x2F, 0x72, 0x65,
  0x73, 0x68, 0x61, 0x70, 0x65, 0x5F, 0x69, 0x6E, 0x2F, 0x52,
  0x65, 0x73, 0x68, 0x61, 0x70, 0x65, 0x2F, 0x73, 0x68, 0x61,
  0x70, 0x65, 0x00, 0x00, 0x01, 0x00, 0x00, 0x00, 0x04, 0x00,
  0x00, 0x00, 0x00, 0x00, 0x16, 0x00, 0x1C, 0x00, 0x18, 0x00,
  0x17, 0x00, 0x10, 0x00, 0x0C, 0x00, 0x08, 0x00, 0x00, 0x00,
  0x00, 0x00, 0x00, 0x00, 0x07, 0x00, 0x16, 0x00, 0x00, 0x00,
  0x00, 0x00, 0x00, 0x01, 0x20, 0x00, 0x00, 0x00, 0x40, 0x00,
  0x00, 0x00, 0x01, 0x00, 0x00, 0x00, 0x00, 0x00, 0x00, 0x09,
  0x50, 0x00, 0x00, 0x00, 0x0C, 0x00, 0x0C, 0x00, 0x00, 0x00,
  0x00, 0x00, 0x08, 0x00, 0x04, 0x00, 0x0C, 0x00, 0x00, 0x00,
  0x08, 0x00, 0x00, 0x00, 0x14, 0x00, 0x00, 0x00, 0x01, 0x00,
  0x00, 0x00, 0x05, 0x00, 0x00, 0x00, 0x00, 0x00, 0x00, 0x00,
  0x00, 0x00, 0x00, 0x00, 0x01, 0x00, 0x00, 0x00, 0x35, 0x0C,
  0x00, 0x3D, 0x17, 0x00, 0x00, 0x00, 0x73, 0x65, 0x72, 0x76,
  0x69, 0x6E, 0x67, 0x5F, 0x64, 0x65, 0x66, 0x61, 0x75, 0x6C,
  0x74, 0x5F, 0x69, 0x6E, 0x70, 0x75, 0x74, 0x3A, 0x30, 0x00,
  0x03, 0x00, 0x00, 0x00, 0x01, 0x00, 0x00, 0x00, 0x64, 0x00,
  0x00, 0x00, 0x03, 0x00, 0x00, 0x00, 0x06, 0x00, 0x00, 0x00,
  0x80, 0x00, 0x00, 0x00, 0x60, 0x00, 0x00, 0x00, 0x40, 0x00,
  0x00, 0x00, 0x2C, 0x00, 0x00, 0x00, 0x18, 0x00, 0x00, 0x00,
  0x04, 0x00, 0x00, 0x00, 0xC0, 0xFF, 0xFF, 0xFF, 0x19, 0x00,
  0x00, 0x00, 0x02, 0x00, 0x00, 0x00, 0x00, 0x00, 0x00, 0x19,
  0xD0, 0xFF, 0xFF, 0xFF, 0x09, 0x00, 0x00, 0x00, 0x04, 0x00,
  0x00, 0x00, 0x00, 0x00, 0x00, 0x09, 0xE0, 0xFF, 0xFF, 0xFF,
  0x28, 0x00, 0x00, 0x00, 0x02, 0x00, 0x00, 0x00, 0x00, 0x00,
  0x00, 0x28, 0xF0, 0xFF, 0xFF, 0xFF, 0x11, 0x00, 0x00, 0x00,
  0x02, 0x00, 0x00, 0x00, 0x00, 0x00, 0x00, 0x11, 0x0C, 0x00,
  0x10, 0x00, 0x0F, 0x00, 0x00, 0x00, 0x08, 0x00, 0x04, 0x00,
  0x0C, 0x00, 0x00, 0x00, 0x03, 0x00, 0x00, 0x00, 0x03, 0x00,
  0x00, 0x00, 0x00, 0x00, 0x00, 0x03, 0x0C, 0x00, 0x0C, 0x00,
  0x0B, 0x00, 0x00, 0x00, 0x00, 0x00, 0x04, 0x00, 0x0C, 0x00,
  0x00, 0x00, 0x16, 0x00, 0x00, 0x00, 0x00, 0x00, 0x00, 0x16
};
unsigned int daghero_no_accel_rotation_t100_ptq_len = 26760;
