========== M3 sequential daghero_cnn_2layer_conv2d: configs/m3/E00_wisdm_m2_anchor.yaml ==========
status: valid
experiment_id: E00_wisdm_m2_anchor
model_variant: daghero_cnn_2layer_conv2d
data_source: wisdm
train_domain: wisdm
eval_domain: wisdm
transfer_mode: source_only
split_protocols: random_stratified
window_size_samples: 100
window_duration_seconds: 5.0
sample_rate_hz: 20.0
target_sample_rate_hz: 20.0
unit_mode: raw_no_conversion
normalization_mode: train_zscore
diagnostic_only: False
enabled: True
tooling_only: False
2026-05-01 18:52:03.952848: E tensorflow/compiler/xla/stream_executor/cuda/cuda_dnn.cc:9342] Unable to register cuDNN factory: Attempting to register factory for plugin cuDNN when one has already been registered
2026-05-01 18:52:03.952887: E tensorflow/compiler/xla/stream_executor/cuda/cuda_fft.cc:609] Unable to register cuFFT factory: Attempting to register factory for plugin cuFFT when one has already been registered
2026-05-01 18:52:03.952956: E tensorflow/compiler/xla/stream_executor/cuda/cuda_blas.cc:1518] Unable to register cuBLAS factory: Attempting to register factory for plugin cuBLAS when one has already been registered
2026-05-01 18:52:04.006816: I tensorflow/core/platform/cpu_feature_guard.cc:182] This TensorFlow binary is optimized to use available CPU instructions in performance-critical operations.
To enable the following instructions: AVX2 FMA, in other operations, rebuild TensorFlow with the appropriate compiler flags.
2026-05-01 18:53:03.642011: I tensorflow/compiler/xla/stream_executor/cuda/cuda_gpu_executor.cc:894] successful NUMA node read from SysFS had negative value (-1), but there must be at least one NUMA node, so returning NUMA node zero. See more at https://github.com/torvalds/linux/blob/v6.0/Documentation/ABI/testing/sysfs-bus-pci#L344-L355
2026-05-01 18:53:26.688671: I tensorflow/compiler/xla/stream_executor/cuda/cuda_gpu_executor.cc:894] successful NUMA node read from SysFS had negative value (-1), but there must be at least one NUMA node, so returning NUMA node zero. See more at https://github.com/torvalds/linux/blob/v6.0/Documentation/ABI/testing/sysfs-bus-pci#L344-L355
2026-05-01 18:53:26.695239: I tensorflow/compiler/xla/stream_executor/cuda/cuda_gpu_executor.cc:894] successful NUMA node read from SysFS had negative value (-1), but there must be at least one NUMA node, so returning NUMA node zero. See more at https://github.com/torvalds/linux/blob/v6.0/Documentation/ABI/testing/sysfs-bus-pci#L344-L355
2026-05-01 18:53:26.721806: I tensorflow/compiler/xla/stream_executor/cuda/cuda_gpu_executor.cc:894] successful NUMA node read from SysFS had negative value (-1), but there must be at least one NUMA node, so returning NUMA node zero. See more at https://github.com/torvalds/linux/blob/v6.0/Documentation/ABI/testing/sysfs-bus-pci#L344-L355
2026-05-01 18:53:26.726315: I tensorflow/compiler/xla/stream_executor/cuda/cuda_gpu_executor.cc:894] successful NUMA node read from SysFS had negative value (-1), but there must be at least one NUMA node, so returning NUMA node zero. See more at https://github.com/torvalds/linux/blob/v6.0/Documentation/ABI/testing/sysfs-bus-pci#L344-L355
2026-05-01 18:53:26.729580: I tensorflow/compiler/xla/stream_executor/cuda/cuda_gpu_executor.cc:894] successful NUMA node read from SysFS had negative value (-1), but there must be at least one NUMA node, so returning NUMA node zero. See more at https://github.com/torvalds/linux/blob/v6.0/Documentation/ABI/testing/sysfs-bus-pci#L344-L355
2026-05-01 18:53:27.397399: I tensorflow/compiler/xla/stream_executor/cuda/cuda_gpu_executor.cc:894] successful NUMA node read from SysFS had negative value (-1), but there must be at least one NUMA node, so returning NUMA node zero. See more at https://github.com/torvalds/linux/blob/v6.0/Documentation/ABI/testing/sysfs-bus-pci#L344-L355
2026-05-01 18:53:27.399368: I tensorflow/compiler/xla/stream_executor/cuda/cuda_gpu_executor.cc:894] successful NUMA node read from SysFS had negative value (-1), but there must be at least one NUMA node, so returning NUMA node zero. See more at https://github.com/torvalds/linux/blob/v6.0/Documentation/ABI/testing/sysfs-bus-pci#L344-L355
2026-05-01 18:53:27.401192: I tensorflow/compiler/xla/stream_executor/cuda/cuda_gpu_executor.cc:894] successful NUMA node read from SysFS had negative value (-1), but there must be at least one NUMA node, so returning NUMA node zero. See more at https://github.com/torvalds/linux/blob/v6.0/Documentation/ABI/testing/sysfs-bus-pci#L344-L355
2026-05-01 18:53:27.403065: I tensorflow/core/common_runtime/gpu/gpu_device.cc:1886] Created device /job:localhost/replica:0/task:0/device:GPU:0 with 20707 MB memory:  -> device: 0, name: NVIDIA A10G, pci bus id: 0000:00:1e.0, compute capability: 8.6
Epoch 1/50
2026-05-01 18:53:31.851161: I tensorflow/compiler/xla/stream_executor/cuda/cuda_dnn.cc:442] Loaded cuDNN version 8700
2026-05-01 18:53:36.004126: I tensorflow/compiler/xla/service/service.cc:168] XLA service 0x7e2a3c8f5630 initialized for platform CUDA (this does not guarantee that XLA will be used). Devices:
2026-05-01 18:53:36.004156: I tensorflow/compiler/xla/service/service.cc:176]   StreamExecutor device (0): NVIDIA A10G, Compute Capability 8.6
2026-05-01 18:53:36.010146: I tensorflow/compiler/mlir/tensorflow/utils/dump_mlir_util.cc:269] disabling MLIR crash reproducer, set env var `MLIR_CRASH_REPRODUCER_DIRECTORY` to enable.
2026-05-01 18:53:36.184461: I ./tensorflow/compiler/jit/device_compiler.h:186] Compiled cluster using XLA!  This line is logged at most once for the lifetime of the process.
174/174 - 8s - loss: 0.5881 - accuracy: 0.7947 - val_loss: 0.4644 - val_accuracy: 0.8587 - lr: 0.0010 - 8s/epoch - 44ms/step
Epoch 2/50
174/174 - 1s - loss: 0.3376 - accuracy: 0.8798 - val_loss: 0.2653 - val_accuracy: 0.9063 - lr: 0.0010 - 603ms/epoch - 3ms/step
Epoch 3/50
174/174 - 1s - loss: 0.2530 - accuracy: 0.9131 - val_loss: 0.2344 - val_accuracy: 0.9250 - lr: 0.0010 - 606ms/epoch - 3ms/step
Epoch 4/50
174/174 - 1s - loss: 0.2053 - accuracy: 0.9316 - val_loss: 0.1662 - val_accuracy: 0.9398 - lr: 0.0010 - 602ms/epoch - 3ms/step
Epoch 5/50
174/174 - 1s - loss: 0.1679 - accuracy: 0.9452 - val_loss: 0.1733 - val_accuracy: 0.9395 - lr: 0.0010 - 598ms/epoch - 3ms/step
Epoch 6/50
174/174 - 1s - loss: 0.1540 - accuracy: 0.9487 - val_loss: 0.1171 - val_accuracy: 0.9625 - lr: 0.0010 - 599ms/epoch - 3ms/step
Epoch 7/50
174/174 - 1s - loss: 0.1384 - accuracy: 0.9536 - val_loss: 0.1008 - val_accuracy: 0.9676 - lr: 0.0010 - 599ms/epoch - 3ms/step
Epoch 8/50
174/174 - 1s - loss: 0.1218 - accuracy: 0.9591 - val_loss: 0.0985 - val_accuracy: 0.9650 - lr: 0.0010 - 598ms/epoch - 3ms/step
Epoch 9/50
174/174 - 1s - loss: 0.1200 - accuracy: 0.9594 - val_loss: 0.0786 - val_accuracy: 0.9744 - lr: 0.0010 - 599ms/epoch - 3ms/step
Epoch 10/50
174/174 - 1s - loss: 0.1022 - accuracy: 0.9670 - val_loss: 0.0772 - val_accuracy: 0.9755 - lr: 0.0010 - 597ms/epoch - 3ms/step
Epoch 11/50
174/174 - 1s - loss: 0.1005 - accuracy: 0.9667 - val_loss: 0.0756 - val_accuracy: 0.9751 - lr: 0.0010 - 596ms/epoch - 3ms/step
Epoch 12/50
174/174 - 1s - loss: 0.0937 - accuracy: 0.9690 - val_loss: 0.0616 - val_accuracy: 0.9802 - lr: 0.0010 - 597ms/epoch - 3ms/step
Epoch 13/50
174/174 - 1s - loss: 0.0898 - accuracy: 0.9703 - val_loss: 0.0734 - val_accuracy: 0.9759 - lr: 0.0010 - 597ms/epoch - 3ms/step
Epoch 14/50
174/174 - 1s - loss: 0.0827 - accuracy: 0.9726 - val_loss: 0.0664 - val_accuracy: 0.9787 - lr: 0.0010 - 594ms/epoch - 3ms/step
Epoch 15/50
174/174 - 1s - loss: 0.0782 - accuracy: 0.9749 - val_loss: 0.0741 - val_accuracy: 0.9780 - lr: 0.0010 - 595ms/epoch - 3ms/step
Epoch 16/50
174/174 - 1s - loss: 0.0760 - accuracy: 0.9768 - val_loss: 0.0625 - val_accuracy: 0.9777 - lr: 0.0010 - 596ms/epoch - 3ms/step
Epoch 17/50

Epoch 17: ReduceLROnPlateau reducing learning rate to 0.0005000000237487257.
174/174 - 1s - loss: 0.0716 - accuracy: 0.9764 - val_loss: 0.0928 - val_accuracy: 0.9741 - lr: 0.0010 - 591ms/epoch - 3ms/step
Epoch 18/50
174/174 - 1s - loss: 0.0696 - accuracy: 0.9771 - val_loss: 0.0438 - val_accuracy: 0.9856 - lr: 5.0000e-04 - 601ms/epoch - 3ms/step
Epoch 19/50
174/174 - 1s - loss: 0.0573 - accuracy: 0.9819 - val_loss: 0.0489 - val_accuracy: 0.9870 - lr: 5.0000e-04 - 594ms/epoch - 3ms/step
Epoch 20/50
174/174 - 1s - loss: 0.0541 - accuracy: 0.9828 - val_loss: 0.0535 - val_accuracy: 0.9845 - lr: 5.0000e-04 - 597ms/epoch - 3ms/step
Epoch 21/50
174/174 - 1s - loss: 0.0521 - accuracy: 0.9838 - val_loss: 0.0464 - val_accuracy: 0.9870 - lr: 5.0000e-04 - 596ms/epoch - 3ms/step
Epoch 22/50
174/174 - 1s - loss: 0.0514 - accuracy: 0.9840 - val_loss: 0.0533 - val_accuracy: 0.9827 - lr: 5.0000e-04 - 596ms/epoch - 3ms/step
Epoch 23/50

Epoch 23: ReduceLROnPlateau reducing learning rate to 0.0002500000118743628.
174/174 - 1s - loss: 0.0506 - accuracy: 0.9841 - val_loss: 0.0439 - val_accuracy: 0.9859 - lr: 5.0000e-04 - 599ms/epoch - 3ms/step
Epoch 24/50
174/174 - 1s - loss: 0.0461 - accuracy: 0.9858 - val_loss: 0.0352 - val_accuracy: 0.9888 - lr: 2.5000e-04 - 598ms/epoch - 3ms/step
Epoch 25/50
174/174 - 1s - loss: 0.0424 - accuracy: 0.9866 - val_loss: 0.0332 - val_accuracy: 0.9903 - lr: 2.5000e-04 - 599ms/epoch - 3ms/step
Epoch 26/50
174/174 - 1s - loss: 0.0415 - accuracy: 0.9878 - val_loss: 0.0320 - val_accuracy: 0.9910 - lr: 2.5000e-04 - 598ms/epoch - 3ms/step
Epoch 27/50
174/174 - 1s - loss: 0.0449 - accuracy: 0.9861 - val_loss: 0.0384 - val_accuracy: 0.9899 - lr: 2.5000e-04 - 593ms/epoch - 3ms/step
Epoch 28/50
174/174 - 1s - loss: 0.0434 - accuracy: 0.9865 - val_loss: 0.0360 - val_accuracy: 0.9885 - lr: 2.5000e-04 - 596ms/epoch - 3ms/step
Epoch 29/50
174/174 - 1s - loss: 0.0432 - accuracy: 0.9862 - val_loss: 0.0336 - val_accuracy: 0.9910 - lr: 2.5000e-04 - 595ms/epoch - 3ms/step
Epoch 30/50
174/174 - 1s - loss: 0.0415 - accuracy: 0.9875 - val_loss: 0.0329 - val_accuracy: 0.9910 - lr: 2.5000e-04 - 595ms/epoch - 3ms/step
Epoch 31/50

Epoch 31: ReduceLROnPlateau reducing learning rate to 0.0001250000059371814.
174/174 - 1s - loss: 0.0426 - accuracy: 0.9864 - val_loss: 0.0349 - val_accuracy: 0.9906 - lr: 2.5000e-04 - 595ms/epoch - 3ms/step
Epoch 32/50
174/174 - 1s - loss: 0.0424 - accuracy: 0.9867 - val_loss: 0.0306 - val_accuracy: 0.9906 - lr: 1.2500e-04 - 596ms/epoch - 3ms/step
Epoch 33/50
174/174 - 1s - loss: 0.0382 - accuracy: 0.9886 - val_loss: 0.0295 - val_accuracy: 0.9924 - lr: 1.2500e-04 - 597ms/epoch - 3ms/step
Epoch 34/50
174/174 - 1s - loss: 0.0352 - accuracy: 0.9892 - val_loss: 0.0304 - val_accuracy: 0.9910 - lr: 1.2500e-04 - 594ms/epoch - 3ms/step
Epoch 35/50
174/174 - 1s - loss: 0.0381 - accuracy: 0.9883 - val_loss: 0.0287 - val_accuracy: 0.9906 - lr: 1.2500e-04 - 601ms/epoch - 3ms/step
Epoch 36/50
174/174 - 1s - loss: 0.0378 - accuracy: 0.9871 - val_loss: 0.0288 - val_accuracy: 0.9906 - lr: 1.2500e-04 - 595ms/epoch - 3ms/step
Epoch 37/50
174/174 - 1s - loss: 0.0362 - accuracy: 0.9895 - val_loss: 0.0327 - val_accuracy: 0.9903 - lr: 1.2500e-04 - 596ms/epoch - 3ms/step
Epoch 38/50
174/174 - 1s - loss: 0.0356 - accuracy: 0.9890 - val_loss: 0.0292 - val_accuracy: 0.9917 - lr: 1.2500e-04 - 595ms/epoch - 3ms/step
Epoch 39/50
174/174 - 1s - loss: 0.0365 - accuracy: 0.9891 - val_loss: 0.0302 - val_accuracy: 0.9914 - lr: 1.2500e-04 - 596ms/epoch - 3ms/step
Epoch 40/50

Epoch 40: ReduceLROnPlateau reducing learning rate to 6.25000029685907e-05.
174/174 - 1s - loss: 0.0355 - accuracy: 0.9897 - val_loss: 0.0291 - val_accuracy: 0.9921 - lr: 1.2500e-04 - 599ms/epoch - 3ms/step
Epoch 41/50
174/174 - 1s - loss: 0.0336 - accuracy: 0.9900 - val_loss: 0.0291 - val_accuracy: 0.9917 - lr: 6.2500e-05 - 595ms/epoch - 3ms/step
Epoch 42/50
174/174 - 1s - loss: 0.0355 - accuracy: 0.9878 - val_loss: 0.0280 - val_accuracy: 0.9932 - lr: 6.2500e-05 - 603ms/epoch - 3ms/step
Epoch 43/50
174/174 - 1s - loss: 0.0324 - accuracy: 0.9896 - val_loss: 0.0301 - val_accuracy: 0.9906 - lr: 6.2500e-05 - 594ms/epoch - 3ms/step
Epoch 44/50
174/174 - 1s - loss: 0.0328 - accuracy: 0.9894 - val_loss: 0.0288 - val_accuracy: 0.9921 - lr: 6.2500e-05 - 591ms/epoch - 3ms/step
Epoch 45/50
174/174 - 1s - loss: 0.0332 - accuracy: 0.9902 - val_loss: 0.0295 - val_accuracy: 0.9910 - lr: 6.2500e-05 - 599ms/epoch - 3ms/step
Epoch 46/50
174/174 - 1s - loss: 0.0342 - accuracy: 0.9902 - val_loss: 0.0293 - val_accuracy: 0.9906 - lr: 6.2500e-05 - 593ms/epoch - 3ms/step
Epoch 47/50
174/174 - 1s - loss: 0.0331 - accuracy: 0.9895 - val_loss: 0.0266 - val_accuracy: 0.9921 - lr: 6.2500e-05 - 599ms/epoch - 3ms/step
Epoch 48/50
174/174 - 1s - loss: 0.0325 - accuracy: 0.9905 - val_loss: 0.0272 - val_accuracy: 0.9924 - lr: 6.2500e-05 - 595ms/epoch - 3ms/step
Epoch 49/50
174/174 - 1s - loss: 0.0339 - accuracy: 0.9888 - val_loss: 0.0264 - val_accuracy: 0.9932 - lr: 6.2500e-05 - 596ms/epoch - 3ms/step
Epoch 50/50
174/174 - 1s - loss: 0.0329 - accuracy: 0.9908 - val_loss: 0.0262 - val_accuracy: 0.9924 - lr: 6.2500e-05 - 599ms/epoch - 3ms/step
2026-05-01 18:54:09.159317: W tensorflow/compiler/mlir/lite/python/tf_tfl_flatbuffer_helpers.cc:378] Ignored output_format.
2026-05-01 18:54:09.159347: W tensorflow/compiler/mlir/lite/python/tf_tfl_flatbuffer_helpers.cc:381] Ignored drop_control_dependency.
2026-05-01 18:54:09.159639: I tensorflow/cc/saved_model/reader.cc:83] Reading SavedModel from: /tmp/b00090279/tmpviv4pahm
2026-05-01 18:54:09.161093: I tensorflow/cc/saved_model/reader.cc:51] Reading meta graph with tags { serve }
2026-05-01 18:54:09.161105: I tensorflow/cc/saved_model/reader.cc:146] Reading SavedModel debug info (if present) from: /tmp/b00090279/tmpviv4pahm
2026-05-01 18:54:09.163462: I tensorflow/compiler/mlir/mlir_graph_optimization_pass.cc:382] MLIR V1 optimization pass is not enabled
2026-05-01 18:54:09.164437: I tensorflow/cc/saved_model/loader.cc:233] Restoring SavedModel bundle.
2026-05-01 18:54:09.189469: I tensorflow/cc/saved_model/loader.cc:217] Running initialization op on SavedModel bundle at path: /tmp/b00090279/tmpviv4pahm
2026-05-01 18:54:09.199547: I tensorflow/cc/saved_model/loader.cc:316] SavedModel load for tags { serve }; Status: success: OK. Took 39909 microseconds.
2026-05-01 18:54:09.257945: I tensorflow/compiler/mlir/lite/flatbuffer_export.cc:2245] Estimated count of arithmetic ops: 1.590 M  ops, equivalently 0.795 M  MACs
/shared/b00090279/tinymlproj/lib/python3.10/site-packages/tensorflow/lite/python/convert.py:947: UserWarning: Statistics for quantized inputs were expected, but not specified; continuing anyway.
  warnings.warn(
2026-05-01 18:54:12.192446: W tensorflow/compiler/mlir/lite/python/tf_tfl_flatbuffer_helpers.cc:378] Ignored output_format.
2026-05-01 18:54:12.192465: W tensorflow/compiler/mlir/lite/python/tf_tfl_flatbuffer_helpers.cc:381] Ignored drop_control_dependency.
2026-05-01 18:54:12.192661: I tensorflow/cc/saved_model/reader.cc:83] Reading SavedModel from: /tmp/b00090279/tmpj95dtvnc
2026-05-01 18:54:12.194797: I tensorflow/cc/saved_model/reader.cc:51] Reading meta graph with tags { serve }
2026-05-01 18:54:12.194813: I tensorflow/cc/saved_model/reader.cc:146] Reading SavedModel debug info (if present) from: /tmp/b00090279/tmpj95dtvnc
2026-05-01 18:54:12.199297: I tensorflow/cc/saved_model/loader.cc:233] Restoring SavedModel bundle.
2026-05-01 18:54:12.225230: I tensorflow/cc/saved_model/loader.cc:217] Running initialization op on SavedModel bundle at path: /tmp/b00090279/tmpj95dtvnc
2026-05-01 18:54:12.235608: I tensorflow/cc/saved_model/loader.cc:316] SavedModel load for tags { serve }; Status: success: OK. Took 42948 microseconds.
2026-05-01 18:54:12.291893: I tensorflow/compiler/mlir/lite/flatbuffer_export.cc:2245] Estimated count of arithmetic ops: 1.590 M  ops, equivalently 0.795 M  MACs
fully_quantize: 0, inference_type: 6, input_inference_type: INT8, output_inference_type: INT8
2026-05-01 18:54:12.370794: I tensorflow/compiler/mlir/lite/flatbuffer_export.cc:2245] Estimated count of arithmetic ops: 1.590 M  ops, equivalently 0.795 M  MACs
Epoch 1/10
174/174 - 3s - loss: 0.0483 - accuracy: 0.9878 - val_loss: 0.0301 - val_accuracy: 0.9921 - 3s/epoch - 18ms/step
Epoch 2/10
174/174 - 1s - loss: 0.0359 - accuracy: 0.9890 - val_loss: 0.0283 - val_accuracy: 0.9910 - 1s/epoch - 7ms/step
Epoch 3/10
174/174 - 1s - loss: 0.0341 - accuracy: 0.9883 - val_loss: 0.0289 - val_accuracy: 0.9914 - 1s/epoch - 7ms/step
Epoch 4/10
174/174 - 1s - loss: 0.0325 - accuracy: 0.9897 - val_loss: 0.0280 - val_accuracy: 0.9928 - 1s/epoch - 7ms/step
Epoch 5/10
174/174 - 1s - loss: 0.0298 - accuracy: 0.9910 - val_loss: 0.0281 - val_accuracy: 0.9914 - 1s/epoch - 7ms/step
Epoch 6/10
174/174 - 1s - loss: 0.0337 - accuracy: 0.9895 - val_loss: 0.0312 - val_accuracy: 0.9910 - 1s/epoch - 7ms/step
Epoch 7/10
174/174 - 1s - loss: 0.0307 - accuracy: 0.9894 - val_loss: 0.0297 - val_accuracy: 0.9910 - 1s/epoch - 7ms/step
Epoch 8/10
174/174 - 1s - loss: 0.0304 - accuracy: 0.9910 - val_loss: 0.0286 - val_accuracy: 0.9914 - 1s/epoch - 7ms/step
Epoch 9/10
174/174 - 1s - loss: 0.0325 - accuracy: 0.9898 - val_loss: 0.0268 - val_accuracy: 0.9924 - 1s/epoch - 7ms/step
Epoch 10/10
174/174 - 1s - loss: 0.0298 - accuracy: 0.9908 - val_loss: 0.0282 - val_accuracy: 0.9921 - 1s/epoch - 7ms/step
/shared/b00090279/tinymlproj/lib/python3.10/site-packages/tensorflow/lite/python/convert.py:947: UserWarning: Statistics for quantized inputs were expected, but not specified; continuing anyway.
  warnings.warn(
2026-05-01 18:54:33.937089: W tensorflow/compiler/mlir/lite/python/tf_tfl_flatbuffer_helpers.cc:378] Ignored output_format.
2026-05-01 18:54:33.937112: W tensorflow/compiler/mlir/lite/python/tf_tfl_flatbuffer_helpers.cc:381] Ignored drop_control_dependency.
2026-05-01 18:54:33.937304: I tensorflow/cc/saved_model/reader.cc:83] Reading SavedModel from: /tmp/b00090279/tmp2issk4dw
2026-05-01 18:54:33.942409: I tensorflow/cc/saved_model/reader.cc:51] Reading meta graph with tags { serve }
2026-05-01 18:54:33.942425: I tensorflow/cc/saved_model/reader.cc:146] Reading SavedModel debug info (if present) from: /tmp/b00090279/tmp2issk4dw
2026-05-01 18:54:33.952266: I tensorflow/cc/saved_model/loader.cc:233] Restoring SavedModel bundle.
2026-05-01 18:54:34.035897: I tensorflow/cc/saved_model/loader.cc:217] Running initialization op on SavedModel bundle at path: /tmp/b00090279/tmp2issk4dw
2026-05-01 18:54:34.063894: I tensorflow/cc/saved_model/loader.cc:316] SavedModel load for tags { serve }; Status: success: OK. Took 126590 microseconds.
fully_quantize: 0, inference_type: 6, input_inference_type: INT8, output_inference_type: INT8
2026-05-01 18:54:34.215804: I tensorflow/compiler/mlir/lite/flatbuffer_export.cc:2245] Estimated count of arithmetic ops: 1.590 M  ops, equivalently 0.795 M  MACs
/shared/b00090279/TinyML-Course/har-mcu/src/eval/paper_comparison.py:193: UserWarning: No artists with labels found to put in legend.  Note that artists whose label start with an underscore are ignored when legend() is called with no argument.
  ax.legend(fontsize=8)
rows: 1
master_csv: /shared/b00090279/TinyML-Course/har-mcu/reports/m3/arch_seq/daghero_cnn_2layer_conv2d/e00/results_master.csv
master_md: /shared/b00090279/TinyML-Course/har-mcu/reports/m3/arch_seq/daghero_cnn_2layer_conv2d/e00/results_master.md
m3_master_csv: /shared/b00090279/TinyML-Course/har-mcu/reports/m3/arch_seq/daghero_cnn_2layer_conv2d/e00/m3_experiment_master.csv
m3_master_md: /shared/b00090279/TinyML-Course/har-mcu/reports/m3/arch_seq/daghero_cnn_2layer_conv2d/e00/m3_experiment_master.md
========== M3 sequential daghero_cnn_2layer_conv2d: configs/m3/E03_arduino_downsample_20hz_T100.yaml ==========
status: valid
experiment_id: E03_arduino_downsample_20hz_T100
model_variant: daghero_cnn_2layer_conv2d
data_source: wisdm_arduino
train_domain: wisdm
eval_domain: arduino
transfer_mode: zero_shot
split_protocols: random_stratified
window_size_samples: 100
window_duration_seconds: 5.0
sample_rate_hz: 20.0
target_sample_rate_hz: 20.0
unit_mode: raw_no_conversion
normalization_mode: train_zscore
diagnostic_only: False
enabled: True
tooling_only: False
2026-05-01 18:54:59.329793: E tensorflow/compiler/xla/stream_executor/cuda/cuda_dnn.cc:9342] Unable to register cuDNN factory: Attempting to register factory for plugin cuDNN when one has already been registered
2026-05-01 18:54:59.329837: E tensorflow/compiler/xla/stream_executor/cuda/cuda_fft.cc:609] Unable to register cuFFT factory: Attempting to register factory for plugin cuFFT when one has already been registered
2026-05-01 18:54:59.329881: E tensorflow/compiler/xla/stream_executor/cuda/cuda_blas.cc:1518] Unable to register cuBLAS factory: Attempting to register factory for plugin cuBLAS when one has already been registered
2026-05-01 18:54:59.338270: I tensorflow/core/platform/cpu_feature_guard.cc:182] This TensorFlow binary is optimized to use available CPU instructions in performance-critical operations.
To enable the following instructions: AVX2 FMA, in other operations, rebuild TensorFlow with the appropriate compiler flags.
2026-05-01 18:55:10.870129: I tensorflow/compiler/xla/stream_executor/cuda/cuda_gpu_executor.cc:894] successful NUMA node read from SysFS had negative value (-1), but there must be at least one NUMA node, so returning NUMA node zero. See more at https://github.com/torvalds/linux/blob/v6.0/Documentation/ABI/testing/sysfs-bus-pci#L344-L355
2026-05-01 18:55:10.954903: I tensorflow/compiler/xla/stream_executor/cuda/cuda_gpu_executor.cc:894] successful NUMA node read from SysFS had negative value (-1), but there must be at least one NUMA node, so returning NUMA node zero. See more at https://github.com/torvalds/linux/blob/v6.0/Documentation/ABI/testing/sysfs-bus-pci#L344-L355
2026-05-01 18:55:10.958226: I tensorflow/compiler/xla/stream_executor/cuda/cuda_gpu_executor.cc:894] successful NUMA node read from SysFS had negative value (-1), but there must be at least one NUMA node, so returning NUMA node zero. See more at https://github.com/torvalds/linux/blob/v6.0/Documentation/ABI/testing/sysfs-bus-pci#L344-L355
2026-05-01 18:55:14.156054: I tensorflow/compiler/xla/stream_executor/cuda/cuda_gpu_executor.cc:894] successful NUMA node read from SysFS had negative value (-1), but there must be at least one NUMA node, so returning NUMA node zero. See more at https://github.com/torvalds/linux/blob/v6.0/Documentation/ABI/testing/sysfs-bus-pci#L344-L355
2026-05-01 18:55:14.160605: I tensorflow/compiler/xla/stream_executor/cuda/cuda_gpu_executor.cc:894] successful NUMA node read from SysFS had negative value (-1), but there must be at least one NUMA node, so returning NUMA node zero. See more at https://github.com/torvalds/linux/blob/v6.0/Documentation/ABI/testing/sysfs-bus-pci#L344-L355
2026-05-01 18:55:14.163511: I tensorflow/compiler/xla/stream_executor/cuda/cuda_gpu_executor.cc:894] successful NUMA node read from SysFS had negative value (-1), but there must be at least one NUMA node, so returning NUMA node zero. See more at https://github.com/torvalds/linux/blob/v6.0/Documentation/ABI/testing/sysfs-bus-pci#L344-L355
2026-05-01 18:55:14.286342: I tensorflow/compiler/xla/stream_executor/cuda/cuda_gpu_executor.cc:894] successful NUMA node read from SysFS had negative value (-1), but there must be at least one NUMA node, so returning NUMA node zero. See more at https://github.com/torvalds/linux/blob/v6.0/Documentation/ABI/testing/sysfs-bus-pci#L344-L355
2026-05-01 18:55:14.288289: I tensorflow/compiler/xla/stream_executor/cuda/cuda_gpu_executor.cc:894] successful NUMA node read from SysFS had negative value (-1), but there must be at least one NUMA node, so returning NUMA node zero. See more at https://github.com/torvalds/linux/blob/v6.0/Documentation/ABI/testing/sysfs-bus-pci#L344-L355
2026-05-01 18:55:14.290222: I tensorflow/compiler/xla/stream_executor/cuda/cuda_gpu_executor.cc:894] successful NUMA node read from SysFS had negative value (-1), but there must be at least one NUMA node, so returning NUMA node zero. See more at https://github.com/torvalds/linux/blob/v6.0/Documentation/ABI/testing/sysfs-bus-pci#L344-L355
2026-05-01 18:55:14.292043: I tensorflow/core/common_runtime/gpu/gpu_device.cc:1886] Created device /job:localhost/replica:0/task:0/device:GPU:0 with 20707 MB memory:  -> device: 0, name: NVIDIA A10G, pci bus id: 0000:00:1e.0, compute capability: 8.6
Epoch 1/50
2026-05-01 18:55:17.180680: I tensorflow/compiler/xla/stream_executor/cuda/cuda_dnn.cc:442] Loaded cuDNN version 8700
2026-05-01 18:55:18.374766: I tensorflow/compiler/xla/service/service.cc:168] XLA service 0x6400f97a6a00 initialized for platform CUDA (this does not guarantee that XLA will be used). Devices:
2026-05-01 18:55:18.374793: I tensorflow/compiler/xla/service/service.cc:176]   StreamExecutor device (0): NVIDIA A10G, Compute Capability 8.6
2026-05-01 18:55:18.379457: I tensorflow/compiler/mlir/tensorflow/utils/dump_mlir_util.cc:269] disabling MLIR crash reproducer, set env var `MLIR_CRASH_REPRODUCER_DIRECTORY` to enable.
2026-05-01 18:55:18.456150: I ./tensorflow/compiler/jit/device_compiler.h:186] Compiled cluster using XLA!  This line is logged at most once for the lifetime of the process.
174/174 - 4s - loss: 0.5884 - accuracy: 0.7945 - val_loss: 0.4632 - val_accuracy: 0.8580 - lr: 0.0010 - 4s/epoch - 22ms/step
Epoch 2/50
174/174 - 1s - loss: 0.3379 - accuracy: 0.8803 - val_loss: 0.2684 - val_accuracy: 0.9067 - lr: 0.0010 - 605ms/epoch - 3ms/step
Epoch 3/50
174/174 - 1s - loss: 0.2534 - accuracy: 0.9127 - val_loss: 0.2375 - val_accuracy: 0.9258 - lr: 0.0010 - 605ms/epoch - 3ms/step
Epoch 4/50
174/174 - 1s - loss: 0.2052 - accuracy: 0.9317 - val_loss: 0.1651 - val_accuracy: 0.9380 - lr: 0.0010 - 605ms/epoch - 3ms/step
Epoch 5/50
174/174 - 1s - loss: 0.1681 - accuracy: 0.9456 - val_loss: 0.1811 - val_accuracy: 0.9348 - lr: 0.0010 - 594ms/epoch - 3ms/step
Epoch 6/50
174/174 - 1s - loss: 0.1536 - accuracy: 0.9487 - val_loss: 0.1136 - val_accuracy: 0.9625 - lr: 0.0010 - 597ms/epoch - 3ms/step
Epoch 7/50
174/174 - 1s - loss: 0.1387 - accuracy: 0.9533 - val_loss: 0.1022 - val_accuracy: 0.9665 - lr: 0.0010 - 602ms/epoch - 3ms/step
Epoch 8/50
174/174 - 1s - loss: 0.1218 - accuracy: 0.9593 - val_loss: 0.0976 - val_accuracy: 0.9647 - lr: 0.0010 - 595ms/epoch - 3ms/step
Epoch 9/50
174/174 - 1s - loss: 0.1202 - accuracy: 0.9587 - val_loss: 0.0775 - val_accuracy: 0.9751 - lr: 0.0010 - 599ms/epoch - 3ms/step
Epoch 10/50
174/174 - 1s - loss: 0.1022 - accuracy: 0.9669 - val_loss: 0.0771 - val_accuracy: 0.9751 - lr: 0.0010 - 598ms/epoch - 3ms/step
Epoch 11/50
174/174 - 1s - loss: 0.0996 - accuracy: 0.9670 - val_loss: 0.0742 - val_accuracy: 0.9744 - lr: 0.0010 - 597ms/epoch - 3ms/step
Epoch 12/50
174/174 - 1s - loss: 0.0935 - accuracy: 0.9685 - val_loss: 0.0626 - val_accuracy: 0.9802 - lr: 0.0010 - 599ms/epoch - 3ms/step
Epoch 13/50
174/174 - 1s - loss: 0.0899 - accuracy: 0.9705 - val_loss: 0.0716 - val_accuracy: 0.9784 - lr: 0.0010 - 596ms/epoch - 3ms/step
Epoch 14/50
174/174 - 1s - loss: 0.0824 - accuracy: 0.9725 - val_loss: 0.0681 - val_accuracy: 0.9769 - lr: 0.0010 - 597ms/epoch - 3ms/step
Epoch 15/50
174/174 - 1s - loss: 0.0784 - accuracy: 0.9745 - val_loss: 0.0744 - val_accuracy: 0.9780 - lr: 0.0010 - 594ms/epoch - 3ms/step
Epoch 16/50
174/174 - 1s - loss: 0.0772 - accuracy: 0.9760 - val_loss: 0.0617 - val_accuracy: 0.9784 - lr: 0.0010 - 601ms/epoch - 3ms/step
Epoch 17/50
174/174 - 1s - loss: 0.0710 - accuracy: 0.9762 - val_loss: 0.0862 - val_accuracy: 0.9744 - lr: 0.0010 - 596ms/epoch - 3ms/step
Epoch 18/50
174/174 - 1s - loss: 0.0776 - accuracy: 0.9746 - val_loss: 0.0561 - val_accuracy: 0.9813 - lr: 0.0010 - 597ms/epoch - 3ms/step
Epoch 19/50
174/174 - 1s - loss: 0.0692 - accuracy: 0.9775 - val_loss: 0.0561 - val_accuracy: 0.9816 - lr: 0.0010 - 595ms/epoch - 3ms/step
Epoch 20/50
174/174 - 1s - loss: 0.0633 - accuracy: 0.9788 - val_loss: 0.0573 - val_accuracy: 0.9831 - lr: 0.0010 - 595ms/epoch - 3ms/step
Epoch 21/50
174/174 - 1s - loss: 0.0593 - accuracy: 0.9805 - val_loss: 0.0598 - val_accuracy: 0.9852 - lr: 0.0010 - 594ms/epoch - 3ms/step
Epoch 22/50
174/174 - 1s - loss: 0.0606 - accuracy: 0.9802 - val_loss: 0.0768 - val_accuracy: 0.9730 - lr: 0.0010 - 597ms/epoch - 3ms/step
Epoch 23/50
174/174 - 1s - loss: 0.0584 - accuracy: 0.9802 - val_loss: 0.0547 - val_accuracy: 0.9823 - lr: 0.0010 - 597ms/epoch - 3ms/step
Epoch 24/50
174/174 - 1s - loss: 0.0567 - accuracy: 0.9824 - val_loss: 0.0433 - val_accuracy: 0.9856 - lr: 0.0010 - 597ms/epoch - 3ms/step
Epoch 25/50
174/174 - 1s - loss: 0.0552 - accuracy: 0.9816 - val_loss: 0.0451 - val_accuracy: 0.9856 - lr: 0.0010 - 593ms/epoch - 3ms/step
Epoch 26/50
174/174 - 1s - loss: 0.0519 - accuracy: 0.9833 - val_loss: 0.0556 - val_accuracy: 0.9845 - lr: 0.0010 - 594ms/epoch - 3ms/step
Epoch 27/50
174/174 - 1s - loss: 0.0531 - accuracy: 0.9845 - val_loss: 0.0578 - val_accuracy: 0.9831 - lr: 0.0010 - 595ms/epoch - 3ms/step
Epoch 28/50
174/174 - 1s - loss: 0.0527 - accuracy: 0.9841 - val_loss: 0.0490 - val_accuracy: 0.9870 - lr: 0.0010 - 594ms/epoch - 3ms/step
Epoch 29/50
174/174 - 1s - loss: 0.0541 - accuracy: 0.9814 - val_loss: 0.0413 - val_accuracy: 0.9877 - lr: 0.0010 - 596ms/epoch - 3ms/step
Epoch 30/50
174/174 - 1s - loss: 0.0483 - accuracy: 0.9850 - val_loss: 0.0307 - val_accuracy: 0.9903 - lr: 0.0010 - 597ms/epoch - 3ms/step
Epoch 31/50
174/174 - 1s - loss: 0.0444 - accuracy: 0.9859 - val_loss: 0.0482 - val_accuracy: 0.9877 - lr: 0.0010 - 590ms/epoch - 3ms/step
Epoch 32/50
174/174 - 1s - loss: 0.0512 - accuracy: 0.9831 - val_loss: 0.0298 - val_accuracy: 0.9924 - lr: 0.0010 - 609ms/epoch - 4ms/step
Epoch 33/50
174/174 - 1s - loss: 0.0441 - accuracy: 0.9850 - val_loss: 0.0353 - val_accuracy: 0.9892 - lr: 0.0010 - 604ms/epoch - 3ms/step
Epoch 34/50
174/174 - 1s - loss: 0.0441 - accuracy: 0.9859 - val_loss: 0.0326 - val_accuracy: 0.9917 - lr: 0.0010 - 603ms/epoch - 3ms/step
Epoch 35/50
174/174 - 1s - loss: 0.0413 - accuracy: 0.9864 - val_loss: 0.0386 - val_accuracy: 0.9874 - lr: 0.0010 - 605ms/epoch - 3ms/step
Epoch 36/50
174/174 - 1s - loss: 0.0392 - accuracy: 0.9879 - val_loss: 0.0344 - val_accuracy: 0.9888 - lr: 0.0010 - 602ms/epoch - 3ms/step
Epoch 37/50

Epoch 37: ReduceLROnPlateau reducing learning rate to 0.0005000000237487257.
174/174 - 1s - loss: 0.0410 - accuracy: 0.9871 - val_loss: 0.0457 - val_accuracy: 0.9895 - lr: 0.0010 - 604ms/epoch - 3ms/step
Epoch 38/50
174/174 - 1s - loss: 0.0319 - accuracy: 0.9900 - val_loss: 0.0327 - val_accuracy: 0.9895 - lr: 5.0000e-04 - 604ms/epoch - 3ms/step
Epoch 39/50
174/174 - 1s - loss: 0.0311 - accuracy: 0.9900 - val_loss: 0.0288 - val_accuracy: 0.9924 - lr: 5.0000e-04 - 603ms/epoch - 3ms/step
Epoch 40/50
174/174 - 1s - loss: 0.0287 - accuracy: 0.9909 - val_loss: 0.0248 - val_accuracy: 0.9917 - lr: 5.0000e-04 - 603ms/epoch - 3ms/step
Epoch 41/50
174/174 - 1s - loss: 0.0271 - accuracy: 0.9914 - val_loss: 0.0240 - val_accuracy: 0.9932 - lr: 5.0000e-04 - 603ms/epoch - 3ms/step
Epoch 42/50
174/174 - 1s - loss: 0.0270 - accuracy: 0.9917 - val_loss: 0.0248 - val_accuracy: 0.9935 - lr: 5.0000e-04 - 605ms/epoch - 3ms/step
Epoch 43/50
174/174 - 1s - loss: 0.0266 - accuracy: 0.9905 - val_loss: 0.0275 - val_accuracy: 0.9914 - lr: 5.0000e-04 - 599ms/epoch - 3ms/step
Epoch 44/50
174/174 - 1s - loss: 0.0256 - accuracy: 0.9927 - val_loss: 0.0281 - val_accuracy: 0.9935 - lr: 5.0000e-04 - 600ms/epoch - 3ms/step
Epoch 45/50
174/174 - 1s - loss: 0.0251 - accuracy: 0.9927 - val_loss: 0.0309 - val_accuracy: 0.9910 - lr: 5.0000e-04 - 598ms/epoch - 3ms/step
Epoch 46/50
174/174 - 1s - loss: 0.0277 - accuracy: 0.9917 - val_loss: 0.0238 - val_accuracy: 0.9932 - lr: 5.0000e-04 - 597ms/epoch - 3ms/step
Epoch 47/50
174/174 - 1s - loss: 0.0273 - accuracy: 0.9913 - val_loss: 0.0297 - val_accuracy: 0.9914 - lr: 5.0000e-04 - 597ms/epoch - 3ms/step
Epoch 48/50
174/174 - 1s - loss: 0.0237 - accuracy: 0.9932 - val_loss: 0.0219 - val_accuracy: 0.9946 - lr: 5.0000e-04 - 600ms/epoch - 3ms/step
Epoch 49/50
174/174 - 1s - loss: 0.0295 - accuracy: 0.9899 - val_loss: 0.0243 - val_accuracy: 0.9928 - lr: 5.0000e-04 - 603ms/epoch - 3ms/step
Epoch 50/50
174/174 - 1s - loss: 0.0247 - accuracy: 0.9930 - val_loss: 0.0243 - val_accuracy: 0.9935 - lr: 5.0000e-04 - 597ms/epoch - 3ms/step
2026-05-01 18:55:50.896259: W tensorflow/compiler/mlir/lite/python/tf_tfl_flatbuffer_helpers.cc:378] Ignored output_format.
2026-05-01 18:55:50.896288: W tensorflow/compiler/mlir/lite/python/tf_tfl_flatbuffer_helpers.cc:381] Ignored drop_control_dependency.
2026-05-01 18:55:50.896588: I tensorflow/cc/saved_model/reader.cc:83] Reading SavedModel from: /tmp/b00090279/tmpleyi1uxl
2026-05-01 18:55:50.898081: I tensorflow/cc/saved_model/reader.cc:51] Reading meta graph with tags { serve }
2026-05-01 18:55:50.898096: I tensorflow/cc/saved_model/reader.cc:146] Reading SavedModel debug info (if present) from: /tmp/b00090279/tmpleyi1uxl
2026-05-01 18:55:50.900477: I tensorflow/compiler/mlir/mlir_graph_optimization_pass.cc:382] MLIR V1 optimization pass is not enabled
2026-05-01 18:55:50.901407: I tensorflow/cc/saved_model/loader.cc:233] Restoring SavedModel bundle.
2026-05-01 18:55:50.926444: I tensorflow/cc/saved_model/loader.cc:217] Running initialization op on SavedModel bundle at path: /tmp/b00090279/tmpleyi1uxl
2026-05-01 18:55:50.936684: I tensorflow/cc/saved_model/loader.cc:316] SavedModel load for tags { serve }; Status: success: OK. Took 40096 microseconds.
2026-05-01 18:55:50.995257: I tensorflow/compiler/mlir/lite/flatbuffer_export.cc:2245] Estimated count of arithmetic ops: 1.590 M  ops, equivalently 0.795 M  MACs
/shared/b00090279/tinymlproj/lib/python3.10/site-packages/tensorflow/lite/python/convert.py:947: UserWarning: Statistics for quantized inputs were expected, but not specified; continuing anyway.
  warnings.warn(
2026-05-01 18:55:53.369713: W tensorflow/compiler/mlir/lite/python/tf_tfl_flatbuffer_helpers.cc:378] Ignored output_format.
2026-05-01 18:55:53.369734: W tensorflow/compiler/mlir/lite/python/tf_tfl_flatbuffer_helpers.cc:381] Ignored drop_control_dependency.
2026-05-01 18:55:53.369953: I tensorflow/cc/saved_model/reader.cc:83] Reading SavedModel from: /tmp/b00090279/tmpd263a0et
2026-05-01 18:55:53.371765: I tensorflow/cc/saved_model/reader.cc:51] Reading meta graph with tags { serve }
2026-05-01 18:55:53.371778: I tensorflow/cc/saved_model/reader.cc:146] Reading SavedModel debug info (if present) from: /tmp/b00090279/tmpd263a0et
2026-05-01 18:55:53.375336: I tensorflow/cc/saved_model/loader.cc:233] Restoring SavedModel bundle.
2026-05-01 18:55:53.400349: I tensorflow/cc/saved_model/loader.cc:217] Running initialization op on SavedModel bundle at path: /tmp/b00090279/tmpd263a0et
2026-05-01 18:55:53.410574: I tensorflow/cc/saved_model/loader.cc:316] SavedModel load for tags { serve }; Status: success: OK. Took 40621 microseconds.
2026-05-01 18:55:53.466472: I tensorflow/compiler/mlir/lite/flatbuffer_export.cc:2245] Estimated count of arithmetic ops: 1.590 M  ops, equivalently 0.795 M  MACs
fully_quantize: 0, inference_type: 6, input_inference_type: INT8, output_inference_type: INT8
2026-05-01 18:55:53.522494: I tensorflow/compiler/mlir/lite/flatbuffer_export.cc:2245] Estimated count of arithmetic ops: 1.590 M  ops, equivalently 0.795 M  MACs
Epoch 1/10
174/174 - 3s - loss: 0.0371 - accuracy: 0.9913 - val_loss: 0.0223 - val_accuracy: 0.9935 - 3s/epoch - 17ms/step
Epoch 2/10
174/174 - 1s - loss: 0.0216 - accuracy: 0.9936 - val_loss: 0.0208 - val_accuracy: 0.9939 - 1s/epoch - 7ms/step
Epoch 3/10
174/174 - 1s - loss: 0.0201 - accuracy: 0.9938 - val_loss: 0.0219 - val_accuracy: 0.9935 - 1s/epoch - 7ms/step
Epoch 4/10
174/174 - 1s - loss: 0.0186 - accuracy: 0.9949 - val_loss: 0.0210 - val_accuracy: 0.9946 - 1s/epoch - 7ms/step
Epoch 5/10
174/174 - 1s - loss: 0.0168 - accuracy: 0.9946 - val_loss: 0.0204 - val_accuracy: 0.9942 - 1s/epoch - 7ms/step
Epoch 6/10
174/174 - 1s - loss: 0.0205 - accuracy: 0.9932 - val_loss: 0.0218 - val_accuracy: 0.9935 - 1s/epoch - 7ms/step
Epoch 7/10
174/174 - 1s - loss: 0.0187 - accuracy: 0.9941 - val_loss: 0.0220 - val_accuracy: 0.9932 - 1s/epoch - 7ms/step
Epoch 8/10
174/174 - 1s - loss: 0.0176 - accuracy: 0.9951 - val_loss: 0.0200 - val_accuracy: 0.9950 - 1s/epoch - 7ms/step
Epoch 9/10
174/174 - 1s - loss: 0.0189 - accuracy: 0.9943 - val_loss: 0.0196 - val_accuracy: 0.9953 - 1s/epoch - 7ms/step
Epoch 10/10
174/174 - 1s - loss: 0.0176 - accuracy: 0.9945 - val_loss: 0.0204 - val_accuracy: 0.9939 - 1s/epoch - 7ms/step
/shared/b00090279/tinymlproj/lib/python3.10/site-packages/tensorflow/lite/python/convert.py:947: UserWarning: Statistics for quantized inputs were expected, but not specified; continuing anyway.
  warnings.warn(
2026-05-01 18:56:12.685241: W tensorflow/compiler/mlir/lite/python/tf_tfl_flatbuffer_helpers.cc:378] Ignored output_format.
2026-05-01 18:56:12.685263: W tensorflow/compiler/mlir/lite/python/tf_tfl_flatbuffer_helpers.cc:381] Ignored drop_control_dependency.
2026-05-01 18:56:12.685464: I tensorflow/cc/saved_model/reader.cc:83] Reading SavedModel from: /tmp/b00090279/tmpxauethgs
2026-05-01 18:56:12.690163: I tensorflow/cc/saved_model/reader.cc:51] Reading meta graph with tags { serve }
2026-05-01 18:56:12.690179: I tensorflow/cc/saved_model/reader.cc:146] Reading SavedModel debug info (if present) from: /tmp/b00090279/tmpxauethgs
2026-05-01 18:56:12.700166: I tensorflow/cc/saved_model/loader.cc:233] Restoring SavedModel bundle.
2026-05-01 18:56:12.783469: I tensorflow/cc/saved_model/loader.cc:217] Running initialization op on SavedModel bundle at path: /tmp/b00090279/tmpxauethgs
2026-05-01 18:56:12.810819: I tensorflow/cc/saved_model/loader.cc:316] SavedModel load for tags { serve }; Status: success: OK. Took 125356 microseconds.
fully_quantize: 0, inference_type: 6, input_inference_type: INT8, output_inference_type: INT8
2026-05-01 18:56:12.964541: I tensorflow/compiler/mlir/lite/flatbuffer_export.cc:2245] Estimated count of arithmetic ops: 1.590 M  ops, equivalently 0.795 M  MACs
rows: 1
master_csv: /shared/b00090279/TinyML-Course/har-mcu/reports/m3/arch_seq/daghero_cnn_2layer_conv2d/e03/results_master.csv
master_md: /shared/b00090279/TinyML-Course/har-mcu/reports/m3/arch_seq/daghero_cnn_2layer_conv2d/e03/results_master.md
m3_master_csv: /shared/b00090279/TinyML-Course/har-mcu/reports/m3/arch_seq/daghero_cnn_2layer_conv2d/e03/m3_experiment_master.csv
m3_master_md: /shared/b00090279/TinyML-Course/har-mcu/reports/m3/arch_seq/daghero_cnn_2layer_conv2d/e03/m3_experiment_master.md
========== M3 sequential daghero_cnn_2layer_conv2d: configs/m3/E04_wisdm_to_g_arduino_g.yaml ==========
status: valid
experiment_id: E04_wisdm_to_g_arduino_g
model_variant: daghero_cnn_2layer_conv2d
data_source: wisdm_arduino
train_domain: wisdm
eval_domain: arduino
transfer_mode: zero_shot
split_protocols: random_stratified
window_size_samples: 100
window_duration_seconds: 5.0
sample_rate_hz: 20.0
target_sample_rate_hz: 20.0
unit_mode: wisdm_to_g
normalization_mode: train_zscore
diagnostic_only: False
enabled: True
tooling_only: False
2026-05-01 18:56:16.310015: E tensorflow/compiler/xla/stream_executor/cuda/cuda_dnn.cc:9342] Unable to register cuDNN factory: Attempting to register factory for plugin cuDNN when one has already been registered
2026-05-01 18:56:16.310062: E tensorflow/compiler/xla/stream_executor/cuda/cuda_fft.cc:609] Unable to register cuFFT factory: Attempting to register factory for plugin cuFFT when one has already been registered
2026-05-01 18:56:16.310100: E tensorflow/compiler/xla/stream_executor/cuda/cuda_blas.cc:1518] Unable to register cuBLAS factory: Attempting to register factory for plugin cuBLAS when one has already been registered
2026-05-01 18:56:16.318501: I tensorflow/core/platform/cpu_feature_guard.cc:182] This TensorFlow binary is optimized to use available CPU instructions in performance-critical operations.
To enable the following instructions: AVX2 FMA, in other operations, rebuild TensorFlow with the appropriate compiler flags.
2026-05-01 18:56:27.539392: I tensorflow/compiler/xla/stream_executor/cuda/cuda_gpu_executor.cc:894] successful NUMA node read from SysFS had negative value (-1), but there must be at least one NUMA node, so returning NUMA node zero. See more at https://github.com/torvalds/linux/blob/v6.0/Documentation/ABI/testing/sysfs-bus-pci#L344-L355
2026-05-01 18:56:27.621421: I tensorflow/compiler/xla/stream_executor/cuda/cuda_gpu_executor.cc:894] successful NUMA node read from SysFS had negative value (-1), but there must be at least one NUMA node, so returning NUMA node zero. See more at https://github.com/torvalds/linux/blob/v6.0/Documentation/ABI/testing/sysfs-bus-pci#L344-L355
2026-05-01 18:56:27.624570: I tensorflow/compiler/xla/stream_executor/cuda/cuda_gpu_executor.cc:894] successful NUMA node read from SysFS had negative value (-1), but there must be at least one NUMA node, so returning NUMA node zero. See more at https://github.com/torvalds/linux/blob/v6.0/Documentation/ABI/testing/sysfs-bus-pci#L344-L355
2026-05-01 18:56:30.771962: I tensorflow/compiler/xla/stream_executor/cuda/cuda_gpu_executor.cc:894] successful NUMA node read from SysFS had negative value (-1), but there must be at least one NUMA node, so returning NUMA node zero. See more at https://github.com/torvalds/linux/blob/v6.0/Documentation/ABI/testing/sysfs-bus-pci#L344-L355
2026-05-01 18:56:30.775168: I tensorflow/compiler/xla/stream_executor/cuda/cuda_gpu_executor.cc:894] successful NUMA node read from SysFS had negative value (-1), but there must be at least one NUMA node, so returning NUMA node zero. See more at https://github.com/torvalds/linux/blob/v6.0/Documentation/ABI/testing/sysfs-bus-pci#L344-L355
2026-05-01 18:56:30.778059: I tensorflow/compiler/xla/stream_executor/cuda/cuda_gpu_executor.cc:894] successful NUMA node read from SysFS had negative value (-1), but there must be at least one NUMA node, so returning NUMA node zero. See more at https://github.com/torvalds/linux/blob/v6.0/Documentation/ABI/testing/sysfs-bus-pci#L344-L355
2026-05-01 18:56:30.892374: I tensorflow/compiler/xla/stream_executor/cuda/cuda_gpu_executor.cc:894] successful NUMA node read from SysFS had negative value (-1), but there must be at least one NUMA node, so returning NUMA node zero. See more at https://github.com/torvalds/linux/blob/v6.0/Documentation/ABI/testing/sysfs-bus-pci#L344-L355
2026-05-01 18:56:30.894355: I tensorflow/compiler/xla/stream_executor/cuda/cuda_gpu_executor.cc:894] successful NUMA node read from SysFS had negative value (-1), but there must be at least one NUMA node, so returning NUMA node zero. See more at https://github.com/torvalds/linux/blob/v6.0/Documentation/ABI/testing/sysfs-bus-pci#L344-L355
2026-05-01 18:56:30.896248: I tensorflow/compiler/xla/stream_executor/cuda/cuda_gpu_executor.cc:894] successful NUMA node read from SysFS had negative value (-1), but there must be at least one NUMA node, so returning NUMA node zero. See more at https://github.com/torvalds/linux/blob/v6.0/Documentation/ABI/testing/sysfs-bus-pci#L344-L355
2026-05-01 18:56:30.898128: I tensorflow/core/common_runtime/gpu/gpu_device.cc:1886] Created device /job:localhost/replica:0/task:0/device:GPU:0 with 20665 MB memory:  -> device: 0, name: NVIDIA A10G, pci bus id: 0000:00:1e.0, compute capability: 8.6
Epoch 1/50
2026-05-01 18:56:32.275506: I tensorflow/compiler/xla/stream_executor/cuda/cuda_dnn.cc:442] Loaded cuDNN version 8700
2026-05-01 18:56:33.333627: I tensorflow/compiler/xla/service/service.cc:168] XLA service 0x781f449049d0 initialized for platform CUDA (this does not guarantee that XLA will be used). Devices:
2026-05-01 18:56:33.333657: I tensorflow/compiler/xla/service/service.cc:176]   StreamExecutor device (0): NVIDIA A10G, Compute Capability 8.6
2026-05-01 18:56:33.339616: I tensorflow/compiler/mlir/tensorflow/utils/dump_mlir_util.cc:269] disabling MLIR crash reproducer, set env var `MLIR_CRASH_REPRODUCER_DIRECTORY` to enable.
2026-05-01 18:56:33.419027: I ./tensorflow/compiler/jit/device_compiler.h:186] Compiled cluster using XLA!  This line is logged at most once for the lifetime of the process.
174/174 - 4s - loss: 0.5886 - accuracy: 0.7943 - val_loss: 0.4641 - val_accuracy: 0.8580 - lr: 0.0010 - 4s/epoch - 21ms/step
Epoch 2/50
174/174 - 1s - loss: 0.3380 - accuracy: 0.8795 - val_loss: 0.2641 - val_accuracy: 0.9052 - lr: 0.0010 - 600ms/epoch - 3ms/step
Epoch 3/50
174/174 - 1s - loss: 0.2531 - accuracy: 0.9130 - val_loss: 0.2288 - val_accuracy: 0.9279 - lr: 0.0010 - 594ms/epoch - 3ms/step
Epoch 4/50
174/174 - 1s - loss: 0.2048 - accuracy: 0.9319 - val_loss: 0.1638 - val_accuracy: 0.9431 - lr: 0.0010 - 595ms/epoch - 3ms/step
Epoch 5/50
174/174 - 1s - loss: 0.1680 - accuracy: 0.9449 - val_loss: 0.1747 - val_accuracy: 0.9377 - lr: 0.0010 - 588ms/epoch - 3ms/step
Epoch 6/50
174/174 - 1s - loss: 0.1538 - accuracy: 0.9495 - val_loss: 0.1146 - val_accuracy: 0.9622 - lr: 0.0010 - 593ms/epoch - 3ms/step
Epoch 7/50
174/174 - 1s - loss: 0.1390 - accuracy: 0.9534 - val_loss: 0.1016 - val_accuracy: 0.9672 - lr: 0.0010 - 594ms/epoch - 3ms/step
Epoch 8/50
174/174 - 1s - loss: 0.1220 - accuracy: 0.9593 - val_loss: 0.0984 - val_accuracy: 0.9640 - lr: 0.0010 - 590ms/epoch - 3ms/step
Epoch 9/50
174/174 - 1s - loss: 0.1198 - accuracy: 0.9598 - val_loss: 0.0779 - val_accuracy: 0.9755 - lr: 0.0010 - 591ms/epoch - 3ms/step
Epoch 10/50
174/174 - 1s - loss: 0.1022 - accuracy: 0.9667 - val_loss: 0.0761 - val_accuracy: 0.9755 - lr: 0.0010 - 591ms/epoch - 3ms/step
Epoch 11/50
174/174 - 1s - loss: 0.1003 - accuracy: 0.9668 - val_loss: 0.0761 - val_accuracy: 0.9737 - lr: 0.0010 - 591ms/epoch - 3ms/step
Epoch 12/50
174/174 - 1s - loss: 0.0935 - accuracy: 0.9690 - val_loss: 0.0627 - val_accuracy: 0.9795 - lr: 0.0010 - 592ms/epoch - 3ms/step
Epoch 13/50
174/174 - 1s - loss: 0.0891 - accuracy: 0.9712 - val_loss: 0.0740 - val_accuracy: 0.9762 - lr: 0.0010 - 588ms/epoch - 3ms/step
Epoch 14/50
174/174 - 1s - loss: 0.0823 - accuracy: 0.9732 - val_loss: 0.0677 - val_accuracy: 0.9759 - lr: 0.0010 - 590ms/epoch - 3ms/step
Epoch 15/50
174/174 - 1s - loss: 0.0789 - accuracy: 0.9748 - val_loss: 0.0730 - val_accuracy: 0.9777 - lr: 0.0010 - 590ms/epoch - 3ms/step
Epoch 16/50
174/174 - 1s - loss: 0.0760 - accuracy: 0.9764 - val_loss: 0.0653 - val_accuracy: 0.9769 - lr: 0.0010 - 590ms/epoch - 3ms/step
Epoch 17/50

Epoch 17: ReduceLROnPlateau reducing learning rate to 0.0005000000237487257.
174/174 - 1s - loss: 0.0716 - accuracy: 0.9761 - val_loss: 0.0858 - val_accuracy: 0.9748 - lr: 0.0010 - 590ms/epoch - 3ms/step
Epoch 18/50
174/174 - 1s - loss: 0.0682 - accuracy: 0.9784 - val_loss: 0.0431 - val_accuracy: 0.9859 - lr: 5.0000e-04 - 590ms/epoch - 3ms/step
Epoch 19/50
174/174 - 1s - loss: 0.0573 - accuracy: 0.9828 - val_loss: 0.0496 - val_accuracy: 0.9841 - lr: 5.0000e-04 - 591ms/epoch - 3ms/step
Epoch 20/50
174/174 - 1s - loss: 0.0543 - accuracy: 0.9829 - val_loss: 0.0543 - val_accuracy: 0.9856 - lr: 5.0000e-04 - 588ms/epoch - 3ms/step
Epoch 21/50
174/174 - 1s - loss: 0.0518 - accuracy: 0.9842 - val_loss: 0.0467 - val_accuracy: 0.9863 - lr: 5.0000e-04 - 588ms/epoch - 3ms/step
Epoch 22/50
174/174 - 1s - loss: 0.0516 - accuracy: 0.9841 - val_loss: 0.0524 - val_accuracy: 0.9827 - lr: 5.0000e-04 - 590ms/epoch - 3ms/step
Epoch 23/50

Epoch 23: ReduceLROnPlateau reducing learning rate to 0.0002500000118743628.
174/174 - 1s - loss: 0.0504 - accuracy: 0.9837 - val_loss: 0.0438 - val_accuracy: 0.9856 - lr: 5.0000e-04 - 587ms/epoch - 3ms/step
Epoch 24/50
174/174 - 1s - loss: 0.0464 - accuracy: 0.9858 - val_loss: 0.0360 - val_accuracy: 0.9881 - lr: 2.5000e-04 - 595ms/epoch - 3ms/step
Epoch 25/50
174/174 - 1s - loss: 0.0426 - accuracy: 0.9862 - val_loss: 0.0341 - val_accuracy: 0.9906 - lr: 2.5000e-04 - 592ms/epoch - 3ms/step
Epoch 26/50
174/174 - 1s - loss: 0.0415 - accuracy: 0.9873 - val_loss: 0.0327 - val_accuracy: 0.9903 - lr: 2.5000e-04 - 594ms/epoch - 3ms/step
Epoch 27/50
174/174 - 1s - loss: 0.0449 - accuracy: 0.9861 - val_loss: 0.0390 - val_accuracy: 0.9895 - lr: 2.5000e-04 - 591ms/epoch - 3ms/step
Epoch 28/50
174/174 - 1s - loss: 0.0438 - accuracy: 0.9874 - val_loss: 0.0368 - val_accuracy: 0.9863 - lr: 2.5000e-04 - 589ms/epoch - 3ms/step
Epoch 29/50
174/174 - 1s - loss: 0.0434 - accuracy: 0.9867 - val_loss: 0.0350 - val_accuracy: 0.9910 - lr: 2.5000e-04 - 592ms/epoch - 3ms/step
Epoch 30/50
174/174 - 1s - loss: 0.0422 - accuracy: 0.9872 - val_loss: 0.0334 - val_accuracy: 0.9914 - lr: 2.5000e-04 - 590ms/epoch - 3ms/step
Epoch 31/50

Epoch 31: ReduceLROnPlateau reducing learning rate to 0.0001250000059371814.
174/174 - 1s - loss: 0.0426 - accuracy: 0.9870 - val_loss: 0.0368 - val_accuracy: 0.9899 - lr: 2.5000e-04 - 589ms/epoch - 3ms/step
Epoch 32/50
174/174 - 1s - loss: 0.0429 - accuracy: 0.9862 - val_loss: 0.0313 - val_accuracy: 0.9906 - lr: 1.2500e-04 - 591ms/epoch - 3ms/step
Epoch 33/50
174/174 - 1s - loss: 0.0382 - accuracy: 0.9878 - val_loss: 0.0303 - val_accuracy: 0.9914 - lr: 1.2500e-04 - 593ms/epoch - 3ms/step
Epoch 34/50
174/174 - 1s - loss: 0.0354 - accuracy: 0.9894 - val_loss: 0.0310 - val_accuracy: 0.9917 - lr: 1.2500e-04 - 594ms/epoch - 3ms/step
Epoch 35/50
174/174 - 1s - loss: 0.0384 - accuracy: 0.9882 - val_loss: 0.0299 - val_accuracy: 0.9914 - lr: 1.2500e-04 - 591ms/epoch - 3ms/step
Epoch 36/50
174/174 - 1s - loss: 0.0380 - accuracy: 0.9877 - val_loss: 0.0292 - val_accuracy: 0.9910 - lr: 1.2500e-04 - 591ms/epoch - 3ms/step
Epoch 37/50
174/174 - 1s - loss: 0.0364 - accuracy: 0.9898 - val_loss: 0.0338 - val_accuracy: 0.9903 - lr: 1.2500e-04 - 588ms/epoch - 3ms/step
Epoch 38/50
174/174 - 1s - loss: 0.0357 - accuracy: 0.9897 - val_loss: 0.0300 - val_accuracy: 0.9917 - lr: 1.2500e-04 - 590ms/epoch - 3ms/step
Epoch 39/50
174/174 - 1s - loss: 0.0364 - accuracy: 0.9888 - val_loss: 0.0309 - val_accuracy: 0.9917 - lr: 1.2500e-04 - 591ms/epoch - 3ms/step
Epoch 40/50
174/174 - 1s - loss: 0.0355 - accuracy: 0.9898 - val_loss: 0.0297 - val_accuracy: 0.9910 - lr: 1.2500e-04 - 589ms/epoch - 3ms/step
Epoch 41/50

Epoch 41: ReduceLROnPlateau reducing learning rate to 6.25000029685907e-05.
174/174 - 1s - loss: 0.0346 - accuracy: 0.9897 - val_loss: 0.0294 - val_accuracy: 0.9914 - lr: 1.2500e-04 - 593ms/epoch - 3ms/step
Epoch 42/50
174/174 - 1s - loss: 0.0354 - accuracy: 0.9888 - val_loss: 0.0284 - val_accuracy: 0.9924 - lr: 6.2500e-05 - 598ms/epoch - 3ms/step
Epoch 43/50
174/174 - 1s - loss: 0.0329 - accuracy: 0.9892 - val_loss: 0.0305 - val_accuracy: 0.9910 - lr: 6.2500e-05 - 591ms/epoch - 3ms/step
Epoch 44/50
174/174 - 1s - loss: 0.0328 - accuracy: 0.9898 - val_loss: 0.0297 - val_accuracy: 0.9924 - lr: 6.2500e-05 - 586ms/epoch - 3ms/step
Epoch 45/50
174/174 - 1s - loss: 0.0332 - accuracy: 0.9905 - val_loss: 0.0308 - val_accuracy: 0.9910 - lr: 6.2500e-05 - 585ms/epoch - 3ms/step
Epoch 46/50
174/174 - 1s - loss: 0.0345 - accuracy: 0.9900 - val_loss: 0.0300 - val_accuracy: 0.9910 - lr: 6.2500e-05 - 590ms/epoch - 3ms/step
Epoch 47/50
174/174 - 1s - loss: 0.0336 - accuracy: 0.9900 - val_loss: 0.0272 - val_accuracy: 0.9924 - lr: 6.2500e-05 - 593ms/epoch - 3ms/step
Epoch 48/50
174/174 - 1s - loss: 0.0326 - accuracy: 0.9902 - val_loss: 0.0282 - val_accuracy: 0.9914 - lr: 6.2500e-05 - 589ms/epoch - 3ms/step
Epoch 49/50
174/174 - 1s - loss: 0.0345 - accuracy: 0.9889 - val_loss: 0.0274 - val_accuracy: 0.9924 - lr: 6.2500e-05 - 590ms/epoch - 3ms/step
Epoch 50/50
174/174 - 1s - loss: 0.0325 - accuracy: 0.9909 - val_loss: 0.0273 - val_accuracy: 0.9917 - lr: 6.2500e-05 - 588ms/epoch - 3ms/step
2026-05-01 18:57:05.457378: W tensorflow/compiler/mlir/lite/python/tf_tfl_flatbuffer_helpers.cc:378] Ignored output_format.
2026-05-01 18:57:05.457407: W tensorflow/compiler/mlir/lite/python/tf_tfl_flatbuffer_helpers.cc:381] Ignored drop_control_dependency.
2026-05-01 18:57:05.457696: I tensorflow/cc/saved_model/reader.cc:83] Reading SavedModel from: /tmp/b00090279/tmpcerar28q
2026-05-01 18:57:05.459133: I tensorflow/cc/saved_model/reader.cc:51] Reading meta graph with tags { serve }
2026-05-01 18:57:05.459146: I tensorflow/cc/saved_model/reader.cc:146] Reading SavedModel debug info (if present) from: /tmp/b00090279/tmpcerar28q
2026-05-01 18:57:05.461471: I tensorflow/compiler/mlir/mlir_graph_optimization_pass.cc:382] MLIR V1 optimization pass is not enabled
2026-05-01 18:57:05.462417: I tensorflow/cc/saved_model/loader.cc:233] Restoring SavedModel bundle.
2026-05-01 18:57:05.487668: I tensorflow/cc/saved_model/loader.cc:217] Running initialization op on SavedModel bundle at path: /tmp/b00090279/tmpcerar28q
2026-05-01 18:57:05.497776: I tensorflow/cc/saved_model/loader.cc:316] SavedModel load for tags { serve }; Status: success: OK. Took 40081 microseconds.
2026-05-01 18:57:05.557108: I tensorflow/compiler/mlir/lite/flatbuffer_export.cc:2245] Estimated count of arithmetic ops: 1.590 M  ops, equivalently 0.795 M  MACs
/shared/b00090279/tinymlproj/lib/python3.10/site-packages/tensorflow/lite/python/convert.py:947: UserWarning: Statistics for quantized inputs were expected, but not specified; continuing anyway.
  warnings.warn(
2026-05-01 18:57:07.862305: W tensorflow/compiler/mlir/lite/python/tf_tfl_flatbuffer_helpers.cc:378] Ignored output_format.
2026-05-01 18:57:07.862325: W tensorflow/compiler/mlir/lite/python/tf_tfl_flatbuffer_helpers.cc:381] Ignored drop_control_dependency.
2026-05-01 18:57:07.862521: I tensorflow/cc/saved_model/reader.cc:83] Reading SavedModel from: /tmp/b00090279/tmpgapc7jb8
2026-05-01 18:57:07.864656: I tensorflow/cc/saved_model/reader.cc:51] Reading meta graph with tags { serve }
2026-05-01 18:57:07.864672: I tensorflow/cc/saved_model/reader.cc:146] Reading SavedModel debug info (if present) from: /tmp/b00090279/tmpgapc7jb8
2026-05-01 18:57:07.869025: I tensorflow/cc/saved_model/loader.cc:233] Restoring SavedModel bundle.
2026-05-01 18:57:07.894551: I tensorflow/cc/saved_model/loader.cc:217] Running initialization op on SavedModel bundle at path: /tmp/b00090279/tmpgapc7jb8
2026-05-01 18:57:07.904634: I tensorflow/cc/saved_model/loader.cc:316] SavedModel load for tags { serve }; Status: success: OK. Took 42113 microseconds.
2026-05-01 18:57:07.960703: I tensorflow/compiler/mlir/lite/flatbuffer_export.cc:2245] Estimated count of arithmetic ops: 1.590 M  ops, equivalently 0.795 M  MACs
fully_quantize: 0, inference_type: 6, input_inference_type: INT8, output_inference_type: INT8
2026-05-01 18:57:08.017239: I tensorflow/compiler/mlir/lite/flatbuffer_export.cc:2245] Estimated count of arithmetic ops: 1.590 M  ops, equivalently 0.795 M  MACs
Epoch 1/10
174/174 - 3s - loss: 0.0496 - accuracy: 0.9866 - val_loss: 0.0305 - val_accuracy: 0.9914 - 3s/epoch - 17ms/step
Epoch 2/10
174/174 - 1s - loss: 0.0359 - accuracy: 0.9891 - val_loss: 0.0297 - val_accuracy: 0.9910 - 1s/epoch - 7ms/step
Epoch 3/10
174/174 - 1s - loss: 0.0341 - accuracy: 0.9886 - val_loss: 0.0297 - val_accuracy: 0.9910 - 1s/epoch - 6ms/step
Epoch 4/10
174/174 - 1s - loss: 0.0321 - accuracy: 0.9901 - val_loss: 0.0288 - val_accuracy: 0.9917 - 1s/epoch - 6ms/step
Epoch 5/10
174/174 - 1s - loss: 0.0292 - accuracy: 0.9913 - val_loss: 0.0296 - val_accuracy: 0.9910 - 1s/epoch - 6ms/step
Epoch 6/10
174/174 - 1s - loss: 0.0340 - accuracy: 0.9893 - val_loss: 0.0311 - val_accuracy: 0.9917 - 1s/epoch - 7ms/step
Epoch 7/10
174/174 - 1s - loss: 0.0307 - accuracy: 0.9897 - val_loss: 0.0298 - val_accuracy: 0.9917 - 1s/epoch - 6ms/step
Epoch 8/10
174/174 - 1s - loss: 0.0305 - accuracy: 0.9909 - val_loss: 0.0294 - val_accuracy: 0.9917 - 1s/epoch - 6ms/step
Epoch 9/10
174/174 - 1s - loss: 0.0324 - accuracy: 0.9898 - val_loss: 0.0279 - val_accuracy: 0.9910 - 1s/epoch - 6ms/step
Epoch 10/10
174/174 - 1s - loss: 0.0295 - accuracy: 0.9902 - val_loss: 0.0289 - val_accuracy: 0.9917 - 1s/epoch - 6ms/step
/shared/b00090279/tinymlproj/lib/python3.10/site-packages/tensorflow/lite/python/convert.py:947: UserWarning: Statistics for quantized inputs were expected, but not specified; continuing anyway.
  warnings.warn(
2026-05-01 18:57:27.204400: W tensorflow/compiler/mlir/lite/python/tf_tfl_flatbuffer_helpers.cc:378] Ignored output_format.
2026-05-01 18:57:27.204421: W tensorflow/compiler/mlir/lite/python/tf_tfl_flatbuffer_helpers.cc:381] Ignored drop_control_dependency.
2026-05-01 18:57:27.204604: I tensorflow/cc/saved_model/reader.cc:83] Reading SavedModel from: /tmp/b00090279/tmpmxgwpuc8
2026-05-01 18:57:27.209274: I tensorflow/cc/saved_model/reader.cc:51] Reading meta graph with tags { serve }
2026-05-01 18:57:27.209290: I tensorflow/cc/saved_model/reader.cc:146] Reading SavedModel debug info (if present) from: /tmp/b00090279/tmpmxgwpuc8
2026-05-01 18:57:27.219049: I tensorflow/cc/saved_model/loader.cc:233] Restoring SavedModel bundle.
2026-05-01 18:57:27.302373: I tensorflow/cc/saved_model/loader.cc:217] Running initialization op on SavedModel bundle at path: /tmp/b00090279/tmpmxgwpuc8
2026-05-01 18:57:27.329965: I tensorflow/cc/saved_model/loader.cc:316] SavedModel load for tags { serve }; Status: success: OK. Took 125361 microseconds.
fully_quantize: 0, inference_type: 6, input_inference_type: INT8, output_inference_type: INT8
2026-05-01 18:57:27.480241: I tensorflow/compiler/mlir/lite/flatbuffer_export.cc:2245] Estimated count of arithmetic ops: 1.590 M  ops, equivalently 0.795 M  MACs
rows: 1
master_csv: /shared/b00090279/TinyML-Course/har-mcu/reports/m3/arch_seq/daghero_cnn_2layer_conv2d/e04/results_master.csv
master_md: /shared/b00090279/TinyML-Course/har-mcu/reports/m3/arch_seq/daghero_cnn_2layer_conv2d/e04/results_master.md
m3_master_csv: /shared/b00090279/TinyML-Course/har-mcu/reports/m3/arch_seq/daghero_cnn_2layer_conv2d/e04/m3_experiment_master.csv
m3_master_md: /shared/b00090279/TinyML-Course/har-mcu/reports/m3/arch_seq/daghero_cnn_2layer_conv2d/e04/m3_experiment_master.md
========== M3 sequential daghero_cnn_2layer_conv2d: configs/m3/E05_legacy_arduino_to_mps2.yaml ==========
status: valid
experiment_id: E05_legacy_arduino_to_mps2
model_variant: daghero_cnn_2layer_conv2d
data_source: wisdm_arduino
train_domain: wisdm
eval_domain: arduino
transfer_mode: zero_shot
split_protocols: random_stratified
window_size_samples: 100
window_duration_seconds: 5.0
sample_rate_hz: 20.0
target_sample_rate_hz: 20.0
unit_mode: arduino_to_mps2_legacy
normalization_mode: train_zscore
diagnostic_only: False
enabled: True
tooling_only: False
2026-05-01 18:57:30.785015: E tensorflow/compiler/xla/stream_executor/cuda/cuda_dnn.cc:9342] Unable to register cuDNN factory: Attempting to register factory for plugin cuDNN when one has already been registered
2026-05-01 18:57:30.785062: E tensorflow/compiler/xla/stream_executor/cuda/cuda_fft.cc:609] Unable to register cuFFT factory: Attempting to register factory for plugin cuFFT when one has already been registered
2026-05-01 18:57:30.785101: E tensorflow/compiler/xla/stream_executor/cuda/cuda_blas.cc:1518] Unable to register cuBLAS factory: Attempting to register factory for plugin cuBLAS when one has already been registered
2026-05-01 18:57:30.793429: I tensorflow/core/platform/cpu_feature_guard.cc:182] This TensorFlow binary is optimized to use available CPU instructions in performance-critical operations.
To enable the following instructions: AVX2 FMA, in other operations, rebuild TensorFlow with the appropriate compiler flags.
2026-05-01 18:57:42.009640: I tensorflow/compiler/xla/stream_executor/cuda/cuda_gpu_executor.cc:894] successful NUMA node read from SysFS had negative value (-1), but there must be at least one NUMA node, so returning NUMA node zero. See more at https://github.com/torvalds/linux/blob/v6.0/Documentation/ABI/testing/sysfs-bus-pci#L344-L355
2026-05-01 18:57:42.092413: I tensorflow/compiler/xla/stream_executor/cuda/cuda_gpu_executor.cc:894] successful NUMA node read from SysFS had negative value (-1), but there must be at least one NUMA node, so returning NUMA node zero. See more at https://github.com/torvalds/linux/blob/v6.0/Documentation/ABI/testing/sysfs-bus-pci#L344-L355
2026-05-01 18:57:42.095814: I tensorflow/compiler/xla/stream_executor/cuda/cuda_gpu_executor.cc:894] successful NUMA node read from SysFS had negative value (-1), but there must be at least one NUMA node, so returning NUMA node zero. See more at https://github.com/torvalds/linux/blob/v6.0/Documentation/ABI/testing/sysfs-bus-pci#L344-L355
2026-05-01 18:57:45.260260: I tensorflow/compiler/xla/stream_executor/cuda/cuda_gpu_executor.cc:894] successful NUMA node read from SysFS had negative value (-1), but there must be at least one NUMA node, so returning NUMA node zero. See more at https://github.com/torvalds/linux/blob/v6.0/Documentation/ABI/testing/sysfs-bus-pci#L344-L355
2026-05-01 18:57:45.263682: I tensorflow/compiler/xla/stream_executor/cuda/cuda_gpu_executor.cc:894] successful NUMA node read from SysFS had negative value (-1), but there must be at least one NUMA node, so returning NUMA node zero. See more at https://github.com/torvalds/linux/blob/v6.0/Documentation/ABI/testing/sysfs-bus-pci#L344-L355
2026-05-01 18:57:45.266585: I tensorflow/compiler/xla/stream_executor/cuda/cuda_gpu_executor.cc:894] successful NUMA node read from SysFS had negative value (-1), but there must be at least one NUMA node, so returning NUMA node zero. See more at https://github.com/torvalds/linux/blob/v6.0/Documentation/ABI/testing/sysfs-bus-pci#L344-L355
2026-05-01 18:57:45.396300: I tensorflow/compiler/xla/stream_executor/cuda/cuda_gpu_executor.cc:894] successful NUMA node read from SysFS had negative value (-1), but there must be at least one NUMA node, so returning NUMA node zero. See more at https://github.com/torvalds/linux/blob/v6.0/Documentation/ABI/testing/sysfs-bus-pci#L344-L355
2026-05-01 18:57:45.398331: I tensorflow/compiler/xla/stream_executor/cuda/cuda_gpu_executor.cc:894] successful NUMA node read from SysFS had negative value (-1), but there must be at least one NUMA node, so returning NUMA node zero. See more at https://github.com/torvalds/linux/blob/v6.0/Documentation/ABI/testing/sysfs-bus-pci#L344-L355
2026-05-01 18:57:45.400185: I tensorflow/compiler/xla/stream_executor/cuda/cuda_gpu_executor.cc:894] successful NUMA node read from SysFS had negative value (-1), but there must be at least one NUMA node, so returning NUMA node zero. See more at https://github.com/torvalds/linux/blob/v6.0/Documentation/ABI/testing/sysfs-bus-pci#L344-L355
2026-05-01 18:57:45.402016: I tensorflow/core/common_runtime/gpu/gpu_device.cc:1886] Created device /job:localhost/replica:0/task:0/device:GPU:0 with 20665 MB memory:  -> device: 0, name: NVIDIA A10G, pci bus id: 0000:00:1e.0, compute capability: 8.6
Epoch 1/50
2026-05-01 18:57:46.767360: I tensorflow/compiler/xla/stream_executor/cuda/cuda_dnn.cc:442] Loaded cuDNN version 8700
2026-05-01 18:57:47.824247: I tensorflow/compiler/xla/service/service.cc:168] XLA service 0x5d991df41bf0 initialized for platform CUDA (this does not guarantee that XLA will be used). Devices:
2026-05-01 18:57:47.824274: I tensorflow/compiler/xla/service/service.cc:176]   StreamExecutor device (0): NVIDIA A10G, Compute Capability 8.6
2026-05-01 18:57:47.830231: I tensorflow/compiler/mlir/tensorflow/utils/dump_mlir_util.cc:269] disabling MLIR crash reproducer, set env var `MLIR_CRASH_REPRODUCER_DIRECTORY` to enable.
2026-05-01 18:57:47.909472: I ./tensorflow/compiler/jit/device_compiler.h:186] Compiled cluster using XLA!  This line is logged at most once for the lifetime of the process.
174/174 - 4s - loss: 0.5884 - accuracy: 0.7943 - val_loss: 0.4644 - val_accuracy: 0.8577 - lr: 0.0010 - 4s/epoch - 21ms/step
Epoch 2/50
174/174 - 1s - loss: 0.3379 - accuracy: 0.8800 - val_loss: 0.2680 - val_accuracy: 0.9052 - lr: 0.0010 - 602ms/epoch - 3ms/step
Epoch 3/50
174/174 - 1s - loss: 0.2532 - accuracy: 0.9120 - val_loss: 0.2327 - val_accuracy: 0.9279 - lr: 0.0010 - 603ms/epoch - 3ms/step
Epoch 4/50
174/174 - 1s - loss: 0.2047 - accuracy: 0.9324 - val_loss: 0.1624 - val_accuracy: 0.9427 - lr: 0.0010 - 603ms/epoch - 3ms/step
Epoch 5/50
174/174 - 1s - loss: 0.1677 - accuracy: 0.9457 - val_loss: 0.1808 - val_accuracy: 0.9351 - lr: 0.0010 - 596ms/epoch - 3ms/step
Epoch 6/50
174/174 - 1s - loss: 0.1533 - accuracy: 0.9495 - val_loss: 0.1137 - val_accuracy: 0.9632 - lr: 0.0010 - 597ms/epoch - 3ms/step
Epoch 7/50
174/174 - 1s - loss: 0.1383 - accuracy: 0.9535 - val_loss: 0.1008 - val_accuracy: 0.9672 - lr: 0.0010 - 596ms/epoch - 3ms/step
Epoch 8/50
174/174 - 1s - loss: 0.1220 - accuracy: 0.9594 - val_loss: 0.0981 - val_accuracy: 0.9643 - lr: 0.0010 - 597ms/epoch - 3ms/step
Epoch 9/50
174/174 - 1s - loss: 0.1201 - accuracy: 0.9586 - val_loss: 0.0767 - val_accuracy: 0.9759 - lr: 0.0010 - 594ms/epoch - 3ms/step
Epoch 10/50
174/174 - 1s - loss: 0.1016 - accuracy: 0.9682 - val_loss: 0.0762 - val_accuracy: 0.9769 - lr: 0.0010 - 597ms/epoch - 3ms/step
Epoch 11/50
174/174 - 1s - loss: 0.1005 - accuracy: 0.9668 - val_loss: 0.0763 - val_accuracy: 0.9748 - lr: 0.0010 - 595ms/epoch - 3ms/step
Epoch 12/50
174/174 - 1s - loss: 0.0934 - accuracy: 0.9689 - val_loss: 0.0607 - val_accuracy: 0.9813 - lr: 0.0010 - 597ms/epoch - 3ms/step
Epoch 13/50
174/174 - 1s - loss: 0.0896 - accuracy: 0.9712 - val_loss: 0.0743 - val_accuracy: 0.9755 - lr: 0.0010 - 595ms/epoch - 3ms/step
Epoch 14/50
174/174 - 1s - loss: 0.0822 - accuracy: 0.9728 - val_loss: 0.0644 - val_accuracy: 0.9791 - lr: 0.0010 - 592ms/epoch - 3ms/step
Epoch 15/50
174/174 - 1s - loss: 0.0784 - accuracy: 0.9743 - val_loss: 0.0767 - val_accuracy: 0.9787 - lr: 0.0010 - 594ms/epoch - 3ms/step
Epoch 16/50
174/174 - 1s - loss: 0.0766 - accuracy: 0.9755 - val_loss: 0.0616 - val_accuracy: 0.9773 - lr: 0.0010 - 594ms/epoch - 3ms/step
Epoch 17/50

Epoch 17: ReduceLROnPlateau reducing learning rate to 0.0005000000237487257.
174/174 - 1s - loss: 0.0715 - accuracy: 0.9761 - val_loss: 0.0843 - val_accuracy: 0.9748 - lr: 0.0010 - 592ms/epoch - 3ms/step
Epoch 18/50
174/174 - 1s - loss: 0.0685 - accuracy: 0.9779 - val_loss: 0.0428 - val_accuracy: 0.9874 - lr: 5.0000e-04 - 597ms/epoch - 3ms/step
Epoch 19/50
174/174 - 1s - loss: 0.0573 - accuracy: 0.9818 - val_loss: 0.0482 - val_accuracy: 0.9856 - lr: 5.0000e-04 - 593ms/epoch - 3ms/step
Epoch 20/50
174/174 - 1s - loss: 0.0538 - accuracy: 0.9838 - val_loss: 0.0530 - val_accuracy: 0.9845 - lr: 5.0000e-04 - 593ms/epoch - 3ms/step
Epoch 21/50
174/174 - 1s - loss: 0.0518 - accuracy: 0.9835 - val_loss: 0.0461 - val_accuracy: 0.9877 - lr: 5.0000e-04 - 590ms/epoch - 3ms/step
Epoch 22/50
174/174 - 1s - loss: 0.0516 - accuracy: 0.9841 - val_loss: 0.0534 - val_accuracy: 0.9820 - lr: 5.0000e-04 - 592ms/epoch - 3ms/step
Epoch 23/50

Epoch 23: ReduceLROnPlateau reducing learning rate to 0.0002500000118743628.
174/174 - 1s - loss: 0.0511 - accuracy: 0.9834 - val_loss: 0.0451 - val_accuracy: 0.9863 - lr: 5.0000e-04 - 595ms/epoch - 3ms/step
Epoch 24/50
174/174 - 1s - loss: 0.0460 - accuracy: 0.9860 - val_loss: 0.0349 - val_accuracy: 0.9885 - lr: 2.5000e-04 - 596ms/epoch - 3ms/step
Epoch 25/50
174/174 - 1s - loss: 0.0426 - accuracy: 0.9868 - val_loss: 0.0329 - val_accuracy: 0.9899 - lr: 2.5000e-04 - 598ms/epoch - 3ms/step
Epoch 26/50
174/174 - 1s - loss: 0.0414 - accuracy: 0.9877 - val_loss: 0.0318 - val_accuracy: 0.9906 - lr: 2.5000e-04 - 597ms/epoch - 3ms/step
Epoch 27/50
174/174 - 1s - loss: 0.0451 - accuracy: 0.9859 - val_loss: 0.0386 - val_accuracy: 0.9899 - lr: 2.5000e-04 - 592ms/epoch - 3ms/step
Epoch 28/50
174/174 - 1s - loss: 0.0437 - accuracy: 0.9864 - val_loss: 0.0344 - val_accuracy: 0.9881 - lr: 2.5000e-04 - 595ms/epoch - 3ms/step
Epoch 29/50
174/174 - 1s - loss: 0.0431 - accuracy: 0.9869 - val_loss: 0.0330 - val_accuracy: 0.9914 - lr: 2.5000e-04 - 593ms/epoch - 3ms/step
Epoch 30/50
174/174 - 1s - loss: 0.0417 - accuracy: 0.9871 - val_loss: 0.0320 - val_accuracy: 0.9910 - lr: 2.5000e-04 - 593ms/epoch - 3ms/step
Epoch 31/50

Epoch 31: ReduceLROnPlateau reducing learning rate to 0.0001250000059371814.
174/174 - 1s - loss: 0.0424 - accuracy: 0.9868 - val_loss: 0.0339 - val_accuracy: 0.9903 - lr: 2.5000e-04 - 594ms/epoch - 3ms/step
Epoch 32/50
174/174 - 1s - loss: 0.0425 - accuracy: 0.9866 - val_loss: 0.0304 - val_accuracy: 0.9906 - lr: 1.2500e-04 - 593ms/epoch - 3ms/step
Epoch 33/50
174/174 - 1s - loss: 0.0383 - accuracy: 0.9877 - val_loss: 0.0289 - val_accuracy: 0.9917 - lr: 1.2500e-04 - 597ms/epoch - 3ms/step
Epoch 34/50
174/174 - 1s - loss: 0.0354 - accuracy: 0.9893 - val_loss: 0.0302 - val_accuracy: 0.9906 - lr: 1.2500e-04 - 595ms/epoch - 3ms/step
Epoch 35/50
174/174 - 1s - loss: 0.0384 - accuracy: 0.9881 - val_loss: 0.0284 - val_accuracy: 0.9914 - lr: 1.2500e-04 - 598ms/epoch - 3ms/step
Epoch 36/50
174/174 - 1s - loss: 0.0379 - accuracy: 0.9877 - val_loss: 0.0288 - val_accuracy: 0.9914 - lr: 1.2500e-04 - 596ms/epoch - 3ms/step
Epoch 37/50
174/174 - 1s - loss: 0.0363 - accuracy: 0.9898 - val_loss: 0.0323 - val_accuracy: 0.9903 - lr: 1.2500e-04 - 594ms/epoch - 3ms/step
Epoch 38/50
174/174 - 1s - loss: 0.0363 - accuracy: 0.9892 - val_loss: 0.0289 - val_accuracy: 0.9917 - lr: 1.2500e-04 - 594ms/epoch - 3ms/step
Epoch 39/50
174/174 - 1s - loss: 0.0366 - accuracy: 0.9888 - val_loss: 0.0294 - val_accuracy: 0.9917 - lr: 1.2500e-04 - 594ms/epoch - 3ms/step
Epoch 40/50

Epoch 40: ReduceLROnPlateau reducing learning rate to 6.25000029685907e-05.
174/174 - 1s - loss: 0.0358 - accuracy: 0.9896 - val_loss: 0.0288 - val_accuracy: 0.9921 - lr: 1.2500e-04 - 595ms/epoch - 3ms/step
Epoch 41/50
174/174 - 1s - loss: 0.0335 - accuracy: 0.9904 - val_loss: 0.0286 - val_accuracy: 0.9914 - lr: 6.2500e-05 - 596ms/epoch - 3ms/step
Epoch 42/50
174/174 - 1s - loss: 0.0354 - accuracy: 0.9881 - val_loss: 0.0277 - val_accuracy: 0.9928 - lr: 6.2500e-05 - 599ms/epoch - 3ms/step
Epoch 43/50
174/174 - 1s - loss: 0.0325 - accuracy: 0.9893 - val_loss: 0.0298 - val_accuracy: 0.9906 - lr: 6.2500e-05 - 592ms/epoch - 3ms/step
Epoch 44/50
174/174 - 1s - loss: 0.0330 - accuracy: 0.9897 - val_loss: 0.0287 - val_accuracy: 0.9914 - lr: 6.2500e-05 - 592ms/epoch - 3ms/step
Epoch 45/50
174/174 - 1s - loss: 0.0334 - accuracy: 0.9905 - val_loss: 0.0293 - val_accuracy: 0.9906 - lr: 6.2500e-05 - 652ms/epoch - 4ms/step
Epoch 46/50
174/174 - 1s - loss: 0.0343 - accuracy: 0.9905 - val_loss: 0.0292 - val_accuracy: 0.9899 - lr: 6.2500e-05 - 594ms/epoch - 3ms/step
Epoch 47/50
174/174 - 1s - loss: 0.0334 - accuracy: 0.9898 - val_loss: 0.0264 - val_accuracy: 0.9921 - lr: 6.2500e-05 - 595ms/epoch - 3ms/step
Epoch 48/50
174/174 - 1s - loss: 0.0328 - accuracy: 0.9908 - val_loss: 0.0271 - val_accuracy: 0.9921 - lr: 6.2500e-05 - 591ms/epoch - 3ms/step
Epoch 49/50
174/174 - 1s - loss: 0.0345 - accuracy: 0.9886 - val_loss: 0.0260 - val_accuracy: 0.9921 - lr: 6.2500e-05 - 595ms/epoch - 3ms/step
Epoch 50/50
174/174 - 1s - loss: 0.0326 - accuracy: 0.9908 - val_loss: 0.0261 - val_accuracy: 0.9921 - lr: 6.2500e-05 - 594ms/epoch - 3ms/step
2026-05-01 18:58:20.221416: W tensorflow/compiler/mlir/lite/python/tf_tfl_flatbuffer_helpers.cc:378] Ignored output_format.
2026-05-01 18:58:20.221447: W tensorflow/compiler/mlir/lite/python/tf_tfl_flatbuffer_helpers.cc:381] Ignored drop_control_dependency.
2026-05-01 18:58:20.221763: I tensorflow/cc/saved_model/reader.cc:83] Reading SavedModel from: /tmp/b00090279/tmp4v0amy17
2026-05-01 18:58:20.223254: I tensorflow/cc/saved_model/reader.cc:51] Reading meta graph with tags { serve }
2026-05-01 18:58:20.223269: I tensorflow/cc/saved_model/reader.cc:146] Reading SavedModel debug info (if present) from: /tmp/b00090279/tmp4v0amy17
2026-05-01 18:58:20.226179: I tensorflow/compiler/mlir/mlir_graph_optimization_pass.cc:382] MLIR V1 optimization pass is not enabled
2026-05-01 18:58:20.227150: I tensorflow/cc/saved_model/loader.cc:233] Restoring SavedModel bundle.
2026-05-01 18:58:20.253038: I tensorflow/cc/saved_model/loader.cc:217] Running initialization op on SavedModel bundle at path: /tmp/b00090279/tmp4v0amy17
2026-05-01 18:58:20.263237: I tensorflow/cc/saved_model/loader.cc:316] SavedModel load for tags { serve }; Status: success: OK. Took 41475 microseconds.
2026-05-01 18:58:20.326859: I tensorflow/compiler/mlir/lite/flatbuffer_export.cc:2245] Estimated count of arithmetic ops: 1.590 M  ops, equivalently 0.795 M  MACs
/shared/b00090279/tinymlproj/lib/python3.10/site-packages/tensorflow/lite/python/convert.py:947: UserWarning: Statistics for quantized inputs were expected, but not specified; continuing anyway.
  warnings.warn(
2026-05-01 18:58:22.640390: W tensorflow/compiler/mlir/lite/python/tf_tfl_flatbuffer_helpers.cc:378] Ignored output_format.
2026-05-01 18:58:22.640410: W tensorflow/compiler/mlir/lite/python/tf_tfl_flatbuffer_helpers.cc:381] Ignored drop_control_dependency.
2026-05-01 18:58:22.640599: I tensorflow/cc/saved_model/reader.cc:83] Reading SavedModel from: /tmp/b00090279/tmp70py3j3y
2026-05-01 18:58:22.642815: I tensorflow/cc/saved_model/reader.cc:51] Reading meta graph with tags { serve }
2026-05-01 18:58:22.642830: I tensorflow/cc/saved_model/reader.cc:146] Reading SavedModel debug info (if present) from: /tmp/b00090279/tmp70py3j3y
2026-05-01 18:58:22.647303: I tensorflow/cc/saved_model/loader.cc:233] Restoring SavedModel bundle.
2026-05-01 18:58:22.673440: I tensorflow/cc/saved_model/loader.cc:217] Running initialization op on SavedModel bundle at path: /tmp/b00090279/tmp70py3j3y
2026-05-01 18:58:22.683701: I tensorflow/cc/saved_model/loader.cc:316] SavedModel load for tags { serve }; Status: success: OK. Took 43102 microseconds.
2026-05-01 18:58:22.739712: I tensorflow/compiler/mlir/lite/flatbuffer_export.cc:2245] Estimated count of arithmetic ops: 1.590 M  ops, equivalently 0.795 M  MACs
fully_quantize: 0, inference_type: 6, input_inference_type: INT8, output_inference_type: INT8
2026-05-01 18:58:22.796641: I tensorflow/compiler/mlir/lite/flatbuffer_export.cc:2245] Estimated count of arithmetic ops: 1.590 M  ops, equivalently 0.795 M  MACs
Epoch 1/10
174/174 - 3s - loss: 0.0491 - accuracy: 0.9878 - val_loss: 0.0294 - val_accuracy: 0.9910 - 3s/epoch - 18ms/step
Epoch 2/10
174/174 - 1s - loss: 0.0366 - accuracy: 0.9885 - val_loss: 0.0275 - val_accuracy: 0.9917 - 1s/epoch - 7ms/step
Epoch 3/10
174/174 - 1s - loss: 0.0347 - accuracy: 0.9886 - val_loss: 0.0293 - val_accuracy: 0.9906 - 1s/epoch - 7ms/step
Epoch 4/10
174/174 - 1s - loss: 0.0319 - accuracy: 0.9895 - val_loss: 0.0277 - val_accuracy: 0.9917 - 1s/epoch - 7ms/step
Epoch 5/10
174/174 - 1s - loss: 0.0294 - accuracy: 0.9910 - val_loss: 0.0274 - val_accuracy: 0.9914 - 1s/epoch - 7ms/step
Epoch 6/10
174/174 - 1s - loss: 0.0338 - accuracy: 0.9897 - val_loss: 0.0304 - val_accuracy: 0.9910 - 1s/epoch - 7ms/step
Epoch 7/10
174/174 - 1s - loss: 0.0309 - accuracy: 0.9891 - val_loss: 0.0295 - val_accuracy: 0.9910 - 1s/epoch - 7ms/step
Epoch 8/10
174/174 - 1s - loss: 0.0309 - accuracy: 0.9908 - val_loss: 0.0279 - val_accuracy: 0.9914 - 1s/epoch - 7ms/step
Epoch 9/10
174/174 - 1s - loss: 0.0325 - accuracy: 0.9895 - val_loss: 0.0264 - val_accuracy: 0.9917 - 1s/epoch - 7ms/step
Epoch 10/10
174/174 - 1s - loss: 0.0297 - accuracy: 0.9911 - val_loss: 0.0274 - val_accuracy: 0.9921 - 1s/epoch - 7ms/step
/shared/b00090279/tinymlproj/lib/python3.10/site-packages/tensorflow/lite/python/convert.py:947: UserWarning: Statistics for quantized inputs were expected, but not specified; continuing anyway.
  warnings.warn(
2026-05-01 18:58:42.246561: W tensorflow/compiler/mlir/lite/python/tf_tfl_flatbuffer_helpers.cc:378] Ignored output_format.
2026-05-01 18:58:42.246584: W tensorflow/compiler/mlir/lite/python/tf_tfl_flatbuffer_helpers.cc:381] Ignored drop_control_dependency.
2026-05-01 18:58:42.246772: I tensorflow/cc/saved_model/reader.cc:83] Reading SavedModel from: /tmp/b00090279/tmpatay7h0u
2026-05-01 18:58:42.251448: I tensorflow/cc/saved_model/reader.cc:51] Reading meta graph with tags { serve }
2026-05-01 18:58:42.251465: I tensorflow/cc/saved_model/reader.cc:146] Reading SavedModel debug info (if present) from: /tmp/b00090279/tmpatay7h0u
2026-05-01 18:58:42.261449: I tensorflow/cc/saved_model/loader.cc:233] Restoring SavedModel bundle.
2026-05-01 18:58:42.345190: I tensorflow/cc/saved_model/loader.cc:217] Running initialization op on SavedModel bundle at path: /tmp/b00090279/tmpatay7h0u
2026-05-01 18:58:42.372872: I tensorflow/cc/saved_model/loader.cc:316] SavedModel load for tags { serve }; Status: success: OK. Took 126100 microseconds.
fully_quantize: 0, inference_type: 6, input_inference_type: INT8, output_inference_type: INT8
2026-05-01 18:58:42.523372: I tensorflow/compiler/mlir/lite/flatbuffer_export.cc:2245] Estimated count of arithmetic ops: 1.590 M  ops, equivalently 0.795 M  MACs
rows: 1
master_csv: /shared/b00090279/TinyML-Course/har-mcu/reports/m3/arch_seq/daghero_cnn_2layer_conv2d/e05/results_master.csv
master_md: /shared/b00090279/TinyML-Course/har-mcu/reports/m3/arch_seq/daghero_cnn_2layer_conv2d/e05/results_master.md
m3_master_csv: /shared/b00090279/TinyML-Course/har-mcu/reports/m3/arch_seq/daghero_cnn_2layer_conv2d/e05/m3_experiment_master.csv
m3_master_md: /shared/b00090279/TinyML-Course/har-mcu/reports/m3/arch_seq/daghero_cnn_2layer_conv2d/e05/m3_experiment_master.md
========== M3 sequential daghero_cnn_2layer_conv2d: configs/m3/E06_no_norm_matched.yaml ==========
status: valid
experiment_id: E06_no_norm_matched
model_variant: daghero_cnn_2layer_conv2d
data_source: wisdm_arduino
train_domain: wisdm
eval_domain: arduino
transfer_mode: zero_shot
split_protocols: random_stratified
window_size_samples: 100
window_duration_seconds: 5.0
sample_rate_hz: 20.0
target_sample_rate_hz: 20.0
unit_mode: raw_no_conversion
normalization_mode: none
diagnostic_only: False
enabled: True
tooling_only: False
2026-05-01 18:58:45.822482: E tensorflow/compiler/xla/stream_executor/cuda/cuda_dnn.cc:9342] Unable to register cuDNN factory: Attempting to register factory for plugin cuDNN when one has already been registered
2026-05-01 18:58:45.822531: E tensorflow/compiler/xla/stream_executor/cuda/cuda_fft.cc:609] Unable to register cuFFT factory: Attempting to register factory for plugin cuFFT when one has already been registered
2026-05-01 18:58:45.822574: E tensorflow/compiler/xla/stream_executor/cuda/cuda_blas.cc:1518] Unable to register cuBLAS factory: Attempting to register factory for plugin cuBLAS when one has already been registered
2026-05-01 18:58:45.830967: I tensorflow/core/platform/cpu_feature_guard.cc:182] This TensorFlow binary is optimized to use available CPU instructions in performance-critical operations.
To enable the following instructions: AVX2 FMA, in other operations, rebuild TensorFlow with the appropriate compiler flags.
2026-05-01 18:58:59.070321: I tensorflow/compiler/xla/stream_executor/cuda/cuda_gpu_executor.cc:894] successful NUMA node read from SysFS had negative value (-1), but there must be at least one NUMA node, so returning NUMA node zero. See more at https://github.com/torvalds/linux/blob/v6.0/Documentation/ABI/testing/sysfs-bus-pci#L344-L355
2026-05-01 18:58:59.158019: I tensorflow/compiler/xla/stream_executor/cuda/cuda_gpu_executor.cc:894] successful NUMA node read from SysFS had negative value (-1), but there must be at least one NUMA node, so returning NUMA node zero. See more at https://github.com/torvalds/linux/blob/v6.0/Documentation/ABI/testing/sysfs-bus-pci#L344-L355
2026-05-01 18:58:59.161174: I tensorflow/compiler/xla/stream_executor/cuda/cuda_gpu_executor.cc:894] successful NUMA node read from SysFS had negative value (-1), but there must be at least one NUMA node, so returning NUMA node zero. See more at https://github.com/torvalds/linux/blob/v6.0/Documentation/ABI/testing/sysfs-bus-pci#L344-L355
2026-05-01 18:59:02.241313: I tensorflow/compiler/xla/stream_executor/cuda/cuda_gpu_executor.cc:894] successful NUMA node read from SysFS had negative value (-1), but there must be at least one NUMA node, so returning NUMA node zero. See more at https://github.com/torvalds/linux/blob/v6.0/Documentation/ABI/testing/sysfs-bus-pci#L344-L355
2026-05-01 18:59:02.246367: I tensorflow/compiler/xla/stream_executor/cuda/cuda_gpu_executor.cc:894] successful NUMA node read from SysFS had negative value (-1), but there must be at least one NUMA node, so returning NUMA node zero. See more at https://github.com/torvalds/linux/blob/v6.0/Documentation/ABI/testing/sysfs-bus-pci#L344-L355
2026-05-01 18:59:02.249331: I tensorflow/compiler/xla/stream_executor/cuda/cuda_gpu_executor.cc:894] successful NUMA node read from SysFS had negative value (-1), but there must be at least one NUMA node, so returning NUMA node zero. See more at https://github.com/torvalds/linux/blob/v6.0/Documentation/ABI/testing/sysfs-bus-pci#L344-L355
2026-05-01 18:59:02.380360: I tensorflow/compiler/xla/stream_executor/cuda/cuda_gpu_executor.cc:894] successful NUMA node read from SysFS had negative value (-1), but there must be at least one NUMA node, so returning NUMA node zero. See more at https://github.com/torvalds/linux/blob/v6.0/Documentation/ABI/testing/sysfs-bus-pci#L344-L355
2026-05-01 18:59:02.382349: I tensorflow/compiler/xla/stream_executor/cuda/cuda_gpu_executor.cc:894] successful NUMA node read from SysFS had negative value (-1), but there must be at least one NUMA node, so returning NUMA node zero. See more at https://github.com/torvalds/linux/blob/v6.0/Documentation/ABI/testing/sysfs-bus-pci#L344-L355
2026-05-01 18:59:02.384251: I tensorflow/compiler/xla/stream_executor/cuda/cuda_gpu_executor.cc:894] successful NUMA node read from SysFS had negative value (-1), but there must be at least one NUMA node, so returning NUMA node zero. See more at https://github.com/torvalds/linux/blob/v6.0/Documentation/ABI/testing/sysfs-bus-pci#L344-L355
2026-05-01 18:59:02.386286: I tensorflow/core/common_runtime/gpu/gpu_device.cc:1886] Created device /job:localhost/replica:0/task:0/device:GPU:0 with 20665 MB memory:  -> device: 0, name: NVIDIA A10G, pci bus id: 0000:00:1e.0, compute capability: 8.6
Epoch 1/50
2026-05-01 18:59:03.827133: I tensorflow/compiler/xla/stream_executor/cuda/cuda_dnn.cc:442] Loaded cuDNN version 8700
2026-05-01 18:59:04.921996: I tensorflow/compiler/xla/service/service.cc:168] XLA service 0x71facc08e0d0 initialized for platform CUDA (this does not guarantee that XLA will be used). Devices:
2026-05-01 18:59:04.922026: I tensorflow/compiler/xla/service/service.cc:176]   StreamExecutor device (0): NVIDIA A10G, Compute Capability 8.6
2026-05-01 18:59:04.927997: I tensorflow/compiler/mlir/tensorflow/utils/dump_mlir_util.cc:269] disabling MLIR crash reproducer, set env var `MLIR_CRASH_REPRODUCER_DIRECTORY` to enable.
2026-05-01 18:59:05.011484: I ./tensorflow/compiler/jit/device_compiler.h:186] Compiled cluster using XLA!  This line is logged at most once for the lifetime of the process.
174/174 - 4s - loss: 0.5938 - accuracy: 0.7945 - val_loss: 0.4963 - val_accuracy: 0.7982 - lr: 0.0010 - 4s/epoch - 21ms/step
Epoch 2/50
174/174 - 1s - loss: 0.3419 - accuracy: 0.8795 - val_loss: 0.2518 - val_accuracy: 0.9038 - lr: 0.0010 - 604ms/epoch - 3ms/step
Epoch 3/50
174/174 - 1s - loss: 0.2566 - accuracy: 0.9120 - val_loss: 0.2186 - val_accuracy: 0.9279 - lr: 0.0010 - 608ms/epoch - 3ms/step
Epoch 4/50
174/174 - 1s - loss: 0.2102 - accuracy: 0.9305 - val_loss: 0.2028 - val_accuracy: 0.9196 - lr: 0.0010 - 605ms/epoch - 3ms/step
Epoch 5/50
174/174 - 1s - loss: 0.1735 - accuracy: 0.9426 - val_loss: 0.2001 - val_accuracy: 0.9276 - lr: 0.0010 - 603ms/epoch - 3ms/step
Epoch 6/50
174/174 - 1s - loss: 0.1576 - accuracy: 0.9491 - val_loss: 0.1226 - val_accuracy: 0.9586 - lr: 0.0010 - 604ms/epoch - 3ms/step
Epoch 7/50
174/174 - 1s - loss: 0.1396 - accuracy: 0.9550 - val_loss: 0.1037 - val_accuracy: 0.9672 - lr: 0.0010 - 605ms/epoch - 3ms/step
Epoch 8/50
174/174 - 1s - loss: 0.1250 - accuracy: 0.9593 - val_loss: 0.0961 - val_accuracy: 0.9618 - lr: 0.0010 - 602ms/epoch - 3ms/step
Epoch 9/50
174/174 - 1s - loss: 0.1216 - accuracy: 0.9597 - val_loss: 0.1037 - val_accuracy: 0.9607 - lr: 0.0010 - 600ms/epoch - 3ms/step
Epoch 10/50
174/174 - 1s - loss: 0.1025 - accuracy: 0.9669 - val_loss: 0.0765 - val_accuracy: 0.9759 - lr: 0.0010 - 598ms/epoch - 3ms/step
Epoch 11/50
174/174 - 1s - loss: 0.1009 - accuracy: 0.9677 - val_loss: 0.1004 - val_accuracy: 0.9683 - lr: 0.0010 - 600ms/epoch - 3ms/step
Epoch 12/50
174/174 - 1s - loss: 0.0952 - accuracy: 0.9671 - val_loss: 0.0637 - val_accuracy: 0.9795 - lr: 0.0010 - 601ms/epoch - 3ms/step
Epoch 13/50
174/174 - 1s - loss: 0.0888 - accuracy: 0.9720 - val_loss: 0.0919 - val_accuracy: 0.9672 - lr: 0.0010 - 600ms/epoch - 3ms/step
Epoch 14/50
174/174 - 1s - loss: 0.0832 - accuracy: 0.9725 - val_loss: 0.0816 - val_accuracy: 0.9705 - lr: 0.0010 - 598ms/epoch - 3ms/step
Epoch 15/50
174/174 - 1s - loss: 0.0794 - accuracy: 0.9740 - val_loss: 0.0725 - val_accuracy: 0.9762 - lr: 0.0010 - 597ms/epoch - 3ms/step
Epoch 16/50
174/174 - 1s - loss: 0.0776 - accuracy: 0.9736 - val_loss: 0.0639 - val_accuracy: 0.9791 - lr: 0.0010 - 601ms/epoch - 3ms/step
Epoch 17/50

Epoch 17: ReduceLROnPlateau reducing learning rate to 0.0005000000237487257.
174/174 - 1s - loss: 0.0717 - accuracy: 0.9776 - val_loss: 0.1100 - val_accuracy: 0.9665 - lr: 0.0010 - 649ms/epoch - 4ms/step
Epoch 18/50
174/174 - 1s - loss: 0.0670 - accuracy: 0.9783 - val_loss: 0.0457 - val_accuracy: 0.9859 - lr: 5.0000e-04 - 604ms/epoch - 3ms/step
Epoch 19/50
174/174 - 1s - loss: 0.0571 - accuracy: 0.9826 - val_loss: 0.0485 - val_accuracy: 0.9852 - lr: 5.0000e-04 - 601ms/epoch - 3ms/step
Epoch 20/50
174/174 - 1s - loss: 0.0547 - accuracy: 0.9831 - val_loss: 0.0742 - val_accuracy: 0.9777 - lr: 5.0000e-04 - 599ms/epoch - 3ms/step
Epoch 21/50
174/174 - 1s - loss: 0.0506 - accuracy: 0.9858 - val_loss: 0.0537 - val_accuracy: 0.9845 - lr: 5.0000e-04 - 602ms/epoch - 3ms/step
Epoch 22/50
174/174 - 1s - loss: 0.0519 - accuracy: 0.9832 - val_loss: 0.0538 - val_accuracy: 0.9813 - lr: 5.0000e-04 - 600ms/epoch - 3ms/step
Epoch 23/50
174/174 - 1s - loss: 0.0508 - accuracy: 0.9831 - val_loss: 0.0389 - val_accuracy: 0.9867 - lr: 5.0000e-04 - 599ms/epoch - 3ms/step
Epoch 24/50
174/174 - 1s - loss: 0.0494 - accuracy: 0.9843 - val_loss: 0.0573 - val_accuracy: 0.9820 - lr: 5.0000e-04 - 600ms/epoch - 3ms/step
Epoch 25/50
174/174 - 1s - loss: 0.0481 - accuracy: 0.9849 - val_loss: 0.0347 - val_accuracy: 0.9895 - lr: 5.0000e-04 - 602ms/epoch - 3ms/step
Epoch 26/50
174/174 - 1s - loss: 0.0456 - accuracy: 0.9862 - val_loss: 0.0425 - val_accuracy: 0.9877 - lr: 5.0000e-04 - 601ms/epoch - 3ms/step
Epoch 27/50
174/174 - 1s - loss: 0.0484 - accuracy: 0.9851 - val_loss: 0.0478 - val_accuracy: 0.9870 - lr: 5.0000e-04 - 601ms/epoch - 3ms/step
Epoch 28/50
174/174 - 1s - loss: 0.0477 - accuracy: 0.9850 - val_loss: 0.0437 - val_accuracy: 0.9881 - lr: 5.0000e-04 - 596ms/epoch - 3ms/step
Epoch 29/50
174/174 - 1s - loss: 0.0497 - accuracy: 0.9850 - val_loss: 0.0377 - val_accuracy: 0.9892 - lr: 5.0000e-04 - 599ms/epoch - 3ms/step
Epoch 30/50

Epoch 30: ReduceLROnPlateau reducing learning rate to 0.0002500000118743628.
174/174 - 1s - loss: 0.0435 - accuracy: 0.9858 - val_loss: 0.0395 - val_accuracy: 0.9888 - lr: 5.0000e-04 - 598ms/epoch - 3ms/step
Epoch 31/50
174/174 - 1s - loss: 0.0411 - accuracy: 0.9860 - val_loss: 0.0315 - val_accuracy: 0.9917 - lr: 2.5000e-04 - 601ms/epoch - 3ms/step
Epoch 32/50
174/174 - 1s - loss: 0.0411 - accuracy: 0.9867 - val_loss: 0.0286 - val_accuracy: 0.9910 - lr: 2.5000e-04 - 599ms/epoch - 3ms/step
Epoch 33/50
174/174 - 1s - loss: 0.0371 - accuracy: 0.9886 - val_loss: 0.0293 - val_accuracy: 0.9917 - lr: 2.5000e-04 - 600ms/epoch - 3ms/step
Epoch 34/50
174/174 - 1s - loss: 0.0337 - accuracy: 0.9901 - val_loss: 0.0305 - val_accuracy: 0.9903 - lr: 2.5000e-04 - 599ms/epoch - 3ms/step
Epoch 35/50
174/174 - 1s - loss: 0.0381 - accuracy: 0.9882 - val_loss: 0.0321 - val_accuracy: 0.9903 - lr: 2.5000e-04 - 598ms/epoch - 3ms/step
Epoch 36/50
174/174 - 1s - loss: 0.0370 - accuracy: 0.9876 - val_loss: 0.0317 - val_accuracy: 0.9906 - lr: 2.5000e-04 - 597ms/epoch - 3ms/step
Epoch 37/50

Epoch 37: ReduceLROnPlateau reducing learning rate to 0.0001250000059371814.
174/174 - 1s - loss: 0.0351 - accuracy: 0.9893 - val_loss: 0.0326 - val_accuracy: 0.9899 - lr: 2.5000e-04 - 597ms/epoch - 3ms/step
Epoch 38/50
174/174 - 1s - loss: 0.0325 - accuracy: 0.9900 - val_loss: 0.0280 - val_accuracy: 0.9917 - lr: 1.2500e-04 - 603ms/epoch - 3ms/step
Epoch 39/50
174/174 - 1s - loss: 0.0329 - accuracy: 0.9896 - val_loss: 0.0279 - val_accuracy: 0.9910 - lr: 1.2500e-04 - 603ms/epoch - 3ms/step
Epoch 40/50
174/174 - 1s - loss: 0.0322 - accuracy: 0.9896 - val_loss: 0.0274 - val_accuracy: 0.9928 - lr: 1.2500e-04 - 601ms/epoch - 3ms/step
Epoch 41/50
174/174 - 1s - loss: 0.0294 - accuracy: 0.9913 - val_loss: 0.0259 - val_accuracy: 0.9921 - lr: 1.2500e-04 - 602ms/epoch - 3ms/step
Epoch 42/50
174/174 - 1s - loss: 0.0327 - accuracy: 0.9899 - val_loss: 0.0269 - val_accuracy: 0.9917 - lr: 1.2500e-04 - 605ms/epoch - 3ms/step
Epoch 43/50
174/174 - 1s - loss: 0.0296 - accuracy: 0.9903 - val_loss: 0.0286 - val_accuracy: 0.9921 - lr: 1.2500e-04 - 600ms/epoch - 3ms/step
Epoch 44/50
174/174 - 1s - loss: 0.0288 - accuracy: 0.9915 - val_loss: 0.0266 - val_accuracy: 0.9928 - lr: 1.2500e-04 - 600ms/epoch - 3ms/step
Epoch 45/50
174/174 - 1s - loss: 0.0303 - accuracy: 0.9908 - val_loss: 0.0277 - val_accuracy: 0.9928 - lr: 1.2500e-04 - 600ms/epoch - 3ms/step
Epoch 46/50

Epoch 46: ReduceLROnPlateau reducing learning rate to 6.25000029685907e-05.
174/174 - 1s - loss: 0.0316 - accuracy: 0.9904 - val_loss: 0.0264 - val_accuracy: 0.9914 - lr: 1.2500e-04 - 601ms/epoch - 3ms/step
Epoch 47/50
174/174 - 1s - loss: 0.0286 - accuracy: 0.9910 - val_loss: 0.0248 - val_accuracy: 0.9921 - lr: 6.2500e-05 - 603ms/epoch - 3ms/step
Epoch 48/50
174/174 - 1s - loss: 0.0289 - accuracy: 0.9915 - val_loss: 0.0246 - val_accuracy: 0.9928 - lr: 6.2500e-05 - 599ms/epoch - 3ms/step
Epoch 49/50
174/174 - 1s - loss: 0.0296 - accuracy: 0.9905 - val_loss: 0.0246 - val_accuracy: 0.9921 - lr: 6.2500e-05 - 601ms/epoch - 3ms/step
Epoch 50/50
174/174 - 1s - loss: 0.0295 - accuracy: 0.9909 - val_loss: 0.0240 - val_accuracy: 0.9917 - lr: 6.2500e-05 - 600ms/epoch - 3ms/step
2026-05-01 18:59:37.644427: W tensorflow/compiler/mlir/lite/python/tf_tfl_flatbuffer_helpers.cc:378] Ignored output_format.
2026-05-01 18:59:37.644454: W tensorflow/compiler/mlir/lite/python/tf_tfl_flatbuffer_helpers.cc:381] Ignored drop_control_dependency.
2026-05-01 18:59:37.644754: I tensorflow/cc/saved_model/reader.cc:83] Reading SavedModel from: /tmp/b00090279/tmpsbt7r9vy
2026-05-01 18:59:37.646592: I tensorflow/cc/saved_model/reader.cc:51] Reading meta graph with tags { serve }
2026-05-01 18:59:37.646606: I tensorflow/cc/saved_model/reader.cc:146] Reading SavedModel debug info (if present) from: /tmp/b00090279/tmpsbt7r9vy
2026-05-01 18:59:37.649317: I tensorflow/compiler/mlir/mlir_graph_optimization_pass.cc:382] MLIR V1 optimization pass is not enabled
2026-05-01 18:59:37.659019: I tensorflow/cc/saved_model/loader.cc:233] Restoring SavedModel bundle.
2026-05-01 18:59:37.684408: I tensorflow/cc/saved_model/loader.cc:217] Running initialization op on SavedModel bundle at path: /tmp/b00090279/tmpsbt7r9vy
2026-05-01 18:59:37.694612: I tensorflow/cc/saved_model/loader.cc:316] SavedModel load for tags { serve }; Status: success: OK. Took 49858 microseconds.
2026-05-01 18:59:37.757331: I tensorflow/compiler/mlir/lite/flatbuffer_export.cc:2245] Estimated count of arithmetic ops: 1.590 M  ops, equivalently 0.795 M  MACs
/shared/b00090279/tinymlproj/lib/python3.10/site-packages/tensorflow/lite/python/convert.py:947: UserWarning: Statistics for quantized inputs were expected, but not specified; continuing anyway.
  warnings.warn(
2026-05-01 18:59:40.176861: W tensorflow/compiler/mlir/lite/python/tf_tfl_flatbuffer_helpers.cc:378] Ignored output_format.
2026-05-01 18:59:40.176881: W tensorflow/compiler/mlir/lite/python/tf_tfl_flatbuffer_helpers.cc:381] Ignored drop_control_dependency.
2026-05-01 18:59:40.177098: I tensorflow/cc/saved_model/reader.cc:83] Reading SavedModel from: /tmp/b00090279/tmp0gc9rlpb
2026-05-01 18:59:40.178554: I tensorflow/cc/saved_model/reader.cc:51] Reading meta graph with tags { serve }
2026-05-01 18:59:40.178568: I tensorflow/cc/saved_model/reader.cc:146] Reading SavedModel debug info (if present) from: /tmp/b00090279/tmp0gc9rlpb
2026-05-01 18:59:40.182515: I tensorflow/cc/saved_model/loader.cc:233] Restoring SavedModel bundle.
2026-05-01 18:59:40.208408: I tensorflow/cc/saved_model/loader.cc:217] Running initialization op on SavedModel bundle at path: /tmp/b00090279/tmp0gc9rlpb
2026-05-01 18:59:40.218826: I tensorflow/cc/saved_model/loader.cc:316] SavedModel load for tags { serve }; Status: success: OK. Took 41729 microseconds.
2026-05-01 18:59:40.274358: I tensorflow/compiler/mlir/lite/flatbuffer_export.cc:2245] Estimated count of arithmetic ops: 1.590 M  ops, equivalently 0.795 M  MACs
fully_quantize: 0, inference_type: 6, input_inference_type: INT8, output_inference_type: INT8
2026-05-01 18:59:40.331152: I tensorflow/compiler/mlir/lite/flatbuffer_export.cc:2245] Estimated count of arithmetic ops: 1.590 M  ops, equivalently 0.795 M  MACs
Epoch 1/10
174/174 - 3s - loss: 0.0419 - accuracy: 0.9894 - val_loss: 0.0275 - val_accuracy: 0.9914 - 3s/epoch - 18ms/step
Epoch 2/10
174/174 - 1s - loss: 0.0306 - accuracy: 0.9907 - val_loss: 0.0259 - val_accuracy: 0.9914 - 1s/epoch - 7ms/step
Epoch 3/10
174/174 - 1s - loss: 0.0295 - accuracy: 0.9905 - val_loss: 0.0269 - val_accuracy: 0.9906 - 1s/epoch - 7ms/step
Epoch 4/10
174/174 - 1s - loss: 0.0269 - accuracy: 0.9927 - val_loss: 0.0256 - val_accuracy: 0.9932 - 1s/epoch - 7ms/step
Epoch 5/10
174/174 - 1s - loss: 0.0267 - accuracy: 0.9911 - val_loss: 0.0258 - val_accuracy: 0.9914 - 1s/epoch - 7ms/step
Epoch 6/10
174/174 - 1s - loss: 0.0279 - accuracy: 0.9912 - val_loss: 0.0271 - val_accuracy: 0.9910 - 1s/epoch - 7ms/step
Epoch 7/10
174/174 - 1s - loss: 0.0271 - accuracy: 0.9914 - val_loss: 0.0284 - val_accuracy: 0.9910 - 1s/epoch - 7ms/step
Epoch 8/10
174/174 - 1s - loss: 0.0268 - accuracy: 0.9921 - val_loss: 0.0269 - val_accuracy: 0.9921 - 1s/epoch - 7ms/step
Epoch 9/10
174/174 - 1s - loss: 0.0274 - accuracy: 0.9923 - val_loss: 0.0251 - val_accuracy: 0.9932 - 1s/epoch - 7ms/step
Epoch 10/10
174/174 - 1s - loss: 0.0251 - accuracy: 0.9918 - val_loss: 0.0263 - val_accuracy: 0.9917 - 1s/epoch - 7ms/step
/shared/b00090279/tinymlproj/lib/python3.10/site-packages/tensorflow/lite/python/convert.py:947: UserWarning: Statistics for quantized inputs were expected, but not specified; continuing anyway.
  warnings.warn(
2026-05-01 19:00:00.313864: W tensorflow/compiler/mlir/lite/python/tf_tfl_flatbuffer_helpers.cc:378] Ignored output_format.
2026-05-01 19:00:00.313888: W tensorflow/compiler/mlir/lite/python/tf_tfl_flatbuffer_helpers.cc:381] Ignored drop_control_dependency.
2026-05-01 19:00:00.314095: I tensorflow/cc/saved_model/reader.cc:83] Reading SavedModel from: /tmp/b00090279/tmpbttqcvhv
2026-05-01 19:00:00.318803: I tensorflow/cc/saved_model/reader.cc:51] Reading meta graph with tags { serve }
2026-05-01 19:00:00.318820: I tensorflow/cc/saved_model/reader.cc:146] Reading SavedModel debug info (if present) from: /tmp/b00090279/tmpbttqcvhv
2026-05-01 19:00:00.328715: I tensorflow/cc/saved_model/loader.cc:233] Restoring SavedModel bundle.
2026-05-01 19:00:00.412202: I tensorflow/cc/saved_model/loader.cc:217] Running initialization op on SavedModel bundle at path: /tmp/b00090279/tmpbttqcvhv
2026-05-01 19:00:00.439790: I tensorflow/cc/saved_model/loader.cc:316] SavedModel load for tags { serve }; Status: success: OK. Took 125694 microseconds.
fully_quantize: 0, inference_type: 6, input_inference_type: INT8, output_inference_type: INT8
2026-05-01 19:00:00.591578: I tensorflow/compiler/mlir/lite/flatbuffer_export.cc:2245] Estimated count of arithmetic ops: 1.590 M  ops, equivalently 0.795 M  MACs
rows: 1
master_csv: /shared/b00090279/TinyML-Course/har-mcu/reports/m3/arch_seq/daghero_cnn_2layer_conv2d/e06/results_master.csv
master_md: /shared/b00090279/TinyML-Course/har-mcu/reports/m3/arch_seq/daghero_cnn_2layer_conv2d/e06/results_master.md
m3_master_csv: /shared/b00090279/TinyML-Course/har-mcu/reports/m3/arch_seq/daghero_cnn_2layer_conv2d/e06/m3_experiment_master.csv
m3_master_md: /shared/b00090279/TinyML-Course/har-mcu/reports/m3/arch_seq/daghero_cnn_2layer_conv2d/e06/m3_experiment_master.md
========== M3 sequential daghero_cnn_2layer_conv2d: configs/m3/E07_skip_inference_norm_diag.yaml ==========
status: valid
experiment_id: E07_skip_inference_norm_diag
model_variant: daghero_cnn_2layer_conv2d
data_source: wisdm_arduino
train_domain: wisdm
eval_domain: arduino
transfer_mode: zero_shot
split_protocols: random_stratified
window_size_samples: 100
window_duration_seconds: 5.0
sample_rate_hz: 20.0
target_sample_rate_hz: 20.0
unit_mode: raw_no_conversion
normalization_mode: train_zscore
diagnostic_only: True
enabled: True
tooling_only: False
2026-05-01 19:00:04.999114: E tensorflow/compiler/xla/stream_executor/cuda/cuda_dnn.cc:9342] Unable to register cuDNN factory: Attempting to register factory for plugin cuDNN when one has already been registered
2026-05-01 19:00:04.999159: E tensorflow/compiler/xla/stream_executor/cuda/cuda_fft.cc:609] Unable to register cuFFT factory: Attempting to register factory for plugin cuFFT when one has already been registered
2026-05-01 19:00:04.999197: E tensorflow/compiler/xla/stream_executor/cuda/cuda_blas.cc:1518] Unable to register cuBLAS factory: Attempting to register factory for plugin cuBLAS when one has already been registered
2026-05-01 19:00:05.007650: I tensorflow/core/platform/cpu_feature_guard.cc:182] This TensorFlow binary is optimized to use available CPU instructions in performance-critical operations.
To enable the following instructions: AVX2 FMA, in other operations, rebuild TensorFlow with the appropriate compiler flags.
2026-05-01 19:00:24.510720: I tensorflow/compiler/xla/stream_executor/cuda/cuda_gpu_executor.cc:894] successful NUMA node read from SysFS had negative value (-1), but there must be at least one NUMA node, so returning NUMA node zero. See more at https://github.com/torvalds/linux/blob/v6.0/Documentation/ABI/testing/sysfs-bus-pci#L344-L355
2026-05-01 19:00:24.597873: I tensorflow/compiler/xla/stream_executor/cuda/cuda_gpu_executor.cc:894] successful NUMA node read from SysFS had negative value (-1), but there must be at least one NUMA node, so returning NUMA node zero. See more at https://github.com/torvalds/linux/blob/v6.0/Documentation/ABI/testing/sysfs-bus-pci#L344-L355
2026-05-01 19:00:24.601060: I tensorflow/compiler/xla/stream_executor/cuda/cuda_gpu_executor.cc:894] successful NUMA node read from SysFS had negative value (-1), but there must be at least one NUMA node, so returning NUMA node zero. See more at https://github.com/torvalds/linux/blob/v6.0/Documentation/ABI/testing/sysfs-bus-pci#L344-L355
2026-05-01 19:00:27.783671: I tensorflow/compiler/xla/stream_executor/cuda/cuda_gpu_executor.cc:894] successful NUMA node read from SysFS had negative value (-1), but there must be at least one NUMA node, so returning NUMA node zero. See more at https://github.com/torvalds/linux/blob/v6.0/Documentation/ABI/testing/sysfs-bus-pci#L344-L355
2026-05-01 19:00:27.787129: I tensorflow/compiler/xla/stream_executor/cuda/cuda_gpu_executor.cc:894] successful NUMA node read from SysFS had negative value (-1), but there must be at least one NUMA node, so returning NUMA node zero. See more at https://github.com/torvalds/linux/blob/v6.0/Documentation/ABI/testing/sysfs-bus-pci#L344-L355
2026-05-01 19:00:27.790315: I tensorflow/compiler/xla/stream_executor/cuda/cuda_gpu_executor.cc:894] successful NUMA node read from SysFS had negative value (-1), but there must be at least one NUMA node, so returning NUMA node zero. See more at https://github.com/torvalds/linux/blob/v6.0/Documentation/ABI/testing/sysfs-bus-pci#L344-L355
2026-05-01 19:00:27.905410: I tensorflow/compiler/xla/stream_executor/cuda/cuda_gpu_executor.cc:894] successful NUMA node read from SysFS had negative value (-1), but there must be at least one NUMA node, so returning NUMA node zero. See more at https://github.com/torvalds/linux/blob/v6.0/Documentation/ABI/testing/sysfs-bus-pci#L344-L355
2026-05-01 19:00:27.907301: I tensorflow/compiler/xla/stream_executor/cuda/cuda_gpu_executor.cc:894] successful NUMA node read from SysFS had negative value (-1), but there must be at least one NUMA node, so returning NUMA node zero. See more at https://github.com/torvalds/linux/blob/v6.0/Documentation/ABI/testing/sysfs-bus-pci#L344-L355
2026-05-01 19:00:27.908994: I tensorflow/compiler/xla/stream_executor/cuda/cuda_gpu_executor.cc:894] successful NUMA node read from SysFS had negative value (-1), but there must be at least one NUMA node, so returning NUMA node zero. See more at https://github.com/torvalds/linux/blob/v6.0/Documentation/ABI/testing/sysfs-bus-pci#L344-L355
2026-05-01 19:00:27.910846: I tensorflow/core/common_runtime/gpu/gpu_device.cc:1886] Created device /job:localhost/replica:0/task:0/device:GPU:0 with 20665 MB memory:  -> device: 0, name: NVIDIA A10G, pci bus id: 0000:00:1e.0, compute capability: 8.6
Epoch 1/50
2026-05-01 19:00:29.322882: I tensorflow/compiler/xla/stream_executor/cuda/cuda_dnn.cc:442] Loaded cuDNN version 8700
2026-05-01 19:00:30.423100: I tensorflow/compiler/xla/service/service.cc:168] XLA service 0x5fce9d1534c0 initialized for platform CUDA (this does not guarantee that XLA will be used). Devices:
2026-05-01 19:00:30.423124: I tensorflow/compiler/xla/service/service.cc:176]   StreamExecutor device (0): NVIDIA A10G, Compute Capability 8.6
2026-05-01 19:00:30.429074: I tensorflow/compiler/mlir/tensorflow/utils/dump_mlir_util.cc:269] disabling MLIR crash reproducer, set env var `MLIR_CRASH_REPRODUCER_DIRECTORY` to enable.
2026-05-01 19:00:30.511449: I ./tensorflow/compiler/jit/device_compiler.h:186] Compiled cluster using XLA!  This line is logged at most once for the lifetime of the process.
174/174 - 4s - loss: 0.5884 - accuracy: 0.7949 - val_loss: 0.4648 - val_accuracy: 0.8591 - lr: 0.0010 - 4s/epoch - 21ms/step
Epoch 2/50
174/174 - 1s - loss: 0.3378 - accuracy: 0.8804 - val_loss: 0.2677 - val_accuracy: 0.9059 - lr: 0.0010 - 607ms/epoch - 3ms/step
Epoch 3/50
174/174 - 1s - loss: 0.2530 - accuracy: 0.9127 - val_loss: 0.2315 - val_accuracy: 0.9276 - lr: 0.0010 - 601ms/epoch - 3ms/step
Epoch 4/50
174/174 - 1s - loss: 0.2048 - accuracy: 0.9319 - val_loss: 0.1635 - val_accuracy: 0.9427 - lr: 0.0010 - 603ms/epoch - 3ms/step
Epoch 5/50
174/174 - 1s - loss: 0.1672 - accuracy: 0.9450 - val_loss: 0.1824 - val_accuracy: 0.9330 - lr: 0.0010 - 596ms/epoch - 3ms/step
Epoch 6/50
174/174 - 1s - loss: 0.1536 - accuracy: 0.9486 - val_loss: 0.1133 - val_accuracy: 0.9632 - lr: 0.0010 - 597ms/epoch - 3ms/step
Epoch 7/50
174/174 - 1s - loss: 0.1384 - accuracy: 0.9535 - val_loss: 0.1002 - val_accuracy: 0.9686 - lr: 0.0010 - 603ms/epoch - 3ms/step
Epoch 8/50
174/174 - 1s - loss: 0.1217 - accuracy: 0.9589 - val_loss: 0.0971 - val_accuracy: 0.9643 - lr: 0.0010 - 591ms/epoch - 3ms/step
Epoch 9/50
174/174 - 1s - loss: 0.1201 - accuracy: 0.9584 - val_loss: 0.0774 - val_accuracy: 0.9748 - lr: 0.0010 - 595ms/epoch - 3ms/step
Epoch 10/50
174/174 - 1s - loss: 0.1020 - accuracy: 0.9674 - val_loss: 0.0769 - val_accuracy: 0.9741 - lr: 0.0010 - 595ms/epoch - 3ms/step
Epoch 11/50
174/174 - 1s - loss: 0.1001 - accuracy: 0.9674 - val_loss: 0.0753 - val_accuracy: 0.9744 - lr: 0.0010 - 595ms/epoch - 3ms/step
Epoch 12/50
174/174 - 1s - loss: 0.0931 - accuracy: 0.9680 - val_loss: 0.0629 - val_accuracy: 0.9795 - lr: 0.0010 - 600ms/epoch - 3ms/step
Epoch 13/50
174/174 - 1s - loss: 0.0895 - accuracy: 0.9710 - val_loss: 0.0747 - val_accuracy: 0.9762 - lr: 0.0010 - 593ms/epoch - 3ms/step
Epoch 14/50
174/174 - 1s - loss: 0.0823 - accuracy: 0.9732 - val_loss: 0.0655 - val_accuracy: 0.9784 - lr: 0.0010 - 593ms/epoch - 3ms/step
Epoch 15/50
174/174 - 1s - loss: 0.0786 - accuracy: 0.9740 - val_loss: 0.0772 - val_accuracy: 0.9766 - lr: 0.0010 - 595ms/epoch - 3ms/step
Epoch 16/50
174/174 - 1s - loss: 0.0764 - accuracy: 0.9753 - val_loss: 0.0614 - val_accuracy: 0.9784 - lr: 0.0010 - 595ms/epoch - 3ms/step
Epoch 17/50
174/174 - 1s - loss: 0.0711 - accuracy: 0.9761 - val_loss: 0.0886 - val_accuracy: 0.9748 - lr: 0.0010 - 593ms/epoch - 3ms/step
Epoch 18/50
174/174 - 1s - loss: 0.0773 - accuracy: 0.9739 - val_loss: 0.0578 - val_accuracy: 0.9802 - lr: 0.0010 - 596ms/epoch - 3ms/step
Epoch 19/50
174/174 - 1s - loss: 0.0686 - accuracy: 0.9769 - val_loss: 0.0638 - val_accuracy: 0.9795 - lr: 0.0010 - 592ms/epoch - 3ms/step
Epoch 20/50
174/174 - 1s - loss: 0.0635 - accuracy: 0.9786 - val_loss: 0.0576 - val_accuracy: 0.9827 - lr: 0.0010 - 597ms/epoch - 3ms/step
Epoch 21/50
174/174 - 1s - loss: 0.0598 - accuracy: 0.9808 - val_loss: 0.0596 - val_accuracy: 0.9863 - lr: 0.0010 - 591ms/epoch - 3ms/step
Epoch 22/50
174/174 - 1s - loss: 0.0594 - accuracy: 0.9814 - val_loss: 0.0805 - val_accuracy: 0.9719 - lr: 0.0010 - 593ms/epoch - 3ms/step
Epoch 23/50
174/174 - 1s - loss: 0.0597 - accuracy: 0.9796 - val_loss: 0.0504 - val_accuracy: 0.9841 - lr: 0.0010 - 594ms/epoch - 3ms/step
Epoch 24/50
174/174 - 1s - loss: 0.0554 - accuracy: 0.9825 - val_loss: 0.0411 - val_accuracy: 0.9859 - lr: 0.0010 - 599ms/epoch - 3ms/step
Epoch 25/50
174/174 - 1s - loss: 0.0540 - accuracy: 0.9829 - val_loss: 0.0429 - val_accuracy: 0.9859 - lr: 0.0010 - 592ms/epoch - 3ms/step
Epoch 26/50
174/174 - 1s - loss: 0.0513 - accuracy: 0.9824 - val_loss: 0.0524 - val_accuracy: 0.9867 - lr: 0.0010 - 595ms/epoch - 3ms/step
Epoch 27/50
174/174 - 1s - loss: 0.0523 - accuracy: 0.9845 - val_loss: 0.0537 - val_accuracy: 0.9849 - lr: 0.0010 - 594ms/epoch - 3ms/step
Epoch 28/50
174/174 - 1s - loss: 0.0523 - accuracy: 0.9838 - val_loss: 0.0453 - val_accuracy: 0.9881 - lr: 0.0010 - 592ms/epoch - 3ms/step
Epoch 29/50

Epoch 29: ReduceLROnPlateau reducing learning rate to 0.0005000000237487257.
174/174 - 1s - loss: 0.0528 - accuracy: 0.9823 - val_loss: 0.0424 - val_accuracy: 0.9888 - lr: 0.0010 - 595ms/epoch - 3ms/step
Epoch 30/50
174/174 - 1s - loss: 0.0406 - accuracy: 0.9879 - val_loss: 0.0302 - val_accuracy: 0.9906 - lr: 5.0000e-04 - 599ms/epoch - 3ms/step
Epoch 31/50
174/174 - 1s - loss: 0.0368 - accuracy: 0.9891 - val_loss: 0.0345 - val_accuracy: 0.9906 - lr: 5.0000e-04 - 592ms/epoch - 3ms/step
Epoch 32/50
174/174 - 1s - loss: 0.0398 - accuracy: 0.9874 - val_loss: 0.0285 - val_accuracy: 0.9914 - lr: 5.0000e-04 - 598ms/epoch - 3ms/step
Epoch 33/50
174/174 - 1s - loss: 0.0358 - accuracy: 0.9883 - val_loss: 0.0285 - val_accuracy: 0.9924 - lr: 5.0000e-04 - 596ms/epoch - 3ms/step
Epoch 34/50
174/174 - 1s - loss: 0.0328 - accuracy: 0.9897 - val_loss: 0.0277 - val_accuracy: 0.9917 - lr: 5.0000e-04 - 596ms/epoch - 3ms/step
Epoch 35/50
174/174 - 1s - loss: 0.0361 - accuracy: 0.9876 - val_loss: 0.0329 - val_accuracy: 0.9903 - lr: 5.0000e-04 - 593ms/epoch - 3ms/step
Epoch 36/50
174/174 - 1s - loss: 0.0353 - accuracy: 0.9879 - val_loss: 0.0268 - val_accuracy: 0.9903 - lr: 5.0000e-04 - 596ms/epoch - 3ms/step
Epoch 37/50
174/174 - 1s - loss: 0.0345 - accuracy: 0.9894 - val_loss: 0.0359 - val_accuracy: 0.9895 - lr: 5.0000e-04 - 594ms/epoch - 3ms/step
Epoch 38/50
174/174 - 1s - loss: 0.0329 - accuracy: 0.9894 - val_loss: 0.0347 - val_accuracy: 0.9892 - lr: 5.0000e-04 - 595ms/epoch - 3ms/step
Epoch 39/50
174/174 - 1s - loss: 0.0335 - accuracy: 0.9895 - val_loss: 0.0311 - val_accuracy: 0.9910 - lr: 5.0000e-04 - 596ms/epoch - 3ms/step
Epoch 40/50
174/174 - 1s - loss: 0.0304 - accuracy: 0.9900 - val_loss: 0.0288 - val_accuracy: 0.9903 - lr: 5.0000e-04 - 594ms/epoch - 3ms/step
Epoch 41/50
174/174 - 1s - loss: 0.0307 - accuracy: 0.9900 - val_loss: 0.0256 - val_accuracy: 0.9924 - lr: 5.0000e-04 - 596ms/epoch - 3ms/step
Epoch 42/50
174/174 - 1s - loss: 0.0304 - accuracy: 0.9905 - val_loss: 0.0291 - val_accuracy: 0.9917 - lr: 5.0000e-04 - 593ms/epoch - 3ms/step
Epoch 43/50
174/174 - 1s - loss: 0.0293 - accuracy: 0.9906 - val_loss: 0.0278 - val_accuracy: 0.9914 - lr: 5.0000e-04 - 592ms/epoch - 3ms/step
Epoch 44/50
174/174 - 1s - loss: 0.0287 - accuracy: 0.9913 - val_loss: 0.0306 - val_accuracy: 0.9932 - lr: 5.0000e-04 - 595ms/epoch - 3ms/step
Epoch 45/50
174/174 - 1s - loss: 0.0280 - accuracy: 0.9922 - val_loss: 0.0315 - val_accuracy: 0.9906 - lr: 5.0000e-04 - 595ms/epoch - 3ms/step
Epoch 46/50

Epoch 46: ReduceLROnPlateau reducing learning rate to 0.0002500000118743628.
174/174 - 1s - loss: 0.0306 - accuracy: 0.9909 - val_loss: 0.0279 - val_accuracy: 0.9906 - lr: 5.0000e-04 - 590ms/epoch - 3ms/step
Epoch 47/50
174/174 - 1s - loss: 0.0260 - accuracy: 0.9915 - val_loss: 0.0224 - val_accuracy: 0.9932 - lr: 2.5000e-04 - 596ms/epoch - 3ms/step
Epoch 48/50
174/174 - 1s - loss: 0.0231 - accuracy: 0.9938 - val_loss: 0.0205 - val_accuracy: 0.9953 - lr: 2.5000e-04 - 597ms/epoch - 3ms/step
Epoch 49/50
174/174 - 1s - loss: 0.0245 - accuracy: 0.9920 - val_loss: 0.0214 - val_accuracy: 0.9935 - lr: 2.5000e-04 - 594ms/epoch - 3ms/step
Epoch 50/50
174/174 - 1s - loss: 0.0231 - accuracy: 0.9934 - val_loss: 0.0207 - val_accuracy: 0.9939 - lr: 2.5000e-04 - 595ms/epoch - 3ms/step
2026-05-01 19:01:02.812281: W tensorflow/compiler/mlir/lite/python/tf_tfl_flatbuffer_helpers.cc:378] Ignored output_format.
2026-05-01 19:01:02.812310: W tensorflow/compiler/mlir/lite/python/tf_tfl_flatbuffer_helpers.cc:381] Ignored drop_control_dependency.
2026-05-01 19:01:02.812604: I tensorflow/cc/saved_model/reader.cc:83] Reading SavedModel from: /tmp/b00090279/tmpfxoctca0
2026-05-01 19:01:02.814066: I tensorflow/cc/saved_model/reader.cc:51] Reading meta graph with tags { serve }
2026-05-01 19:01:02.814079: I tensorflow/cc/saved_model/reader.cc:146] Reading SavedModel debug info (if present) from: /tmp/b00090279/tmpfxoctca0
2026-05-01 19:01:02.816447: I tensorflow/compiler/mlir/mlir_graph_optimization_pass.cc:382] MLIR V1 optimization pass is not enabled
2026-05-01 19:01:02.817392: I tensorflow/cc/saved_model/loader.cc:233] Restoring SavedModel bundle.
2026-05-01 19:01:02.842395: I tensorflow/cc/saved_model/loader.cc:217] Running initialization op on SavedModel bundle at path: /tmp/b00090279/tmpfxoctca0
2026-05-01 19:01:02.852469: I tensorflow/cc/saved_model/loader.cc:316] SavedModel load for tags { serve }; Status: success: OK. Took 39866 microseconds.
2026-05-01 19:01:02.914988: I tensorflow/compiler/mlir/lite/flatbuffer_export.cc:2245] Estimated count of arithmetic ops: 1.590 M  ops, equivalently 0.795 M  MACs
/shared/b00090279/tinymlproj/lib/python3.10/site-packages/tensorflow/lite/python/convert.py:947: UserWarning: Statistics for quantized inputs were expected, but not specified; continuing anyway.
  warnings.warn(
2026-05-01 19:01:05.299838: W tensorflow/compiler/mlir/lite/python/tf_tfl_flatbuffer_helpers.cc:378] Ignored output_format.
2026-05-01 19:01:05.299858: W tensorflow/compiler/mlir/lite/python/tf_tfl_flatbuffer_helpers.cc:381] Ignored drop_control_dependency.
2026-05-01 19:01:05.300085: I tensorflow/cc/saved_model/reader.cc:83] Reading SavedModel from: /tmp/b00090279/tmpn2fkdp7d
2026-05-01 19:01:05.302205: I tensorflow/cc/saved_model/reader.cc:51] Reading meta graph with tags { serve }
2026-05-01 19:01:05.302220: I tensorflow/cc/saved_model/reader.cc:146] Reading SavedModel debug info (if present) from: /tmp/b00090279/tmpn2fkdp7d
2026-05-01 19:01:05.306642: I tensorflow/cc/saved_model/loader.cc:233] Restoring SavedModel bundle.
2026-05-01 19:01:05.332485: I tensorflow/cc/saved_model/loader.cc:217] Running initialization op on SavedModel bundle at path: /tmp/b00090279/tmpn2fkdp7d
2026-05-01 19:01:05.342605: I tensorflow/cc/saved_model/loader.cc:316] SavedModel load for tags { serve }; Status: success: OK. Took 42521 microseconds.
2026-05-01 19:01:05.398161: I tensorflow/compiler/mlir/lite/flatbuffer_export.cc:2245] Estimated count of arithmetic ops: 1.590 M  ops, equivalently 0.795 M  MACs
fully_quantize: 0, inference_type: 6, input_inference_type: INT8, output_inference_type: INT8
2026-05-01 19:01:05.454751: I tensorflow/compiler/mlir/lite/flatbuffer_export.cc:2245] Estimated count of arithmetic ops: 1.590 M  ops, equivalently 0.795 M  MACs
Epoch 1/10
174/174 - 3s - loss: 0.0367 - accuracy: 0.9915 - val_loss: 0.0220 - val_accuracy: 0.9935 - 3s/epoch - 17ms/step
Epoch 2/10
174/174 - 1s - loss: 0.0229 - accuracy: 0.9933 - val_loss: 0.0215 - val_accuracy: 0.9942 - 1s/epoch - 7ms/step
Epoch 3/10
174/174 - 1s - loss: 0.0216 - accuracy: 0.9932 - val_loss: 0.0226 - val_accuracy: 0.9932 - 1s/epoch - 7ms/step
Epoch 4/10
174/174 - 1s - loss: 0.0202 - accuracy: 0.9936 - val_loss: 0.0211 - val_accuracy: 0.9950 - 1s/epoch - 7ms/step
Epoch 5/10
174/174 - 1s - loss: 0.0183 - accuracy: 0.9944 - val_loss: 0.0209 - val_accuracy: 0.9939 - 1s/epoch - 7ms/step
Epoch 6/10
174/174 - 1s - loss: 0.0216 - accuracy: 0.9932 - val_loss: 0.0237 - val_accuracy: 0.9924 - 1s/epoch - 7ms/step
Epoch 7/10
174/174 - 1s - loss: 0.0204 - accuracy: 0.9933 - val_loss: 0.0228 - val_accuracy: 0.9935 - 1s/epoch - 7ms/step
Epoch 8/10
174/174 - 1s - loss: 0.0191 - accuracy: 0.9947 - val_loss: 0.0215 - val_accuracy: 0.9950 - 1s/epoch - 7ms/step
Epoch 9/10
174/174 - 1s - loss: 0.0211 - accuracy: 0.9939 - val_loss: 0.0202 - val_accuracy: 0.9950 - 1s/epoch - 7ms/step
Epoch 10/10
174/174 - 1s - loss: 0.0187 - accuracy: 0.9943 - val_loss: 0.0214 - val_accuracy: 0.9939 - 1s/epoch - 7ms/step
/shared/b00090279/tinymlproj/lib/python3.10/site-packages/tensorflow/lite/python/convert.py:947: UserWarning: Statistics for quantized inputs were expected, but not specified; continuing anyway.
  warnings.warn(
2026-05-01 19:01:25.133002: W tensorflow/compiler/mlir/lite/python/tf_tfl_flatbuffer_helpers.cc:378] Ignored output_format.
2026-05-01 19:01:25.133024: W tensorflow/compiler/mlir/lite/python/tf_tfl_flatbuffer_helpers.cc:381] Ignored drop_control_dependency.
2026-05-01 19:01:25.133213: I tensorflow/cc/saved_model/reader.cc:83] Reading SavedModel from: /tmp/b00090279/tmp1ably5u_
2026-05-01 19:01:25.138093: I tensorflow/cc/saved_model/reader.cc:51] Reading meta graph with tags { serve }
2026-05-01 19:01:25.138109: I tensorflow/cc/saved_model/reader.cc:146] Reading SavedModel debug info (if present) from: /tmp/b00090279/tmp1ably5u_
2026-05-01 19:01:25.148119: I tensorflow/cc/saved_model/loader.cc:233] Restoring SavedModel bundle.
2026-05-01 19:01:25.231826: I tensorflow/cc/saved_model/loader.cc:217] Running initialization op on SavedModel bundle at path: /tmp/b00090279/tmp1ably5u_
2026-05-01 19:01:25.259362: I tensorflow/cc/saved_model/loader.cc:316] SavedModel load for tags { serve }; Status: success: OK. Took 126149 microseconds.
fully_quantize: 0, inference_type: 6, input_inference_type: INT8, output_inference_type: INT8
2026-05-01 19:01:25.409580: I tensorflow/compiler/mlir/lite/flatbuffer_export.cc:2245] Estimated count of arithmetic ops: 1.590 M  ops, equivalently 0.795 M  MACs
rows: 1
master_csv: /shared/b00090279/TinyML-Course/har-mcu/reports/m3/arch_seq/daghero_cnn_2layer_conv2d/e07/results_master.csv
master_md: /shared/b00090279/TinyML-Course/har-mcu/reports/m3/arch_seq/daghero_cnn_2layer_conv2d/e07/results_master.md
m3_master_csv: /shared/b00090279/TinyML-Course/har-mcu/reports/m3/arch_seq/daghero_cnn_2layer_conv2d/e07/m3_experiment_master.csv
m3_master_md: /shared/b00090279/TinyML-Course/har-mcu/reports/m3/arch_seq/daghero_cnn_2layer_conv2d/e07/m3_experiment_master.md
========== M3 sequential daghero_cnn_2layer_conv2d: configs/m3/E08_T50_window.yaml ==========
status: valid
experiment_id: E08_T50_window
model_variant: daghero_cnn_2layer_conv2d
data_source: wisdm_arduino
train_domain: wisdm
eval_domain: arduino
transfer_mode: zero_shot
split_protocols: random_stratified
window_size_samples: 50
window_duration_seconds: 2.5
sample_rate_hz: 20.0
target_sample_rate_hz: 20.0
unit_mode: raw_no_conversion
normalization_mode: train_zscore
diagnostic_only: False
enabled: True
tooling_only: False
2026-05-01 19:01:29.207718: E tensorflow/compiler/xla/stream_executor/cuda/cuda_dnn.cc:9342] Unable to register cuDNN factory: Attempting to register factory for plugin cuDNN when one has already been registered
2026-05-01 19:01:29.207760: E tensorflow/compiler/xla/stream_executor/cuda/cuda_fft.cc:609] Unable to register cuFFT factory: Attempting to register factory for plugin cuFFT when one has already been registered
2026-05-01 19:01:29.207799: E tensorflow/compiler/xla/stream_executor/cuda/cuda_blas.cc:1518] Unable to register cuBLAS factory: Attempting to register factory for plugin cuBLAS when one has already been registered
2026-05-01 19:01:29.216198: I tensorflow/core/platform/cpu_feature_guard.cc:182] This TensorFlow binary is optimized to use available CPU instructions in performance-critical operations.
To enable the following instructions: AVX2 FMA, in other operations, rebuild TensorFlow with the appropriate compiler flags.
