========== M3 sequential tcn_inception_conv2d: configs/m3/E00_wisdm_m2_anchor.yaml ==========
status: valid
experiment_id: E00_wisdm_m2_anchor
model_variant: tcn_inception_conv2d
data_source: wisdm
train_domain: wisdm
eval_domain: wisdm
transfer_mode: source_only
split_protocols: random_stratified
window_size_samples: 100
window_duration_seconds: 5.0
sample_rate_hz: 20.0
target_sample_rate_hz: 20.0
unit_mode: raw_no_conversion
normalization_mode: train_zscore
diagnostic_only: False
enabled: True
tooling_only: False
2026-05-01 18:52:03.938557: E tensorflow/compiler/xla/stream_executor/cuda/cuda_dnn.cc:9342] Unable to register cuDNN factory: Attempting to register factory for plugin cuDNN when one has already been registered
2026-05-01 18:52:03.938606: E tensorflow/compiler/xla/stream_executor/cuda/cuda_fft.cc:609] Unable to register cuFFT factory: Attempting to register factory for plugin cuFFT when one has already been registered
2026-05-01 18:52:03.938645: E tensorflow/compiler/xla/stream_executor/cuda/cuda_blas.cc:1518] Unable to register cuBLAS factory: Attempting to register factory for plugin cuBLAS when one has already been registered
2026-05-01 18:52:04.002240: I tensorflow/core/platform/cpu_feature_guard.cc:182] This TensorFlow binary is optimized to use available CPU instructions in performance-critical operations.
To enable the following instructions: AVX2 FMA, in other operations, rebuild TensorFlow with the appropriate compiler flags.
2026-05-01 18:53:03.628947: I tensorflow/compiler/xla/stream_executor/cuda/cuda_gpu_executor.cc:894] successful NUMA node read from SysFS had negative value (-1), but there must be at least one NUMA node, so returning NUMA node zero. See more at https://github.com/torvalds/linux/blob/v6.0/Documentation/ABI/testing/sysfs-bus-pci#L344-L355
2026-05-01 18:53:26.671502: I tensorflow/compiler/xla/stream_executor/cuda/cuda_gpu_executor.cc:894] successful NUMA node read from SysFS had negative value (-1), but there must be at least one NUMA node, so returning NUMA node zero. See more at https://github.com/torvalds/linux/blob/v6.0/Documentation/ABI/testing/sysfs-bus-pci#L344-L355
2026-05-01 18:53:26.676532: I tensorflow/compiler/xla/stream_executor/cuda/cuda_gpu_executor.cc:894] successful NUMA node read from SysFS had negative value (-1), but there must be at least one NUMA node, so returning NUMA node zero. See more at https://github.com/torvalds/linux/blob/v6.0/Documentation/ABI/testing/sysfs-bus-pci#L344-L355
2026-05-01 18:53:26.701318: I tensorflow/compiler/xla/stream_executor/cuda/cuda_gpu_executor.cc:894] successful NUMA node read from SysFS had negative value (-1), but there must be at least one NUMA node, so returning NUMA node zero. See more at https://github.com/torvalds/linux/blob/v6.0/Documentation/ABI/testing/sysfs-bus-pci#L344-L355
2026-05-01 18:53:26.705477: I tensorflow/compiler/xla/stream_executor/cuda/cuda_gpu_executor.cc:894] successful NUMA node read from SysFS had negative value (-1), but there must be at least one NUMA node, so returning NUMA node zero. See more at https://github.com/torvalds/linux/blob/v6.0/Documentation/ABI/testing/sysfs-bus-pci#L344-L355
2026-05-01 18:53:26.708557: I tensorflow/compiler/xla/stream_executor/cuda/cuda_gpu_executor.cc:894] successful NUMA node read from SysFS had negative value (-1), but there must be at least one NUMA node, so returning NUMA node zero. See more at https://github.com/torvalds/linux/blob/v6.0/Documentation/ABI/testing/sysfs-bus-pci#L344-L355
2026-05-01 18:53:27.385969: I tensorflow/compiler/xla/stream_executor/cuda/cuda_gpu_executor.cc:894] successful NUMA node read from SysFS had negative value (-1), but there must be at least one NUMA node, so returning NUMA node zero. See more at https://github.com/torvalds/linux/blob/v6.0/Documentation/ABI/testing/sysfs-bus-pci#L344-L355
2026-05-01 18:53:27.387876: I tensorflow/compiler/xla/stream_executor/cuda/cuda_gpu_executor.cc:894] successful NUMA node read from SysFS had negative value (-1), but there must be at least one NUMA node, so returning NUMA node zero. See more at https://github.com/torvalds/linux/blob/v6.0/Documentation/ABI/testing/sysfs-bus-pci#L344-L355
2026-05-01 18:53:27.389779: I tensorflow/compiler/xla/stream_executor/cuda/cuda_gpu_executor.cc:894] successful NUMA node read from SysFS had negative value (-1), but there must be at least one NUMA node, so returning NUMA node zero. See more at https://github.com/torvalds/linux/blob/v6.0/Documentation/ABI/testing/sysfs-bus-pci#L344-L355
2026-05-01 18:53:27.391647: I tensorflow/core/common_runtime/gpu/gpu_device.cc:1886] Created device /job:localhost/replica:0/task:0/device:GPU:0 with 20707 MB memory:  -> device: 0, name: NVIDIA A10G, pci bus id: 0000:00:1e.0, compute capability: 8.6
Epoch 1/50
2026-05-01 18:53:34.860429: I tensorflow/compiler/xla/stream_executor/cuda/cuda_dnn.cc:442] Loaded cuDNN version 8700
2026-05-01 18:53:38.473246: I tensorflow/compiler/xla/service/service.cc:168] XLA service 0x7ce999ab9be0 initialized for platform CUDA (this does not guarantee that XLA will be used). Devices:
2026-05-01 18:53:38.473276: I tensorflow/compiler/xla/service/service.cc:176]   StreamExecutor device (0): NVIDIA A10G, Compute Capability 8.6
2026-05-01 18:53:38.477902: I tensorflow/compiler/mlir/tensorflow/utils/dump_mlir_util.cc:269] disabling MLIR crash reproducer, set env var `MLIR_CRASH_REPRODUCER_DIRECTORY` to enable.
2026-05-01 18:53:38.596676: I ./tensorflow/compiler/jit/device_compiler.h:186] Compiled cluster using XLA!  This line is logged at most once for the lifetime of the process.
174/174 - 16s - loss: 0.5309 - accuracy: 0.8292 - val_loss: 0.3366 - val_accuracy: 0.8836 - lr: 0.0010 - 16s/epoch - 91ms/step
Epoch 2/50
174/174 - 3s - loss: 0.1878 - accuracy: 0.9408 - val_loss: 0.1045 - val_accuracy: 0.9654 - lr: 0.0010 - 3s/epoch - 15ms/step
Epoch 3/50
174/174 - 3s - loss: 0.1070 - accuracy: 0.9650 - val_loss: 0.1000 - val_accuracy: 0.9665 - lr: 0.0010 - 3s/epoch - 15ms/step
Epoch 4/50
174/174 - 3s - loss: 0.0827 - accuracy: 0.9741 - val_loss: 0.0643 - val_accuracy: 0.9823 - lr: 0.0010 - 3s/epoch - 15ms/step
Epoch 5/50
174/174 - 3s - loss: 0.0510 - accuracy: 0.9846 - val_loss: 0.0528 - val_accuracy: 0.9863 - lr: 0.0010 - 3s/epoch - 15ms/step
Epoch 6/50
174/174 - 3s - loss: 0.0497 - accuracy: 0.9859 - val_loss: 0.0648 - val_accuracy: 0.9773 - lr: 0.0010 - 3s/epoch - 15ms/step
Epoch 7/50
174/174 - 3s - loss: 0.0347 - accuracy: 0.9900 - val_loss: 0.0477 - val_accuracy: 0.9852 - lr: 0.0010 - 3s/epoch - 15ms/step
Epoch 8/50
174/174 - 3s - loss: 0.0359 - accuracy: 0.9890 - val_loss: 0.0580 - val_accuracy: 0.9859 - lr: 0.0010 - 3s/epoch - 15ms/step
Epoch 9/50
174/174 - 3s - loss: 0.0291 - accuracy: 0.9923 - val_loss: 0.0506 - val_accuracy: 0.9841 - lr: 0.0010 - 3s/epoch - 15ms/step
Epoch 10/50
174/174 - 3s - loss: 0.0264 - accuracy: 0.9922 - val_loss: 0.0432 - val_accuracy: 0.9870 - lr: 0.0010 - 3s/epoch - 15ms/step
Epoch 11/50
174/174 - 3s - loss: 0.0354 - accuracy: 0.9901 - val_loss: 0.1731 - val_accuracy: 0.9629 - lr: 0.0010 - 3s/epoch - 15ms/step
Epoch 12/50
174/174 - 3s - loss: 0.0231 - accuracy: 0.9945 - val_loss: 0.0321 - val_accuracy: 0.9917 - lr: 0.0010 - 3s/epoch - 15ms/step
Epoch 13/50
174/174 - 3s - loss: 0.0165 - accuracy: 0.9957 - val_loss: 0.0314 - val_accuracy: 0.9924 - lr: 0.0010 - 3s/epoch - 15ms/step
Epoch 14/50
174/174 - 3s - loss: 0.0284 - accuracy: 0.9916 - val_loss: 0.0334 - val_accuracy: 0.9899 - lr: 0.0010 - 3s/epoch - 15ms/step
Epoch 15/50
174/174 - 3s - loss: 0.0173 - accuracy: 0.9949 - val_loss: 0.0324 - val_accuracy: 0.9910 - lr: 0.0010 - 3s/epoch - 15ms/step
Epoch 16/50
174/174 - 3s - loss: 0.0264 - accuracy: 0.9936 - val_loss: 0.1495 - val_accuracy: 0.9715 - lr: 0.0010 - 3s/epoch - 15ms/step
Epoch 17/50
174/174 - 3s - loss: 0.0120 - accuracy: 0.9976 - val_loss: 0.0297 - val_accuracy: 0.9924 - lr: 0.0010 - 3s/epoch - 15ms/step
Epoch 18/50
174/174 - 3s - loss: 0.0100 - accuracy: 0.9977 - val_loss: 0.0834 - val_accuracy: 0.9798 - lr: 0.0010 - 3s/epoch - 15ms/step
Epoch 19/50
174/174 - 3s - loss: 0.0227 - accuracy: 0.9930 - val_loss: 0.0620 - val_accuracy: 0.9841 - lr: 0.0010 - 3s/epoch - 15ms/step
Epoch 20/50
174/174 - 3s - loss: 0.0120 - accuracy: 0.9971 - val_loss: 0.0248 - val_accuracy: 0.9953 - lr: 0.0010 - 3s/epoch - 15ms/step
Epoch 21/50
174/174 - 3s - loss: 0.0150 - accuracy: 0.9960 - val_loss: 0.0222 - val_accuracy: 0.9939 - lr: 0.0010 - 3s/epoch - 15ms/step
Epoch 22/50
174/174 - 3s - loss: 0.0149 - accuracy: 0.9964 - val_loss: 0.0927 - val_accuracy: 0.9762 - lr: 0.0010 - 3s/epoch - 15ms/step
Epoch 23/50
174/174 - 3s - loss: 0.0176 - accuracy: 0.9942 - val_loss: 0.0282 - val_accuracy: 0.9924 - lr: 0.0010 - 3s/epoch - 15ms/step
Epoch 24/50
174/174 - 3s - loss: 0.0155 - accuracy: 0.9959 - val_loss: 0.0310 - val_accuracy: 0.9906 - lr: 0.0010 - 3s/epoch - 15ms/step
Epoch 25/50
174/174 - 3s - loss: 0.0063 - accuracy: 0.9984 - val_loss: 0.0217 - val_accuracy: 0.9939 - lr: 0.0010 - 3s/epoch - 15ms/step
Epoch 26/50
174/174 - 3s - loss: 0.0081 - accuracy: 0.9978 - val_loss: 0.0452 - val_accuracy: 0.9892 - lr: 0.0010 - 3s/epoch - 15ms/step
Epoch 27/50
174/174 - 3s - loss: 0.0182 - accuracy: 0.9950 - val_loss: 0.0246 - val_accuracy: 0.9939 - lr: 0.0010 - 3s/epoch - 15ms/step
Epoch 28/50
174/174 - 3s - loss: 0.0085 - accuracy: 0.9974 - val_loss: 0.0198 - val_accuracy: 0.9957 - lr: 0.0010 - 3s/epoch - 15ms/step
Epoch 29/50
174/174 - 3s - loss: 0.0090 - accuracy: 0.9977 - val_loss: 0.0277 - val_accuracy: 0.9935 - lr: 0.0010 - 3s/epoch - 15ms/step
Epoch 30/50
174/174 - 3s - loss: 0.0066 - accuracy: 0.9978 - val_loss: 0.0208 - val_accuracy: 0.9957 - lr: 0.0010 - 3s/epoch - 15ms/step
Epoch 31/50
174/174 - 3s - loss: 0.0049 - accuracy: 0.9986 - val_loss: 0.0391 - val_accuracy: 0.9921 - lr: 0.0010 - 3s/epoch - 15ms/step
Epoch 32/50
174/174 - 3s - loss: 0.0190 - accuracy: 0.9953 - val_loss: 0.0828 - val_accuracy: 0.9773 - lr: 0.0010 - 3s/epoch - 15ms/step
Epoch 33/50

Epoch 33: ReduceLROnPlateau reducing learning rate to 0.0005000000237487257.
174/174 - 3s - loss: 0.0175 - accuracy: 0.9945 - val_loss: 0.0635 - val_accuracy: 0.9820 - lr: 0.0010 - 3s/epoch - 15ms/step
Epoch 34/50
174/174 - 3s - loss: 0.0050 - accuracy: 0.9989 - val_loss: 0.0176 - val_accuracy: 0.9953 - lr: 5.0000e-04 - 3s/epoch - 15ms/step
Epoch 35/50
174/174 - 3s - loss: 0.0028 - accuracy: 0.9995 - val_loss: 0.0172 - val_accuracy: 0.9964 - lr: 5.0000e-04 - 3s/epoch - 15ms/step
Epoch 36/50
174/174 - 3s - loss: 0.0021 - accuracy: 0.9997 - val_loss: 0.0163 - val_accuracy: 0.9964 - lr: 5.0000e-04 - 3s/epoch - 15ms/step
Epoch 37/50
174/174 - 3s - loss: 0.0015 - accuracy: 0.9997 - val_loss: 0.0187 - val_accuracy: 0.9957 - lr: 5.0000e-04 - 3s/epoch - 15ms/step
Epoch 38/50
174/174 - 3s - loss: 0.0029 - accuracy: 0.9995 - val_loss: 0.0216 - val_accuracy: 0.9953 - lr: 5.0000e-04 - 3s/epoch - 15ms/step
Epoch 39/50
174/174 - 3s - loss: 0.0018 - accuracy: 0.9995 - val_loss: 0.0177 - val_accuracy: 0.9957 - lr: 5.0000e-04 - 3s/epoch - 15ms/step
Epoch 40/50
174/174 - 3s - loss: 0.0013 - accuracy: 0.9999 - val_loss: 0.0163 - val_accuracy: 0.9964 - lr: 5.0000e-04 - 3s/epoch - 15ms/step
Epoch 41/50

Epoch 41: ReduceLROnPlateau reducing learning rate to 0.0002500000118743628.
174/174 - 3s - loss: 0.0013 - accuracy: 0.9997 - val_loss: 0.0172 - val_accuracy: 0.9960 - lr: 5.0000e-04 - 3s/epoch - 15ms/step
Epoch 42/50
174/174 - 3s - loss: 0.0011 - accuracy: 0.9999 - val_loss: 0.0169 - val_accuracy: 0.9968 - lr: 2.5000e-04 - 3s/epoch - 15ms/step
Epoch 43/50
174/174 - 3s - loss: 7.5338e-04 - accuracy: 0.9998 - val_loss: 0.0177 - val_accuracy: 0.9968 - lr: 2.5000e-04 - 3s/epoch - 15ms/step
Epoch 44/50
174/174 - 3s - loss: 9.1958e-04 - accuracy: 0.9999 - val_loss: 0.0183 - val_accuracy: 0.9971 - lr: 2.5000e-04 - 3s/epoch - 15ms/step
Epoch 45/50
174/174 - 3s - loss: 8.7166e-04 - accuracy: 0.9997 - val_loss: 0.0185 - val_accuracy: 0.9957 - lr: 2.5000e-04 - 3s/epoch - 15ms/step
Epoch 46/50

Epoch 46: ReduceLROnPlateau reducing learning rate to 0.0001250000059371814.
174/174 - 3s - loss: 0.0022 - accuracy: 0.9996 - val_loss: 0.0190 - val_accuracy: 0.9964 - lr: 2.5000e-04 - 3s/epoch - 15ms/step
Epoch 47/50
174/174 - 3s - loss: 0.0016 - accuracy: 0.9996 - val_loss: 0.0192 - val_accuracy: 0.9960 - lr: 1.2500e-04 - 3s/epoch - 15ms/step
Epoch 48/50
174/174 - 3s - loss: 9.1746e-04 - accuracy: 0.9998 - val_loss: 0.0196 - val_accuracy: 0.9964 - lr: 1.2500e-04 - 3s/epoch - 15ms/step
Epoch 49/50
174/174 - 3s - loss: 6.5296e-04 - accuracy: 0.9999 - val_loss: 0.0184 - val_accuracy: 0.9964 - lr: 1.2500e-04 - 3s/epoch - 15ms/step
Epoch 50/50
Restoring model weights from the end of the best epoch: 40.
174/174 - 3s - loss: 0.0010 - accuracy: 0.9997 - val_loss: 0.0199 - val_accuracy: 0.9960 - lr: 1.2500e-04 - 3s/epoch - 15ms/step
Epoch 50: early stopping
2026-05-01 18:55:59.452944: W tensorflow/compiler/mlir/lite/python/tf_tfl_flatbuffer_helpers.cc:378] Ignored output_format.
2026-05-01 18:55:59.452977: W tensorflow/compiler/mlir/lite/python/tf_tfl_flatbuffer_helpers.cc:381] Ignored drop_control_dependency.
2026-05-01 18:55:59.453322: I tensorflow/cc/saved_model/reader.cc:83] Reading SavedModel from: /tmp/b00090279/tmp6r0ross4
2026-05-01 18:55:59.466320: I tensorflow/cc/saved_model/reader.cc:51] Reading meta graph with tags { serve }
2026-05-01 18:55:59.466344: I tensorflow/cc/saved_model/reader.cc:146] Reading SavedModel debug info (if present) from: /tmp/b00090279/tmp6r0ross4
2026-05-01 18:55:59.487170: I tensorflow/compiler/mlir/mlir_graph_optimization_pass.cc:382] MLIR V1 optimization pass is not enabled
2026-05-01 18:55:59.493048: I tensorflow/cc/saved_model/loader.cc:233] Restoring SavedModel bundle.
2026-05-01 18:55:59.634624: I tensorflow/cc/saved_model/loader.cc:217] Running initialization op on SavedModel bundle at path: /tmp/b00090279/tmp6r0ross4
2026-05-01 18:55:59.689271: I tensorflow/cc/saved_model/loader.cc:316] SavedModel load for tags { serve }; Status: success: OK. Took 235949 microseconds.
2026-05-01 18:55:59.916750: I tensorflow/compiler/mlir/lite/flatbuffer_export.cc:2245] Estimated count of arithmetic ops: 66.569 M  ops, equivalently 33.285 M  MACs
/shared/b00090279/tinymlproj/lib/python3.10/site-packages/tensorflow/lite/python/convert.py:947: UserWarning: Statistics for quantized inputs were expected, but not specified; continuing anyway.
  warnings.warn(
2026-05-01 18:56:20.666153: W tensorflow/compiler/mlir/lite/python/tf_tfl_flatbuffer_helpers.cc:378] Ignored output_format.
2026-05-01 18:56:20.666177: W tensorflow/compiler/mlir/lite/python/tf_tfl_flatbuffer_helpers.cc:381] Ignored drop_control_dependency.
2026-05-01 18:56:20.666393: I tensorflow/cc/saved_model/reader.cc:83] Reading SavedModel from: /tmp/b00090279/tmpjsd10013
2026-05-01 18:56:20.679259: I tensorflow/cc/saved_model/reader.cc:51] Reading meta graph with tags { serve }
2026-05-01 18:56:20.679279: I tensorflow/cc/saved_model/reader.cc:146] Reading SavedModel debug info (if present) from: /tmp/b00090279/tmpjsd10013
2026-05-01 18:56:20.705434: I tensorflow/cc/saved_model/loader.cc:233] Restoring SavedModel bundle.
2026-05-01 18:56:20.846125: I tensorflow/cc/saved_model/loader.cc:217] Running initialization op on SavedModel bundle at path: /tmp/b00090279/tmpjsd10013
2026-05-01 18:56:20.901342: I tensorflow/cc/saved_model/loader.cc:316] SavedModel load for tags { serve }; Status: success: OK. Took 234949 microseconds.
2026-05-01 18:56:21.133916: I tensorflow/compiler/mlir/lite/flatbuffer_export.cc:2245] Estimated count of arithmetic ops: 66.569 M  ops, equivalently 33.285 M  MACs
fully_quantize: 0, inference_type: 6, input_inference_type: INT8, output_inference_type: INT8
2026-05-01 18:56:22.221426: I tensorflow/compiler/mlir/lite/flatbuffer_export.cc:2245] Estimated count of arithmetic ops: 66.569 M  ops, equivalently 33.285 M  MACs
Epoch 1/10
174/174 - 15s - loss: 0.0178 - accuracy: 0.9977 - val_loss: 0.0151 - val_accuracy: 0.9968 - 15s/epoch - 86ms/step
Epoch 2/10
174/174 - 7s - loss: 0.0015 - accuracy: 0.9998 - val_loss: 0.0171 - val_accuracy: 0.9968 - 7s/epoch - 38ms/step
Epoch 3/10
174/174 - 7s - loss: 0.0011 - accuracy: 0.9998 - val_loss: 0.0166 - val_accuracy: 0.9968 - 7s/epoch - 38ms/step
Epoch 4/10
174/174 - 7s - loss: 0.0012 - accuracy: 0.9997 - val_loss: 0.0171 - val_accuracy: 0.9968 - 7s/epoch - 38ms/step
Epoch 5/10
174/174 - 7s - loss: 0.0011 - accuracy: 0.9999 - val_loss: 0.0179 - val_accuracy: 0.9968 - 7s/epoch - 38ms/step
Epoch 6/10
174/174 - 7s - loss: 8.6589e-04 - accuracy: 0.9999 - val_loss: 0.0171 - val_accuracy: 0.9968 - 7s/epoch - 38ms/step
Epoch 7/10
174/174 - 7s - loss: 8.5542e-04 - accuracy: 0.9999 - val_loss: 0.0161 - val_accuracy: 0.9971 - 7s/epoch - 38ms/step
Epoch 8/10
174/174 - 7s - loss: 8.8188e-04 - accuracy: 0.9999 - val_loss: 0.0161 - val_accuracy: 0.9968 - 7s/epoch - 38ms/step
Epoch 9/10
174/174 - 7s - loss: 0.0010 - accuracy: 0.9997 - val_loss: 0.0160 - val_accuracy: 0.9964 - 7s/epoch - 38ms/step
Epoch 10/10
174/174 - 7s - loss: 8.8139e-04 - accuracy: 0.9998 - val_loss: 0.0156 - val_accuracy: 0.9964 - 7s/epoch - 38ms/step
/shared/b00090279/tinymlproj/lib/python3.10/site-packages/tensorflow/lite/python/convert.py:947: UserWarning: Statistics for quantized inputs were expected, but not specified; continuing anyway.
  warnings.warn(
2026-05-01 18:58:16.261288: W tensorflow/compiler/mlir/lite/python/tf_tfl_flatbuffer_helpers.cc:378] Ignored output_format.
2026-05-01 18:58:16.261330: W tensorflow/compiler/mlir/lite/python/tf_tfl_flatbuffer_helpers.cc:381] Ignored drop_control_dependency.
2026-05-01 18:58:16.261560: I tensorflow/cc/saved_model/reader.cc:83] Reading SavedModel from: /tmp/b00090279/tmpjpb3dt_n
2026-05-01 18:58:16.296416: I tensorflow/cc/saved_model/reader.cc:51] Reading meta graph with tags { serve }
2026-05-01 18:58:16.296460: I tensorflow/cc/saved_model/reader.cc:146] Reading SavedModel debug info (if present) from: /tmp/b00090279/tmpjpb3dt_n
2026-05-01 18:58:16.383534: I tensorflow/cc/saved_model/loader.cc:233] Restoring SavedModel bundle.
2026-05-01 18:58:16.892581: I tensorflow/cc/saved_model/loader.cc:217] Running initialization op on SavedModel bundle at path: /tmp/b00090279/tmpjpb3dt_n
2026-05-01 18:58:17.067928: I tensorflow/cc/saved_model/loader.cc:316] SavedModel load for tags { serve }; Status: success: OK. Took 806368 microseconds.
2026-05-01 18:58:17.675017: I tensorflow/compiler/mlir/lite/flatbuffer_export.cc:2245] Estimated count of arithmetic ops: 66.595 M  ops, equivalently 33.298 M  MACs
fully_quantize: 0, inference_type: 6, input_inference_type: INT8, output_inference_type: INT8
2026-05-01 18:58:18.623969: I tensorflow/compiler/mlir/lite/flatbuffer_export.cc:2245] Estimated count of arithmetic ops: 66.595 M  ops, equivalently 33.298 M  MACs
/shared/b00090279/TinyML-Course/har-mcu/src/eval/paper_comparison.py:193: UserWarning: No artists with labels found to put in legend.  Note that artists whose label start with an underscore are ignored when legend() is called with no argument.
  ax.legend(fontsize=8)
rows: 1
master_csv: /shared/b00090279/TinyML-Course/har-mcu/reports/m3/arch_seq/tcn_inception_conv2d/e00/results_master.csv
master_md: /shared/b00090279/TinyML-Course/har-mcu/reports/m3/arch_seq/tcn_inception_conv2d/e00/results_master.md
m3_master_csv: /shared/b00090279/TinyML-Course/har-mcu/reports/m3/arch_seq/tcn_inception_conv2d/e00/m3_experiment_master.csv
m3_master_md: /shared/b00090279/TinyML-Course/har-mcu/reports/m3/arch_seq/tcn_inception_conv2d/e00/m3_experiment_master.md
========== M3 sequential tcn_inception_conv2d: configs/m3/E03_arduino_downsample_20hz_T100.yaml ==========
status: valid
experiment_id: E03_arduino_downsample_20hz_T100
model_variant: tcn_inception_conv2d
data_source: wisdm_arduino
train_domain: wisdm
eval_domain: arduino
transfer_mode: zero_shot
split_protocols: random_stratified
window_size_samples: 100
window_duration_seconds: 5.0
sample_rate_hz: 20.0
target_sample_rate_hz: 20.0
unit_mode: raw_no_conversion
normalization_mode: train_zscore
diagnostic_only: False
enabled: True
tooling_only: False
2026-05-01 18:58:48.403109: E tensorflow/compiler/xla/stream_executor/cuda/cuda_dnn.cc:9342] Unable to register cuDNN factory: Attempting to register factory for plugin cuDNN when one has already been registered
2026-05-01 18:58:48.403158: E tensorflow/compiler/xla/stream_executor/cuda/cuda_fft.cc:609] Unable to register cuFFT factory: Attempting to register factory for plugin cuFFT when one has already been registered
2026-05-01 18:58:48.403200: E tensorflow/compiler/xla/stream_executor/cuda/cuda_blas.cc:1518] Unable to register cuBLAS factory: Attempting to register factory for plugin cuBLAS when one has already been registered
2026-05-01 18:58:48.411523: I tensorflow/core/platform/cpu_feature_guard.cc:182] This TensorFlow binary is optimized to use available CPU instructions in performance-critical operations.
To enable the following instructions: AVX2 FMA, in other operations, rebuild TensorFlow with the appropriate compiler flags.
2026-05-01 18:58:59.077342: I tensorflow/compiler/xla/stream_executor/cuda/cuda_gpu_executor.cc:894] successful NUMA node read from SysFS had negative value (-1), but there must be at least one NUMA node, so returning NUMA node zero. See more at https://github.com/torvalds/linux/blob/v6.0/Documentation/ABI/testing/sysfs-bus-pci#L344-L355
2026-05-01 18:58:59.160020: I tensorflow/compiler/xla/stream_executor/cuda/cuda_gpu_executor.cc:894] successful NUMA node read from SysFS had negative value (-1), but there must be at least one NUMA node, so returning NUMA node zero. See more at https://github.com/torvalds/linux/blob/v6.0/Documentation/ABI/testing/sysfs-bus-pci#L344-L355
2026-05-01 18:58:59.163370: I tensorflow/compiler/xla/stream_executor/cuda/cuda_gpu_executor.cc:894] successful NUMA node read from SysFS had negative value (-1), but there must be at least one NUMA node, so returning NUMA node zero. See more at https://github.com/torvalds/linux/blob/v6.0/Documentation/ABI/testing/sysfs-bus-pci#L344-L355
2026-05-01 18:59:02.387578: I tensorflow/compiler/xla/stream_executor/cuda/cuda_gpu_executor.cc:894] successful NUMA node read from SysFS had negative value (-1), but there must be at least one NUMA node, so returning NUMA node zero. See more at https://github.com/torvalds/linux/blob/v6.0/Documentation/ABI/testing/sysfs-bus-pci#L344-L355
2026-05-01 18:59:02.392864: I tensorflow/compiler/xla/stream_executor/cuda/cuda_gpu_executor.cc:894] successful NUMA node read from SysFS had negative value (-1), but there must be at least one NUMA node, so returning NUMA node zero. See more at https://github.com/torvalds/linux/blob/v6.0/Documentation/ABI/testing/sysfs-bus-pci#L344-L355
2026-05-01 18:59:02.395794: I tensorflow/compiler/xla/stream_executor/cuda/cuda_gpu_executor.cc:894] successful NUMA node read from SysFS had negative value (-1), but there must be at least one NUMA node, so returning NUMA node zero. See more at https://github.com/torvalds/linux/blob/v6.0/Documentation/ABI/testing/sysfs-bus-pci#L344-L355
2026-05-01 18:59:02.521716: I tensorflow/compiler/xla/stream_executor/cuda/cuda_gpu_executor.cc:894] successful NUMA node read from SysFS had negative value (-1), but there must be at least one NUMA node, so returning NUMA node zero. See more at https://github.com/torvalds/linux/blob/v6.0/Documentation/ABI/testing/sysfs-bus-pci#L344-L355
2026-05-01 18:59:02.523629: I tensorflow/compiler/xla/stream_executor/cuda/cuda_gpu_executor.cc:894] successful NUMA node read from SysFS had negative value (-1), but there must be at least one NUMA node, so returning NUMA node zero. See more at https://github.com/torvalds/linux/blob/v6.0/Documentation/ABI/testing/sysfs-bus-pci#L344-L355
2026-05-01 18:59:02.525505: I tensorflow/compiler/xla/stream_executor/cuda/cuda_gpu_executor.cc:894] successful NUMA node read from SysFS had negative value (-1), but there must be at least one NUMA node, so returning NUMA node zero. See more at https://github.com/torvalds/linux/blob/v6.0/Documentation/ABI/testing/sysfs-bus-pci#L344-L355
2026-05-01 18:59:02.527293: I tensorflow/core/common_runtime/gpu/gpu_device.cc:1886] Created device /job:localhost/replica:0/task:0/device:GPU:0 with 20665 MB memory:  -> device: 0, name: NVIDIA A10G, pci bus id: 0000:00:1e.0, compute capability: 8.6
Epoch 1/50
2026-05-01 18:59:07.061446: I tensorflow/compiler/xla/stream_executor/cuda/cuda_dnn.cc:442] Loaded cuDNN version 8700
2026-05-01 18:59:08.428782: I tensorflow/compiler/xla/service/service.cc:168] XLA service 0x71f00c018360 initialized for platform CUDA (this does not guarantee that XLA will be used). Devices:
2026-05-01 18:59:08.428842: I tensorflow/compiler/xla/service/service.cc:176]   StreamExecutor device (0): NVIDIA A10G, Compute Capability 8.6
2026-05-01 18:59:08.433412: I tensorflow/compiler/mlir/tensorflow/utils/dump_mlir_util.cc:269] disabling MLIR crash reproducer, set env var `MLIR_CRASH_REPRODUCER_DIRECTORY` to enable.
2026-05-01 18:59:08.512806: I ./tensorflow/compiler/jit/device_compiler.h:186] Compiled cluster using XLA!  This line is logged at most once for the lifetime of the process.
174/174 - 13s - loss: 0.5298 - accuracy: 0.8305 - val_loss: 0.4233 - val_accuracy: 0.8551 - lr: 0.0010 - 13s/epoch - 74ms/step
Epoch 2/50
174/174 - 3s - loss: 0.1910 - accuracy: 0.9390 - val_loss: 0.1204 - val_accuracy: 0.9600 - lr: 0.0010 - 3s/epoch - 15ms/step
Epoch 3/50
174/174 - 3s - loss: 0.1065 - accuracy: 0.9654 - val_loss: 0.0741 - val_accuracy: 0.9784 - lr: 0.0010 - 3s/epoch - 15ms/step
Epoch 4/50
174/174 - 2s - loss: 0.0718 - accuracy: 0.9786 - val_loss: 0.0945 - val_accuracy: 0.9733 - lr: 0.0010 - 2s/epoch - 14ms/step
Epoch 5/50
174/174 - 2s - loss: 0.0512 - accuracy: 0.9839 - val_loss: 0.0916 - val_accuracy: 0.9741 - lr: 0.0010 - 2s/epoch - 14ms/step
Epoch 6/50
174/174 - 3s - loss: 0.0506 - accuracy: 0.9838 - val_loss: 0.0539 - val_accuracy: 0.9841 - lr: 0.0010 - 3s/epoch - 14ms/step
Epoch 7/50
174/174 - 3s - loss: 0.0319 - accuracy: 0.9899 - val_loss: 0.1253 - val_accuracy: 0.9618 - lr: 0.0010 - 3s/epoch - 14ms/step
Epoch 8/50
174/174 - 2s - loss: 0.0352 - accuracy: 0.9887 - val_loss: 0.0581 - val_accuracy: 0.9802 - lr: 0.0010 - 2s/epoch - 14ms/step
Epoch 9/50
174/174 - 3s - loss: 0.0300 - accuracy: 0.9915 - val_loss: 0.0462 - val_accuracy: 0.9852 - lr: 0.0010 - 3s/epoch - 14ms/step
Epoch 10/50
174/174 - 3s - loss: 0.0281 - accuracy: 0.9917 - val_loss: 0.0613 - val_accuracy: 0.9838 - lr: 0.0010 - 3s/epoch - 14ms/step
Epoch 11/50
174/174 - 2s - loss: 0.0231 - accuracy: 0.9932 - val_loss: 0.0526 - val_accuracy: 0.9885 - lr: 0.0010 - 2s/epoch - 14ms/step
Epoch 12/50
174/174 - 3s - loss: 0.0231 - accuracy: 0.9932 - val_loss: 0.0409 - val_accuracy: 0.9856 - lr: 0.0010 - 3s/epoch - 14ms/step
Epoch 13/50
174/174 - 3s - loss: 0.0210 - accuracy: 0.9940 - val_loss: 0.0364 - val_accuracy: 0.9910 - lr: 0.0010 - 3s/epoch - 14ms/step
Epoch 14/50
174/174 - 2s - loss: 0.0241 - accuracy: 0.9935 - val_loss: 0.0754 - val_accuracy: 0.9791 - lr: 0.0010 - 2s/epoch - 14ms/step
Epoch 15/50
174/174 - 3s - loss: 0.0173 - accuracy: 0.9949 - val_loss: 0.0355 - val_accuracy: 0.9917 - lr: 0.0010 - 3s/epoch - 14ms/step
Epoch 16/50
174/174 - 2s - loss: 0.0240 - accuracy: 0.9937 - val_loss: 0.1182 - val_accuracy: 0.9762 - lr: 0.0010 - 2s/epoch - 14ms/step
Epoch 17/50
174/174 - 3s - loss: 0.0089 - accuracy: 0.9977 - val_loss: 0.0243 - val_accuracy: 0.9946 - lr: 0.0010 - 3s/epoch - 14ms/step
Epoch 18/50
174/174 - 3s - loss: 0.0101 - accuracy: 0.9974 - val_loss: 0.0837 - val_accuracy: 0.9845 - lr: 0.0010 - 3s/epoch - 14ms/step
Epoch 19/50
174/174 - 2s - loss: 0.0217 - accuracy: 0.9931 - val_loss: 0.2685 - val_accuracy: 0.9571 - lr: 0.0010 - 2s/epoch - 14ms/step
Epoch 20/50
174/174 - 2s - loss: 0.0203 - accuracy: 0.9950 - val_loss: 0.1746 - val_accuracy: 0.9589 - lr: 0.0010 - 2s/epoch - 14ms/step
Epoch 21/50
174/174 - 2s - loss: 0.0156 - accuracy: 0.9957 - val_loss: 0.0295 - val_accuracy: 0.9917 - lr: 0.0010 - 2s/epoch - 14ms/step
Epoch 22/50

Epoch 22: ReduceLROnPlateau reducing learning rate to 0.0005000000237487257.
174/174 - 2s - loss: 0.0150 - accuracy: 0.9960 - val_loss: 0.0368 - val_accuracy: 0.9910 - lr: 0.0010 - 2s/epoch - 14ms/step
Epoch 23/50
174/174 - 3s - loss: 0.0072 - accuracy: 0.9985 - val_loss: 0.0176 - val_accuracy: 0.9957 - lr: 5.0000e-04 - 3s/epoch - 15ms/step
Epoch 24/50
174/174 - 3s - loss: 0.0032 - accuracy: 0.9994 - val_loss: 0.0197 - val_accuracy: 0.9946 - lr: 5.0000e-04 - 3s/epoch - 14ms/step
Epoch 25/50
174/174 - 3s - loss: 0.0031 - accuracy: 0.9997 - val_loss: 0.0180 - val_accuracy: 0.9953 - lr: 5.0000e-04 - 3s/epoch - 15ms/step
Epoch 26/50
174/174 - 2s - loss: 0.0025 - accuracy: 0.9996 - val_loss: 0.0178 - val_accuracy: 0.9953 - lr: 5.0000e-04 - 2s/epoch - 14ms/step
Epoch 27/50
174/174 - 2s - loss: 0.0037 - accuracy: 0.9990 - val_loss: 0.0277 - val_accuracy: 0.9953 - lr: 5.0000e-04 - 2s/epoch - 14ms/step
Epoch 28/50

Epoch 28: ReduceLROnPlateau reducing learning rate to 0.0002500000118743628.
174/174 - 2s - loss: 0.0035 - accuracy: 0.9990 - val_loss: 0.0280 - val_accuracy: 0.9946 - lr: 5.0000e-04 - 2s/epoch - 14ms/step
Epoch 29/50
174/174 - 2s - loss: 0.0032 - accuracy: 0.9991 - val_loss: 0.0220 - val_accuracy: 0.9964 - lr: 2.5000e-04 - 2s/epoch - 14ms/step
Epoch 30/50
174/174 - 2s - loss: 0.0018 - accuracy: 0.9998 - val_loss: 0.0234 - val_accuracy: 0.9957 - lr: 2.5000e-04 - 2s/epoch - 14ms/step
Epoch 31/50
174/174 - 2s - loss: 0.0019 - accuracy: 0.9995 - val_loss: 0.0244 - val_accuracy: 0.9957 - lr: 2.5000e-04 - 2s/epoch - 14ms/step
Epoch 32/50
174/174 - 2s - loss: 0.0021 - accuracy: 0.9995 - val_loss: 0.0221 - val_accuracy: 0.9957 - lr: 2.5000e-04 - 2s/epoch - 14ms/step
Epoch 33/50

Epoch 33: ReduceLROnPlateau reducing learning rate to 0.0001250000059371814.
Restoring model weights from the end of the best epoch: 23.
174/174 - 3s - loss: 0.0025 - accuracy: 0.9994 - val_loss: 0.0213 - val_accuracy: 0.9957 - lr: 2.5000e-04 - 3s/epoch - 15ms/step
Epoch 33: early stopping
2026-05-01 19:00:43.255897: W tensorflow/compiler/mlir/lite/python/tf_tfl_flatbuffer_helpers.cc:378] Ignored output_format.
2026-05-01 19:00:43.255935: W tensorflow/compiler/mlir/lite/python/tf_tfl_flatbuffer_helpers.cc:381] Ignored drop_control_dependency.
2026-05-01 19:00:43.256275: I tensorflow/cc/saved_model/reader.cc:83] Reading SavedModel from: /tmp/b00090279/tmpvotgmv_x
2026-05-01 19:00:43.269609: I tensorflow/cc/saved_model/reader.cc:51] Reading meta graph with tags { serve }
2026-05-01 19:00:43.269633: I tensorflow/cc/saved_model/reader.cc:146] Reading SavedModel debug info (if present) from: /tmp/b00090279/tmpvotgmv_x
2026-05-01 19:00:43.290404: I tensorflow/compiler/mlir/mlir_graph_optimization_pass.cc:382] MLIR V1 optimization pass is not enabled
2026-05-01 19:00:43.296033: I tensorflow/cc/saved_model/loader.cc:233] Restoring SavedModel bundle.
2026-05-01 19:00:43.434335: I tensorflow/cc/saved_model/loader.cc:217] Running initialization op on SavedModel bundle at path: /tmp/b00090279/tmpvotgmv_x
2026-05-01 19:00:43.488140: I tensorflow/cc/saved_model/loader.cc:316] SavedModel load for tags { serve }; Status: success: OK. Took 231864 microseconds.
2026-05-01 19:00:43.711169: I tensorflow/compiler/mlir/lite/flatbuffer_export.cc:2245] Estimated count of arithmetic ops: 66.569 M  ops, equivalently 33.285 M  MACs
/shared/b00090279/tinymlproj/lib/python3.10/site-packages/tensorflow/lite/python/convert.py:947: UserWarning: Statistics for quantized inputs were expected, but not specified; continuing anyway.
  warnings.warn(
2026-05-01 19:00:55.495204: W tensorflow/compiler/mlir/lite/python/tf_tfl_flatbuffer_helpers.cc:378] Ignored output_format.
2026-05-01 19:00:55.495230: W tensorflow/compiler/mlir/lite/python/tf_tfl_flatbuffer_helpers.cc:381] Ignored drop_control_dependency.
2026-05-01 19:00:55.495444: I tensorflow/cc/saved_model/reader.cc:83] Reading SavedModel from: /tmp/b00090279/tmp7bv89dba
2026-05-01 19:00:55.508180: I tensorflow/cc/saved_model/reader.cc:51] Reading meta graph with tags { serve }
2026-05-01 19:00:55.508201: I tensorflow/cc/saved_model/reader.cc:146] Reading SavedModel debug info (if present) from: /tmp/b00090279/tmp7bv89dba
2026-05-01 19:00:55.533956: I tensorflow/cc/saved_model/loader.cc:233] Restoring SavedModel bundle.
2026-05-01 19:00:55.672592: I tensorflow/cc/saved_model/loader.cc:217] Running initialization op on SavedModel bundle at path: /tmp/b00090279/tmp7bv89dba
2026-05-01 19:00:55.726603: I tensorflow/cc/saved_model/loader.cc:316] SavedModel load for tags { serve }; Status: success: OK. Took 231160 microseconds.
2026-05-01 19:00:55.951646: I tensorflow/compiler/mlir/lite/flatbuffer_export.cc:2245] Estimated count of arithmetic ops: 66.569 M  ops, equivalently 33.285 M  MACs
fully_quantize: 0, inference_type: 6, input_inference_type: INT8, output_inference_type: INT8
2026-05-01 19:00:57.019750: I tensorflow/compiler/mlir/lite/flatbuffer_export.cc:2245] Estimated count of arithmetic ops: 66.569 M  ops, equivalently 33.285 M  MACs
Epoch 1/10
174/174 - 15s - loss: 0.0155 - accuracy: 0.9988 - val_loss: 0.0171 - val_accuracy: 0.9950 - 15s/epoch - 86ms/step
Epoch 2/10
174/174 - 6s - loss: 0.0032 - accuracy: 0.9995 - val_loss: 0.0168 - val_accuracy: 0.9964 - 6s/epoch - 37ms/step
Epoch 3/10
174/174 - 6s - loss: 0.0029 - accuracy: 0.9994 - val_loss: 0.0165 - val_accuracy: 0.9964 - 6s/epoch - 37ms/step
Epoch 4/10
174/174 - 6s - loss: 0.0021 - accuracy: 0.9995 - val_loss: 0.0184 - val_accuracy: 0.9964 - 6s/epoch - 37ms/step
Epoch 5/10
174/174 - 6s - loss: 0.0021 - accuracy: 0.9995 - val_loss: 0.0192 - val_accuracy: 0.9964 - 6s/epoch - 37ms/step
Epoch 6/10
174/174 - 6s - loss: 0.0020 - accuracy: 0.9995 - val_loss: 0.0160 - val_accuracy: 0.9964 - 6s/epoch - 37ms/step
Epoch 7/10
174/174 - 6s - loss: 0.0019 - accuracy: 0.9996 - val_loss: 0.0165 - val_accuracy: 0.9960 - 6s/epoch - 37ms/step
Epoch 8/10
174/174 - 6s - loss: 0.0018 - accuracy: 0.9995 - val_loss: 0.0153 - val_accuracy: 0.9964 - 6s/epoch - 37ms/step
Epoch 9/10
174/174 - 6s - loss: 0.0018 - accuracy: 0.9997 - val_loss: 0.0155 - val_accuracy: 0.9964 - 6s/epoch - 37ms/step
Epoch 10/10
174/174 - 6s - loss: 0.0015 - accuracy: 0.9998 - val_loss: 0.0164 - val_accuracy: 0.9964 - 6s/epoch - 37ms/step
/shared/b00090279/tinymlproj/lib/python3.10/site-packages/tensorflow/lite/python/convert.py:947: UserWarning: Statistics for quantized inputs were expected, but not specified; continuing anyway.
  warnings.warn(
2026-05-01 19:02:36.737981: W tensorflow/compiler/mlir/lite/python/tf_tfl_flatbuffer_helpers.cc:378] Ignored output_format.
2026-05-01 19:02:36.738023: W tensorflow/compiler/mlir/lite/python/tf_tfl_flatbuffer_helpers.cc:381] Ignored drop_control_dependency.
2026-05-01 19:02:36.738243: I tensorflow/cc/saved_model/reader.cc:83] Reading SavedModel from: /tmp/b00090279/tmpun1wso61
2026-05-01 19:02:36.772048: I tensorflow/cc/saved_model/reader.cc:51] Reading meta graph with tags { serve }
2026-05-01 19:02:36.772090: I tensorflow/cc/saved_model/reader.cc:146] Reading SavedModel debug info (if present) from: /tmp/b00090279/tmpun1wso61
2026-05-01 19:02:36.856874: I tensorflow/cc/saved_model/loader.cc:233] Restoring SavedModel bundle.
2026-05-01 19:02:37.350206: I tensorflow/cc/saved_model/loader.cc:217] Running initialization op on SavedModel bundle at path: /tmp/b00090279/tmpun1wso61
2026-05-01 19:02:37.521936: I tensorflow/cc/saved_model/loader.cc:316] SavedModel load for tags { serve }; Status: success: OK. Took 783693 microseconds.
2026-05-01 19:02:38.122768: I tensorflow/compiler/mlir/lite/flatbuffer_export.cc:2245] Estimated count of arithmetic ops: 66.595 M  ops, equivalently 33.298 M  MACs
fully_quantize: 0, inference_type: 6, input_inference_type: INT8, output_inference_type: INT8
2026-05-01 19:02:39.102211: I tensorflow/compiler/mlir/lite/flatbuffer_export.cc:2245] Estimated count of arithmetic ops: 66.595 M  ops, equivalently 33.298 M  MACs
rows: 1
master_csv: /shared/b00090279/TinyML-Course/har-mcu/reports/m3/arch_seq/tcn_inception_conv2d/e03/results_master.csv
master_md: /shared/b00090279/TinyML-Course/har-mcu/reports/m3/arch_seq/tcn_inception_conv2d/e03/results_master.md
m3_master_csv: /shared/b00090279/TinyML-Course/har-mcu/reports/m3/arch_seq/tcn_inception_conv2d/e03/m3_experiment_master.csv
m3_master_md: /shared/b00090279/TinyML-Course/har-mcu/reports/m3/arch_seq/tcn_inception_conv2d/e03/m3_experiment_master.md
========== M3 sequential tcn_inception_conv2d: configs/m3/E04_wisdm_to_g_arduino_g.yaml ==========
status: valid
experiment_id: E04_wisdm_to_g_arduino_g
model_variant: tcn_inception_conv2d
data_source: wisdm_arduino
train_domain: wisdm
eval_domain: arduino
transfer_mode: zero_shot
split_protocols: random_stratified
window_size_samples: 100
window_duration_seconds: 5.0
sample_rate_hz: 20.0
target_sample_rate_hz: 20.0
unit_mode: wisdm_to_g
normalization_mode: train_zscore
diagnostic_only: False
enabled: True
tooling_only: False
2026-05-01 19:02:47.688786: E tensorflow/compiler/xla/stream_executor/cuda/cuda_dnn.cc:9342] Unable to register cuDNN factory: Attempting to register factory for plugin cuDNN when one has already been registered
2026-05-01 19:02:47.688850: E tensorflow/compiler/xla/stream_executor/cuda/cuda_fft.cc:609] Unable to register cuFFT factory: Attempting to register factory for plugin cuFFT when one has already been registered
2026-05-01 19:02:47.688890: E tensorflow/compiler/xla/stream_executor/cuda/cuda_blas.cc:1518] Unable to register cuBLAS factory: Attempting to register factory for plugin cuBLAS when one has already been registered
2026-05-01 19:02:47.697265: I tensorflow/core/platform/cpu_feature_guard.cc:182] This TensorFlow binary is optimized to use available CPU instructions in performance-critical operations.
To enable the following instructions: AVX2 FMA, in other operations, rebuild TensorFlow with the appropriate compiler flags.
2026-05-01 19:02:57.137262: I tensorflow/compiler/xla/stream_executor/cuda/cuda_gpu_executor.cc:894] successful NUMA node read from SysFS had negative value (-1), but there must be at least one NUMA node, so returning NUMA node zero. See more at https://github.com/torvalds/linux/blob/v6.0/Documentation/ABI/testing/sysfs-bus-pci#L344-L355
2026-05-01 19:02:57.220048: I tensorflow/compiler/xla/stream_executor/cuda/cuda_gpu_executor.cc:894] successful NUMA node read from SysFS had negative value (-1), but there must be at least one NUMA node, so returning NUMA node zero. See more at https://github.com/torvalds/linux/blob/v6.0/Documentation/ABI/testing/sysfs-bus-pci#L344-L355
2026-05-01 19:02:57.223410: I tensorflow/compiler/xla/stream_executor/cuda/cuda_gpu_executor.cc:894] successful NUMA node read from SysFS had negative value (-1), but there must be at least one NUMA node, so returning NUMA node zero. See more at https://github.com/torvalds/linux/blob/v6.0/Documentation/ABI/testing/sysfs-bus-pci#L344-L355
2026-05-01 19:03:00.553988: I tensorflow/compiler/xla/stream_executor/cuda/cuda_gpu_executor.cc:894] successful NUMA node read from SysFS had negative value (-1), but there must be at least one NUMA node, so returning NUMA node zero. See more at https://github.com/torvalds/linux/blob/v6.0/Documentation/ABI/testing/sysfs-bus-pci#L344-L355
2026-05-01 19:03:00.558705: I tensorflow/compiler/xla/stream_executor/cuda/cuda_gpu_executor.cc:894] successful NUMA node read from SysFS had negative value (-1), but there must be at least one NUMA node, so returning NUMA node zero. See more at https://github.com/torvalds/linux/blob/v6.0/Documentation/ABI/testing/sysfs-bus-pci#L344-L355
2026-05-01 19:03:00.562003: I tensorflow/compiler/xla/stream_executor/cuda/cuda_gpu_executor.cc:894] successful NUMA node read from SysFS had negative value (-1), but there must be at least one NUMA node, so returning NUMA node zero. See more at https://github.com/torvalds/linux/blob/v6.0/Documentation/ABI/testing/sysfs-bus-pci#L344-L355
2026-05-01 19:03:00.684124: I tensorflow/compiler/xla/stream_executor/cuda/cuda_gpu_executor.cc:894] successful NUMA node read from SysFS had negative value (-1), but there must be at least one NUMA node, so returning NUMA node zero. See more at https://github.com/torvalds/linux/blob/v6.0/Documentation/ABI/testing/sysfs-bus-pci#L344-L355
2026-05-01 19:03:00.686122: I tensorflow/compiler/xla/stream_executor/cuda/cuda_gpu_executor.cc:894] successful NUMA node read from SysFS had negative value (-1), but there must be at least one NUMA node, so returning NUMA node zero. See more at https://github.com/torvalds/linux/blob/v6.0/Documentation/ABI/testing/sysfs-bus-pci#L344-L355
2026-05-01 19:03:00.687992: I tensorflow/compiler/xla/stream_executor/cuda/cuda_gpu_executor.cc:894] successful NUMA node read from SysFS had negative value (-1), but there must be at least one NUMA node, so returning NUMA node zero. See more at https://github.com/torvalds/linux/blob/v6.0/Documentation/ABI/testing/sysfs-bus-pci#L344-L355
2026-05-01 19:03:00.689916: I tensorflow/core/common_runtime/gpu/gpu_device.cc:1886] Created device /job:localhost/replica:0/task:0/device:GPU:0 with 20665 MB memory:  -> device: 0, name: NVIDIA A10G, pci bus id: 0000:00:1e.0, compute capability: 8.6
Epoch 1/50
2026-05-01 19:03:05.146604: I tensorflow/compiler/xla/stream_executor/cuda/cuda_dnn.cc:442] Loaded cuDNN version 8700
2026-05-01 19:03:06.451650: I tensorflow/compiler/xla/service/service.cc:168] XLA service 0x75e8d1416680 initialized for platform CUDA (this does not guarantee that XLA will be used). Devices:
2026-05-01 19:03:06.451679: I tensorflow/compiler/xla/service/service.cc:176]   StreamExecutor device (0): NVIDIA A10G, Compute Capability 8.6
2026-05-01 19:03:06.456275: I tensorflow/compiler/mlir/tensorflow/utils/dump_mlir_util.cc:269] disabling MLIR crash reproducer, set env var `MLIR_CRASH_REPRODUCER_DIRECTORY` to enable.
2026-05-01 19:03:06.535610: I ./tensorflow/compiler/jit/device_compiler.h:186] Compiled cluster using XLA!  This line is logged at most once for the lifetime of the process.
174/174 - 13s - loss: 0.5273 - accuracy: 0.8297 - val_loss: 0.3318 - val_accuracy: 0.8782 - lr: 0.0010 - 13s/epoch - 74ms/step
Epoch 2/50
174/174 - 3s - loss: 0.1894 - accuracy: 0.9380 - val_loss: 0.1185 - val_accuracy: 0.9560 - lr: 0.0010 - 3s/epoch - 15ms/step
Epoch 3/50
174/174 - 3s - loss: 0.1084 - accuracy: 0.9643 - val_loss: 0.0978 - val_accuracy: 0.9658 - lr: 0.0010 - 3s/epoch - 15ms/step
Epoch 4/50
174/174 - 3s - loss: 0.0742 - accuracy: 0.9775 - val_loss: 0.0780 - val_accuracy: 0.9766 - lr: 0.0010 - 3s/epoch - 15ms/step
Epoch 5/50
174/174 - 3s - loss: 0.0485 - accuracy: 0.9856 - val_loss: 0.0819 - val_accuracy: 0.9741 - lr: 0.0010 - 3s/epoch - 14ms/step
Epoch 6/50
174/174 - 3s - loss: 0.0548 - accuracy: 0.9836 - val_loss: 0.0479 - val_accuracy: 0.9856 - lr: 0.0010 - 3s/epoch - 14ms/step
Epoch 7/50
174/174 - 3s - loss: 0.0438 - accuracy: 0.9863 - val_loss: 0.0734 - val_accuracy: 0.9802 - lr: 0.0010 - 3s/epoch - 14ms/step
Epoch 8/50
174/174 - 3s - loss: 0.0391 - accuracy: 0.9896 - val_loss: 0.0772 - val_accuracy: 0.9813 - lr: 0.0010 - 3s/epoch - 14ms/step
Epoch 9/50
174/174 - 3s - loss: 0.0220 - accuracy: 0.9945 - val_loss: 0.0445 - val_accuracy: 0.9867 - lr: 0.0010 - 3s/epoch - 15ms/step
Epoch 10/50
174/174 - 3s - loss: 0.0215 - accuracy: 0.9941 - val_loss: 0.2230 - val_accuracy: 0.9323 - lr: 0.0010 - 3s/epoch - 14ms/step
Epoch 11/50
174/174 - 3s - loss: 0.0325 - accuracy: 0.9898 - val_loss: 0.0377 - val_accuracy: 0.9895 - lr: 0.0010 - 3s/epoch - 15ms/step
Epoch 12/50
174/174 - 2s - loss: 0.0297 - accuracy: 0.9905 - val_loss: 0.0865 - val_accuracy: 0.9766 - lr: 0.0010 - 2s/epoch - 14ms/step
Epoch 13/50
174/174 - 3s - loss: 0.0219 - accuracy: 0.9940 - val_loss: 0.0208 - val_accuracy: 0.9928 - lr: 0.0010 - 3s/epoch - 14ms/step
Epoch 14/50
174/174 - 3s - loss: 0.0128 - accuracy: 0.9971 - val_loss: 0.0276 - val_accuracy: 0.9914 - lr: 0.0010 - 3s/epoch - 14ms/step
Epoch 15/50
174/174 - 3s - loss: 0.0142 - accuracy: 0.9956 - val_loss: 0.0357 - val_accuracy: 0.9903 - lr: 0.0010 - 3s/epoch - 14ms/step
Epoch 16/50
174/174 - 2s - loss: 0.0340 - accuracy: 0.9895 - val_loss: 0.1519 - val_accuracy: 0.9600 - lr: 0.0010 - 2s/epoch - 14ms/step
Epoch 17/50
174/174 - 3s - loss: 0.0143 - accuracy: 0.9962 - val_loss: 0.0249 - val_accuracy: 0.9928 - lr: 0.0010 - 3s/epoch - 14ms/step
Epoch 18/50

Epoch 18: ReduceLROnPlateau reducing learning rate to 0.0005000000237487257.
174/174 - 3s - loss: 0.0151 - accuracy: 0.9959 - val_loss: 0.0382 - val_accuracy: 0.9903 - lr: 0.0010 - 3s/epoch - 14ms/step
Epoch 19/50
174/174 - 3s - loss: 0.0085 - accuracy: 0.9978 - val_loss: 0.0245 - val_accuracy: 0.9939 - lr: 5.0000e-04 - 3s/epoch - 14ms/step
Epoch 20/50
174/174 - 3s - loss: 0.0057 - accuracy: 0.9987 - val_loss: 0.0206 - val_accuracy: 0.9946 - lr: 5.0000e-04 - 3s/epoch - 15ms/step
Epoch 21/50
174/174 - 3s - loss: 0.0044 - accuracy: 0.9995 - val_loss: 0.0158 - val_accuracy: 0.9950 - lr: 5.0000e-04 - 3s/epoch - 15ms/step
Epoch 22/50
174/174 - 3s - loss: 0.0028 - accuracy: 0.9995 - val_loss: 0.0156 - val_accuracy: 0.9953 - lr: 5.0000e-04 - 3s/epoch - 14ms/step
Epoch 23/50
174/174 - 2s - loss: 0.0036 - accuracy: 0.9992 - val_loss: 0.0197 - val_accuracy: 0.9964 - lr: 5.0000e-04 - 2s/epoch - 14ms/step
Epoch 24/50
174/174 - 3s - loss: 0.0025 - accuracy: 0.9997 - val_loss: 0.0115 - val_accuracy: 0.9964 - lr: 5.0000e-04 - 3s/epoch - 14ms/step
Epoch 25/50
174/174 - 2s - loss: 0.0030 - accuracy: 0.9995 - val_loss: 0.0254 - val_accuracy: 0.9921 - lr: 5.0000e-04 - 2s/epoch - 14ms/step
Epoch 26/50
174/174 - 2s - loss: 0.0069 - accuracy: 0.9986 - val_loss: 0.0209 - val_accuracy: 0.9950 - lr: 5.0000e-04 - 2s/epoch - 14ms/step
Epoch 27/50
174/174 - 3s - loss: 0.0022 - accuracy: 0.9996 - val_loss: 0.0229 - val_accuracy: 0.9946 - lr: 5.0000e-04 - 3s/epoch - 15ms/step
Epoch 28/50
174/174 - 2s - loss: 0.0072 - accuracy: 0.9986 - val_loss: 0.0374 - val_accuracy: 0.9899 - lr: 5.0000e-04 - 2s/epoch - 14ms/step
Epoch 29/50

Epoch 29: ReduceLROnPlateau reducing learning rate to 0.0002500000118743628.
174/174 - 2s - loss: 0.0175 - accuracy: 0.9955 - val_loss: 0.0327 - val_accuracy: 0.9924 - lr: 5.0000e-04 - 2s/epoch - 14ms/step
Epoch 30/50
174/174 - 2s - loss: 0.0043 - accuracy: 0.9991 - val_loss: 0.0238 - val_accuracy: 0.9946 - lr: 2.5000e-04 - 2s/epoch - 14ms/step
Epoch 31/50
174/174 - 2s - loss: 0.0029 - accuracy: 0.9993 - val_loss: 0.0208 - val_accuracy: 0.9950 - lr: 2.5000e-04 - 2s/epoch - 14ms/step
Epoch 32/50
174/174 - 2s - loss: 0.0021 - accuracy: 0.9997 - val_loss: 0.0192 - val_accuracy: 0.9960 - lr: 2.5000e-04 - 2s/epoch - 14ms/step
Epoch 33/50
174/174 - 2s - loss: 0.0018 - accuracy: 0.9997 - val_loss: 0.0151 - val_accuracy: 0.9953 - lr: 2.5000e-04 - 2s/epoch - 14ms/step
Epoch 34/50

Epoch 34: ReduceLROnPlateau reducing learning rate to 0.0001250000059371814.
Restoring model weights from the end of the best epoch: 24.
174/174 - 3s - loss: 0.0015 - accuracy: 0.9997 - val_loss: 0.0128 - val_accuracy: 0.9960 - lr: 2.5000e-04 - 3s/epoch - 15ms/step
Epoch 34: early stopping
2026-05-01 19:04:44.071291: W tensorflow/compiler/mlir/lite/python/tf_tfl_flatbuffer_helpers.cc:378] Ignored output_format.
2026-05-01 19:04:44.071326: W tensorflow/compiler/mlir/lite/python/tf_tfl_flatbuffer_helpers.cc:381] Ignored drop_control_dependency.
2026-05-01 19:04:44.071663: I tensorflow/cc/saved_model/reader.cc:83] Reading SavedModel from: /tmp/b00090279/tmpd8zhm0ft
2026-05-01 19:04:44.084450: I tensorflow/cc/saved_model/reader.cc:51] Reading meta graph with tags { serve }
2026-05-01 19:04:44.084468: I tensorflow/cc/saved_model/reader.cc:146] Reading SavedModel debug info (if present) from: /tmp/b00090279/tmpd8zhm0ft
2026-05-01 19:04:44.105508: I tensorflow/compiler/mlir/mlir_graph_optimization_pass.cc:382] MLIR V1 optimization pass is not enabled
2026-05-01 19:04:44.111180: I tensorflow/cc/saved_model/loader.cc:233] Restoring SavedModel bundle.
2026-05-01 19:04:44.252065: I tensorflow/cc/saved_model/loader.cc:217] Running initialization op on SavedModel bundle at path: /tmp/b00090279/tmpd8zhm0ft
2026-05-01 19:04:44.306849: I tensorflow/cc/saved_model/loader.cc:316] SavedModel load for tags { serve }; Status: success: OK. Took 235186 microseconds.
2026-05-01 19:04:44.534288: I tensorflow/compiler/mlir/lite/flatbuffer_export.cc:2245] Estimated count of arithmetic ops: 66.569 M  ops, equivalently 33.285 M  MACs
/shared/b00090279/tinymlproj/lib/python3.10/site-packages/tensorflow/lite/python/convert.py:947: UserWarning: Statistics for quantized inputs were expected, but not specified; continuing anyway.
  warnings.warn(
2026-05-01 19:04:56.490226: W tensorflow/compiler/mlir/lite/python/tf_tfl_flatbuffer_helpers.cc:378] Ignored output_format.
2026-05-01 19:04:56.490252: W tensorflow/compiler/mlir/lite/python/tf_tfl_flatbuffer_helpers.cc:381] Ignored drop_control_dependency.
2026-05-01 19:04:56.490467: I tensorflow/cc/saved_model/reader.cc:83] Reading SavedModel from: /tmp/b00090279/tmpd1zc4umn
2026-05-01 19:04:56.503283: I tensorflow/cc/saved_model/reader.cc:51] Reading meta graph with tags { serve }
2026-05-01 19:04:56.503313: I tensorflow/cc/saved_model/reader.cc:146] Reading SavedModel debug info (if present) from: /tmp/b00090279/tmpd1zc4umn
2026-05-01 19:04:56.529837: I tensorflow/cc/saved_model/loader.cc:233] Restoring SavedModel bundle.
2026-05-01 19:04:56.671672: I tensorflow/cc/saved_model/loader.cc:217] Running initialization op on SavedModel bundle at path: /tmp/b00090279/tmpd1zc4umn
2026-05-01 19:04:56.726533: I tensorflow/cc/saved_model/loader.cc:316] SavedModel load for tags { serve }; Status: success: OK. Took 236066 microseconds.
2026-05-01 19:04:56.952563: I tensorflow/compiler/mlir/lite/flatbuffer_export.cc:2245] Estimated count of arithmetic ops: 66.569 M  ops, equivalently 33.285 M  MACs
fully_quantize: 0, inference_type: 6, input_inference_type: INT8, output_inference_type: INT8
2026-05-01 19:04:58.022862: I tensorflow/compiler/mlir/lite/flatbuffer_export.cc:2245] Estimated count of arithmetic ops: 66.569 M  ops, equivalently 33.285 M  MACs
Epoch 1/10
174/174 - 15s - loss: 0.0129 - accuracy: 0.9991 - val_loss: 0.0127 - val_accuracy: 0.9971 - 15s/epoch - 87ms/step
Epoch 2/10
174/174 - 7s - loss: 0.0023 - accuracy: 0.9997 - val_loss: 0.0146 - val_accuracy: 0.9964 - 7s/epoch - 38ms/step
Epoch 3/10
174/174 - 7s - loss: 0.0026 - accuracy: 0.9994 - val_loss: 0.0142 - val_accuracy: 0.9968 - 7s/epoch - 37ms/step
Epoch 4/10
174/174 - 7s - loss: 0.0014 - accuracy: 0.9997 - val_loss: 0.0144 - val_accuracy: 0.9968 - 7s/epoch - 37ms/step
Epoch 5/10
174/174 - 7s - loss: 0.0017 - accuracy: 0.9999 - val_loss: 0.0139 - val_accuracy: 0.9968 - 7s/epoch - 37ms/step
Epoch 6/10
174/174 - 7s - loss: 0.0014 - accuracy: 0.9997 - val_loss: 0.0143 - val_accuracy: 0.9968 - 7s/epoch - 37ms/step
Epoch 7/10
174/174 - 7s - loss: 0.0013 - accuracy: 0.9998 - val_loss: 0.0139 - val_accuracy: 0.9968 - 7s/epoch - 38ms/step
Epoch 8/10
174/174 - 7s - loss: 0.0012 - accuracy: 0.9998 - val_loss: 0.0131 - val_accuracy: 0.9968 - 7s/epoch - 37ms/step
Epoch 9/10
174/174 - 7s - loss: 0.0013 - accuracy: 0.9997 - val_loss: 0.0129 - val_accuracy: 0.9964 - 7s/epoch - 37ms/step
Epoch 10/10
174/174 - 7s - loss: 0.0014 - accuracy: 0.9998 - val_loss: 0.0126 - val_accuracy: 0.9968 - 7s/epoch - 38ms/step
/shared/b00090279/tinymlproj/lib/python3.10/site-packages/tensorflow/lite/python/convert.py:947: UserWarning: Statistics for quantized inputs were expected, but not specified; continuing anyway.
  warnings.warn(
2026-05-01 19:06:38.810942: W tensorflow/compiler/mlir/lite/python/tf_tfl_flatbuffer_helpers.cc:378] Ignored output_format.
2026-05-01 19:06:38.810984: W tensorflow/compiler/mlir/lite/python/tf_tfl_flatbuffer_helpers.cc:381] Ignored drop_control_dependency.
2026-05-01 19:06:38.811206: I tensorflow/cc/saved_model/reader.cc:83] Reading SavedModel from: /tmp/b00090279/tmp2kqx__g2
2026-05-01 19:06:38.845646: I tensorflow/cc/saved_model/reader.cc:51] Reading meta graph with tags { serve }
2026-05-01 19:06:38.845684: I tensorflow/cc/saved_model/reader.cc:146] Reading SavedModel debug info (if present) from: /tmp/b00090279/tmp2kqx__g2
2026-05-01 19:06:38.932521: I tensorflow/cc/saved_model/loader.cc:233] Restoring SavedModel bundle.
2026-05-01 19:06:39.447383: I tensorflow/cc/saved_model/loader.cc:217] Running initialization op on SavedModel bundle at path: /tmp/b00090279/tmp2kqx__g2
2026-05-01 19:06:39.626267: I tensorflow/cc/saved_model/loader.cc:316] SavedModel load for tags { serve }; Status: success: OK. Took 815061 microseconds.
2026-05-01 19:06:40.233553: I tensorflow/compiler/mlir/lite/flatbuffer_export.cc:2245] Estimated count of arithmetic ops: 66.595 M  ops, equivalently 33.298 M  MACs
fully_quantize: 0, inference_type: 6, input_inference_type: INT8, output_inference_type: INT8
2026-05-01 19:06:41.184522: I tensorflow/compiler/mlir/lite/flatbuffer_export.cc:2245] Estimated count of arithmetic ops: 66.595 M  ops, equivalently 33.298 M  MACs
rows: 1
master_csv: /shared/b00090279/TinyML-Course/har-mcu/reports/m3/arch_seq/tcn_inception_conv2d/e04/results_master.csv
master_md: /shared/b00090279/TinyML-Course/har-mcu/reports/m3/arch_seq/tcn_inception_conv2d/e04/results_master.md
m3_master_csv: /shared/b00090279/TinyML-Course/har-mcu/reports/m3/arch_seq/tcn_inception_conv2d/e04/m3_experiment_master.csv
m3_master_md: /shared/b00090279/TinyML-Course/har-mcu/reports/m3/arch_seq/tcn_inception_conv2d/e04/m3_experiment_master.md
========== M3 sequential tcn_inception_conv2d: configs/m3/E05_legacy_arduino_to_mps2.yaml ==========
status: valid
experiment_id: E05_legacy_arduino_to_mps2
model_variant: tcn_inception_conv2d
data_source: wisdm_arduino
train_domain: wisdm
eval_domain: arduino
transfer_mode: zero_shot
split_protocols: random_stratified
window_size_samples: 100
window_duration_seconds: 5.0
sample_rate_hz: 20.0
target_sample_rate_hz: 20.0
unit_mode: arduino_to_mps2_legacy
normalization_mode: train_zscore
diagnostic_only: False
enabled: True
tooling_only: False
2026-05-01 19:06:49.774185: E tensorflow/compiler/xla/stream_executor/cuda/cuda_dnn.cc:9342] Unable to register cuDNN factory: Attempting to register factory for plugin cuDNN when one has already been registered
2026-05-01 19:06:49.774225: E tensorflow/compiler/xla/stream_executor/cuda/cuda_fft.cc:609] Unable to register cuFFT factory: Attempting to register factory for plugin cuFFT when one has already been registered
2026-05-01 19:06:49.774263: E tensorflow/compiler/xla/stream_executor/cuda/cuda_blas.cc:1518] Unable to register cuBLAS factory: Attempting to register factory for plugin cuBLAS when one has already been registered
2026-05-01 19:06:49.782585: I tensorflow/core/platform/cpu_feature_guard.cc:182] This TensorFlow binary is optimized to use available CPU instructions in performance-critical operations.
To enable the following instructions: AVX2 FMA, in other operations, rebuild TensorFlow with the appropriate compiler flags.
2026-05-01 19:06:59.296650: I tensorflow/compiler/xla/stream_executor/cuda/cuda_gpu_executor.cc:894] successful NUMA node read from SysFS had negative value (-1), but there must be at least one NUMA node, so returning NUMA node zero. See more at https://github.com/torvalds/linux/blob/v6.0/Documentation/ABI/testing/sysfs-bus-pci#L344-L355
2026-05-01 19:06:59.381888: I tensorflow/compiler/xla/stream_executor/cuda/cuda_gpu_executor.cc:894] successful NUMA node read from SysFS had negative value (-1), but there must be at least one NUMA node, so returning NUMA node zero. See more at https://github.com/torvalds/linux/blob/v6.0/Documentation/ABI/testing/sysfs-bus-pci#L344-L355
2026-05-01 19:06:59.385001: I tensorflow/compiler/xla/stream_executor/cuda/cuda_gpu_executor.cc:894] successful NUMA node read from SysFS had negative value (-1), but there must be at least one NUMA node, so returning NUMA node zero. See more at https://github.com/torvalds/linux/blob/v6.0/Documentation/ABI/testing/sysfs-bus-pci#L344-L355
2026-05-01 19:07:04.269495: I tensorflow/compiler/xla/stream_executor/cuda/cuda_gpu_executor.cc:894] successful NUMA node read from SysFS had negative value (-1), but there must be at least one NUMA node, so returning NUMA node zero. See more at https://github.com/torvalds/linux/blob/v6.0/Documentation/ABI/testing/sysfs-bus-pci#L344-L355
2026-05-01 19:07:04.274522: I tensorflow/compiler/xla/stream_executor/cuda/cuda_gpu_executor.cc:894] successful NUMA node read from SysFS had negative value (-1), but there must be at least one NUMA node, so returning NUMA node zero. See more at https://github.com/torvalds/linux/blob/v6.0/Documentation/ABI/testing/sysfs-bus-pci#L344-L355
2026-05-01 19:07:04.277685: I tensorflow/compiler/xla/stream_executor/cuda/cuda_gpu_executor.cc:894] successful NUMA node read from SysFS had negative value (-1), but there must be at least one NUMA node, so returning NUMA node zero. See more at https://github.com/torvalds/linux/blob/v6.0/Documentation/ABI/testing/sysfs-bus-pci#L344-L355
2026-05-01 19:07:04.403252: I tensorflow/compiler/xla/stream_executor/cuda/cuda_gpu_executor.cc:894] successful NUMA node read from SysFS had negative value (-1), but there must be at least one NUMA node, so returning NUMA node zero. See more at https://github.com/torvalds/linux/blob/v6.0/Documentation/ABI/testing/sysfs-bus-pci#L344-L355
2026-05-01 19:07:04.405195: I tensorflow/compiler/xla/stream_executor/cuda/cuda_gpu_executor.cc:894] successful NUMA node read from SysFS had negative value (-1), but there must be at least one NUMA node, so returning NUMA node zero. See more at https://github.com/torvalds/linux/blob/v6.0/Documentation/ABI/testing/sysfs-bus-pci#L344-L355
2026-05-01 19:07:04.407120: I tensorflow/compiler/xla/stream_executor/cuda/cuda_gpu_executor.cc:894] successful NUMA node read from SysFS had negative value (-1), but there must be at least one NUMA node, so returning NUMA node zero. See more at https://github.com/torvalds/linux/blob/v6.0/Documentation/ABI/testing/sysfs-bus-pci#L344-L355
2026-05-01 19:07:04.408912: I tensorflow/core/common_runtime/gpu/gpu_device.cc:1886] Created device /job:localhost/replica:0/task:0/device:GPU:0 with 20665 MB memory:  -> device: 0, name: NVIDIA A10G, pci bus id: 0000:00:1e.0, compute capability: 8.6
Epoch 1/50
2026-05-01 19:07:08.834607: I tensorflow/compiler/xla/stream_executor/cuda/cuda_dnn.cc:442] Loaded cuDNN version 8700
2026-05-01 19:07:10.150605: I tensorflow/compiler/xla/service/service.cc:168] XLA service 0x765d55aa7210 initialized for platform CUDA (this does not guarantee that XLA will be used). Devices:
2026-05-01 19:07:10.150634: I tensorflow/compiler/xla/service/service.cc:176]   StreamExecutor device (0): NVIDIA A10G, Compute Capability 8.6
2026-05-01 19:07:10.155259: I tensorflow/compiler/mlir/tensorflow/utils/dump_mlir_util.cc:269] disabling MLIR crash reproducer, set env var `MLIR_CRASH_REPRODUCER_DIRECTORY` to enable.
2026-05-01 19:07:10.234720: I ./tensorflow/compiler/jit/device_compiler.h:186] Compiled cluster using XLA!  This line is logged at most once for the lifetime of the process.
174/174 - 13s - loss: 0.5290 - accuracy: 0.8298 - val_loss: 0.3496 - val_accuracy: 0.8782 - lr: 0.0010 - 13s/epoch - 73ms/step
Epoch 2/50
174/174 - 3s - loss: 0.1838 - accuracy: 0.9396 - val_loss: 0.1476 - val_accuracy: 0.9528 - lr: 0.0010 - 3s/epoch - 15ms/step
Epoch 3/50
174/174 - 2s - loss: 0.1138 - accuracy: 0.9637 - val_loss: 0.0752 - val_accuracy: 0.9773 - lr: 0.0010 - 2s/epoch - 14ms/step
Epoch 4/50
174/174 - 2s - loss: 0.0714 - accuracy: 0.9779 - val_loss: 0.0790 - val_accuracy: 0.9784 - lr: 0.0010 - 2s/epoch - 14ms/step
Epoch 5/50
174/174 - 2s - loss: 0.0505 - accuracy: 0.9854 - val_loss: 0.0554 - val_accuracy: 0.9849 - lr: 0.0010 - 2s/epoch - 14ms/step
Epoch 6/50
174/174 - 2s - loss: 0.0533 - accuracy: 0.9849 - val_loss: 0.0397 - val_accuracy: 0.9885 - lr: 0.0010 - 2s/epoch - 14ms/step
Epoch 7/50
174/174 - 2s - loss: 0.0397 - accuracy: 0.9887 - val_loss: 0.1061 - val_accuracy: 0.9672 - lr: 0.0010 - 2s/epoch - 14ms/step
Epoch 8/50
174/174 - 2s - loss: 0.0375 - accuracy: 0.9884 - val_loss: 0.0863 - val_accuracy: 0.9751 - lr: 0.0010 - 2s/epoch - 14ms/step
Epoch 9/50
174/174 - 2s - loss: 0.0315 - accuracy: 0.9915 - val_loss: 0.0344 - val_accuracy: 0.9877 - lr: 0.0010 - 2s/epoch - 14ms/step
Epoch 10/50
174/174 - 2s - loss: 0.0300 - accuracy: 0.9905 - val_loss: 0.0340 - val_accuracy: 0.9921 - lr: 0.0010 - 2s/epoch - 14ms/step
Epoch 11/50
174/174 - 2s - loss: 0.0196 - accuracy: 0.9941 - val_loss: 0.0233 - val_accuracy: 0.9903 - lr: 0.0010 - 2s/epoch - 14ms/step
Epoch 12/50
174/174 - 2s - loss: 0.0240 - accuracy: 0.9932 - val_loss: 0.0299 - val_accuracy: 0.9903 - lr: 0.0010 - 2s/epoch - 14ms/step
Epoch 13/50
174/174 - 2s - loss: 0.0154 - accuracy: 0.9953 - val_loss: 0.0346 - val_accuracy: 0.9928 - lr: 0.0010 - 2s/epoch - 14ms/step
Epoch 14/50
174/174 - 2s - loss: 0.0153 - accuracy: 0.9964 - val_loss: 0.0457 - val_accuracy: 0.9877 - lr: 0.0010 - 2s/epoch - 14ms/step
Epoch 15/50
174/174 - 2s - loss: 0.0132 - accuracy: 0.9963 - val_loss: 0.0429 - val_accuracy: 0.9863 - lr: 0.0010 - 2s/epoch - 14ms/step
Epoch 16/50

Epoch 16: ReduceLROnPlateau reducing learning rate to 0.0005000000237487257.
174/174 - 2s - loss: 0.0383 - accuracy: 0.9909 - val_loss: 0.0843 - val_accuracy: 0.9723 - lr: 0.0010 - 2s/epoch - 14ms/step
Epoch 17/50
174/174 - 2s - loss: 0.0088 - accuracy: 0.9976 - val_loss: 0.0172 - val_accuracy: 0.9935 - lr: 5.0000e-04 - 2s/epoch - 14ms/step
Epoch 18/50
174/174 - 2s - loss: 0.0067 - accuracy: 0.9986 - val_loss: 0.0164 - val_accuracy: 0.9960 - lr: 5.0000e-04 - 2s/epoch - 14ms/step
Epoch 19/50
174/174 - 3s - loss: 0.0066 - accuracy: 0.9985 - val_loss: 0.0222 - val_accuracy: 0.9946 - lr: 5.0000e-04 - 3s/epoch - 15ms/step
Epoch 20/50
174/174 - 2s - loss: 0.0071 - accuracy: 0.9985 - val_loss: 0.0199 - val_accuracy: 0.9950 - lr: 5.0000e-04 - 2s/epoch - 14ms/step
Epoch 21/50
174/174 - 2s - loss: 0.0072 - accuracy: 0.9982 - val_loss: 0.0276 - val_accuracy: 0.9935 - lr: 5.0000e-04 - 2s/epoch - 14ms/step
Epoch 22/50
174/174 - 2s - loss: 0.0088 - accuracy: 0.9976 - val_loss: 0.0351 - val_accuracy: 0.9888 - lr: 5.0000e-04 - 2s/epoch - 14ms/step
Epoch 23/50

Epoch 23: ReduceLROnPlateau reducing learning rate to 0.0002500000118743628.
174/174 - 2s - loss: 0.0061 - accuracy: 0.9988 - val_loss: 0.0182 - val_accuracy: 0.9932 - lr: 5.0000e-04 - 2s/epoch - 14ms/step
Epoch 24/50
174/174 - 2s - loss: 0.0043 - accuracy: 0.9989 - val_loss: 0.0174 - val_accuracy: 0.9953 - lr: 2.5000e-04 - 2s/epoch - 14ms/step
Epoch 25/50
174/174 - 2s - loss: 0.0030 - accuracy: 0.9993 - val_loss: 0.0155 - val_accuracy: 0.9953 - lr: 2.5000e-04 - 2s/epoch - 14ms/step
Epoch 26/50
174/174 - 3s - loss: 0.0020 - accuracy: 0.9997 - val_loss: 0.0165 - val_accuracy: 0.9957 - lr: 2.5000e-04 - 3s/epoch - 15ms/step
Epoch 27/50
174/174 - 2s - loss: 0.0023 - accuracy: 0.9996 - val_loss: 0.0168 - val_accuracy: 0.9950 - lr: 2.5000e-04 - 2s/epoch - 14ms/step
Epoch 28/50
174/174 - 2s - loss: 0.0022 - accuracy: 0.9994 - val_loss: 0.0151 - val_accuracy: 0.9957 - lr: 2.5000e-04 - 2s/epoch - 14ms/step
Epoch 29/50
174/174 - 2s - loss: 0.0027 - accuracy: 0.9997 - val_loss: 0.0148 - val_accuracy: 0.9957 - lr: 2.5000e-04 - 2s/epoch - 14ms/step
Epoch 30/50
174/174 - 2s - loss: 0.0016 - accuracy: 0.9998 - val_loss: 0.0154 - val_accuracy: 0.9960 - lr: 2.5000e-04 - 2s/epoch - 14ms/step
Epoch 31/50
174/174 - 2s - loss: 0.0018 - accuracy: 0.9996 - val_loss: 0.0160 - val_accuracy: 0.9960 - lr: 2.5000e-04 - 2s/epoch - 14ms/step
Epoch 32/50
174/174 - 2s - loss: 0.0026 - accuracy: 0.9995 - val_loss: 0.0203 - val_accuracy: 0.9964 - lr: 2.5000e-04 - 2s/epoch - 14ms/step
Epoch 33/50
174/174 - 2s - loss: 0.0030 - accuracy: 0.9992 - val_loss: 0.0229 - val_accuracy: 0.9932 - lr: 2.5000e-04 - 2s/epoch - 14ms/step
Epoch 34/50
174/174 - 2s - loss: 0.0034 - accuracy: 0.9991 - val_loss: 0.0128 - val_accuracy: 0.9968 - lr: 2.5000e-04 - 2s/epoch - 14ms/step
Epoch 35/50
174/174 - 2s - loss: 0.0045 - accuracy: 0.9988 - val_loss: 0.0172 - val_accuracy: 0.9953 - lr: 2.5000e-04 - 2s/epoch - 14ms/step
Epoch 36/50
174/174 - 2s - loss: 0.0044 - accuracy: 0.9992 - val_loss: 0.0176 - val_accuracy: 0.9946 - lr: 2.5000e-04 - 2s/epoch - 14ms/step
Epoch 37/50
174/174 - 2s - loss: 0.0018 - accuracy: 0.9995 - val_loss: 0.0162 - val_accuracy: 0.9960 - lr: 2.5000e-04 - 2s/epoch - 14ms/step
Epoch 38/50
174/174 - 2s - loss: 0.0065 - accuracy: 0.9986 - val_loss: 0.0165 - val_accuracy: 0.9964 - lr: 2.5000e-04 - 2s/epoch - 14ms/step
Epoch 39/50

Epoch 39: ReduceLROnPlateau reducing learning rate to 0.0001250000059371814.
174/174 - 2s - loss: 0.0050 - accuracy: 0.9986 - val_loss: 0.0198 - val_accuracy: 0.9946 - lr: 2.5000e-04 - 2s/epoch - 14ms/step
Epoch 40/50
174/174 - 2s - loss: 0.0021 - accuracy: 0.9997 - val_loss: 0.0170 - val_accuracy: 0.9950 - lr: 1.2500e-04 - 2s/epoch - 14ms/step
Epoch 41/50
174/174 - 2s - loss: 0.0014 - accuracy: 0.9998 - val_loss: 0.0173 - val_accuracy: 0.9957 - lr: 1.2500e-04 - 2s/epoch - 14ms/step
Epoch 42/50
174/174 - 2s - loss: 0.0015 - accuracy: 0.9998 - val_loss: 0.0153 - val_accuracy: 0.9960 - lr: 1.2500e-04 - 2s/epoch - 14ms/step
Epoch 43/50
174/174 - 2s - loss: 0.0010 - accuracy: 0.9999 - val_loss: 0.0150 - val_accuracy: 0.9960 - lr: 1.2500e-04 - 2s/epoch - 14ms/step
Epoch 44/50

Epoch 44: ReduceLROnPlateau reducing learning rate to 6.25000029685907e-05.
Restoring model weights from the end of the best epoch: 34.
174/174 - 2s - loss: 0.0013 - accuracy: 0.9997 - val_loss: 0.0169 - val_accuracy: 0.9968 - lr: 1.2500e-04 - 2s/epoch - 14ms/step
Epoch 44: early stopping
2026-05-01 19:09:11.521637: W tensorflow/compiler/mlir/lite/python/tf_tfl_flatbuffer_helpers.cc:378] Ignored output_format.
2026-05-01 19:09:11.521677: W tensorflow/compiler/mlir/lite/python/tf_tfl_flatbuffer_helpers.cc:381] Ignored drop_control_dependency.
2026-05-01 19:09:11.522033: I tensorflow/cc/saved_model/reader.cc:83] Reading SavedModel from: /tmp/b00090279/tmpsq3z7tny
2026-05-01 19:09:11.534566: I tensorflow/cc/saved_model/reader.cc:51] Reading meta graph with tags { serve }
2026-05-01 19:09:11.534587: I tensorflow/cc/saved_model/reader.cc:146] Reading SavedModel debug info (if present) from: /tmp/b00090279/tmpsq3z7tny
2026-05-01 19:09:11.555943: I tensorflow/compiler/mlir/mlir_graph_optimization_pass.cc:382] MLIR V1 optimization pass is not enabled
2026-05-01 19:09:11.562310: I tensorflow/cc/saved_model/loader.cc:233] Restoring SavedModel bundle.
2026-05-01 19:09:11.701187: I tensorflow/cc/saved_model/loader.cc:217] Running initialization op on SavedModel bundle at path: /tmp/b00090279/tmpsq3z7tny
2026-05-01 19:09:11.754551: I tensorflow/cc/saved_model/loader.cc:316] SavedModel load for tags { serve }; Status: success: OK. Took 232519 microseconds.
2026-05-01 19:09:11.988897: I tensorflow/compiler/mlir/lite/flatbuffer_export.cc:2245] Estimated count of arithmetic ops: 66.569 M  ops, equivalently 33.285 M  MACs
/shared/b00090279/tinymlproj/lib/python3.10/site-packages/tensorflow/lite/python/convert.py:947: UserWarning: Statistics for quantized inputs were expected, but not specified; continuing anyway.
  warnings.warn(
2026-05-01 19:09:23.936245: W tensorflow/compiler/mlir/lite/python/tf_tfl_flatbuffer_helpers.cc:378] Ignored output_format.
2026-05-01 19:09:23.936271: W tensorflow/compiler/mlir/lite/python/tf_tfl_flatbuffer_helpers.cc:381] Ignored drop_control_dependency.
2026-05-01 19:09:23.936484: I tensorflow/cc/saved_model/reader.cc:83] Reading SavedModel from: /tmp/b00090279/tmpkujqcsup
2026-05-01 19:09:23.949201: I tensorflow/cc/saved_model/reader.cc:51] Reading meta graph with tags { serve }
2026-05-01 19:09:23.949223: I tensorflow/cc/saved_model/reader.cc:146] Reading SavedModel debug info (if present) from: /tmp/b00090279/tmpkujqcsup
2026-05-01 19:09:23.975345: I tensorflow/cc/saved_model/loader.cc:233] Restoring SavedModel bundle.
2026-05-01 19:09:24.113146: I tensorflow/cc/saved_model/loader.cc:217] Running initialization op on SavedModel bundle at path: /tmp/b00090279/tmpkujqcsup
2026-05-01 19:09:24.166936: I tensorflow/cc/saved_model/loader.cc:316] SavedModel load for tags { serve }; Status: success: OK. Took 230452 microseconds.
2026-05-01 19:09:24.393652: I tensorflow/compiler/mlir/lite/flatbuffer_export.cc:2245] Estimated count of arithmetic ops: 66.569 M  ops, equivalently 33.285 M  MACs
fully_quantize: 0, inference_type: 6, input_inference_type: INT8, output_inference_type: INT8
2026-05-01 19:09:25.463138: I tensorflow/compiler/mlir/lite/flatbuffer_export.cc:2245] Estimated count of arithmetic ops: 66.569 M  ops, equivalently 33.285 M  MACs
Epoch 1/10
174/174 - 15s - loss: 0.0134 - accuracy: 0.9989 - val_loss: 0.0123 - val_accuracy: 0.9968 - 15s/epoch - 86ms/step
Epoch 2/10
174/174 - 6s - loss: 0.0019 - accuracy: 0.9997 - val_loss: 0.0134 - val_accuracy: 0.9975 - 6s/epoch - 37ms/step
Epoch 3/10
174/174 - 6s - loss: 0.0015 - accuracy: 0.9998 - val_loss: 0.0145 - val_accuracy: 0.9964 - 6s/epoch - 37ms/step
Epoch 4/10
174/174 - 6s - loss: 0.0011 - accuracy: 0.9998 - val_loss: 0.0147 - val_accuracy: 0.9975 - 6s/epoch - 37ms/step
Epoch 5/10
174/174 - 6s - loss: 0.0014 - accuracy: 0.9998 - val_loss: 0.0152 - val_accuracy: 0.9968 - 6s/epoch - 37ms/step
Epoch 6/10
174/174 - 6s - loss: 9.8786e-04 - accuracy: 0.9999 - val_loss: 0.0151 - val_accuracy: 0.9968 - 6s/epoch - 37ms/step
Epoch 7/10
174/174 - 6s - loss: 0.0011 - accuracy: 0.9998 - val_loss: 0.0151 - val_accuracy: 0.9968 - 6s/epoch - 37ms/step
Epoch 8/10
174/174 - 6s - loss: 0.0010 - accuracy: 0.9999 - val_loss: 0.0140 - val_accuracy: 0.9975 - 6s/epoch - 37ms/step
Epoch 9/10
174/174 - 6s - loss: 0.0011 - accuracy: 0.9998 - val_loss: 0.0136 - val_accuracy: 0.9968 - 6s/epoch - 37ms/step
Epoch 10/10
174/174 - 6s - loss: 0.0013 - accuracy: 0.9997 - val_loss: 0.0145 - val_accuracy: 0.9971 - 6s/epoch - 37ms/step
/shared/b00090279/tinymlproj/lib/python3.10/site-packages/tensorflow/lite/python/convert.py:947: UserWarning: Statistics for quantized inputs were expected, but not specified; continuing anyway.
  warnings.warn(
2026-05-01 19:11:04.952123: W tensorflow/compiler/mlir/lite/python/tf_tfl_flatbuffer_helpers.cc:378] Ignored output_format.
2026-05-01 19:11:04.952166: W tensorflow/compiler/mlir/lite/python/tf_tfl_flatbuffer_helpers.cc:381] Ignored drop_control_dependency.
2026-05-01 19:11:04.952392: I tensorflow/cc/saved_model/reader.cc:83] Reading SavedModel from: /tmp/b00090279/tmpyy65fmk4
2026-05-01 19:11:04.984835: I tensorflow/cc/saved_model/reader.cc:51] Reading meta graph with tags { serve }
2026-05-01 19:11:04.984880: I tensorflow/cc/saved_model/reader.cc:146] Reading SavedModel debug info (if present) from: /tmp/b00090279/tmpyy65fmk4
2026-05-01 19:11:05.069454: I tensorflow/cc/saved_model/loader.cc:233] Restoring SavedModel bundle.
2026-05-01 19:11:05.571611: I tensorflow/cc/saved_model/loader.cc:217] Running initialization op on SavedModel bundle at path: /tmp/b00090279/tmpyy65fmk4
2026-05-01 19:11:05.746708: I tensorflow/cc/saved_model/loader.cc:316] SavedModel load for tags { serve }; Status: success: OK. Took 794317 microseconds.
2026-05-01 19:11:06.365767: I tensorflow/compiler/mlir/lite/flatbuffer_export.cc:2245] Estimated count of arithmetic ops: 66.595 M  ops, equivalently 33.298 M  MACs
fully_quantize: 0, inference_type: 6, input_inference_type: INT8, output_inference_type: INT8
2026-05-01 19:11:07.328362: I tensorflow/compiler/mlir/lite/flatbuffer_export.cc:2245] Estimated count of arithmetic ops: 66.595 M  ops, equivalently 33.298 M  MACs
rows: 1
master_csv: /shared/b00090279/TinyML-Course/har-mcu/reports/m3/arch_seq/tcn_inception_conv2d/e05/results_master.csv
master_md: /shared/b00090279/TinyML-Course/har-mcu/reports/m3/arch_seq/tcn_inception_conv2d/e05/results_master.md
m3_master_csv: /shared/b00090279/TinyML-Course/har-mcu/reports/m3/arch_seq/tcn_inception_conv2d/e05/m3_experiment_master.csv
m3_master_md: /shared/b00090279/TinyML-Course/har-mcu/reports/m3/arch_seq/tcn_inception_conv2d/e05/m3_experiment_master.md
========== M3 sequential tcn_inception_conv2d: configs/m3/E06_no_norm_matched.yaml ==========
status: valid
experiment_id: E06_no_norm_matched
model_variant: tcn_inception_conv2d
data_source: wisdm_arduino
train_domain: wisdm
eval_domain: arduino
transfer_mode: zero_shot
split_protocols: random_stratified
window_size_samples: 100
window_duration_seconds: 5.0
sample_rate_hz: 20.0
target_sample_rate_hz: 20.0
unit_mode: raw_no_conversion
normalization_mode: none
diagnostic_only: False
enabled: True
tooling_only: False
2026-05-01 19:11:16.008766: E tensorflow/compiler/xla/stream_executor/cuda/cuda_dnn.cc:9342] Unable to register cuDNN factory: Attempting to register factory for plugin cuDNN when one has already been registered
2026-05-01 19:11:16.008833: E tensorflow/compiler/xla/stream_executor/cuda/cuda_fft.cc:609] Unable to register cuFFT factory: Attempting to register factory for plugin cuFFT when one has already been registered
2026-05-01 19:11:16.008873: E tensorflow/compiler/xla/stream_executor/cuda/cuda_blas.cc:1518] Unable to register cuBLAS factory: Attempting to register factory for plugin cuBLAS when one has already been registered
2026-05-01 19:11:16.017314: I tensorflow/core/platform/cpu_feature_guard.cc:182] This TensorFlow binary is optimized to use available CPU instructions in performance-critical operations.
To enable the following instructions: AVX2 FMA, in other operations, rebuild TensorFlow with the appropriate compiler flags.
2026-05-01 19:11:25.309970: I tensorflow/compiler/xla/stream_executor/cuda/cuda_gpu_executor.cc:894] successful NUMA node read from SysFS had negative value (-1), but there must be at least one NUMA node, so returning NUMA node zero. See more at https://github.com/torvalds/linux/blob/v6.0/Documentation/ABI/testing/sysfs-bus-pci#L344-L355
2026-05-01 19:11:25.396491: I tensorflow/compiler/xla/stream_executor/cuda/cuda_gpu_executor.cc:894] successful NUMA node read from SysFS had negative value (-1), but there must be at least one NUMA node, so returning NUMA node zero. See more at https://github.com/torvalds/linux/blob/v6.0/Documentation/ABI/testing/sysfs-bus-pci#L344-L355
2026-05-01 19:11:25.399636: I tensorflow/compiler/xla/stream_executor/cuda/cuda_gpu_executor.cc:894] successful NUMA node read from SysFS had negative value (-1), but there must be at least one NUMA node, so returning NUMA node zero. See more at https://github.com/torvalds/linux/blob/v6.0/Documentation/ABI/testing/sysfs-bus-pci#L344-L355
2026-05-01 19:11:28.615735: I tensorflow/compiler/xla/stream_executor/cuda/cuda_gpu_executor.cc:894] successful NUMA node read from SysFS had negative value (-1), but there must be at least one NUMA node, so returning NUMA node zero. See more at https://github.com/torvalds/linux/blob/v6.0/Documentation/ABI/testing/sysfs-bus-pci#L344-L355
2026-05-01 19:11:28.619808: I tensorflow/compiler/xla/stream_executor/cuda/cuda_gpu_executor.cc:894] successful NUMA node read from SysFS had negative value (-1), but there must be at least one NUMA node, so returning NUMA node zero. See more at https://github.com/torvalds/linux/blob/v6.0/Documentation/ABI/testing/sysfs-bus-pci#L344-L355
2026-05-01 19:11:28.622708: I tensorflow/compiler/xla/stream_executor/cuda/cuda_gpu_executor.cc:894] successful NUMA node read from SysFS had negative value (-1), but there must be at least one NUMA node, so returning NUMA node zero. See more at https://github.com/torvalds/linux/blob/v6.0/Documentation/ABI/testing/sysfs-bus-pci#L344-L355
2026-05-01 19:11:28.751446: I tensorflow/compiler/xla/stream_executor/cuda/cuda_gpu_executor.cc:894] successful NUMA node read from SysFS had negative value (-1), but there must be at least one NUMA node, so returning NUMA node zero. See more at https://github.com/torvalds/linux/blob/v6.0/Documentation/ABI/testing/sysfs-bus-pci#L344-L355
2026-05-01 19:11:28.753462: I tensorflow/compiler/xla/stream_executor/cuda/cuda_gpu_executor.cc:894] successful NUMA node read from SysFS had negative value (-1), but there must be at least one NUMA node, so returning NUMA node zero. See more at https://github.com/torvalds/linux/blob/v6.0/Documentation/ABI/testing/sysfs-bus-pci#L344-L355
2026-05-01 19:11:28.755380: I tensorflow/compiler/xla/stream_executor/cuda/cuda_gpu_executor.cc:894] successful NUMA node read from SysFS had negative value (-1), but there must be at least one NUMA node, so returning NUMA node zero. See more at https://github.com/torvalds/linux/blob/v6.0/Documentation/ABI/testing/sysfs-bus-pci#L344-L355
2026-05-01 19:11:28.757268: I tensorflow/core/common_runtime/gpu/gpu_device.cc:1886] Created device /job:localhost/replica:0/task:0/device:GPU:0 with 20665 MB memory:  -> device: 0, name: NVIDIA A10G, pci bus id: 0000:00:1e.0, compute capability: 8.6
Epoch 1/50
2026-05-01 19:11:33.255297: I tensorflow/compiler/xla/stream_executor/cuda/cuda_dnn.cc:442] Loaded cuDNN version 8700
2026-05-01 19:11:34.562352: I tensorflow/compiler/xla/service/service.cc:168] XLA service 0x7600e0c16620 initialized for platform CUDA (this does not guarantee that XLA will be used). Devices:
2026-05-01 19:11:34.562382: I tensorflow/compiler/xla/service/service.cc:176]   StreamExecutor device (0): NVIDIA A10G, Compute Capability 8.6
2026-05-01 19:11:34.566995: I tensorflow/compiler/mlir/tensorflow/utils/dump_mlir_util.cc:269] disabling MLIR crash reproducer, set env var `MLIR_CRASH_REPRODUCER_DIRECTORY` to enable.
2026-05-01 19:11:34.648875: I ./tensorflow/compiler/jit/device_compiler.h:186] Compiled cluster using XLA!  This line is logged at most once for the lifetime of the process.
174/174 - 13s - loss: 0.5328 - accuracy: 0.8265 - val_loss: 0.5126 - val_accuracy: 0.8184 - lr: 0.0010 - 13s/epoch - 74ms/step
Epoch 2/50
174/174 - 3s - loss: 0.1847 - accuracy: 0.9378 - val_loss: 0.1937 - val_accuracy: 0.9290 - lr: 0.0010 - 3s/epoch - 15ms/step
Epoch 3/50
174/174 - 3s - loss: 0.1093 - accuracy: 0.9656 - val_loss: 0.1058 - val_accuracy: 0.9629 - lr: 0.0010 - 3s/epoch - 15ms/step
Epoch 4/50
174/174 - 3s - loss: 0.0703 - accuracy: 0.9786 - val_loss: 0.0910 - val_accuracy: 0.9668 - lr: 0.0010 - 3s/epoch - 15ms/step
Epoch 5/50
174/174 - 3s - loss: 0.0553 - accuracy: 0.9845 - val_loss: 0.1266 - val_accuracy: 0.9596 - lr: 0.0010 - 3s/epoch - 15ms/step
Epoch 6/50
174/174 - 3s - loss: 0.0420 - accuracy: 0.9877 - val_loss: 0.0494 - val_accuracy: 0.9877 - lr: 0.0010 - 3s/epoch - 15ms/step
Epoch 7/50
174/174 - 3s - loss: 0.0402 - accuracy: 0.9888 - val_loss: 0.0724 - val_accuracy: 0.9759 - lr: 0.0010 - 3s/epoch - 15ms/step
Epoch 8/50
174/174 - 3s - loss: 0.0347 - accuracy: 0.9906 - val_loss: 0.0314 - val_accuracy: 0.9885 - lr: 0.0010 - 3s/epoch - 15ms/step
Epoch 9/50
174/174 - 3s - loss: 0.0233 - accuracy: 0.9937 - val_loss: 0.0391 - val_accuracy: 0.9892 - lr: 0.0010 - 3s/epoch - 15ms/step
Epoch 10/50
174/174 - 3s - loss: 0.0244 - accuracy: 0.9937 - val_loss: 0.0324 - val_accuracy: 0.9910 - lr: 0.0010 - 3s/epoch - 15ms/step
Epoch 11/50
174/174 - 3s - loss: 0.0269 - accuracy: 0.9919 - val_loss: 0.1645 - val_accuracy: 0.9506 - lr: 0.0010 - 3s/epoch - 15ms/step
Epoch 12/50
174/174 - 3s - loss: 0.0277 - accuracy: 0.9924 - val_loss: 0.0508 - val_accuracy: 0.9863 - lr: 0.0010 - 3s/epoch - 15ms/step
Epoch 13/50

Epoch 13: ReduceLROnPlateau reducing learning rate to 0.0005000000237487257.
174/174 - 3s - loss: 0.0247 - accuracy: 0.9937 - val_loss: 0.2578 - val_accuracy: 0.9294 - lr: 0.0010 - 3s/epoch - 15ms/step
Epoch 14/50
174/174 - 3s - loss: 0.0101 - accuracy: 0.9977 - val_loss: 0.0201 - val_accuracy: 0.9942 - lr: 5.0000e-04 - 3s/epoch - 15ms/step
Epoch 15/50
174/174 - 3s - loss: 0.0057 - accuracy: 0.9980 - val_loss: 0.0198 - val_accuracy: 0.9960 - lr: 5.0000e-04 - 3s/epoch - 15ms/step
Epoch 16/50
174/174 - 3s - loss: 0.0100 - accuracy: 0.9977 - val_loss: 0.0205 - val_accuracy: 0.9957 - lr: 5.0000e-04 - 3s/epoch - 15ms/step
Epoch 17/50
174/174 - 3s - loss: 0.0046 - accuracy: 0.9987 - val_loss: 0.0195 - val_accuracy: 0.9942 - lr: 5.0000e-04 - 3s/epoch - 15ms/step
Epoch 18/50
174/174 - 3s - loss: 0.0057 - accuracy: 0.9987 - val_loss: 0.0173 - val_accuracy: 0.9960 - lr: 5.0000e-04 - 3s/epoch - 15ms/step
Epoch 19/50
174/174 - 3s - loss: 0.0075 - accuracy: 0.9978 - val_loss: 0.0205 - val_accuracy: 0.9964 - lr: 5.0000e-04 - 3s/epoch - 15ms/step
Epoch 20/50
174/174 - 3s - loss: 0.0100 - accuracy: 0.9977 - val_loss: 0.0302 - val_accuracy: 0.9953 - lr: 5.0000e-04 - 3s/epoch - 15ms/step
Epoch 21/50
174/174 - 3s - loss: 0.0069 - accuracy: 0.9984 - val_loss: 0.0174 - val_accuracy: 0.9957 - lr: 5.0000e-04 - 3s/epoch - 15ms/step
Epoch 22/50
174/174 - 3s - loss: 0.0082 - accuracy: 0.9978 - val_loss: 0.0169 - val_accuracy: 0.9960 - lr: 5.0000e-04 - 3s/epoch - 15ms/step
Epoch 23/50
174/174 - 3s - loss: 0.0060 - accuracy: 0.9986 - val_loss: 0.0171 - val_accuracy: 0.9964 - lr: 5.0000e-04 - 3s/epoch - 15ms/step
Epoch 24/50
174/174 - 3s - loss: 0.0070 - accuracy: 0.9984 - val_loss: 0.0227 - val_accuracy: 0.9935 - lr: 5.0000e-04 - 3s/epoch - 15ms/step
Epoch 25/50
174/174 - 3s - loss: 0.0051 - accuracy: 0.9982 - val_loss: 0.0238 - val_accuracy: 0.9971 - lr: 5.0000e-04 - 3s/epoch - 15ms/step
Epoch 26/50
174/174 - 3s - loss: 0.0036 - accuracy: 0.9993 - val_loss: 0.0297 - val_accuracy: 0.9960 - lr: 5.0000e-04 - 3s/epoch - 15ms/step
Epoch 27/50

Epoch 27: ReduceLROnPlateau reducing learning rate to 0.0002500000118743628.
174/174 - 3s - loss: 0.0070 - accuracy: 0.9984 - val_loss: 0.0382 - val_accuracy: 0.9914 - lr: 5.0000e-04 - 3s/epoch - 15ms/step
Epoch 28/50
174/174 - 3s - loss: 0.0036 - accuracy: 0.9990 - val_loss: 0.0172 - val_accuracy: 0.9960 - lr: 2.5000e-04 - 3s/epoch - 15ms/step
Epoch 29/50
174/174 - 3s - loss: 0.0024 - accuracy: 0.9995 - val_loss: 0.0231 - val_accuracy: 0.9953 - lr: 2.5000e-04 - 3s/epoch - 15ms/step
Epoch 30/50
174/174 - 3s - loss: 0.0023 - accuracy: 0.9994 - val_loss: 0.0223 - val_accuracy: 0.9960 - lr: 2.5000e-04 - 3s/epoch - 14ms/step
Epoch 31/50
174/174 - 3s - loss: 0.0018 - accuracy: 0.9996 - val_loss: 0.0201 - val_accuracy: 0.9953 - lr: 2.5000e-04 - 3s/epoch - 15ms/step
Epoch 32/50
174/174 - 3s - loss: 0.0014 - accuracy: 0.9997 - val_loss: 0.0153 - val_accuracy: 0.9968 - lr: 2.5000e-04 - 3s/epoch - 15ms/step
Epoch 33/50
174/174 - 3s - loss: 0.0020 - accuracy: 0.9995 - val_loss: 0.0144 - val_accuracy: 0.9960 - lr: 2.5000e-04 - 3s/epoch - 15ms/step
Epoch 34/50
174/174 - 3s - loss: 0.0012 - accuracy: 0.9998 - val_loss: 0.0147 - val_accuracy: 0.9971 - lr: 2.5000e-04 - 3s/epoch - 14ms/step
Epoch 35/50
174/174 - 3s - loss: 0.0021 - accuracy: 0.9994 - val_loss: 0.0203 - val_accuracy: 0.9957 - lr: 2.5000e-04 - 3s/epoch - 15ms/step
Epoch 36/50
174/174 - 3s - loss: 0.0015 - accuracy: 0.9996 - val_loss: 0.0198 - val_accuracy: 0.9964 - lr: 2.5000e-04 - 3s/epoch - 15ms/step
Epoch 37/50
174/174 - 3s - loss: 0.0016 - accuracy: 0.9997 - val_loss: 0.0250 - val_accuracy: 0.9935 - lr: 2.5000e-04 - 3s/epoch - 15ms/step
Epoch 38/50

Epoch 38: ReduceLROnPlateau reducing learning rate to 0.0001250000059371814.
174/174 - 3s - loss: 0.0033 - accuracy: 0.9994 - val_loss: 0.0215 - val_accuracy: 0.9964 - lr: 2.5000e-04 - 3s/epoch - 15ms/step
Epoch 39/50
174/174 - 3s - loss: 9.7451e-04 - accuracy: 0.9998 - val_loss: 0.0204 - val_accuracy: 0.9964 - lr: 1.2500e-04 - 3s/epoch - 15ms/step
Epoch 40/50
174/174 - 3s - loss: 0.0011 - accuracy: 0.9998 - val_loss: 0.0121 - val_accuracy: 0.9978 - lr: 1.2500e-04 - 3s/epoch - 15ms/step
Epoch 41/50
174/174 - 3s - loss: 9.5083e-04 - accuracy: 0.9998 - val_loss: 0.0145 - val_accuracy: 0.9964 - lr: 1.2500e-04 - 3s/epoch - 15ms/step
Epoch 42/50
174/174 - 3s - loss: 0.0012 - accuracy: 0.9996 - val_loss: 0.0136 - val_accuracy: 0.9960 - lr: 1.2500e-04 - 3s/epoch - 15ms/step
Epoch 43/50
174/174 - 3s - loss: 6.2133e-04 - accuracy: 0.9999 - val_loss: 0.0147 - val_accuracy: 0.9968 - lr: 1.2500e-04 - 3s/epoch - 15ms/step
Epoch 44/50
174/174 - 3s - loss: 8.7759e-04 - accuracy: 0.9999 - val_loss: 0.0158 - val_accuracy: 0.9968 - lr: 1.2500e-04 - 3s/epoch - 15ms/step
Epoch 45/50

Epoch 45: ReduceLROnPlateau reducing learning rate to 6.25000029685907e-05.
174/174 - 3s - loss: 9.6761e-04 - accuracy: 0.9999 - val_loss: 0.0205 - val_accuracy: 0.9953 - lr: 1.2500e-04 - 3s/epoch - 15ms/step
Epoch 46/50
174/174 - 3s - loss: 0.0015 - accuracy: 0.9996 - val_loss: 0.0184 - val_accuracy: 0.9957 - lr: 6.2500e-05 - 3s/epoch - 15ms/step
Epoch 47/50
174/174 - 3s - loss: 8.0345e-04 - accuracy: 0.9997 - val_loss: 0.0196 - val_accuracy: 0.9964 - lr: 6.2500e-05 - 3s/epoch - 15ms/step
Epoch 48/50
174/174 - 3s - loss: 5.6706e-04 - accuracy: 0.9999 - val_loss: 0.0159 - val_accuracy: 0.9964 - lr: 6.2500e-05 - 3s/epoch - 15ms/step
Epoch 49/50
174/174 - 3s - loss: 3.0031e-04 - accuracy: 1.0000 - val_loss: 0.0170 - val_accuracy: 0.9964 - lr: 6.2500e-05 - 3s/epoch - 15ms/step
Epoch 50/50

Epoch 50: ReduceLROnPlateau reducing learning rate to 3.125000148429535e-05.
Restoring model weights from the end of the best epoch: 40.
174/174 - 3s - loss: 4.8929e-04 - accuracy: 0.9999 - val_loss: 0.0177 - val_accuracy: 0.9964 - lr: 6.2500e-05 - 3s/epoch - 15ms/step
Epoch 50: early stopping
2026-05-01 19:13:53.733948: W tensorflow/compiler/mlir/lite/python/tf_tfl_flatbuffer_helpers.cc:378] Ignored output_format.
2026-05-01 19:13:53.733982: W tensorflow/compiler/mlir/lite/python/tf_tfl_flatbuffer_helpers.cc:381] Ignored drop_control_dependency.
2026-05-01 19:13:53.734323: I tensorflow/cc/saved_model/reader.cc:83] Reading SavedModel from: /tmp/b00090279/tmpl3y3g6bl
2026-05-01 19:13:53.747262: I tensorflow/cc/saved_model/reader.cc:51] Reading meta graph with tags { serve }
2026-05-01 19:13:53.747279: I tensorflow/cc/saved_model/reader.cc:146] Reading SavedModel debug info (if present) from: /tmp/b00090279/tmpl3y3g6bl
2026-05-01 19:13:53.768251: I tensorflow/compiler/mlir/mlir_graph_optimization_pass.cc:382] MLIR V1 optimization pass is not enabled
2026-05-01 19:13:53.774069: I tensorflow/cc/saved_model/loader.cc:233] Restoring SavedModel bundle.
2026-05-01 19:13:53.914655: I tensorflow/cc/saved_model/loader.cc:217] Running initialization op on SavedModel bundle at path: /tmp/b00090279/tmpl3y3g6bl
2026-05-01 19:13:53.969478: I tensorflow/cc/saved_model/loader.cc:316] SavedModel load for tags { serve }; Status: success: OK. Took 235154 microseconds.
2026-05-01 19:13:54.201918: I tensorflow/compiler/mlir/lite/flatbuffer_export.cc:2245] Estimated count of arithmetic ops: 66.569 M  ops, equivalently 33.285 M  MACs
/shared/b00090279/tinymlproj/lib/python3.10/site-packages/tensorflow/lite/python/convert.py:947: UserWarning: Statistics for quantized inputs were expected, but not specified; continuing anyway.
  warnings.warn(
2026-05-01 19:14:06.116776: W tensorflow/compiler/mlir/lite/python/tf_tfl_flatbuffer_helpers.cc:378] Ignored output_format.
2026-05-01 19:14:06.116804: W tensorflow/compiler/mlir/lite/python/tf_tfl_flatbuffer_helpers.cc:381] Ignored drop_control_dependency.
2026-05-01 19:14:06.117043: I tensorflow/cc/saved_model/reader.cc:83] Reading SavedModel from: /tmp/b00090279/tmpb6xur4e6
2026-05-01 19:14:06.130123: I tensorflow/cc/saved_model/reader.cc:51] Reading meta graph with tags { serve }
2026-05-01 19:14:06.130143: I tensorflow/cc/saved_model/reader.cc:146] Reading SavedModel debug info (if present) from: /tmp/b00090279/tmpb6xur4e6
2026-05-01 19:14:06.156748: I tensorflow/cc/saved_model/loader.cc:233] Restoring SavedModel bundle.
2026-05-01 19:14:06.297796: I tensorflow/cc/saved_model/loader.cc:217] Running initialization op on SavedModel bundle at path: /tmp/b00090279/tmpb6xur4e6
2026-05-01 19:14:06.352874: I tensorflow/cc/saved_model/loader.cc:316] SavedModel load for tags { serve }; Status: success: OK. Took 235831 microseconds.
2026-05-01 19:14:06.582476: I tensorflow/compiler/mlir/lite/flatbuffer_export.cc:2245] Estimated count of arithmetic ops: 66.569 M  ops, equivalently 33.285 M  MACs
fully_quantize: 0, inference_type: 6, input_inference_type: INT8, output_inference_type: INT8
2026-05-01 19:14:07.661449: I tensorflow/compiler/mlir/lite/flatbuffer_export.cc:2245] Estimated count of arithmetic ops: 66.569 M  ops, equivalently 33.285 M  MACs
Epoch 1/10
174/174 - 15s - loss: 0.0174 - accuracy: 0.9978 - val_loss: 0.0130 - val_accuracy: 0.9968 - 15s/epoch - 87ms/step
Epoch 2/10
174/174 - 6s - loss: 0.0012 - accuracy: 0.9998 - val_loss: 0.0186 - val_accuracy: 0.9964 - 6s/epoch - 37ms/step
Epoch 3/10
174/174 - 6s - loss: 0.0011 - accuracy: 0.9997 - val_loss: 0.0180 - val_accuracy: 0.9968 - 6s/epoch - 37ms/step
Epoch 4/10
174/174 - 6s - loss: 0.0011 - accuracy: 0.9996 - val_loss: 0.0164 - val_accuracy: 0.9968 - 6s/epoch - 37ms/step
Epoch 5/10
174/174 - 7s - loss: 6.8534e-04 - accuracy: 0.9999 - val_loss: 0.0162 - val_accuracy: 0.9968 - 7s/epoch - 37ms/step
Epoch 6/10
174/174 - 7s - loss: 3.2879e-04 - accuracy: 1.0000 - val_loss: 0.0168 - val_accuracy: 0.9968 - 7s/epoch - 37ms/step
Epoch 7/10
174/174 - 6s - loss: 5.5019e-04 - accuracy: 0.9999 - val_loss: 0.0172 - val_accuracy: 0.9971 - 6s/epoch - 37ms/step
Epoch 8/10
174/174 - 6s - loss: 5.4299e-04 - accuracy: 0.9999 - val_loss: 0.0160 - val_accuracy: 0.9971 - 6s/epoch - 37ms/step
Epoch 9/10
174/174 - 7s - loss: 4.8041e-04 - accuracy: 0.9999 - val_loss: 0.0167 - val_accuracy: 0.9971 - 7s/epoch - 38ms/step
Epoch 10/10
174/174 - 7s - loss: 4.5442e-04 - accuracy: 0.9999 - val_loss: 0.0161 - val_accuracy: 0.9971 - 7s/epoch - 37ms/step
/shared/b00090279/tinymlproj/lib/python3.10/site-packages/tensorflow/lite/python/convert.py:947: UserWarning: Statistics for quantized inputs were expected, but not specified; continuing anyway.
  warnings.warn(
2026-05-01 19:15:47.887290: W tensorflow/compiler/mlir/lite/python/tf_tfl_flatbuffer_helpers.cc:378] Ignored output_format.
2026-05-01 19:15:47.887333: W tensorflow/compiler/mlir/lite/python/tf_tfl_flatbuffer_helpers.cc:381] Ignored drop_control_dependency.
2026-05-01 19:15:47.887558: I tensorflow/cc/saved_model/reader.cc:83] Reading SavedModel from: /tmp/b00090279/tmpjk2hjpyy
2026-05-01 19:15:47.921988: I tensorflow/cc/saved_model/reader.cc:51] Reading meta graph with tags { serve }
2026-05-01 19:15:47.922035: I tensorflow/cc/saved_model/reader.cc:146] Reading SavedModel debug info (if present) from: /tmp/b00090279/tmpjk2hjpyy
2026-05-01 19:15:48.006839: I tensorflow/cc/saved_model/loader.cc:233] Restoring SavedModel bundle.
2026-05-01 19:15:48.508199: I tensorflow/cc/saved_model/loader.cc:217] Running initialization op on SavedModel bundle at path: /tmp/b00090279/tmpjk2hjpyy
2026-05-01 19:15:48.685702: I tensorflow/cc/saved_model/loader.cc:316] SavedModel load for tags { serve }; Status: success: OK. Took 798144 microseconds.
2026-05-01 19:15:49.289679: I tensorflow/compiler/mlir/lite/flatbuffer_export.cc:2245] Estimated count of arithmetic ops: 66.595 M  ops, equivalently 33.298 M  MACs
fully_quantize: 0, inference_type: 6, input_inference_type: INT8, output_inference_type: INT8
2026-05-01 19:15:50.239499: I tensorflow/compiler/mlir/lite/flatbuffer_export.cc:2245] Estimated count of arithmetic ops: 66.595 M  ops, equivalently 33.298 M  MACs
rows: 1
master_csv: /shared/b00090279/TinyML-Course/har-mcu/reports/m3/arch_seq/tcn_inception_conv2d/e06/results_master.csv
master_md: /shared/b00090279/TinyML-Course/har-mcu/reports/m3/arch_seq/tcn_inception_conv2d/e06/results_master.md
m3_master_csv: /shared/b00090279/TinyML-Course/har-mcu/reports/m3/arch_seq/tcn_inception_conv2d/e06/m3_experiment_master.csv
m3_master_md: /shared/b00090279/TinyML-Course/har-mcu/reports/m3/arch_seq/tcn_inception_conv2d/e06/m3_experiment_master.md
========== M3 sequential tcn_inception_conv2d: configs/m3/E07_skip_inference_norm_diag.yaml ==========
status: valid
experiment_id: E07_skip_inference_norm_diag
model_variant: tcn_inception_conv2d
data_source: wisdm_arduino
train_domain: wisdm
eval_domain: arduino
transfer_mode: zero_shot
split_protocols: random_stratified
window_size_samples: 100
window_duration_seconds: 5.0
sample_rate_hz: 20.0
target_sample_rate_hz: 20.0
unit_mode: raw_no_conversion
normalization_mode: train_zscore
diagnostic_only: True
enabled: True
tooling_only: False
2026-05-01 19:15:58.804936: E tensorflow/compiler/xla/stream_executor/cuda/cuda_dnn.cc:9342] Unable to register cuDNN factory: Attempting to register factory for plugin cuDNN when one has already been registered
2026-05-01 19:15:58.804976: E tensorflow/compiler/xla/stream_executor/cuda/cuda_fft.cc:609] Unable to register cuFFT factory: Attempting to register factory for plugin cuFFT when one has already been registered
2026-05-01 19:15:58.805014: E tensorflow/compiler/xla/stream_executor/cuda/cuda_blas.cc:1518] Unable to register cuBLAS factory: Attempting to register factory for plugin cuBLAS when one has already been registered
2026-05-01 19:15:58.813314: I tensorflow/core/platform/cpu_feature_guard.cc:182] This TensorFlow binary is optimized to use available CPU instructions in performance-critical operations.
To enable the following instructions: AVX2 FMA, in other operations, rebuild TensorFlow with the appropriate compiler flags.
2026-05-01 19:16:08.047749: I tensorflow/compiler/xla/stream_executor/cuda/cuda_gpu_executor.cc:894] successful NUMA node read from SysFS had negative value (-1), but there must be at least one NUMA node, so returning NUMA node zero. See more at https://github.com/torvalds/linux/blob/v6.0/Documentation/ABI/testing/sysfs-bus-pci#L344-L355
2026-05-01 19:16:08.134302: I tensorflow/compiler/xla/stream_executor/cuda/cuda_gpu_executor.cc:894] successful NUMA node read from SysFS had negative value (-1), but there must be at least one NUMA node, so returning NUMA node zero. See more at https://github.com/torvalds/linux/blob/v6.0/Documentation/ABI/testing/sysfs-bus-pci#L344-L355
2026-05-01 19:16:08.137537: I tensorflow/compiler/xla/stream_executor/cuda/cuda_gpu_executor.cc:894] successful NUMA node read from SysFS had negative value (-1), but there must be at least one NUMA node, so returning NUMA node zero. See more at https://github.com/torvalds/linux/blob/v6.0/Documentation/ABI/testing/sysfs-bus-pci#L344-L355
2026-05-01 19:16:11.475178: I tensorflow/compiler/xla/stream_executor/cuda/cuda_gpu_executor.cc:894] successful NUMA node read from SysFS had negative value (-1), but there must be at least one NUMA node, so returning NUMA node zero. See more at https://github.com/torvalds/linux/blob/v6.0/Documentation/ABI/testing/sysfs-bus-pci#L344-L355
2026-05-01 19:16:11.478680: I tensorflow/compiler/xla/stream_executor/cuda/cuda_gpu_executor.cc:894] successful NUMA node read from SysFS had negative value (-1), but there must be at least one NUMA node, so returning NUMA node zero. See more at https://github.com/torvalds/linux/blob/v6.0/Documentation/ABI/testing/sysfs-bus-pci#L344-L355
2026-05-01 19:16:11.481560: I tensorflow/compiler/xla/stream_executor/cuda/cuda_gpu_executor.cc:894] successful NUMA node read from SysFS had negative value (-1), but there must be at least one NUMA node, so returning NUMA node zero. See more at https://github.com/torvalds/linux/blob/v6.0/Documentation/ABI/testing/sysfs-bus-pci#L344-L355
2026-05-01 19:16:11.606219: I tensorflow/compiler/xla/stream_executor/cuda/cuda_gpu_executor.cc:894] successful NUMA node read from SysFS had negative value (-1), but there must be at least one NUMA node, so returning NUMA node zero. See more at https://github.com/torvalds/linux/blob/v6.0/Documentation/ABI/testing/sysfs-bus-pci#L344-L355
2026-05-01 19:16:11.608119: I tensorflow/compiler/xla/stream_executor/cuda/cuda_gpu_executor.cc:894] successful NUMA node read from SysFS had negative value (-1), but there must be at least one NUMA node, so returning NUMA node zero. See more at https://github.com/torvalds/linux/blob/v6.0/Documentation/ABI/testing/sysfs-bus-pci#L344-L355
2026-05-01 19:16:11.609982: I tensorflow/compiler/xla/stream_executor/cuda/cuda_gpu_executor.cc:894] successful NUMA node read from SysFS had negative value (-1), but there must be at least one NUMA node, so returning NUMA node zero. See more at https://github.com/torvalds/linux/blob/v6.0/Documentation/ABI/testing/sysfs-bus-pci#L344-L355
2026-05-01 19:16:11.611747: I tensorflow/core/common_runtime/gpu/gpu_device.cc:1886] Created device /job:localhost/replica:0/task:0/device:GPU:0 with 20665 MB memory:  -> device: 0, name: NVIDIA A10G, pci bus id: 0000:00:1e.0, compute capability: 8.6
Epoch 1/50
2026-05-01 19:16:16.040600: I tensorflow/compiler/xla/stream_executor/cuda/cuda_dnn.cc:442] Loaded cuDNN version 8700
2026-05-01 19:16:17.346731: I tensorflow/compiler/xla/service/service.cc:168] XLA service 0x78cc6c003f30 initialized for platform CUDA (this does not guarantee that XLA will be used). Devices:
2026-05-01 19:16:17.346758: I tensorflow/compiler/xla/service/service.cc:176]   StreamExecutor device (0): NVIDIA A10G, Compute Capability 8.6
2026-05-01 19:16:17.351377: I tensorflow/compiler/mlir/tensorflow/utils/dump_mlir_util.cc:269] disabling MLIR crash reproducer, set env var `MLIR_CRASH_REPRODUCER_DIRECTORY` to enable.
2026-05-01 19:16:17.435654: I ./tensorflow/compiler/jit/device_compiler.h:186] Compiled cluster using XLA!  This line is logged at most once for the lifetime of the process.
174/174 - 13s - loss: 0.5278 - accuracy: 0.8309 - val_loss: 0.3298 - val_accuracy: 0.8764 - lr: 0.0010 - 13s/epoch - 74ms/step
Epoch 2/50
174/174 - 3s - loss: 0.1849 - accuracy: 0.9418 - val_loss: 0.1075 - val_accuracy: 0.9632 - lr: 0.0010 - 3s/epoch - 15ms/step
Epoch 3/50
174/174 - 3s - loss: 0.1062 - accuracy: 0.9650 - val_loss: 0.1129 - val_accuracy: 0.9560 - lr: 0.0010 - 3s/epoch - 15ms/step
Epoch 4/50
174/174 - 3s - loss: 0.0757 - accuracy: 0.9782 - val_loss: 0.0708 - val_accuracy: 0.9813 - lr: 0.0010 - 3s/epoch - 15ms/step
Epoch 5/50
174/174 - 3s - loss: 0.0510 - accuracy: 0.9838 - val_loss: 0.0592 - val_accuracy: 0.9823 - lr: 0.0010 - 3s/epoch - 15ms/step
Epoch 6/50
174/174 - 3s - loss: 0.0496 - accuracy: 0.9851 - val_loss: 0.0544 - val_accuracy: 0.9859 - lr: 0.0010 - 3s/epoch - 15ms/step
Epoch 7/50
174/174 - 3s - loss: 0.0348 - accuracy: 0.9895 - val_loss: 0.0683 - val_accuracy: 0.9805 - lr: 0.0010 - 3s/epoch - 14ms/step
Epoch 8/50
174/174 - 3s - loss: 0.0305 - accuracy: 0.9905 - val_loss: 0.0561 - val_accuracy: 0.9845 - lr: 0.0010 - 3s/epoch - 14ms/step
Epoch 9/50
174/174 - 3s - loss: 0.0324 - accuracy: 0.9905 - val_loss: 0.0315 - val_accuracy: 0.9910 - lr: 0.0010 - 3s/epoch - 15ms/step
Epoch 10/50
174/174 - 3s - loss: 0.0291 - accuracy: 0.9919 - val_loss: 0.0516 - val_accuracy: 0.9849 - lr: 0.0010 - 3s/epoch - 14ms/step
Epoch 11/50
174/174 - 3s - loss: 0.0270 - accuracy: 0.9918 - val_loss: 0.0450 - val_accuracy: 0.9885 - lr: 0.0010 - 3s/epoch - 14ms/step
Epoch 12/50
174/174 - 3s - loss: 0.0276 - accuracy: 0.9920 - val_loss: 0.0648 - val_accuracy: 0.9809 - lr: 0.0010 - 3s/epoch - 14ms/step
Epoch 13/50
174/174 - 3s - loss: 0.0262 - accuracy: 0.9930 - val_loss: 0.0428 - val_accuracy: 0.9903 - lr: 0.0010 - 3s/epoch - 15ms/step
Epoch 14/50
174/174 - 3s - loss: 0.0183 - accuracy: 0.9948 - val_loss: 0.0276 - val_accuracy: 0.9932 - lr: 0.0010 - 3s/epoch - 15ms/step
Epoch 15/50
174/174 - 3s - loss: 0.0143 - accuracy: 0.9964 - val_loss: 0.0468 - val_accuracy: 0.9859 - lr: 0.0010 - 3s/epoch - 15ms/step
Epoch 16/50
174/174 - 3s - loss: 0.0214 - accuracy: 0.9942 - val_loss: 0.9269 - val_accuracy: 0.8656 - lr: 0.0010 - 3s/epoch - 14ms/step
Epoch 17/50
174/174 - 3s - loss: 0.0240 - accuracy: 0.9922 - val_loss: 0.0837 - val_accuracy: 0.9820 - lr: 0.0010 - 3s/epoch - 14ms/step
Epoch 18/50
174/174 - 3s - loss: 0.0202 - accuracy: 0.9944 - val_loss: 0.0366 - val_accuracy: 0.9903 - lr: 0.0010 - 3s/epoch - 15ms/step
Epoch 19/50

Epoch 19: ReduceLROnPlateau reducing learning rate to 0.0005000000237487257.
174/174 - 3s - loss: 0.0162 - accuracy: 0.9953 - val_loss: 0.0732 - val_accuracy: 0.9813 - lr: 0.0010 - 3s/epoch - 15ms/step
Epoch 20/50
174/174 - 3s - loss: 0.0095 - accuracy: 0.9977 - val_loss: 0.0203 - val_accuracy: 0.9953 - lr: 5.0000e-04 - 3s/epoch - 15ms/step
Epoch 21/50
174/174 - 3s - loss: 0.0041 - accuracy: 0.9995 - val_loss: 0.0181 - val_accuracy: 0.9946 - lr: 5.0000e-04 - 3s/epoch - 15ms/step
Epoch 22/50
174/174 - 3s - loss: 0.0027 - accuracy: 0.9995 - val_loss: 0.0170 - val_accuracy: 0.9964 - lr: 5.0000e-04 - 3s/epoch - 15ms/step
Epoch 23/50
174/174 - 3s - loss: 0.0031 - accuracy: 0.9993 - val_loss: 0.0228 - val_accuracy: 0.9953 - lr: 5.0000e-04 - 3s/epoch - 14ms/step
Epoch 24/50
174/174 - 3s - loss: 0.0028 - accuracy: 0.9995 - val_loss: 0.0189 - val_accuracy: 0.9957 - lr: 5.0000e-04 - 3s/epoch - 15ms/step
Epoch 25/50
174/174 - 3s - loss: 0.0030 - accuracy: 0.9995 - val_loss: 0.0196 - val_accuracy: 0.9950 - lr: 5.0000e-04 - 3s/epoch - 14ms/step
Epoch 26/50
174/174 - 3s - loss: 0.0027 - accuracy: 0.9995 - val_loss: 0.0210 - val_accuracy: 0.9960 - lr: 5.0000e-04 - 3s/epoch - 14ms/step
Epoch 27/50

Epoch 27: ReduceLROnPlateau reducing learning rate to 0.0002500000118743628.
174/174 - 3s - loss: 0.0029 - accuracy: 0.9995 - val_loss: 0.0216 - val_accuracy: 0.9950 - lr: 5.0000e-04 - 3s/epoch - 14ms/step
Epoch 28/50
174/174 - 3s - loss: 0.0035 - accuracy: 0.9989 - val_loss: 0.0221 - val_accuracy: 0.9950 - lr: 2.5000e-04 - 3s/epoch - 14ms/step
Epoch 29/50
174/174 - 3s - loss: 0.0034 - accuracy: 0.9992 - val_loss: 0.0189 - val_accuracy: 0.9964 - lr: 2.5000e-04 - 3s/epoch - 14ms/step
Epoch 30/50
174/174 - 3s - loss: 0.0022 - accuracy: 0.9995 - val_loss: 0.0195 - val_accuracy: 0.9960 - lr: 2.5000e-04 - 3s/epoch - 14ms/step
Epoch 31/50
174/174 - 3s - loss: 0.0030 - accuracy: 0.9993 - val_loss: 0.0216 - val_accuracy: 0.9953 - lr: 2.5000e-04 - 3s/epoch - 14ms/step
Epoch 32/50

Epoch 32: ReduceLROnPlateau reducing learning rate to 0.0001250000059371814.
Restoring model weights from the end of the best epoch: 22.
174/174 - 3s - loss: 0.0024 - accuracy: 0.9996 - val_loss: 0.0296 - val_accuracy: 0.9946 - lr: 2.5000e-04 - 3s/epoch - 15ms/step
Epoch 32: early stopping
2026-05-01 19:17:50.397336: W tensorflow/compiler/mlir/lite/python/tf_tfl_flatbuffer_helpers.cc:378] Ignored output_format.
2026-05-01 19:17:50.397375: W tensorflow/compiler/mlir/lite/python/tf_tfl_flatbuffer_helpers.cc:381] Ignored drop_control_dependency.
2026-05-01 19:17:50.397716: I tensorflow/cc/saved_model/reader.cc:83] Reading SavedModel from: /tmp/b00090279/tmpeqkm5y2w
2026-05-01 19:17:50.410499: I tensorflow/cc/saved_model/reader.cc:51] Reading meta graph with tags { serve }
2026-05-01 19:17:50.410517: I tensorflow/cc/saved_model/reader.cc:146] Reading SavedModel debug info (if present) from: /tmp/b00090279/tmpeqkm5y2w
2026-05-01 19:17:50.431300: I tensorflow/compiler/mlir/mlir_graph_optimization_pass.cc:382] MLIR V1 optimization pass is not enabled
2026-05-01 19:17:50.437342: I tensorflow/cc/saved_model/loader.cc:233] Restoring SavedModel bundle.
2026-05-01 19:17:50.579136: I tensorflow/cc/saved_model/loader.cc:217] Running initialization op on SavedModel bundle at path: /tmp/b00090279/tmpeqkm5y2w
2026-05-01 19:17:50.633763: I tensorflow/cc/saved_model/loader.cc:316] SavedModel load for tags { serve }; Status: success: OK. Took 236047 microseconds.
2026-05-01 19:17:50.863112: I tensorflow/compiler/mlir/lite/flatbuffer_export.cc:2245] Estimated count of arithmetic ops: 66.569 M  ops, equivalently 33.285 M  MACs
/shared/b00090279/tinymlproj/lib/python3.10/site-packages/tensorflow/lite/python/convert.py:947: UserWarning: Statistics for quantized inputs were expected, but not specified; continuing anyway.
  warnings.warn(
2026-05-01 19:18:02.873697: W tensorflow/compiler/mlir/lite/python/tf_tfl_flatbuffer_helpers.cc:378] Ignored output_format.
2026-05-01 19:18:02.873723: W tensorflow/compiler/mlir/lite/python/tf_tfl_flatbuffer_helpers.cc:381] Ignored drop_control_dependency.
2026-05-01 19:18:02.873963: I tensorflow/cc/saved_model/reader.cc:83] Reading SavedModel from: /tmp/b00090279/tmp2z_ayew4
2026-05-01 19:18:02.886830: I tensorflow/cc/saved_model/reader.cc:51] Reading meta graph with tags { serve }
2026-05-01 19:18:02.886851: I tensorflow/cc/saved_model/reader.cc:146] Reading SavedModel debug info (if present) from: /tmp/b00090279/tmp2z_ayew4
2026-05-01 19:18:02.913432: I tensorflow/cc/saved_model/loader.cc:233] Restoring SavedModel bundle.
2026-05-01 19:18:03.054660: I tensorflow/cc/saved_model/loader.cc:217] Running initialization op on SavedModel bundle at path: /tmp/b00090279/tmp2z_ayew4
2026-05-01 19:18:03.109748: I tensorflow/cc/saved_model/loader.cc:316] SavedModel load for tags { serve }; Status: success: OK. Took 235785 microseconds.
2026-05-01 19:18:03.339248: I tensorflow/compiler/mlir/lite/flatbuffer_export.cc:2245] Estimated count of arithmetic ops: 66.569 M  ops, equivalently 33.285 M  MACs
fully_quantize: 0, inference_type: 6, input_inference_type: INT8, output_inference_type: INT8
2026-05-01 19:18:04.413767: I tensorflow/compiler/mlir/lite/flatbuffer_export.cc:2245] Estimated count of arithmetic ops: 66.569 M  ops, equivalently 33.285 M  MACs
Epoch 1/10
174/174 - 15s - loss: 0.0124 - accuracy: 0.9988 - val_loss: 0.0164 - val_accuracy: 0.9964 - 15s/epoch - 87ms/step
Epoch 2/10
174/174 - 6s - loss: 0.0029 - accuracy: 0.9995 - val_loss: 0.0181 - val_accuracy: 0.9971 - 6s/epoch - 37ms/step
Epoch 3/10
174/174 - 6s - loss: 0.0024 - accuracy: 0.9995 - val_loss: 0.0191 - val_accuracy: 0.9960 - 6s/epoch - 37ms/step
Epoch 4/10
174/174 - 6s - loss: 0.0019 - accuracy: 0.9996 - val_loss: 0.0193 - val_accuracy: 0.9968 - 6s/epoch - 37ms/step
Epoch 5/10
174/174 - 6s - loss: 0.0021 - accuracy: 0.9996 - val_loss: 0.0209 - val_accuracy: 0.9957 - 6s/epoch - 37ms/step
Epoch 6/10
174/174 - 6s - loss: 0.0019 - accuracy: 0.9997 - val_loss: 0.0201 - val_accuracy: 0.9964 - 6s/epoch - 37ms/step
Epoch 7/10
174/174 - 6s - loss: 0.0016 - accuracy: 0.9997 - val_loss: 0.0197 - val_accuracy: 0.9960 - 6s/epoch - 37ms/step
Epoch 8/10
174/174 - 6s - loss: 0.0017 - accuracy: 0.9996 - val_loss: 0.0195 - val_accuracy: 0.9960 - 6s/epoch - 37ms/step
Epoch 9/10
174/174 - 7s - loss: 0.0019 - accuracy: 0.9995 - val_loss: 0.0188 - val_accuracy: 0.9964 - 7s/epoch - 37ms/step
Epoch 10/10
174/174 - 6s - loss: 0.0015 - accuracy: 0.9996 - val_loss: 0.0190 - val_accuracy: 0.9960 - 6s/epoch - 37ms/step
/shared/b00090279/tinymlproj/lib/python3.10/site-packages/tensorflow/lite/python/convert.py:947: UserWarning: Statistics for quantized inputs were expected, but not specified; continuing anyway.
  warnings.warn(
2026-05-01 19:19:44.679014: W tensorflow/compiler/mlir/lite/python/tf_tfl_flatbuffer_helpers.cc:378] Ignored output_format.
2026-05-01 19:19:44.679068: W tensorflow/compiler/mlir/lite/python/tf_tfl_flatbuffer_helpers.cc:381] Ignored drop_control_dependency.
2026-05-01 19:19:44.679298: I tensorflow/cc/saved_model/reader.cc:83] Reading SavedModel from: /tmp/b00090279/tmpcgg5pl96
2026-05-01 19:19:44.713693: I tensorflow/cc/saved_model/reader.cc:51] Reading meta graph with tags { serve }
2026-05-01 19:19:44.713738: I tensorflow/cc/saved_model/reader.cc:146] Reading SavedModel debug info (if present) from: /tmp/b00090279/tmpcgg5pl96
2026-05-01 19:19:44.800826: I tensorflow/cc/saved_model/loader.cc:233] Restoring SavedModel bundle.
2026-05-01 19:19:45.308909: I tensorflow/cc/saved_model/loader.cc:217] Running initialization op on SavedModel bundle at path: /tmp/b00090279/tmpcgg5pl96
2026-05-01 19:19:45.485762: I tensorflow/cc/saved_model/loader.cc:316] SavedModel load for tags { serve }; Status: success: OK. Took 806465 microseconds.
2026-05-01 19:19:46.095754: I tensorflow/compiler/mlir/lite/flatbuffer_export.cc:2245] Estimated count of arithmetic ops: 66.595 M  ops, equivalently 33.298 M  MACs
fully_quantize: 0, inference_type: 6, input_inference_type: INT8, output_inference_type: INT8
2026-05-01 19:19:47.044786: I tensorflow/compiler/mlir/lite/flatbuffer_export.cc:2245] Estimated count of arithmetic ops: 66.595 M  ops, equivalently 33.298 M  MACs
rows: 1
master_csv: /shared/b00090279/TinyML-Course/har-mcu/reports/m3/arch_seq/tcn_inception_conv2d/e07/results_master.csv
master_md: /shared/b00090279/TinyML-Course/har-mcu/reports/m3/arch_seq/tcn_inception_conv2d/e07/results_master.md
m3_master_csv: /shared/b00090279/TinyML-Course/har-mcu/reports/m3/arch_seq/tcn_inception_conv2d/e07/m3_experiment_master.csv
m3_master_md: /shared/b00090279/TinyML-Course/har-mcu/reports/m3/arch_seq/tcn_inception_conv2d/e07/m3_experiment_master.md
========== M3 sequential tcn_inception_conv2d: configs/m3/E08_T50_window.yaml ==========
status: valid
experiment_id: E08_T50_window
model_variant: tcn_inception_conv2d
data_source: wisdm_arduino
train_domain: wisdm
eval_domain: arduino
transfer_mode: zero_shot
split_protocols: random_stratified
window_size_samples: 50
window_duration_seconds: 2.5
sample_rate_hz: 20.0
target_sample_rate_hz: 20.0
unit_mode: raw_no_conversion
normalization_mode: train_zscore
diagnostic_only: False
enabled: True
tooling_only: False
2026-05-01 19:19:56.094865: E tensorflow/compiler/xla/stream_executor/cuda/cuda_dnn.cc:9342] Unable to register cuDNN factory: Attempting to register factory for plugin cuDNN when one has already been registered
2026-05-01 19:19:56.094906: E tensorflow/compiler/xla/stream_executor/cuda/cuda_fft.cc:609] Unable to register cuFFT factory: Attempting to register factory for plugin cuFFT when one has already been registered
2026-05-01 19:19:56.094944: E tensorflow/compiler/xla/stream_executor/cuda/cuda_blas.cc:1518] Unable to register cuBLAS factory: Attempting to register factory for plugin cuBLAS when one has already been registered
2026-05-01 19:19:56.103298: I tensorflow/core/platform/cpu_feature_guard.cc:182] This TensorFlow binary is optimized to use available CPU instructions in performance-critical operations.
To enable the following instructions: AVX2 FMA, in other operations, rebuild TensorFlow with the appropriate compiler flags.
2026-05-01 19:20:08.738986: I tensorflow/compiler/xla/stream_executor/cuda/cuda_gpu_executor.cc:894] successful NUMA node read from SysFS had negative value (-1), but there must be at least one NUMA node, so returning NUMA node zero. See more at https://github.com/torvalds/linux/blob/v6.0/Documentation/ABI/testing/sysfs-bus-pci#L344-L355
2026-05-01 19:20:08.825927: I tensorflow/compiler/xla/stream_executor/cuda/cuda_gpu_executor.cc:894] successful NUMA node read from SysFS had negative value (-1), but there must be at least one NUMA node, so returning NUMA node zero. See more at https://github.com/torvalds/linux/blob/v6.0/Documentation/ABI/testing/sysfs-bus-pci#L344-L355
2026-05-01 19:20:08.829105: I tensorflow/compiler/xla/stream_executor/cuda/cuda_gpu_executor.cc:894] successful NUMA node read from SysFS had negative value (-1), but there must be at least one NUMA node, so returning NUMA node zero. See more at https://github.com/torvalds/linux/blob/v6.0/Documentation/ABI/testing/sysfs-bus-pci#L344-L355
2026-05-01 19:20:12.349892: I tensorflow/compiler/xla/stream_executor/cuda/cuda_gpu_executor.cc:894] successful NUMA node read from SysFS had negative value (-1), but there must be at least one NUMA node, so returning NUMA node zero. See more at https://github.com/torvalds/linux/blob/v6.0/Documentation/ABI/testing/sysfs-bus-pci#L344-L355
2026-05-01 19:20:12.354545: I tensorflow/compiler/xla/stream_executor/cuda/cuda_gpu_executor.cc:894] successful NUMA node read from SysFS had negative value (-1), but there must be at least one NUMA node, so returning NUMA node zero. See more at https://github.com/torvalds/linux/blob/v6.0/Documentation/ABI/testing/sysfs-bus-pci#L344-L355
2026-05-01 19:20:12.357675: I tensorflow/compiler/xla/stream_executor/cuda/cuda_gpu_executor.cc:894] successful NUMA node read from SysFS had negative value (-1), but there must be at least one NUMA node, so returning NUMA node zero. See more at https://github.com/torvalds/linux/blob/v6.0/Documentation/ABI/testing/sysfs-bus-pci#L344-L355
2026-05-01 19:20:12.486641: I tensorflow/compiler/xla/stream_executor/cuda/cuda_gpu_executor.cc:894] successful NUMA node read from SysFS had negative value (-1), but there must be at least one NUMA node, so returning NUMA node zero. See more at https://github.com/torvalds/linux/blob/v6.0/Documentation/ABI/testing/sysfs-bus-pci#L344-L355
2026-05-01 19:20:12.488632: I tensorflow/compiler/xla/stream_executor/cuda/cuda_gpu_executor.cc:894] successful NUMA node read from SysFS had negative value (-1), but there must be at least one NUMA node, so returning NUMA node zero. See more at https://github.com/torvalds/linux/blob/v6.0/Documentation/ABI/testing/sysfs-bus-pci#L344-L355
2026-05-01 19:20:12.490554: I tensorflow/compiler/xla/stream_executor/cuda/cuda_gpu_executor.cc:894] successful NUMA node read from SysFS had negative value (-1), but there must be at least one NUMA node, so returning NUMA node zero. See more at https://github.com/torvalds/linux/blob/v6.0/Documentation/ABI/testing/sysfs-bus-pci#L344-L355
2026-05-01 19:20:12.492347: I tensorflow/core/common_runtime/gpu/gpu_device.cc:1886] Created device /job:localhost/replica:0/task:0/device:GPU:0 with 20665 MB memory:  -> device: 0, name: NVIDIA A10G, pci bus id: 0000:00:1e.0, compute capability: 8.6
Epoch 1/50
2026-05-01 19:20:16.988410: I tensorflow/compiler/xla/stream_executor/cuda/cuda_dnn.cc:442] Loaded cuDNN version 8700
2026-05-01 19:20:18.317174: I tensorflow/compiler/xla/service/service.cc:168] XLA service 0x7c1b982f9cf0 initialized for platform CUDA (this does not guarantee that XLA will be used). Devices:
2026-05-01 19:20:18.317204: I tensorflow/compiler/xla/service/service.cc:176]   StreamExecutor device (0): NVIDIA A10G, Compute Capability 8.6
2026-05-01 19:20:18.321778: I tensorflow/compiler/mlir/tensorflow/utils/dump_mlir_util.cc:269] disabling MLIR crash reproducer, set env var `MLIR_CRASH_REPRODUCER_DIRECTORY` to enable.
2026-05-01 19:20:18.404584: I ./tensorflow/compiler/jit/device_compiler.h:186] Compiled cluster using XLA!  This line is logged at most once for the lifetime of the process.
354/354 - 15s - loss: 0.4398 - accuracy: 0.8534 - val_loss: 0.2246 - val_accuracy: 0.9269 - lr: 0.0010 - 15s/epoch - 43ms/step
Epoch 2/50
354/354 - 5s - loss: 0.1543 - accuracy: 0.9514 - val_loss: 0.2484 - val_accuracy: 0.9227 - lr: 0.0010 - 5s/epoch - 14ms/step
Epoch 3/50
354/354 - 5s - loss: 0.0966 - accuracy: 0.9698 - val_loss: 0.1507 - val_accuracy: 0.9489 - lr: 0.0010 - 5s/epoch - 14ms/step
Epoch 4/50
354/354 - 5s - loss: 0.0761 - accuracy: 0.9769 - val_loss: 0.0724 - val_accuracy: 0.9774 - lr: 0.0010 - 5s/epoch - 14ms/step
Epoch 5/50
354/354 - 5s - loss: 0.0611 - accuracy: 0.9821 - val_loss: 0.0903 - val_accuracy: 0.9724 - lr: 0.0010 - 5s/epoch - 14ms/step
Epoch 6/50
354/354 - 5s - loss: 0.0469 - accuracy: 0.9861 - val_loss: 0.0723 - val_accuracy: 0.9789 - lr: 0.0010 - 5s/epoch - 14ms/step
Epoch 7/50
354/354 - 5s - loss: 0.0454 - accuracy: 0.9870 - val_loss: 0.0833 - val_accuracy: 0.9772 - lr: 0.0010 - 5s/epoch - 14ms/step
Epoch 8/50
354/354 - 5s - loss: 0.0359 - accuracy: 0.9894 - val_loss: 0.0585 - val_accuracy: 0.9827 - lr: 0.0010 - 5s/epoch - 14ms/step
Epoch 9/50
354/354 - 5s - loss: 0.0279 - accuracy: 0.9926 - val_loss: 0.0804 - val_accuracy: 0.9761 - lr: 0.0010 - 5s/epoch - 14ms/step
Epoch 10/50
354/354 - 5s - loss: 0.0318 - accuracy: 0.9906 - val_loss: 0.0704 - val_accuracy: 0.9814 - lr: 0.0010 - 5s/epoch - 14ms/step
Epoch 11/50
354/354 - 5s - loss: 0.0271 - accuracy: 0.9918 - val_loss: 0.0734 - val_accuracy: 0.9797 - lr: 0.0010 - 5s/epoch - 14ms/step
Epoch 12/50
354/354 - 5s - loss: 0.0218 - accuracy: 0.9933 - val_loss: 0.0717 - val_accuracy: 0.9811 - lr: 0.0010 - 5s/epoch - 14ms/step
Epoch 13/50
354/354 - 5s - loss: 0.0252 - accuracy: 0.9920 - val_loss: 0.0547 - val_accuracy: 0.9855 - lr: 0.0010 - 5s/epoch - 14ms/step
Epoch 14/50
354/354 - 5s - loss: 0.0197 - accuracy: 0.9936 - val_loss: 0.0673 - val_accuracy: 0.9860 - lr: 0.0010 - 5s/epoch - 14ms/step
Epoch 15/50
354/354 - 5s - loss: 0.0170 - accuracy: 0.9947 - val_loss: 0.0787 - val_accuracy: 0.9843 - lr: 0.0010 - 5s/epoch - 14ms/step
Epoch 16/50
354/354 - 5s - loss: 0.0222 - accuracy: 0.9936 - val_loss: 0.0527 - val_accuracy: 0.9855 - lr: 0.0010 - 5s/epoch - 14ms/step
Epoch 17/50
354/354 - 5s - loss: 0.0142 - accuracy: 0.9957 - val_loss: 0.0633 - val_accuracy: 0.9853 - lr: 0.0010 - 5s/epoch - 14ms/step
Epoch 18/50
354/354 - 5s - loss: 0.0187 - accuracy: 0.9954 - val_loss: 0.0635 - val_accuracy: 0.9869 - lr: 0.0010 - 5s/epoch - 14ms/step
Epoch 19/50
354/354 - 5s - loss: 0.0122 - accuracy: 0.9965 - val_loss: 0.0552 - val_accuracy: 0.9867 - lr: 0.0010 - 5s/epoch - 14ms/step
Epoch 20/50
354/354 - 5s - loss: 0.0140 - accuracy: 0.9962 - val_loss: 0.0601 - val_accuracy: 0.9866 - lr: 0.0010 - 5s/epoch - 14ms/step
Epoch 21/50
354/354 - 5s - loss: 0.0230 - accuracy: 0.9938 - val_loss: 0.0468 - val_accuracy: 0.9874 - lr: 0.0010 - 5s/epoch - 14ms/step
Epoch 22/50
354/354 - 5s - loss: 0.0125 - accuracy: 0.9969 - val_loss: 0.0565 - val_accuracy: 0.9848 - lr: 0.0010 - 5s/epoch - 14ms/step
Epoch 23/50
354/354 - 5s - loss: 0.0160 - accuracy: 0.9952 - val_loss: 0.0921 - val_accuracy: 0.9774 - lr: 0.0010 - 5s/epoch - 14ms/step
Epoch 24/50
354/354 - 5s - loss: 0.0121 - accuracy: 0.9963 - val_loss: 0.0808 - val_accuracy: 0.9841 - lr: 0.0010 - 5s/epoch - 14ms/step
Epoch 25/50
354/354 - 5s - loss: 0.0240 - accuracy: 0.9943 - val_loss: 0.0514 - val_accuracy: 0.9867 - lr: 0.0010 - 5s/epoch - 14ms/step
Epoch 26/50

Epoch 26: ReduceLROnPlateau reducing learning rate to 0.0005000000237487257.
354/354 - 5s - loss: 0.0060 - accuracy: 0.9983 - val_loss: 0.0601 - val_accuracy: 0.9864 - lr: 0.0010 - 5s/epoch - 14ms/step
Epoch 27/50
354/354 - 5s - loss: 0.0048 - accuracy: 0.9990 - val_loss: 0.0536 - val_accuracy: 0.9876 - lr: 5.0000e-04 - 5s/epoch - 14ms/step
Epoch 28/50
354/354 - 5s - loss: 0.0034 - accuracy: 0.9991 - val_loss: 0.0495 - val_accuracy: 0.9894 - lr: 5.0000e-04 - 5s/epoch - 14ms/step
Epoch 29/50
354/354 - 5s - loss: 0.0021 - accuracy: 0.9996 - val_loss: 0.0520 - val_accuracy: 0.9887 - lr: 5.0000e-04 - 5s/epoch - 14ms/step
Epoch 30/50
354/354 - 5s - loss: 0.0023 - accuracy: 0.9994 - val_loss: 0.0655 - val_accuracy: 0.9883 - lr: 5.0000e-04 - 5s/epoch - 14ms/step
Epoch 31/50

Epoch 31: ReduceLROnPlateau reducing learning rate to 0.0002500000118743628.
Restoring model weights from the end of the best epoch: 21.
354/354 - 5s - loss: 0.0042 - accuracy: 0.9989 - val_loss: 0.0704 - val_accuracy: 0.9850 - lr: 5.0000e-04 - 5s/epoch - 14ms/step
Epoch 31: early stopping
2026-05-01 19:23:04.899022: W tensorflow/compiler/mlir/lite/python/tf_tfl_flatbuffer_helpers.cc:378] Ignored output_format.
2026-05-01 19:23:04.899060: W tensorflow/compiler/mlir/lite/python/tf_tfl_flatbuffer_helpers.cc:381] Ignored drop_control_dependency.
2026-05-01 19:23:04.899401: I tensorflow/cc/saved_model/reader.cc:83] Reading SavedModel from: /tmp/b00090279/tmpimqpp3vq
2026-05-01 19:23:04.912528: I tensorflow/cc/saved_model/reader.cc:51] Reading meta graph with tags { serve }
2026-05-01 19:23:04.912546: I tensorflow/cc/saved_model/reader.cc:146] Reading SavedModel debug info (if present) from: /tmp/b00090279/tmpimqpp3vq
2026-05-01 19:23:04.933302: I tensorflow/compiler/mlir/mlir_graph_optimization_pass.cc:382] MLIR V1 optimization pass is not enabled
2026-05-01 19:23:04.938925: I tensorflow/cc/saved_model/loader.cc:233] Restoring SavedModel bundle.
2026-05-01 19:23:05.080003: I tensorflow/cc/saved_model/loader.cc:217] Running initialization op on SavedModel bundle at path: /tmp/b00090279/tmpimqpp3vq
2026-05-01 19:23:05.134710: I tensorflow/cc/saved_model/loader.cc:316] SavedModel load for tags { serve }; Status: success: OK. Took 235309 microseconds.
2026-05-01 19:23:05.367769: I tensorflow/compiler/mlir/lite/flatbuffer_export.cc:2245] Estimated count of arithmetic ops: 33.285 M  ops, equivalently 16.643 M  MACs
/shared/b00090279/tinymlproj/lib/python3.10/site-packages/tensorflow/lite/python/convert.py:947: UserWarning: Statistics for quantized inputs were expected, but not specified; continuing anyway.
  warnings.warn(
2026-05-01 19:23:17.268771: W tensorflow/compiler/mlir/lite/python/tf_tfl_flatbuffer_helpers.cc:378] Ignored output_format.
2026-05-01 19:23:17.268796: W tensorflow/compiler/mlir/lite/python/tf_tfl_flatbuffer_helpers.cc:381] Ignored drop_control_dependency.
2026-05-01 19:23:17.269027: I tensorflow/cc/saved_model/reader.cc:83] Reading SavedModel from: /tmp/b00090279/tmpiv3dx_02
2026-05-01 19:23:17.281873: I tensorflow/cc/saved_model/reader.cc:51] Reading meta graph with tags { serve }
2026-05-01 19:23:17.281894: I tensorflow/cc/saved_model/reader.cc:146] Reading SavedModel debug info (if present) from: /tmp/b00090279/tmpiv3dx_02
2026-05-01 19:23:17.308148: I tensorflow/cc/saved_model/loader.cc:233] Restoring SavedModel bundle.
2026-05-01 19:23:17.448766: I tensorflow/cc/saved_model/loader.cc:217] Running initialization op on SavedModel bundle at path: /tmp/b00090279/tmpiv3dx_02
2026-05-01 19:23:17.503708: I tensorflow/cc/saved_model/loader.cc:316] SavedModel load for tags { serve }; Status: success: OK. Took 234681 microseconds.
2026-05-01 19:23:17.731928: I tensorflow/compiler/mlir/lite/flatbuffer_export.cc:2245] Estimated count of arithmetic ops: 33.285 M  ops, equivalently 16.643 M  MACs
fully_quantize: 0, inference_type: 6, input_inference_type: INT8, output_inference_type: INT8
2026-05-01 19:23:18.418680: I tensorflow/compiler/mlir/lite/flatbuffer_export.cc:2245] Estimated count of arithmetic ops: 33.285 M  ops, equivalently 16.643 M  MACs
Epoch 1/10
354/354 - 22s - loss: 0.0169 - accuracy: 0.9968 - val_loss: 0.0511 - val_accuracy: 0.9881 - 22s/epoch - 61ms/step
Epoch 2/10
354/354 - 13s - loss: 0.0037 - accuracy: 0.9992 - val_loss: 0.0483 - val_accuracy: 0.9892 - 13s/epoch - 37ms/step
Epoch 3/10
354/354 - 13s - loss: 0.0029 - accuracy: 0.9995 - val_loss: 0.0484 - val_accuracy: 0.9890 - 13s/epoch - 37ms/step
Epoch 4/10
354/354 - 13s - loss: 0.0026 - accuracy: 0.9993 - val_loss: 0.0506 - val_accuracy: 0.9892 - 13s/epoch - 37ms/step
Epoch 5/10
354/354 - 13s - loss: 0.0026 - accuracy: 0.9995 - val_loss: 0.0497 - val_accuracy: 0.9892 - 13s/epoch - 37ms/step
Epoch 6/10
354/354 - 13s - loss: 0.0027 - accuracy: 0.9997 - val_loss: 0.0510 - val_accuracy: 0.9889 - 13s/epoch - 37ms/step
Epoch 7/10
354/354 - 13s - loss: 0.0023 - accuracy: 0.9996 - val_loss: 0.0544 - val_accuracy: 0.9885 - 13s/epoch - 37ms/step
Epoch 8/10
354/354 - 13s - loss: 0.0020 - accuracy: 0.9996 - val_loss: 0.0542 - val_accuracy: 0.9892 - 13s/epoch - 37ms/step
Epoch 9/10
354/354 - 13s - loss: 0.0021 - accuracy: 0.9996 - val_loss: 0.0553 - val_accuracy: 0.9894 - 13s/epoch - 37ms/step
Epoch 10/10
354/354 - 13s - loss: 0.0017 - accuracy: 0.9998 - val_loss: 0.0563 - val_accuracy: 0.9890 - 13s/epoch - 37ms/step
/shared/b00090279/tinymlproj/lib/python3.10/site-packages/tensorflow/lite/python/convert.py:947: UserWarning: Statistics for quantized inputs were expected, but not specified; continuing anyway.
  warnings.warn(
2026-05-01 19:26:03.518192: W tensorflow/compiler/mlir/lite/python/tf_tfl_flatbuffer_helpers.cc:378] Ignored output_format.
2026-05-01 19:26:03.518234: W tensorflow/compiler/mlir/lite/python/tf_tfl_flatbuffer_helpers.cc:381] Ignored drop_control_dependency.
2026-05-01 19:26:03.518459: I tensorflow/cc/saved_model/reader.cc:83] Reading SavedModel from: /tmp/b00090279/tmpmkbggzp4
2026-05-01 19:26:03.553363: I tensorflow/cc/saved_model/reader.cc:51] Reading meta graph with tags { serve }
2026-05-01 19:26:03.553406: I tensorflow/cc/saved_model/reader.cc:146] Reading SavedModel debug info (if present) from: /tmp/b00090279/tmpmkbggzp4
2026-05-01 19:26:03.641385: I tensorflow/cc/saved_model/loader.cc:233] Restoring SavedModel bundle.
2026-05-01 19:26:04.144400: I tensorflow/cc/saved_model/loader.cc:217] Running initialization op on SavedModel bundle at path: /tmp/b00090279/tmpmkbggzp4
2026-05-01 19:26:04.319200: I tensorflow/cc/saved_model/loader.cc:316] SavedModel load for tags { serve }; Status: success: OK. Took 800742 microseconds.
2026-05-01 19:26:04.930919: I tensorflow/compiler/mlir/lite/flatbuffer_export.cc:2245] Estimated count of arithmetic ops: 33.298 M  ops, equivalently 16.649 M  MACs
fully_quantize: 0, inference_type: 6, input_inference_type: INT8, output_inference_type: INT8
2026-05-01 19:26:05.480061: I tensorflow/compiler/mlir/lite/flatbuffer_export.cc:2245] Estimated count of arithmetic ops: 33.298 M  ops, equivalently 16.649 M  MACs
rows: 1
master_csv: /shared/b00090279/TinyML-Course/har-mcu/reports/m3/arch_seq/tcn_inception_conv2d/e08/results_master.csv
master_md: /shared/b00090279/TinyML-Course/har-mcu/reports/m3/arch_seq/tcn_inception_conv2d/e08/results_master.md
m3_master_csv: /shared/b00090279/TinyML-Course/har-mcu/reports/m3/arch_seq/tcn_inception_conv2d/e08/m3_experiment_master.csv
m3_master_md: /shared/b00090279/TinyML-Course/har-mcu/reports/m3/arch_seq/tcn_inception_conv2d/e08/m3_experiment_master.md
========== M3 sequential tcn_inception_conv2d: configs/m3/E09_wisdm_pretrain_arduino_finetune.yaml ==========
status: valid
experiment_id: E09_wisdm_pretrain_arduino_finetune
model_variant: tcn_inception_conv2d
data_source: wisdm_arduino
train_domain: arduino
eval_domain: arduino
transfer_mode: finetune
split_protocols: random_stratified
window_size_samples: 100
window_duration_seconds: 5.0
sample_rate_hz: 20.0
target_sample_rate_hz: 20.0
unit_mode: raw_no_conversion
normalization_mode: train_zscore
diagnostic_only: False
enabled: True
tooling_only: False
2026-05-01 19:26:14.164538: E tensorflow/compiler/xla/stream_executor/cuda/cuda_dnn.cc:9342] Unable to register cuDNN factory: Attempting to register factory for plugin cuDNN when one has already been registered
2026-05-01 19:26:14.164583: E tensorflow/compiler/xla/stream_executor/cuda/cuda_fft.cc:609] Unable to register cuFFT factory: Attempting to register factory for plugin cuFFT when one has already been registered
2026-05-01 19:26:14.164621: E tensorflow/compiler/xla/stream_executor/cuda/cuda_blas.cc:1518] Unable to register cuBLAS factory: Attempting to register factory for plugin cuBLAS when one has already been registered
2026-05-01 19:26:14.173119: I tensorflow/core/platform/cpu_feature_guard.cc:182] This TensorFlow binary is optimized to use available CPU instructions in performance-critical operations.
To enable the following instructions: AVX2 FMA, in other operations, rebuild TensorFlow with the appropriate compiler flags.
2026-05-01 19:26:23.533125: I tensorflow/compiler/xla/stream_executor/cuda/cuda_gpu_executor.cc:894] successful NUMA node read from SysFS had negative value (-1), but there must be at least one NUMA node, so returning NUMA node zero. See more at https://github.com/torvalds/linux/blob/v6.0/Documentation/ABI/testing/sysfs-bus-pci#L344-L355
2026-05-01 19:26:23.620552: I tensorflow/compiler/xla/stream_executor/cuda/cuda_gpu_executor.cc:894] successful NUMA node read from SysFS had negative value (-1), but there must be at least one NUMA node, so returning NUMA node zero. See more at https://github.com/torvalds/linux/blob/v6.0/Documentation/ABI/testing/sysfs-bus-pci#L344-L355
2026-05-01 19:26:23.623649: I tensorflow/compiler/xla/stream_executor/cuda/cuda_gpu_executor.cc:894] successful NUMA node read from SysFS had negative value (-1), but there must be at least one NUMA node, so returning NUMA node zero. See more at https://github.com/torvalds/linux/blob/v6.0/Documentation/ABI/testing/sysfs-bus-pci#L344-L355
2026-05-01 19:26:27.014778: I tensorflow/compiler/xla/stream_executor/cuda/cuda_gpu_executor.cc:894] successful NUMA node read from SysFS had negative value (-1), but there must be at least one NUMA node, so returning NUMA node zero. See more at https://github.com/torvalds/linux/blob/v6.0/Documentation/ABI/testing/sysfs-bus-pci#L344-L355
2026-05-01 19:26:27.019742: I tensorflow/compiler/xla/stream_executor/cuda/cuda_gpu_executor.cc:894] successful NUMA node read from SysFS had negative value (-1), but there must be at least one NUMA node, so returning NUMA node zero. See more at https://github.com/torvalds/linux/blob/v6.0/Documentation/ABI/testing/sysfs-bus-pci#L344-L355
2026-05-01 19:26:27.022591: I tensorflow/compiler/xla/stream_executor/cuda/cuda_gpu_executor.cc:894] successful NUMA node read from SysFS had negative value (-1), but there must be at least one NUMA node, so returning NUMA node zero. See more at https://github.com/torvalds/linux/blob/v6.0/Documentation/ABI/testing/sysfs-bus-pci#L344-L355
2026-05-01 19:26:27.154696: I tensorflow/compiler/xla/stream_executor/cuda/cuda_gpu_executor.cc:894] successful NUMA node read from SysFS had negative value (-1), but there must be at least one NUMA node, so returning NUMA node zero. See more at https://github.com/torvalds/linux/blob/v6.0/Documentation/ABI/testing/sysfs-bus-pci#L344-L355
2026-05-01 19:26:27.156733: I tensorflow/compiler/xla/stream_executor/cuda/cuda_gpu_executor.cc:894] successful NUMA node read from SysFS had negative value (-1), but there must be at least one NUMA node, so returning NUMA node zero. See more at https://github.com/torvalds/linux/blob/v6.0/Documentation/ABI/testing/sysfs-bus-pci#L344-L355
2026-05-01 19:26:27.158696: I tensorflow/compiler/xla/stream_executor/cuda/cuda_gpu_executor.cc:894] successful NUMA node read from SysFS had negative value (-1), but there must be at least one NUMA node, so returning NUMA node zero. See more at https://github.com/torvalds/linux/blob/v6.0/Documentation/ABI/testing/sysfs-bus-pci#L344-L355
2026-05-01 19:26:27.160440: I tensorflow/core/common_runtime/gpu/gpu_device.cc:1886] Created device /job:localhost/replica:0/task:0/device:GPU:0 with 20665 MB memory:  -> device: 0, name: NVIDIA A10G, pci bus id: 0000:00:1e.0, compute capability: 8.6
Epoch 1/50
2026-05-01 19:26:31.671362: I tensorflow/compiler/xla/stream_executor/cuda/cuda_dnn.cc:442] Loaded cuDNN version 8700
2026-05-01 19:26:32.978524: I tensorflow/compiler/xla/service/service.cc:168] XLA service 0x75a73d23d1f0 initialized for platform CUDA (this does not guarantee that XLA will be used). Devices:
2026-05-01 19:26:32.978553: I tensorflow/compiler/xla/service/service.cc:176]   StreamExecutor device (0): NVIDIA A10G, Compute Capability 8.6
2026-05-01 19:26:32.983165: I tensorflow/compiler/mlir/tensorflow/utils/dump_mlir_util.cc:269] disabling MLIR crash reproducer, set env var `MLIR_CRASH_REPRODUCER_DIRECTORY` to enable.
2026-05-01 19:26:33.066633: I ./tensorflow/compiler/jit/device_compiler.h:186] Compiled cluster using XLA!  This line is logged at most once for the lifetime of the process.
174/174 - 13s - loss: 0.5294 - accuracy: 0.8309 - val_loss: 0.3138 - val_accuracy: 0.8850 - lr: 0.0010 - 13s/epoch - 74ms/step
Epoch 2/50
174/174 - 3s - loss: 0.1865 - accuracy: 0.9401 - val_loss: 0.1275 - val_accuracy: 0.9593 - lr: 0.0010 - 3s/epoch - 14ms/step
Epoch 3/50
174/174 - 3s - loss: 0.1075 - accuracy: 0.9646 - val_loss: 0.0840 - val_accuracy: 0.9733 - lr: 0.0010 - 3s/epoch - 14ms/step
Epoch 4/50
174/174 - 3s - loss: 0.0773 - accuracy: 0.9765 - val_loss: 0.0675 - val_accuracy: 0.9813 - lr: 0.0010 - 3s/epoch - 14ms/step
Epoch 5/50
174/174 - 2s - loss: 0.0520 - accuracy: 0.9844 - val_loss: 0.1179 - val_accuracy: 0.9614 - lr: 0.0010 - 2s/epoch - 14ms/step
Epoch 6/50
174/174 - 2s - loss: 0.0602 - accuracy: 0.9813 - val_loss: 0.0668 - val_accuracy: 0.9820 - lr: 0.0010 - 2s/epoch - 14ms/step
Epoch 7/50
174/174 - 2s - loss: 0.0398 - accuracy: 0.9872 - val_loss: 0.0631 - val_accuracy: 0.9802 - lr: 0.0010 - 2s/epoch - 14ms/step
Epoch 8/50
174/174 - 2s - loss: 0.0281 - accuracy: 0.9921 - val_loss: 0.0288 - val_accuracy: 0.9921 - lr: 0.0010 - 2s/epoch - 14ms/step
Epoch 9/50
174/174 - 2s - loss: 0.0278 - accuracy: 0.9918 - val_loss: 0.0484 - val_accuracy: 0.9856 - lr: 0.0010 - 2s/epoch - 14ms/step
Epoch 10/50
174/174 - 2s - loss: 0.0243 - accuracy: 0.9933 - val_loss: 0.0505 - val_accuracy: 0.9852 - lr: 0.0010 - 2s/epoch - 14ms/step
Epoch 11/50
174/174 - 2s - loss: 0.0349 - accuracy: 0.9904 - val_loss: 0.0371 - val_accuracy: 0.9903 - lr: 0.0010 - 2s/epoch - 14ms/step
Epoch 12/50
174/174 - 2s - loss: 0.0282 - accuracy: 0.9918 - val_loss: 0.0494 - val_accuracy: 0.9856 - lr: 0.0010 - 2s/epoch - 14ms/step
Epoch 13/50
174/174 - 3s - loss: 0.0164 - accuracy: 0.9958 - val_loss: 0.0282 - val_accuracy: 0.9932 - lr: 0.0010 - 3s/epoch - 14ms/step
Epoch 14/50
174/174 - 2s - loss: 0.0216 - accuracy: 0.9944 - val_loss: 0.0583 - val_accuracy: 0.9827 - lr: 0.0010 - 2s/epoch - 14ms/step
Epoch 15/50
174/174 - 2s - loss: 0.0197 - accuracy: 0.9940 - val_loss: 0.0360 - val_accuracy: 0.9906 - lr: 0.0010 - 2s/epoch - 14ms/step
Epoch 16/50
174/174 - 2s - loss: 0.0310 - accuracy: 0.9914 - val_loss: 0.0667 - val_accuracy: 0.9813 - lr: 0.0010 - 2s/epoch - 14ms/step
Epoch 17/50
174/174 - 2s - loss: 0.0130 - accuracy: 0.9964 - val_loss: 0.0365 - val_accuracy: 0.9892 - lr: 0.0010 - 2s/epoch - 14ms/step
Epoch 18/50

Epoch 18: ReduceLROnPlateau reducing learning rate to 0.0005000000237487257.
174/174 - 2s - loss: 0.0124 - accuracy: 0.9964 - val_loss: 0.0710 - val_accuracy: 0.9852 - lr: 0.0010 - 2s/epoch - 14ms/step
Epoch 19/50
174/174 - 3s - loss: 0.0110 - accuracy: 0.9972 - val_loss: 0.0261 - val_accuracy: 0.9939 - lr: 5.0000e-04 - 3s/epoch - 15ms/step
Epoch 20/50
174/174 - 2s - loss: 0.0073 - accuracy: 0.9982 - val_loss: 0.0171 - val_accuracy: 0.9946 - lr: 5.0000e-04 - 2s/epoch - 14ms/step
Epoch 21/50
174/174 - 2s - loss: 0.0050 - accuracy: 0.9990 - val_loss: 0.0206 - val_accuracy: 0.9942 - lr: 5.0000e-04 - 2s/epoch - 14ms/step
Epoch 22/50
174/174 - 2s - loss: 0.0035 - accuracy: 0.9993 - val_loss: 0.0199 - val_accuracy: 0.9957 - lr: 5.0000e-04 - 2s/epoch - 14ms/step
Epoch 23/50
174/174 - 2s - loss: 0.0048 - accuracy: 0.9985 - val_loss: 0.0214 - val_accuracy: 0.9953 - lr: 5.0000e-04 - 2s/epoch - 14ms/step
Epoch 24/50
174/174 - 2s - loss: 0.0036 - accuracy: 0.9993 - val_loss: 0.0218 - val_accuracy: 0.9942 - lr: 5.0000e-04 - 2s/epoch - 14ms/step
Epoch 25/50

Epoch 25: ReduceLROnPlateau reducing learning rate to 0.0002500000118743628.
174/174 - 2s - loss: 0.0057 - accuracy: 0.9988 - val_loss: 0.0208 - val_accuracy: 0.9950 - lr: 5.0000e-04 - 2s/epoch - 14ms/step
Epoch 26/50
174/174 - 2s - loss: 0.0021 - accuracy: 0.9997 - val_loss: 0.0187 - val_accuracy: 0.9957 - lr: 2.5000e-04 - 2s/epoch - 14ms/step
Epoch 27/50
174/174 - 2s - loss: 0.0017 - accuracy: 0.9998 - val_loss: 0.0190 - val_accuracy: 0.9957 - lr: 2.5000e-04 - 2s/epoch - 14ms/step
Epoch 28/50
174/174 - 2s - loss: 0.0015 - accuracy: 0.9998 - val_loss: 0.0199 - val_accuracy: 0.9957 - lr: 2.5000e-04 - 2s/epoch - 14ms/step
Epoch 29/50
174/174 - 3s - loss: 0.0022 - accuracy: 0.9997 - val_loss: 0.0170 - val_accuracy: 0.9953 - lr: 2.5000e-04 - 3s/epoch - 14ms/step
Epoch 30/50
174/174 - 2s - loss: 0.0014 - accuracy: 0.9999 - val_loss: 0.0178 - val_accuracy: 0.9953 - lr: 2.5000e-04 - 2s/epoch - 14ms/step
Epoch 31/50
174/174 - 2s - loss: 0.0013 - accuracy: 0.9998 - val_loss: 0.0177 - val_accuracy: 0.9957 - lr: 2.5000e-04 - 2s/epoch - 14ms/step
Epoch 32/50
174/174 - 2s - loss: 0.0025 - accuracy: 0.9995 - val_loss: 0.0232 - val_accuracy: 0.9950 - lr: 2.5000e-04 - 2s/epoch - 14ms/step
Epoch 33/50
174/174 - 2s - loss: 0.0042 - accuracy: 0.9987 - val_loss: 0.0240 - val_accuracy: 0.9953 - lr: 2.5000e-04 - 2s/epoch - 14ms/step
Epoch 34/50
174/174 - 2s - loss: 0.0028 - accuracy: 0.9993 - val_loss: 0.0168 - val_accuracy: 0.9960 - lr: 2.5000e-04 - 2s/epoch - 14ms/step
Epoch 35/50
174/174 - 2s - loss: 0.0021 - accuracy: 0.9995 - val_loss: 0.0175 - val_accuracy: 0.9957 - lr: 2.5000e-04 - 2s/epoch - 14ms/step
Epoch 36/50
174/174 - 2s - loss: 0.0020 - accuracy: 0.9995 - val_loss: 0.0159 - val_accuracy: 0.9957 - lr: 2.5000e-04 - 2s/epoch - 14ms/step
Epoch 37/50
174/174 - 2s - loss: 0.0017 - accuracy: 0.9995 - val_loss: 0.0188 - val_accuracy: 0.9942 - lr: 2.5000e-04 - 2s/epoch - 14ms/step
Epoch 38/50
