/* Converted from E03_arduino_downsample_20hz_T100/accel_rotation_v2_bounded20_p025/daghero_cnn_2layer_conv2d/e03/daghero_cnn_2layer_conv2d_T100_Prandom_stratified_E03_daghero_cnn_2layer_conv2d_r0_qat.tflite */
alignas(16) const unsigned char daghero_accel_rotation_v2_bounded20_p025_t100_qat[] = {
  0x20, 0x00, 0x00, 0x00, 0x54, 0x46, 0x4C, 0x33, 0x00, 0x00,
  0x00, 0x00, 0x14, 0x00, 0x20, 0x00, 0x1C, 0x00, 0x18, 0x00,
  0x14, 0x00, 0x10, 0x00, 0x0C, 0x00, 0x00, 0x00, 0x08, 0x00,
  0x04, 0x00, 0x14, 0x00, 0x00, 0x00, 0x1C, 0x00, 0x00, 0x00,
  0x98, 0x00, 0x00, 0x00, 0xF0, 0x00, 0x00, 0x00, 0x44, 0x51,
  0x00, 0x00, 0x54, 0x51, 0x00, 0x00, 0x28, 0x6A, 0x00, 0x00,
  0x03, 0x00, 0x00, 0x00, 0x01, 0x00, 0x00, 0x00, 0x10, 0x00,
  0x00, 0x00, 0x00, 0x00, 0x0A, 0x00, 0x10, 0x00, 0x0C, 0x00,
  0x08, 0x00, 0x04, 0x00, 0x0A, 0x00, 0x00, 0x00, 0x0C, 0x00,
  0x00, 0x00, 0x1C, 0x00, 0x00, 0x00, 0x44, 0x00, 0x00, 0x00,
  0x0F, 0x00, 0x00, 0x00, 0x73, 0x65, 0x72, 0x76, 0x69, 0x6E,
  0x67, 0x5F, 0x64, 0x65, 0x66, 0x61, 0x75, 0x6C, 0x74, 0x00,
  0x01, 0x00, 0x00, 0x00, 0x04, 0x00, 0x00, 0x00, 0x90, 0xFF,
  0xFF, 0xFF, 0x13, 0x00, 0x00, 0x00, 0x04, 0x00, 0x00, 0x00,
  0x10, 0x00, 0x00, 0x00, 0x71, 0x75, 0x61, 0x6E, 0x74, 0x5F,
  0x63, 0x6C, 0x61, 0x73, 0x73, 0x69, 0x66, 0x69, 0x65, 0x72,
  0x00, 0x00, 0x00, 0x00, 0x01, 0x00, 0x00, 0x00, 0x04, 0x00,
  0x00, 0x00, 0xA6, 0xAE, 0xFF, 0xFF, 0x04, 0x00, 0x00, 0x00,
  0x05, 0x00, 0x00, 0x00, 0x69, 0x6E, 0x70, 0x75, 0x74, 0x00,
  0x00, 0x00, 0x02, 0x00, 0x00, 0x00, 0x34, 0x00, 0x00, 0x00,
  0x04, 0x00, 0x00, 0x00, 0xDC, 0xFF, 0xFF, 0xFF, 0x16, 0x00,
  0x00, 0x00, 0x04, 0x00, 0x00, 0x00, 0x13, 0x00, 0x00, 0x00,
  0x43, 0x4F, 0x4E, 0x56, 0x45, 0x52, 0x53, 0x49, 0x4F, 0x4E,
  0x5F, 0x4D, 0x45, 0x54, 0x41, 0x44, 0x41, 0x54, 0x41, 0x00,
  0x08, 0x00, 0x0C, 0x00, 0x08, 0x00, 0x04, 0x00, 0x08, 0x00,
  0x00, 0x00, 0x15, 0x00, 0x00, 0x00, 0x04, 0x00, 0x00, 0x00,
  0x13, 0x00, 0x00, 0x00, 0x6D, 0x69, 0x6E, 0x5F, 0x72, 0x75,
  0x6E, 0x74, 0x69, 0x6D, 0x65, 0x5F, 0x76, 0x65, 0x72, 0x73,
  0x69, 0x6F, 0x6E, 0x00, 0x17, 0x00, 0x00, 0x00, 0x50, 0x50,
  0x00, 0x00, 0x48, 0x50, 0x00, 0x00, 0x30, 0x50, 0x00, 0x00,
  0x10, 0x50, 0x00, 0x00, 0x08, 0x50, 0x00, 0x00, 0x58, 0x4D,
  0x00, 0x00, 0xC8, 0x4C, 0x00, 0x00, 0xC0, 0x4C, 0x00, 0x00,
  0xB8, 0x4C, 0x00, 0x00, 0xA8, 0x14, 0x00, 0x00, 0x98, 0x13,
  0x00, 0x00, 0x90, 0x13, 0x00, 0x00, 0x88, 0x13, 0x00, 0x00,
  0x80, 0x13, 0x00, 0x00, 0x70, 0x03, 0x00, 0x00, 0x60, 0x02,
  0x00, 0x00, 0x58, 0x02, 0x00, 0x00, 0xC8, 0x00, 0x00, 0x00,
  0xA0, 0x00, 0x00, 0x00, 0x98, 0x00, 0x00, 0x00, 0x90, 0x00,
  0x00, 0x00, 0x70, 0x00, 0x00, 0x00, 0x04, 0x00, 0x00, 0x00,
  0x76, 0xAF, 0xFF, 0xFF, 0x04, 0x00, 0x00, 0x00, 0x5C, 0x00,
  0x00, 0x00, 0x0C, 0x00, 0x00, 0x00, 0x08, 0x00, 0x0E, 0x00,
  0x08, 0x00, 0x04, 0x00, 0x08, 0x00, 0x00, 0x00, 0x10, 0x00,
  0x00, 0x00, 0x2C, 0x00, 0x00, 0x00, 0x00, 0x00, 0x06, 0x00,
  0x08, 0x00, 0x04, 0x00, 0x06, 0x00, 0x00, 0x00, 0x04, 0x00,
  0x00, 0x00, 0x02, 0x00, 0x00, 0x00, 0xEB, 0x03, 0x00, 0x00,
  0xD0, 0x07, 0x00, 0x00, 0x00, 0x00, 0x0A, 0x00, 0x10, 0x00,
  0x0C, 0x00, 0x08, 0x00, 0x04, 0x00, 0x0A, 0x00, 0x00, 0x00,
  0x02, 0x00, 0x00, 0x00, 0x02, 0x00, 0x00, 0x00, 0x04, 0x00,
  0x00, 0x00, 0x06, 0x00, 0x00, 0x00, 0x32, 0x2E, 0x31, 0x34,
  0x2E, 0x31, 0x00, 0x00, 0xDE, 0xAF, 0xFF, 0xFF, 0x04, 0x00,
  0x00, 0x00, 0x10, 0x00, 0x00, 0x00, 0x31, 0x2E, 0x31, 0x34,
  0x2E, 0x30, 0x00, 0x00, 0x00, 0x00, 0x00, 0x00, 0x00, 0x00,
  0x00, 0x00, 0x80, 0x98, 0xFF, 0xFF, 0x84, 0x98, 0xFF, 0xFF,
  0x02, 0xB0, 0xFF, 0xFF, 0x04, 0x00, 0x00, 0x00, 0x18, 0x00,
  0x00, 0x00, 0xDD, 0xFF, 0xFF, 0xFF, 0x04, 0xFF, 0xFF, 0xFF,
  0x9D, 0x00, 0x00, 0x00, 0x56, 0x00, 0x00, 0x00, 0x4B, 0xFF,
  0xFF, 0xFF, 0xDB, 0x00, 0x00, 0x00, 0x26, 0xB0, 0xFF, 0xFF,
  0x04, 0x00, 0x00, 0x00, 0x80, 0x01, 0x00, 0x00, 0x2C, 0x35,
  0xFA, 0x27, 0xDF, 0x0F, 0xC6, 0x0B, 0xA3, 0xCD, 0x17, 0xEE,
  0xB9, 0xD5, 0xD8, 0xF1, 0xFB, 0xC7, 0x24, 0xE4, 0x23, 0xEA,
  0x02, 0xEB, 0x2A, 0x1A, 0xEF, 0xCB, 0x04, 0xF1, 0x27, 0x04,
  0xE0, 0xE6, 0xD7, 0xD6, 0xD3, 0xD8, 0xD9, 0xE5, 0x10, 0x30,
  0x17, 0xE5, 0x20, 0x5C, 0x1C, 0xE7, 0x31, 0x21, 0x1F, 0x07,
  0xF3, 0xEA, 0xFF, 0x0A, 0x1B, 0x1B, 0xF4, 0xF3, 0x00, 0x0E,
  0x25, 0x13, 0x11, 0x2C, 0x09, 0xD8, 0x01, 0xF8, 0xF3, 0x08,
  0x81, 0x05, 0x16, 0x1A, 0x1A, 0x20, 0x1A, 0x2E, 0x0A, 0xBE,
  0x1A, 0x25, 0xE1, 0xD5, 0xFE, 0x00, 0x02, 0x03, 0x19, 0x0A,
  0xE5, 0x07, 0xD7, 0xD8, 0xEE, 0x05, 0x30, 0x07, 0xF4, 0xE2,
  0xD9, 0xEA, 0x2B, 0x11, 0xFC, 0x38, 0x1F, 0x12, 0xEC, 0x2F,
  0xF2, 0x0E, 0x08, 0xE7, 0x27, 0xEF, 0xD9, 0xC5, 0xEF, 0xE9,
  0x14, 0x1C, 0xC9, 0x1A, 0x18, 0xDE, 0xCC, 0xAF, 0x02, 0x0D,
  0x17, 0xAD, 0x1A, 0x06, 0xC2, 0xE4, 0xFD, 0xF5, 0xD6, 0x10,
  0xF3, 0xED, 0xF3, 0xCB, 0xFC, 0xE5, 0xCD, 0x26, 0xB5, 0xD1,
  0xE4, 0x03, 0x0A, 0x13, 0x1B, 0x05, 0xE4, 0xF8, 0xD0, 0xBD,
  0xD8, 0xE2, 0x0A, 0x35, 0x47, 0x26, 0xD3, 0x00, 0x1E, 0xF5,
  0x0F, 0xBC, 0xCA, 0xFB, 0x12, 0xF0, 0xE0, 0xBA, 0x23, 0x0C,
  0xD6, 0x0F, 0xE2, 0x14, 0x1E, 0xED, 0x21, 0x1F, 0xEA, 0xDF,
  0x09, 0xFC, 0xBA, 0xC8, 0xDF, 0xFC, 0x0C, 0x21, 0x93, 0x2F,
  0xED, 0x03, 0x27, 0xF1, 0x02, 0xEF, 0x18, 0xA8, 0xC7, 0x14,
  0xF6, 0x17, 0x1E, 0x26, 0xED, 0xCC, 0xE4, 0x19, 0xD5, 0x2A,
  0x1C, 0x1E, 0x03, 0x3B, 0x08, 0xF1, 0x01, 0x03, 0xCC, 0xEE,
  0xE1, 0xE5, 0xDE, 0xDA, 0xB7, 0xC6, 0x2E, 0xDB, 0xD8, 0xE5,
  0x0A, 0x17, 0xBD, 0x28, 0x29, 0xFA, 0x15, 0xE8, 0xD5, 0xF9,
  0xFE, 0x1B, 0xFE, 0xF4, 0x10, 0xEA, 0xDC, 0x27, 0x2B, 0x2C,
  0x18, 0xD3, 0x20, 0x1F, 0xF5, 0xED, 0x0F, 0xD2, 0xE6, 0x02,
  0xEE, 0x20, 0xCB, 0x25, 0x33, 0x1C, 0xEA, 0xEA, 0xF6, 0xF5,
  0xD7, 0x0E, 0xE7, 0xDC, 0xD1, 0x01, 0xF6, 0xEA, 0xF0, 0x1D,
  0xFC, 0xF6, 0xEE, 0xE3, 0x25, 0xEF, 0x09, 0xD4, 0xFC, 0xE0,
  0x07, 0xEC, 0x04, 0xD8, 0x35, 0xF7, 0xE1, 0x1C, 0x09, 0x00,
  0xE3, 0xDD, 0x18, 0xF5, 0x02, 0xF2, 0x01, 0x15, 0x06, 0x16,
  0xFC, 0x20, 0xFF, 0x20, 0xE8, 0xA9, 0x35, 0x28, 0x05, 0x09,
  0x1A, 0x10, 0xFA, 0x23, 0xC8, 0x30, 0xE7, 0x08, 0xDB, 0xF1,
  0x08, 0x36, 0xF1, 0xD7, 0xE6, 0xBD, 0xDD, 0xDB, 0x08, 0xF7,
  0x29, 0x29, 0x32, 0xCC, 0xB5, 0x20, 0x22, 0x04, 0xFB, 0xE2,
  0xD1, 0x0A, 0x11, 0x09, 0xFD, 0xE1, 0x15, 0xEA, 0xDA, 0x18,
  0xF7, 0xD9, 0x0D, 0x14, 0xC3, 0xE0, 0x2B, 0xF0, 0x1F, 0x96,
  0xFF, 0xF0, 0x38, 0x9A, 0xFF, 0xFF, 0xB6, 0xB1, 0xFF, 0xFF,
  0x04, 0x00, 0x00, 0x00, 0x00, 0x01, 0x00, 0x00, 0xA7, 0x00,
  0x00, 0x00, 0xF2, 0x01, 0x00, 0x00, 0x30, 0xFC, 0xFF, 0xFF,
  0x73, 0x04, 0x00, 0x00, 0xA9, 0x01, 0x00, 0x00, 0xD0, 0x05,
  0x00, 0x00, 0xDE, 0x02, 0x00, 0x00, 0xD8, 0xFF, 0xFF, 0xFF,
  0x12, 0x0C, 0x00, 0x00, 0xB9, 0x04, 0x00, 0x00, 0x33, 0xFF,
  0xFF, 0xFF, 0xA4, 0xFF, 0xFF, 0xFF, 0x6F, 0x03, 0x00, 0x00,
  0xB7, 0xFF, 0xFF, 0xFF, 0xBF, 0xFF, 0xFF, 0xFF, 0xDD, 0xFD,
  0xFF, 0xFF, 0x69, 0xFF, 0xFF, 0xFF, 0x74, 0x0A, 0x00, 0x00,
  0x0C, 0x00, 0x00, 0x00, 0xCE, 0xFF, 0xFF, 0xFF, 0x6D, 0x02,
  0x00, 0x00, 0xA2, 0x02, 0x00, 0x00, 0x7B, 0x02, 0x00, 0x00,
  0xDC, 0x04, 0x00, 0x00, 0xE5, 0xFF, 0xFF, 0xFF, 0x28, 0xFF,
  0xFF, 0xFF, 0x6C, 0x00, 0x00, 0x00, 0xD1, 0x01, 0x00, 0x00,
  0x89, 0x01, 0x00, 0x00, 0x47, 0x00, 0x00, 0x00, 0xBA, 0x02,
  0x00, 0x00, 0xF7, 0x02, 0x00, 0x00, 0x28, 0x05, 0x00, 0x00,
  0xD1, 0x03, 0x00, 0x00, 0x02, 0x03, 0x00, 0x00, 0xEC, 0x00,
  0x00, 0x00, 0x91, 0x00, 0x00, 0x00, 0xC5, 0x04, 0x00, 0x00,
  0x44, 0x05, 0x00, 0x00, 0xED, 0x02, 0x00, 0x00, 0x49, 0xFE,
  0xFF, 0xFF, 0xFA, 0xFE, 0xFF, 0xFF, 0xA3, 0x00, 0x00, 0x00,
  0xCA, 0xFC, 0xFF, 0xFF, 0xB2, 0x00, 0x00, 0x00, 0xB4, 0x01,
  0x00, 0x00, 0xEC, 0x00, 0x00, 0x00, 0x51, 0xFC, 0xFF, 0xFF,
  0x04, 0x02, 0x00, 0x00, 0x47, 0xFF, 0xFF, 0xFF, 0xD0, 0x01,
  0x00, 0x00, 0xAF, 0x04, 0x00, 0x00, 0x4E, 0xFC, 0xFF, 0xFF,
  0x31, 0x01, 0x00, 0x00, 0x97, 0x02, 0x00, 0x00, 0xA8, 0x04,
  0x00, 0x00, 0xD7, 0xFF, 0xFF, 0xFF, 0xB4, 0x01, 0x00, 0x00,
  0xAF, 0x04, 0x00, 0x00, 0x2F, 0xFE, 0xFF, 0xFF, 0x4C, 0x05,
  0x00, 0x00, 0xA6, 0xFF, 0xFF, 0xFF, 0xCB, 0xFE, 0xFF, 0xFF,
  0x09, 0x01, 0x00, 0x00, 0xC2, 0xB2, 0xFF, 0xFF, 0x04, 0x00,
  0x00, 0x00, 0x00, 0x10, 0x00, 0x00, 0x18, 0xC5, 0xE3, 0xD4,
  0x14, 0x28, 0x0C, 0x0A, 0xF8, 0xFD, 0x2C, 0x04, 0x0B, 0x0D,
  0x0D, 0xE6, 0xD7, 0xF8, 0x22, 0xFC, 0xE1, 0xF0, 0x16, 0xFA,
  0x12, 0xE2, 0x05, 0x05, 0x2C, 0x0C, 0x02, 0x0E, 0xFC, 0x39,
  0x07, 0x16, 0xF2, 0x07, 0x2D, 0x0E, 0x01, 0x09, 0xEB, 0x25,
  0x3E, 0xE3, 0x1A, 0x09, 0xD5, 0x13, 0x04, 0xDB, 0xEA, 0x0E,
  0xDF, 0x02, 0x0A, 0x1B, 0x06, 0xD1, 0x15, 0x12, 0x38, 0xEA,
  0x06, 0xB3, 0xC8, 0xCE, 0x03, 0x3C, 0x19, 0xF3, 0xF6, 0xFB,
  0x24, 0xEA, 0xEB, 0xFF, 0x1F, 0xF2, 0xDE, 0xF5, 0x3C, 0x01,
  0xC7, 0xFC, 0xFB, 0x0C, 0x31, 0xDB, 0x1C, 0xF4, 0x06, 0x13,
  0x21, 0x1D, 0x10, 0x1C, 0x12, 0x20, 0xE5, 0x04, 0xF7, 0x21,
  0xD3, 0x31, 0xDC, 0x26, 0x0D, 0xE3, 0x34, 0xF6, 0xF4, 0x1D,
  0x1B, 0xCD, 0xE5, 0xDC, 0xCD, 0x02, 0x0B, 0xF9, 0x27, 0xDE,
  0xF8, 0x05, 0x1A, 0xF9, 0xF8, 0xE9, 0xFA, 0x1E, 0x0E, 0x23,
  0x12, 0x1D, 0x0D, 0x17, 0x0C, 0x06, 0xEF, 0xEF, 0x04, 0xF0,
  0x04, 0xDA, 0x30, 0xED, 0x18, 0xFB, 0xFD, 0x0C, 0x16, 0x35,
  0x21, 0xDD, 0x08, 0x0A, 0x09, 0xE6, 0xDA, 0x1D, 0xE4, 0x13,
  0x1D, 0xE8, 0x1A, 0xFF, 0x35, 0x13, 0x16, 0x09, 0x0E, 0x02,
  0x1B, 0x13, 0x08, 0xF9, 0x08, 0x0B, 0xF6, 0x19, 0xE4, 0xEE,
  0xD2, 0xF1, 0x21, 0x29, 0x05, 0xFB, 0x04, 0x04, 0x04, 0x13,
  0x12, 0xA6, 0xF2, 0x0E, 0x2D, 0xE6, 0x0C, 0x0E, 0xF6, 0xD0,
  0x19, 0x1B, 0xD5, 0x0C, 0x0B, 0xFF, 0x0B, 0x08, 0xCD, 0xED,
  0x0E, 0x14, 0xF3, 0xD3, 0xFD, 0x17, 0xD5, 0x2D, 0xFA, 0x24,
  0xF6, 0xD7, 0x36, 0xDF, 0xF6, 0x1B, 0xD5, 0xED, 0xB1, 0xDE,
  0xC5, 0x24, 0xF4, 0x08, 0x00, 0x15, 0x03, 0x1F, 0x0E, 0xE6,
  0xE0, 0xF0, 0xD6, 0x1B, 0xF9, 0x01, 0xE0, 0xD5, 0x2B, 0xFC,
  0x22, 0xF4, 0xFE, 0x2B, 0x13, 0xFF, 0xF6, 0x16, 0x09, 0x0D,
  0xF0, 0x0B, 0x05, 0xFE, 0x23, 0x07, 0xE2, 0x2E, 0x01, 0xF8,
  0xFE, 0x08, 0x0E, 0x09, 0xF7, 0x02, 0x04, 0x0F, 0xF9, 0xEC,
  0xE6, 0x00, 0xE4, 0x1E, 0x02, 0xF2, 0x10, 0xFA, 0x31, 0x15,
  0x00, 0xE9, 0x1A, 0x07, 0xF8, 0xF9, 0xE7, 0x15, 0xD9, 0x07,
  0x0E, 0x0B, 0x02, 0xFA, 0x19, 0x1C, 0xF7, 0x03, 0x1E, 0x02,
  0xF8, 0xFE, 0x12, 0x0D, 0x00, 0x16, 0x27, 0x06, 0x25, 0xEB,
  0x0C, 0x1D, 0x01, 0xB8, 0xE0, 0xC9, 0x1D, 0xEC, 0x02, 0x0D,
  0x1A, 0x04, 0x04, 0x0A, 0xEA, 0xFA, 0xE4, 0xCE, 0xEF, 0xE1,
  0x29, 0xD2, 0x01, 0x25, 0x0B, 0xE7, 0xDE, 0x07, 0xFE, 0xDC,
  0x2B, 0x1B, 0xF4, 0xD8, 0xF8, 0x23, 0xEC, 0x02, 0xDD, 0xF9,
  0x16, 0x2D, 0x23, 0xD9, 0x1F, 0x1B, 0xE8, 0x0B, 0x03, 0x21,
  0xCD, 0x14, 0x00, 0x08, 0x03, 0xEF, 0xE2, 0xF9, 0xE8, 0x15,
  0xF6, 0x2B, 0x20, 0xFD, 0xE6, 0xB1, 0xEF, 0x0F, 0xFA, 0x07,
  0x0A, 0x26, 0x23, 0x23, 0xE4, 0xF1, 0x14, 0x0D, 0xC2, 0x00,
  0x04, 0xF6, 0x0C, 0x19, 0xF6, 0xF2, 0xE4, 0x10, 0x01, 0xE1,
  0xF5, 0x00, 0x0C, 0xDB, 0x01, 0xE1, 0xFA, 0x1C, 0x18, 0x0C,
  0x1B, 0xFA, 0x10, 0xEA, 0xDF, 0xF3, 0xE1, 0x15, 0x13, 0x13,
  0xD9, 0x0A, 0x22, 0x13, 0x03, 0x0C, 0x1E, 0xFC, 0x03, 0x02,
  0xF5, 0xD9, 0xD1, 0x10, 0x20, 0xF7, 0x29, 0x33, 0xF9, 0xE6,
  0xEB, 0xF5, 0x2C, 0xF7, 0x12, 0x16, 0x08, 0xF4, 0x2A, 0xE5,
  0xF4, 0x04, 0xC4, 0x09, 0x01, 0xF1, 0x35, 0x2F, 0x11, 0xD1,
  0xFF, 0x13, 0x35, 0x01, 0x38, 0x16, 0x17, 0xF7, 0xE2, 0x26,
  0xEF, 0x04, 0x2D, 0x30, 0x0A, 0x02, 0x13, 0x2B, 0xFC, 0x0B,
  0xFE, 0xF9, 0x12, 0xFC, 0x0A, 0x27, 0x12, 0x14, 0x17, 0x10,
  0x05, 0x32, 0x13, 0x19, 0xFF, 0x04, 0x25, 0x04, 0x97, 0x16,
  0x12, 0xBC, 0xF7, 0xEB, 0x1B, 0x83, 0xAF, 0xAE, 0xBF, 0xB2,
  0x16, 0x13, 0xBB, 0x0D, 0x13, 0x00, 0xE1, 0x17, 0xDE, 0xB0,
  0xDC, 0x94, 0xDB, 0xDE, 0xD1, 0x35, 0xB7, 0x94, 0x8C, 0x12,
  0x1C, 0xD8, 0x22, 0x9B, 0x0F, 0xC1, 0xB7, 0xAA, 0xCE, 0xBB,
  0x9D, 0xC2, 0xDC, 0x12, 0xCB, 0xBA, 0x34, 0x17, 0xED, 0x1A,
  0xDC, 0xFE, 0xC3, 0x23, 0x28, 0xA1, 0xCD, 0xF7, 0xC6, 0xDF,
  0xE7, 0xB5, 0xE9, 0xDF, 0xFB, 0x19, 0x01, 0xE6, 0x15, 0xC7,
  0x05, 0xD2, 0x05, 0x0A, 0x03, 0x13, 0xEE, 0x00, 0x12, 0x13,
  0xCC, 0x1B, 0xE5, 0xD1, 0xEE, 0xF7, 0x03, 0xDB, 0xF2, 0xFC,
  0x14, 0xBA, 0xF5, 0x08, 0x1A, 0xEC, 0xF6, 0x13, 0xD9, 0xE3,
  0xED, 0x15, 0x06, 0x2A, 0x1B, 0xEA, 0x24, 0xEB, 0x0D, 0xDD,
  0x2A, 0x16, 0xDA, 0x27, 0xF2, 0x23, 0x06, 0x14, 0xFC, 0x02,
  0x18, 0x16, 0xC6, 0xD7, 0xF1, 0x04, 0xF7, 0xEE, 0x16, 0xF8,
  0xF4, 0x07, 0xF0, 0xF5, 0x11, 0x0D, 0x0E, 0x17, 0xEB, 0x07,
  0xFD, 0xEB, 0xF3, 0x0C, 0xFB, 0xEA, 0x0F, 0x03, 0xEE, 0xFA,
  0xEE, 0xEE, 0x12, 0xF8, 0x03, 0x09, 0xF9, 0xE9, 0xFA, 0x08,
  0xEE, 0xFB, 0x08, 0x01, 0x16, 0x00, 0x03, 0xEF, 0x18, 0xF1,
  0x0D, 0xF0, 0x05, 0xF0, 0x0E, 0xF1, 0xF7, 0x16, 0xF4, 0x15,
  0xED, 0xF7, 0xF5, 0x14, 0x0A, 0x14, 0xF6, 0x1A, 0xF7, 0xF0,
  0x0D, 0x0F, 0x00, 0x12, 0x0B, 0xF5, 0xDF, 0xE5, 0xFD, 0xFA,
  0x11, 0x11, 0xFA, 0xFE, 0xEE, 0x1C, 0x0A, 0x0A, 0x15, 0xFF,
  0x1B, 0xFB, 0x02, 0xF4, 0xF4, 0x03, 0x1A, 0x02, 0xFA, 0x15,
  0xF1, 0x0E, 0xF9, 0x19, 0xFF, 0x17, 0x1B, 0xFB, 0x08, 0xEF,
  0x04, 0x10, 0x0A, 0xF8, 0x12, 0xF5, 0x0C, 0xF0, 0x14, 0xEB,
  0x17, 0x18, 0x14, 0xEE, 0x13, 0xD5, 0xF3, 0xF7, 0xF4, 0x05,
  0xF2, 0xE8, 0xF3, 0x23, 0xF5, 0xF6, 0xFC, 0xFA, 0xE4, 0xF5,
  0xF7, 0xD8, 0x02, 0xDC, 0x14, 0xFF, 0x0B, 0x1C, 0x07, 0xF0,
  0x21, 0x18, 0xDC, 0x15, 0x00, 0xF0, 0xEE, 0xE8, 0xFA, 0xE2,
  0xF7, 0x01, 0x19, 0xC0, 0xFD, 0xFE, 0x1C, 0x0C, 0xF0, 0x1C,
  0xF8, 0xEA, 0x19, 0x06, 0x0D, 0x07, 0xF9, 0xEC, 0x06, 0x06,
  0xE4, 0xE2, 0x02, 0x04, 0xDA, 0x22, 0xFE, 0x1D, 0xF0, 0x14,
  0x15, 0x01, 0x11, 0xEF, 0xD5, 0xCD, 0x06, 0xFE, 0x23, 0x06,
  0x12, 0x0F, 0xE0, 0x1B, 0xE4, 0xFF, 0xE7, 0x07, 0x14, 0x23,
  0xFE, 0xD9, 0xFD, 0x06, 0xF2, 0xEC, 0xF2, 0xE5, 0x35, 0xFB,
  0x04, 0x0B, 0xFF, 0x2D, 0x06, 0xEA, 0x18, 0x0A, 0x1A, 0xF7,
  0x06, 0xE3, 0xFC, 0xF3, 0x1D, 0xF6, 0xFA, 0x05, 0x1B, 0xF5,
  0x11, 0xEA, 0xFF, 0xED, 0xFA, 0x13, 0x28, 0xE2, 0x08, 0xF1,
  0x06, 0x14, 0x14, 0x00, 0xFA, 0x18, 0x1C, 0x1D, 0x11, 0x0E,
  0xFD, 0x14, 0x0E, 0x16, 0x07, 0x02, 0xFA, 0xE9, 0xEF, 0xE4,
  0x0B, 0xF1, 0x22, 0x26, 0x00, 0xFB, 0xF3, 0x05, 0xF9, 0xFE,
  0xF1, 0xF1, 0x05, 0x1D, 0x19, 0xF3, 0xF5, 0x19, 0x05, 0xFD,
  0x03, 0xFA, 0x0E, 0x12, 0xF7, 0xE7, 0xE1, 0x1B, 0x1F, 0xF9,
  0xF1, 0xFE, 0x13, 0x06, 0x25, 0xFA, 0x01, 0x18, 0x10, 0x14,
  0x28, 0xFD, 0xF1, 0xED, 0x18, 0xEA, 0x0C, 0xDF, 0xDC, 0x1A,
  0x08, 0x0F, 0x01, 0xF6, 0x0A, 0x05, 0xEC, 0x23, 0x10, 0x1C,
  0xFA, 0x15, 0x07, 0x05, 0xF1, 0xEA, 0x19, 0x10, 0x0D, 0xF0,
  0xF4, 0xFF, 0xF7, 0xFC, 0x08, 0xE7, 0x20, 0x09, 0xEE, 0xD6,
  0xF4, 0x24, 0x00, 0xF1, 0x00, 0xEE, 0xFC, 0xB8, 0x0A, 0x15,
  0xF0, 0x06, 0xF4, 0x10, 0x10, 0x05, 0x0A, 0xFA, 0x06, 0xE7,
  0x13, 0x0C, 0x1C, 0xF9, 0x0C, 0xD9, 0x13, 0x14, 0x16, 0x01,
  0x0A, 0x0C, 0xE1, 0xF7, 0xFD, 0xF5, 0xF7, 0x0B, 0x15, 0x05,
  0x0C, 0x08, 0x00, 0x04, 0x00, 0xEB, 0xD7, 0xFF, 0x08, 0xFC,
  0x1B, 0x15, 0x03, 0x02, 0x08, 0xE7, 0x06, 0x0B, 0xF3, 0xFD,
  0x03, 0xF3, 0x01, 0x1E, 0x01, 0xF1, 0x0C, 0xF5, 0x08, 0x05,
  0xF5, 0x00, 0x0F, 0x18, 0xE0, 0x07, 0xFB, 0x00, 0x23, 0x08,
  0x1C, 0x21, 0x22, 0x0F, 0x13, 0x0D, 0x0D, 0xEF, 0x1C, 0x08,
  0x07, 0x05, 0x1A, 0x14, 0x08, 0xF8, 0x01, 0x24, 0x13, 0x0A,
  0xE5, 0xDC, 0x11, 0x12, 0xBD, 0x25, 0x23, 0xB3, 0x1D, 0xF0,
  0x29, 0x8E, 0xB2, 0x89, 0xF0, 0xC8, 0x14, 0x0E, 0xBE, 0x17,
  0x1C, 0x18, 0xF2, 0x09, 0xE6, 0xC7, 0xCC, 0xCC, 0xFE, 0xF5,
  0xD8, 0x1E, 0xA9, 0xBA, 0xA8, 0xF6, 0x13, 0xFD, 0x30, 0xE8,
  0x0E, 0xCC, 0xE2, 0xA5, 0xEC, 0xBB, 0x81, 0xCF, 0x00, 0x0B,
  0xCB, 0xDB, 0x1F, 0x1C, 0xEC, 0x20, 0xEE, 0x0A, 0xD8, 0x10,
  0x22, 0xAB, 0xFD, 0xD1, 0xC5, 0xD3, 0xDB, 0xDF, 0xFD, 0xED,
  0xFD, 0xEF, 0xFC, 0x1A, 0x2D, 0x1A, 0x01, 0x31, 0xF4, 0x14,
  0xF2, 0xEF, 0x1A, 0xFC, 0xE5, 0xF3, 0x4B, 0xFA, 0x00, 0x2F,
  0x0E, 0xFF, 0x09, 0x05, 0x20, 0x02, 0x10, 0x10, 0xEB, 0x1A,
  0x08, 0x08, 0x0E, 0x0D, 0x1F, 0x1E, 0xEA, 0x18, 0xE9, 0xF4,
  0x02, 0x13, 0xFA, 0xEB, 0xF8, 0x32, 0xF6, 0xFE, 0x1F, 0xEB,
  0xF1, 0x02, 0x10, 0xF6, 0x05, 0x02, 0x04, 0xE9, 0x1F, 0x1A,
  0x1D, 0xEB, 0x08, 0xF2, 0x0F, 0xF3, 0xF6, 0xF6, 0xE6, 0xFF,
  0x13, 0x07, 0x0B, 0x20, 0x23, 0x05, 0xFA, 0x0D, 0xFE, 0x09,
  0xE6, 0xE2, 0x0E, 0x01, 0x01, 0x1B, 0xFA, 0xF7, 0xFE, 0xEB,
  0xFB, 0x0B, 0xED, 0x0D, 0x13, 0xFA, 0x02, 0x17, 0x00, 0xF2,
  0x07, 0x0A, 0x02, 0x30, 0x17, 0xF9, 0xFC, 0x15, 0x1A, 0xEE,
  0x20, 0xDB, 0x04, 0xFD, 0x27, 0xFA, 0xFE, 0xDE, 0x05, 0xF1,
  0x19, 0x02, 0xF4, 0xF5, 0xF5, 0x17, 0x04, 0x24, 0x25, 0xE5,
  0x2E, 0xEB, 0x1E, 0xFC, 0xE4, 0xF9, 0x04, 0xEF, 0x28, 0x01,
  0xF7, 0x27, 0xE6, 0xD4, 0x09, 0xD0, 0xF3, 0x14, 0xDA, 0x0B,
  0x0A, 0xC2, 0xDD, 0x2C, 0x05, 0x17, 0x14, 0xFA, 0xD9, 0xC0,
  0x1E, 0x12, 0xF4, 0x0D, 0x03, 0xE0, 0xE6, 0xFD, 0xE5, 0xEC,
  0x05, 0x11, 0xEF, 0xFB, 0x1C, 0x0F, 0xD7, 0x19, 0x04, 0x31,
  0xEC, 0xF7, 0x19, 0xEA, 0xFE, 0xE8, 0x00, 0xDF, 0xFE, 0x08,
  0x1D, 0x21, 0x1B, 0xF7, 0xEA, 0xD3, 0x1C, 0x14, 0x1F, 0xE3,
  0xEB, 0x03, 0x07, 0x28, 0xFD, 0x18, 0x1E, 0x0D, 0xE6, 0x03,
  0x0E, 0x0A, 0x1A, 0x05, 0xF3, 0xF5, 0xE3, 0x0C, 0xF4, 0xED,
  0x17, 0x0F, 0xF6, 0xE3, 0x0D, 0xEB, 0xE6, 0xFC, 0x11, 0xE9,
  0xFC, 0xDD, 0xFC, 0xF8, 0xE7, 0x26, 0xD8, 0x0A, 0x0D, 0x23,
  0x0B, 0x0E, 0x16, 0x05, 0x20, 0x1E, 0x24, 0x03, 0x19, 0x13,
  0xFC, 0xF5, 0xDC, 0x08, 0x03, 0xE3, 0x0A, 0x12, 0x1C, 0x12,
  0xE0, 0xE9, 0x17, 0xDC, 0x14, 0xE8, 0x0A, 0x15, 0x11, 0xDF,
  0x15, 0x03, 0xDA, 0x17, 0xDF, 0xD2, 0x09, 0x1F, 0x05, 0xC5,
  0x02, 0xF2, 0x23, 0xDC, 0x1E, 0x00, 0xFE, 0x1C, 0xEA, 0x1E,
  0xEA, 0xF2, 0x2F, 0x2C, 0xFF, 0x29, 0xFA, 0x10, 0x34, 0xFC,
  0x1C, 0xE1, 0x09, 0xF4, 0xF3, 0x13, 0xE1, 0xED, 0xE3, 0x0B,
  0x05, 0x10, 0xFE, 0xF4, 0xFB, 0xF3, 0x1F, 0xE8, 0xE1, 0xD0,
  0xF1, 0xFF, 0xFD, 0xDA, 0x15, 0xE6, 0xFA, 0xC6, 0x17, 0xFF,
  0xFD, 0x0E, 0xF7, 0xD8, 0xFD, 0x08, 0xE3, 0xE6, 0xFA, 0xCD,
  0x11, 0x1A, 0xFA, 0xFD, 0x06, 0xFC, 0x15, 0xD1, 0xDD, 0x27,
  0x28, 0x0C, 0x01, 0x27, 0xF4, 0xE8, 0x17, 0x05, 0x19, 0xFE,
  0x12, 0x1B, 0x23, 0x0E, 0x06, 0xC9, 0x07, 0xF5, 0xE0, 0xE2,
  0xFA, 0xFF, 0xE7, 0xF3, 0xF9, 0x0F, 0x24, 0xFD, 0xD0, 0xE9,
  0xF3, 0xE8, 0xF1, 0xD8, 0xEE, 0xE0, 0x1F, 0x10, 0x06, 0x25,
  0x04, 0x0B, 0x12, 0xE1, 0x05, 0x13, 0x07, 0x00, 0xE2, 0xEA,
  0x1A, 0x0B, 0xD9, 0xF7, 0x07, 0x02, 0x25, 0xEE, 0x0D, 0xF0,
  0x0A, 0xF0, 0x1B, 0x00, 0xF8, 0x1A, 0x0F, 0x21, 0x0A, 0x03,
  0x02, 0x0D, 0xE5, 0xFC, 0xF2, 0x1E, 0x03, 0x01, 0x21, 0x0C,
  0xF1, 0x17, 0x23, 0xEF, 0x07, 0xEC, 0xE0, 0x0F, 0xFF, 0x0C,
  0x18, 0xD4, 0x06, 0x2C, 0x2F, 0x02, 0x12, 0xFB, 0xF7, 0xDB,
  0x06, 0x10, 0x01, 0x30, 0x1A, 0x24, 0xEB, 0xF9, 0xF1, 0x17,
  0xF3, 0xE9, 0xE1, 0x00, 0x40, 0x05, 0x0D, 0x33, 0x0A, 0x13,
  0x0E, 0x02, 0x24, 0xF6, 0x0A, 0x2C, 0xFB, 0xFE, 0x00, 0xF2,
  0x1E, 0x03, 0x10, 0x1D, 0xE1, 0xF3, 0xD3, 0xF8, 0x0F, 0xF5,
  0x10, 0xE7, 0x17, 0x27, 0xEF, 0x08, 0x1A, 0xF0, 0x0A, 0xDA,
  0xE2, 0x0D, 0x05, 0x0D, 0xE7, 0xE6, 0x30, 0x35, 0x14, 0xE4,
  0x11, 0xF9, 0xF7, 0xFF, 0xFD, 0x12, 0xF0, 0x19, 0x0A, 0x06,
  0xE9, 0x29, 0x06, 0xFA, 0xF7, 0x23, 0xF9, 0x0C, 0x17, 0xF1,
  0x24, 0x1D, 0xE4, 0xFB, 0xE9, 0x2F, 0x0F, 0x06, 0x09, 0x1D,
  0xEB, 0x0D, 0x0D, 0xFB, 0x11, 0xF4, 0x27, 0x1D, 0xEF, 0xE8,
  0xFB, 0x21, 0x15, 0xF9, 0xFA, 0x07, 0x0E, 0x1B, 0xFA, 0x08,
  0xFD, 0x16, 0x14, 0x02, 0x02, 0xE6, 0xFD, 0x1B, 0xF7, 0x11,
  0x0A, 0x0D, 0x0F, 0x0D, 0x14, 0x1E, 0x13, 0x1E, 0xED, 0xCE,
  0xE3, 0xFF, 0xF8, 0x14, 0x17, 0x38, 0x09, 0x00, 0x09, 0x2B,
  0x18, 0xF7, 0xD1, 0xFB, 0x2D, 0x14, 0xF2, 0x1B, 0xE9, 0x27,
  0xF2, 0xF9, 0xFF, 0x15, 0xF8, 0x16, 0x05, 0xE4, 0x02, 0x0A,
  0x24, 0xEB, 0xF3, 0x19, 0x26, 0x07, 0x16, 0xFE, 0x0C, 0x34,
  0xE7, 0xF6, 0x1D, 0x08, 0x07, 0x2B, 0x08, 0x2E, 0x1F, 0x15,
  0xFB, 0x03, 0x14, 0x26, 0xF8, 0xD7, 0xD8, 0x35, 0x15, 0x00,
  0xED, 0xFA, 0x06, 0x13, 0x24, 0x1D, 0x1C, 0x34, 0xD8, 0xEF,
  0xF7, 0x05, 0xF2, 0x0A, 0x01, 0x0E, 0xFA, 0xFA, 0xF9, 0x22,
  0x03, 0x1F, 0xEC, 0x05, 0x0D, 0x1F, 0x02, 0x1D, 0xF2, 0xFD,
  0x0B, 0x01, 0x20, 0x01, 0xFF, 0x33, 0xF9, 0xF3, 0xF9, 0xE6,
  0xEA, 0xF2, 0xF7, 0xF9, 0xDE, 0x25, 0xEB, 0x0D, 0xF9, 0x14,
  0xFB, 0x02, 0x11, 0x09, 0x11, 0xFF, 0xF0, 0xF6, 0x31, 0x22,
  0x01, 0x02, 0xFE, 0xF6, 0x15, 0x2E, 0xE3, 0xF1, 0xE0, 0xDD,
  0x1F, 0xE9, 0x0E, 0x1A, 0x0D, 0xFC, 0x1C, 0xF6, 0x0E, 0xEC,
  0xBE, 0x14, 0x06, 0xF9, 0x19, 0x18, 0xE9, 0xDA, 0x08, 0xFD,
  0x21, 0xF8, 0x16, 0x01, 0x1C, 0xF4, 0xEB, 0x15, 0x03, 0xFF,
  0x27, 0x08, 0x19, 0x03, 0x19, 0xFC, 0x0D, 0x09, 0xF4, 0xED,
  0x03, 0x0A, 0x11, 0x16, 0x18, 0x0B, 0x2D, 0x09, 0x06, 0xF9,
  0x16, 0x08, 0xDC, 0xF3, 0xE0, 0x05, 0x11, 0xED, 0xF7, 0x02,
  0x2A, 0xF7, 0x1A, 0xEE, 0x0E, 0xF1, 0x02, 0xF3, 0xE0, 0x05,
  0x0A, 0xC9, 0x0C, 0x00, 0xF8, 0x1C, 0xEA, 0xDD, 0x0C, 0xF2,
  0x1F, 0xDC, 0xF5, 0x03, 0x1B, 0xE7, 0x1F, 0x14, 0x1F, 0x19,
  0x0D, 0x24, 0xD0, 0x15, 0x0E, 0x23, 0xEE, 0xFF, 0xFB, 0x2C,
  0x24, 0x0C, 0x24, 0xEC, 0xE0, 0xFB, 0x07, 0xF2, 0xFB, 0xE4,
  0xE9, 0x04, 0x06, 0x04, 0x23, 0xDF, 0x0F, 0x05, 0x0D, 0xE5,
  0x16, 0xF3, 0x1B, 0x1E, 0x1D, 0xE2, 0xE9, 0xF0, 0xFA, 0xD5,
  0x07, 0xF3, 0x0F, 0x2C, 0x0C, 0xF7, 0x01, 0x03, 0xFC, 0xF8,
  0x02, 0xFE, 0x22, 0xF1, 0x17, 0xF4, 0xEC, 0x2A, 0x0B, 0xF3,
  0xFB, 0x10, 0x10, 0xF4, 0x16, 0x0E, 0xE5, 0x0E, 0x16, 0x15,
  0x14, 0xF1, 0xF8, 0x04, 0x05, 0x18, 0xFF, 0xE1, 0xF7, 0x1F,
  0x04, 0xF5, 0xF9, 0x1D, 0xFA, 0x01, 0x23, 0x1A, 0x22, 0xF7,
  0xEA, 0x0D, 0x10, 0xEC, 0xD7, 0xE6, 0xFD, 0xFB, 0x19, 0xFF,
  0x17, 0xE6, 0xEA, 0xC4, 0x01, 0x10, 0xFD, 0x0F, 0x0C, 0xEB,
  0x2E, 0x09, 0x0E, 0x0B, 0x12, 0xF8, 0xF2, 0xD6, 0x1B, 0x04,
  0xE7, 0xE9, 0x06, 0xBC, 0xE9, 0x19, 0x05, 0xE8, 0x07, 0x1F,
  0x16, 0xFB, 0xF9, 0x1B, 0x00, 0x12, 0x21, 0x18, 0xF8, 0x04,
  0xE5, 0xF1, 0x0B, 0xEA, 0x04, 0x13, 0x0D, 0xF0, 0xF7, 0xFF,
  0x0C, 0xEF, 0xEF, 0x15, 0xE0, 0x17, 0xEE, 0x0C, 0xFC, 0xE4,
  0x02, 0x2C, 0xF8, 0xE5, 0xFD, 0xCF, 0xE5, 0xB9, 0xF3, 0x0D,
  0xCA, 0x0B, 0x1B, 0xD7, 0xF6, 0x14, 0xEF, 0x14, 0xFC, 0xC8,
  0x01, 0xE3, 0x08, 0xE6, 0xE5, 0xE4, 0x0E, 0xC1, 0x08, 0x12,
  0xFE, 0x02, 0xF0, 0x2F, 0xE6, 0xC8, 0x00, 0x0B, 0x02, 0x25,
  0x1C, 0x17, 0xF8, 0x01, 0xF7, 0xD5, 0x19, 0x1D, 0xE8, 0xF6,
  0xED, 0xFF, 0xF5, 0x13, 0x1A, 0x01, 0x07, 0x0D, 0xC5, 0xFA,
  0x09, 0x0B, 0x09, 0x1B, 0x19, 0x04, 0x00, 0x16, 0x11, 0xE8,
  0x05, 0xFA, 0xF3, 0x19, 0x00, 0x03, 0xE8, 0xF2, 0x1C, 0x04,
  0x17, 0xFD, 0x0B, 0x13, 0xF1, 0xD0, 0x17, 0x17, 0xFB, 0xE8,
  0xEA, 0xF2, 0xE5, 0x05, 0x1C, 0x0A, 0xE8, 0x0A, 0xEA, 0xE6,
  0x0E, 0x00, 0xF8, 0x0E, 0xF9, 0xE2, 0x25, 0x04, 0x00, 0xDE,
  0x13, 0xF7, 0xFB, 0x03, 0x0B, 0xFF, 0x20, 0x11, 0x01, 0xCF,
  0xDB, 0x18, 0xF1, 0xFD, 0x12, 0x13, 0x1B, 0x09, 0x10, 0x15,
  0x05, 0x10, 0xEB, 0xF2, 0xEB, 0xF6, 0x1A, 0x0D, 0x11, 0xEB,
  0xFA, 0x28, 0xF1, 0xCF, 0x0C, 0xE7, 0x1A, 0xF7, 0xF1, 0x04,
  0x07, 0xF2, 0x0B, 0x17, 0xFD, 0xF5, 0xFA, 0x04, 0xEE, 0xF5,
  0xF4, 0x16, 0x0C, 0x0E, 0xF8, 0xFB, 0xFC, 0x26, 0xF5, 0xF8,
  0x05, 0x05, 0x23, 0xFC, 0x1F, 0x1E, 0xF8, 0x1A, 0x07, 0x0A,
  0x1A, 0xFC, 0xFF, 0x03, 0x15, 0x0B, 0xFB, 0xF9, 0xF8, 0x15,
  0x19, 0x34, 0x15, 0x18, 0xEF, 0xC2, 0xF1, 0x00, 0x18, 0xF7,
  0x02, 0x23, 0x07, 0x0A, 0x0F, 0x32, 0x0F, 0x19, 0xEF, 0x21,
  0x0B, 0x0A, 0xF6, 0x0F, 0xE4, 0x21, 0x0D, 0x18, 0xEE, 0x03,
  0x17, 0x04, 0x10, 0xCE, 0xF5, 0xE7, 0x0B, 0x03, 0xE9, 0x12,
  0xFD, 0xF0, 0x2E, 0xFD, 0xD8, 0x0F, 0xF6, 0x05, 0x25, 0xF3,
  0xF9, 0x31, 0x24, 0x14, 0x26, 0xF5, 0xF1, 0x20, 0xF3, 0x20,
  0xFA, 0xDB, 0xD3, 0x2B, 0xFE, 0x08, 0x09, 0x1B, 0xDB, 0xD7,
  0x0B, 0x27, 0x13, 0xFB, 0xCE, 0xFA, 0x01, 0x1D, 0xF8, 0x04,
  0x2F, 0xFF, 0xEE, 0x21, 0x0A, 0x04, 0x0F, 0xEC, 0xEE, 0x0F,
  0xFB, 0xEF, 0xE7, 0xE5, 0xE7, 0x0C, 0x08, 0xE3, 0x10, 0xE4,
  0x00, 0x25, 0xF5, 0xED, 0xF4, 0xE4, 0x23, 0xF4, 0xDF, 0xF4,
  0xCE, 0x0F, 0xFD, 0x25, 0xEC, 0x15, 0xFD, 0xE1, 0x07, 0x0E,
  0x0D, 0x0B, 0xDB, 0xFE, 0x08, 0xEA, 0xDF, 0x1B, 0xE9, 0x1A,
  0x15, 0xF4, 0xC1, 0xDB, 0x07, 0x20, 0x12, 0x17, 0xD8, 0x24,
  0x15, 0x10, 0xE1, 0xFA, 0x1E, 0x23, 0xE4, 0x12, 0xFC, 0x36,
  0x18, 0x0B, 0xD1, 0xFE, 0x15, 0xF6, 0xDB, 0x08, 0xEF, 0x0C,
  0x1B, 0xC9, 0x28, 0xBA, 0x0C, 0x29, 0xF3, 0xE0, 0xA8, 0xCF,
  0x10, 0xD5, 0xB8, 0xDD, 0xF7, 0x22, 0x10, 0x1A, 0xD1, 0xF7,
  0x0B, 0xE4, 0x29, 0x18, 0x07, 0xF4, 0xBB, 0xFC, 0x2C, 0xE3,
  0xEB, 0x0B, 0xF0, 0xFF, 0xFF, 0x0D, 0xF7, 0xEE, 0xF8, 0x2B,
  0x08, 0x22, 0xEC, 0xEC, 0xF2, 0x06, 0x00, 0x1F, 0x22, 0x1F,
  0xF9, 0x23, 0x18, 0x1E, 0x17, 0xFE, 0xDF, 0x16, 0xF0, 0xEA,
  0x09, 0x12, 0xE7, 0x15, 0x0A, 0xE5, 0x00, 0xF3, 0xF0, 0x1B,
  0xEF, 0xD8, 0x02, 0xED, 0x14, 0xE4, 0xD8, 0x0C, 0xDD, 0xF5,
  0xEE, 0x1F, 0xE4, 0x07, 0xFF, 0xEE, 0x21, 0x1C, 0x13, 0x14,
  0x00, 0x26, 0x13, 0xF0, 0xDC, 0x13, 0xF2, 0x29, 0x26, 0x00,
  0x27, 0x25, 0xF7, 0x06, 0x01, 0x12, 0x1A, 0xFC, 0x2A, 0xF4,
  0xEC, 0x19, 0x09, 0x11, 0x12, 0xE2, 0x03, 0x25, 0xE9, 0xE6,
  0xFA, 0x02, 0xED, 0x00, 0x06, 0x02, 0x00, 0xC6, 0xE9, 0x24,
  0xFB, 0x06, 0x1B, 0x11, 0x22, 0xF9, 0xF3, 0x03, 0x1A, 0x01,
  0x07, 0x18, 0x03, 0xF6, 0x05, 0x05, 0xDE, 0x1B, 0x26, 0xFA,
  0xF9, 0xFE, 0xF6, 0xDB, 0xEF, 0xFA, 0x0C, 0x16, 0x11, 0xF3,
  0x1A, 0xED, 0xEE, 0xD5, 0x22, 0x40, 0x08, 0x33, 0x1C, 0x0B,
  0xF5, 0xEA, 0xF4, 0x05, 0x16, 0xED, 0x00, 0x09, 0x28, 0x05,
  0xE5, 0x15, 0x02, 0x03, 0x00, 0xFD, 0x0B, 0x0C, 0x1B, 0x01,
  0x10, 0x05, 0x0C, 0x14, 0x02, 0xE8, 0x06, 0x0B, 0x00, 0xF6,
  0xDB, 0x03, 0xE4, 0x22, 0xFA, 0xEA, 0x1A, 0x2F, 0xEC, 0x00,
  0x29, 0x01, 0xDD, 0xEC, 0xDC, 0x01, 0xF4, 0xEE, 0x09, 0xF7,
  0x1E, 0x0C, 0x29, 0xF4, 0xF4, 0xF7, 0x03, 0xEA, 0xF4, 0x15,
  0x2F, 0x1C, 0x1D, 0x2A, 0xF1, 0xFD, 0x0D, 0x20, 0x15, 0xFE,
  0xF1, 0xF0, 0x18, 0xFB, 0x0B, 0x06, 0xFD, 0xF7, 0xF1, 0x1D,
  0x10, 0x21, 0xFA, 0x0E, 0x05, 0xFA, 0x04, 0x11, 0x13, 0xD8,
  0x1C, 0x3A, 0xEE, 0xEA, 0x09, 0xD3, 0xFA, 0x1B, 0xDA, 0xFB,
  0xEB, 0x3A, 0xFC, 0x01, 0xF3, 0x06, 0x0D, 0xF0, 0xED, 0x16,
  0x0B, 0x16, 0x15, 0xEA, 0x20, 0x21, 0x0A, 0x05, 0xE6, 0x0F,
  0x1B, 0x22, 0x1A, 0x0B, 0xE7, 0xF5, 0x06, 0xEC, 0x1E, 0x07,
  0x1B, 0xB6, 0x05, 0x06, 0x1B, 0xE1, 0x06, 0xE3, 0x0E, 0xF9,
  0xE6, 0xD9, 0x18, 0x2E, 0xF0, 0xE6, 0xFC, 0x19, 0xFB, 0xC7,
  0xD6, 0x21, 0xD4, 0x04, 0x02, 0x00, 0x08, 0xFB, 0x15, 0xF8,
  0x0F, 0xF2, 0x1F, 0xF7, 0x14, 0x0B, 0x0C, 0xCD, 0x08, 0x13,
  0x21, 0x09, 0x04, 0xE8, 0xC6, 0xFD, 0x05, 0x28, 0x0D, 0x11,
  0x14, 0xF8, 0x07, 0xF2, 0xDD, 0xEC, 0x19, 0x3F, 0x31, 0x2A,
  0x02, 0x41, 0x02, 0x11, 0xF8, 0x04, 0xF3, 0xF9, 0xF5, 0x04,
  0x35, 0xFF, 0xEE, 0x33, 0x01, 0x0C, 0x0E, 0x1A, 0x28, 0x08,
  0xFF, 0x33, 0xE8, 0x1A, 0x12, 0xF6, 0x25, 0x03, 0x1F, 0x24,
  0xDD, 0x04, 0xD8, 0xF2, 0xE1, 0xEF, 0xFF, 0xF9, 0xF6, 0x33,
  0x00, 0xF0, 0x12, 0xE2, 0xE8, 0xD4, 0x0D, 0xFE, 0x13, 0xEC,
  0xFE, 0xDD, 0x12, 0x30, 0x02, 0x14, 0x06, 0xD0, 0xED, 0xB9,
  0x0F, 0x2F, 0x06, 0xEE, 0x11, 0x0E, 0xF2, 0xCD, 0xF5, 0x11,
  0x05, 0xAF, 0xE0, 0xF0, 0x1A, 0x04, 0xCF, 0xE9, 0xFF, 0xF9,
  0x15, 0xD4, 0x29, 0x12, 0x07, 0x19, 0x06, 0x17, 0x11, 0x0A,
  0x24, 0x07, 0xE4, 0x12, 0xE0, 0x11, 0xC0, 0xDC, 0xCC, 0x06,
  0xF5, 0xE6, 0x25, 0xF9, 0xC0, 0xFE, 0x35, 0xC9, 0xDD, 0xC7,
  0xCD, 0x02, 0xF9, 0x1E, 0x14, 0xD7, 0x1A, 0x2C, 0x20, 0xBC,
  0x08, 0xE5, 0xF5, 0x19, 0x22, 0xEE, 0xF6, 0xD6, 0x07, 0xD4,
  0x2D, 0xE3, 0x08, 0x0E, 0x23, 0xD7, 0x15, 0xFC, 0xEB, 0x16,
  0xD0, 0xDD, 0x16, 0x1F, 0x1B, 0xC8, 0xEB, 0x23, 0x2E, 0xDE,
  0x20, 0xFF, 0xF2, 0x0E, 0x05, 0x1F, 0xE1, 0xEF, 0x22, 0x2D,
  0xEF, 0x20, 0xF2, 0x0B, 0x09, 0xE7, 0x0E, 0xFF, 0x05, 0xFD,
  0x0B, 0x01, 0x01, 0x15, 0xDF, 0x1E, 0x16, 0x23, 0x0F, 0xDF,
  0xDE, 0x01, 0x09, 0xED, 0x02, 0x20, 0x1C, 0x18, 0x15, 0x12,
  0xE9, 0x14, 0xEA, 0xF9, 0xFF, 0x19, 0x1E, 0xD6, 0xE9, 0x12,
  0x08, 0xDF, 0xFD, 0xDA, 0x15, 0x10, 0xE7, 0xDC, 0xF9, 0x17,
  0x00, 0xE7, 0x15, 0xED, 0xF5, 0xBE, 0xD4, 0x06, 0xDD, 0x11,
  0x1D, 0x02, 0x1F, 0xE8, 0x16, 0xFA, 0x13, 0xF0, 0x00, 0x09,
  0x1A, 0x08, 0x10, 0xD8, 0xFF, 0xF7, 0x0E, 0x1F, 0x1B, 0xCF,
  0xCF, 0xE6, 0x21, 0x1D, 0x08, 0x15, 0x0A, 0x1F, 0x0C, 0xFA,
  0x19, 0xE2, 0x0B, 0x27, 0x34, 0xFF, 0x14, 0x1D, 0xED, 0xFE,
  0xFF, 0xF3, 0xF0, 0x00, 0x01, 0x0F, 0x1D, 0x06, 0xDA, 0x10,
  0xF7, 0xFD, 0x0F, 0x01, 0x04, 0x1E, 0x06, 0x1E, 0x13, 0xF7,
  0x1B, 0x1C, 0x11, 0xDE, 0x00, 0x08, 0xF0, 0x01, 0xC4, 0xE9,
  0xF5, 0x18, 0xED, 0xD5, 0xF2, 0x28, 0xFC, 0x06, 0x0A, 0xDC,
  0xF9, 0xC3, 0x00, 0x0D, 0x1D, 0x07, 0xFB, 0xD7, 0x09, 0x11,
  0x00, 0xDE, 0x16, 0xDF, 0xE4, 0x02, 0x15, 0x18, 0x0B, 0x22,
  0xF7, 0x05, 0xEC, 0x04, 0xF8, 0x0E, 0xF1, 0xF6, 0xF5, 0xFC,
  0x1B, 0xF1, 0xFB, 0x11, 0x14, 0x18, 0x21, 0x12, 0x26, 0xEC,
  0x12, 0xF5, 0x1A, 0xED, 0x0E, 0x05, 0x01, 0x0D, 0x1A, 0x13,
  0xFF, 0xF1, 0xF3, 0x00, 0xF2, 0x20, 0x10, 0xE1, 0x19, 0x03,
  0xF5, 0xF9, 0x1A, 0xF5, 0x03, 0x09, 0x01, 0x07, 0xFD, 0x18,
  0x1F, 0xE1, 0x22, 0x17, 0x30, 0xE6, 0xE6, 0x19, 0x28, 0xFA,
  0x2B, 0xDD, 0x12, 0xEB, 0xF0, 0xF1, 0x02, 0x09, 0x22, 0x04,
  0x17, 0x1F, 0xFE, 0xEC, 0xE5, 0xED, 0xEF, 0x05, 0xE7, 0x0C,
  0x07, 0xE8, 0xF5, 0xFF, 0xF9, 0xE9, 0xDE, 0xF8, 0xEC, 0xE3,
  0x06, 0xF1, 0x07, 0xFA, 0xD9, 0x20, 0xE7, 0x17, 0x17, 0x16,
  0x1A, 0x27, 0xE9, 0xFD, 0x33, 0x07, 0x02, 0x2E, 0x03, 0x0F,
  0xFC, 0x03, 0x00, 0xE7, 0xEE, 0x00, 0xF5, 0xF4, 0x01, 0x15,
  0x09, 0xFA, 0x09, 0xF9, 0xF8, 0x05, 0x16, 0xD7, 0x09, 0xEC,
  0x28, 0xE7, 0x06, 0x03, 0xF8, 0xDF, 0xF9, 0x0B, 0x00, 0x1C,
  0xE3, 0xDA, 0x0E, 0x22, 0x11, 0xD4, 0xF1, 0xFA, 0x27, 0xE2,
  0x0B, 0xEA, 0xF1, 0x21, 0xF6, 0x2B, 0xD5, 0xE5, 0xFF, 0x2D,
  0x13, 0x20, 0xF9, 0x2B, 0x1C, 0xFB, 0x0E, 0xDC, 0xE3, 0x11,
  0xEB, 0xD0, 0xF1, 0x03, 0xE7, 0x11, 0x00, 0x23, 0xFF, 0xF7,
  0xFB, 0x15, 0xF2, 0xD7, 0xFF, 0xFD, 0xFE, 0x23, 0xF9, 0x2D,
  0x10, 0x03, 0xE4, 0x01, 0x09, 0xF3, 0xE6, 0xD5, 0x09, 0x15,
  0xF9, 0xD3, 0x28, 0x02, 0x26, 0xFA, 0xE6, 0xF9, 0x12, 0x33,
  0x0B, 0xD8, 0x03, 0x04, 0xF8, 0xFE, 0xCF, 0x1F, 0xD7, 0x28,
  0x14, 0xFA, 0x0F, 0x0E, 0x1A, 0x18, 0xEB, 0x02, 0x27, 0x09,
  0xF6, 0xFE, 0x02, 0xE4, 0x18, 0x14, 0xE5, 0x16, 0x12, 0xF5,
  0xD9, 0x15, 0x37, 0x1F, 0xF8, 0x05, 0x0C, 0x1D, 0x15, 0x20,
  0x09, 0x0D, 0xF0, 0xCA, 0xFE, 0xFF, 0x09, 0xD4, 0x16, 0x20,
  0x1C, 0xF9, 0x17, 0x05, 0x00, 0x0F, 0xBB, 0x09, 0x04, 0xE4,
  0x14, 0xF5, 0xEC, 0xF9, 0xD5, 0x24, 0x12, 0xFC, 0x03, 0xFE,
  0x01, 0xD8, 0x16, 0x14, 0x00, 0xEB, 0xFE, 0x1C, 0x0D, 0xE3,
  0x15, 0x0C, 0xFB, 0x24, 0xF4, 0x02, 0xFF, 0x01, 0xFA, 0x14,
  0x04, 0x22, 0x15, 0x18, 0x02, 0x13, 0x12, 0x20, 0xD8, 0xE8,
  0xFD, 0x03, 0xFD, 0xEB, 0xF4, 0x0E, 0x09, 0xDF, 0x01, 0xF0,
  0xEA, 0xF8, 0x1D, 0x0A, 0xF9, 0xF8, 0x1F, 0x02, 0x08, 0xE8,
  0xEF, 0x05, 0xEB, 0xEB, 0xE3, 0xE3, 0x0D, 0xD7, 0x0B, 0x2B,
  0xEB, 0x0E, 0x0E, 0x10, 0xE9, 0xE9, 0x18, 0x27, 0xE4, 0xEC,
  0xFD, 0xE4, 0x0A, 0xF1, 0xFE, 0x17, 0xFA, 0x0D, 0xED, 0xDD,
  0x0D, 0x17, 0x0E, 0x02, 0xEF, 0xF3, 0x03, 0xFE, 0xFE, 0x15,
  0xF0, 0xF4, 0xF1, 0xF4, 0xF1, 0x0B, 0xEF, 0xF5, 0x00, 0x0D,
  0x10, 0x10, 0x19, 0x0E, 0x01, 0xFE, 0xEA, 0xF2, 0xF4, 0x32,
  0x0D, 0xF7, 0x10, 0x19, 0xFE, 0x1E, 0xF2, 0xF7, 0x1C, 0x0A,
  0x16, 0x15, 0x07, 0x21, 0x12, 0xED, 0xFA, 0x05, 0x29, 0xF2,
  0x17, 0xEF, 0xF8, 0x17, 0xEC, 0xEE, 0x0A, 0xE4, 0x0C, 0x0B,
  0x06, 0x01, 0xE3, 0x00, 0xE9, 0x30, 0x00, 0x13, 0xED, 0x0C,
  0x08, 0x2F, 0x33, 0xEE, 0x14, 0x0B, 0x07, 0x11, 0x06, 0xFA,
  0x17, 0xE1, 0x15, 0x02, 0x21, 0x06, 0xF0, 0xF0, 0x14, 0x02,
  0x1A, 0x13, 0xF0, 0x08, 0x15, 0xD0, 0xF4, 0xE9, 0xF8, 0xF6,
  0xD2, 0xFE, 0x12, 0x1A, 0x24, 0xC2, 0x11, 0xFF, 0x2F, 0x11,
  0x0F, 0x07, 0x18, 0x1F, 0xEF, 0x26, 0xE6, 0xEA, 0x08, 0x33,
  0xF0, 0xF7, 0x0E, 0x05, 0x10, 0xFD, 0x26, 0x14, 0xEC, 0x09,
  0x0C, 0xFD, 0x07, 0x21, 0xF2, 0x0C, 0x1C, 0x16, 0x0E, 0xEF,
  0x13, 0x08, 0x0F, 0xD7, 0xED, 0xF4, 0x13, 0x06, 0x10, 0x01,
  0x07, 0x0E, 0xFC, 0x17, 0xEF, 0xF9, 0xF9, 0x22, 0x06, 0xF2,
  0xFF, 0x03, 0x0B, 0x24, 0x09, 0x02, 0x1D, 0xFD, 0x14, 0xF5,
  0x22, 0x06, 0x02, 0x23, 0x1F, 0xF9, 0xFA, 0xF4, 0x10, 0xE3,
  0x0F, 0x33, 0xE5, 0xF8, 0xE5, 0xE9, 0x13, 0xFC, 0xFF, 0xFA,
  0xF6, 0x27, 0xE8, 0x0F, 0x23, 0xFB, 0xFD, 0x0A, 0xF1, 0x02,
  0x15, 0x12, 0xFF, 0xFB, 0x1B, 0x09, 0x0E, 0xE0, 0x01, 0x23,
  0xFA, 0xF1, 0x09, 0xFB, 0x2B, 0x11, 0x0E, 0x21, 0xDF, 0xE2,
  0x11, 0xFE, 0xD6, 0x2E, 0x1D, 0xF8, 0x0D, 0x18, 0xFE, 0xE2,
  0x07, 0xF9, 0xEE, 0xEC, 0xEB, 0x13, 0xDA, 0x1C, 0xF8, 0x01,
  0x1F, 0xEF, 0x0E, 0xD7, 0xFF, 0x01, 0xDA, 0xE7, 0xDD, 0xDD,
  0xDF, 0xE6, 0x0A, 0xFD, 0xED, 0x28, 0xF9, 0xFE, 0xF4, 0x06,
  0xF7, 0x06, 0x03, 0x10, 0xFD, 0xF0, 0xE4, 0x10, 0x1C, 0xE7,
  0xE7, 0xF0, 0x0B, 0x15, 0x14, 0x0E, 0xEC, 0x18, 0xFE, 0xFD,
  0xE7, 0x10, 0xF8, 0x09, 0x14, 0xF6, 0xFB, 0x12, 0x0D, 0xE7,
  0xE9, 0x08, 0xF7, 0xF3, 0xF2, 0x0F, 0x11, 0xFB, 0xEE, 0xFD,
  0x18, 0x04, 0xE5, 0xE9, 0x01, 0xF5, 0xF0, 0x1D, 0x0D, 0xFA,
  0xFD, 0x16, 0x0A, 0x28, 0x1F, 0xE4, 0x1D, 0x05, 0x09, 0x17,
  0xF7, 0xCF, 0x13, 0x06, 0x1B, 0x16, 0xFB, 0xF7, 0xCD, 0x0E,
  0x0C, 0x11, 0x17, 0xFA, 0x10, 0x0F, 0x12, 0x0F, 0x18, 0xFA,
  0x19, 0xE5, 0x21, 0x06, 0x19, 0xFE, 0x07, 0xF5, 0xF3, 0x32,
  0xF7, 0x06, 0x17, 0x27, 0x10, 0x0C, 0x13, 0xF1, 0x17, 0x04,
  0xE4, 0x0B, 0x0C, 0xF5, 0xEC, 0x11, 0x1B, 0x2A, 0x2A, 0xEC,
  0x17, 0xE6, 0xFA, 0xF9, 0xF6, 0xEB, 0x12, 0xD7, 0x10, 0x1E,
  0xE0, 0xFF, 0xDE, 0x02, 0xF8, 0x1D, 0x14, 0xFF, 0x10, 0xFA,
  0x07, 0x34, 0x25, 0xEC, 0x10, 0xF3, 0x11, 0xF6, 0xEA, 0xEB,
  0x2E, 0x16, 0x36, 0x0B, 0xF5, 0xE7, 0xF9, 0x35, 0x3E, 0x39,
  0x28, 0x49, 0x27, 0x08, 0x2C, 0x11, 0xFB, 0xF5, 0x07, 0x04,
  0x03, 0x23, 0x2A, 0x3C, 0xF0, 0x03, 0x19, 0x28, 0x21, 0x2A,
  0x19, 0x1A, 0x0A, 0xEC, 0x01, 0xF8, 0x06, 0x23, 0xF6, 0x1E,
  0x1E, 0xF6, 0x33, 0x08, 0xED, 0x37, 0xE0, 0x23, 0x1C, 0xF8,
  0x21, 0x3C, 0x47, 0x16, 0x22, 0x03, 0x08, 0x3E, 0x0F, 0x21,
  0x10, 0xE8, 0xFF, 0x16, 0xFB, 0xF9, 0xEF, 0xD9, 0x29, 0x06,
  0x07, 0xF7, 0xEC, 0x22, 0x10, 0x0A, 0x03, 0xEF, 0x02, 0xE6,
  0xF5, 0xF7, 0x17, 0x04, 0xF7, 0x12, 0xFD, 0x0B, 0x1E, 0x0A,
  0x0A, 0x06, 0x1E, 0x0A, 0x19, 0xF6, 0x0E, 0x2F, 0x13, 0x1A,
  0x01, 0xFB, 0x1B, 0x03, 0x01, 0x20, 0x09, 0x16, 0x30, 0x0A,
  0x14, 0x23, 0xE8, 0x01, 0x19, 0xF1, 0xF4, 0xDF, 0x00, 0xED,
  0x02, 0x16, 0x05, 0xED, 0x23, 0x13, 0x1D, 0xE8, 0xEF, 0x15,
  0xFB, 0xF4, 0x0A, 0xF7, 0x1F, 0x08, 0xFE, 0x12, 0x0D, 0xF9,
  0xFA, 0x10, 0x18, 0xF1, 0xD7, 0x05, 0x05, 0xF9, 0xED, 0x16,
  0xF1, 0x00, 0x25, 0xFA, 0x1D, 0x01, 0x02, 0x06, 0xF5, 0xF4,
  0xFC, 0x26, 0x05, 0xF3, 0xEE, 0x0D, 0x11, 0x0B, 0xF5, 0x04,
  0x02, 0x15, 0x20, 0xE5, 0x1D, 0xFF, 0xDD, 0xFB, 0x01, 0xF9,
  0x02, 0xDA, 0xED, 0xFC, 0x14, 0x10, 0x1F, 0xF9, 0x06, 0xFF,
  0xFE, 0xDF, 0x54, 0xAB, 0xFF, 0xFF, 0x58, 0xAB, 0xFF, 0xFF,
  0x5C, 0xAB, 0xFF, 0xFF, 0xDA, 0xC2, 0xFF, 0xFF, 0x04, 0x00,
  0x00, 0x00, 0x00, 0x01, 0x00, 0x00, 0xF2, 0xF4, 0xFF, 0xFF,
  0x57, 0xE7, 0xFF, 0xFF, 0x36, 0xF3, 0xFF, 0xFF, 0x3D, 0xE8,
  0xFF, 0xFF, 0xEF, 0xD4, 0xFF, 0xFF, 0x3E, 0xDC, 0xFF, 0xFF,
  0xD4, 0xFF, 0xFF, 0xFF, 0x1B, 0xEC, 0xFF, 0xFF, 0xE1, 0xEB,
  0xFF, 0xFF, 0x58, 0xF4, 0xFF, 0xFF, 0xB3, 0xEC, 0xFF, 0xFF,
  0xF2, 0xFD, 0xFF, 0xFF, 0x80, 0xCA, 0xFF, 0xFF, 0x7E, 0x22,
  0x00, 0x00, 0xC1, 0xF6, 0xFF, 0xFF, 0xCA, 0xE6, 0xFF, 0xFF,
  0xCF, 0x13, 0x00, 0x00, 0x87, 0x06, 0x00, 0x00, 0x08, 0xC4,
  0xFF, 0xFF, 0x59, 0x11, 0x00, 0x00, 0xC7, 0xCE, 0xFF, 0xFF,
  0x7B, 0xDF, 0xFF, 0xFF, 0xB6, 0xE3, 0xFF, 0xFF, 0xA7, 0xE9,
  0xFF, 0xFF, 0xA7, 0xEF, 0xFF, 0xFF, 0x3F, 0x9E, 0xFF, 0xFF,
  0xE8, 0xF3, 0xFF, 0xFF, 0x18, 0xF9, 0xFF, 0xFF, 0x97, 0xEA,
  0xFF, 0xFF, 0x16, 0xF9, 0xFF, 0xFF, 0xEE, 0xFA, 0xFF, 0xFF,
  0xAD, 0x3A, 0x00, 0x00, 0xE2, 0x13, 0x00, 0x00, 0x30, 0xD1,
  0xFF, 0xFF, 0xB0, 0x03, 0x00, 0x00, 0xEE, 0xDF, 0xFF, 0xFF,
  0x22, 0xB9, 0xFF, 0xFF, 0x97, 0xDE, 0xFF, 0xFF, 0xB6, 0xE7,
  0xFF, 0xFF, 0xBE, 0xF3, 0xFF, 0xFF, 0x62, 0xE2, 0xFF, 0xFF,
  0x8B, 0xF1, 0xFF, 0xFF, 0x99, 0xED, 0xFF, 0xFF, 0xEB, 0xF8,
  0xFF, 0xFF, 0xB2, 0xDD, 0xFF, 0xFF, 0xE9, 0xF8, 0xFF, 0xFF,
  0x55, 0xDC, 0xFF, 0xFF, 0xD5, 0xD7, 0xFF, 0xFF, 0xEF, 0x05,
  0x00, 0x00, 0xC6, 0x7D, 0x00, 0x00, 0xB4, 0xEB, 0xFF, 0xFF,
  0x07, 0xFB, 0xFF, 0xFF, 0x93, 0xF5, 0xFF, 0xFF, 0x5E, 0x01,
  0x00, 0x00, 0x76, 0xF1, 0xFF, 0xFF, 0x68, 0x23, 0x00, 0x00,
  0x2F, 0x37, 0x00, 0x00, 0x52, 0xF4, 0xFF, 0xFF, 0x48, 0xE8,
  0xFF, 0xFF, 0x54, 0xF2, 0xFF, 0xFF, 0xF5, 0xF2, 0xFF, 0xFF,
  0x82, 0xE4, 0xFF, 0xFF, 0x53, 0xF1, 0xFF, 0xFF, 0xD8, 0xEE,
  0xFF, 0xFF, 0xE6, 0xC3, 0xFF, 0xFF, 0x04, 0x00, 0x00, 0x00,
  0x00, 0x38, 0x00, 0x00, 0x49, 0xDE, 0xF8, 0x00, 0x20, 0xE5,
  0xAD, 0x1A, 0xE5, 0x10, 0x16, 0xDC, 0xE8, 0xF1, 0xF9, 0x48,
  0xFD, 0x39, 0xF0, 0xCC, 0xC2, 0x26, 0x43, 0xD8, 0x0A, 0xED,
  0xCC, 0x05, 0xAB, 0x06, 0xD6, 0xF3, 0x36, 0xD4, 0x2A, 0x0F,
  0x00, 0x29, 0x01, 0x32, 0xC9, 0xC3, 0x26, 0xF1, 0xF8, 0xF8,
  0x1C, 0x67, 0x1A, 0x51, 0x0C, 0x18, 0xC5, 0xEE, 0x32, 0x06,
  0xF6, 0xC1, 0xC7, 0x06, 0x1F, 0xF6, 0x32, 0x09, 0xF8, 0x00,
  0xD7, 0x0F, 0xE1, 0x08, 0x13, 0xE2, 0xF5, 0xC7, 0xFA, 0x67,
  0x27, 0xF0, 0x63, 0x29, 0xFB, 0x4F, 0xB8, 0x2A, 0xDB, 0x0C,
  0x0B, 0x2B, 0x1F, 0x08, 0x15, 0xEE, 0x16, 0x17, 0x37, 0xFD,
  0x49, 0x13, 0xD8, 0xE8, 0xFB, 0xF7, 0xF6, 0x9E, 0xE2, 0xF9,
  0xBA, 0xFF, 0xF2, 0xCB, 0x24, 0x3E, 0xDB, 0x00, 0xC4, 0xFB,
  0xC5, 0xCF, 0xE4, 0x24, 0xD2, 0xF5, 0x1D, 0xFC, 0xB3, 0x18,
  0xFF, 0x03, 0x13, 0xC4, 0xF1, 0x35, 0x0E, 0xF6, 0xC8, 0xFC,
  0xE4, 0x03, 0x16, 0xFB, 0xCB, 0xD4, 0x0D, 0x1E, 0xFA, 0x15,
  0x1F, 0xF1, 0xD7, 0xEA, 0xFF, 0xC9, 0x3B, 0xFB, 0xE6, 0x0D,
  0xBC, 0x0B, 0xC6, 0x05, 0x00, 0x97, 0x50, 0xF7, 0xF1, 0xEB,
  0xC1, 0x2D, 0x06, 0x0E, 0x1D, 0xE5, 0xC8, 0x15, 0xED, 0x51,
  0x10, 0x7F, 0x26, 0xF0, 0xE5, 0x04, 0x14, 0xE9, 0x38, 0xB6,
  0xC1, 0x09, 0xEE, 0x22, 0xAD, 0xD7, 0xDA, 0xF7, 0x23, 0x00,
  0xFE, 0x18, 0x09, 0x37, 0xBB, 0xCF, 0x26, 0x20, 0xF5, 0xEE,
  0xD8, 0x33, 0x0D, 0x59, 0xEE, 0xEF, 0xCB, 0x19, 0x36, 0x5C,
  0x15, 0xD2, 0xDD, 0xF1, 0x03, 0x25, 0x1A, 0xE4, 0xF6, 0x05,
  0xE9, 0x0F, 0xF3, 0xF3, 0x2B, 0x00, 0xE8, 0x26, 0xEB, 0xDA,
  0xF3, 0x11, 0xFE, 0xF0, 0xFF, 0x06, 0xEC, 0x18, 0xCE, 0xD4,
  0xC7, 0xF6, 0xF5, 0x27, 0xF8, 0x19, 0x39, 0xEC, 0x16, 0x20,
  0xFC, 0x02, 0x0F, 0x14, 0xF9, 0x01, 0x24, 0x34, 0xD7, 0x45,
  0x09, 0xFC, 0xE6, 0xF0, 0xDA, 0xFE, 0x1A, 0x14, 0xEF, 0x1F,
  0xEA, 0xC9, 0xF3, 0xEB, 0xEE, 0x1D, 0xE1, 0x01, 0x23, 0xE3,
  0x0D, 0x08, 0x01, 0x08, 0x09, 0x15, 0x2E, 0xFD, 0xF8, 0x14,
  0xE9, 0x27, 0xCE, 0x13, 0xFD, 0x01, 0x13, 0x1B, 0x1B, 0x0D,
  0x10, 0x0B, 0x11, 0xEA, 0x06, 0x28, 0xC7, 0x0C, 0x1A, 0xF1,
  0x3A, 0xFA, 0x23, 0xF8, 0x00, 0xFB, 0xF9, 0x07, 0x1D, 0x06,
  0x00, 0x0C, 0x06, 0xE6, 0xD8, 0x05, 0x00, 0x20, 0x29, 0x08,
  0x32, 0xF3, 0x0C, 0xFE, 0xF1, 0x0F, 0x04, 0x0B, 0xE5, 0xFF,
  0x29, 0xEA, 0x39, 0x09, 0xFB, 0x02, 0xFA, 0xEF, 0xF8, 0xF7,
  0x0A, 0x18, 0x2D, 0x01, 0xF8, 0xFA, 0xE2, 0x15, 0xF3, 0xF0,
  0xEA, 0xE0, 0x27, 0xE3, 0x0F, 0x23, 0xC6, 0x01, 0x04, 0xE7,
  0xE8, 0x01, 0xFD, 0xFC, 0xF7, 0xE5, 0xFC, 0xEA, 0xF9, 0xFC,
  0x29, 0x11, 0x0A, 0x1D, 0x1D, 0x16, 0xE9, 0x06, 0xFE, 0x16,
  0x3A, 0xEB, 0xE8, 0xDC, 0x0F, 0xA5, 0x2A, 0x22, 0xF5, 0xF2,
  0x15, 0xFC, 0xEA, 0x14, 0x23, 0x0E, 0xE1, 0xF7, 0xF4, 0x13,
  0x04, 0x03, 0xE4, 0x01, 0x18, 0xE9, 0x0D, 0xFB, 0xEE, 0xD6,
  0xF9, 0xDA, 0x35, 0x12, 0x11, 0xF9, 0x14, 0x81, 0x27, 0x0F,
  0x28, 0xF9, 0x12, 0x00, 0xF5, 0x13, 0x3F, 0x08, 0x17, 0x27,
  0x02, 0x2A, 0x0F, 0x11, 0xF3, 0x2B, 0x51, 0xF2, 0x06, 0xEF,
  0xB7, 0x25, 0xC3, 0xE7, 0x06, 0xC4, 0x37, 0x09, 0x10, 0x14,
  0x3D, 0x24, 0xB9, 0xCD, 0x0C, 0xCF, 0xB8, 0x3A, 0x02, 0xDF,
  0x18, 0x11, 0xF5, 0x0C, 0xE2, 0xEB, 0x0C, 0x19, 0x3E, 0xE9,
  0x1C, 0xEC, 0xF8, 0x1D, 0xBA, 0x21, 0x0B, 0x50, 0xE4, 0xE4,
  0xEE, 0x1B, 0x12, 0x20, 0x0A, 0xE7, 0x3F, 0x01, 0x8B, 0xFB,
  0x3B, 0x0A, 0x06, 0x09, 0xDF, 0xE9, 0xEE, 0xEB, 0xC6, 0x3D,
  0x30, 0x2D, 0x1B, 0xFC, 0x0E, 0x18, 0xAF, 0xFF, 0x95, 0x2A,
  0x81, 0xD8, 0x2E, 0x0F, 0x2B, 0x47, 0xB0, 0xF3, 0x0B, 0x08,
  0x1B, 0x06, 0xF5, 0x06, 0xE2, 0xE7, 0xD8, 0x37, 0xD4, 0xF9,
  0x01, 0x5C, 0x35, 0x14, 0x3D, 0xFE, 0x39, 0x0E, 0x97, 0x16,
  0x26, 0xE8, 0xF9, 0xC1, 0x42, 0x9E, 0x28, 0x25, 0xBA, 0x26,
  0x2E, 0x2E, 0x01, 0x02, 0xE2, 0x0E, 0xDB, 0xDA, 0xCF, 0x63,
  0x91, 0xA9, 0xEF, 0x35, 0xD2, 0x24, 0x1A, 0x5E, 0x75, 0x3E,
  0xB4, 0x05, 0x1A, 0x73, 0xAC, 0xE8, 0x2C, 0xC3, 0x50, 0x3A,
  0xBC, 0x00, 0xBD, 0x08, 0xD1, 0x10, 0x4C, 0x22, 0x3A, 0x30,
  0x17, 0x0B, 0xED, 0xDF, 0xC2, 0x35, 0x19, 0xF1, 0xE5, 0x0B,
  0xD0, 0x44, 0xDD, 0x03, 0x28, 0x05, 0xCF, 0xDE, 0x61, 0xFE,
  0x2C, 0x3C, 0x94, 0xD9, 0xCF, 0xE3, 0xE4, 0xFC, 0xC5, 0xF1,
  0x05, 0xD9, 0xC3, 0x43, 0xC7, 0x1B, 0x35, 0x1C, 0x03, 0x12,
  0x0C, 0x58, 0x39, 0x37, 0x15, 0xEA, 0xCB, 0x09, 0xE4, 0xCD,
  0x2E, 0xDD, 0x2C, 0x22, 0x34, 0xCA, 0x02, 0xD6, 0xAB, 0x12,
  0x55, 0xF2, 0x59, 0xEA, 0xE3, 0xE4, 0x31, 0x62, 0x2A, 0x3A,
  0xF8, 0x20, 0x3C, 0xEC, 0x9A, 0xF7, 0xB9, 0x27, 0x0C, 0xDF,
  0xD9, 0x17, 0x21, 0x34, 0xC4, 0x41, 0x33, 0xA2, 0x00, 0xEA,
  0xB4, 0x12, 0x53, 0x11, 0x0A, 0xE3, 0x52, 0xDC, 0xE5, 0x2A,
  0x4B, 0x0F, 0x09, 0xA9, 0x14, 0x81, 0xBF, 0xF6, 0xDE, 0xEF,
  0x0F, 0x0C, 0x26, 0xD1, 0xF9, 0xEE, 0x3A, 0x4F, 0x31, 0x28,
  0xF5, 0xFA, 0xA3, 0xCC, 0x38, 0x19, 0xEB, 0x0C, 0xE9, 0x2B,
  0xDD, 0xE9, 0x75, 0xD0, 0x2A, 0xC2, 0x14, 0xD2, 0x21, 0xF8,
  0xCB, 0x0D, 0xC4, 0x3E, 0xC3, 0x1A, 0x15, 0x0C, 0x1A, 0xD8,
  0xF9, 0x21, 0x19, 0xA9, 0xD5, 0xEF, 0x22, 0x3A, 0xDC, 0xEB,
  0x85, 0x13, 0xFE, 0xED, 0x04, 0xF2, 0x08, 0x35, 0x0B, 0xFC,
  0x1E, 0x03, 0x02, 0xE8, 0x97, 0x0E, 0xA2, 0x1D, 0x42, 0xFA,
  0xED, 0x25, 0xEB, 0x01, 0x05, 0x1E, 0xFF, 0xD7, 0xE3, 0x22,
  0xC7, 0xC4, 0x0F, 0x32, 0xDC, 0x39, 0xD8, 0xF0, 0x26, 0xF3,
  0x01, 0x58, 0xF7, 0xD6, 0xE2, 0x19, 0x6A, 0xD2, 0xEB, 0x01,
  0x1C, 0x8F, 0x08, 0x0B, 0xFE, 0x20, 0xF9, 0x18, 0xFF, 0xC7,
  0xD5, 0x23, 0xFC, 0x51, 0x53, 0x7F, 0xB1, 0x1B, 0x0E, 0xF2,
  0x9E, 0x14, 0xD4, 0x5E, 0x29, 0x20, 0x02, 0x33, 0x08, 0xE8,
  0xE6, 0xD8, 0x35, 0xC0, 0x5A, 0x76, 0x39, 0x11, 0xD0, 0xF0,
  0x16, 0xC0, 0x47, 0xF9, 0x3C, 0x57, 0x2E, 0xEB, 0xF0, 0x2C,
  0xF3, 0x39, 0x03, 0xDA, 0x9F, 0xBA, 0xE0, 0x10, 0x02, 0xD3,
  0x35, 0xEB, 0x00, 0xCF, 0xF6, 0x69, 0x0A, 0x3C, 0x17, 0x05,
  0x41, 0x0D, 0x98, 0x46, 0x26, 0xE3, 0x11, 0xED, 0xE4, 0xE6,
  0x5A, 0x55, 0xD9, 0x02, 0xCA, 0xEE, 0x38, 0x94, 0xE9, 0xD1,
  0x10, 0x40, 0x6A, 0xF0, 0x04, 0x0B, 0x10, 0xDD, 0x1A, 0xFE,
  0x4A, 0x7F, 0x0D, 0xE5, 0x0A, 0xE7, 0xF1, 0x21, 0x1E, 0xDD,
  0x1A, 0xF1, 0x2D, 0x41, 0x9D, 0x0A, 0xF9, 0xA7, 0x5E, 0x0D,
  0xC4, 0x0C, 0xC3, 0x2B, 0xDD, 0x0A, 0xD5, 0xCA, 0x3C, 0xB3,
  0xE2, 0xF6, 0x26, 0xBF, 0xC2, 0x40, 0xEA, 0x41, 0x04, 0x52,
  0xFC, 0x01, 0x00, 0x37, 0xFD, 0xD0, 0xAF, 0xF5, 0xE5, 0x12,
  0x73, 0x0A, 0x0D, 0x3E, 0xF8, 0xC9, 0x06, 0x5E, 0x0C, 0x00,
  0x60, 0xF1, 0x29, 0xC3, 0x04, 0xAC, 0xDD, 0xAE, 0xCE, 0x34,
  0x02, 0xDD, 0x0E, 0x33, 0x02, 0xF6, 0xB7, 0xFD, 0x16, 0x33,
  0xFD, 0x4C, 0x48, 0x56, 0x0B, 0x54, 0x58, 0x0B, 0x01, 0x21,
  0xEA, 0x37, 0x24, 0xFE, 0xE8, 0x29, 0x18, 0x9E, 0x03, 0xE9,
  0xF3, 0xE7, 0xDB, 0xE8, 0x0F, 0x0B, 0xFA, 0x0C, 0xD1, 0xEF,
  0x2F, 0xCE, 0x2F, 0x04, 0x0D, 0x33, 0xF0, 0xF3, 0x1B, 0x4D,
  0x34, 0xCF, 0xFD, 0x3E, 0xEC, 0xF6, 0x3B, 0x18, 0x1B, 0x67,
  0x01, 0xD0, 0xFE, 0x83, 0x4F, 0xA2, 0xEB, 0x29, 0x06, 0xC0,
  0x0D, 0x3D, 0x00, 0xE8, 0xF4, 0xF7, 0x28, 0xC9, 0xC7, 0x0F,
  0xF4, 0xF5, 0x27, 0xF3, 0x26, 0x07, 0xE7, 0xF2, 0x3D, 0xF3,
  0x34, 0x54, 0x33, 0x2D, 0x34, 0x00, 0x01, 0xBD, 0x2F, 0xEE,
  0xF7, 0x8E, 0x44, 0x28, 0xE4, 0x3C, 0x18, 0xEA, 0x11, 0xEB,
  0xD1, 0xE1, 0xCE, 0xD0, 0xBF, 0xC3, 0xF4, 0x40, 0x21, 0xE1,
  0x4C, 0xA4, 0x6A, 0x08, 0x04, 0xEC, 0xDC, 0x4C, 0x8D, 0xEC,
  0x16, 0xD6, 0xBF, 0xE6, 0xEA, 0x24, 0x13, 0xF9, 0xE2, 0x47,
  0xFF, 0x08, 0x0F, 0xEE, 0x21, 0xDB, 0x5B, 0xED, 0xEC, 0xE9,
  0x22, 0x81, 0x20, 0x19, 0xEB, 0xF7, 0x0F, 0xFD, 0x05, 0xCA,
  0xE0, 0xD7, 0x0C, 0xBE, 0x42, 0xDF, 0xD2, 0x32, 0x08, 0xCF,
  0xB6, 0xEE, 0x45, 0x19, 0x0B, 0xFE, 0xCC, 0xE6, 0x33, 0x07,
  0xD2, 0xED, 0x21, 0x96, 0xFF, 0x5A, 0x0E, 0xF4, 0xE6, 0x32,
  0x1B, 0x10, 0xE5, 0x08, 0x02, 0xF6, 0x33, 0x3D, 0xB7, 0xF6,
  0xD3, 0xB8, 0xC5, 0xFC, 0x1D, 0xE2, 0x3E, 0x03, 0xC3, 0xDF,
  0xF3, 0x21, 0xF6, 0x25, 0x1A, 0xC7, 0xDC, 0xF4, 0xE9, 0xFF,
  0x05, 0xFD, 0x1C, 0xFA, 0x0B, 0xFC, 0x26, 0x07, 0x31, 0x27,
  0x0A, 0x00, 0xE1, 0x42, 0xD6, 0x1A, 0x4F, 0x2B, 0x07, 0x04,
  0xEF, 0xE5, 0x07, 0x1F, 0x09, 0x7B, 0x2F, 0x04, 0x9E, 0x26,
  0x22, 0xFF, 0xE2, 0x1D, 0x24, 0xDA, 0x3C, 0xF9, 0x00, 0x3B,
  0xFA, 0x02, 0x45, 0x3E, 0xD6, 0x26, 0xFC, 0x14, 0xE6, 0xED,
  0xAE, 0x05, 0x32, 0x14, 0x04, 0xDA, 0x15, 0x28, 0x13, 0x06,
  0xAB, 0x15, 0x70, 0x32, 0xD8, 0x04, 0x09, 0xE4, 0x11, 0xFA,
  0x29, 0x65, 0xDF, 0x44, 0xE1, 0x05, 0x0C, 0xC9, 0x01, 0x05,
  0xED, 0xDA, 0xC8, 0xB1, 0x05, 0x3B, 0x08, 0x2E, 0x14, 0x27,
  0xEE, 0x0E, 0xBF, 0x36, 0x2A, 0x32, 0xE0, 0x0B, 0xFC, 0x28,
  0x72, 0xD8, 0x0D, 0xDE, 0x0C, 0x21, 0x42, 0x2F, 0xE4, 0x05,
  0x1E, 0xEB, 0xEE, 0x22, 0xED, 0xD0, 0xE7, 0xDB, 0xE0, 0xFE,
  0xE9, 0x58, 0x13, 0xF3, 0x10, 0xEB, 0x34, 0x3F, 0xE0, 0x14,
  0xEE, 0xD7, 0x3A, 0xDC, 0xEE, 0xF8, 0xB4, 0xC6, 0x2E, 0x33,
  0xFB, 0x10, 0xF7, 0xFA, 0x2C, 0xCC, 0x42, 0x1C, 0x1C, 0xF9,
  0x24, 0xF7, 0x13, 0xF8, 0x09, 0xEE, 0xF7, 0xF9, 0x58, 0x35,
  0x18, 0xEC, 0xEF, 0xFC, 0x3F, 0xEF, 0xF1, 0x31, 0xF6, 0xBB,
  0x15, 0xF6, 0x07, 0x20, 0xFD, 0xE4, 0x27, 0xF2, 0xFA, 0xF8,
  0x25, 0xF2, 0x09, 0xCA, 0xED, 0x16, 0xDD, 0xF6, 0xF1, 0xCC,
  0xFB, 0x14, 0x06, 0x0D, 0xF2, 0x21, 0xF7, 0xBF, 0xFD, 0xD2,
  0xE4, 0xD2, 0x39, 0xD8, 0xED, 0x16, 0xE4, 0xEA, 0x01, 0x25,
  0xEE, 0xEF, 0x2B, 0xD0, 0x08, 0xEB, 0xF6, 0x37, 0xD5, 0xCF,
  0x12, 0xAF, 0xB8, 0xD3, 0xBE, 0x1A, 0xC3, 0x26, 0xD9, 0x10,
  0xFF, 0xFC, 0xD0, 0xDC, 0x03, 0x11, 0xE4, 0xE9, 0xD6, 0xE8,
  0x18, 0x35, 0xFA, 0xF1, 0x15, 0xBC, 0x03, 0x10, 0x0A, 0x37,
  0xDB, 0xB9, 0x3E, 0xDF, 0xC5, 0xC1, 0xFB, 0x11, 0x00, 0x0A,
  0x10, 0xFB, 0x1C, 0x0E, 0x0A, 0x14, 0x0F, 0xDD, 0xF4, 0x27,
  0xDD, 0xFD, 0x2D, 0x25, 0xFA, 0x17, 0xF4, 0xFC, 0x15, 0xF8,
  0xD0, 0x19, 0x15, 0xED, 0x0C, 0xE4, 0xE3, 0xB1, 0x39, 0x2D,
  0xED, 0x29, 0xE7, 0xFC, 0x1E, 0x21, 0x25, 0x25, 0x14, 0xEC,
  0xF8, 0xFD, 0x0D, 0x21, 0x3D, 0xEC, 0xEC, 0x10, 0x12, 0x17,
  0x48, 0xEF, 0xEE, 0xE1, 0x00, 0xBD, 0xED, 0x0A, 0xE5, 0xF1,
  0x0D, 0x14, 0x0B, 0xF6, 0x12, 0xF2, 0x34, 0xEE, 0x29, 0x20,
  0x09, 0x11, 0x36, 0x08, 0x05, 0xFE, 0x0C, 0x1F, 0xD7, 0xF6,
  0xFD, 0x14, 0x43, 0xCC, 0xED, 0xED, 0x11, 0x0E, 0xEA, 0x31,
  0xEF, 0x21, 0xE6, 0xFB, 0x18, 0x17, 0x10, 0x11, 0x3D, 0x81,
  0x08, 0x07, 0x30, 0x10, 0x26, 0x35, 0xFD, 0x26, 0x17, 0xFD,
  0xDB, 0x34, 0xB9, 0x3E, 0x37, 0x15, 0x0E, 0xDA, 0xF1, 0x0B,
  0x23, 0xCC, 0x49, 0x0E, 0x1C, 0xE3, 0xF4, 0x07, 0x56, 0x0C,
  0xE9, 0x24, 0x1C, 0x4B, 0x0C, 0x1A, 0x08, 0x0F, 0x1B, 0xFD,
  0x1E, 0xBA, 0x09, 0x09, 0x0A, 0x09, 0x46, 0x18, 0x33, 0x0C,
  0x2B, 0xF2, 0x0A, 0xC2, 0x52, 0x03, 0x37, 0xFC, 0xF5, 0xE5,
  0x6B, 0x1F, 0xF0, 0x29, 0x81, 0x25, 0xE3, 0x00, 0x21, 0xEE,
  0xDF, 0xE1, 0x08, 0xBC, 0x18, 0x00, 0x23, 0xD1, 0x0F, 0xFB,
  0x18, 0xF7, 0xFC, 0x0D, 0xB9, 0xD3, 0x16, 0x12, 0x03, 0xF8,
  0x17, 0xEA, 0x20, 0xE3, 0xD7, 0x0B, 0xB0, 0xFB, 0xE0, 0x01,
  0x05, 0xDA, 0xB8, 0xC8, 0xF7, 0xE3, 0xF7, 0xE0, 0x32, 0xC1,
  0x20, 0xD3, 0x22, 0xED, 0xBC, 0x03, 0xCE, 0xC9, 0xF0, 0xEF,
  0xC9, 0xEC, 0xF6, 0xED, 0xF7, 0xCF, 0xD8, 0x1A, 0xBF, 0xF4,
  0xD5, 0xC7, 0x0C, 0x25, 0xD5, 0xF6, 0x0A, 0xFE, 0xD7, 0xFF,
  0x25, 0xBB, 0x0F, 0xCF, 0x39, 0x0E, 0xD0, 0xCE, 0x12, 0xE3,
  0xE1, 0xE9, 0xC3, 0x17, 0xD6, 0x0A, 0xC7, 0xE0, 0xE3, 0x1B,
  0x11, 0xE7, 0xE9, 0xDD, 0xE4, 0x0B, 0x1F, 0x0F, 0x16, 0x32,
  0xE0, 0xFD, 0x2C, 0xF0, 0x13, 0x12, 0x21, 0x26, 0xF6, 0xD7,
  0x40, 0xFA, 0xE7, 0xF7, 0xE7, 0x14, 0xD7, 0x02, 0xA1, 0xF7,
  0x13, 0xF4, 0x51, 0xE1, 0xEE, 0xFD, 0xC3, 0x0C, 0x2D, 0xF5,
  0x1C, 0x52, 0xEF, 0xFB, 0x54, 0x1E, 0x12, 0x14, 0x14, 0x3B,
  0x14, 0xE8, 0x3B, 0x24, 0xF1, 0xD9, 0x1A, 0x09, 0x00, 0xE0,
  0xE2, 0x17, 0x47, 0xFB, 0x51, 0x00, 0xE6, 0x99, 0xC2, 0x11,
  0xE6, 0xF6, 0xB6, 0x21, 0x33, 0x1E, 0x01, 0xEC, 0xCE, 0xF7,
  0xE0, 0x97, 0x46, 0x4B, 0xD6, 0x05, 0xCE, 0x04, 0xD8, 0x23,
  0x16, 0xF9, 0xDD, 0x04, 0x31, 0x2A, 0xCB, 0xFA, 0x49, 0xF6,
  0xF2, 0x21, 0x24, 0x05, 0xBE, 0x01, 0xFA, 0x1C, 0xE5, 0x0E,
  0x1D, 0x2F, 0x2B, 0xC1, 0x1D, 0x21, 0x5F, 0xAA, 0x0D, 0x44,
  0xF3, 0x15, 0x07, 0xFD, 0xF2, 0xD0, 0xF5, 0x1B, 0xFF, 0xE5,
  0x28, 0xBB, 0x06, 0x0E, 0x0C, 0x0C, 0x08, 0xF6, 0x30, 0xF3,
  0xDE, 0x41, 0x0D, 0xF1, 0xF2, 0xB7, 0xC3, 0x02, 0x60, 0xBE,
  0xFF, 0x2B, 0xEC, 0xF2, 0xD1, 0xB1, 0xE4, 0x2F, 0xBD, 0x55,
  0xB1, 0x15, 0xC5, 0xD6, 0xF8, 0xF3, 0x39, 0x06, 0x45, 0x23,
  0x7F, 0x0B, 0x24, 0xEE, 0xF9, 0x22, 0xE5, 0xA2, 0xD0, 0x1C,
  0x1C, 0xD1, 0xFE, 0x34, 0x12, 0xED, 0xCE, 0x05, 0x16, 0x2B,
  0x15, 0x06, 0xF0, 0x0B, 0xD4, 0xC2, 0x25, 0x15, 0x03, 0xF7,
  0xEC, 0xFA, 0xE8, 0xDC, 0x63, 0xF2, 0x0C, 0xF1, 0xFB, 0xDE,
  0xDE, 0x08, 0xD8, 0xDA, 0x07, 0xF7, 0x11, 0xD4, 0x0E, 0xA0,
  0x13, 0xE6, 0x22, 0x5C, 0xEF, 0x1B, 0xF0, 0xBA, 0x01, 0x3B,
  0x0A, 0xBC, 0xDA, 0xFF, 0x28, 0x3A, 0x44, 0xD4, 0x16, 0xEE,
  0x03, 0xC0, 0xF4, 0x5D, 0xE3, 0xBA, 0xF8, 0x26, 0xC3, 0x21,
  0xF1, 0x0A, 0x8F, 0xF1, 0xF9, 0x16, 0xF5, 0xFE, 0xE9, 0xE8,
  0xE8, 0x0B, 0xCD, 0xFE, 0xD2, 0x3A, 0xE0, 0x25, 0x59, 0xF8,
  0x07, 0x16, 0x1F, 0xE8, 0x1D, 0x49, 0x25, 0x1A, 0xF1, 0xFC,
  0xCF, 0x11, 0xE1, 0xEC, 0xCC, 0x13, 0x01, 0x19, 0x41, 0xEE,
  0x2C, 0xEB, 0xF2, 0x13, 0xDB, 0x28, 0x1F, 0x12, 0xD9, 0x23,
  0xC0, 0x39, 0xF7, 0x1B, 0x0B, 0xC6, 0xEC, 0x07, 0x14, 0xE0,
  0x0E, 0x1B, 0x0F, 0xFC, 0x29, 0x19, 0x4F, 0x0B, 0xDD, 0x1D,
  0x1C, 0x40, 0x0B, 0xF1, 0x17, 0x0D, 0x09, 0xF4, 0x1B, 0xC7,
  0xFC, 0x30, 0xBE, 0x1D, 0xEA, 0xFE, 0x2D, 0xFA, 0x1D, 0xF7,
  0xEB, 0xCC, 0x43, 0x3A, 0x34, 0x05, 0xF7, 0xEA, 0x7F, 0xEC,
  0xEE, 0x30, 0xF2, 0x42, 0x07, 0x18, 0x29, 0x0A, 0x2A, 0xF7,
  0x17, 0xDB, 0xDD, 0xDA, 0x15, 0x05, 0xFD, 0x04, 0x14, 0x05,
  0xF5, 0x2A, 0xBA, 0xC8, 0x35, 0x26, 0x26, 0xFE, 0x08, 0xD5,
  0x4C, 0xFC, 0xD6, 0x26, 0x92, 0x15, 0xF3, 0x1E, 0xEE, 0xED,
  0xEB, 0xFF, 0xE1, 0xCF, 0xFD, 0xF1, 0x0E, 0xCE, 0xFF, 0xE9,
  0x2C, 0xD5, 0xCA, 0xF2, 0xC6, 0xC8, 0x35, 0x16, 0xDD, 0xE5,
  0xF5, 0xBF, 0x43, 0xD8, 0xE1, 0x1C, 0xB4, 0xCE, 0xC3, 0xEF,
  0x05, 0x06, 0xD7, 0xDB, 0xFF, 0x08, 0xE1, 0xD3, 0x2A, 0xBC,
  0x2C, 0x01, 0x4A, 0xF6, 0xCB, 0xFD, 0x28, 0xCE, 0x25, 0xF9,
  0xEF, 0x0D, 0xFB, 0x2F, 0x2E, 0xC3, 0x0B, 0x19, 0xE4, 0xC8,
  0xCC, 0xB8, 0xFF, 0xF8, 0xF8, 0xCE, 0x29, 0x1C, 0xD8, 0xEA,
  0x3D, 0xDD, 0xE9, 0xF7, 0x1C, 0xE7, 0xD5, 0xB5, 0x41, 0xED,
  0xF0, 0xE5, 0xF5, 0x13, 0xFE, 0xE7, 0xBD, 0xEE, 0xF8, 0x17,
  0x42, 0xE5, 0xCA, 0xCE, 0xEA, 0x11, 0xF3, 0xF5, 0x3C, 0x2E,
  0x0E, 0x16, 0x31, 0xE0, 0x17, 0x13, 0x02, 0x09, 0x07, 0xB7,
  0x39, 0x1B, 0xCF, 0xEB, 0xFC, 0xED, 0x36, 0xDA, 0xB0, 0xFE,
  0x1A, 0x1F, 0x66, 0x1E, 0x19, 0x35, 0xFB, 0x26, 0xFF, 0x0A,
  0x1A, 0xDB, 0xF2, 0xEA, 0xFB, 0x13, 0x0B, 0xCC, 0x06, 0x35,
  0x24, 0xE9, 0xD8, 0x24, 0x03, 0xF6, 0x37, 0xDF, 0x06, 0x0B,
  0xEB, 0x16, 0xFF, 0x22, 0x47, 0x23, 0x06, 0xD6, 0x19, 0x1A,
  0x4F, 0xE0, 0x0E, 0xD7, 0xF0, 0x0C, 0xCF, 0x1F, 0x0C, 0xF3,
  0x26, 0x53, 0x17, 0x00, 0xFB, 0xCE, 0x0F, 0xDA, 0xD3, 0x03,
  0xD7, 0xF2, 0xE4, 0x16, 0xBC, 0xDF, 0xED, 0xDC, 0x45, 0x14,
  0x0E, 0x1C, 0x12, 0xDB, 0xEC, 0xEC, 0xE7, 0xEF, 0xDA, 0xDE,
  0xE5, 0x19, 0x0E, 0x3E, 0x2D, 0xC8, 0x1F, 0xFB, 0xF9, 0x10,
  0xBD, 0x14, 0x10, 0xE1, 0xA1, 0x00, 0xEE, 0xE7, 0x81, 0xF8,
  0x36, 0x3A, 0xE5, 0xFD, 0x05, 0xC8, 0x04, 0x3D, 0xEE, 0x4A,
  0xFC, 0xF8, 0xD4, 0xE7, 0x0A, 0xFE, 0x11, 0xE8, 0x29, 0xFD,
  0x3D, 0x08, 0x12, 0x34, 0x12, 0xE8, 0xBD, 0xFA, 0x1D, 0x01,
  0xB9, 0xFA, 0xFC, 0x28, 0xF8, 0xFB, 0x00, 0xDF, 0x2D, 0x09,
  0x11, 0xC6, 0x18, 0x04, 0xDC, 0xD3, 0xFC, 0x0C, 0x1C, 0xFC,
  0xFF, 0x18, 0x26, 0xFC, 0x19, 0xFE, 0x01, 0xED, 0xD8, 0xE4,
  0x09, 0x2C, 0x40, 0x27, 0xB6, 0x21, 0xD0, 0xEE, 0x24, 0x01,
  0xF6, 0x20, 0x27, 0xCC, 0xEB, 0xE1, 0xDF, 0xF8, 0x15, 0x1B,
  0x02, 0xE3, 0x0E, 0xF1, 0xE4, 0x04, 0x4F, 0xBC, 0x12, 0x41,
  0x05, 0xFE, 0xFA, 0x27, 0x26, 0x04, 0xBA, 0x69, 0xDB, 0x12,
  0x2B, 0x1F, 0xC1, 0x13, 0xF1, 0xDB, 0x17, 0x06, 0x0A, 0x2B,
  0x01, 0x51, 0x2C, 0xDC, 0xE3, 0x1C, 0x04, 0x23, 0xF7, 0xAF,
  0x04, 0x29, 0xD7, 0xFF, 0x05, 0x31, 0xE4, 0xD2, 0xA4, 0x2B,
  0xE4, 0x17, 0x09, 0x40, 0xE4, 0x2D, 0x25, 0x40, 0x1F, 0xFE,
  0xE3, 0xC7, 0xF9, 0xE1, 0x3F, 0xC9, 0x1D, 0x57, 0x4D, 0x25,
  0xE2, 0xF2, 0xE7, 0xDD, 0xFB, 0xE0, 0xBB, 0x26, 0x05, 0xDD,
  0xA2, 0x3E, 0xBF, 0x16, 0xE9, 0x12, 0xEE, 0x5A, 0xFD, 0xFC,
  0x0D, 0xEC, 0x04, 0x0B, 0x04, 0xE4, 0x42, 0x8B, 0xCD, 0x7F,
  0x5E, 0x14, 0xAB, 0xD0, 0xF6, 0xF2, 0xF8, 0xEB, 0x1A, 0x5B,
  0x40, 0xBE, 0xC5, 0x37, 0xD9, 0x10, 0xF1, 0xD8, 0x18, 0x1B,
  0xBF, 0x32, 0xDB, 0xFD, 0x22, 0x16, 0x30, 0xB4, 0x15, 0xE2,
  0xEB, 0x77, 0x3F, 0x1B, 0xCE, 0x0E, 0xEF, 0x1F, 0x13, 0x0B,
  0x52, 0xF8, 0x0E, 0xD8, 0xE1, 0x16, 0x31, 0x05, 0x32, 0xCA,
  0xB7, 0xC3, 0x0C, 0x2D, 0xD5, 0x09, 0xDF, 0x10, 0xF7, 0xE0,
  0x32, 0x3D, 0x07, 0x3F, 0xFE, 0x0D, 0xFD, 0x01, 0xEC, 0x02,
  0x37, 0xFD, 0xEB, 0xB4, 0xAE, 0xE1, 0xE8, 0x2C, 0x35, 0x46,
  0x58, 0x0A, 0x9E, 0x39, 0x14, 0xE8, 0xC6, 0xEE, 0xB0, 0x0F,
  0xF8, 0x03, 0x1F, 0x11, 0xE7, 0x2E, 0xF2, 0x46, 0x3C, 0xDA,
  0xE8, 0xC4, 0xF8, 0xF5, 0xB3, 0xD9, 0xF9, 0x21, 0x2F, 0x12,
  0x00, 0x1F, 0x57, 0x02, 0xD6, 0x36, 0x02, 0x9D, 0xD3, 0xE2,
  0xB9, 0x32, 0xFC, 0x19, 0x53, 0xC7, 0xA3, 0xCE, 0xC7, 0xFF,
  0x28, 0xEB, 0x32, 0xFD, 0xF0, 0x1D, 0xFB, 0xD5, 0x17, 0x1D,
  0xDA, 0x3B, 0x5D, 0x2C, 0x1C, 0x0A, 0x17, 0xA3, 0xD1, 0xEC,
  0xED, 0xEC, 0xE9, 0x0A, 0x13, 0xDB, 0x18, 0xF4, 0xD0, 0xD1,
  0xA5, 0xE3, 0xF7, 0xFA, 0x17, 0x11, 0x04, 0x3F, 0x09, 0xAC,
  0x1C, 0x10, 0x22, 0x24, 0xFB, 0x2F, 0x1F, 0x28, 0xF1, 0x01,
  0x04, 0x4B, 0xE4, 0x0D, 0x09, 0x17, 0xB1, 0x0C, 0x24, 0xC0,
  0x24, 0x01, 0xE7, 0xDF, 0x13, 0x12, 0xB2, 0x29, 0x27, 0x22,
  0x47, 0xFC, 0xB1, 0xDC, 0x3E, 0x1D, 0xD1, 0x28, 0x24, 0x02,
  0x1A, 0x51, 0x31, 0x73, 0xAF, 0xF0, 0xEE, 0x47, 0xD1, 0xE6,
  0x18, 0xB1, 0x14, 0x4B, 0xC5, 0x21, 0x08, 0x21, 0xD2, 0x0D,
  0xE9, 0xE4, 0x19, 0xCF, 0xF7, 0x4C, 0x19, 0xE0, 0xC8, 0x35,
  0x3C, 0x20, 0x0E, 0x4E, 0xE7, 0xF9, 0xB5, 0x0E, 0x22, 0x59,
  0x18, 0x06, 0x62, 0xB4, 0x2C, 0x07, 0xFC, 0xF2, 0xDE, 0xE4,
  0xB6, 0x35, 0xD5, 0x09, 0x2C, 0xEF, 0x0A, 0x2E, 0x11, 0xEA,
  0xFD, 0xFA, 0x04, 0xEF, 0xFC, 0x19, 0x32, 0x45, 0xE2, 0x2C,
  0x1D, 0x14, 0xF0, 0x13, 0x7F, 0x10, 0xEF, 0x23, 0xC9, 0x12,
  0xBF, 0x13, 0xB5, 0x1F, 0xDD, 0x1B, 0x71, 0xC8, 0xCE, 0x36,
  0x32, 0xEE, 0xE0, 0x1D, 0x4B, 0x1B, 0xFB, 0x4A, 0x26, 0x51,
  0x1A, 0x0E, 0x12, 0x10, 0x00, 0x0B, 0x49, 0xB5, 0xDC, 0xD3,
  0x91, 0xE6, 0xC2, 0x13, 0xAE, 0x2A, 0xF2, 0x25, 0xE3, 0x1C,
  0xB1, 0x24, 0x49, 0xD8, 0xBB, 0x41, 0x09, 0x3B, 0x2F, 0x6B,
  0xD7, 0xF0, 0xCD, 0x0A, 0x05, 0x26, 0xEF, 0xF3, 0x2F, 0xB3,
  0x0E, 0x0A, 0x19, 0xCA, 0xCF, 0xF4, 0xC9, 0x15, 0xFE, 0x29,
  0x38, 0x0C, 0x06, 0x05, 0x18, 0x15, 0xD4, 0xED, 0x3B, 0xF1,
  0x03, 0x1E, 0xC8, 0x0B, 0xCE, 0x29, 0x36, 0x1F, 0x03, 0x06,
  0x18, 0xF4, 0x10, 0xF1, 0xDF, 0xCF, 0x00, 0x04, 0xB5, 0x68,
  0x07, 0x20, 0x36, 0xDB, 0x12, 0x3C, 0x44, 0xFD, 0xE0, 0xE4,
  0xFD, 0x34, 0x38, 0x33, 0x2F, 0x3D, 0xBA, 0x2A, 0xE2, 0x2C,
  0xF9, 0x95, 0xFD, 0xFB, 0x31, 0xDF, 0xDB, 0xEB, 0xF9, 0xE5,
  0xB5, 0xDA, 0xFE, 0x15, 0x09, 0x3F, 0x1B, 0xF8, 0xDE, 0xFA,
  0x88, 0x10, 0x22, 0xF5, 0x14, 0x13, 0x43, 0x3F, 0x27, 0xEA,
  0xAD, 0x18, 0x07, 0xC0, 0xD8, 0x03, 0x2F, 0x18, 0xE0, 0xFA,
  0x02, 0xCC, 0xDC, 0xB8, 0xE6, 0xFC, 0x21, 0x1E, 0xEE, 0xE0,
  0xEF, 0xD1, 0xE5, 0xFB, 0x16, 0xE9, 0x27, 0xF4, 0x47, 0x06,
  0x34, 0x0B, 0xF1, 0xF2, 0x1A, 0x0B, 0xE1, 0xEC, 0x1E, 0xFF,
  0xDA, 0xEC, 0xFA, 0xD7, 0xFD, 0xF5, 0xD6, 0xF9, 0x28, 0xE6,
  0xF1, 0xDA, 0xFB, 0xDC, 0xC1, 0xCD, 0x0C, 0xB2, 0xCA, 0xCF,
  0xCB, 0xD5, 0x0E, 0x1F, 0xEE, 0x36, 0xDB, 0xDC, 0xFA, 0x1A,
  0x02, 0xBD, 0xF5, 0xF9, 0xD6, 0x01, 0xBF, 0x0F, 0xBF, 0xE0,
  0x5C, 0xF7, 0xF4, 0xED, 0x28, 0xEF, 0xA4, 0xFD, 0x12, 0xF7,
  0xEB, 0xD0, 0xBE, 0x0F, 0x15, 0x16, 0xE6, 0x19, 0x22, 0xCF,
  0xF6, 0xFE, 0xFA, 0xEA, 0xD6, 0xEA, 0xFD, 0x31, 0xCF, 0xE4,
  0xE5, 0xE8, 0x15, 0x15, 0xDF, 0x23, 0x2A, 0x01, 0xE2, 0xF4,
  0x09, 0x42, 0xF8, 0xF5, 0xFC, 0x16, 0xFC, 0xE7, 0x22, 0x1F,
  0x1F, 0xBB, 0xDC, 0x1C, 0x2C, 0xFB, 0xCF, 0xF1, 0xC3, 0x0D,
  0xE6, 0xC4, 0xD9, 0x0D, 0x19, 0x34, 0x12, 0x02, 0xEE, 0xFC,
  0xDD, 0xEF, 0x35, 0x34, 0x63, 0x0E, 0x3A, 0x08, 0xCD, 0x1C,
  0x06, 0x39, 0xFC, 0x81, 0xD7, 0xF5, 0x71, 0x38, 0xD2, 0x06,
  0xF6, 0x9C, 0xEC, 0x20, 0x0D, 0x05, 0x0E, 0xF5, 0x0B, 0x2C,
  0x26, 0xCA, 0xED, 0xDA, 0xD9, 0x19, 0x3E, 0xA0, 0xEB, 0xFE,
  0xF2, 0xFF, 0x27, 0xDC, 0x3F, 0x55, 0xC6, 0x27, 0xF9, 0x43,
  0x0F, 0xCC, 0x1E, 0xEB, 0xE7, 0x13, 0xD1, 0xD5, 0x46, 0x25,
  0x44, 0x3F, 0x08, 0xBD, 0xD8, 0x3B, 0x10, 0x04, 0x3E, 0xC1,
  0xFC, 0xCE, 0x09, 0xFC, 0x06, 0xD7, 0xF4, 0x47, 0xBE, 0x16,
  0x24, 0xE7, 0x01, 0xD5, 0xC9, 0xE3, 0xFD, 0x42, 0xFB, 0xD7,
  0xEF, 0x4B, 0x2B, 0x08, 0xE2, 0xE6, 0xF1, 0xE1, 0xEE, 0x26,
  0x21, 0xE1, 0x1D, 0xF1, 0x0F, 0x3B, 0xF9, 0xC5, 0xCA, 0x41,
  0xD4, 0xE9, 0x25, 0xEF, 0x15, 0xFD, 0xBC, 0xF7, 0x1E, 0x0F,
  0x1B, 0xD5, 0xEF, 0x1D, 0xE5, 0xC4, 0x01, 0xF4, 0x18, 0x00,
  0x0B, 0x09, 0xBC, 0x19, 0xF1, 0x0F, 0xFF, 0x48, 0xFE, 0x02,
  0xD1, 0x50, 0x2D, 0xFC, 0x27, 0x22, 0x35, 0x28, 0x2C, 0xEE,
  0x1F, 0xD2, 0xD3, 0x22, 0xFF, 0xF9, 0xC9, 0xEB, 0x2B, 0x37,
  0x18, 0xE6, 0xE2, 0x18, 0xBA, 0x11, 0x1F, 0xC0, 0xF2, 0x39,
  0x05, 0xDF, 0x09, 0x30, 0x19, 0xE2, 0xBD, 0x08, 0x2C, 0x13,
  0x5E, 0x1B, 0x11, 0xF4, 0xBD, 0x34, 0x00, 0xEF, 0xFA, 0xF6,
  0x07, 0x0C, 0xF9, 0xE1, 0xD1, 0x19, 0x18, 0x1A, 0x0C, 0xD1,
  0xF9, 0xD5, 0xCF, 0xD3, 0x3A, 0x4C, 0xE6, 0x0A, 0x81, 0x36,
  0x07, 0xDB, 0x16, 0x3C, 0xF6, 0xDE, 0xD6, 0x07, 0x02, 0xE2,
  0x37, 0xFA, 0xE0, 0xD6, 0xC1, 0x48, 0x08, 0xFB, 0x1E, 0xA5,
  0xD6, 0xC8, 0xE0, 0xD4, 0x01, 0xE1, 0x47, 0x49, 0xB6, 0xF5,
  0xBE, 0xF8, 0xEB, 0xAC, 0xFB, 0xEF, 0x05, 0x35, 0x00, 0x0F,
  0x0D, 0x15, 0x3E, 0x2A, 0xBD, 0x07, 0xFE, 0xB4, 0xE0, 0x07,
  0xEA, 0xF0, 0xD9, 0x11, 0x07, 0xE3, 0x14, 0xDD, 0x77, 0x07,
  0x0B, 0xD8, 0x21, 0x4A, 0x24, 0xFA, 0xEA, 0xE2, 0xC7, 0x59,
  0xED, 0xE6, 0xF8, 0x2F, 0x18, 0xC1, 0x17, 0x10, 0x19, 0xC2,
  0xEE, 0x39, 0x0F, 0x32, 0xC0, 0x44, 0x05, 0x3F, 0x01, 0xD0,
  0x0E, 0xF5, 0x3F, 0xE5, 0x38, 0x22, 0x23, 0xE3, 0x2D, 0x12,
  0xA1, 0x45, 0x40, 0xC4, 0x1A, 0x1F, 0x42, 0xD7, 0x22, 0x10,
  0x15, 0xE3, 0x35, 0x2D, 0xFD, 0x34, 0x18, 0xEA, 0xE0, 0x3F,
  0x15, 0xB7, 0x1D, 0xE8, 0x0F, 0xCF, 0x13, 0x28, 0x22, 0xE3,
  0x67, 0x0C, 0xDA, 0xC9, 0x3A, 0xB4, 0x8B, 0x14, 0xD4, 0xEE,
  0x13, 0x29, 0xFC, 0x18, 0x1F, 0x1A, 0xFE, 0x01, 0x2D, 0xAE,
  0xF9, 0xF0, 0x28, 0x1E, 0xFB, 0x03, 0xEA, 0xA9, 0xDB, 0xFE,
  0xF2, 0x20, 0x43, 0x15, 0x44, 0xD3, 0x2B, 0xCE, 0xCB, 0x2B,
  0xD0, 0x13, 0x25, 0x12, 0xDF, 0xFC, 0xED, 0x0C, 0xE9, 0x03,
  0xD7, 0xE3, 0xE3, 0xF2, 0x65, 0x01, 0x2C, 0xBA, 0x06, 0xC3,
  0xEA, 0x0F, 0x81, 0x37, 0x03, 0x23, 0x46, 0xC9, 0x1A, 0xED,
  0xD1, 0x19, 0xDF, 0xF2, 0x2F, 0x18, 0x11, 0x17, 0xF6, 0x1A,
  0x15, 0xF4, 0x94, 0x17, 0xEB, 0x1F, 0x41, 0xDF, 0xFC, 0x88,
  0x0C, 0xD2, 0x2D, 0xE0, 0xB2, 0x13, 0xDE, 0x18, 0x1E, 0x02,
  0xE5, 0x0A, 0xBA, 0xDB, 0x16, 0x24, 0x38, 0x36, 0x3F, 0x11,
  0xF7, 0x04, 0x0F, 0xE2, 0xC6, 0xDE, 0x06, 0xFC, 0x79, 0x0E,
  0x19, 0x26, 0xF4, 0xAF, 0x35, 0xC0, 0xFF, 0x06, 0xFB, 0x18,
  0x0B, 0xAC, 0x2B, 0x07, 0xD1, 0xF2, 0x12, 0x4E, 0x0E, 0x18,
  0xDC, 0x01, 0xD4, 0xC9, 0xFE, 0x34, 0x0B, 0x3D, 0x1D, 0xEA,
  0xB7, 0x38, 0x1D, 0xF8, 0xE9, 0xD7, 0x34, 0x29, 0x06, 0x9B,
  0xB0, 0xD9, 0xC4, 0xD4, 0x0D, 0x24, 0x32, 0x02, 0xD7, 0xF4,
  0x1C, 0x18, 0x04, 0x1B, 0xFA, 0xF1, 0x1B, 0x28, 0xEF, 0x1C,
  0x27, 0x55, 0x19, 0x0C, 0xD5, 0xE0, 0x0E, 0x05, 0x15, 0x33,
  0x54, 0xC8, 0xDA, 0xF8, 0xE1, 0x05, 0xD4, 0x2E, 0xF4, 0xBF,
  0x0E, 0xE0, 0x2A, 0x50, 0x46, 0xD5, 0x32, 0xEF, 0xF6, 0xDF,
  0xD5, 0x00, 0x00, 0xDD, 0x24, 0x11, 0x2F, 0xDA, 0x0D, 0xEF,
  0x28, 0x04, 0x3D, 0x00, 0x15, 0xA0, 0xA3, 0xDC, 0x28, 0x25,
  0x1C, 0xC0, 0xEE, 0xF0, 0xE3, 0x1C, 0xFB, 0x24, 0x12, 0xCB,
  0xC4, 0xC0, 0x2E, 0x1C, 0x13, 0xC1, 0x07, 0x1A, 0x19, 0x99,
  0xEE, 0xDC, 0x33, 0x2B, 0x34, 0x05, 0x1D, 0x98, 0xB2, 0xCF,
  0x31, 0x53, 0xFE, 0xD8, 0xF8, 0xCD, 0x09, 0x06, 0x0B, 0xEA,
  0x13, 0x0E, 0x24, 0xEA, 0x2F, 0xDD, 0x43, 0xE1, 0x01, 0x24,
  0xC5, 0xB9, 0x0F, 0xE1, 0x15, 0x0B, 0x0A, 0x2F, 0xED, 0xF7,
  0x00, 0x21, 0x13, 0x47, 0xB6, 0x95, 0xB0, 0xD7, 0xF8, 0x1B,
  0x31, 0x0A, 0x04, 0x1D, 0x0D, 0xF2, 0x12, 0xDF, 0x1A, 0x0B,
  0x4E, 0xE6, 0xEA, 0x81, 0xF4, 0x97, 0x3F, 0x0B, 0x2B, 0x4E,
  0x1C, 0xC2, 0xCF, 0xC9, 0x73, 0xF3, 0xF3, 0xE0, 0xDC, 0x3E,
  0xA7, 0xFC, 0x14, 0x17, 0xDC, 0x9F, 0x11, 0xD8, 0x33, 0x2F,
  0xEF, 0x93, 0xD7, 0x22, 0xCA, 0xEC, 0x10, 0xC6, 0x35, 0xFB,
  0x59, 0xF0, 0x16, 0x37, 0xC0, 0x00, 0x1F, 0x1F, 0x13, 0x54,
  0xD3, 0x18, 0x28, 0xEC, 0x09, 0xC3, 0xFA, 0xBE, 0xCA, 0xEF,
  0x49, 0x14, 0x28, 0xF7, 0xF6, 0x1C, 0xF0, 0x96, 0x17, 0xD8,
  0x57, 0x00, 0xF1, 0x0C, 0xDE, 0x16, 0xBF, 0xDD, 0xF8, 0x48,
  0x32, 0xF5, 0x8D, 0x05, 0xB6, 0x09, 0xDE, 0xE9, 0x23, 0x0B,
  0xF6, 0x10, 0x45, 0x77, 0x27, 0xC8, 0x14, 0x2F, 0xF8, 0xAD,
  0xDE, 0xCE, 0x2D, 0x06, 0xF4, 0x0C, 0xD7, 0xE3, 0x1B, 0xD3,
  0x11, 0x17, 0x29, 0x19, 0xDC, 0xF1, 0xF1, 0xEA, 0x4E, 0xFC,
  0xE0, 0x03, 0x52, 0x3E, 0xE5, 0x1A, 0x11, 0x55, 0x26, 0xD4,
  0xCF, 0xC3, 0xD0, 0xE4, 0x52, 0xF2, 0x26, 0x03, 0xEB, 0xA5,
  0xF1, 0x05, 0x0E, 0x12, 0x18, 0xCC, 0xD8, 0x0B, 0x06, 0xF6,
  0xF2, 0x08, 0x2B, 0xBA, 0x40, 0xE2, 0x35, 0x35, 0x10, 0xC5,
  0xED, 0x2F, 0x02, 0xA1, 0xD7, 0xFF, 0x26, 0xE7, 0x0E, 0xF0,
  0xE1, 0x2B, 0xAF, 0xE7, 0x1F, 0x12, 0x38, 0xDD, 0xE0, 0xD7,
  0xE0, 0x22, 0xFF, 0x0A, 0x3B, 0xBE, 0x2B, 0x07, 0x2D, 0xF9,
  0x61, 0xAC, 0x0A, 0x23, 0xF3, 0x97, 0x03, 0x01, 0x2E, 0x33,
  0x0A, 0x24, 0xE3, 0xD4, 0xFC, 0xAA, 0x25, 0x27, 0x12, 0xCE,
  0x81, 0xEB, 0x0B, 0x00, 0x13, 0x22, 0xE6, 0xF8, 0xDB, 0x04,
  0x0C, 0x2B, 0x37, 0xBB, 0xF4, 0xFE, 0x16, 0xCF, 0x1A, 0x5D,
  0x04, 0x06, 0xEF, 0xF2, 0xBE, 0x9A, 0xFB, 0xF8, 0xBE, 0x18,
  0x0A, 0xD3, 0xDB, 0xC5, 0x22, 0x32, 0x46, 0xFE, 0xFE, 0x2C,
  0x13, 0x11, 0xAE, 0x0C, 0x56, 0x28, 0x01, 0x22, 0x11, 0xB7,
  0x08, 0xE1, 0x3E, 0xC5, 0x07, 0x06, 0xC6, 0x1A, 0xB5, 0x33,
  0x17, 0x09, 0x09, 0xC5, 0xF1, 0x10, 0xF3, 0x0A, 0xF1, 0xB3,
  0x0E, 0xE4, 0x2C, 0xFE, 0xA3, 0xE1, 0x33, 0xFF, 0x37, 0xE2,
  0xC7, 0x09, 0x0B, 0xB2, 0xFD, 0x1B, 0xEB, 0xD6, 0x01, 0x15,
  0x1A, 0xEB, 0xBA, 0x06, 0x15, 0xDF, 0x1B, 0x2B, 0xE6, 0x04,
  0xEC, 0xD5, 0xE7, 0xE9, 0x1E, 0x3B, 0x16, 0xF4, 0xE9, 0xC7,
  0x24, 0xD4, 0xE5, 0x37, 0x1E, 0xBB, 0x22, 0x4C, 0xD0, 0xC1,
  0x0D, 0x44, 0x52, 0xF9, 0x0B, 0x1D, 0xE1, 0xD9, 0x4E, 0x5A,
  0xE8, 0xF2, 0xD8, 0x29, 0x07, 0xF6, 0x2E, 0x01, 0x00, 0x2A,
  0x19, 0x86, 0x12, 0xDD, 0x07, 0x2F, 0x35, 0xD5, 0x14, 0xF0,
  0xEE, 0xD4, 0xF7, 0x17, 0x1B, 0xEA, 0x13, 0x0A, 0x24, 0x18,
  0x3A, 0x1F, 0xDE, 0x16, 0x0C, 0x27, 0xEC, 0x19, 0x34, 0xFE,
  0xD6, 0x11, 0xD3, 0x15, 0x2E, 0xFF, 0xFD, 0x4C, 0x1E, 0x14,
  0xCC, 0x03, 0x2C, 0x23, 0xE2, 0x50, 0x24, 0xFC, 0x1A, 0x3F,
  0xFD, 0x19, 0x35, 0x50, 0xEA, 0x32, 0x21, 0x06, 0x06, 0x01,
  0x24, 0xC0, 0xDA, 0xFB, 0x05, 0x32, 0x2B, 0xF8, 0x04, 0x0E,
  0xCA, 0xF6, 0xFC, 0x39, 0x52, 0x55, 0xF5, 0x10, 0xFE, 0xF0,
  0x4C, 0xFD, 0x2F, 0x03, 0x23, 0xF0, 0x00, 0x40, 0x19, 0x36,
  0x01, 0x49, 0xE7, 0x01, 0xC4, 0x09, 0xE2, 0x24, 0xE6, 0x45,
  0xF5, 0x7F, 0xD7, 0x35, 0xD3, 0x0D, 0x49, 0x0F, 0x00, 0x44,
  0xFC, 0x0F, 0xE6, 0x2E, 0x07, 0xC1, 0xC8, 0xED, 0x44, 0x0C,
  0xC6, 0x18, 0xD1, 0xDF, 0x0C, 0x0C, 0xBA, 0xEA, 0xF0, 0xE1,
  0xBC, 0xD6, 0x0D, 0x35, 0x04, 0xDB, 0xBD, 0xD2, 0x40, 0x32,
  0xDA, 0xBA, 0xCE, 0xED, 0x3A, 0x00, 0xE9, 0xFE, 0xDA, 0xC4,
  0x0F, 0x36, 0xAC, 0xCF, 0x11, 0xBD, 0xE0, 0x09, 0x70, 0x24,
  0xFE, 0xDF, 0x00, 0x10, 0xE7, 0x8F, 0xC6, 0x36, 0x41, 0x18,
  0x00, 0xE1, 0x21, 0xE1, 0xD3, 0xFB, 0x1E, 0x31, 0xF6, 0x30,
  0xEC, 0xA3, 0x21, 0xD3, 0x16, 0xE8, 0x09, 0x14, 0x0C, 0xD8,
  0x49, 0x2A, 0x2F, 0xD4, 0xE3, 0x32, 0xF9, 0xE4, 0x02, 0xBC,
  0x3B, 0x0A, 0x49, 0x01, 0x10, 0xD9, 0xF3, 0x05, 0xE2, 0x27,
  0xE6, 0xFA, 0xCD, 0xF3, 0x48, 0xF8, 0x4C, 0xA9, 0x1B, 0xCF,
  0x03, 0xCE, 0xFE, 0x06, 0x52, 0x03, 0x1F, 0x02, 0x1D, 0xD1,
  0xD7, 0x51, 0x23, 0xFD, 0x0E, 0xE1, 0x1B, 0xFB, 0xA9, 0x13,
  0xE0, 0xFE, 0x3D, 0x03, 0xE6, 0xCE, 0x36, 0xF3, 0xE7, 0xC5,
  0xD6, 0xDD, 0xD6, 0x81, 0xD7, 0xF0, 0x45, 0xAD, 0x1F, 0x0A,
  0x16, 0xC0, 0xF6, 0x29, 0x1C, 0xBB, 0xF4, 0xBA, 0x1A, 0xEB,
  0x97, 0x14, 0x20, 0x1F, 0x1A, 0xF5, 0x07, 0xFA, 0x2C, 0x05,
  0xD1, 0xE6, 0xEF, 0x05, 0xEB, 0x01, 0x3C, 0xFD, 0x44, 0x93,
  0xF0, 0xD0, 0x42, 0xC4, 0xD3, 0x0E, 0x30, 0x0C, 0xB9, 0xDE,
  0xE0, 0xE0, 0xCB, 0xDA, 0xEF, 0x28, 0x1A, 0x43, 0xDE, 0xCA,
  0x4E, 0xF7, 0xF6, 0xD0, 0xF9, 0x15, 0x60, 0x10, 0x0A, 0x35,
  0x30, 0x08, 0x54, 0x02, 0x03, 0xB8, 0xD8, 0xEC, 0x6E, 0x4B,
  0xE0, 0x06, 0xAF, 0xF6, 0xD9, 0xC4, 0xC9, 0xC0, 0xEB, 0x44,
  0xB7, 0xE5, 0xE2, 0xF3, 0xF4, 0xE6, 0x2C, 0xC1, 0x0D, 0x33,
  0x5E, 0x30, 0x3D, 0x07, 0xE3, 0x32, 0xE3, 0xC6, 0xEC, 0xF0,
  0x21, 0xCF, 0xFA, 0xBF, 0x17, 0xC0, 0xAC, 0xF1, 0x0A, 0x33,
  0x07, 0x20, 0xBC, 0xD4, 0xE3, 0x16, 0x13, 0xFA, 0xD2, 0xD8,
  0x19, 0xFF, 0xDE, 0x1F, 0x17, 0xDF, 0x0A, 0x06, 0x33, 0x0A,
  0x0C, 0xFE, 0x11, 0x48, 0x49, 0xF0, 0xCD, 0xC8, 0xF9, 0x27,
  0x46, 0x1A, 0xF4, 0xF8, 0xF5, 0x27, 0x28, 0x2D, 0x0B, 0x07,
  0xF4, 0xE8, 0x29, 0xEF, 0xE2, 0x1A, 0xD4, 0xE7, 0x36, 0xC1,
  0x20, 0x01, 0x08, 0xF4, 0xF8, 0x7F, 0x20, 0xE3, 0xEE, 0x0B,
  0xBA, 0x35, 0x52, 0x00, 0x2B, 0xF0, 0x17, 0xFA, 0xDD, 0x35,
  0x1C, 0xF8, 0x00, 0xF5, 0x35, 0xEB, 0xD7, 0x21, 0x08, 0xCF,
  0x2B, 0xC9, 0x0F, 0x18, 0x07, 0xFC, 0x17, 0x79, 0x34, 0xFD,
  0xED, 0xD4, 0xC1, 0xF8, 0x0D, 0x10, 0xDE, 0xE4, 0xF3, 0xF2,
  0xE2, 0x34, 0x10, 0xE7, 0xF7, 0xE6, 0xEC, 0x15, 0xF0, 0x0A,
  0x12, 0xF5, 0x19, 0xF7, 0x35, 0x19, 0x0E, 0x0D, 0xF5, 0x52,
  0x1A, 0xF3, 0xF2, 0x0C, 0xED, 0xFD, 0x25, 0xE6, 0xE5, 0x16,
  0xF5, 0x0E, 0x11, 0x23, 0x15, 0xBF, 0x1C, 0xDF, 0xCF, 0x07,
  0xCC, 0xD7, 0xE1, 0x13, 0xF7, 0xDA, 0x13, 0xE6, 0x29, 0x1B,
  0xEF, 0x0E, 0xB8, 0xFB, 0x20, 0x38, 0x31, 0xF1, 0x06, 0xD3,
  0xE1, 0x10, 0x07, 0x08, 0x22, 0x55, 0x21, 0x1E, 0x2B, 0x30,
  0x04, 0xF0, 0xCA, 0xEE, 0x05, 0x21, 0xEE, 0xBD, 0xDA, 0x00,
  0xD4, 0xFF, 0x04, 0xFC, 0xAB, 0xDC, 0x37, 0x28, 0x17, 0xDB,
  0x0F, 0xDB, 0xB9, 0x0F, 0x1F, 0xFA, 0x15, 0x1C, 0xFE, 0x0D,
  0x24, 0x3E, 0xF9, 0x0C, 0xFC, 0xED, 0xC9, 0x1E, 0x43, 0xD2,
  0x31, 0x48, 0xD0, 0xEB, 0xD5, 0xE9, 0xBC, 0xEB, 0x3D, 0x2F,
  0xF3, 0xCB, 0x3B, 0xE1, 0xC7, 0x1B, 0x59, 0x1E, 0xBE, 0xFF,
  0x1D, 0x1A, 0xF3, 0xFD, 0x23, 0x2F, 0x81, 0x0C, 0x64, 0xA3,
  0x19, 0xCA, 0x37, 0x19, 0xD1, 0xB7, 0x0B, 0x58, 0xF5, 0xC4,
  0xC4, 0x1A, 0xCE, 0xD3, 0xBC, 0xFD, 0x4B, 0x15, 0xFB, 0x0D,
  0xC0, 0x0E, 0xE0, 0xDF, 0xFF, 0xF5, 0x24, 0x48, 0x8A, 0x1A,
  0x33, 0xB8, 0xF6, 0x08, 0xE6, 0xC9, 0xF2, 0xBA, 0x01, 0x3E,
  0xDC, 0xFE, 0xCD, 0x35, 0xF0, 0x1B, 0xEB, 0xF8, 0x4E, 0xC9,
  0x45, 0xC7, 0x09, 0x24, 0xFA, 0xF1, 0x1E, 0xDF, 0x19, 0x30,
  0xC0, 0x34, 0x02, 0xF6, 0x20, 0x0F, 0xC6, 0x0E, 0x22, 0xCE,
  0xFB, 0x32, 0xF8, 0x17, 0x29, 0x59, 0xE4, 0xEB, 0xFA, 0xFC,
  0x0C, 0xE2, 0x48, 0xDB, 0xFA, 0x16, 0x0C, 0x01, 0x28, 0x0C,
  0x2C, 0x2B, 0xEB, 0xF9, 0xEB, 0xD6, 0xE0, 0x1C, 0x04, 0x32,
  0x3A, 0xFB, 0x06, 0x16, 0xF0, 0x2F, 0x2F, 0x3C, 0x29, 0xE4,
  0x10, 0x15, 0x01, 0x3C, 0x16, 0xFC, 0x04, 0x2E, 0xFD, 0x0C,
  0x1A, 0x00, 0xFB, 0x09, 0xE6, 0xF5, 0xB8, 0x09, 0xD3, 0x00,
  0xDC, 0xCE, 0x24, 0xF4, 0xDA, 0xF1, 0x14, 0x1B, 0x35, 0x02,
  0x50, 0xCE, 0x2B, 0xF2, 0xCA, 0x02, 0xC9, 0x11, 0x33, 0x1E,
  0xFA, 0x2C, 0x14, 0x33, 0x0F, 0xF3, 0xDA, 0xF5, 0xC8, 0x24,
  0xE4, 0xC9, 0xC3, 0xC1, 0x15, 0x24, 0xE9, 0xC8, 0x29, 0x05,
  0x21, 0x33, 0x02, 0x29, 0x7F, 0xF1, 0xD6, 0x0F, 0xC7, 0x34,
  0xF4, 0xE0, 0x25, 0x0E, 0xFF, 0x45, 0xE7, 0xCB, 0xBB, 0xFF,
  0xF3, 0xDF, 0x31, 0x0D, 0x0C, 0xB7, 0xFF, 0x1F, 0x0A, 0xDC,
  0x4C, 0x27, 0x06, 0x14, 0xFE, 0x0D, 0x78, 0x14, 0xF2, 0xF9,
  0xAE, 0x09, 0xF1, 0xC5, 0xDD, 0xF2, 0x0B, 0x06, 0x1B, 0x37,
  0x34, 0x1F, 0x08, 0x3C, 0x1A, 0x0D, 0x4C, 0xC2, 0x28, 0x3D,
  0x5D, 0xD3, 0x05, 0x01, 0x1B, 0x06, 0xD5, 0x02, 0xD4, 0x17,
  0x2A, 0x01, 0x1F, 0xFB, 0xFC, 0x11, 0x02, 0xF7, 0x1C, 0xFD,
  0x27, 0x39, 0x32, 0x03, 0x04, 0x3B, 0x14, 0xE4, 0x0A, 0xB2,
  0xDF, 0x40, 0x2C, 0xFB, 0xDC, 0x05, 0xE6, 0x02, 0xDE, 0xC1,
  0xD8, 0xE3, 0x39, 0x46, 0x0C, 0x19, 0xC2, 0xD3, 0x81, 0xF2,
  0xF2, 0xE2, 0xE5, 0x13, 0x55, 0x0B, 0x2A, 0xCD, 0xDA, 0xB9,
  0x1A, 0xC7, 0xCC, 0x53, 0xEA, 0xD9, 0x91, 0x20, 0xC2, 0x12,
  0x17, 0xF1, 0xBD, 0xFE, 0x2B, 0x09, 0xE9, 0xEE, 0x0A, 0xC1,
  0x04, 0xE2, 0x20, 0x23, 0xEB, 0xEA, 0x00, 0x3D, 0x4C, 0x04,
  0xE1, 0xDA, 0x2B, 0xC5, 0xF1, 0x37, 0x38, 0xD9, 0xCC, 0x0C,
  0xB6, 0xDE, 0x23, 0xE1, 0x97, 0xE1, 0x09, 0x37, 0xF8, 0xD5,
  0x04, 0xEB, 0xFB, 0x03, 0x1B, 0x1A, 0xDC, 0xDE, 0xE4, 0xC4,
  0x01, 0x34, 0xF1, 0xF3, 0x25, 0x1F, 0xCF, 0x3C, 0x0C, 0xBE,
  0xC7, 0x15, 0xDA, 0x32, 0xF0, 0x04, 0x9B, 0xCC, 0x16, 0x2C,
  0xF7, 0x05, 0x12, 0xC4, 0xF7, 0x11, 0x1E, 0x44, 0xCD, 0xED,
  0xF3, 0x0D, 0x00, 0xEF, 0xDF, 0x35, 0x20, 0xEB, 0xE3, 0x34,
  0x30, 0x01, 0xEA, 0xE8, 0xEA, 0x3C, 0x9F, 0xF1, 0xE0, 0x3A,
  0xFD, 0xFD, 0xDB, 0xF2, 0xFC, 0xF3, 0xCD, 0xF2, 0x4F, 0x09,
  0xF8, 0xF4, 0x2C, 0xCB, 0x0B, 0x2E, 0xF2, 0xDD, 0x0A, 0xA1,
  0xFD, 0x28, 0x24, 0xEF, 0xE3, 0x1B, 0x37, 0xEE, 0x19, 0xAE,
  0xEA, 0x2C, 0x1F, 0x61, 0xF3, 0xD0, 0x72, 0xD4, 0xD4, 0xDE,
  0x2E, 0xC6, 0xE3, 0xF8, 0x48, 0xFE, 0x34, 0x36, 0xFB, 0xE9,
  0xC2, 0x15, 0xC1, 0x51, 0xFF, 0x81, 0xE2, 0x74, 0xEB, 0x93,
  0x03, 0xF9, 0x0E, 0x0D, 0xBC, 0x39, 0x85, 0xC0, 0x3C, 0xD2,
  0x0B, 0x21, 0x46, 0xDB, 0xEB, 0x34, 0x23, 0x1C, 0x23, 0xF7,
  0x01, 0x12, 0xFB, 0xED, 0x05, 0x75, 0x5F, 0xC7, 0xCF, 0x36,
  0x0D, 0xDA, 0x6F, 0xD9, 0xB1, 0xFC, 0x16, 0x27, 0xB2, 0xBB,
  0x32, 0x1D, 0xD6, 0xE7, 0x01, 0xE6, 0x06, 0xFA, 0xF2, 0x03,
  0x3B, 0x55, 0x14, 0xFD, 0x09, 0xD5, 0x21, 0x6D, 0xFC, 0xD4,
  0xF9, 0x19, 0x0A, 0x3D, 0x21, 0xC8, 0xB0, 0xC2, 0x23, 0xF7,
  0xF2, 0xE4, 0x22, 0xEB, 0xD4, 0xF0, 0xDE, 0xCE, 0x18, 0xBE,
  0xFA, 0xCE, 0x0A, 0x5C, 0xC4, 0xFF, 0x39, 0x03, 0x36, 0x5C,
  0xE0, 0xDC, 0xFA, 0x09, 0x1C, 0x2A, 0xF3, 0x03, 0xC8, 0xDB,
  0xFE, 0x32, 0x07, 0x13, 0x4D, 0xF1, 0xBA, 0x0C, 0x09, 0xD5,
  0xC5, 0x07, 0x26, 0x03, 0x34, 0xF5, 0xB6, 0xDA, 0x27, 0x00,
  0x0A, 0x3C, 0xD9, 0xB9, 0x9F, 0xDE, 0x01, 0xF4, 0xEC, 0xCE,
  0xC7, 0xF6, 0xAB, 0x2E, 0xE5, 0x19, 0x30, 0xB5, 0xD8, 0xDB,
  0xE9, 0x1B, 0xE5, 0x28, 0x14, 0xEC, 0x2A, 0xE0, 0x1F, 0xC4,
  0x36, 0xEB, 0xC3, 0x25, 0x2E, 0x9A, 0xBA, 0x20, 0xC6, 0x9A,
  0x0D, 0x13, 0xAC, 0x13, 0xB4, 0x22, 0xC7, 0x03, 0x13, 0x02,
  0x21, 0xB3, 0xCD, 0xD3, 0xE5, 0x2E, 0x22, 0x39, 0x3C, 0x13,
  0x29, 0xC6, 0xF9, 0x04, 0xB8, 0x57, 0x67, 0xDF, 0xDE, 0x3F,
  0x0D, 0x1A, 0x5B, 0xD3, 0xE6, 0xF8, 0x1F, 0x3F, 0xDB, 0xD8,
  0x47, 0x01, 0xB9, 0xFE, 0xFE, 0xFA, 0x1C, 0xF6, 0xD0, 0xE7,
  0xE9, 0x0B, 0x2F, 0xCE, 0xE5, 0xFD, 0xF0, 0x0B, 0x04, 0x1A,
  0x38, 0x4C, 0x0C, 0xFC, 0x12, 0xAE, 0x15, 0xFD, 0xE3, 0x13,
  0x0C, 0xCA, 0x0A, 0xEE, 0xA3, 0xEB, 0xEE, 0xF5, 0x7F, 0x1C,
  0xD9, 0x00, 0xEF, 0xD9, 0xFF, 0x2C, 0xF6, 0xD2, 0x15, 0xD4,
  0x1B, 0x2E, 0xF5, 0xD9, 0xD8, 0x25, 0x0A, 0x45, 0xFF, 0xC5,
  0x4D, 0x14, 0x11, 0x07, 0x14, 0x1B, 0xA6, 0x18, 0xF9, 0x2F,
  0x30, 0x2B, 0xF9, 0xEF, 0x30, 0x1E, 0xBC, 0x0B, 0xD7, 0x41,
  0x40, 0xEE, 0xEF, 0xC2, 0x00, 0xC1, 0xE0, 0xFF, 0xD7, 0x5F,
  0xCE, 0x27, 0x06, 0x4A, 0xF1, 0x54, 0xDA, 0xD6, 0x2A, 0xEB,
  0x0B, 0x0B, 0x06, 0x25, 0xF9, 0x0B, 0xF2, 0x34, 0xE5, 0xD1,
  0x1E, 0x33, 0x06, 0xF6, 0xC1, 0x49, 0xE8, 0xBF, 0xFE, 0xF9,
  0x20, 0xFE, 0x6A, 0x08, 0xBA, 0x14, 0xEF, 0x35, 0xA9, 0xF7,
  0x2A, 0x2B, 0x03, 0xDC, 0x1B, 0x27, 0x2B, 0x06, 0xFF, 0x0C,
  0x33, 0xCF, 0xE9, 0x23, 0xE6, 0xF6, 0x2C, 0xFB, 0x05, 0x1F,
  0x25, 0x0D, 0x13, 0xC7, 0x07, 0xDB, 0xEC, 0x08, 0xFB, 0xBB,
  0x2F, 0x25, 0xF6, 0x1B, 0xF1, 0x0E, 0xEF, 0xFB, 0xF1, 0x07,
  0x20, 0xF5, 0x05, 0xDB, 0x02, 0x0D, 0x05, 0xE0, 0x31, 0xDD,
  0x11, 0x53, 0x0F, 0x5F, 0x00, 0xE5, 0xB9, 0xC4, 0xDC, 0xF1,
  0xFC, 0x85, 0x39, 0x1A, 0xEE, 0xEB, 0xDF, 0xEB, 0x00, 0x3D,
  0x8B, 0xF7, 0xA0, 0x07, 0x02, 0xA5, 0xF2, 0x14, 0xFA, 0x0E,
  0x33, 0xDF, 0x43, 0xE9, 0x13, 0xFC, 0xF4, 0x16, 0xE3, 0x23,
  0x1C, 0xD9, 0xED, 0x1F, 0xF4, 0x4A, 0xAC, 0x4E, 0xD1, 0x4D,
  0x0F, 0x14, 0xC1, 0x4B, 0xFE, 0xE4, 0x06, 0xDB, 0x27, 0x17,
  0x07, 0x1D, 0xCB, 0x23, 0xDD, 0xE4, 0x17, 0x01, 0xDF, 0xE6,
  0x5E, 0x22, 0x2A, 0x56, 0x23, 0xCB, 0xCD, 0x16, 0x13, 0xD8,
  0x9B, 0x1B, 0xB8, 0x23, 0x81, 0x1D, 0xE5, 0x00, 0x01, 0xF8,
  0x78, 0x4C, 0x0E, 0x31, 0x06, 0x43, 0xE1, 0x03, 0xA2, 0x1C,
  0xDF, 0x7A, 0x6E, 0xCA, 0x01, 0x40, 0xCC, 0x04, 0x49, 0xFB,
  0x1E, 0xA4, 0xE6, 0xFE, 0x36, 0x2D, 0xB4, 0xFE, 0xF2, 0xFD,
  0x13, 0x0E, 0x46, 0x25, 0x17, 0xE9, 0x2A, 0x63, 0xCF, 0xF9,
  0xD0, 0x5B, 0xE0, 0x30, 0x40, 0xD0, 0xDC, 0xFA, 0xEB, 0x2B,
  0x2F, 0x20, 0x06, 0x4A, 0x04, 0x29, 0x52, 0xFA, 0x10, 0x2D,
  0xF3, 0x18, 0x02, 0xC0, 0x12, 0xFA, 0xDA, 0xC7, 0xEC, 0x5C,
  0x23, 0xE2, 0x30, 0x14, 0xFB, 0xA7, 0x00, 0xF6, 0xC6, 0x05,
  0x0A, 0x29, 0xCB, 0x0F, 0xE1, 0x36, 0xF6, 0x03, 0x34, 0x4C,
  0xD3, 0x27, 0xCE, 0xF4, 0x75, 0xDE, 0x17, 0x13, 0xCC, 0xBD,
  0xF3, 0x27, 0x42, 0xEA, 0xE5, 0xE5, 0xEF, 0xC7, 0x2A, 0x00,
  0xF0, 0x39, 0x2B, 0x0E, 0x15, 0x1C, 0xDA, 0x9B, 0xFA, 0xCE,
  0xC6, 0x2E, 0x95, 0xBD, 0x15, 0xDC, 0x63, 0xEF, 0x1E, 0xFC,
  0x18, 0xDF, 0xED, 0x4D, 0x0A, 0xCF, 0xCE, 0x31, 0x19, 0x45,
  0x53, 0x1F, 0x5A, 0x34, 0x34, 0x47, 0x7A, 0x61, 0x33, 0x16,
  0x21, 0x07, 0x40, 0xA0, 0x85, 0xCE, 0x09, 0xF6, 0x28, 0x1D,
  0x0C, 0xEB, 0xBA, 0x07, 0x08, 0x51, 0xA9, 0xEB, 0xCF, 0x40,
  0xE8, 0xFA, 0xE3, 0x44, 0xF3, 0xC8, 0x1D, 0x1F, 0x12, 0xD6,
  0xEB, 0x13, 0xEF, 0xF2, 0x01, 0x0C, 0xC6, 0xFE, 0x16, 0x97,
  0xF0, 0xCC, 0x2C, 0xF4, 0x04, 0xA4, 0xFA, 0x05, 0xFC, 0xFD,
  0xA2, 0xD8, 0x19, 0xF0, 0x34, 0xCA, 0x24, 0x26, 0x0E, 0xF3,
  0xFF, 0xDD, 0x0C, 0x0A, 0xE5, 0x03, 0x32, 0x3B, 0xA3, 0xFF,
  0xE3, 0x1E, 0x29, 0x15, 0xDE, 0x31, 0xF3, 0x22, 0x09, 0xF3,
  0xF4, 0xE3, 0x10, 0x41, 0x24, 0x44, 0xC2, 0xFA, 0x21, 0x1F,
  0xEE, 0xDA, 0x24, 0xEC, 0xDE, 0xEC, 0xCC, 0x12, 0x3C, 0xE7,
  0xF8, 0x20, 0x14, 0x5A, 0xFE, 0xD0, 0x13, 0xCA, 0xE5, 0xED,
  0xC0, 0x0F, 0xCF, 0x10, 0x13, 0x44, 0xFB, 0xBE, 0x2C, 0xF8,
  0xF3, 0x7F, 0x16, 0x2B, 0xDD, 0xF2, 0x0F, 0xFD, 0xE7, 0x33,
  0x30, 0x13, 0x1B, 0xFD, 0xFD, 0x04, 0x33, 0x05, 0xFE, 0x05,
  0xDE, 0x2D, 0xE9, 0xF3, 0x07, 0x0A, 0x16, 0x0A, 0x3D, 0xC5,
  0x1E, 0xC2, 0x1E, 0xAA, 0x08, 0xEB, 0x50, 0xF5, 0x06, 0x14,
  0x21, 0x12, 0x36, 0x33, 0xA3, 0xE8, 0x2D, 0xDE, 0x15, 0xB3,
  0xC5, 0x06, 0xD7, 0xE5, 0xEB, 0x18, 0xF3, 0x0A, 0xE1, 0x39,
  0x01, 0xA4, 0xB6, 0x13, 0x0C, 0x31, 0xC4, 0xF7, 0xF5, 0xEB,
  0xF0, 0xBE, 0x9E, 0xE1, 0x0A, 0x1D, 0xBB, 0xE1, 0x0B, 0x05,
  0x15, 0xA6, 0x0F, 0x1A, 0xFC, 0xCC, 0xD8, 0x2E, 0xCB, 0xEA,
  0xC5, 0x30, 0x07, 0x20, 0x3C, 0xED, 0x05, 0x0B, 0x06, 0x60,
  0xD6, 0xF8, 0x11, 0x0F, 0xE4, 0xE1, 0x2D, 0x04, 0xDE, 0xE2,
  0xEC, 0x28, 0xFE, 0x5A, 0x4F, 0x56, 0xE9, 0x47, 0x23, 0xF0,
  0x08, 0xE3, 0x09, 0x1C, 0x07, 0x38, 0x1E, 0xEE, 0x22, 0x0B,
  0x1C, 0xB3, 0xEB, 0x0B, 0xCE, 0xFE, 0x18, 0x08, 0xEA, 0x0C,
  0xCE, 0xD4, 0x81, 0x20, 0xE8, 0xFB, 0x27, 0x0F, 0x1F, 0x07,
  0x05, 0xF3, 0xCE, 0xC0, 0xFD, 0x12, 0xEE, 0x48, 0xF1, 0xFC,
  0x0C, 0x2A, 0x12, 0x13, 0x0D, 0xF4, 0x00, 0x29, 0x20, 0x17,
  0xFE, 0x3A, 0xFC, 0xF0, 0xCE, 0x17, 0xFF, 0xF5, 0xFA, 0x01,
  0x1E, 0xEE, 0x30, 0xD5, 0xF5, 0xD6, 0xF6, 0xD1, 0xE7, 0x11,
  0x18, 0xE2, 0xFB, 0x28, 0x2A, 0x24, 0xE4, 0xF2, 0x01, 0xFB,
  0x2A, 0x0A, 0xFE, 0x26, 0x18, 0x07, 0xE8, 0x19, 0x06, 0xE2,
  0xEC, 0x11, 0x0C, 0xE4, 0xFE, 0x04, 0xE5, 0x1E, 0x14, 0xD5,
  0x26, 0x0E, 0xF5, 0xFC, 0x0A, 0xD3, 0x22, 0x0B, 0xE1, 0xDB,
  0xF9, 0x16, 0x3A, 0x09, 0xE1, 0x0D, 0xDA, 0xDE, 0x02, 0x38,
  0xEC, 0x14, 0xE6, 0x21, 0x2D, 0x06, 0xDF, 0xFE, 0xD9, 0x1A,
  0x1C, 0x0B, 0x17, 0x0E, 0xDB, 0xF3, 0x37, 0xD4, 0x1A, 0xE8,
  0xE2, 0xD2, 0xEA, 0x19, 0x06, 0x04, 0xC4, 0x0C, 0xD8, 0xE3,
  0xEC, 0x31, 0xF3, 0x0E, 0xED, 0x34, 0x2E, 0xEF, 0xD2, 0xD1,
  0xF3, 0xD7, 0x00, 0x1C, 0xF9, 0x07, 0xF0, 0xE4, 0x56, 0xE3,
  0x28, 0x06, 0xFF, 0xD3, 0xE6, 0x0F, 0x06, 0x26, 0x11, 0x0C,
  0xE8, 0xD8, 0xA0, 0x17, 0xFE, 0x11, 0x33, 0x3A, 0x29, 0x0F,
  0xD0, 0x0B, 0xEA, 0xD1, 0xDB, 0x2E, 0x14, 0x0C, 0xED, 0x11,
  0x25, 0xFC, 0x1A, 0x2A, 0xFB, 0xD4, 0xB2, 0x16, 0x1A, 0x1D,
  0x04, 0x12, 0xE5, 0xFF, 0xA1, 0x21, 0x1C, 0x02, 0x10, 0x1F,
  0x08, 0xE1, 0x01, 0x06, 0xD4, 0xD9, 0xDE, 0xF9, 0x0D, 0x10,
  0xF9, 0xFF, 0xF3, 0x1D, 0x4C, 0x41, 0x58, 0x06, 0xE0, 0x4A,
  0xF8, 0xCF, 0xD3, 0xBB, 0xC9, 0x14, 0xF9, 0xFA, 0x34, 0x13,
  0xF8, 0x35, 0xAF, 0xE1, 0x61, 0xE1, 0x13, 0x44, 0xE0, 0x23,
  0x3F, 0xC1, 0x12, 0xD1, 0xF7, 0x20, 0xCD, 0x90, 0xF2, 0x66,
  0xD9, 0xF6, 0xEA, 0xCD, 0x19, 0x02, 0xE6, 0xF2, 0xED, 0x2B,
  0xAB, 0xEF, 0xF4, 0x0D, 0x07, 0xD2, 0x43, 0xFB, 0x3D, 0x02,
  0x45, 0x1D, 0x28, 0x13, 0xC8, 0x2C, 0x35, 0xEE, 0xCA, 0xCF,
  0xFE, 0x54, 0xA1, 0xDF, 0xE7, 0xE7, 0x25, 0x24, 0x26, 0x11,
  0x1B, 0x13, 0xEC, 0xEA, 0x24, 0x30, 0x26, 0xA8, 0xFF, 0x03,
  0x28, 0xEC, 0x4F, 0xF4, 0x1A, 0x5A, 0xC4, 0x29, 0xFC, 0x05,
  0xF5, 0x4C, 0xD4, 0x0F, 0xE8, 0xFB, 0xDF, 0x0B, 0x07, 0x5A,
  0x36, 0xE4, 0x26, 0x1A, 0x49, 0xE2, 0x07, 0x45, 0xEF, 0xDA,
  0xA9, 0x00, 0x0B, 0x86, 0xF1, 0xCD, 0x11, 0x0E, 0x20, 0xEE,
  0xCF, 0x49, 0x40, 0x42, 0xED, 0xC9, 0x0E, 0x12, 0xED, 0x31,
  0x17, 0x10, 0x22, 0x11, 0x1C, 0xE5, 0x1F, 0xDB, 0x1C, 0x2D,
  0xE5, 0x02, 0xF3, 0xF6, 0xB5, 0xD3, 0xC1, 0x02, 0x1F, 0xF8,
  0xFF, 0xC9, 0x34, 0x3A, 0x02, 0xF1, 0x1C, 0x1D, 0x01, 0x31,
  0xD8, 0xF2, 0xF2, 0xDE, 0xC0, 0x06, 0xFA, 0x21, 0x06, 0x01,
  0xF4, 0xF7, 0xE6, 0x00, 0x44, 0x0D, 0xFC, 0x1E, 0x18, 0xEE,
  0x08, 0xED, 0xDE, 0xBC, 0xE0, 0x28, 0xE4, 0xB6, 0x1F, 0x48,
  0x18, 0x06, 0xF3, 0xCE, 0x0A, 0xF4, 0x81, 0x0C, 0xC4, 0x13,
  0xF0, 0xC4, 0xCB, 0x16, 0x09, 0x1D, 0x62, 0xC2, 0x7C, 0x15,
  0x10, 0x22, 0x16, 0x11, 0xC7, 0xF3, 0x27, 0x08, 0xE5, 0xF3,
  0x1B, 0xED, 0x14, 0x20, 0xF4, 0xFC, 0x00, 0x23, 0xC1, 0x29,
  0xC2, 0x3E, 0x0F, 0xF9, 0x0E, 0x01, 0xCD, 0xFC, 0x37, 0xE5,
  0x1B, 0xE7, 0x08, 0x1D, 0x10, 0x2D, 0xE7, 0xE0, 0xE9, 0x22,
  0x0A, 0x21, 0x2D, 0xE5, 0x10, 0x17, 0xDD, 0xDA, 0x45, 0xFA,
  0xDE, 0xFE, 0xFE, 0x34, 0x1B, 0xEC, 0x18, 0x1F, 0x1B, 0x25,
  0xEE, 0xE4, 0x0B, 0x1D, 0x40, 0x25, 0x04, 0xA1, 0x4F, 0xFA,
  0x2B, 0x56, 0xED, 0x6F, 0x0E, 0xF7, 0xF7, 0x1F, 0x08, 0xF1,
  0x1F, 0xDB, 0xDF, 0xF9, 0x05, 0xFD, 0xF3, 0xE4, 0x18, 0xF5,
  0x18, 0x30, 0xCB, 0xD9, 0xEE, 0x53, 0x13, 0x13, 0x16, 0xDC,
  0x4D, 0xFE, 0x19, 0x05, 0xE6, 0x0B, 0x24, 0x1F, 0xF2, 0xFC,
  0xED, 0xF3, 0xF1, 0xE1, 0xB8, 0xF6, 0x01, 0xBD, 0x03, 0xDA,
  0xF5, 0xF6, 0xC8, 0x05, 0xD8, 0xE8, 0xF2, 0x18, 0xB9, 0x03,
  0x12, 0x10, 0x44, 0xD3, 0x05, 0xE4, 0x9B, 0x00, 0xDF, 0xFA,
  0x01, 0xD6, 0xC4, 0xE2, 0xFA, 0x0C, 0xD0, 0xF6, 0x04, 0xC2,
  0xF4, 0xE5, 0x0C, 0xED, 0xC2, 0xE9, 0x33, 0x31, 0x15, 0xF1,
  0xC0, 0xE1, 0xEF, 0x11, 0x4E, 0xD6, 0xE7, 0xF2, 0xE9, 0xFE,
  0xC2, 0xE4, 0x20, 0x2F, 0xE4, 0xC7, 0x20, 0x2B, 0x04, 0xD8,
  0x10, 0xEB, 0xE9, 0xEE, 0x30, 0x46, 0xB2, 0xD3, 0x4D, 0xC8,
  0x3F, 0x00, 0x13, 0xF1, 0xFE, 0xFB, 0x0C, 0xE9, 0xD4, 0x62,
  0x21, 0xD6, 0xD2, 0xA1, 0x01, 0x29, 0xFA, 0xD1, 0xF4, 0xF3,
  0x0D, 0xDB, 0x3E, 0xDC, 0x1C, 0xCA, 0xEE, 0x23, 0xF0, 0xE0,
  0x25, 0xDD, 0xF3, 0xE9, 0x19, 0xF6, 0x1E, 0xD3, 0x81, 0xE7,
  0xFB, 0x7C, 0x4C, 0xF0, 0xF7, 0x0C, 0x1F, 0x08, 0x05, 0x1F,
  0xEA, 0x29, 0xF7, 0xF3, 0x07, 0xFB, 0xFF, 0xE5, 0x1E, 0x47,
  0x44, 0xEF, 0xCE, 0x01, 0xE5, 0xF3, 0x14, 0x1B, 0xFF, 0xE5,
  0xD6, 0x46, 0x2C, 0xD7, 0x14, 0x01, 0xFE, 0xEA, 0x0E, 0xFA,
  0xE8, 0x23, 0x27, 0x26, 0x1B, 0xE7, 0x29, 0x07, 0x28, 0x11,
  0x39, 0x67, 0x0D, 0x00, 0xB8, 0x35, 0xE2, 0xA0, 0x67, 0x05,
  0x03, 0x11, 0xD6, 0xF0, 0xF3, 0xEF, 0x1D, 0x3C, 0x17, 0xE9,
  0xF6, 0x2C, 0xF7, 0xFC, 0xBF, 0xD3, 0x0B, 0xD7, 0xF7, 0x0F,
  0x05, 0xCC, 0x0E, 0x50, 0xE1, 0x20, 0x1B, 0xED, 0xFD, 0xCB,
  0xD3, 0xD5, 0xFE, 0x19, 0xC7, 0xEB, 0x02, 0x39, 0x1B, 0x12,
  0xFD, 0xE4, 0xE8, 0xE9, 0xC7, 0x1C, 0xFA, 0xD4, 0xF2, 0x02,
  0xCD, 0xF5, 0x1B, 0x81, 0x1A, 0x09, 0xC7, 0xE6, 0x38, 0xDE,
  0x21, 0xFC, 0xEF, 0xE9, 0x1C, 0xE7, 0x15, 0xE4, 0x05, 0x46,
  0x08, 0x04, 0x21, 0x36, 0x1A, 0xF9, 0xBD, 0xE9, 0x08, 0x11,
  0xD5, 0x28, 0xD3, 0x19, 0x0F, 0x11, 0xFF, 0xD5, 0xF0, 0xFD,
  0x2B, 0xE7, 0x32, 0x1B, 0x2A, 0x08, 0xDF, 0x16, 0xB5, 0xE9,
  0x0A, 0x0F, 0x0C, 0xB9, 0x25, 0x1E, 0x17, 0xF3, 0xF9, 0xD4,
  0xA9, 0xE0, 0x02, 0x39, 0x0F, 0x3E, 0xC5, 0xF9, 0xC5, 0x45,
  0x07, 0xF8, 0xDF, 0xC9, 0x21, 0xF2, 0x6D, 0x0A, 0xDF, 0x28,
  0xC9, 0x12, 0x3E, 0xEF, 0xEB, 0xF6, 0x35, 0xCC, 0x05, 0x06,
  0x27, 0x0C, 0xF6, 0xF9, 0x1B, 0xC5, 0x2D, 0x1C, 0xCC, 0x03,
  0x32, 0x28, 0x23, 0xEC, 0xAD, 0x09, 0x26, 0xAA, 0x30, 0x04,
  0xB1, 0xC6, 0xB9, 0x12, 0xE0, 0xF9, 0x00, 0x00, 0x2A, 0x81,
  0x37, 0x1D, 0xB1, 0xDA, 0x10, 0x07, 0x12, 0x1B, 0x6C, 0xF8,
  0xDD, 0xFF, 0x00, 0x5E, 0x0D, 0xD3, 0x21, 0xFE, 0x3A, 0x26,
  0xF7, 0xEB, 0xFA, 0xDB, 0x09, 0x37, 0xF9, 0xE3, 0x4D, 0xEB,
  0x06, 0xD6, 0x2A, 0xCD, 0xE3, 0xCC, 0x16, 0xEE, 0xFB, 0xB3,
  0x73, 0x21, 0x38, 0xF6, 0xEF, 0x0C, 0xF2, 0x37, 0xF7, 0xDB,
  0xF3, 0x03, 0x1C, 0x11, 0x9A, 0xF6, 0xDA, 0x05, 0xF8, 0xFA,
  0x06, 0xA8, 0x3F, 0x1E, 0x0F, 0x08, 0xFF, 0xFF, 0x91, 0xA2,
  0xE0, 0x11, 0x46, 0xF9, 0x38, 0xCA, 0x21, 0xEF, 0xE9, 0xF3,
  0x19, 0xBF, 0x0B, 0xDF, 0x0D, 0x0E, 0xB6, 0xD2, 0x06, 0x1A,
  0xD5, 0x36, 0xDD, 0xBE, 0x02, 0xD0, 0x12, 0xF4, 0x9B, 0xC0,
  0xE5, 0xFB, 0x4C, 0x24, 0x38, 0xBA, 0x08, 0xB5, 0x40, 0x22,
  0xCF, 0x12, 0xF1, 0xBD, 0xFA, 0xCC, 0xF1, 0xE2, 0xCA, 0xD3,
  0xC1, 0x50, 0xE7, 0x22, 0xCF, 0xB7, 0x42, 0xDD, 0x37, 0xEF,
  0xEA, 0x03, 0x13, 0x06, 0x1A, 0x05, 0x33, 0x12, 0x44, 0xDC,
  0xEF, 0x9D, 0xC9, 0xC4, 0x2D, 0xF0, 0x0D, 0x0F, 0xE6, 0xBE,
  0xE5, 0xCE, 0xFB, 0x12, 0xA3, 0x1D, 0x08, 0xF6, 0x30, 0xD8,
  0xFE, 0xE8, 0x0D, 0xA9, 0xE6, 0x1C, 0x22, 0xDB, 0x3C, 0xF8,
  0x1B, 0xDD, 0xCD, 0x39, 0xE9, 0xF1, 0xC7, 0xBF, 0xEC, 0x11,
  0x45, 0xF3, 0xB4, 0xEB, 0x49, 0x39, 0x01, 0xFA, 0x16, 0xCE,
  0x3C, 0xC2, 0x12, 0x2E, 0xA1, 0xCF, 0xBC, 0xD5, 0x16, 0x01,
  0x51, 0xD1, 0x04, 0xD9, 0x16, 0x03, 0x39, 0x37, 0xF8, 0x05,
  0x42, 0x05, 0x1D, 0x06, 0xE0, 0xE6, 0xE5, 0x11, 0xE4, 0xFE,
  0xEF, 0xC1, 0x1A, 0xF6, 0xE9, 0xFB, 0xBF, 0xD2, 0xF2, 0x12,
  0x31, 0x1E, 0x49, 0x2C, 0x3C, 0x04, 0x0E, 0xC4, 0x1B, 0xB5,
  0x50, 0x24, 0x29, 0x0B, 0x16, 0xF7, 0xCC, 0x06, 0x2E, 0x26,
  0x43, 0xFD, 0xD2, 0xE5, 0x19, 0xF4, 0xEF, 0xFD, 0xA3, 0xBB,
  0x1D, 0x03, 0x3E, 0xE6, 0x49, 0x20, 0x03, 0xE8, 0xE4, 0xED,
  0x0E, 0x0C, 0x27, 0xDC, 0x0B, 0x0E, 0x22, 0x16, 0xB1, 0xCC,
  0xFB, 0x04, 0x25, 0x1B, 0xF0, 0x8C, 0xF2, 0xF9, 0xFF, 0x2B,
  0xCA, 0xC8, 0xEB, 0x1B, 0xFE, 0xFC, 0x20, 0xED, 0x3B, 0x17,
  0x12, 0xC5, 0xE0, 0xCD, 0x2F, 0xEB, 0xE2, 0x1D, 0xDE, 0xFC,
  0xC5, 0xFA, 0x04, 0x19, 0x4C, 0x1E, 0xE5, 0xF1, 0x12, 0xF4,
  0xFD, 0x2F, 0x89, 0xE0, 0x0D, 0x2C, 0xE9, 0xFA, 0x3D, 0xFF,
  0xF9, 0x1E, 0xE2, 0xC8, 0x04, 0x18, 0x1B, 0xE1, 0x00, 0x0B,
  0xD3, 0x09, 0xBC, 0xB2, 0xE3, 0x2F, 0x21, 0x22, 0xB5, 0xBF,
  0x14, 0xF8, 0x11, 0x1A, 0x91, 0x04, 0x09, 0x1F, 0xEF, 0x1B,
  0x44, 0xF5, 0x11, 0x1F, 0xFC, 0xBA, 0x07, 0xF2, 0x0F, 0xD6,
  0x06, 0x36, 0xE0, 0x1E, 0xD6, 0xD6, 0xD2, 0x0B, 0x20, 0x20,
  0xA2, 0xD1, 0x08, 0xF5, 0xFF, 0x47, 0xD3, 0x0E, 0xFF, 0x34,
  0xE3, 0xDB, 0x46, 0x19, 0x1C, 0x34, 0xF2, 0xD0, 0xEF, 0xE5,
  0x37, 0xFE, 0x11, 0x0E, 0x0D, 0xFE, 0xB2, 0xE1, 0x08, 0x2A,
  0x2F, 0x22, 0xC7, 0xD1, 0xE7, 0xE2, 0xE6, 0x30, 0x81, 0x00,
  0x13, 0xFD, 0x22, 0xF3, 0x11, 0xFA, 0x2E, 0xBD, 0xE6, 0xD4,
  0xFA, 0x02, 0x5B, 0x0C, 0x0E, 0xF4, 0xFA, 0x07, 0xE5, 0xE6,
  0xF6, 0x12, 0x4A, 0x27, 0xA9, 0xAF, 0x10, 0x42, 0xF1, 0x21,
  0x05, 0x0C, 0xF3, 0x4E, 0x0B, 0x10, 0x18, 0xF3, 0x22, 0xFF,
  0x0A, 0xE0, 0xF6, 0xD2, 0x02, 0xF8, 0x2B, 0xE7, 0x02, 0xF5,
  0x15, 0xD1, 0xF4, 0xF8, 0x05, 0x10, 0x18, 0xD9, 0x0D, 0x1A,
  0x1A, 0xB7, 0xE8, 0x40, 0xF1, 0xFD, 0xE7, 0xFB, 0xF3, 0x0A,
  0x11, 0x04, 0xE1, 0xD6, 0x40, 0xC3, 0x0B, 0xE7, 0x33, 0x00,
  0xFC, 0xF0, 0x0C, 0xF3, 0xE7, 0x11, 0xE0, 0x2A, 0xF1, 0xF6,
  0xD1, 0xEF, 0xC3, 0xCB, 0xB7, 0xD1, 0x23, 0xEA, 0x20, 0xE3,
  0x26, 0x3E, 0x11, 0x25, 0xD9, 0x3E, 0x28, 0xE5, 0x18, 0xF0,
  0x12, 0xE7, 0x1F, 0x45, 0xF6, 0xF5, 0x36, 0xEA, 0x2E, 0x02,
  0xFD, 0x25, 0x3D, 0x39, 0xDC, 0x11, 0x07, 0x28, 0x0E, 0xE3,
  0xEF, 0x12, 0x3C, 0x9D, 0x00, 0xEA, 0x1A, 0x2B, 0x1F, 0xE1,
  0x3A, 0xE2, 0x0D, 0x23, 0xD1, 0xD7, 0x13, 0xE7, 0xF8, 0xEC,
  0x2F, 0x54, 0x33, 0xCB, 0x26, 0x0D, 0x1B, 0xD1, 0xC6, 0x60,
  0xEA, 0xF1, 0xF8, 0xEA, 0x0A, 0x22, 0x15, 0xEC, 0xF1, 0x2E,
  0x18, 0xD2, 0xE2, 0xE6, 0x1C, 0xFF, 0x52, 0x22, 0x38, 0xF4,
  0xFB, 0xEB, 0x01, 0xE5, 0xE6, 0x58, 0x00, 0x32, 0xE6, 0xCB,
  0xDB, 0xEA, 0x1F, 0xFC, 0xF0, 0xC9, 0x2A, 0x56, 0x19, 0xF6,
  0xEB, 0x26, 0x02, 0xD4, 0xE0, 0x09, 0x69, 0x05, 0xD9, 0x1B,
  0xEF, 0x10, 0x16, 0x38, 0x25, 0x0F, 0xE9, 0x36, 0xF4, 0x2E,
  0xF3, 0xE5, 0x01, 0x22, 0x0D, 0xE1, 0x35, 0x02, 0x1D, 0x81,
  0xF4, 0x11, 0x1A, 0x63, 0xD5, 0xF5, 0xF9, 0xC2, 0x07, 0x1D,
  0xF8, 0x02, 0x0D, 0xF1, 0xF8, 0x0B, 0x21, 0x05, 0xE9, 0xE9,
  0xEA, 0xF3, 0x28, 0x29, 0xDA, 0xF2, 0xE7, 0x11, 0xD0, 0xF1,
  0xE5, 0xFF, 0xF8, 0xE6, 0x0A, 0xF6, 0xEB, 0xAA, 0x52, 0xC9,
  0xD7, 0xAF, 0xA8, 0x27, 0xF9, 0x2E, 0xF6, 0xF8, 0x24, 0x13,
  0xD2, 0x08, 0xE7, 0xB8, 0x43, 0x3E, 0x13, 0xFC, 0xE2, 0x3F,
  0xFF, 0xD4, 0xF0, 0x38, 0x25, 0x35, 0x02, 0x51, 0xEF, 0xCC,
  0x7F, 0xBA, 0x33, 0xBE, 0x4A, 0x2E, 0xD8, 0xF7, 0xF8, 0x11,
  0xEE, 0x23, 0xCC, 0xD7, 0x26, 0xA9, 0x0A, 0x12, 0x1F, 0x1F,
  0x29, 0x0F, 0x13, 0xCF, 0x2A, 0x10, 0x24, 0xD3, 0xEA, 0x21,
  0x09, 0xBB, 0xF8, 0xE5, 0x29, 0xDC, 0x58, 0x08, 0xE3, 0xA9,
  0xFE, 0xED, 0x0A, 0x36, 0xE8, 0xD4, 0x0A, 0xDB, 0xC1, 0xFF,
  0xFC, 0xDF, 0x03, 0x06, 0xCE, 0xBE, 0x29, 0xFB, 0x33, 0xA1,
  0x02, 0x2D, 0x02, 0xDC, 0xD7, 0xFD, 0xCD, 0x11, 0x28, 0x0E,
  0x32, 0x13, 0xEB, 0xE3, 0x4E, 0xCA, 0x08, 0xC9, 0x29, 0xEB,
  0xE1, 0xE9, 0x0B, 0xEB, 0x00, 0x36, 0xA8, 0xF9, 0xF8, 0xF6,
  0xF9, 0xD4, 0xFD, 0x15, 0x15, 0x94, 0xEA, 0xD7, 0xB1, 0xF6,
  0xC4, 0x30, 0xEB, 0x1D, 0xC8, 0xF1, 0x29, 0xB3, 0xDF, 0x0F,
  0x2C, 0xED, 0xE1, 0xEC, 0x09, 0xF9, 0x17, 0x59, 0xD1, 0x0C,
  0xC6, 0xE3, 0x0A, 0x3B, 0x2F, 0x2B, 0x14, 0xD6, 0x05, 0xEB,
  0xD9, 0xCE, 0xB5, 0x59, 0xD5, 0x3C, 0x20, 0x21, 0x25, 0x0D,
  0xFA, 0x13, 0x31, 0xEA, 0x09, 0x13, 0x1D, 0x4F, 0x34, 0x4C,
  0x10, 0x2B, 0xB0, 0xF7, 0x28, 0x57, 0x24, 0x44, 0x30, 0xF0,
  0x16, 0xFB, 0xED, 0xC4, 0x20, 0x12, 0xD2, 0xEC, 0x2B, 0x2B,
  0x16, 0x1D, 0x3D, 0xFB, 0xDE, 0x36, 0xF7, 0x1A, 0x2E, 0xDC,
  0x3E, 0xEF, 0x08, 0xF7, 0x16, 0xD2, 0xF6, 0xB5, 0x26, 0x5C,
  0x18, 0xFA, 0xC5, 0xF3, 0x0B, 0xDC, 0x4A, 0x3E, 0x24, 0xDF,
  0xF8, 0xF4, 0x05, 0xFA, 0xE4, 0x28, 0x0D, 0x1D, 0x06, 0x76,
  0x15, 0xF9, 0x2F, 0x11, 0xC9, 0x29, 0x33, 0xCB, 0x06, 0xEC,
  0x31, 0x65, 0xF3, 0xA5, 0x0A, 0xDF, 0x39, 0x0B, 0xD1, 0x00,
  0xF7, 0xE8, 0xDF, 0x11, 0xB8, 0xE4, 0xC8, 0x07, 0x3B, 0xF9,
  0x00, 0xEF, 0xEF, 0x99, 0xEF, 0x23, 0xC3, 0xE5, 0x1D, 0x0B,
  0x2B, 0xEB, 0x04, 0x13, 0xF6, 0xDB, 0x27, 0x3E, 0x2F, 0x32,
  0xC8, 0x2A, 0x3A, 0xCB, 0x97, 0x05, 0xF0, 0x09, 0xAC, 0x48,
  0xF1, 0x1B, 0xE5, 0xC4, 0x11, 0x8C, 0x2B, 0x5F, 0x07, 0xC3,
  0x07, 0x1B, 0xD5, 0xED, 0xA5, 0xF0, 0xB0, 0x14, 0x08, 0xE7,
  0x27, 0x1E, 0xFB, 0x04, 0x02, 0x2B, 0xF7, 0xC1, 0xF8, 0x0D,
  0x20, 0xEB, 0xA0, 0x4B, 0xC2, 0xE4, 0x09, 0x24, 0x35, 0x27,
  0x01, 0xEA, 0x2D, 0x01, 0x96, 0x0B, 0x00, 0x25, 0xEB, 0x09,
  0xFC, 0xF3, 0x2F, 0x0F, 0x38, 0xCA, 0x03, 0x2D, 0xF7, 0xF5,
  0x20, 0x59, 0x4F, 0xCA, 0xEC, 0x7F, 0xE6, 0xF8, 0x06, 0xF6,
  0xEB, 0x58, 0xE4, 0xDD, 0x29, 0x02, 0x14, 0xF2, 0x0E, 0x44,
  0x4D, 0xCB, 0xD9, 0x1E, 0x30, 0x30, 0x19, 0x97, 0x28, 0x59,
  0xE8, 0x3A, 0xF0, 0x46, 0xD5, 0xD0, 0xFE, 0x45, 0xF5, 0xE6,
  0xED, 0xDC, 0xDF, 0x31, 0xB8, 0xE5, 0x11, 0x33, 0x5D, 0xC1,
  0x08, 0x27, 0x1A, 0xD3, 0xB5, 0x23, 0x18, 0xE9, 0xD6, 0x1C,
  0xFB, 0x0F, 0x3B, 0x19, 0xEC, 0x26, 0xAC, 0xC7, 0xEF, 0xFA,
  0x12, 0x05, 0xF6, 0x44, 0x36, 0x37, 0xDC, 0x24, 0x44, 0xF6,
  0x36, 0xF8, 0x4E, 0x2D, 0x15, 0xEE, 0xE8, 0x4C, 0x15, 0x14,
  0xB5, 0x0D, 0xC0, 0x23, 0x11, 0x06, 0x26, 0x2D, 0xEA, 0x01,
  0xCE, 0x31, 0xFC, 0xD8, 0xB6, 0x0A, 0x29, 0x2E, 0x92, 0x21,
  0x26, 0x20, 0x24, 0xFE, 0x41, 0x00, 0x3A, 0xBD, 0x29, 0x43,
  0x40, 0xF6, 0x94, 0x12, 0xA8, 0x47, 0x1E, 0xDE, 0x0B, 0xFF,
  0xFD, 0x0B, 0x16, 0x12, 0x17, 0xE0, 0xF6, 0xC5, 0x2A, 0x2E,
  0x9A, 0x29, 0x0C, 0x05, 0x39, 0xC6, 0x10, 0xFB, 0x12, 0xCA,
  0xF7, 0x71, 0x00, 0xF2, 0x0F, 0x33, 0xF7, 0x17, 0x0C, 0xC8,
  0xFD, 0xA9, 0xC8, 0xF9, 0x2D, 0x05, 0xF0, 0x3D, 0x3F, 0x1F,
  0x11, 0x38, 0xCF, 0x3F, 0xD3, 0xDD, 0x32, 0xB3, 0x30, 0x2F,
  0xDC, 0xC1, 0x24, 0x45, 0xF4, 0x45, 0x33, 0x33, 0x01, 0x96,
  0x23, 0xF1, 0xDC, 0x2B, 0xF6, 0xD7, 0x1B, 0xFC, 0xCA, 0x36,
  0x0A, 0xCE, 0xE4, 0x59, 0x8C, 0xE2, 0xE6, 0x31, 0x3F, 0xDC,
  0x3D, 0x19, 0xF3, 0xCF, 0xC6, 0x1B, 0x03, 0x0A, 0xDF, 0x1E,
  0x2C, 0xF8, 0xF1, 0xF5, 0x06, 0x13, 0x45, 0x18, 0x2F, 0x34,
  0xC9, 0x1A, 0x26, 0xC7, 0x1B, 0x07, 0x81, 0xFB, 0xF6, 0x26,
  0xEC, 0xF4, 0x02, 0xCE, 0xE9, 0xD6, 0xBE, 0x0A, 0xD4, 0xF5,
  0xDE, 0x58, 0xE8, 0x06, 0x26, 0xF6, 0x51, 0x32, 0xF3, 0xFA,
  0x65, 0x0D, 0x0A, 0x23, 0x2D, 0x0E, 0x22, 0xD3, 0xA6, 0x03,
  0xF6, 0x13, 0x48, 0xF4, 0xE8, 0x0B, 0xBF, 0x24, 0xE2, 0xFA,
  0xCA, 0x2F, 0x20, 0x2E, 0xE6, 0xEA, 0x17, 0x0B, 0x19, 0x15,
  0x08, 0x23, 0xEC, 0xF4, 0x36, 0x18, 0xF5, 0xF4, 0x24, 0xF8,
  0xDA, 0xF9, 0x3B, 0xE7, 0x41, 0xEC, 0x3A, 0x4A, 0xF9, 0xF7,
  0x1F, 0xDF, 0x21, 0xEC, 0x17, 0x0B, 0x95, 0xED, 0xFE, 0x26,
  0xE1, 0x08, 0xAD, 0xD0, 0xEF, 0x0B, 0x24, 0xE3, 0xF1, 0xE2,
  0x4C, 0xF4, 0xF7, 0x0E, 0x7F, 0xC6, 0x3D, 0xA9, 0x25, 0x00,
  0x0B, 0x00, 0xCE, 0xEE, 0xEF, 0xED, 0x21, 0x2F, 0xDA, 0xB4,
  0xBF, 0xF4, 0x2F, 0x1D, 0x27, 0xEF, 0xF6, 0xF0, 0xC1, 0xF9,
  0xFD, 0xF4, 0x19, 0x0E, 0xEE, 0xDB, 0x63, 0xBB, 0x0C, 0xA7,
  0x10, 0x08, 0x07, 0xFB, 0xCF, 0x12, 0xBB, 0xF6, 0x0D, 0x3D,
  0x4F, 0xFA, 0xE2, 0xF1, 0x4B, 0xCF, 0x23, 0xC7, 0x24, 0xD9,
  0xCF, 0xCD, 0xF7, 0xF8, 0xFC, 0x19, 0xBC, 0x09, 0x0F, 0xB4,
  0xD8, 0xEC, 0xE7, 0x0D, 0xF5, 0xC9, 0xDE, 0xE4, 0x9B, 0xDB,
  0xBA, 0x6B, 0x16, 0x17, 0xB0, 0xC2, 0x25, 0xDD, 0x07, 0x0E,
  0x0D, 0xB6, 0xD8, 0xF6, 0xE8, 0x31, 0x1E, 0x57, 0xB1, 0x36,
  0xD1, 0x04, 0xE1, 0x1F, 0x11, 0x46, 0x00, 0x03, 0x2F, 0x08,
  0xD3, 0xDD, 0xC1, 0x51, 0x1A, 0x40, 0x0F, 0x22, 0x40, 0x0B,
  0x1F, 0x22, 0x36, 0xE9, 0x04, 0x25, 0xFF, 0x33, 0x21, 0x1F,
  0xF4, 0x4C, 0xAC, 0x55, 0xED, 0x28, 0xCD, 0xF9, 0x22, 0xFE,
  0x4D, 0x0F, 0x06, 0xF8, 0x5C, 0xF8, 0x09, 0xD8, 0x2C, 0x3D,
  0xF8, 0x17, 0xF4, 0x1C, 0x13, 0xFB, 0x22, 0x34, 0x2F, 0x48,
  0x02, 0xB8, 0xDA, 0x15, 0xAE, 0x5A, 0x27, 0x10, 0xAA, 0xD0,
  0xD8, 0x29, 0xE1, 0x18, 0x3C, 0x17, 0x37, 0xD4, 0x13, 0xD2,
  0x04, 0xDD, 0x39, 0x03, 0xBC, 0x45, 0x1F, 0x36, 0xC3, 0xE8,
  0x2E, 0xF3, 0xF3, 0xFD, 0x06, 0xA7, 0xFC, 0x0D, 0xC7, 0x17,
  0xBE, 0x29, 0x0A, 0xD3, 0x2F, 0xDC, 0x6B, 0xFF, 0x21, 0xEC,
  0xF4, 0x01, 0xE6, 0x45, 0xDE, 0x09, 0xE4, 0xCD, 0x49, 0x34,
  0xBA, 0xCC, 0x32, 0xD4, 0xEF, 0x38, 0x1D, 0xE5, 0x12, 0x09,
  0xFB, 0xEE, 0xFF, 0x00, 0x32, 0xEC, 0x31, 0xF6, 0x17, 0x06,
  0x1A, 0xEA, 0x13, 0x07, 0xEF, 0xF6, 0xF7, 0x00, 0xC2, 0x42,
  0xF9, 0x42, 0xFD, 0x24, 0x3E, 0x22, 0xDB, 0x1A, 0xE6, 0xE1,
  0x1A, 0x32, 0x23, 0xCC, 0x3E, 0x5E, 0x01, 0xC0, 0x0F, 0x07,
  0x23, 0xD7, 0x1C, 0xF9, 0x05, 0xDB, 0x06, 0xFE, 0xF2, 0x5A,
  0x2F, 0x03, 0xFE, 0x43, 0xEC, 0xDA, 0xC7, 0xE1, 0xD4, 0x00,
  0xC7, 0xEE, 0xC9, 0xEE, 0xE2, 0xDC, 0x5E, 0x1A, 0xFD, 0xE7,
  0x09, 0x24, 0xFE, 0xEB, 0x10, 0x2D, 0x10, 0xEE, 0x01, 0x19,
  0x16, 0x15, 0x07, 0xFA, 0x08, 0x35, 0x12, 0x20, 0x0C, 0xDC,
  0xD0, 0xF0, 0x27, 0xD3, 0xEC, 0xB7, 0xDF, 0x38, 0xFE, 0x05,
  0x22, 0xB9, 0x09, 0xD0, 0x1E, 0xE7, 0x32, 0xE4, 0x0E, 0x05,
  0xEE, 0xE6, 0xD9, 0xF6, 0xDD, 0xCD, 0x04, 0x0E, 0xF9, 0xF2,
  0x27, 0xEE, 0xF5, 0x14, 0xE1, 0x13, 0xCB, 0xE2, 0xCA, 0x2D,
  0x03, 0x15, 0x13, 0x06, 0x49, 0xB6, 0x7F, 0xF7, 0x07, 0x10,
  0x05, 0xEB, 0x00, 0xED, 0x1C, 0xEF, 0xD9, 0xD4, 0x00, 0x49,
  0xCD, 0xEE, 0x17, 0xDE, 0xF8, 0xE3, 0x22, 0x20, 0xFF, 0x1A,
  0xF1, 0x16, 0x4C, 0x09, 0x12, 0x0E, 0x01, 0xCF, 0x1C, 0x0E,
  0x36, 0xF2, 0x09, 0x08, 0xF0, 0xE8, 0x15, 0x0A, 0x0C, 0x44,
  0x07, 0x1D, 0xD9, 0xC6, 0xF9, 0x08, 0x46, 0x2D, 0x37, 0xFD,
  0x2A, 0x16, 0x02, 0xD3, 0x1F, 0x20, 0x27, 0xF5, 0xB5, 0x73,
  0xA3, 0xB3, 0x4C, 0xE2, 0xF0, 0xFD, 0xF3, 0xF6, 0x20, 0x30,
  0x57, 0x64, 0xE2, 0xCB, 0x36, 0x0E, 0xFF, 0x2C, 0x01, 0x2D,
  0x10, 0xCE, 0x1C, 0x03, 0x17, 0x02, 0x1D, 0x5E, 0x24, 0xE9,
  0xB5, 0x14, 0xB0, 0xB9, 0xE4, 0x90, 0xE4, 0x1E, 0xFA, 0xE3,
  0xEC, 0x1C, 0x12, 0x20, 0x01, 0xB0, 0xD8, 0xFD, 0xE1, 0x08,
  0xF3, 0x00, 0xDF, 0xEE, 0xE4, 0x24, 0x30, 0xF0, 0x1A, 0x55,
  0x0B, 0x05, 0x34, 0xDD, 0x21, 0xFF, 0x8D, 0xED, 0x11, 0xB7,
  0xD7, 0xBA, 0xFD, 0x23, 0xF9, 0xBF, 0x28, 0x04, 0xD4, 0x04,
  0xF5, 0xC8, 0xFA, 0xDB, 0xEE, 0x2D, 0xE8, 0x09, 0x3E, 0x32,
  0xEC, 0xF2, 0xDC, 0xFE, 0x68, 0xC4, 0x6D, 0x5A, 0x07, 0x47,
  0x05, 0xCB, 0xF7, 0xE3, 0xE1, 0x0A, 0xCA, 0xC0, 0x2A, 0x41,
  0xD4, 0xBE, 0x0D, 0xBF, 0x1D, 0xFD, 0xE5, 0xFD, 0x1A, 0x35,
  0xE2, 0xBE, 0xF1, 0x03, 0x07, 0xE3, 0x2A, 0xCF, 0x72, 0x28,
  0x39, 0x31, 0xE1, 0x35, 0xDD, 0x0C, 0x03, 0x21, 0xBE, 0x35,
  0xDF, 0x7C, 0x81, 0x91, 0xF7, 0xDD, 0x13, 0xFC, 0x00, 0xCE,
  0x3D, 0x1B, 0x19, 0xA1, 0x43, 0x02, 0x07, 0xE7, 0xAC, 0xF6,
  0xF0, 0xB8, 0x74, 0xDF, 0xBE, 0x18, 0x55, 0x4A, 0xE7, 0x1E,
  0x07, 0x49, 0xFC, 0x54, 0xBA, 0xE5, 0x13, 0x07, 0x4D, 0x0D,
  0x0C, 0x90, 0x1D, 0xAE, 0xE4, 0xD9, 0x34, 0x41, 0x1E, 0xB6,
  0xB0, 0x35, 0xC1, 0xA8, 0x3E, 0xDE, 0xEB, 0xE5, 0x1C, 0x25,
  0xFE, 0x09, 0x0C, 0x19, 0x2B, 0x39, 0x79, 0x1C, 0xB7, 0xCF,
  0x33, 0x12, 0xF5, 0xFA, 0xD0, 0xE9, 0xDD, 0xBB, 0xBF, 0xCE,
  0xD2, 0x29, 0x0C, 0xF8, 0x01, 0xBD, 0x07, 0xB2, 0x2F, 0xB4,
  0x68, 0x1A, 0x9B, 0x06, 0xDF, 0x37, 0x0B, 0x3B, 0x4D, 0x2A,
  0xFA, 0x43, 0x18, 0xA6, 0x00, 0x05, 0xFB, 0xFE, 0xCF, 0xDD,
  0xC2, 0xFD, 0xEA, 0x43, 0xC2, 0x1E, 0x4C, 0xBA, 0x41, 0xB4,
  0xBA, 0xFD, 0x63, 0x17, 0xBC, 0xD9, 0x35, 0x10, 0x00, 0x14,
  0x5D, 0x14, 0x45, 0x13, 0xDE, 0xC6, 0xE3, 0xF8, 0xE3, 0xE0,
  0x69, 0xE2, 0x50, 0x26, 0xDA, 0xC3, 0xEC, 0x45, 0x71, 0x6B,
  0x20, 0x4B, 0xBB, 0xC0, 0x22, 0x3E, 0xEC, 0xF1, 0x27, 0x40,
  0xDD, 0xFE, 0xFE, 0xDE, 0x1F, 0xE9, 0xEF, 0x0E, 0x2D, 0xF8,
  0x00, 0xF5, 0x3A, 0x01, 0xF3, 0xF4, 0xFE, 0x9E, 0x2F, 0xD5,
  0x1D, 0x3A, 0xE4, 0x29, 0xFA, 0xF6, 0x0F, 0x2B, 0x9A, 0x35,
  0x04, 0xEB, 0x15, 0x1D, 0x40, 0xF0, 0x93, 0x05, 0xD4, 0x01,
  0x18, 0xF7, 0x51, 0xEF, 0xB3, 0x19, 0x81, 0x2D, 0xD6, 0xDC,
  0xEA, 0x3B, 0xEE, 0x97, 0xD4, 0x12, 0x39, 0xEF, 0x99, 0xF9,
  0xC5, 0xFB, 0x06, 0x1E, 0xEB, 0xF9, 0xC7, 0xBD, 0xF0, 0x3A,
  0x1B, 0x02, 0x13, 0xD6, 0xFF, 0x15, 0x3F, 0xFE, 0xEE, 0xF7,
  0x08, 0xE5, 0x1F, 0x18, 0x35, 0xCB, 0x5F, 0x1E, 0xCB, 0xBB,
  0xFF, 0x15, 0x11, 0x41, 0x24, 0x61, 0xB5, 0x15, 0x07, 0xE5,
  0xDF, 0x1A, 0xCE, 0x4C, 0x42, 0x2A, 0xDF, 0x16, 0x23, 0x03,
  0x24, 0x32, 0x16, 0xC3, 0x23, 0x17, 0x57, 0x27, 0x10, 0xDF,
  0x00, 0xB2, 0x6E, 0x07, 0xE8, 0x1B, 0x65, 0xFE, 0x61, 0x40,
  0x17, 0x16, 0xC5, 0xEF, 0x4C, 0xDF, 0xB5, 0xC2, 0xFE, 0xC2,
  0xF2, 0xB5, 0xE5, 0x6F, 0x3A, 0xDC, 0xCD, 0x71, 0x0C, 0x01,
  0xF4, 0x21, 0x65, 0x96, 0x15, 0x12, 0x9E, 0xF8, 0xF2, 0xD6,
  0x15, 0x2C, 0xD1, 0x54, 0x3A, 0xE3, 0x4B, 0xBF, 0x06, 0x04,
  0xE0, 0x10, 0xBF, 0xAF, 0x4A, 0x20, 0x03, 0xD5, 0xF7, 0xDB,
  0x32, 0xE8, 0x2F, 0xE6, 0xC6, 0xD9, 0xD3, 0xFD, 0x0A, 0x08,
  0x23, 0x40, 0xE5, 0xED, 0x1C, 0x4B, 0x2D, 0xBF, 0x1B, 0x4C,
  0xD3, 0xF7, 0xDC, 0xE4, 0xE3, 0x1D, 0x04, 0x6C, 0x71, 0xB8,
  0x14, 0x07, 0x13, 0x22, 0xB5, 0x03, 0x40, 0xDC, 0xAD, 0x48,
  0xC8, 0x13, 0x22, 0xF9, 0x0F, 0x39, 0xBC, 0xBD, 0xF5, 0xAE,
  0xC3, 0x48, 0xD7, 0xF5, 0x04, 0x35, 0x04, 0xDA, 0xE9, 0xEE,
  0x36, 0xC3, 0xE0, 0xFA, 0xE8, 0x17, 0xD9, 0x35, 0x35, 0x15,
  0xED, 0x1F, 0x18, 0xCB, 0x9D, 0xFF, 0xF6, 0x5D, 0xBA, 0x0E,
  0x06, 0xFA, 0xFA, 0x78, 0x03, 0xEE, 0x56, 0xBD, 0xF2, 0xDA,
  0xF2, 0x18, 0xD8, 0xCB, 0x1D, 0x54, 0x38, 0x2F, 0x24, 0xDE,
  0x31, 0xDA, 0x20, 0xD0, 0xA3, 0x14, 0x0B, 0xC4, 0xCA, 0x69,
  0xD6, 0x10, 0x23, 0xF0, 0xCA, 0xFF, 0xC1, 0xCE, 0xE1, 0x02,
  0xD2, 0xF5, 0x3D, 0x19, 0x12, 0x0D, 0xD0, 0xF3, 0x38, 0x04,
  0x4B, 0xDB, 0x4B, 0x1C, 0xFE, 0x1A, 0xFB, 0x25, 0xED, 0x29,
  0x81, 0x61, 0xF3, 0x03, 0xE7, 0xDE, 0xEA, 0x14, 0x1A, 0x0A,
  0x21, 0x22, 0x20, 0x0F, 0xF6, 0x2F, 0x17, 0xCF, 0xD4, 0xDB,
  0x08, 0x35, 0x1B, 0xBE, 0xF3, 0x51, 0x35, 0xEF, 0xE6, 0x1C,
  0xBB, 0xD0, 0xCE, 0xEB, 0x33, 0x0E, 0x0F, 0xFC, 0x30, 0xC8,
  0x3E, 0xDD, 0xB6, 0xE2, 0x20, 0x4C, 0xB5, 0xC7, 0xED, 0xCF,
  0x31, 0xD6, 0x0E, 0x40, 0xFE, 0xF4, 0x21, 0xED, 0x2B, 0x70,
  0xC6, 0xF1, 0xB3, 0x13, 0xE7, 0xFE, 0xF4, 0x0F, 0x28, 0xFA,
  0x1E, 0x32, 0x3E, 0x00, 0xED, 0x11, 0xFA, 0x2F, 0x81, 0xDE,
  0xEB, 0xBD, 0x17, 0x06, 0xE2, 0x4B, 0xCE, 0xDD, 0x34, 0xF9,
  0xF2, 0x41, 0xDE, 0xF7, 0xBF, 0x0B, 0xE7, 0x1B, 0xFF, 0x13,
  0x20, 0xDD, 0x1E, 0x3F, 0xE7, 0xEF, 0xFD, 0x02, 0x21, 0xFD,
  0xF5, 0xF7, 0x48, 0xBE, 0x0B, 0x3D, 0x28, 0xE3, 0xB1, 0x1D,
  0xF1, 0xD1, 0x0A, 0xF8, 0x18, 0x57, 0xFB, 0x57, 0xCA, 0x33,
  0x1B, 0x36, 0xF1, 0xCB, 0xC9, 0x11, 0xDD, 0x57, 0xFC, 0x07,
  0xE9, 0xF5, 0x07, 0xD1, 0x06, 0x0B, 0x3D, 0x4F, 0x53, 0xCD,
  0xAD, 0xF8, 0xD3, 0xFC, 0x2C, 0xF5, 0x73, 0x34, 0xFC, 0xF5,
  0x00, 0x0F, 0x42, 0x15, 0x12, 0xAD, 0xD7, 0xD3, 0x08, 0x24,
  0x31, 0x14, 0xF7, 0xF2, 0x1A, 0xC1, 0xF9, 0x50, 0x1A, 0x37,
  0x2B, 0xF1, 0xDF, 0x4C, 0xB9, 0x2C, 0x2A, 0xFC, 0x43, 0xE8,
  0x00, 0xCE, 0x15, 0x1E, 0x06, 0x19, 0x13, 0x01, 0xD7, 0x11,
  0x05, 0x0A, 0xEE, 0xF4, 0xC6, 0xDE, 0x15, 0xE8, 0x2D, 0x25,
  0x0E, 0x1E, 0x14, 0x1E, 0x35, 0xC8, 0xD4, 0xF9, 0x1C, 0xF4,
  0xF3, 0x95, 0xCE, 0xDC, 0xBA, 0x16, 0xFB, 0x04, 0x31, 0x1E,
  0xE8, 0x0F, 0xE5, 0x3A, 0x12, 0xC1, 0xF2, 0xF3, 0x0D, 0x12,
  0x25, 0xFB, 0x03, 0x46, 0x08, 0x12, 0xF9, 0xCA, 0xE8, 0xED,
  0xFB, 0xF2, 0xD1, 0xA7, 0xF6, 0xE8, 0x50, 0x14, 0xC7, 0x13,
  0x01, 0xE1, 0x36, 0xF0, 0xDF, 0xE3, 0xF6, 0xEF, 0x0A, 0xC8,
  0xF8, 0xF2, 0xB0, 0x0E, 0x1F, 0xB5, 0x34, 0x5F, 0x14, 0x30,
  0x2D, 0xDC, 0x19, 0xDA, 0x04, 0xEF, 0x39, 0x8A, 0xF4, 0x25,
  0x81, 0x0C, 0xF7, 0x3D, 0x60, 0x38, 0xBA, 0xF8, 0x1E, 0x04,
  0xCD, 0x2F, 0xEB, 0xD8, 0x3B, 0xEF, 0x3C, 0xEF, 0xD0, 0xD0,
  0xC3, 0x28, 0xE9, 0x46, 0x06, 0xD1, 0x2C, 0x01, 0x39, 0x2D,
  0x10, 0x40, 0xE7, 0xDE, 0xF3, 0x18, 0x32, 0xE3, 0x0A, 0xED,
  0x01, 0x1A, 0xE6, 0x14, 0xFA, 0x73, 0x31, 0xFB, 0xC8, 0xE6,
  0x39, 0xA5, 0xE9, 0x1A, 0xD1, 0x22, 0x05, 0x22, 0xEF, 0x72,
  0x3C, 0x3D, 0x16, 0xAE, 0x1F, 0xE5, 0xF8, 0x3C, 0xEF, 0xED,
  0x0B, 0x17, 0x07, 0xE9, 0xDA, 0xCD, 0xE4, 0x4F, 0x20, 0xE9,
  0xE9, 0x01, 0xC5, 0xB2, 0x30, 0xFC, 0x16, 0x11, 0x67, 0x06,
  0xB4, 0x14, 0xFE, 0x17, 0xCB, 0xA8, 0x20, 0x37, 0xEC, 0x20,
  0xB0, 0x14, 0x23, 0x2E, 0x07, 0x12, 0x44, 0xB9, 0xBC, 0x5E,
  0xCF, 0xD4, 0x30, 0x03, 0x29, 0x19, 0x30, 0xF2, 0xF3, 0xBC,
  0xC4, 0xCD, 0xED, 0x15, 0xF9, 0xD9, 0x38, 0x30, 0x1B, 0xED,
  0xDA, 0xE9, 0x12, 0xEF, 0xDF, 0x2B, 0x03, 0x16, 0x30, 0x91,
  0x12, 0x0D, 0xA7, 0x0F, 0x56, 0xBF, 0x43, 0x27, 0x28, 0x40,
  0x2D, 0xCD, 0x8B, 0xA3, 0x31, 0xD3, 0x13, 0x86, 0x1C, 0x17,
  0x03, 0xE4, 0x03, 0x02, 0xF0, 0x15, 0xB0, 0xC5, 0x94, 0x22,
  0xE9, 0xF8, 0xD5, 0x16, 0x29, 0x0E, 0x19, 0xD0, 0x49, 0xFF,
  0x14, 0x6B, 0xF0, 0x15, 0xBB, 0xE7, 0x1D, 0xA1, 0xEA, 0x14,
  0x1E, 0x42, 0x06, 0x1B, 0x23, 0xFA, 0xF6, 0xFB, 0xD9, 0x0B,
  0x0B, 0x3B, 0x17, 0xD7, 0x0E, 0x2E, 0x52, 0xC6, 0x02, 0x19,
  0x27, 0x23, 0xDF, 0xE9, 0x15, 0xD8, 0xC4, 0x36, 0xF4, 0x16,
  0xC5, 0x10, 0x09, 0x25, 0x17, 0xAF, 0xDD, 0xB6, 0x40, 0xF6,
  0x02, 0xD7, 0x13, 0x1F, 0xE0, 0xEA, 0xFA, 0x1D, 0x19, 0xE5,
  0x21, 0x3F, 0x1D, 0x1C, 0xE2, 0x21, 0x01, 0xFC, 0x20, 0x0F,
  0x18, 0xFB, 0xF1, 0x14, 0xAD, 0x30, 0xE8, 0x0F, 0xF9, 0xE8,
  0x58, 0x10, 0x30, 0xFD, 0xF3, 0xE7, 0xBC, 0xFC, 0xFC, 0x25,
  0x08, 0x06, 0xFA, 0xE2, 0xFF, 0xDB, 0x04, 0xF7, 0xF2, 0x10,
  0x25, 0xF5, 0x05, 0x01, 0x27, 0xB5, 0x23, 0x3A, 0xD7, 0x6B,
  0x2C, 0x4B, 0xE3, 0x24, 0x18, 0xF4, 0x1B, 0x0D, 0xBD, 0xFC,
  0x29, 0x7F, 0x40, 0xC5, 0x20, 0xE5, 0x36, 0x19, 0xF4, 0xDC,
  0x3B, 0xC5, 0xC3, 0xFA, 0xF5, 0x1A, 0x0B, 0xCE, 0x1B, 0x24,
  0xE6, 0xC6, 0x15, 0xCA, 0xD8, 0x20, 0xE0, 0xFC, 0xF1, 0x1C,
  0x0F, 0xFC, 0xFB, 0x0E, 0x16, 0xC4, 0x0F, 0xEA, 0x33, 0x1C,
  0xED, 0x05, 0x26, 0x19, 0xE7, 0x1D, 0x15, 0x18, 0xA4, 0x2C,
  0xB3, 0x46, 0x00, 0xFC, 0x3C, 0xB5, 0xFC, 0x2F, 0x04, 0xE0,
  0xF3, 0xE9, 0xE6, 0x18, 0xC3, 0x03, 0xCF, 0xE1, 0x1F, 0xC1,
  0x05, 0x03, 0x1F, 0x22, 0x04, 0x18, 0xFA, 0xE6, 0x19, 0x10,
  0xE0, 0xD0, 0xBB, 0x42, 0xDC, 0x35, 0x20, 0x3D, 0x05, 0x03,
  0xED, 0xEE, 0xEF, 0xEE, 0xC4, 0xBA, 0x03, 0x1E, 0x17, 0x04,
  0x17, 0xF9, 0xF4, 0x30, 0x0C, 0x0F, 0xFF, 0x1D, 0xD4, 0x0F,
  0x26, 0xF0, 0xDC, 0xB3, 0x4D, 0x21, 0x0B, 0x40, 0xF7, 0x22,
  0x4A, 0xDE, 0xD5, 0xD9, 0xF9, 0x48, 0x0A, 0xFF, 0xEE, 0x15,
  0xEA, 0x21, 0xF8, 0xFE, 0x24, 0xB3, 0xBF, 0xFE, 0xE6, 0xAA,
  0x71, 0x5C, 0xF0, 0x0B, 0x10, 0xD8, 0x34, 0x16, 0xFE, 0x12,
  0x01, 0x22, 0x3B, 0xB9, 0x1C, 0x03, 0xC9, 0x1F, 0x1C, 0xDE,
  0xCA, 0xE6, 0x02, 0xE5, 0x1C, 0x4A, 0xF6, 0x02, 0x07, 0xF8,
  0xF8, 0x90, 0xF9, 0x2B, 0xAF, 0xEC, 0xF3, 0x15, 0xD5, 0xEE,
  0x2E, 0x29, 0x0C, 0x1C, 0x22, 0xFD, 0x27, 0xDC, 0xDC, 0xE1,
  0xFE, 0x52, 0xA5, 0x04, 0xED, 0xB1, 0x02, 0x1A, 0x14, 0x11,
  0xEC, 0xEC, 0x25, 0x9A, 0xFB, 0x7F, 0xA0, 0xE1, 0xC7, 0x01,
  0x10, 0xFB, 0xF9, 0x23, 0xE0, 0x1E, 0xE8, 0x20, 0x2E, 0xFA,
  0xF3, 0x0D, 0x17, 0x66, 0xCE, 0xF0, 0x0C, 0xBD, 0x29, 0x29,
  0xD2, 0x41, 0xBB, 0x24, 0xFD, 0xAB, 0xDB, 0x4E, 0x29, 0xBE,
  0x0A, 0xF1, 0xDB, 0xF9, 0x00, 0x35, 0xFB, 0xE6, 0x11, 0x1F,
  0x27, 0xFA, 0xF6, 0x15, 0x1D, 0x18, 0x89, 0xD7, 0x21, 0x0A,
  0xF7, 0xFD, 0xBA, 0x25, 0xCF, 0x1E, 0xFF, 0xED, 0xF6, 0x2F,
  0xBC, 0xE6, 0x13, 0x21, 0xCC, 0x1B, 0xFC, 0x27, 0xAA, 0x3D,
  0xD9, 0x32, 0x22, 0xFE, 0xFB, 0x1F, 0xF4, 0xF4, 0xC3, 0x0E,
  0xFE, 0xD2, 0x39, 0x14, 0x37, 0xE3, 0x0D, 0xCF, 0xFB, 0xEB,
  0x3D, 0x01, 0x06, 0x1F, 0x3D, 0xF5, 0xEF, 0x20, 0xCD, 0xF3,
  0xE8, 0x13, 0xD8, 0xE2, 0x06, 0x31, 0xFC, 0xDC, 0x07, 0xFE,
  0x0D, 0xFE, 0x24, 0x34, 0x15, 0x2B, 0x47, 0x30, 0x30, 0x36,
  0xA5, 0xDE, 0x47, 0x23, 0xF5, 0xF9, 0xFC, 0xEC, 0xF3, 0xF3,
  0x21, 0x12, 0xF6, 0xEC, 0xE5, 0x30, 0x96, 0xBE, 0x2A, 0x00,
  0x2C, 0xF7, 0xC6, 0x38, 0x42, 0xD7, 0xED, 0xCD, 0x65, 0x25,
  0x10, 0x41, 0x29, 0xBC, 0xA3, 0x08, 0xC9, 0x47, 0xB5, 0x27,
  0x42, 0x35, 0xE9, 0x97, 0x92, 0xCE, 0xBE, 0xCA, 0xAF, 0x3B,
  0x08, 0xF4, 0x4E, 0xEE, 0x43, 0x55, 0x3C, 0xD3, 0x1E, 0xCB,
  0x0B, 0x53, 0x4F, 0x17, 0x2E, 0xC0, 0x0F, 0x06, 0xC4, 0x0D,
  0xE8, 0x2A, 0x15, 0x36, 0x1D, 0xBF, 0xF9, 0xCB, 0x59, 0x20,
  0xE1, 0xFC, 0xDE, 0xCC, 0x29, 0x1E, 0xE2, 0x52, 0x38, 0xCB,
  0xF6, 0x7D, 0xF1, 0x22, 0x26, 0xC9, 0x03, 0xB3, 0x2F, 0xD9,
  0x2E, 0xD2, 0x04, 0xAF, 0x44, 0x70, 0xA1, 0x14, 0xF3, 0x19,
  0x10, 0x46, 0xF7, 0xF3, 0x1F, 0xDB, 0xDB, 0xC2, 0x42, 0x5A,
  0xE2, 0x81, 0xF8, 0xD0, 0x53, 0xE4, 0x67, 0x1C, 0x21, 0xD7,
  0xF5, 0x14, 0xE2, 0x3B, 0xA2, 0x71, 0xE3, 0xFE, 0xAA, 0xB7,
  0x87, 0xE8, 0x16, 0x5C, 0xF8, 0xF4, 0xCF, 0x47, 0x0F, 0x38,
  0xD0, 0x33, 0xEB, 0xD2, 0xDD, 0x54, 0x08, 0xF6, 0xB6, 0x2F,
  0x1B, 0x28, 0xFC, 0xFC, 0x0E, 0x46, 0x45, 0x0A, 0xFB, 0xFA,
  0xE9, 0x5E, 0xED, 0xDC, 0xC3, 0xE8, 0xFE, 0x14, 0x68, 0xDB,
  0xFA, 0xFA, 0x3D, 0x7E, 0xE9, 0x24, 0xD4, 0x90, 0x47, 0xEA,
  0x12, 0x07, 0xE4, 0xF3, 0xD3, 0x1B, 0x19, 0x7F, 0xBD, 0xF1,
  0x36, 0x0C, 0xFB, 0xE0, 0xF6, 0xF6, 0xAC, 0x25, 0xA2, 0xD5,
  0x0C, 0x61, 0x77, 0xF5, 0xD2, 0x33, 0xF8, 0x15, 0xC7, 0x60,
  0xCA, 0x34, 0xB3, 0xFF, 0x2F, 0xF5, 0xF5, 0xE1, 0xC1, 0x4B,
  0xBD, 0xC0, 0xD2, 0x1A, 0x0E, 0xF2, 0x00, 0xE0, 0x12, 0x05,
  0xB1, 0x36, 0x7F, 0xD2, 0x40, 0xC5, 0x19, 0x17, 0xDB, 0xE8,
  0xFE, 0x0B, 0xEF, 0xD1, 0xD7, 0x30, 0xB5, 0xEF, 0xC9, 0x06,
  0x25, 0x00, 0xF0, 0xD7, 0xC8, 0x14, 0xF4, 0x07, 0xFE, 0xF7,
  0x28, 0xF7, 0xCE, 0xF9, 0x65, 0xCE, 0x1B, 0xBD, 0xFF, 0xF9,
  0xED, 0xEC, 0x0F, 0x3A, 0x9A, 0xF4, 0xE2, 0x4A, 0x05, 0xE3,
  0xDB, 0x05, 0x49, 0xC6, 0x48, 0xD3, 0xE1, 0xFB, 0x11, 0xED,
  0x0F, 0x0F, 0x09, 0x0B, 0xEA, 0xF1, 0x0E, 0xCB, 0x22, 0xD1,
  0xD5, 0x1B, 0x12, 0xBA, 0x09, 0x0F, 0xC1, 0x07, 0x07, 0x56,
  0x17, 0xDC, 0x8C, 0xF7, 0x25, 0xED, 0x3B, 0xD2, 0xE3, 0xDA,
  0xD3, 0xEF, 0x0E, 0x25, 0x16, 0x58, 0xB3, 0x06, 0xFC, 0x00,
  0xF5, 0x2A, 0xF3, 0x55, 0x17, 0x0F, 0x23, 0x27, 0xCD, 0xFE,
  0xE3, 0x5D, 0x2C, 0xF5, 0xE7, 0x26, 0x41, 0xFF, 0x02, 0x0C,
  0x23, 0x1B, 0xBC, 0x20, 0xE3, 0x2D, 0x31, 0x23, 0xBB, 0x3C,
  0xB8, 0x11, 0xCD, 0xFE, 0xF3, 0x02, 0x2B, 0xF3, 0x06, 0x25,
  0xD8, 0xEB, 0x33, 0x06, 0x14, 0x0D, 0x48, 0x14, 0x2F, 0x06,
  0xDA, 0x1D, 0x40, 0x1B, 0x1B, 0x00, 0x17, 0x3B, 0x16, 0xF3,
  0xC9, 0x2B, 0x95, 0x4F, 0x0B, 0xEA, 0xDD, 0xD1, 0x30, 0x2F,
  0xE1, 0xE4, 0x1E, 0xF0, 0x3A, 0x32, 0x11, 0x00, 0x5A, 0xE5,
  0x0B, 0xE0, 0xA5, 0x0F, 0x19, 0x15, 0x1F, 0x03, 0x1A, 0x23,
  0xEB, 0xF4, 0xC4, 0xEC, 0xE9, 0x29, 0x34, 0xE3, 0xF4, 0xF6,
  0xFE, 0x2F, 0xE9, 0xEB, 0x31, 0x20, 0x06, 0x2F, 0xFD, 0x07,
  0x5E, 0x00, 0x11, 0xEE, 0xB9, 0x10, 0xE9, 0x03, 0xE3, 0x3B,
  0x0F, 0x20, 0x4E, 0xD2, 0x16, 0xCC, 0xC0, 0x24, 0xFC, 0x1D,
  0xB0, 0x10, 0x2C, 0xF8, 0xFF, 0xD3, 0xB3, 0xCF, 0x1B, 0x1C,
  0x17, 0x14, 0x01, 0x47, 0x03, 0xD1, 0xEB, 0xEC, 0xBE, 0xD1,
  0xE8, 0x44, 0x1E, 0x27, 0x37, 0xE8, 0x14, 0x1A, 0xAC, 0xF4,
  0xED, 0x2C, 0xAC, 0x39, 0x36, 0xE0, 0x00, 0x1E, 0xBB, 0x04,
  0xF5, 0x01, 0x48, 0xE6, 0xE2, 0x18, 0xE4, 0xD4, 0xFA, 0x2C,
  0x9E, 0x1C, 0xD8, 0xFF, 0x33, 0x06, 0x12, 0x33, 0xD8, 0xF7,
  0xE2, 0xF6, 0x1C, 0x38, 0xB3, 0xFD, 0x43, 0x81, 0x29, 0x15,
  0xED, 0x19, 0xBB, 0xE7, 0x05, 0xE9, 0xE8, 0x16, 0xD7, 0xFD,
  0x30, 0x53, 0xDF, 0x0D, 0xD6, 0xE5, 0xEC, 0x08, 0x31, 0x2E,
  0x1B, 0xF3, 0xFB, 0xF7, 0x18, 0x2C, 0xFC, 0xFF, 0x11, 0xC6,
  0x33, 0x49, 0x20, 0xD9, 0xB4, 0xE8, 0xFA, 0x18, 0x2A, 0x05,
  0x6B, 0x02, 0xE6, 0x04, 0xDB, 0x0B, 0xDC, 0x12, 0x0D, 0x07,
  0x0B, 0x00, 0x1C, 0x20, 0xED, 0x18, 0x25, 0xD8, 0xEA, 0xFC,
  0x33, 0xE8, 0x22, 0x3E, 0xF1, 0xFB, 0xF0, 0x25, 0xFD, 0x23,
  0x19, 0x05, 0xFA, 0xC9, 0xF0, 0x19, 0xBF, 0x0F, 0xD9, 0x0E,
  0x17, 0x41, 0xDE, 0x55, 0x2A, 0xE1, 0xE9, 0xF2, 0xDE, 0x14,
  0x0B, 0xF1, 0x03, 0xBC, 0x0C, 0x3C, 0x2C, 0x21, 0x0D, 0xEC,
  0xFC, 0xF7, 0xEC, 0xFD, 0xB4, 0x26, 0xF1, 0xCC, 0xE8, 0x27,
  0xC3, 0x11, 0x03, 0x14, 0x03, 0x4D, 0xCC, 0xD6, 0xCF, 0x3B,
  0x25, 0x03, 0xF2, 0xD3, 0x33, 0xD5, 0x05, 0x16, 0xF3, 0x03,
  0xA6, 0x15, 0xCA, 0x17, 0x01, 0xFF, 0xF8, 0xF9, 0x0C, 0x12,
  0xF6, 0x07, 0x2F, 0x28, 0xEB, 0x33, 0xCC, 0xEE, 0x1C, 0x1B,
  0xD2, 0x34, 0x30, 0x21, 0x0B, 0xD6, 0xC3, 0x93, 0x1C, 0xAE,
  0x20, 0x02, 0xE8, 0x08, 0xEE, 0xFF, 0x05, 0xF4, 0x10, 0x14,
  0x3A, 0xEE, 0xC2, 0xD4, 0xD4, 0x2B, 0x52, 0x10, 0x25, 0xC9,
  0x63, 0x03, 0xD3, 0x24, 0x40, 0x6E, 0xCF, 0x35, 0x07, 0xA8,
  0xD2, 0xA6, 0x39, 0x09, 0xFB, 0xF0, 0xD9, 0xC8, 0xF1, 0x27,
  0xE8, 0xE0, 0xF8, 0xE4, 0xF0, 0xE0, 0x27, 0x3B, 0xD0, 0xD8,
  0xFA, 0xE8, 0x16, 0xE3, 0xE8, 0xD8, 0x17, 0x25, 0x1D, 0xFC,
  0xF9, 0xAD, 0xEE, 0xE9, 0x20, 0xBE, 0xE5, 0x08, 0xB4, 0x01,
  0xDB, 0x0B, 0xFC, 0x09, 0x4C, 0x8B, 0xE8, 0xCF, 0xDE, 0x13,
  0x23, 0xB3, 0xFC, 0xD3, 0x0A, 0xE2, 0x0A, 0xC4, 0x43, 0xF3,
  0xF0, 0x29, 0xE6, 0xAA, 0xD5, 0x88, 0x2F, 0xFD, 0xBD, 0xD2,
  0xB0, 0x0B, 0x10, 0x37, 0xFE, 0xD8, 0x07, 0xD2, 0xBE, 0xCB,
  0x08, 0x25, 0xC8, 0xE5, 0x05, 0x04, 0x04, 0x1B, 0xFB, 0x05,
  0xFE, 0x17, 0xF2, 0xFE, 0xFA, 0x81, 0xCE, 0xA8, 0x27, 0xD2,
  0xB3, 0xFB, 0xBD, 0xEF, 0xB0, 0x2C, 0xE3, 0xF1, 0x5B, 0xB4,
  0xD4, 0xE5, 0xC9, 0x36, 0x53, 0xDF, 0x01, 0xF7, 0xF7, 0x1B,
  0x2B, 0xD6, 0x65, 0x2B, 0x0B, 0x62, 0xD3, 0x8B, 0x0D, 0x96,
  0x0C, 0x1B, 0xC9, 0x04, 0xDB, 0xDF, 0xD6, 0xE3, 0x37, 0xFE,
  0x25, 0xEB, 0xCE, 0xDF, 0x16, 0x34, 0x06, 0xBD, 0xFA, 0x1C,
  0x14, 0x26, 0x02, 0xDA, 0x18, 0x0B, 0xFD, 0x4B, 0xE6, 0xE2,
  0x1F, 0xDB, 0x0E, 0xDA, 0xE5, 0xE1, 0xEB, 0xDD, 0xAC, 0x10,
  0x1E, 0xD0, 0x4D, 0xBE, 0x49, 0xE8, 0x10, 0x1C, 0xE7, 0x08,
  0x29, 0x0B, 0xDA, 0x15, 0xFB, 0xD7, 0x23, 0xF4, 0xC4, 0x57,
  0xED, 0xCD, 0x23, 0x01, 0xE8, 0xBF, 0x2D, 0xE9, 0xF8, 0xF3,
  0xD9, 0xA1, 0x0F, 0x0A, 0xE2, 0xDD, 0x1A, 0x05, 0xE7, 0x05,
  0xE1, 0x0F, 0xE3, 0x2C, 0xC7, 0x03, 0x0D, 0xF6, 0x11, 0xD8,
  0x05, 0x1B, 0x13, 0x00, 0x03, 0xFB, 0xC5, 0xAF, 0xEE, 0x64,
  0x24, 0xED, 0xBA, 0xFB, 0xD4, 0x54, 0x02, 0x5E, 0xC3, 0xE9,
  0xF9, 0xDD, 0xDB, 0xFC, 0x2A, 0xE5, 0x26, 0x3B, 0x28, 0xE7,
  0x2A, 0xF3, 0x36, 0xF2, 0xEC, 0xDB, 0x02, 0xDE, 0xDC, 0x14,
  0xFF, 0xDF, 0x20, 0xDF, 0x5D, 0xC6, 0x0A, 0xEF, 0x7F, 0x2B,
  0xF8, 0x0B, 0x12, 0x4D, 0xFC, 0x00, 0x4F, 0x05, 0xEA, 0x20,
  0x1B, 0xFA, 0x2A, 0x02, 0xD2, 0x0A, 0xDF, 0x1E, 0xFF, 0xF8,
  0x10, 0x18, 0x0E, 0x16, 0x18, 0xDC, 0x07, 0x28, 0x30, 0xF0,
  0x1C, 0x01, 0x1E, 0xFC, 0xF4, 0xFD, 0xB1, 0x2F, 0x0D, 0x02,
  0xED, 0xFF, 0xDB, 0x1D, 0x11, 0xCC, 0x09, 0x29, 0xFB, 0xE5,
  0xC3, 0x1B, 0xF6, 0x0F, 0xE9, 0x0D, 0x0A, 0xD4, 0x28, 0x48,
  0xF7, 0x38, 0xDF, 0x44, 0xE0, 0x05, 0x49, 0x25, 0xA9, 0xE7,
  0x1B, 0xF8, 0xDA, 0x00, 0x00, 0x1C, 0xFD, 0x1E, 0xF5, 0x4C,
  0xE3, 0x25, 0xE9, 0x11, 0x44, 0xD2, 0xE8, 0xDE, 0xFB, 0x01,
  0xFC, 0xD8, 0x21, 0x0B, 0xFB, 0xF0, 0x34, 0x01, 0xE8, 0x3C,
  0xF5, 0xF0, 0xDD, 0xF9, 0xAD, 0xFC, 0x21, 0xF0, 0x06, 0xD0,
  0x09, 0x5E, 0xF4, 0xE8, 0xE4, 0xE1, 0x19, 0xCB, 0xDF, 0x61,
  0xF1, 0xF7, 0xCC, 0x23, 0xFD, 0x77, 0xE6, 0xC1, 0xEB, 0x3A,
  0x32, 0x34, 0xE8, 0x1B, 0x1D, 0xBF, 0x17, 0x09, 0xCA, 0x19,
  0x45, 0x1D, 0xDF, 0xB4, 0xE7, 0xD8, 0x2B, 0xE7, 0x4C, 0x16,
  0x53, 0xC9, 0xC8, 0xAF, 0x5F, 0x5B, 0x9A, 0xC6, 0xE8, 0xFC,
  0xD5, 0xCB, 0xEE, 0x33, 0xE4, 0x47, 0x0C, 0xE7, 0x64, 0xED,
  0x1C, 0xCA, 0xE0, 0x46, 0xC9, 0x01, 0x2A, 0xCF, 0x1E, 0x37,
  0x2E, 0x38, 0xFB, 0x2D, 0xEC, 0xF1, 0xFD, 0x3F, 0xEC, 0xDD,
  0xF7, 0xFC, 0x13, 0x46, 0xE0, 0xF6, 0x10, 0x21, 0xFC, 0x1C,
  0xF9, 0xEF, 0x07, 0x28, 0x4D, 0x20, 0xDB, 0xE1, 0x11, 0x8B,
  0xF2, 0x37, 0x02, 0x3E, 0xC1, 0x0D, 0xE9, 0x81, 0xFD, 0x61,
  0xD8, 0xFD, 0xF2, 0x6E, 0xDF, 0x00, 0x33, 0x09, 0xCD, 0xFD,
  0xDA, 0x79, 0x4F, 0x1E, 0xFE, 0xFA, 0xED, 0x38, 0xFA, 0x0A,
  0x27, 0xAD, 0x31, 0x48, 0x18, 0xC1, 0xB7, 0xBC, 0xD2, 0xCB,
  0x0E, 0x2D, 0xFD, 0x37, 0x0E, 0x03, 0x2A, 0x0E, 0xF2, 0x5C,
  0xEA, 0x1F, 0xE1, 0xD7, 0xDA, 0x08, 0xF9, 0x05, 0xFF, 0xF4,
  0xDC, 0xEE, 0xE6, 0x0B, 0xDE, 0x6B, 0x05, 0xC2, 0xE4, 0x1C,
  0xA8, 0x0F, 0x02, 0x1B, 0x16, 0xC7, 0x2E, 0x11, 0xF6, 0x01,
  0x11, 0x1B, 0x05, 0x42, 0xBA, 0x21, 0x1D, 0xE9, 0xEB, 0xF6,
  0xE4, 0xD3, 0xF6, 0xBE, 0x2B, 0xE8, 0x29, 0x0E, 0x0A, 0x17,
  0x46, 0xF2, 0xD9, 0xE6, 0x3B, 0x25, 0x20, 0xCA, 0x0B, 0xC5,
  0xCC, 0x26, 0x2A, 0x01, 0x1B, 0x07, 0xD7, 0x1B, 0xE2, 0x1E,
  0xDD, 0x04, 0xB2, 0xEA, 0xDF, 0xF9, 0xC9, 0x18, 0xFC, 0x1E,
  0x06, 0x05, 0x2F, 0xE6, 0xD1, 0xEC, 0x19, 0x3D, 0x04, 0xCF,
  0x12, 0xEC, 0xDC, 0xF1, 0x13, 0x02, 0xFF, 0x0D, 0x0B, 0xF4,
  0x25, 0x3B, 0xE4, 0x06, 0xC0, 0xFE, 0xE9, 0xE3, 0x2E, 0xE7,
  0x36, 0xEE, 0xFC, 0x14, 0x0C, 0xDD, 0xEF, 0x0D, 0x05, 0x05,
  0x97, 0xFD, 0xC0, 0xE0, 0xB8, 0x35, 0xE3, 0x11, 0x18, 0x1A,
  0xFF, 0x2F, 0x13, 0x0D, 0x12, 0xCC, 0x15, 0x20, 0xF5, 0x20,
  0x03, 0xA6, 0xF8, 0x40, 0x39, 0x35, 0xE9, 0xBC, 0xE9, 0xEA,
  0xE0, 0xED, 0xDD, 0x5B, 0x2D, 0x09, 0xF3, 0x29, 0xD9, 0x1B,
  0xE9, 0xDB, 0x30, 0x22, 0xDC, 0x16, 0x02, 0x01, 0x12, 0x2D,
  0x44, 0xD1, 0x30, 0xCA, 0x23, 0x28, 0x43, 0xBC, 0xB9, 0xFE,
  0xF5, 0x06, 0x1F, 0x1C, 0x73, 0x1A, 0x14, 0x13, 0xED, 0xF8,
  0x30, 0xF3, 0x00, 0xB7, 0xEF, 0xDD, 0x1D, 0x43, 0xE1, 0x0F,
  0xDA, 0x18, 0x13, 0xAB, 0x2E, 0x3A, 0x01, 0x4E, 0xF6, 0xCA,
  0xFC, 0x1A, 0x03, 0x03, 0x2D, 0xF2, 0x13, 0xF9, 0xD7, 0x0D,
  0x08, 0x0D, 0x2A, 0x1A, 0x45, 0x11, 0xCF, 0x34, 0xF4, 0x2F,
  0xFF, 0xD5, 0xAD, 0x22, 0x0C, 0x0D, 0x29, 0x11, 0x08, 0x1B,
  0x17, 0x0A, 0x24, 0xE3, 0xAF, 0xE6, 0x02, 0x08, 0xB2, 0xF7,
  0x06, 0xD8, 0x38, 0x0F, 0xDD, 0x29, 0x18, 0xFF, 0xF6, 0x1F,
  0xE1, 0xD2, 0xC0, 0xF9, 0xCB, 0x2B, 0x16, 0x0D, 0x28, 0xE2,
  0xD4, 0x12, 0xFA, 0xFA, 0x30, 0xCE, 0xD7, 0x07, 0xE4, 0x06,
  0x24, 0xD0, 0x1F, 0xF9, 0xCA, 0x31, 0x42, 0x31, 0x3D, 0xDF,
  0x14, 0xDD, 0xCE, 0x1A, 0xF7, 0x09, 0xF2, 0xF9, 0x08, 0xF4,
  0xFF, 0xFF, 0xDB, 0xF9, 0xBA, 0xCC, 0xF2, 0xDC, 0x02, 0x2E,
  0x12, 0x35, 0x12, 0x81, 0x11, 0xF2, 0x0A, 0x21, 0xE2, 0xF8,
  0x05, 0xFF, 0xD4, 0x1D, 0xF0, 0x0D, 0x0D, 0x28, 0xFD, 0x1C,
  0xCB, 0xFA, 0xE2, 0x02, 0x23, 0x06, 0x0B, 0xCF, 0xE9, 0xD1,
  0xD3, 0xED, 0x35, 0x11, 0x98, 0x15, 0xB3, 0x2D, 0x34, 0x3B,
  0x1D, 0x0C, 0xCD, 0x21, 0x08, 0x28, 0xF9, 0xCE, 0xFC, 0x26,
  0x08, 0xF3, 0x24, 0x2C, 0x1E, 0x09, 0x35, 0x1C, 0x2A, 0x9D,
  0xF7, 0xE5, 0x09, 0xEC, 0x2A, 0x12, 0xBA, 0xED, 0x06, 0x37,
  0x12, 0x15, 0x21, 0x0A, 0xDC, 0x2F, 0x29, 0xB0, 0xFF, 0xF5,
  0x08, 0x1E, 0x3C, 0x81, 0x2B, 0x00, 0x08, 0xED, 0x04, 0x63,
  0x17, 0xEC, 0x2F, 0xF4, 0xC1, 0xDC, 0x39, 0x0A, 0x1C, 0xE5,
  0x5A, 0x1C, 0xDC, 0x10, 0xE6, 0x30, 0x14, 0x1D, 0x0D, 0xB7,
  0x25, 0xFC, 0xB1, 0xFF, 0x1A, 0xF0, 0xF8, 0xE0, 0xF9, 0xB1,
  0x07, 0x0C, 0x13, 0xFD, 0x03, 0xB3, 0xD1, 0xD5, 0xF2, 0x59,
  0xD8, 0xF9, 0x57, 0xCF, 0x02, 0xEF, 0x00, 0x08, 0xE7, 0x03,
  0x18, 0xFB, 0x44, 0xD1, 0xCC, 0xFC, 0x08, 0x4E, 0x9D, 0x20,
  0x00, 0xB4, 0xF8, 0xF8, 0x29, 0x0B, 0xDF, 0x26, 0x14, 0xC0,
  0xD5, 0x31, 0xC7, 0xC2, 0xC9, 0x02, 0x28, 0xFF, 0xDD, 0xF6,
  0xFB, 0x11, 0xD9, 0x4B, 0x3B, 0x16, 0xC8, 0x11, 0xF4, 0x13,
  0x9E, 0x06, 0x2F, 0x00, 0x68, 0xEB, 0xD0, 0xDA, 0xEF, 0xE6,
  0x0B, 0xFF, 0x11, 0x0B, 0xF9, 0xDB, 0xCF, 0x44, 0xC9, 0x21,
  0x12, 0x11, 0xDB, 0xDD, 0xD5, 0x3B, 0x21, 0x33, 0x1A, 0x31,
  0x0E, 0xFD, 0x0E, 0x4C, 0xEB, 0xF4, 0x07, 0x25, 0x0E, 0xC4,
  0x03, 0x1A, 0x1B, 0xAA, 0xF8, 0x06, 0x07, 0x37, 0x3F, 0x0D,
  0x2B, 0x16, 0x5C, 0xF3, 0xF9, 0xF8, 0xB1, 0xF3, 0xFA, 0xCF,
  0xEC, 0xFD, 0xF2, 0x36, 0x4B, 0x03, 0xFC, 0xF7, 0x10, 0xC0,
  0x13, 0x11, 0x03, 0x47, 0x0D, 0xE2, 0x3B, 0xEB, 0xDE, 0x2A,
  0x2E, 0x21, 0x2B, 0xE5, 0x13, 0xF7, 0x27, 0x03, 0xE1, 0x05,
  0xF1, 0xDE, 0xA7, 0x1E, 0x0E, 0x1A, 0x0C, 0xCF, 0x2A, 0xD3,
  0x44, 0xD7, 0x08, 0xFE, 0x07, 0x09, 0xF5, 0xF0, 0x1E, 0x25,
  0xC9, 0x24, 0x2A, 0xFE, 0x14, 0xFA, 0x2D, 0x1F, 0x07, 0x1A,
  0x34, 0x14, 0xEE, 0xFD, 0xBD, 0x0B, 0x34, 0xE7, 0xAC, 0xD6,
  0xF0, 0x98, 0x1C, 0x04, 0x25, 0x05, 0x23, 0xE4, 0x12, 0xD9,
  0x2A, 0x10, 0xCA, 0xFD, 0x35, 0x1D, 0xE9, 0xEC, 0xE5, 0x1F,
  0x1A, 0xEA, 0x08, 0xD9, 0x24, 0xED, 0xEE, 0xAE, 0x52, 0x0E,
  0xEE, 0xF9, 0xD4, 0x89, 0xFB, 0xEB, 0x12, 0x38, 0x07, 0x12,
  0x02, 0xBE, 0x5D, 0x26, 0x16, 0x07, 0xF7, 0x3D, 0xB1, 0x06,
  0x19, 0x28, 0xEF, 0x9F, 0xF3, 0xDF, 0x0E, 0x2E, 0x0A, 0x8E,
  0x19, 0x1A, 0xF4, 0xCD, 0xFF, 0xE4, 0xE9, 0xFC, 0x06, 0x24,
  0xB4, 0x16, 0x27, 0xD0, 0x0C, 0x3F, 0x15, 0x01, 0xE2, 0x0C,
  0xB8, 0xF2, 0x2E, 0x09, 0xC7, 0xEA, 0xED, 0x02, 0xD6, 0x24,
  0x49, 0xFE, 0x01, 0x02, 0xE8, 0xCC, 0xFE, 0x47, 0x0B, 0x07,
  0x06, 0x20, 0x81, 0xE4, 0x06, 0x01, 0xE9, 0xFE, 0xF9, 0x07,
  0xD4, 0x1E, 0x1D, 0x04, 0x37, 0x0A, 0xFA, 0x08, 0xF3, 0x0C,
  0xDB, 0x1A, 0x47, 0x03, 0xCB, 0x09, 0x06, 0x36, 0x1B, 0x34,
  0x20, 0x02, 0x16, 0xEE, 0xD5, 0x15, 0xE9, 0xE7, 0x14, 0xF8,
  0xE2, 0x11, 0x13, 0xF1, 0x16, 0x0F, 0x11, 0xC7, 0x38, 0xF1,
  0x2B, 0x0A, 0x04, 0x31, 0xE2, 0x38, 0x3D, 0xF4, 0x0A, 0xCA,
  0xB8, 0x10, 0x1A, 0x08, 0xDC, 0xF3, 0xF2, 0xCE, 0xE5, 0xDA,
  0xD9, 0x0F, 0x1C, 0x06, 0x54, 0x07, 0xF0, 0x05, 0xAF, 0xFC,
  0x2D, 0xDD, 0xCA, 0xE9, 0x4E, 0x18, 0x1B, 0xCA, 0xD7, 0x4E,
  0xDC, 0xB6, 0xE1, 0x00, 0x0E, 0x03, 0xF4, 0xE5, 0xE9, 0xFC,
  0x91, 0xB5, 0x41, 0x27, 0xF7, 0xFE, 0xFD, 0x19, 0xD5, 0xE5,
  0xEB, 0x17, 0xE0, 0xFC, 0xBB, 0xE6, 0x4A, 0x1B, 0x3E, 0xF4,
  0xD1, 0x00, 0x1A, 0xE2, 0xD3, 0x30, 0x1A, 0x40, 0xF8, 0xEA,
  0xD5, 0xC9, 0xF1, 0xD5, 0xBF, 0x25, 0x11, 0x18, 0xFC, 0xD6,
  0xF7, 0xF8, 0xFF, 0xE0, 0x0E, 0xEE, 0xFD, 0xC8, 0xF0, 0xE9,
  0xEB, 0x43, 0x01, 0x26, 0x07, 0xE6, 0xD8, 0x10, 0x25, 0xEB,
  0xED, 0xEB, 0xC1, 0xE1, 0xC9, 0xF0, 0xD5, 0x17, 0xD4, 0xF5,
  0x2A, 0x0E, 0xE9, 0xE4, 0xFF, 0x06, 0x22, 0xF1, 0x04, 0xF4,
  0x03, 0x04, 0xFC, 0x2E, 0x00, 0x45, 0xF6, 0xE6, 0xD6, 0xF3,
  0x1B, 0xE3, 0x01, 0xD5, 0xD7, 0x05, 0x81, 0x09, 0xFE, 0x27,
  0xFE, 0xF8, 0x24, 0x29, 0xF4, 0xF2, 0xF6, 0xDD, 0x13, 0xF2,
  0xFE, 0xE8, 0x51, 0x40, 0x01, 0xB3, 0x06, 0x27, 0xF9, 0xEE,
  0xCA, 0x11, 0x42, 0xF6, 0xFC, 0xD6, 0xE1, 0x1C, 0xD6, 0xC8,
  0xEF, 0x20, 0xF8, 0x20, 0xF6, 0xE4, 0x11, 0x16, 0xAE, 0xE5,
  0x27, 0x1D, 0xEC, 0x1A, 0x43, 0x3E, 0x33, 0x24, 0x09, 0x0B,
  0x24, 0x92, 0xFD, 0xF7, 0x40, 0x05, 0xD2, 0x27, 0xDF, 0xA7,
  0x04, 0xEC, 0xF6, 0x07, 0xF9, 0xD0, 0xEA, 0x14, 0x25, 0x2C,
  0xF8, 0x11, 0xF9, 0x03, 0x12, 0xDE, 0x38, 0x43, 0xAE, 0x2B,
  0x07, 0x0B, 0x05, 0xB1, 0xBE, 0xB6, 0x4A, 0xD8, 0x2A, 0x21,
  0xA8, 0xD7, 0xF7, 0x0E, 0xFC, 0x21, 0x18, 0x1B, 0x36, 0x02,
  0xC9, 0xC7, 0x24, 0xF7, 0x0A, 0x0C, 0x09, 0xE0, 0x1C, 0x2D,
  0x1C, 0x0D, 0x0A, 0x7F, 0xC1, 0x04, 0xB2, 0xB6, 0x26, 0xF0,
  0x26, 0x0B, 0xD4, 0xDD, 0x09, 0xB9, 0xF9, 0x2F, 0x11, 0xDD,
  0xDA, 0x05, 0xFE, 0xB5, 0x05, 0xF4, 0x19, 0x07, 0xE5, 0xC1,
  0xFB, 0xD1, 0x35, 0x17, 0xDE, 0x46, 0xF3, 0x10, 0x36, 0xF6,
  0xF7, 0xCE, 0x17, 0xDB, 0x36, 0xE7, 0xD3, 0xFD, 0xB1, 0x19,
  0x04, 0xF2, 0xF0, 0xDA, 0x04, 0xF1, 0x16, 0x26, 0x12, 0xE5,
  0x98, 0xDD, 0xC2, 0xCC, 0x0F, 0x01, 0x04, 0xDB, 0xF7, 0x29,
  0x33, 0xC8, 0xE4, 0xB6, 0x20, 0xBA, 0x1E, 0x13, 0xC4, 0x1A,
  0xD6, 0xFE, 0x3E, 0xF0, 0xFF, 0xE3, 0x08, 0xC1, 0xF2, 0x02,
  0xF5, 0xFB, 0x1C, 0xEC, 0xF0, 0xEA, 0xF5, 0xF9, 0x10, 0x00,
  0x29, 0x1B, 0x14, 0xF7, 0xDA, 0xDE, 0xF9, 0xCE, 0xDF, 0x25,
  0xEB, 0x1D, 0xA0, 0x17, 0x20, 0x04, 0xC1, 0xE4, 0x11, 0xFE,
  0xE9, 0xE9, 0x10, 0x12, 0x28, 0x1C, 0xE3, 0x21, 0xD8, 0x0E,
  0x28, 0xF9, 0x0D, 0x0F, 0x1B, 0xD4, 0x25, 0xE6, 0xCF, 0x0A,
  0xC7, 0x0B, 0x1E, 0x06, 0x24, 0x0D, 0x16, 0xC3, 0x30, 0x17,
  0x0B, 0x07, 0xF6, 0xD1, 0xF8, 0xC5, 0xE2, 0xEE, 0x05, 0x32,
  0xC8, 0xFE, 0xFC, 0xF0, 0xDE, 0x1D, 0xF9, 0xCD, 0x4C, 0xE2,
  0xF0, 0xF7, 0xF7, 0x0B, 0x0C, 0x06, 0x38, 0xDD, 0x37, 0xE8,
  0x3C, 0xF9, 0x1E, 0x09, 0xE3, 0xD8, 0xEB, 0xFA, 0xBB, 0xEF,
  0x0C, 0xEC, 0x25, 0x13, 0xF6, 0xB6, 0x47, 0x4C, 0x25, 0xD9,
  0xE3, 0x28, 0x01, 0x1A, 0x57, 0x28, 0xFD, 0xEB, 0xD0, 0x07,
  0xF7, 0xFC, 0x04, 0x27, 0x29, 0x09, 0x1D, 0xE1, 0xD5, 0xFF,
  0x16, 0xE8, 0xE1, 0xB4, 0x0F, 0xDE, 0x31, 0xCF, 0x69, 0x1F,
  0x16, 0x00, 0xC3, 0x28, 0xEA, 0xB8, 0x20, 0x1C, 0xF4, 0x29,
  0xC5, 0x17, 0xFD, 0x21, 0x44, 0x56, 0xD7, 0xFB, 0xF7, 0x11,
  0xFB, 0x2F, 0xE7, 0xEF, 0xEA, 0xDF, 0xEF, 0x23, 0xFB, 0xD9,
  0x35, 0x11, 0xF2, 0x14, 0xDE, 0xE2, 0xF6, 0xC5, 0xE3, 0xC7,
  0xE5, 0x0B, 0x08, 0xEE, 0x01, 0x59, 0x3A, 0x1C, 0x15, 0xCE,
  0xFC, 0x14, 0xEB, 0x03, 0x06, 0xD1, 0xE6, 0x06, 0xF0, 0x12,
  0x25, 0xAE, 0xD3, 0x20, 0xE0, 0x13, 0xFD, 0xCA, 0x06, 0xE8,
  0xD4, 0xCF, 0xEF, 0xE1, 0xCC, 0xE4, 0xF9, 0x1C, 0xD1, 0x0E,
  0x50, 0xDA, 0x38, 0x10, 0xF9, 0x14, 0xD2, 0xFA, 0x21, 0x2D,
  0x00, 0x37, 0xE1, 0xDC, 0xEC, 0x04, 0xDC, 0x0F, 0x5B, 0xEC,
  0x19, 0x24, 0x15, 0x02, 0x04, 0xEA, 0xE6, 0x06, 0x13, 0x19,
  0xEA, 0x0B, 0x30, 0x0A, 0x14, 0xB0, 0xF1, 0xFE, 0xAD, 0x34,
  0x25, 0xE9, 0x13, 0x28, 0xE4, 0xE4, 0x0D, 0x1F, 0x29, 0x0B,
  0xE5, 0x01, 0xCE, 0x09, 0x5A, 0x18, 0xF7, 0xD6, 0xEA, 0x18,
  0x10, 0xF2, 0x12, 0xE6, 0xE7, 0x05, 0xBA, 0xE1, 0x36, 0x14,
  0x1F, 0x0C, 0xFE, 0x99, 0x44, 0x26, 0xEB, 0xC9, 0x51, 0x34,
  0x26, 0x0D, 0x81, 0x1F, 0xED, 0xE2, 0x61, 0x21, 0x08, 0xD4,
  0xDA, 0xE4, 0xD1, 0x00, 0x09, 0xE6, 0x18, 0x54, 0xA7, 0xE9,
  0x15, 0xEB, 0xC4, 0x07, 0xF6, 0xEA, 0xE9, 0xD3, 0xEB, 0xE8,
  0xED, 0x20, 0xDF, 0xE3, 0x0D, 0xB9, 0x40, 0x02, 0x28, 0xD0,
  0x05, 0x1E, 0x21, 0x18, 0xCE, 0x07, 0x81, 0x1C, 0x34, 0x76,
  0x04, 0xA9, 0xFE, 0x24, 0x0F, 0xCE, 0x05, 0xAC, 0x00, 0x4D,
  0x17, 0xAC, 0x1C, 0x41, 0xFA, 0xEA, 0xE8, 0x46, 0xD0, 0xC5,
  0x36, 0x28, 0x03, 0x13, 0xD9, 0x19, 0x2C, 0x12, 0x40, 0x5E,
  0x25, 0x32, 0xE4, 0xC6, 0xE8, 0x08, 0x2E, 0xD8, 0x18, 0xFA,
  0x29, 0x0F, 0x1B, 0xCE, 0x58, 0x19, 0xF4, 0xE4, 0xAB, 0x53,
  0xD0, 0xAF, 0x58, 0xEA, 0xEC, 0x1E, 0x17, 0x4C, 0x0A, 0x27,
  0x5F, 0x19, 0x21, 0xEA, 0xF2, 0x1C, 0x01, 0xEF, 0xF5, 0xB5,
  0x14, 0xF1, 0x2A, 0xD9, 0x16, 0xCD, 0x0A, 0x4C, 0xF4, 0xC1,
  0xEC, 0xFE, 0x03, 0xD5, 0xC9, 0x25, 0xCD, 0xE8, 0xCC, 0xFD,
  0xAE, 0x07, 0x44, 0xF4, 0x34, 0xC6, 0x03, 0xFD, 0xF8, 0xFC,
  0x1A, 0xDC, 0x09, 0x29, 0xFB, 0x17, 0x2A, 0x02, 0xE7, 0x32,
  0xB3, 0xEB, 0x36, 0xBB, 0x22, 0xF5, 0xA9, 0xD5, 0xE5, 0x2E,
  0x26, 0xCA, 0xF6, 0x2F, 0xEC, 0x2A, 0x33, 0x23, 0x28, 0xC1,
  0xE8, 0xD9, 0xE7, 0x03, 0xCF, 0x62, 0x28, 0x48, 0x20, 0xF8,
  0xD4, 0x28, 0xE2, 0x05, 0x38, 0xDB, 0x15, 0xFD, 0x11, 0x22,
  0xEC, 0xE2, 0xEF, 0xEA, 0x54, 0x3B, 0x1B, 0x23, 0x17, 0x3D,
  0xE5, 0xB8, 0xFC, 0xF9, 0xDF, 0x1E, 0xE4, 0x06, 0x41, 0x39,
  0xF2, 0xAC, 0x4C, 0x48, 0xFC, 0xF5, 0xEE, 0x06, 0x07, 0xFA,
  0x27, 0x43, 0xE0, 0xD2, 0x34, 0x04, 0xE3, 0x1D, 0x2D, 0xE1,
  0x17, 0x4F, 0x41, 0xFF, 0x2A, 0x1A, 0x0F, 0xBD, 0xC7, 0xCE,
  0x9C, 0xEA, 0xF9, 0xA9, 0x5E, 0x00, 0xC8, 0x1B, 0xE7, 0xDD,
  0x09, 0x18, 0x6A, 0xD5, 0xDD, 0xF7, 0x31, 0x04, 0xDA, 0xE3,
  0x3E, 0x18, 0x04, 0xFA, 0x0C, 0xFA, 0x36, 0x23, 0xF2, 0x0B,
  0xF5, 0xE1, 0xF2, 0x18, 0xE3, 0x32, 0x21, 0x22, 0x02, 0x04,
  0x14, 0x11, 0xF9, 0x2B, 0x65, 0x48, 0xD5, 0xE6, 0x1F, 0x19,
  0xB5, 0x2C, 0x12, 0xF2, 0x24, 0xD4, 0x37, 0xEB, 0x08, 0x0D,
  0x0B, 0x13, 0xF2, 0x9C, 0x8B, 0xD3, 0xF5, 0x6F, 0xB4, 0x11,
  0xDE, 0x8A, 0xF9, 0xC3, 0xA6, 0x20, 0x08, 0x26, 0x4D, 0xA0,
  0x05, 0x38, 0xA1, 0x41, 0x32, 0x35, 0xEC, 0x20, 0xF8, 0x0B,
  0xE5, 0xDE, 0xFC, 0xF4, 0x31, 0xC6, 0xB7, 0xD6, 0xBF, 0xF6,
  0x81, 0x07, 0xFB, 0xA6, 0x02, 0x2B, 0xCB, 0xD3, 0x00, 0xD0,
  0x45, 0xCA, 0xD2, 0x30, 0xD4, 0x2D, 0xEE, 0x5C, 0xB5, 0x03,
  0xFF, 0x28, 0xF7, 0xF6, 0xD5, 0xE0, 0xF3, 0x2F, 0xFC, 0x97,
  0x37, 0x1D, 0xF4, 0x3F, 0xEC, 0xE1, 0xDC, 0x30, 0x19, 0xB6,
  0xF1, 0xFF, 0x23, 0xFA, 0x1F, 0x2F, 0x4E, 0x27, 0x13, 0x3B,
  0xD3, 0xF2, 0x3D, 0xE1, 0xF9, 0xD3, 0xED, 0xBC, 0xD5, 0x34,
  0xF8, 0x0B, 0x31, 0x0F, 0xFE, 0x1E, 0x49, 0xF3, 0x24, 0x14,
  0x34, 0x2A, 0xEE, 0x1C, 0xF9, 0x1A, 0x72, 0xFF, 0x3A, 0x10,
  0x23, 0x1D, 0xDD, 0x25, 0x36, 0xDF, 0xE3, 0xED, 0xEA, 0xCA,
  0xFA, 0x30, 0x3A, 0xE7, 0xBE, 0xCF, 0x1F, 0xF5, 0x0D, 0x15,
  0x3C, 0xF5, 0xEE, 0x26, 0x03, 0x2F, 0xF5, 0xF8, 0x0E, 0x09,
  0xB7, 0xD1, 0x29, 0xC5, 0xFE, 0x29, 0xD6, 0xFD, 0xD8, 0xF2,
  0x24, 0xFF, 0x03, 0xDD, 0x2F, 0xB9, 0x10, 0xBD, 0xD6, 0xE9,
  0x0D, 0x0B, 0xD6, 0x20, 0x91, 0x07, 0x34, 0x08, 0x53, 0xBC,
  0x15, 0xB1, 0x0F, 0xC5, 0x4B, 0xF4, 0x12, 0xBF, 0xCC, 0xFE,
  0xDF, 0x1E, 0x15, 0x45, 0xA3, 0xF0, 0xED, 0xF2, 0xEE, 0xB7,
  0xD4, 0xF2, 0x0B, 0xEB, 0xDD, 0x09, 0x81, 0xE0, 0xC3, 0x21,
  0x17, 0x41, 0xFC, 0xDD, 0x26, 0xDE, 0x23, 0x25, 0x19, 0xEB,
  0xFC, 0x0E, 0xF4, 0x11, 0x08, 0x45, 0xD9, 0x30, 0xBD, 0xF2,
  0xF6, 0xF9, 0xF4, 0x15, 0x1D, 0xE6, 0x39, 0xE4, 0xD1, 0xDF,
  0xE1, 0x3F, 0x12, 0x23, 0x55, 0x0F, 0x18, 0x31, 0x07, 0x2F,
  0xD6, 0xED, 0x24, 0x31, 0xFA, 0x19, 0x27, 0x07, 0x0E, 0x35,
  0xD8, 0x34, 0x12, 0x30, 0xF0, 0x3E, 0x1F, 0x36, 0x25, 0x0F,
  0x32, 0xED, 0x4B, 0xFE, 0x09, 0xEE, 0x2B, 0x11, 0xFA, 0xFE,
  0xB0, 0x29, 0x17, 0x10, 0x32, 0x0F, 0x1D, 0x05, 0x05, 0xC2,
  0xFE, 0x10, 0xE7, 0x45, 0x2D, 0xEF, 0xE6, 0xC9, 0xE4, 0x25,
  0xE9, 0xF6, 0x37, 0x23, 0x4A, 0xEB, 0x04, 0xAC, 0x47, 0xE3,
  0xFE, 0x4A, 0xEF, 0xF6, 0xE3, 0x19, 0x05, 0xD7, 0x12, 0x0F,
  0x19, 0xBA, 0xD2, 0xEB, 0x2F, 0xF1, 0x22, 0xAE, 0x36, 0xE3,
  0xDD, 0x2C, 0x02, 0xED, 0x2B, 0x2E, 0x06, 0xF2, 0x2D, 0xD9,
  0x45, 0xBA, 0xFB, 0xC4, 0xFC, 0xE1, 0x23, 0xF0, 0xF3, 0x00,
  0xEC, 0xF7, 0xE4, 0x05, 0xAC, 0xDD, 0x1F, 0xBA, 0xE3, 0xB8,
  0x16, 0xEE, 0x08, 0xFD, 0x00, 0xFB, 0xEB, 0x04, 0xAE, 0x20,
  0xFD, 0x1D, 0xEE, 0x05, 0xED, 0xF9, 0xE1, 0xF0, 0x14, 0xE4,
  0xFC, 0xF9, 0xF0, 0x20, 0x34, 0x44, 0xBC, 0xFD, 0x13, 0x10,
  0x01, 0x20, 0xB7, 0x29, 0x12, 0x1D, 0xE4, 0x02, 0xAD, 0xC8,
  0x3E, 0x12, 0x1B, 0x05, 0xE3, 0xF7, 0x12, 0xD6, 0x1B, 0x0E,
  0x32, 0x10, 0xD3, 0xC8, 0xB9, 0x1C, 0x1F, 0x0A, 0xD8, 0xE7,
  0x0B, 0xD8, 0x01, 0xBF, 0xFC, 0x0B, 0x41, 0xC4, 0x04, 0x3C,
  0x9F, 0xE8, 0xC9, 0x1E, 0xEB, 0xE8, 0x3A, 0x0C, 0xF9, 0x3A,
  0x1E, 0x4D, 0xA7, 0xEF, 0x2E, 0xEC, 0x07, 0x12, 0x1D, 0xF2,
  0xEF, 0x2A, 0xEB, 0x18, 0x1A, 0x46, 0x20, 0x2C, 0xF6, 0x06,
  0x2C, 0x34, 0x34, 0xEA, 0xE8, 0xE3, 0x18, 0x1B, 0x4D, 0xF6,
  0x1B, 0xEE, 0x29, 0x20, 0x25, 0x11, 0xFB, 0x20, 0x16, 0x0B,
  0x2C, 0x0E, 0xE5, 0x1D, 0x23, 0xF5, 0x1F, 0xE2, 0xE0, 0x26,
  0x00, 0x08, 0x03, 0x19, 0x3B, 0x14, 0xFF, 0x3F, 0xF5, 0xC3,
  0xD9, 0x1E, 0x17, 0x6A, 0xDF, 0x17, 0x04, 0xE7, 0xEA, 0xD5,
  0xE4, 0x05, 0xF4, 0xC6, 0xE2, 0x16, 0xEF, 0x24, 0x4F, 0xEC,
  0x2C, 0xE9, 0xC8, 0xFD, 0x14, 0x14, 0x0B, 0x1D, 0x0C, 0x13,
  0x0A, 0xD9, 0x4A, 0xE9, 0xD5, 0xEF, 0x11, 0xB5, 0x16, 0x1A,
  0xFF, 0x1A, 0x21, 0xF2, 0xE7, 0x16, 0xAE, 0xEB, 0x08, 0xF7,
  0xFC, 0x0A, 0xEF, 0x10, 0xE3, 0x17, 0x35, 0x0E, 0x3E, 0xF9,
  0x1D, 0x14, 0xEE, 0x0E, 0xFA, 0xFA, 0x21, 0xF7, 0xF2, 0xCE,
  0x03, 0x11, 0xED, 0xF0, 0x08, 0x00, 0xEC, 0x3D, 0xDB, 0x12,
  0xC2, 0xC0, 0xDC, 0xBB, 0xF3, 0x12, 0xD3, 0x81, 0x0F, 0xBB,
  0x29, 0xF8, 0xBB, 0x42, 0xCA, 0xED, 0xFF, 0xFE, 0xD3, 0x27,
  0xFA, 0x30, 0x98, 0xD4, 0xC7, 0x63, 0x30, 0x1C, 0x31, 0x2C,
  0xC1, 0xE3, 0x33, 0xC2, 0xFC, 0x43, 0x0E, 0x4D, 0x20, 0x31,
  0xFD, 0xA5, 0x0B, 0xE5, 0xEC, 0xDD, 0xF2, 0x51, 0xE3, 0xF5,
  0x10, 0x2A, 0xCC, 0xFB, 0x1A, 0x35, 0x06, 0xDA, 0xED, 0x37,
  0x38, 0x30, 0xDE, 0x38, 0x33, 0x22, 0x25, 0xEC, 0x06, 0x14,
  0x06, 0xE5, 0xF4, 0xFE, 0x49, 0x24, 0x1C, 0xDF, 0xFC, 0x8B,
  0x31, 0xA5, 0xF9, 0xDE, 0x13, 0xB2, 0xFD, 0x2E, 0xE3, 0xCA,
  0xE8, 0xEB, 0x40, 0xFA, 0xCA, 0xC2, 0xE7, 0x55, 0x0B, 0xF2,
  0xE5, 0x18, 0x36, 0x03, 0x12, 0x3E, 0x4E, 0x1B, 0x5D, 0xE7,
  0x28, 0xDA, 0x15, 0xFC, 0x14, 0xCD, 0xE1, 0xB1, 0xFD, 0xF8,
  0xC7, 0xF9, 0x02, 0xCE, 0x2F, 0xFD, 0x0E, 0xD8, 0xE7, 0xD8,
  0xCC, 0xDC, 0xC5, 0x46, 0x2E, 0xAD, 0x3B, 0xB7, 0xF9, 0xC6,
  0xF9, 0x69, 0x03, 0x9E, 0xB9, 0xD4, 0xFF, 0x2A, 0xD9, 0x21,
  0x4A, 0xD8, 0xF2, 0x01, 0xCF, 0x11, 0x39, 0x2C, 0x4D, 0xEC,
  0xDA, 0x81, 0x02, 0x0E, 0x10, 0x42, 0x43, 0x9E, 0x4D, 0xF2,
  0x01, 0xC4, 0xF2, 0x20, 0x59, 0xDB, 0x0C, 0xC3, 0x1D, 0x00,
  0x2F, 0xFB, 0xB5, 0xF0, 0x0C, 0x1A, 0xF8, 0x21, 0xFE, 0x37,
  0xF2, 0xF7, 0xD2, 0x02, 0x66, 0xEC, 0xD8, 0x33, 0xFD, 0xDE,
  0xD9, 0xC4, 0x2C, 0xC8, 0x24, 0x2A, 0x13, 0x33, 0xB9, 0x49,
  0xF0, 0xFD, 0xB6, 0x63, 0xD1, 0x2E, 0x41, 0xB7, 0xEE, 0xC3,
  0x1B, 0x15, 0xF3, 0x35, 0xEF, 0x44, 0x1D, 0xE8, 0xDB, 0x04,
  0xB8, 0xE9, 0xBE, 0x08, 0xE8, 0x0F, 0xD7, 0x63, 0x12, 0xD4,
  0x18, 0x1B, 0xE9, 0x32, 0x46, 0x47, 0xB4, 0x2A, 0x25, 0xEF,
  0xE7, 0xF8, 0xE2, 0xFD, 0xFA, 0x41, 0x14, 0xB9, 0x15, 0x13,
  0x4F, 0x34, 0x0B, 0xAE, 0x0B, 0x29, 0x5C, 0x28, 0x05, 0x21,
  0xC7, 0x1C, 0x29, 0x02, 0xFA, 0x07, 0x08, 0x06, 0xF2, 0xED,
  0x01, 0xC8, 0xEA, 0xE5, 0xF9, 0x0F, 0x02, 0xF6, 0x0C, 0x09,
  0x02, 0x22, 0x7F, 0xEC, 0x33, 0xE2, 0xF6, 0x3C, 0x33, 0x0D,
  0xF3, 0xF4, 0xC5, 0xF5, 0x14, 0xE5, 0x0B, 0xE5, 0x0F, 0xF9,
  0xFA, 0x21, 0x0D, 0xFD, 0x09, 0x2A, 0x0B, 0xFE, 0x0C, 0x13,
  0x04, 0x36, 0xDC, 0x00, 0xF5, 0xC5, 0x15, 0x03, 0x0F, 0x43,
  0x1F, 0x00, 0x01, 0xE8, 0xE9, 0x0F, 0x0D, 0x05, 0xD9, 0xC2,
  0x27, 0xDD, 0x14, 0x2D, 0x0A, 0xF1, 0x2E, 0xF7, 0xC6, 0x42,
  0x0A, 0xFB, 0xEA, 0xFB, 0xF4, 0x11, 0x1A, 0x02, 0xEE, 0xDB,
  0xDB, 0x1F, 0x16, 0xF9, 0x44, 0x02, 0xFE, 0xE4, 0x19, 0xFC,
  0xC8, 0xE9, 0xE9, 0x1E, 0x15, 0x1C, 0xE1, 0xC7, 0x3F, 0xD6,
  0xE2, 0x15, 0xBF, 0xEB, 0x94, 0x06, 0x00, 0x17, 0x1C, 0xF5,
  0x21, 0xC9, 0xFB, 0x04, 0xEA, 0x2B, 0x10, 0x0A, 0xF7, 0xDF,
  0x31, 0x01, 0x0D, 0x3B, 0x1A, 0xDE, 0x10, 0x1F, 0x42, 0x31,
  0xF7, 0xDE, 0x0C, 0xC2, 0xAD, 0x14, 0xC5, 0x0A, 0xE7, 0xE8,
  0xC3, 0xD2, 0x32, 0x22, 0xE2, 0xD3, 0xAE, 0xD7, 0x1A, 0x2C,
  0x0C, 0xEE, 0xDD, 0x08, 0xCF, 0xE9, 0x0A, 0xFC, 0x19, 0x26,
  0x5A, 0x19, 0x27, 0x34, 0x2E, 0xBE, 0xEC, 0x04, 0xD3, 0xD1,
  0x10, 0x2C, 0xC3, 0xE7, 0xF1, 0xFF, 0x0F, 0xD3, 0xD7, 0xFA,
  0x48, 0x17, 0x32, 0xD9, 0xFB, 0x21, 0xD5, 0x02, 0x1E, 0x1E,
  0x78, 0xE4, 0xFF, 0xFF, 0x7C, 0xE4, 0xFF, 0xFF, 0xFA, 0xFB,
  0xFF, 0xFF, 0x04, 0x00, 0x00, 0x00, 0x80, 0x00, 0x00, 0x00,
  0xCF, 0xFA, 0xFF, 0xFF, 0xB2, 0xF6, 0xFF, 0xFF, 0x2D, 0xFD,
  0xFF, 0xFF, 0x4F, 0xF9, 0xFF, 0xFF, 0x91, 0x00, 0x00, 0x00,
  0xB8, 0xFA, 0xFF, 0xFF, 0x9A, 0xFB, 0xFF, 0xFF, 0xCC, 0xFA,
  0xFF, 0xFF, 0x62, 0xFB, 0xFF, 0xFF, 0x91, 0xF9, 0xFF, 0xFF,
  0x1E, 0xFD, 0xFF, 0xFF, 0x14, 0xF5, 0xFF, 0xFF, 0x29, 0xF7,
  0xFF, 0xFF, 0xAE, 0xF8, 0xFF, 0xFF, 0x79, 0x00, 0x00, 0x00,
  0x1D, 0xF8, 0xFF, 0xFF, 0x89, 0xF9, 0xFF, 0xFF, 0xB3, 0xFF,
  0xFF, 0xFF, 0xE4, 0xFD, 0xFF, 0xFF, 0x27, 0xFC, 0xFF, 0xFF,
  0xD0, 0xF6, 0xFF, 0xFF, 0x07, 0xFE, 0xFF, 0xFF, 0xFF, 0xFA,
  0xFF, 0xFF, 0x18, 0xF6, 0xFF, 0xFF, 0x0D, 0xFE, 0xFF, 0xFF,
  0x10, 0xF6, 0xFF, 0xFF, 0xA2, 0xF6, 0xFF, 0xFF, 0x30, 0xFE,
  0xFF, 0xFF, 0x89, 0xFC, 0xFF, 0xFF, 0x87, 0xFF, 0xFF, 0xFF,
  0x26, 0xFB, 0xFF, 0xFF, 0x6B, 0xF8, 0xFF, 0xFF, 0x86, 0xFC,
  0xFF, 0xFF, 0x04, 0x00, 0x00, 0x00, 0xA0, 0x02, 0x00, 0x00,
  0x57, 0xD2, 0xD9, 0x34, 0xF8, 0x03, 0x05, 0xF1, 0x4C, 0x1A,
  0x0A, 0x64, 0x0D, 0x0E, 0x37, 0x8C, 0x7F, 0xD9, 0xC2, 0xDF,
  0x38, 0x12, 0xF4, 0x39, 0x7D, 0xDA, 0x28, 0x14, 0xFB, 0x08,
  0x1A, 0x3B, 0x1D, 0xDC, 0x99, 0xB2, 0x14, 0x7F, 0x16, 0xA2,
  0xC0, 0x10, 0xBF, 0x09, 0xF5, 0xFF, 0xFF, 0xF5, 0x7F, 0x04,
  0x34, 0x39, 0x15, 0xF5, 0xB0, 0x4C, 0x19, 0xD5, 0xF5, 0x2F,
  0x9F, 0x8E, 0xF5, 0x35, 0x85, 0x24, 0xE7, 0xDF, 0x14, 0x06,
  0x3D, 0xF2, 0xD4, 0xE0, 0xCF, 0xD8, 0x07, 0x04, 0x35, 0x46,
  0x36, 0xB7, 0x84, 0x7F, 0xC9, 0x59, 0x69, 0x17, 0x3D, 0x7F,
  0xC6, 0x12, 0x02, 0x4F, 0xCD, 0xD0, 0x57, 0x49, 0x3B, 0x07,
  0x93, 0x64, 0x14, 0xD3, 0x36, 0x20, 0xDA, 0x29, 0x30, 0x03,
  0xCD, 0xE8, 0xCE, 0xF4, 0xE7, 0xC6, 0x16, 0x08, 0x13, 0x22,
  0x21, 0x81, 0xF3, 0xC0, 0x7B, 0x16, 0x21, 0x58, 0x61, 0x02,
  0x0F, 0x7F, 0x23, 0xDA, 0x2B, 0x22, 0x8D, 0x02, 0xDE, 0xC5,
  0xD2, 0xC6, 0x2A, 0xDB, 0xEA, 0x31, 0x38, 0xE2, 0x3C, 0x45,
  0xB7, 0xE4, 0x1E, 0x45, 0x13, 0xFA, 0x14, 0x74, 0xE2, 0x00,
  0x2D, 0x81, 0x39, 0x0A, 0xFD, 0x31, 0x0A, 0x0B, 0xFB, 0xEA,
  0x25, 0xE5, 0xCF, 0x18, 0x00, 0x25, 0xBB, 0x26, 0x7F, 0xE8,
  0x16, 0xB2, 0x2F, 0xF4, 0xFB, 0x05, 0xED, 0x3D, 0x1A, 0x1A,
  0x6B, 0xD6, 0x51, 0x57, 0x23, 0x39, 0xD9, 0x45, 0xF3, 0xC1,
  0x57, 0xED, 0xC3, 0x87, 0x3B, 0xE1, 0xA0, 0xBE, 0x53, 0x81,
  0xF4, 0x34, 0xF4, 0xAD, 0x59, 0xDB, 0xD2, 0x38, 0x0F, 0xB6,
  0x77, 0x5A, 0xF5, 0x7F, 0x2A, 0xFD, 0x69, 0xCA, 0x9D, 0x1A,
  0xC5, 0xE8, 0xFD, 0xB4, 0xB3, 0xE4, 0x1E, 0x16, 0xD6, 0x6D,
  0x73, 0x9E, 0xED, 0x2F, 0x8F, 0x7F, 0x93, 0x72, 0x46, 0xD0,
  0x61, 0x15, 0x3C, 0x6A, 0x5E, 0x18, 0xC2, 0x0A, 0xD0, 0xB9,
  0x29, 0xE9, 0xD3, 0x39, 0x26, 0x9D, 0x02, 0x60, 0x10, 0x11,
  0x26, 0x7F, 0xE3, 0x03, 0xAF, 0x0C, 0x0C, 0xE2, 0xF5, 0xB8,
  0x75, 0xD6, 0xE0, 0x3C, 0xE8, 0xF8, 0x81, 0xD5, 0x7A, 0x58,
  0x57, 0xBF, 0x3F, 0x50, 0xC7, 0x10, 0x8B, 0xF7, 0x29, 0xD6,
  0xC5, 0xBC, 0x90, 0x13, 0x26, 0xD7, 0x33, 0xF1, 0xEF, 0xFF,
  0x1B, 0x57, 0x39, 0x28, 0x7F, 0x3A, 0xF3, 0x0F, 0x0B, 0x35,
  0x10, 0x03, 0x1A, 0x20, 0x14, 0x56, 0x1F, 0xB5, 0x81, 0xF9,
  0xF2, 0x3B, 0xF2, 0xC9, 0x02, 0xCC, 0xDF, 0xDD, 0xE9, 0xFF,
  0x2D, 0x1B, 0x08, 0x61, 0x38, 0x8F, 0xCA, 0xC8, 0xE7, 0xE8,
  0x81, 0x61, 0x7B, 0xCE, 0xBA, 0x0C, 0xFF, 0xC7, 0x42, 0x7F,
  0x21, 0x03, 0x17, 0x17, 0xFD, 0x32, 0xDE, 0xFC, 0x10, 0xEB,
  0xFE, 0xD4, 0x0E, 0xE6, 0xB4, 0x2B, 0xDD, 0xA4, 0x13, 0x52,
  0x19, 0xF9, 0x32, 0xFE, 0x0D, 0xE4, 0x01, 0x39, 0xEA, 0xF1,
  0xDC, 0xD1, 0x37, 0xF3, 0x20, 0x9F, 0x9E, 0x7F, 0xD7, 0xB2,
  0xEA, 0xC6, 0xD6, 0x4E, 0xD7, 0xD4, 0x7F, 0x23, 0x32, 0x3B,
  0x1B, 0xE4, 0xC0, 0x46, 0x2A, 0x2C, 0xF1, 0x2D, 0xDC, 0xFB,
  0xB6, 0xCB, 0x01, 0x7F, 0xFA, 0x07, 0x9B, 0x50, 0x09, 0x3F,
  0x0D, 0xF1, 0x18, 0x19, 0xEA, 0xA8, 0xE5, 0xFF, 0x53, 0xB5,
  0x00, 0x35, 0x82, 0x12, 0xB6, 0xF0, 0x69, 0x09, 0x4E, 0x1D,
  0xF9, 0xE6, 0xEC, 0xDA, 0x6B, 0x9E, 0x55, 0xAF, 0xD9, 0x2C,
  0x7F, 0x10, 0x32, 0x5F, 0xF2, 0xA9, 0x2B, 0xB5, 0x07, 0x0C,
  0x48, 0xEF, 0x81, 0x08, 0xF8, 0x12, 0x33, 0x2F, 0x42, 0x1E,
  0x1D, 0xBF, 0x0C, 0xCB, 0x4B, 0x2B, 0xE5, 0x7F, 0xF9, 0xC2,
  0x4C, 0xE9, 0x2D, 0xED, 0xE9, 0xEB, 0xB8, 0x08, 0x11, 0xD8,
  0x06, 0xC2, 0xBC, 0xC0, 0x54, 0xEA, 0x7E, 0x09, 0xA1, 0xF2,
  0xFA, 0x72, 0x3B, 0x6A, 0xB4, 0x07, 0xD7, 0x1F, 0xAD, 0x0E,
  0x5C, 0xF5, 0x8C, 0x7F, 0x9C, 0xA3, 0xD0, 0x0B, 0xA6, 0xF1,
  0x10, 0xA1, 0xE3, 0x20, 0xE4, 0xEE, 0x16, 0x18, 0x02, 0x9C,
  0x51, 0x09, 0x91, 0x26, 0x56, 0x81, 0xF6, 0xE9, 0x27, 0x81,
  0xB1, 0xDD, 0x01, 0x29, 0x3C, 0x27, 0xF6, 0x16, 0x03, 0x6B,
  0xE6, 0x1E, 0x07, 0xFF, 0x22, 0xE0, 0x08, 0xFB, 0x0F, 0x28,
  0x29, 0xC7, 0xEA, 0xF3, 0x37, 0xD3, 0x6A, 0x7F, 0x24, 0x1C,
  0xC0, 0x42, 0x8A, 0xB7, 0x3D, 0x17, 0xD2, 0xCC, 0x13, 0x62,
  0x2C, 0x7F, 0x29, 0xE4, 0x3C, 0xFA, 0xC5, 0x4C, 0xFE, 0xBE,
  0xB0, 0x2C, 0xEA, 0x2D, 0x1B, 0x43, 0xF9, 0x3F, 0xE9, 0xC2,
  0xFD, 0xDB, 0xF9, 0x81, 0x17, 0xC6, 0x90, 0x1C, 0x2D, 0x49,
  0x49, 0xC7, 0x22, 0xE6, 0x65, 0x47, 0x0F, 0x38, 0x29, 0xE3,
  0x15, 0xFF, 0x12, 0x42, 0x4B, 0x03, 0x33, 0x7F, 0xEB, 0xF0,
  0x59, 0x0D, 0xFE, 0x46, 0x21, 0xC6, 0xF8, 0x10, 0x0C, 0xFF,
  0x00, 0x12, 0x38, 0xF4, 0xC9, 0x21, 0xE1, 0xD3, 0x34, 0xE3,
  0x21, 0xE4, 0x18, 0x48, 0xE3, 0x04, 0x3A, 0x81, 0xA6, 0xC1,
  0x0B, 0xEA, 0xB8, 0xE7, 0xFF, 0xFF, 0x36, 0xFF, 0xFF, 0xFF,
  0x04, 0x00, 0x00, 0x00, 0x10, 0x00, 0x00, 0x00, 0x01, 0x00,
  0x00, 0x00, 0x64, 0x00, 0x00, 0x00, 0x01, 0x00, 0x00, 0x00,
  0x03, 0x00, 0x00, 0x00, 0x52, 0xFF, 0xFF, 0xFF, 0x04, 0x00,
  0x00, 0x00, 0x08, 0x00, 0x00, 0x00, 0x01, 0x00, 0x00, 0x00,
  0x02, 0x00, 0x00, 0x00, 0xEC, 0xE7, 0xFF, 0xFF, 0xF0, 0xE7,
  0xFF, 0xFF, 0x0F, 0x00, 0x00, 0x00, 0x4D, 0x4C, 0x49, 0x52,
  0x20, 0x43, 0x6F, 0x6E, 0x76, 0x65, 0x72, 0x74, 0x65, 0x64,
  0x2E, 0x00, 0x01, 0x00, 0x00, 0x00, 0x14, 0x00, 0x00, 0x00,
  0x00, 0x00, 0x0E, 0x00, 0x18, 0x00, 0x14, 0x00, 0x10, 0x00,
  0x0C, 0x00, 0x08, 0x00, 0x04, 0x00, 0x0E, 0x00, 0x00, 0x00,
  0x14, 0x00, 0x00, 0x00, 0x1C, 0x00, 0x00, 0x00, 0x84, 0x02,
  0x00, 0x00, 0x88, 0x02, 0x00, 0x00, 0x8C, 0x02, 0x00, 0x00,
  0x04, 0x00, 0x00, 0x00, 0x6D, 0x61, 0x69, 0x6E, 0x00, 0x00,
  0x00, 0x00, 0x09, 0x00, 0x00, 0x00, 0x48, 0x02, 0x00, 0x00,
  0xEC, 0x01, 0x00, 0x00, 0x88, 0x01, 0x00, 0x00, 0x34, 0x01,
  0x00, 0x00, 0xF0, 0x00, 0x00, 0x00, 0xBC, 0x00, 0x00, 0x00,
  0x78, 0x00, 0x00, 0x00, 0x40, 0x00, 0x00, 0x00, 0x04, 0x00,
  0x00, 0x00, 0xA2, 0xFE, 0xFF, 0xFF, 0x1C, 0x00, 0x00, 0x00,
  0x00, 0x00, 0x00, 0x09, 0x1C, 0x00, 0x00, 0x00, 0x20, 0x00,
  0x00, 0x00, 0x05, 0x00, 0x00, 0x00, 0x00, 0x00, 0x06, 0x00,
  0x08, 0x00, 0x04, 0x00, 0x06, 0x00, 0x00, 0x00, 0x00, 0x00,
  0x80, 0x3F, 0x01, 0x00, 0x00, 0x00, 0x13, 0x00, 0x00, 0x00,
  0x01, 0x00, 0x00, 0x00, 0x12, 0x00, 0x00, 0x00, 0x7A, 0xFE,
  0xFF, 0xFF, 0x14, 0x00, 0x00, 0x00, 0x00, 0x00, 0x00, 0x08,
  0x10, 0x00, 0x00, 0x00, 0x14, 0x00, 0x00, 0x00, 0x04, 0x00,
  0x00, 0x00, 0xBC, 0xE8, 0xFF, 0xFF, 0x01, 0x00, 0x00, 0x00,
  0x12, 0x00, 0x00, 0x00, 0x03, 0x00, 0x00, 0x00, 0x0F, 0x00,
  0x00, 0x00, 0x10, 0x00, 0x00, 0x00, 0x11, 0x00, 0x00, 0x00,
  0x0E, 0xFF, 0xFF, 0xFF, 0x1C, 0x00, 0x00, 0x00, 0x00, 0x00,
  0x00, 0x08, 0x1C, 0x00, 0x00, 0x00, 0x20, 0x00, 0x00, 0x00,
  0x04, 0x00, 0x00, 0x00, 0x00, 0x00, 0x06, 0x00, 0x08, 0x00,
  0x07, 0x00, 0x06, 0x00, 0x00, 0x00, 0x00, 0x00, 0x00, 0x01,
  0x01, 0x00, 0x00, 0x00, 0x0F, 0x00, 0x00, 0x00, 0x03, 0x00,
  0x00, 0x00, 0x0C, 0x00, 0x00, 0x00, 0x0D, 0x00, 0x00, 0x00,
  0x0E, 0x00, 0x00, 0x00, 0xEE, 0xFE, 0xFF, 0xFF, 0x14, 0x00,
  0x00, 0x00, 0x00, 0x00, 0x00, 0x1B, 0x10, 0x00, 0x00, 0x00,
  0x14, 0x00, 0x00, 0x00, 0x03, 0x00, 0x00, 0x00, 0x30, 0xE9,
  0xFF, 0xFF, 0x01, 0x00, 0x00, 0x00, 0x0C, 0x00, 0x00, 0x00,
  0x02, 0x00, 0x00, 0x00, 0x0B, 0x00, 0x00, 0x00, 0x01, 0x00,
  0x00, 0x00, 0x1E, 0xFF, 0xFF, 0xFF, 0x14, 0x00, 0x00, 0x00,
  0x00, 0x00, 0x00, 0x05, 0x24, 0x00, 0x00, 0x00, 0x28, 0x00,
  0x00, 0x00, 0x02, 0x00, 0x00, 0x00, 0x6E, 0xFF, 0xFF, 0xFF,
  0x02, 0x00, 0x00, 0x00, 0x01, 0x00, 0x00, 0x00, 0x02, 0x00,
  0x00, 0x00, 0x01, 0x00, 0x00, 0x00, 0x00, 0x00, 0x00, 0x01,
  0x01, 0x00, 0x00, 0x00, 0x0B, 0x00, 0x00, 0x00, 0x01, 0x00,
  0x00, 0x00, 0x0A, 0x00, 0x00, 0x00, 0x5E, 0xFF, 0xFF, 0xFF,
  0x14, 0x00, 0x00, 0x00, 0x00, 0x00, 0x00, 0x01, 0x1C, 0x00,
  0x00, 0x00, 0x20, 0x00, 0x00, 0x00, 0x01, 0x00, 0x00, 0x00,
  0x50, 0xFF, 0xFF, 0xFF, 0x00, 0x00, 0x00, 0x01, 0x01, 0x00,
  0x00, 0x00, 0x01, 0x00, 0x00, 0x00, 0x01, 0x00, 0x00, 0x00,
  0x0A, 0x00, 0x00, 0x00, 0x03, 0x00, 0x00, 0x00, 0x07, 0x00,
  0x00, 0x00, 0x08, 0x00, 0x00, 0x00, 0x09, 0x00, 0x00, 0x00,
  0x00, 0x00, 0x0E, 0x00, 0x1A, 0x00, 0x14, 0x00, 0x10, 0x00,
  0x0C, 0x00, 0x0B, 0x00, 0x04, 0x00, 0x0E, 0x00, 0x00, 0x00,
  0x24, 0x00, 0x00, 0x00, 0x00, 0x00, 0x00, 0x05, 0x34, 0x00,
  0x00, 0x00, 0x38, 0x00, 0x00, 0x00, 0x02, 0x00, 0x00, 0x00,
  0x00, 0x00, 0x0E, 0x00, 0x18, 0x00, 0x17, 0x00, 0x10, 0x00,
  0x0C, 0x00, 0x08, 0x00, 0x04, 0x00, 0x0E, 0x00, 0x00, 0x00,
  0x02, 0x00, 0x00, 0x00, 0x01, 0x00, 0x00, 0x00, 0x02, 0x00,
  0x00, 0x00, 0x01, 0x00, 0x00, 0x00, 0x00, 0x00, 0x00, 0x01,
  0x01, 0x00, 0x00, 0x00, 0x07, 0x00, 0x00, 0x00, 0x01, 0x00,
  0x00, 0x00, 0x06, 0x00, 0x00, 0x00, 0x00, 0x00, 0x0E, 0x00,
  0x18, 0x00, 0x14, 0x00, 0x10, 0x00, 0x0C, 0x00, 0x0B, 0x00,
  0x04, 0x00, 0x0E, 0x00, 0x00, 0x00, 0x20, 0x00, 0x00, 0x00,
  0x00, 0x00, 0x00, 0x01, 0x28, 0x00, 0x00, 0x00, 0x2C, 0x00,
  0x00, 0x00, 0x01, 0x00, 0x00, 0x00, 0x0C, 0x00, 0x10, 0x00,
  0x00, 0x00, 0x0C, 0x00, 0x08, 0x00, 0x07, 0x00, 0x0C, 0x00,
  0x00, 0x00, 0x00, 0x00, 0x00, 0x01, 0x01, 0x00, 0x00, 0x00,
  0x01, 0x00, 0x00, 0x00, 0x01, 0x00, 0x00, 0x00, 0x06, 0x00,
  0x00, 0x00, 0x03, 0x00, 0x00, 0x00, 0x03, 0x00, 0x00, 0x00,
  0x04, 0x00, 0x00, 0x00, 0x05, 0x00, 0x00, 0x00, 0x00, 0x00,
  0x0A, 0x00, 0x0C, 0x00, 0x00, 0x00, 0x08, 0x00, 0x04, 0x00,
  0x0A, 0x00, 0x00, 0x00, 0x08, 0x00, 0x00, 0x00, 0x0C, 0x00,
  0x00, 0x00, 0x01, 0x00, 0x00, 0x00, 0x03, 0x00, 0x00, 0x00,
  0x02, 0x00, 0x00, 0x00, 0x00, 0x00, 0x00, 0x00, 0x02, 0x00,
  0x00, 0x00, 0x01, 0x00, 0x00, 0x00, 0x13, 0x00, 0x00, 0x00,
  0x01, 0x00, 0x00, 0x00, 0x00, 0x00, 0x00, 0x00, 0x14, 0x00,
  0x00, 0x00, 0xA4, 0x15, 0x00, 0x00, 0x1C, 0x15, 0x00, 0x00,
  0xB0, 0x14, 0x00, 0x00, 0xCC, 0x13, 0x00, 0x00, 0x78, 0x11,
  0x00, 0x00, 0x7C, 0x0F, 0x00, 0x00, 0x90, 0x0E, 0x00, 0x00,
  0x04, 0x0E, 0x00, 0x00, 0x30, 0x0A, 0x00, 0x00, 0xB4, 0x06,
  0x00, 0x00, 0xC8, 0x05, 0x00, 0x00, 0x3C, 0x05, 0x00, 0x00,
  0xC0, 0x04, 0x00, 0x00, 0xF4, 0x03, 0x00, 0x00, 0x68, 0x03,
  0x00, 0x00, 0x94, 0x02, 0x00, 0x00, 0xC0, 0x01, 0x00, 0x00,
  0x2C, 0x01, 0x00, 0x00, 0x70, 0x00, 0x00, 0x00, 0x04, 0x00,
  0x00, 0x00, 0xC2, 0xEA, 0xFF, 0xFF, 0x00, 0x00, 0x00, 0x01,
  0x14, 0x00, 0x00, 0x00, 0x30, 0x00, 0x00, 0x00, 0x14, 0x00,
  0x00, 0x00, 0x00, 0x00, 0x00, 0x09, 0x44, 0x00, 0x00, 0x00,
  0xAC, 0xEA, 0xFF, 0xFF, 0x08, 0x00, 0x00, 0x00, 0x10, 0x00,
  0x00, 0x00, 0x01, 0x00, 0x00, 0x00, 0x80, 0xFF, 0xFF, 0xFF,
  0xFF, 0xFF, 0xFF, 0xFF, 0x01, 0x00, 0x00, 0x00, 0x00, 0x00,
  0x80, 0x3B, 0x19, 0x00, 0x00, 0x00, 0x53, 0x74, 0x61, 0x74,
  0x65, 0x66, 0x75, 0x6C, 0x50, 0x61, 0x72, 0x74, 0x69, 0x74,
  0x69, 0x6F, 0x6E, 0x65, 0x64, 0x43, 0x61, 0x6C, 0x6C, 0x3A,
  0x30, 0x00, 0x00, 0x00, 0x02, 0x00, 0x00, 0x00, 0x01, 0x00,
  0x00, 0x00, 0x06, 0x00, 0x00, 0x00, 0x2A, 0xEB, 0xFF, 0xFF,
  0x00, 0x00, 0x00, 0x01, 0x14, 0x00, 0x00, 0x00, 0x34, 0x00,
  0x00, 0x00, 0x13, 0x00, 0x00, 0x00, 0x00, 0x00, 0x00, 0x09,
  0x94, 0x00, 0x00, 0x00, 0x14, 0xEB, 0xFF, 0xFF, 0x08, 0x00,
  0x00, 0x00, 0x14, 0x00, 0x00, 0x00, 0x01, 0x00, 0x00, 0x00,
  0x18, 0x00, 0x00, 0x00, 0x00, 0x00, 0x00, 0x00, 0x00, 0x00,
  0x00, 0x00, 0x01, 0x00, 0x00, 0x00, 0xB6, 0x2B, 0x75, 0x3E,
  0x64, 0x00, 0x00, 0x00, 0x64, 0x61, 0x67, 0x68, 0x65, 0x72,
  0x6F, 0x5F, 0x63, 0x6E, 0x6E, 0x5F, 0x32, 0x6C, 0x61, 0x79,
  0x65, 0x72, 0x5F, 0x63, 0x6F, 0x6E, 0x76, 0x32, 0x64, 0x2F,
  0x71, 0x75, 0x61, 0x6E, 0x74, 0x5F, 0x63, 0x6C, 0x61, 0x73,
  0x73, 0x69, 0x66, 0x69, 0x65, 0x72, 0x2F, 0x4D, 0x61, 0x74,
  0x4D, 0x75, 0x6C, 0x3B, 0x64, 0x61, 0x67, 0x68, 0x65, 0x72,
  0x6F, 0x5F, 0x63, 0x6E, 0x6E, 0x5F, 0x32, 0x6C, 0x61, 0x79,
  0x65, 0x72, 0x5F, 0x63, 0x6F, 0x6E, 0x76, 0x32, 0x64, 0x2F,
  0x71, 0x75, 0x61, 0x6E, 0x74, 0x5F, 0x63, 0x6C, 0x61, 0x73,
  0x73, 0x69, 0x66, 0x69, 0x65, 0x72, 0x2F, 0x42, 0x69, 0x61,
  0x73, 0x41, 0x64, 0x64, 0x00, 0x00, 0x00, 0x00, 0x02, 0x00,
  0x00, 0x00, 0x01, 0x00, 0x00, 0x00, 0x06, 0x00, 0x00, 0x00,
  0xE2, 0xEB, 0xFF, 0xFF, 0x00, 0x00, 0x00, 0x01, 0x14, 0x00,
  0x00, 0x00, 0x34, 0x00, 0x00, 0x00, 0x12, 0x00, 0x00, 0x00,
  0x00, 0x00, 0x00, 0x02, 0x70, 0x00, 0x00, 0x00, 0xCC, 0xEB,
  0xFF, 0xFF, 0x08, 0x00, 0x00, 0x00, 0x14, 0x00, 0x00, 0x00,
  0x01, 0x00, 0x00, 0x00, 0x00, 0x00, 0x00, 0x00, 0x00, 0x00,
  0x00, 0x00, 0x00, 0x00, 0x00, 0x00, 0x01, 0x00, 0x00, 0x00,
  0x8A, 0x08, 0x15, 0x3A, 0x41, 0x00, 0x00, 0x00, 0x64, 0x61,
  0x67, 0x68, 0x65, 0x72, 0x6F, 0x5F, 0x63, 0x6E, 0x6E, 0x5F,
  0x32, 0x6C, 0x61, 0x79, 0x65, 0x72, 0x5F, 0x63, 0x6F, 0x6E,
  0x76, 0x32, 0x64, 0x2F, 0x71, 0x75, 0x61, 0x6E, 0x74, 0x5F,
  0x63, 0x6C, 0x61, 0x73, 0x73, 0x69, 0x66, 0x69, 0x65, 0x72,
  0x2F, 0x42, 0x69, 0x61, 0x73, 0x41, 0x64, 0x64, 0x2F, 0x52,
  0x65, 0x61, 0x64, 0x56, 0x61, 0x72, 0x69, 0x61, 0x62, 0x6C,
  0x65, 0x4F, 0x70, 0x00, 0x00, 0x00, 0x01, 0x00, 0x00, 0x00,
  0x06, 0x00, 0x00, 0x00, 0x72, 0xEC, 0xFF, 0xFF, 0x00, 0x00,
  0x00, 0x01, 0x14, 0x00, 0x00, 0x00, 0x30, 0x00, 0x00, 0x00,
  0x11, 0x00, 0x00, 0x00, 0x00, 0x00, 0x00, 0x09, 0xAC, 0x00,
  0x00, 0x00, 0x5C, 0xEC, 0xFF, 0xFF, 0x08, 0x00, 0x00, 0x00,
  0x10, 0x00, 0x00, 0x00, 0x01, 0x00, 0x00, 0x00, 0x00, 0x00,
  0x00, 0x00, 0x00, 0x00, 0x00, 0x00, 0x01, 0x00, 0x00, 0x00,
  0x25, 0xA9, 0x2A, 0x3C, 0x83, 0x00, 0x00, 0x00, 0x64, 0x61,
  0x67, 0x68, 0x65, 0x72, 0x6F, 0x5F, 0x63, 0x6E, 0x6E, 0x5F,
  0x32, 0x6C, 0x61, 0x79, 0x65, 0x72, 0x5F, 0x63, 0x6F, 0x6E,
  0x76, 0x32, 0x64, 0x2F, 0x71, 0x75, 0x61, 0x6E, 0x74, 0x5F,
  0x63, 0x6C, 0x61, 0x73, 0x73, 0x69, 0x66, 0x69, 0x65, 0x72,
  0x2F, 0x4D, 0x61, 0x74, 0x4D, 0x75, 0x6C, 0x3B, 0x64, 0x61,
  0x67, 0x68, 0x65, 0x72, 0x6F, 0x5F, 0x63, 0x6E, 0x6E, 0x5F,
  0x32, 0x6C, 0x61, 0x79, 0x65, 0x72, 0x5F, 0x63, 0x6F, 0x6E,
  0x76, 0x32, 0x64, 0x2F, 0x71, 0x75, 0x61, 0x6E, 0x74, 0x5F,
  0x63, 0x6C, 0x61, 0x73, 0x73, 0x69, 0x66, 0x69, 0x65, 0x72,
  0x2F, 0x4C, 0x61, 0x73, 0x74, 0x56, 0x61, 0x6C, 0x75, 0x65,
  0x51, 0x75, 0x61, 0x6E, 0x74, 0x2F, 0x46, 0x61, 0x6B, 0x65,
  0x51, 0x75, 0x61, 0x6E, 0x74, 0x57, 0x69, 0x74, 0x68, 0x4D,
  0x69, 0x6E, 0x4D, 0x61, 0x78, 0x56, 0x61, 0x72, 0x73, 0x00,
  0x02, 0x00, 0x00, 0x00, 0x06, 0x00, 0x00, 0x00, 0x40, 0x00,
  0x00, 0x00, 0x42, 0xED, 0xFF, 0xFF, 0x00, 0x00, 0x00, 0x01,
  0x14, 0x00, 0x00, 0x00, 0x34, 0x00, 0x00, 0x00, 0x10, 0x00,
  0x00, 0x00, 0x00, 0x00, 0x00, 0x09, 0xAC, 0x00, 0x00, 0x00,
  0x2C, 0xED, 0xFF, 0xFF, 0x08, 0x00, 0x00, 0x00, 0x14, 0x00,
  0x00, 0x00, 0x01, 0x00, 0x00, 0x00, 0x93, 0xFF, 0xFF, 0xFF,
  0xFF, 0xFF, 0xFF, 0xFF, 0x00, 0x00, 0x00, 0x00, 0x01, 0x00,
  0x00, 0x00, 0xCD, 0x8E, 0x5F, 0x3D, 0x7F, 0x00, 0x00, 0x00,
  0x64, 0x61, 0x67, 0x68, 0x65, 0x72, 0x6F, 0x5F, 0x63, 0x6E,
  0x6E, 0x5F, 0x32, 0x6C, 0x61, 0x79, 0x65, 0x72, 0x5F, 0x63,
  0x6F, 0x6E, 0x76, 0x32, 0x64, 0x2F, 0x71, 0x75, 0x61, 0x6E,
  0x74, 0x5F, 0x66, 0x63, 0x31, 0x2F, 0x4D, 0x61, 0x74, 0x4D,
  0x75, 0x6C, 0x3B, 0x64, 0x61, 0x67, 0x68, 0x65, 0x72, 0x6F,
  0x5F, 0x63, 0x6E, 0x6E, 0x5F, 0x32, 0x6C, 0x61, 0x79, 0x65,
  0x72, 0x5F, 0x63, 0x6F, 0x6E, 0x76, 0x32, 0x64, 0x2F, 0x71,
  0x75, 0x61, 0x6E, 0x74, 0x5F, 0x66, 0x63, 0x31, 0x2F, 0x52,
  0x65, 0x6C, 0x75, 0x3B, 0x64, 0x61, 0x67, 0x68, 0x65, 0x72,
  0x6F, 0x5F, 0x63, 0x6E, 0x6E, 0x5F, 0x32, 0x6C, 0x61, 0x79,
  0x65, 0x72, 0x5F, 0x63, 0x6F, 0x6E, 0x76, 0x32, 0x64, 0x2F,
  0x71, 0x75, 0x61, 0x6E, 0x74, 0x5F, 0x66, 0x63, 0x31, 0x2F,
  0x42, 0x69, 0x61, 0x73, 0x41, 0x64, 0x64, 0x00, 0x02, 0x00,
  0x00, 0x00, 0x01, 0x00, 0x00, 0x00, 0x40, 0x00, 0x00, 0x00,
  0x12, 0xEE, 0xFF, 0xFF, 0x00, 0x00, 0x00, 0x01, 0x14, 0x00,
  0x00, 0x00, 0x34, 0x00, 0x00, 0x00, 0x0F, 0x00, 0x00, 0x00,
  0x00, 0x00, 0x00, 0x02, 0x68, 0x00, 0x00, 0x00, 0xFC, 0xED,
  0xFF, 0xFF, 0x08, 0x00, 0x00, 0x00, 0x14, 0x00, 0x00, 0x00,
  0x01, 0x00, 0x00, 0x00, 0x00, 0x00, 0x00, 0x00, 0x00, 0x00,
  0x00, 0x00, 0x00, 0x00, 0x00, 0x00, 0x01, 0x00, 0x00, 0x00,
  0xD2, 0xF7, 0x2A, 0x39, 0x3A, 0x00, 0x00, 0x00, 0x64, 0x61,
  0x67, 0x68, 0x65, 0x72, 0x6F, 0x5F, 0x63, 0x6E, 0x6E, 0x5F,
  0x32, 0x6C, 0x61, 0x79, 0x65, 0x72, 0x5F, 0x63, 0x6F, 0x6E,
  0x76, 0x32, 0x64, 0x2F, 0x71, 0x75, 0x61, 0x6E, 0x74, 0x5F,
  0x66, 0x63, 0x31, 0x2F, 0x42, 0x69, 0x61, 0x73, 0x41, 0x64,
  0x64, 0x2F, 0x52, 0x65, 0x61, 0x64, 0x56, 0x61, 0x72, 0x69,
  0x61, 0x62, 0x6C, 0x65, 0x4F, 0x70, 0x00, 0x00, 0x01, 0x00,
  0x00, 0x00, 0x40, 0x00, 0x00, 0x00, 0x9A, 0xEE, 0xFF, 0xFF,
  0x00, 0x00, 0x00, 0x01, 0x14, 0x00, 0x00, 0x00, 0x34, 0x00,
  0x00, 0x00, 0x0E, 0x00, 0x00, 0x00, 0x00, 0x00, 0x00, 0x09,
  0xA4, 0x00, 0x00, 0x00, 0x84, 0xEE, 0xFF, 0xFF, 0x08, 0x00,
  0x00, 0x00, 0x14, 0x00, 0x00, 0x00, 0x01, 0x00, 0x00, 0x00,
  0x00, 0x00, 0x00, 0x00, 0x00, 0x00, 0x00, 0x00, 0x00, 0x00,
  0x00, 0x00, 0x01, 0x00, 0x00, 0x00, 0x4C, 0x1F, 0x0D, 0x3C,
  0x75, 0x00, 0x00, 0x00, 0x64, 0x61, 0x67, 0x68, 0x65, 0x72,
  0x6F, 0x5F, 0x63, 0x6E, 0x6E, 0x5F, 0x32, 0x6C, 0x61, 0x79,
  0x65, 0x72, 0x5F, 0x63, 0x6F, 0x6E, 0x76, 0x32, 0x64, 0x2F,
  0x71, 0x75, 0x61, 0x6E, 0x74, 0x5F, 0x66, 0x63, 0x31, 0x2F,
  0x4D, 0x61, 0x74, 0x4D, 0x75, 0x6C, 0x3B, 0x64, 0x61, 0x67,
  0x68, 0x65, 0x72, 0x6F, 0x5F, 0x63, 0x6E, 0x6E, 0x5F, 0x32,
  0x6C, 0x61, 0x79, 0x65, 0x72, 0x5F, 0x63, 0x6F, 0x6E, 0x76,
  0x32, 0x64, 0x2F, 0x71, 0x75, 0x61, 0x6E, 0x74, 0x5F, 0x66,
  0x63, 0x31, 0x2F, 0x4C, 0x61, 0x73, 0x74, 0x56, 0x61, 0x6C,
  0x75, 0x65, 0x51, 0x75, 0x61, 0x6E, 0x74, 0x2F, 0x46, 0x61,
  0x6B, 0x65, 0x51, 0x75, 0x61, 0x6E, 0x74, 0x57, 0x69, 0x74,
  0x68, 0x4D, 0x69, 0x6E, 0x4D, 0x61, 0x78, 0x56, 0x61, 0x72,
  0x73, 0x00, 0x00, 0x00, 0x02, 0x00, 0x00, 0x00, 0x40, 0x00,
  0x00, 0x00, 0x40, 0x00, 0x00, 0x00, 0x62, 0xEF, 0xFF, 0xFF,
  0x00, 0x00, 0x00, 0x01, 0x14, 0x00, 0x00, 0x00, 0x30, 0x00,
  0x00, 0x00, 0x0D, 0x00, 0x00, 0x00, 0x00, 0x00, 0x00, 0x09,
  0x54, 0x00, 0x00, 0x00, 0x4C, 0xEF, 0xFF, 0xFF, 0x08, 0x00,
  0x00, 0x00, 0x10, 0x00, 0x00, 0x00, 0x01, 0x00, 0x00, 0x00,
  0xB8, 0xFF, 0xFF, 0xFF, 0xFF, 0xFF, 0xFF, 0xFF, 0x01, 0x00,
  0x00, 0x00, 0x12, 0x12, 0x9B, 0x3C, 0x28, 0x00, 0x00, 0x00,
  0x64, 0x61, 0x67, 0x68, 0x65, 0x72, 0x6F, 0x5F, 0x63, 0x6E,
  0x6E, 0x5F, 0x32, 0x6C, 0x61, 0x79, 0x65, 0x72, 0x5F, 0x63,
  0x6F, 0x6E, 0x76, 0x32, 0x64, 0x2F, 0x71, 0x75, 0x61, 0x6E,
  0x74, 0x5F, 0x67, 0x61, 0x70, 0x2F, 0x4D, 0x65, 0x61, 0x6E,
  0x00, 0x00, 0x00, 0x00, 0x02, 0x00, 0x00, 0x00, 0x01, 0x00,
  0x00, 0x00, 0x40, 0x00, 0x00, 0x00, 0xDA, 0xEF, 0xFF, 0xFF,
  0x00, 0x00, 0x00, 0x01, 0x14, 0x00, 0x00, 0x00, 0x34, 0x00,
  0x00, 0x00, 0x0C, 0x00, 0x00, 0x00, 0x00, 0x00, 0x00, 0x09,
  0x5C, 0x00, 0x00, 0x00, 0xC4, 0xEF, 0xFF, 0xFF, 0x08, 0x00,
  0x00, 0x00, 0x14, 0x00, 0x00, 0x00, 0x01, 0x00, 0x00, 0x00,
  0xA0, 0xFF, 0xFF, 0xFF, 0xFF, 0xFF, 0xFF, 0xFF, 0x00, 0x00,
  0x00, 0x00, 0x01, 0x00, 0x00, 0x00, 0x46, 0x4C, 0x06, 0x3D,
  0x2D, 0x00, 0x00, 0x00, 0x64, 0x61, 0x67, 0x68, 0x65, 0x72,
  0x6F, 0x5F, 0x63, 0x6E, 0x6E, 0x5F, 0x32, 0x6C, 0x61, 0x79,
  0x65, 0x72, 0x5F, 0x63, 0x6F, 0x6E, 0x76, 0x32, 0x64, 0x2F,
  0x71, 0x75, 0x61, 0x6E, 0x74, 0x5F, 0x70, 0x6F, 0x6F, 0x6C,
  0x32, 0x2F, 0x4D, 0x61, 0x78, 0x50, 0x6F, 0x6F, 0x6C, 0x00,
  0x00, 0x00, 0x04, 0x00, 0x00, 0x00, 0x01, 0x00, 0x00, 0x00,
  0x19, 0x00, 0x00, 0x00, 0x01, 0x00, 0x00, 0x00, 0x40, 0x00,
  0x00, 0x00, 0x62, 0xF0, 0xFF, 0xFF, 0x00, 0x00, 0x00, 0x01,
  0x14, 0x00, 0x00, 0x00, 0x34, 0x00, 0x00, 0x00, 0x0B, 0x00,
  0x00, 0x00, 0x00, 0x00, 0x00, 0x09, 0xBC, 0x00, 0x00, 0x00,
  0x4C, 0xF0, 0xFF, 0xFF, 0x08, 0x00, 0x00, 0x00, 0x14, 0x00,
  0x00, 0x00, 0x01, 0x00, 0x00, 0x00, 0xA0, 0xFF, 0xFF, 0xFF,
  0xFF, 0xFF, 0xFF, 0xFF, 0x00, 0x00, 0x00, 0x00, 0x01, 0x00,
  0x00, 0x00, 0x46, 0x4C, 0x06, 0x3D, 0x8C, 0x00, 0x00, 0x00,
  0x64, 0x61, 0x67, 0x68, 0x65, 0x72, 0x6F, 0x5F, 0x63, 0x6E,
  0x6E, 0x5F, 0x32, 0x6C, 0x61, 0x79, 0x65, 0x72, 0x5F, 0x63,
  0x6F, 0x6E, 0x76, 0x32, 0x64, 0x2F, 0x71, 0x75, 0x61, 0x6E,
  0x74, 0x5F, 0x72, 0x65, 0x6C, 0x75, 0x32, 0x2F, 0x52, 0x65,
  0x6C, 0x75, 0x3B, 0x64, 0x61, 0x67, 0x68, 0x65, 0x72, 0x6F,
  0x5F, 0x63, 0x6E, 0x6E, 0x5F, 0x32, 0x6C, 0x61, 0x79, 0x65,
  0x72, 0x5F, 0x63, 0x6F, 0x6E, 0x76, 0x32, 0x64, 0x2F, 0x71,
  0x75, 0x61, 0x6E, 0x74, 0x5F, 0x62, 0x6E, 0x32, 0x2F, 0x46,
  0x75, 0x73, 0x65, 0x64, 0x42, 0x61, 0x74, 0x63, 0x68, 0x4E,
  0x6F, 0x72, 0x6D, 0x56, 0x33, 0x3B, 0x64, 0x61, 0x67, 0x68,
  0x65, 0x72, 0x6F, 0x5F, 0x63, 0x6E, 0x6E, 0x5F, 0x32, 0x6C,
  0x61, 0x79, 0x65, 0x72, 0x5F, 0x63, 0x6F, 0x6E, 0x76, 0x32,
  0x64, 0x2F, 0x71, 0x75, 0x61, 0x6E, 0x74, 0x5F, 0x63, 0x6F,
  0x6E, 0x76, 0x32, 0x2F, 0x43, 0x6F, 0x6E, 0x76, 0x32, 0x44,
  0x00, 0x00, 0x00, 0x00, 0x04, 0x00, 0x00, 0x00, 0x01, 0x00,
  0x00, 0x00, 0x32, 0x00, 0x00, 0x00, 0x01, 0x00, 0x00, 0x00,
  0x40, 0x00, 0x00, 0x00, 0x4A, 0xF1, 0xFF, 0xFF, 0x00, 0x00,
  0x00, 0x01, 0x14, 0x00, 0x00, 0x00, 0x28, 0x03, 0x00, 0x00,
  0x0A, 0x00, 0x00, 0x00, 0x00, 0x00, 0x00, 0x02, 0x58, 0x03,
  0x00, 0x00, 0x34, 0xF1, 0xFF, 0xFF, 0x08, 0x00, 0x00, 0x00,
  0x0C, 0x02, 0x00, 0x00, 0x40, 0x00, 0x00, 0x00, 0x00, 0x00,
  0x00, 0x00, 0x00, 0x00, 0x00, 0x00, 0x00, 0x00, 0x00, 0x00,
  0x00, 0x00, 0x00, 0x00, 0x00, 0x00, 0x00, 0x00, 0x00, 0x00,
  0x00, 0x00, 0x00, 0x00, 0x00, 0x00, 0x00, 0x00, 0x00, 0x00,
  0x00, 0x00, 0x00, 0x00, 0x00, 0x00, 0x00, 0x00, 0x00, 0x00,
  0x00, 0x00, 0x00, 0x00, 0x00, 0x00, 0x00, 0x00, 0x00, 0x00,
  0x00, 0x00, 0x00, 0x00, 0x00, 0x00, 0x00, 0x00, 0x00, 0x00,
  0x00, 0x00, 0x00, 0x00, 0x00, 0x00, 0x00, 0x00, 0x00, 0x00,
  0x00, 0x00, 0x00, 0x00, 0x00, 0x00, 0x00, 0x00, 0x00, 0x00,
  0x00, 0x00, 0x00, 0x00, 0x00, 0x00, 0x00, 0x00, 0x00, 0x00,
  0x00, 0x00, 0x00, 0x00, 0x00, 0x00, 0x00, 0x00, 0x00, 0x00,
  0x00, 0x00, 0x00, 0x00, 0x00, 0x00, 0x00, 0x00, 0x00, 0x00,
  0x00, 0x00, 0x00, 0x00, 0x00, 0x00, 0x00, 0x00, 0x00, 0x00,
  0x00, 0x00, 0x00, 0x00, 0x00, 0x00, 0x00, 0x00, 0x00, 0x00,
  0x00, 0x00, 0x00, 0x00, 0x00, 0x00, 0x00, 0x00, 0x00, 0x00,
  0x00, 0x00, 0x00, 0x00, 0x00, 0x00, 0x00, 0x00, 0x00, 0x00,
  0x00, 0x00, 0x00, 0x00, 0x00, 0x00, 0x00, 0x00, 0x00, 0x00,
  0x00, 0x00, 0x00, 0x00, 0x00, 0x00, 0x00, 0x00, 0x00, 0x00,
  0x00, 0x00, 0x00, 0x00, 0x00, 0x00, 0x00, 0x00, 0x00, 0x00,
  0x00, 0x00, 0x00, 0x00, 0x00, 0x00, 0x00, 0x00, 0x00, 0x00,
  0x00, 0x00, 0x00, 0x00, 0x00, 0x00, 0x00, 0x00, 0x00, 0x00,
  0x00, 0x00, 0x00, 0x00, 0x00, 0x00, 0x00, 0x00, 0x00, 0x00,
  0x00, 0x00, 0x00, 0x00, 0x00, 0x00, 0x00, 0x00, 0x00, 0x00,
  0x00, 0x00, 0x00, 0x00, 0x00, 0x00, 0x00, 0x00, 0x00, 0x00,
  0x00, 0x00, 0x00, 0x00, 0x00, 0x00, 0x00, 0x00, 0x00, 0x00,
  0x00, 0x00, 0x00, 0x00, 0x00, 0x00, 0x00, 0x00, 0x00, 0x00,
  0x00, 0x00, 0x00, 0x00, 0x00, 0x00, 0x00, 0x00, 0x00, 0x00,
  0x00, 0x00, 0x00, 0x00, 0x00, 0x00, 0x00, 0x00, 0x00, 0x00,
  0x00, 0x00, 0x00, 0x00, 0x00, 0x00, 0x00, 0x00, 0x00, 0x00,
  0x00, 0x00, 0x00, 0x00, 0x00, 0x00, 0x00, 0x00, 0x00, 0x00,
  0x00, 0x00, 0x00, 0x00, 0x00, 0x00, 0x00, 0x00, 0x00, 0x00,
  0x00, 0x00, 0x00, 0x00, 0x00, 0x00, 0x00, 0x00, 0x00, 0x00,
  0x00, 0x00, 0x00, 0x00, 0x00, 0x00, 0x00, 0x00, 0x00, 0x00,
  0x00, 0x00, 0x00, 0x00, 0x00, 0x00, 0x00, 0x00, 0x00, 0x00,
  0x00, 0x00, 0x00, 0x00, 0x00, 0x00, 0x00, 0x00, 0x00, 0x00,
  0x00, 0x00, 0x00, 0x00, 0x00, 0x00, 0x00, 0x00, 0x00, 0x00,
  0x00, 0x00, 0x00, 0x00, 0x00, 0x00, 0x00, 0x00, 0x00, 0x00,
  0x00, 0x00, 0x00, 0x00, 0x00, 0x00, 0x00, 0x00, 0x00, 0x00,
  0x00, 0x00, 0x00, 0x00, 0x00, 0x00, 0x00, 0x00, 0x00, 0x00,
  0x00, 0x00, 0x00, 0x00, 0x00, 0x00, 0x00, 0x00, 0x00, 0x00,
  0x00, 0x00, 0x00, 0x00, 0x00, 0x00, 0x00, 0x00, 0x00, 0x00,
  0x00, 0x00, 0x00, 0x00, 0x00, 0x00, 0x00, 0x00, 0x00, 0x00,
  0x00, 0x00, 0x00, 0x00, 0x00, 0x00, 0x00, 0x00, 0x00, 0x00,
  0x00, 0x00, 0x00, 0x00, 0x00, 0x00, 0x00, 0x00, 0x00, 0x00,
  0x00, 0x00, 0x00, 0x00, 0x00, 0x00, 0x00, 0x00, 0x00, 0x00,
  0x00, 0x00, 0x00, 0x00, 0x00, 0x00, 0x00, 0x00, 0x00, 0x00,
  0x00, 0x00, 0x00, 0x00, 0x00, 0x00, 0x00, 0x00, 0x00, 0x00,
  0x00, 0x00, 0x00, 0x00, 0x00, 0x00, 0x00, 0x00, 0x00, 0x00,
  0x00, 0x00, 0x00, 0x00, 0x00, 0x00, 0x00, 0x00, 0x00, 0x00,
  0x00, 0x00, 0x00, 0x00, 0x00, 0x00, 0x00, 0x00, 0x00, 0x00,
  0x00, 0x00, 0x00, 0x00, 0x00, 0x00, 0x00, 0x00, 0x00, 0x00,
  0x00, 0x00, 0x00, 0x00, 0x00, 0x00, 0x00, 0x00, 0x00, 0x00,
  0x00, 0x00, 0x00, 0x00, 0x40, 0x00, 0x00, 0x00, 0x27, 0xD8,
  0xC0, 0x38, 0x4E, 0xAF, 0x27, 0x39, 0x2F, 0x78, 0xB0, 0x38,
  0xCB, 0x91, 0xC1, 0x38, 0xDB, 0x5E, 0xB7, 0x38, 0x2A, 0x32,
  0xD3, 0x38, 0xED, 0xC2, 0xE0, 0x38, 0x29, 0xCC, 0xCA, 0x38,
  0x77, 0x57, 0xD9, 0x38, 0x37, 0xA6, 0xCC, 0x38, 0x68, 0xE5,
  0x08, 0x39, 0x14, 0xFC, 0xBB, 0x38, 0xDF, 0xE7, 0xB3, 0x38,
  0x51, 0xA7, 0xB9, 0x38, 0x89, 0x9E, 0xBA, 0x38, 0x1C, 0xDE,
  0xC2, 0x38, 0xD7, 0x5C, 0xD1, 0x38, 0xAB, 0xDD, 0xB5, 0x38,
  0xA9, 0xC7, 0xB9, 0x38, 0xD9, 0xF5, 0xA1, 0x38, 0x3E, 0x9A,
  0xE1, 0x38, 0x2E, 0x37, 0xCF, 0x38, 0x22, 0x89, 0xB4, 0x38,
  0x2A, 0xF5, 0x91, 0x38, 0xD2, 0xF5, 0xD1, 0x38, 0x6B, 0x73,
  0x89, 0x38, 0x2A, 0xFB, 0xC0, 0x38, 0x5D, 0x36, 0xE3, 0x38,
  0x82, 0x0E, 0xC2, 0x38, 0x30, 0x20, 0xCE, 0x38, 0x59, 0xAC,
  0xBD, 0x38, 0x42, 0x99, 0x96, 0x38, 0xE0, 0x25, 0xFF, 0x38,
  0x7E, 0xDA, 0xDA, 0x38, 0xEE, 0x8F, 0xBB, 0x38, 0xB5, 0xDB,
  0xE1, 0x38, 0xA8, 0x45, 0xAF, 0x38, 0xD6, 0xB0, 0xD7, 0x38,
  0x52, 0x8B, 0x03, 0x39, 0x78, 0xB5, 0xBC, 0x38, 0x4B, 0xFC,
  0xA3, 0x38, 0xFA, 0x69, 0xDC, 0x38, 0x2D, 0x03, 0x00, 0x39,
  0x24, 0xD0, 0xA1, 0x38, 0xA3, 0x8E, 0x02, 0x39, 0xE2, 0x32,
  0xB3, 0x38, 0x5C, 0x06, 0xAF, 0x38, 0x67, 0x7E, 0xDD, 0x38,
  0xC9, 0x1C, 0xE5, 0x38, 0xA2, 0xD2, 0x4F, 0x38, 0xEF, 0x51,
  0x00, 0x39, 0x43, 0x4E, 0xD2, 0x38, 0x11, 0x79, 0xE3, 0x38,
  0xD6, 0x65, 0xF2, 0x38, 0x93, 0x18, 0xEB, 0x38, 0x3F, 0x3B,
  0xC5, 0x38, 0x0E, 0xD6, 0xC6, 0x38, 0xCD, 0x5B, 0xDE, 0x38,
  0xCC, 0xC6, 0x05, 0x39, 0x4E, 0x4D, 0xC2, 0x38, 0x8F, 0xAF,
  0xD1, 0x38, 0xC3, 0xCF, 0xDE, 0x38, 0x4F, 0xA9, 0xC7, 0x38,
  0xA4, 0xDC, 0xC4, 0x38, 0x34, 0x00, 0x00, 0x00, 0x64, 0x61,
  0x67, 0x68, 0x65, 0x72, 0x6F, 0x5F, 0x63, 0x6E, 0x6E, 0x5F,
  0x32, 0x6C, 0x61, 0x79, 0x65, 0x72, 0x5F, 0x63, 0x6F, 0x6E,
  0x76, 0x32, 0x64, 0x2F, 0x71, 0x75, 0x61, 0x6E, 0x74, 0x5F,
  0x62, 0x6E, 0x32, 0x2F, 0x46, 0x75, 0x73, 0x65, 0x64, 0x42,
  0x61, 0x74, 0x63, 0x68, 0x4E, 0x6F, 0x72, 0x6D, 0x56, 0x33,
  0x00, 0x00, 0x00, 0x00, 0x01, 0x00, 0x00, 0x00, 0x40, 0x00,
  0x00, 0x00, 0xC2, 0xF4, 0xFF, 0xFF, 0x00, 0x00, 0x00, 0x01,
  0x14, 0x00, 0x00, 0x00, 0x28, 0x03, 0x00, 0x00, 0x09, 0x00,
  0x00, 0x00, 0x00, 0x00, 0x00, 0x09, 0xA4, 0x03, 0x00, 0x00,
  0xAC, 0xF4, 0xFF, 0xFF, 0x08, 0x00, 0x00, 0x00, 0x0C, 0x02,
  0x00, 0x00, 0x40, 0x00, 0x00, 0x00, 0x00, 0x00, 0x00, 0x00,
  0x00, 0x00, 0x00, 0x00, 0x00, 0x00, 0x00, 0x00, 0x00, 0x00,
  0x00, 0x00, 0x00, 0x00, 0x00, 0x00, 0x00, 0x00, 0x00, 0x00,
  0x00, 0x00, 0x00, 0x00, 0x00, 0x00, 0x00, 0x00, 0x00, 0x00,
  0x00, 0x00, 0x00, 0x00, 0x00, 0x00, 0x00, 0x00, 0x00, 0x00,
  0x00, 0x00, 0x00, 0x00, 0x00, 0x00, 0x00, 0x00, 0x00, 0x00,
  0x00, 0x00, 0x00, 0x00, 0x00, 0x00, 0x00, 0x00, 0x00, 0x00,
  0x00, 0x00, 0x00, 0x00, 0x00, 0x00, 0x00, 0x00, 0x00, 0x00,
  0x00, 0x00, 0x00, 0x00, 0x00, 0x00, 0x00, 0x00, 0x00, 0x00,
  0x00, 0x00, 0x00, 0x00, 0x00, 0x00, 0x00, 0x00, 0x00, 0x00,
  0x00, 0x00, 0x00, 0x00, 0x00, 0x00, 0x00, 0x00, 0x00, 0x00,
  0x00, 0x00, 0x00, 0x00, 0x00, 0x00, 0x00, 0x00, 0x00, 0x00,
  0x00, 0x00, 0x00, 0x00, 0x00, 0x00, 0x00, 0x00, 0x00, 0x00,
  0x00, 0x00, 0x00, 0x00, 0x00, 0x00, 0x00, 0x00, 0x00, 0x00,
  0x00, 0x00, 0x00, 0x00, 0x00, 0x00, 0x00, 0x00, 0x00, 0x00,
  0x00, 0x00, 0x00, 0x00, 0x00, 0x00, 0x00, 0x00, 0x00, 0x00,
  0x00, 0x00, 0x00, 0x00, 0x00, 0x00, 0x00, 0x00, 0x00, 0x00,
  0x00, 0x00, 0x00, 0x00, 0x00, 0x00, 0x00, 0x00, 0x00, 0x00,
  0x00, 0x00, 0x00, 0x00, 0x00, 0x00, 0x00, 0x00, 0x00, 0x00,
  0x00, 0x00, 0x00, 0x00, 0x00, 0x00, 0x00, 0x00, 0x00, 0x00,
  0x00, 0x00, 0x00, 0x00, 0x00, 0x00, 0x00, 0x00, 0x00, 0x00,
  0x00, 0x00, 0x00, 0x00, 0x00, 0x00, 0x00, 0x00, 0x00, 0x00,
  0x00, 0x00, 0x00, 0x00, 0x00, 0x00, 0x00, 0x00, 0x00, 0x00,
  0x00, 0x00, 0x00, 0x00, 0x00, 0x00, 0x00, 0x00, 0x00, 0x00,
  0x00, 0x00, 0x00, 0x00, 0x00, 0x00, 0x00, 0x00, 0x00, 0x00,
  0x00, 0x00, 0x00, 0x00, 0x00, 0x00, 0x00, 0x00, 0x00, 0x00,
  0x00, 0x00, 0x00, 0x00, 0x00, 0x00, 0x00, 0x00, 0x00, 0x00,
  0x00, 0x00, 0x00, 0x00, 0x00, 0x00, 0x00, 0x00, 0x00, 0x00,
  0x00, 0x00, 0x00, 0x00, 0x00, 0x00, 0x00, 0x00, 0x00, 0x00,
  0x00, 0x00, 0x00, 0x00, 0x00, 0x00, 0x00, 0x00, 0x00, 0x00,
  0x00, 0x00, 0x00, 0x00, 0x00, 0x00, 0x00, 0x00, 0x00, 0x00,
  0x00, 0x00, 0x00, 0x00, 0x00, 0x00, 0x00, 0x00, 0x00, 0x00,
  0x00, 0x00, 0x00, 0x00, 0x00, 0x00, 0x00, 0x00, 0x00, 0x00,
  0x00, 0x00, 0x00, 0x00, 0x00, 0x00, 0x00, 0x00, 0x00, 0x00,
  0x00, 0x00, 0x00, 0x00, 0x00, 0x00, 0x00, 0x00, 0x00, 0x00,
  0x00, 0x00, 0x00, 0x00, 0x00, 0x00, 0x00, 0x00, 0x00, 0x00,
  0x00, 0x00, 0x00, 0x00, 0x00, 0x00, 0x00, 0x00, 0x00, 0x00,
  0x00, 0x00, 0x00, 0x00, 0x00, 0x00, 0x00, 0x00, 0x00, 0x00,
  0x00, 0x00, 0x00, 0x00, 0x00, 0x00, 0x00, 0x00, 0x00, 0x00,
  0x00, 0x00, 0x00, 0x00, 0x00, 0x00, 0x00, 0x00, 0x00, 0x00,
  0x00, 0x00, 0x00, 0x00, 0x00, 0x00, 0x00, 0x00, 0x00, 0x00,
  0x00, 0x00, 0x00, 0x00, 0x00, 0x00, 0x00, 0x00, 0x00, 0x00,
  0x00, 0x00, 0x00, 0x00, 0x00, 0x00, 0x00, 0x00, 0x00, 0x00,
  0x00, 0x00, 0x00, 0x00, 0x00, 0x00, 0x00, 0x00, 0x00, 0x00,
  0x00, 0x00, 0x00, 0x00, 0x00, 0x00, 0x00, 0x00, 0x00, 0x00,
  0x00, 0x00, 0x00, 0x00, 0x00, 0x00, 0x00, 0x00, 0x00, 0x00,
  0x00, 0x00, 0x00, 0x00, 0x00, 0x00, 0x00, 0x00, 0x00, 0x00,
  0x00, 0x00, 0x00, 0x00, 0x00, 0x00, 0x00, 0x00, 0x00, 0x00,
  0x00, 0x00, 0x00, 0x00, 0x00, 0x00, 0x00, 0x00, 0x00, 0x00,
  0x00, 0x00, 0x00, 0x00, 0x00, 0x00, 0x00, 0x00, 0x00, 0x00,
  0x00, 0x00, 0x00, 0x00, 0x00, 0x00, 0x00, 0x00, 0x00, 0x00,
  0x00, 0x00, 0x00, 0x00, 0x00, 0x00, 0x00, 0x00, 0x00, 0x00,
  0x00, 0x00, 0x40, 0x00, 0x00, 0x00, 0xCF, 0x62, 0x56, 0x3B,
  0x7C, 0x6A, 0xBA, 0x3B, 0x93, 0x2E, 0x44, 0x3B, 0x2F, 0x31,
  0x57, 0x3B, 0x97, 0xDA, 0x4B, 0x3B, 0x9C, 0xC9, 0x6A, 0x3B,
  0x4B, 0xDE, 0x79, 0x3B, 0x71, 0x73, 0x61, 0x3B, 0xA7, 0x9E,
  0x71, 0x3B, 0x73, 0x82, 0x63, 0x3B, 0x25, 0x30, 0x98, 0x3B,
  0xC4, 0xFB, 0x50, 0x3B, 0x87, 0x00, 0x48, 0x3B, 0x57, 0x64,
  0x4E, 0x3B, 0x2C, 0x77, 0x4F, 0x3B, 0x9F, 0xA2, 0x58, 0x3B,
  0xDC, 0xBF, 0x68, 0x3B, 0x60, 0x2E, 0x4A, 0x3B, 0x4C, 0x88,
  0x4E, 0x3B, 0x55, 0x0D, 0x34, 0x3B, 0xAA, 0xCD, 0x7A, 0x3B,
  0xCC, 0x5C, 0x66, 0x3B, 0xCE, 0xB3, 0x48, 0x3B, 0x08, 0x43,
  0x22, 0x3B, 0xEE, 0x69, 0x69, 0x3B, 0x04, 0xCE, 0x18, 0x3B,
  0xBB, 0x89, 0x56, 0x3B, 0xD2, 0x97, 0x7C, 0x3B, 0xD4, 0xBB,
  0x57, 0x3B, 0xA4, 0x26, 0x65, 0x3B, 0x52, 0xDC, 0x52, 0x3B,
  0xD7, 0x6B, 0x27, 0x3B, 0x18, 0xD3, 0x8D, 0x3B, 0xEA, 0x4C,
  0x73, 0x3B, 0x88, 0x83, 0x50, 0x3B, 0x71, 0x16, 0x7B, 0x3B,
  0xCE, 0xD9, 0x42, 0x3B, 0xD1, 0xC8, 0x6F, 0x3B, 0x03, 0x3D,
  0x92, 0x3B, 0xDE, 0xC9, 0x51, 0x3B, 0xB1, 0x4D, 0x36, 0x3B,
  0x06, 0x09, 0x75, 0x3B, 0xDE, 0x4F, 0x8E, 0x3B, 0x69, 0xE3,
  0x33, 0x3B, 0x1A, 0x24, 0x91, 0x3B, 0x53, 0x37, 0x47, 0x3B,
  0x71, 0x93, 0x42, 0x3B, 0x54, 0x3C, 0x76, 0x3B, 0x94, 0xB4,
  0x7E, 0x3B, 0x9E, 0x09, 0xE7, 0x3A, 0x6D, 0xA7, 0x8E, 0x3B,
  0x3F, 0xCC, 0x69, 0x3B, 0xFA, 0xE1, 0x7C, 0x3B, 0xC5, 0xBC,
  0x86, 0x3B, 0xBD, 0xAD, 0x82, 0x3B, 0x5B, 0x43, 0x5B, 0x3B,
  0x0E, 0x0C, 0x5D, 0x3B, 0x75, 0x32, 0x77, 0x3B, 0x53, 0xB8,
  0x94, 0x3B, 0xA5, 0x01, 0x58, 0x3B, 0xD1, 0x1B, 0x69, 0x3B,
  0x5F, 0xB3, 0x77, 0x3B, 0xE7, 0xF6, 0x5D, 0x3B, 0x2F, 0xDA,
  0x5A, 0x3B, 0x83, 0x00, 0x00, 0x00, 0x64, 0x61, 0x67, 0x68,
  0x65, 0x72, 0x6F, 0x5F, 0x63, 0x6E, 0x6E, 0x5F, 0x32, 0x6C,
  0x61, 0x79, 0x65, 0x72, 0x5F, 0x63, 0x6F, 0x6E, 0x76, 0x32,
  0x64, 0x2F, 0x71, 0x75, 0x61, 0x6E, 0x74, 0x5F, 0x63, 0x6F,
  0x6E, 0x76, 0x32, 0x2F, 0x43, 0x6F, 0x6E, 0x76, 0x32, 0x44,
  0x3B, 0x64, 0x61, 0x67, 0x68, 0x65, 0x72, 0x6F, 0x5F, 0x63,
  0x6E, 0x6E, 0x5F, 0x32, 0x6C, 0x61, 0x79, 0x65, 0x72, 0x5F,
  0x63, 0x6F, 0x6E, 0x76, 0x32, 0x64, 0x2F, 0x71, 0x75, 0x61,
  0x6E, 0x74, 0x5F, 0x63, 0x6F, 0x6E, 0x76, 0x32, 0x2F, 0x4C,
  0x61, 0x73, 0x74, 0x56, 0x61, 0x6C, 0x75, 0x65, 0x51, 0x75,
  0x61, 0x6E, 0x74, 0x2F, 0x46, 0x61, 0x6B, 0x65, 0x51, 0x75,
  0x61, 0x6E, 0x74, 0x57, 0x69, 0x74, 0x68, 0x4D, 0x69, 0x6E,
  0x4D, 0x61, 0x78, 0x56, 0x61, 0x72, 0x73, 0x50, 0x65, 0x72,
  0x43, 0x68, 0x61, 0x6E, 0x6E, 0x65, 0x6C, 0x00, 0x04, 0x00,
  0x00, 0x00, 0x40, 0x00, 0x00, 0x00, 0x07, 0x00, 0x00, 0x00,
  0x01, 0x00, 0x00, 0x00, 0x20, 0x00, 0x00, 0x00, 0x92, 0xF8,
  0xFF, 0xFF, 0x00, 0x00, 0x00, 0x01, 0x14, 0x00, 0x00, 0x00,
  0x34, 0x00, 0x00, 0x00, 0x08, 0x00, 0x00, 0x00, 0x00, 0x00,
  0x00, 0x09, 0x5C, 0x00, 0x00, 0x00, 0x7C, 0xF8, 0xFF, 0xFF,
  0x08, 0x00, 0x00, 0x00, 0x14, 0x00, 0x00, 0x00, 0x01, 0x00,
  0x00, 0x00, 0xA5, 0xFF, 0xFF, 0xFF, 0xFF, 0xFF, 0xFF, 0xFF,
  0x00, 0x00, 0x00, 0x00, 0x01, 0x00, 0x00, 0x00, 0xE8, 0x46,
  0xE6, 0x3C, 0x2D, 0x00, 0x00, 0x00, 0x64, 0x61, 0x67, 0x68,
  0x65, 0x72, 0x6F, 0x5F, 0x63, 0x6E, 0x6E, 0x5F, 0x32, 0x6C,
  0x61, 0x79, 0x65, 0x72, 0x5F, 0x63, 0x6F, 0x6E, 0x76, 0x32,
  0x64, 0x2F, 0x71, 0x75, 0x61, 0x6E, 0x74, 0x5F, 0x70, 0x6F,
  0x6F, 0x6C, 0x31, 0x2F, 0x4D, 0x61, 0x78, 0x50, 0x6F, 0x6F,
  0x6C, 0x00, 0x00, 0x00, 0x04, 0x00, 0x00, 0x00, 0x01, 0x00,
  0x00, 0x00, 0x32, 0x00, 0x00, 0x00, 0x01, 0x00, 0x00, 0x00,
  0x20, 0x00, 0x00, 0x00, 0x1A, 0xF9, 0xFF, 0xFF, 0x00, 0x00,
  0x00, 0x01, 0x14, 0x00, 0x00, 0x00, 0x34, 0x00, 0x00, 0x00,
  0x07, 0x00, 0x00, 0x00, 0x00, 0x00, 0x00, 0x09, 0xBC, 0x00,
  0x00, 0x00, 0x04, 0xF9, 0xFF, 0xFF, 0x08, 0x00, 0x00, 0x00,
  0x14, 0x00, 0x00, 0x00, 0x01, 0x00, 0x00, 0x00, 0xA5, 0xFF,
  0xFF, 0xFF, 0xFF, 0xFF, 0xFF, 0xFF, 0x00, 0x00, 0x00, 0x00,
  0x01, 0x00, 0x00, 0x00, 0xE8, 0x46, 0xE6, 0x3C, 0x8C, 0x00,
  0x00, 0x00, 0x64, 0x61, 0x67, 0x68, 0x65, 0x72, 0x6F, 0x5F,
  0x63, 0x6E, 0x6E, 0x5F, 0x32, 0x6C, 0x61, 0x79, 0x65, 0x72,
  0x5F, 0x63, 0x6F, 0x6E, 0x76, 0x32, 0x64, 0x2F, 0x71, 0x75,
  0x61, 0x6E, 0x74, 0x5F, 0x72, 0x65, 0x6C, 0x75, 0x31, 0x2F,
  0x52, 0x65, 0x6C, 0x75, 0x3B, 0x64, 0x61, 0x67, 0x68, 0x65,
  0x72, 0x6F, 0x5F, 0x63, 0x6E, 0x6E, 0x5F, 0x32, 0x6C, 0x61,
  0x79, 0x65, 0x72, 0x5F, 0x63, 0x6F, 0x6E, 0x76, 0x32, 0x64,
  0x2F, 0x71, 0x75, 0x61, 0x6E, 0x74, 0x5F, 0x62, 0x6E, 0x31,
  0x2F, 0x46, 0x75, 0x73, 0x65, 0x64, 0x42, 0x61, 0x74, 0x63,
  0x68, 0x4E, 0x6F, 0x72, 0x6D, 0x56, 0x33, 0x3B, 0x64, 0x61,
  0x67, 0x68, 0x65, 0x72, 0x6F, 0x5F, 0x63, 0x6E, 0x6E, 0x5F,
  0x32, 0x6C, 0x61, 0x79, 0x65, 0x72, 0x5F, 0x63, 0x6F, 0x6E,
  0x76, 0x32, 0x64, 0x2F, 0x71, 0x75, 0x61, 0x6E, 0x74, 0x5F,
  0x63, 0x6F, 0x6E, 0x76, 0x31, 0x2F, 0x43, 0x6F, 0x6E, 0x76,
  0x32, 0x44, 0x00, 0x00, 0x00, 0x00, 0x04, 0x00, 0x00, 0x00,
  0x01, 0x00, 0x00, 0x00, 0x64, 0x00, 0x00, 0x00, 0x01, 0x00,
  0x00, 0x00, 0x20, 0x00, 0x00, 0x00, 0x02, 0xFA, 0xFF, 0xFF,
  0x00, 0x00, 0x00, 0x01, 0x14, 0x00, 0x00, 0x00, 0xA8, 0x01,
  0x00, 0x00, 0x06, 0x00, 0x00, 0x00, 0x00, 0x00, 0x00, 0x02,
  0xD8, 0x01, 0x00, 0x00, 0xEC, 0xF9, 0xFF, 0xFF, 0x08, 0x00,
  0x00, 0x00, 0x0C, 0x01, 0x00, 0x00, 0x20, 0x00, 0x00, 0x00,
  0x00, 0x00, 0x00, 0x00, 0x00, 0x00, 0x00, 0x00, 0x00, 0x00,
  0x00, 0x00, 0x00, 0x00, 0x00, 0x00, 0x00, 0x00, 0x00, 0x00,
  0x00, 0x00, 0x00, 0x00, 0x00, 0x00, 0x00, 0x00, 0x00, 0x00,
  0x00, 0x00, 0x00, 0x00, 0x00, 0x00, 0x00, 0x00, 0x00, 0x00,
  0x00, 0x00, 0x00, 0x00, 0x00, 0x00, 0x00, 0x00, 0x00, 0x00,
  0x00, 0x00, 0x00, 0x00, 0x00, 0x00, 0x00, 0x00, 0x00, 0x00,
  0x00, 0x00, 0x00, 0x00, 0x00, 0x00, 0x00, 0x00, 0x00, 0x00,
  0x00, 0x00, 0x00, 0x00, 0x00, 0x00, 0x00, 0x00, 0x00, 0x00,
  0x00, 0x00, 0x00, 0x00, 0x00, 0x00, 0x00, 0x00, 0x00, 0x00,
  0x00, 0x00, 0x00, 0x00, 0x00, 0x00, 0x00, 0x00, 0x00, 0x00,
  0x00, 0x00, 0x00, 0x00, 0x00, 0x00, 0x00, 0x00, 0x00, 0x00,
  0x00, 0x00, 0x00, 0x00, 0x00, 0x00, 0x00, 0x00, 0x00, 0x00,
  0x00, 0x00, 0x00, 0x00, 0x00, 0x00, 0x00, 0x00, 0x00, 0x00,
  0x00, 0x00, 0x00, 0x00, 0x00, 0x00, 0x00, 0x00, 0x00, 0x00,
  0x00, 0x00, 0x00, 0x00, 0x00, 0x00, 0x00, 0x00, 0x00, 0x00,
  0x00, 0x00, 0x00, 0x00, 0x00, 0x00, 0x00, 0x00, 0x00, 0x00,
  0x00, 0x00, 0x00, 0x00, 0x00, 0x00, 0x00, 0x00, 0x00, 0x00,
  0x00, 0x00, 0x00, 0x00, 0x00, 0x00, 0x00, 0x00, 0x00, 0x00,
  0x00, 0x00, 0x00, 0x00, 0x00, 0x00, 0x00, 0x00, 0x00, 0x00,
  0x00, 0x00, 0x00, 0x00, 0x00, 0x00, 0x00, 0x00, 0x00, 0x00,
  0x00, 0x00, 0x00, 0x00, 0x00, 0x00, 0x00, 0x00, 0x00, 0x00,
  0x00, 0x00, 0x00, 0x00, 0x00, 0x00, 0x00, 0x00, 0x00, 0x00,
  0x00, 0x00, 0x00, 0x00, 0x00, 0x00, 0x00, 0x00, 0x00, 0x00,
  0x00, 0x00, 0x00, 0x00, 0x00, 0x00, 0x00, 0x00, 0x00, 0x00,
  0x00, 0x00, 0x00, 0x00, 0x00, 0x00, 0x00, 0x00, 0x00, 0x00,
  0x00, 0x00, 0x00, 0x00, 0x00, 0x00, 0x00, 0x00, 0x00, 0x00,
  0x20, 0x00, 0x00, 0x00, 0xDB, 0x10, 0x1D, 0x39, 0x12, 0x7F,
  0x32, 0x39, 0xA4, 0x74, 0x19, 0x39, 0xCC, 0x9D, 0x12, 0x39,
  0x84, 0xB9, 0xE2, 0x38, 0xC1, 0xFD, 0x4B, 0x39, 0x14, 0x7F,
  0x07, 0x39, 0x1A, 0x2C, 0x2E, 0x39, 0x01, 0x57, 0x91, 0x39,
  0xC5, 0xAE, 0xD3, 0x38, 0x12, 0x96, 0xC2, 0x38, 0x7A, 0x10,
  0xE4, 0x38, 0x81, 0x63, 0x00, 0x39, 0x4B, 0x73, 0x2F, 0x39,
  0x1F, 0x7F, 0x15, 0x39, 0xE2, 0x3C, 0x6D, 0x39, 0x0E, 0xCA,
  0x12, 0x39, 0x62, 0x4B, 0x72, 0x39, 0x18, 0xAE, 0x36, 0x39,
  0x96, 0x20, 0x39, 0x39, 0x72, 0x45, 0x7B, 0x39, 0x08, 0x5E,
  0x2D, 0x39, 0x58, 0xC1, 0x5E, 0x39, 0x4D, 0xF3, 0x14, 0x39,
  0xA3, 0xCB, 0x0B, 0x39, 0xB3, 0x05, 0xF5, 0x38, 0xB7, 0xFE,
  0x69, 0x39, 0x44, 0xEF, 0x1F, 0x39, 0x06, 0x8F, 0x0A, 0x39,
  0xFA, 0xF2, 0x22, 0x39, 0x54, 0xAC, 0x26, 0x39, 0xF4, 0x2B,
  0x3D, 0x39, 0x34, 0x00, 0x00, 0x00, 0x64, 0x61, 0x67, 0x68,
  0x65, 0x72, 0x6F, 0x5F, 0x63, 0x6E, 0x6E, 0x5F, 0x32, 0x6C,
  0x61, 0x79, 0x65, 0x72, 0x5F, 0x63, 0x6F, 0x6E, 0x76, 0x32,
  0x64, 0x2F, 0x71, 0x75, 0x61, 0x6E, 0x74, 0x5F, 0x62, 0x6E,
  0x31, 0x2F, 0x46, 0x75, 0x73, 0x65, 0x64, 0x42, 0x61, 0x74,
  0x63, 0x68, 0x4E, 0x6F, 0x72, 0x6D, 0x56, 0x33, 0x00, 0x00,
  0x00, 0x00, 0x01, 0x00, 0x00, 0x00, 0x20, 0x00, 0x00, 0x00,
  0xFA, 0xFB, 0xFF, 0xFF, 0x00, 0x00, 0x00, 0x01, 0x14, 0x00,
  0x00, 0x00, 0xA8, 0x01, 0x00, 0x00, 0x05, 0x00, 0x00, 0x00,
  0x00, 0x00, 0x00, 0x09, 0x24, 0x02, 0x00, 0x00, 0xE4, 0xFB,
  0xFF, 0xFF, 0x08, 0x00, 0x00, 0x00, 0x0C, 0x01, 0x00, 0x00,
  0x20, 0x00, 0x00, 0x00, 0x00, 0x00, 0x00, 0x00, 0x00, 0x00,
  0x00, 0x00, 0x00, 0x00, 0x00, 0x00, 0x00, 0x00, 0x00, 0x00,
  0x00, 0x00, 0x00, 0x00, 0x00, 0x00, 0x00, 0x00, 0x00, 0x00,
  0x00, 0x00, 0x00, 0x00, 0x00, 0x00, 0x00, 0x00, 0x00, 0x00,
  0x00, 0x00, 0x00, 0x00, 0x00, 0x00, 0x00, 0x00, 0x00, 0x00,
  0x00, 0x00, 0x00, 0x00, 0x00, 0x00, 0x00, 0x00, 0x00, 0x00,
  0x00, 0x00, 0x00, 0x00, 0x00, 0x00, 0x00, 0x00, 0x00, 0x00,
  0x00, 0x00, 0x00, 0x00, 0x00, 0x00, 0x00, 0x00, 0x00, 0x00,
  0x00, 0x00, 0x00, 0x00, 0x00, 0x00, 0x00, 0x00, 0x00, 0x00,
  0x00, 0x00, 0x00, 0x00, 0x00, 0x00, 0x00, 0x00, 0x00, 0x00,
  0x00, 0x00, 0x00, 0x00, 0x00, 0x00, 0x00, 0x00, 0x00, 0x00,
  0x00, 0x00, 0x00, 0x00, 0x00, 0x00, 0x00, 0x00, 0x00, 0x00,
  0x00, 0x00, 0x00, 0x00, 0x00, 0x00, 0x00, 0x00, 0x00, 0x00,
  0x00, 0x00, 0x00, 0x00, 0x00, 0x00, 0x00, 0x00, 0x00, 0x00,
  0x00, 0x00, 0x00, 0x00, 0x00, 0x00, 0x00, 0x00, 0x00, 0x00,
  0x00, 0x00, 0x00, 0x00, 0x00, 0x00, 0x00, 0x00, 0x00, 0x00,
  0x00, 0x00, 0x00, 0x00, 0x00, 0x00, 0x00, 0x00, 0x00, 0x00,
  0x00, 0x00, 0x00, 0x00, 0x00, 0x00, 0x00, 0x00, 0x00, 0x00,
  0x00, 0x00, 0x00, 0x00, 0x00, 0x00, 0x00, 0x00, 0x00, 0x00,
  0x00, 0x00, 0x00, 0x00, 0x00, 0x00, 0x00, 0x00, 0x00, 0x00,
  0x00, 0x00, 0x00, 0x00, 0x00, 0x00, 0x00, 0x00, 0x00, 0x00,
  0x00, 0x00, 0x00, 0x00, 0x00, 0x00, 0x00, 0x00, 0x00, 0x00,
  0x00, 0x00, 0x00, 0x00, 0x00, 0x00, 0x00, 0x00, 0x00, 0x00,
  0x00, 0x00, 0x00, 0x00, 0x00, 0x00, 0x00, 0x00, 0x00, 0x00,
  0x00, 0x00, 0x00, 0x00, 0x00, 0x00, 0x00, 0x00, 0x00, 0x00,
  0x00, 0x00, 0x00, 0x00, 0x00, 0x00, 0x00, 0x00, 0x00, 0x00,
  0x00, 0x00, 0x00, 0x00, 0x20, 0x00, 0x00, 0x00, 0x67, 0x0C,
  0x6D, 0x3B, 0x2E, 0xB2, 0x86, 0x3B, 0x8D, 0x99, 0x67, 0x3B,
  0x1F, 0x47, 0x5D, 0x3B, 0xFD, 0x16, 0x2B, 0x3B, 0x50, 0xEF,
  0x99, 0x3B, 0xC5, 0x7E, 0x4C, 0x3B, 0xD8, 0x6E, 0x83, 0x3B,
  0xEB, 0x59, 0xDB, 0x3B, 0x29, 0xBD, 0x1F, 0x3B, 0x70, 0xD6,
  0x12, 0x3B, 0xCC, 0x19, 0x2C, 0x3B, 0x9D, 0xC4, 0x41, 0x3B,
  0xBF, 0x65, 0x84, 0x3B, 0xEB, 0x9F, 0x61, 0x3B, 0xF0, 0x05,
  0xB3, 0x3B, 0xEC, 0x89, 0x5D, 0x3B, 0xC9, 0xD6, 0xB6, 0x3B,
  0x64, 0xDA, 0x89, 0x3B, 0x27, 0xB3, 0x8B, 0x3B, 0xF0, 0x9C,
  0xBD, 0x3B, 0x58, 0xD3, 0x82, 0x3B, 0x2C, 0x18, 0xA8, 0x3B,
  0xE4, 0xCC, 0x60, 0x3B, 0xC4, 0xFB, 0x52, 0x3B, 0xBF, 0xE5,
  0x38, 0x3B, 0x7B, 0x93, 0xB0, 0x3B, 0xCB, 0x60, 0x71, 0x3B,
  0xED, 0x1D, 0x51, 0x3B, 0x7C, 0xED, 0x75, 0x3B, 0x50, 0x8C,
  0x7B, 0x3B, 0x74, 0xC0, 0x8E, 0x3B, 0x83, 0x00, 0x00, 0x00,
  0x64, 0x61, 0x67, 0x68, 0x65, 0x72, 0x6F, 0x5F, 0x63, 0x6E,
  0x6E, 0x5F, 0x32, 0x6C, 0x61, 0x79, 0x65, 0x72, 0x5F, 0x63,
  0x6F, 0x6E, 0x76, 0x32, 0x64, 0x2F, 0x71, 0x75, 0x61, 0x6E,
  0x74, 0x5F, 0x63, 0x6F, 0x6E, 0x76, 0x31, 0x2F, 0x43, 0x6F,
  0x6E, 0x76, 0x32, 0x44, 0x3B, 0x64, 0x61, 0x67, 0x68, 0x65,
  0x72, 0x6F, 0x5F, 0x63, 0x6E, 0x6E, 0x5F, 0x32, 0x6C, 0x61,
  0x79, 0x65, 0x72, 0x5F, 0x63, 0x6F, 0x6E, 0x76, 0x32, 0x64,
  0x2F, 0x71, 0x75, 0x61, 0x6E, 0x74, 0x5F, 0x63, 0x6F, 0x6E,
  0x76, 0x31, 0x2F, 0x4C, 0x61, 0x73, 0x74, 0x56, 0x61, 0x6C,
  0x75, 0x65, 0x51, 0x75, 0x61, 0x6E, 0x74, 0x2F, 0x46, 0x61,
  0x6B, 0x65, 0x51, 0x75, 0x61, 0x6E, 0x74, 0x57, 0x69, 0x74,
  0x68, 0x4D, 0x69, 0x6E, 0x4D, 0x61, 0x78, 0x56, 0x61, 0x72,
  0x73, 0x50, 0x65, 0x72, 0x43, 0x68, 0x61, 0x6E, 0x6E, 0x65,
  0x6C, 0x00, 0x04, 0x00, 0x00, 0x00, 0x20, 0x00, 0x00, 0x00,
  0x07, 0x00, 0x00, 0x00, 0x01, 0x00, 0x00, 0x00, 0x03, 0x00,
  0x00, 0x00, 0x4A, 0xFE, 0xFF, 0xFF, 0x00, 0x00, 0x00, 0x01,
  0x14, 0x00, 0x00, 0x00, 0x34, 0x00, 0x00, 0x00, 0x04, 0x00,
  0x00, 0x00, 0x00, 0x00, 0x00, 0x09, 0xB4, 0x00, 0x00, 0x00,
  0x34, 0xFE, 0xFF, 0xFF, 0x08, 0x00, 0x00, 0x00, 0x14, 0x00,
  0x00, 0x00, 0x01, 0x00, 0x00, 0x00, 0x00, 0x00, 0x00, 0x00,
  0x00, 0x00, 0x00, 0x00, 0x00, 0x00, 0x00, 0x00, 0x01, 0x00,
  0x00, 0x00, 0x79, 0x9F, 0x29, 0x3D, 0x85, 0x00, 0x00, 0x00,
  0x64, 0x61, 0x67, 0x68, 0x65, 0x72, 0x6F, 0x5F, 0x63, 0x6E,
  0x6E, 0x5F, 0x32, 0x6C, 0x61, 0x79, 0x65, 0x72, 0x5F, 0x63,
  0x6F, 0x6E, 0x76, 0x32, 0x64, 0x2F, 0x71, 0x75, 0x61, 0x6E,
  0x74, 0x5F, 0x72, 0x65, 0x73, 0x68, 0x61, 0x70, 0x65, 0x5F,
  0x69, 0x6E, 0x2F, 0x52, 0x65, 0x73, 0x68, 0x61, 0x70, 0x65,
  0x3B, 0x64, 0x61, 0x67, 0x68, 0x65, 0x72, 0x6F, 0x5F, 0x63,
  0x6E, 0x6E, 0x5F, 0x32, 0x6C, 0x61, 0x79, 0x65, 0x72, 0x5F,
  0x63, 0x6F, 0x6E, 0x76, 0x32, 0x64, 0x2F, 0x71, 0x75, 0x61,
  0x6E, 0x74, 0x69, 0x7A, 0x65, 0x5F, 0x6C, 0x61, 0x79, 0x65,
  0x72, 0x2F, 0x41, 0x6C, 0x6C, 0x56, 0x61, 0x6C, 0x75, 0x65,
  0x73, 0x51, 0x75, 0x61, 0x6E, 0x74, 0x69, 0x7A, 0x65, 0x2F,
  0x46, 0x61, 0x6B, 0x65, 0x51, 0x75, 0x61, 0x6E, 0x74, 0x57,
  0x69, 0x74, 0x68, 0x4D, 0x69, 0x6E, 0x4D, 0x61, 0x78, 0x56,
  0x61, 0x72, 0x73, 0x00, 0x00, 0x00, 0x04, 0x00, 0x00, 0x00,
  0x01, 0x00, 0x00, 0x00, 0x64, 0x00, 0x00, 0x00, 0x01, 0x00,
  0x00, 0x00, 0x03, 0x00, 0x00, 0x00, 0x2A, 0xFF, 0xFF, 0xFF,
  0x00, 0x00, 0x00, 0x01, 0x14, 0x00, 0x00, 0x00, 0x14, 0x00,
  0x00, 0x00, 0x03, 0x00, 0x00, 0x00, 0x00, 0x00, 0x00, 0x02,
  0x48, 0x00, 0x00, 0x00, 0x98, 0xFF, 0xFF, 0xFF, 0x38, 0x00,
  0x00, 0x00, 0x64, 0x61, 0x67, 0x68, 0x65, 0x72, 0x6F, 0x5F,
  0x63, 0x6E, 0x6E, 0x5F, 0x32, 0x6C, 0x61, 0x79, 0x65, 0x72,
  0x5F, 0x63, 0x6F, 0x6E, 0x76, 0x32, 0x64, 0x2F, 0x71, 0x75,
  0x61, 0x6E, 0x74, 0x5F, 0x72, 0x65, 0x73, 0x68, 0x61, 0x70,
  0x65, 0x5F, 0x69, 0x6E, 0x2F, 0x52, 0x65, 0x73, 0x68, 0x61,
  0x70, 0x65, 0x2F, 0x73, 0x68, 0x61, 0x70, 0x65, 0x00, 0x00,
  0x00, 0x00, 0x01, 0x00, 0x00, 0x00, 0x04, 0x00, 0x00, 0x00,
  0x92, 0xFF, 0xFF, 0xFF, 0x00, 0x00, 0x00, 0x01, 0x18, 0x00,
  0x00, 0x00, 0x18, 0x00, 0x00, 0x00, 0x02, 0x00, 0x00, 0x00,
  0x00, 0x00, 0x00, 0x02, 0x4C, 0x00, 0x00, 0x00, 0x04, 0x00,
  0x04, 0x00, 0x04, 0x00, 0x00, 0x00, 0x3A, 0x00, 0x00, 0x00,
  0x64, 0x61, 0x67, 0x68, 0x65, 0x72, 0x6F, 0x5F, 0x63, 0x6E,
  0x6E, 0x5F, 0x32, 0x6C, 0x61, 0x79, 0x65, 0x72, 0x5F, 0x63,
  0x6F, 0x6E, 0x76, 0x32, 0x64, 0x2F, 0x71, 0x75, 0x61, 0x6E,
  0x74, 0x5F, 0x67, 0x61, 0x70, 0x2F, 0x4D, 0x65, 0x61, 0x6E,
  0x2F, 0x72, 0x65, 0x64, 0x75, 0x63, 0x74, 0x69, 0x6F, 0x6E,
  0x5F, 0x69, 0x6E, 0x64, 0x69, 0x63, 0x65, 0x73, 0x00, 0x00,
  0x01, 0x00, 0x00, 0x00, 0x02, 0x00, 0x00, 0x00, 0x00, 0x00,
  0x16, 0x00, 0x1C, 0x00, 0x18, 0x00, 0x17, 0x00, 0x10, 0x00,
  0x0C, 0x00, 0x08, 0x00, 0x00, 0x00, 0x00, 0x00, 0x00, 0x00,
  0x07, 0x00, 0x16, 0x00, 0x00, 0x00, 0x00, 0x00, 0x00, 0x01,
  0x20, 0x00, 0x00, 0x00, 0x40, 0x00, 0x00, 0x00, 0x01, 0x00,
  0x00, 0x00, 0x00, 0x00, 0x00, 0x09, 0x50, 0x00, 0x00, 0x00,
  0x0C, 0x00, 0x0C, 0x00, 0x00, 0x00, 0x00, 0x00, 0x08, 0x00,
  0x04, 0x00, 0x0C, 0x00, 0x00, 0x00, 0x08, 0x00, 0x00, 0x00,
  0x14, 0x00, 0x00, 0x00, 0x01, 0x00, 0x00, 0x00, 0x00, 0x00,
  0x00, 0x00, 0x00, 0x00, 0x00, 0x00, 0x00, 0x00, 0x00, 0x00,
  0x01, 0x00, 0x00, 0x00, 0x79, 0x9F, 0x29, 0x3D, 0x17, 0x00,
  0x00, 0x00, 0x73, 0x65, 0x72, 0x76, 0x69, 0x6E, 0x67, 0x5F,
  0x64, 0x65, 0x66, 0x61, 0x75, 0x6C, 0x74, 0x5F, 0x69, 0x6E,
  0x70, 0x75, 0x74, 0x3A, 0x30, 0x00, 0x03, 0x00, 0x00, 0x00,
  0x01, 0x00, 0x00, 0x00, 0x64, 0x00, 0x00, 0x00, 0x03, 0x00,
  0x00, 0x00, 0x06, 0x00, 0x00, 0x00, 0x80, 0x00, 0x00, 0x00,
  0x60, 0x00, 0x00, 0x00, 0x40, 0x00, 0x00, 0x00, 0x2C, 0x00,
  0x00, 0x00, 0x18, 0x00, 0x00, 0x00, 0x04, 0x00, 0x00, 0x00,
  0xC0, 0xFF, 0xFF, 0xFF, 0x19, 0x00, 0x00, 0x00, 0x02, 0x00,
  0x00, 0x00, 0x00, 0x00, 0x00, 0x19, 0xD0, 0xFF, 0xFF, 0xFF,
  0x09, 0x00, 0x00, 0x00, 0x04, 0x00, 0x00, 0x00, 0x00, 0x00,
  0x00, 0x09, 0xE0, 0xFF, 0xFF, 0xFF, 0x28, 0x00, 0x00, 0x00,
  0x02, 0x00, 0x00, 0x00, 0x00, 0x00, 0x00, 0x28, 0xF0, 0xFF,
  0xFF, 0xFF, 0x11, 0x00, 0x00, 0x00, 0x02, 0x00, 0x00, 0x00,
  0x00, 0x00, 0x00, 0x11, 0x0C, 0x00, 0x10, 0x00, 0x0F, 0x00,
  0x00, 0x00, 0x08, 0x00, 0x04, 0x00, 0x0C, 0x00, 0x00, 0x00,
  0x03, 0x00, 0x00, 0x00, 0x03, 0x00, 0x00, 0x00, 0x00, 0x00,
  0x00, 0x03, 0x0C, 0x00, 0x0C, 0x00, 0x0B, 0x00, 0x00, 0x00,
  0x00, 0x00, 0x04, 0x00, 0x0C, 0x00, 0x00, 0x00, 0x16, 0x00,
  0x00, 0x00, 0x00, 0x00, 0x00, 0x16
};
unsigned int daghero_accel_rotation_v2_bounded20_p025_t100_qat_len = 27376;
