/* Converted from E09_wisdm_pretrain_arduino_finetune/accel_rotation/daghero_cnn_2layer_conv2d/e09/daghero_cnn_2layer_conv2d_T100_Prandom_stratified_E09_daghero_cnn_2layer_conv2d_r0_ptq_int8.tflite */
alignas(16) const unsigned char daghero_accel_rotation_t100_ptq[] = {
  0x1C, 0x00, 0x00, 0x00, 0x54, 0x46, 0x4C, 0x33, 0x14, 0x00,
  0x20, 0x00, 0x1C, 0x00, 0x18, 0x00, 0x14, 0x00, 0x10, 0x00,
  0x0C, 0x00, 0x00, 0x00, 0x08, 0x00, 0x04, 0x00, 0x14, 0x00,
  0x00, 0x00, 0x1C, 0x00, 0x00, 0x00, 0x90, 0x00, 0x00, 0x00,
  0xE8, 0x00, 0x00, 0x00, 0x38, 0x51, 0x00, 0x00, 0x48, 0x51,
  0x00, 0x00, 0xC4, 0x67, 0x00, 0x00, 0x03, 0x00, 0x00, 0x00,
  0x01, 0x00, 0x00, 0x00, 0x10, 0x00, 0x00, 0x00, 0x00, 0x00,
  0x0A, 0x00, 0x10, 0x00, 0x0C, 0x00, 0x08, 0x00, 0x04, 0x00,
  0x0A, 0x00, 0x00, 0x00, 0x0C, 0x00, 0x00, 0x00, 0x1C, 0x00,
  0x00, 0x00, 0x3C, 0x00, 0x00, 0x00, 0x0F, 0x00, 0x00, 0x00,
  0x73, 0x65, 0x72, 0x76, 0x69, 0x6E, 0x67, 0x5F, 0x64, 0x65,
  0x66, 0x61, 0x75, 0x6C, 0x74, 0x00, 0x01, 0x00, 0x00, 0x00,
  0x04, 0x00, 0x00, 0x00, 0x98, 0xFF, 0xFF, 0xFF, 0x13, 0x00,
  0x00, 0x00, 0x04, 0x00, 0x00, 0x00, 0x0A, 0x00, 0x00, 0x00,
  0x63, 0x6C, 0x61, 0x73, 0x73, 0x69, 0x66, 0x69, 0x65, 0x72,
  0x00, 0x00, 0x01, 0x00, 0x00, 0x00, 0x04, 0x00, 0x00, 0x00,
  0xAA, 0xAE, 0xFF, 0xFF, 0x04, 0x00, 0x00, 0x00, 0x05, 0x00,
  0x00, 0x00, 0x69, 0x6E, 0x70, 0x75, 0x74, 0x00, 0x00, 0x00,
  0x02, 0x00, 0x00, 0x00, 0x34, 0x00, 0x00, 0x00, 0x04, 0x00,
  0x00, 0x00, 0xDC, 0xFF, 0xFF, 0xFF, 0x16, 0x00, 0x00, 0x00,
  0x04, 0x00, 0x00, 0x00, 0x13, 0x00, 0x00, 0x00, 0x43, 0x4F,
  0x4E, 0x56, 0x45, 0x52, 0x53, 0x49, 0x4F, 0x4E, 0x5F, 0x4D,
  0x45, 0x54, 0x41, 0x44, 0x41, 0x54, 0x41, 0x00, 0x08, 0x00,
  0x0C, 0x00, 0x08, 0x00, 0x04, 0x00, 0x08, 0x00, 0x00, 0x00,
  0x15, 0x00, 0x00, 0x00, 0x04, 0x00, 0x00, 0x00, 0x13, 0x00,
  0x00, 0x00, 0x6D, 0x69, 0x6E, 0x5F, 0x72, 0x75, 0x6E, 0x74,
  0x69, 0x6D, 0x65, 0x5F, 0x76, 0x65, 0x72, 0x73, 0x69, 0x6F,
  0x6E, 0x00, 0x17, 0x00, 0x00, 0x00, 0x4C, 0x50, 0x00, 0x00,
  0x44, 0x50, 0x00, 0x00, 0x24, 0x50, 0x00, 0x00, 0x0C, 0x50,
  0x00, 0x00, 0xE4, 0x4F, 0x00, 0x00, 0x54, 0x4E, 0x00, 0x00,
  0x44, 0x4D, 0x00, 0x00, 0x34, 0x3D, 0x00, 0x00, 0x24, 0x3C,
  0x00, 0x00, 0x14, 0x04, 0x00, 0x00, 0x84, 0x03, 0x00, 0x00,
  0xD4, 0x00, 0x00, 0x00, 0xCC, 0x00, 0x00, 0x00, 0xC4, 0x00,
  0x00, 0x00, 0xBC, 0x00, 0x00, 0x00, 0xB4, 0x00, 0x00, 0x00,
  0xAC, 0x00, 0x00, 0x00, 0xA4, 0x00, 0x00, 0x00, 0x9C, 0x00,
  0x00, 0x00, 0x94, 0x00, 0x00, 0x00, 0x8C, 0x00, 0x00, 0x00,
  0x6C, 0x00, 0x00, 0x00, 0x04, 0x00, 0x00, 0x00, 0x7A, 0xAF,
  0xFF, 0xFF, 0x04, 0x00, 0x00, 0x00, 0x58, 0x00, 0x00, 0x00,
  0x0C, 0x00, 0x00, 0x00, 0x08, 0x00, 0x0E, 0x00, 0x08, 0x00,
  0x04, 0x00, 0x08, 0x00, 0x00, 0x00, 0x10, 0x00, 0x00, 0x00,
  0x28, 0x00, 0x00, 0x00, 0x00, 0x00, 0x06, 0x00, 0x08, 0x00,
  0x04, 0x00, 0x06, 0x00, 0x00, 0x00, 0x04, 0x00, 0x00, 0x00,
  0x01, 0x00, 0x00, 0x00, 0xEB, 0x03, 0x00, 0x00, 0x00, 0x00,
  0x0A, 0x00, 0x10, 0x00, 0x0C, 0x00, 0x08, 0x00, 0x04, 0x00,
  0x0A, 0x00, 0x00, 0x00, 0x02, 0x00, 0x00, 0x00, 0x02, 0x00,
  0x00, 0x00, 0x04, 0x00, 0x00, 0x00, 0x06, 0x00, 0x00, 0x00,
  0x32, 0x2E, 0x31, 0x34, 0x2E, 0x31, 0x00, 0x00, 0xDE, 0xAF,
  0xFF, 0xFF, 0x04, 0x00, 0x00, 0x00, 0x10, 0x00, 0x00, 0x00,
  0x31, 0x2E, 0x31, 0x34, 0x2E, 0x30, 0x00, 0x00, 0x00, 0x00,
  0x00, 0x00, 0x00, 0x00, 0x00, 0x00, 0xD0, 0x9A, 0xFF, 0xFF,
  0xD4, 0x9A, 0xFF, 0xFF, 0xD8, 0x9A, 0xFF, 0xFF, 0xDC, 0x9A,
  0xFF, 0xFF, 0xE0, 0x9A, 0xFF, 0xFF, 0xE4, 0x9A, 0xFF, 0xFF,
  0xE8, 0x9A, 0xFF, 0xFF, 0xEC, 0x9A, 0xFF, 0xFF, 0xF0, 0x9A,
  0xFF, 0xFF, 0x1E, 0xB0, 0xFF, 0xFF, 0x04, 0x00, 0x00, 0x00,
  0xA0, 0x02, 0x00, 0x00, 0x64, 0xE7, 0x17, 0x61, 0xF3, 0x6E,
  0x4C, 0xDD, 0x4C, 0x45, 0xF9, 0x77, 0x04, 0x25, 0x56, 0x81,
  0x61, 0xDA, 0x9C, 0x19, 0x18, 0xD5, 0x14, 0x0F, 0x0B, 0xF4,
  0x1C, 0x0A, 0xC6, 0x0A, 0x24, 0x55, 0xBA, 0xE2, 0xC8, 0xFA,
  0x61, 0x7F, 0xBA, 0x89, 0x82, 0x40, 0x02, 0x02, 0xC9, 0x31,
  0x18, 0xC6, 0x7F, 0xFF, 0xF4, 0x47, 0xF7, 0x31, 0xFC, 0x12,
  0x23, 0xDA, 0xF2, 0x10, 0xD2, 0xE6, 0xF1, 0x25, 0xEF, 0x05,
  0xF1, 0xF7, 0x09, 0x07, 0x0C, 0x07, 0xE6, 0x05, 0x02, 0xCA,
  0xF4, 0x04, 0xCD, 0x15, 0x10, 0x81, 0xF5, 0x12, 0xE5, 0x2D,
  0x11, 0x03, 0x10, 0x1A, 0xD1, 0x06, 0xDE, 0x17, 0xF7, 0xC9,
  0x22, 0x2E, 0x20, 0xFE, 0xF3, 0x5F, 0xFB, 0xDF, 0x7F, 0x41,
  0xB0, 0xCE, 0x59, 0xE7, 0xCC, 0xF5, 0x01, 0xE9, 0xB7, 0x08,
  0x22, 0xEB, 0x1F, 0x1F, 0xEB, 0xF3, 0x20, 0x81, 0x3D, 0x47,
  0x48, 0x30, 0x28, 0x65, 0xEF, 0x2B, 0x48, 0x9C, 0x15, 0xC3,
  0x81, 0xDC, 0x8E, 0xF3, 0xF3, 0xCB, 0x45, 0xE9, 0x2E, 0x51,
  0xFC, 0xD0, 0x3F, 0x7F, 0xB4, 0xFB, 0x15, 0x05, 0x04, 0xDB,
  0xF1, 0x54, 0xE1, 0xF5, 0x42, 0xD7, 0x45, 0x0F, 0xD6, 0x33,
  0xF1, 0xFF, 0x19, 0x0F, 0x3D, 0xB6, 0xB4, 0xFA, 0xD3, 0x25,
  0x9A, 0x5C, 0x73, 0xF4, 0x2C, 0x81, 0x35, 0xCE, 0xD8, 0x01,
  0x00, 0x57, 0x02, 0x1B, 0x4F, 0xF0, 0x09, 0x44, 0xF0, 0x01,
  0x5F, 0x02, 0x01, 0x4C, 0x1B, 0x17, 0x40, 0xBE, 0x38, 0x35,
  0xAC, 0xCC, 0x7F, 0xDC, 0xCA, 0x1F, 0x2C, 0xB1, 0x18, 0x08,
  0xCA, 0x14, 0x09, 0xAC, 0x1E, 0x10, 0xB7, 0x2F, 0x33, 0xF3,
  0x23, 0xBB, 0x81, 0xC8, 0xBC, 0xE4, 0xA7, 0xF6, 0xD6, 0x98,
  0xD1, 0x2A, 0x81, 0xFC, 0x69, 0xB5, 0x13, 0x19, 0xF4, 0x46,
  0xCA, 0x31, 0x51, 0x9C, 0x3C, 0xF0, 0x7F, 0x20, 0x1F, 0x37,
  0xAD, 0xE1, 0x13, 0xD3, 0x1E, 0x1C, 0xD0, 0x07, 0x19, 0xF6,
  0x26, 0x62, 0x13, 0x4A, 0x44, 0x27, 0x19, 0x11, 0xFD, 0x03,
  0xFB, 0x04, 0xFD, 0xF5, 0x0D, 0xFD, 0xEF, 0x00, 0x44, 0xD9,
  0xAA, 0x81, 0x77, 0x76, 0x53, 0xBB, 0xD4, 0xEF, 0xA6, 0x56,
  0xA6, 0xB2, 0x25, 0xAB, 0xB4, 0xEE, 0xB2, 0xF9, 0xD7, 0xB4,
  0x16, 0x96, 0xE9, 0xFE, 0xB5, 0x75, 0x77, 0x1B, 0x7F, 0x40,
  0xCF, 0x03, 0x4B, 0x32, 0x2A, 0x00, 0x1C, 0x16, 0x01, 0x57,
  0x28, 0xAF, 0xCD, 0xCB, 0xA8, 0x2C, 0xD8, 0xA6, 0x81, 0xAD,
  0xF8, 0xE0, 0x15, 0xFC, 0x11, 0xF5, 0xEA, 0x08, 0xA7, 0xFD,
  0xFB, 0x88, 0xD3, 0x03, 0x81, 0x13, 0x08, 0xD2, 0xE0, 0x16,
  0xF4, 0xF2, 0x4B, 0x7E, 0x24, 0x18, 0x33, 0x26, 0xF3, 0x2F,
  0xDB, 0xEA, 0x02, 0x03, 0x0A, 0xF0, 0xF2, 0xD5, 0xC9, 0xFD,
  0xDC, 0x81, 0xEC, 0x1F, 0x37, 0xF0, 0xF6, 0x32, 0x11, 0xBC,
  0x23, 0x2D, 0xB2, 0x27, 0x0B, 0xD7, 0x0F, 0x09, 0x37, 0xDE,
  0xCF, 0x7F, 0xCA, 0x8C, 0xF8, 0x91, 0xB1, 0x79, 0x81, 0xD1,
  0x61, 0x08, 0x36, 0x57, 0x3A, 0xFC, 0xA2, 0x5F, 0x2D, 0xE3,
  0x31, 0x2F, 0xA6, 0xFE, 0x81, 0x85, 0xED, 0x4F, 0xD3, 0xFC,
  0xC3, 0x14, 0xEB, 0x31, 0x05, 0xFE, 0x0B, 0x06, 0x1C, 0xB3,
  0xC2, 0x33, 0x5A, 0x8E, 0x1A, 0x45, 0xD5, 0xD0, 0x8A, 0x14,
  0x7F, 0x38, 0x55, 0xE5, 0xEE, 0xC4, 0xF8, 0xEA, 0x48, 0xDE,
  0x2D, 0xAD, 0xF5, 0xF6, 0x21, 0x0D, 0x43, 0x7F, 0x40, 0x96,
  0x46, 0x83, 0xD4, 0x8C, 0xF9, 0x47, 0xBE, 0x20, 0xFD, 0xE3,
  0x3B, 0xF5, 0x4A, 0xFC, 0x09, 0xE2, 0xF9, 0xDA, 0x5A, 0x21,
  0xF4, 0x7F, 0x1E, 0xCD, 0x43, 0x02, 0x50, 0xEE, 0xFB, 0xEC,
  0xC6, 0xEB, 0x26, 0xCE, 0xD5, 0xFB, 0xA1, 0x09, 0x7F, 0xB9,
  0x26, 0x1F, 0x92, 0xF5, 0x0E, 0x4C, 0x11, 0x26, 0xD1, 0xF9,
  0xE7, 0x2B, 0xF1, 0xBD, 0x22, 0xE5, 0xA2, 0x4A, 0xD5, 0x9B,
  0xBF, 0x59, 0xCF, 0xF5, 0x31, 0xCB, 0xCD, 0x17, 0x08, 0xFE,
  0x0E, 0x13, 0xEF, 0xFA, 0x6A, 0x29, 0xD1, 0x7F, 0x53, 0xC2,
  0xD3, 0xD0, 0x32, 0x81, 0xBC, 0x19, 0xF0, 0x22, 0x38, 0x00,
  0x27, 0x24, 0x0A, 0x34, 0xFE, 0x1F, 0x25, 0x05, 0x00, 0xFF,
  0xF5, 0xD6, 0x04, 0x03, 0xE4, 0xF9, 0x04, 0xF9, 0x51, 0x22,
  0x52, 0x7F, 0x20, 0x22, 0x2F, 0x3F, 0xF0, 0x25, 0x3E, 0x12,
  0x35, 0x24, 0xF9, 0xFB, 0x0C, 0x21, 0xFD, 0xF3, 0xCC, 0x29,
  0xF8, 0x3A, 0xB9, 0x00, 0x9D, 0x5F, 0x09, 0x7F, 0xA4, 0x26,
  0xCC, 0x29, 0xDE, 0xC1, 0xA7, 0xD3, 0xC0, 0x81, 0xE8, 0xB0,
  0xC1, 0xFB, 0x22, 0x1B, 0x31, 0xFF, 0x3D, 0xFE, 0x51, 0x6E,
  0x0B, 0x50, 0x40, 0x04, 0x4B, 0x10, 0x2F, 0x70, 0x33, 0x31,
  0x5C, 0x67, 0xEC, 0xF1, 0x23, 0xAB, 0xB1, 0xC4, 0xF6, 0x81,
  0xA4, 0x20, 0xDB, 0xC9, 0x22, 0x01, 0x10, 0xEE, 0xB4, 0x36,
  0xF0, 0xA5, 0x26, 0x17, 0xDD, 0xD1, 0x55, 0x53, 0xCC, 0x19,
  0x7F, 0xB6, 0xD7, 0xEE, 0x30, 0xCA, 0xCA, 0xB2, 0xFF, 0xFF,
  0x04, 0x00, 0x00, 0x00, 0x80, 0x00, 0x00, 0x00, 0x64, 0xEB,
  0xFF, 0xFF, 0xAF, 0xF9, 0xFF, 0xFF, 0xAE, 0xF4, 0xFF, 0xFF,
  0xA8, 0x03, 0x00, 0x00, 0x65, 0x04, 0x00, 0x00, 0x5C, 0x06,
  0x00, 0x00, 0xE1, 0xFA, 0xFF, 0xFF, 0x6F, 0x02, 0x00, 0x00,
  0xD5, 0xFC, 0xFF, 0xFF, 0xD8, 0xE6, 0xFF, 0xFF, 0x36, 0xFC,
  0xFF, 0xFF, 0xA7, 0xF5, 0xFF, 0xFF, 0x16, 0xEF, 0xFF, 0xFF,
  0x8F, 0xFF, 0xFF, 0xFF, 0x56, 0xFB, 0xFF, 0xFF, 0x1E, 0x02,
  0x00, 0x00, 0xF8, 0xF2, 0xFF, 0xFF, 0xA8, 0xFF, 0xFF, 0xFF,
  0xE8, 0x06, 0x00, 0x00, 0xD1, 0x01, 0x00, 0x00, 0x29, 0xFE,
  0xFF, 0xFF, 0x5F, 0x01, 0x00, 0x00, 0x40, 0x01, 0x00, 0x00,
  0xB0, 0xFF, 0xFF, 0xFF, 0xF2, 0xFA, 0xFF, 0xFF, 0xFB, 0xFA,
  0xFF, 0xFF, 0x6C, 0xFF, 0xFF, 0xFF, 0x47, 0xFE, 0xFF, 0xFF,
  0x4D, 0xFF, 0xFF, 0xFF, 0x62, 0xFF, 0xFF, 0xFF, 0x54, 0xFF,
  0xFF, 0xFF, 0x9F, 0xFF, 0xFF, 0xFF, 0x56, 0xB3, 0xFF, 0xFF,
  0x04, 0x00, 0x00, 0x00, 0x00, 0x38, 0x00, 0x00, 0x2B, 0x0F,
  0x03, 0xF1, 0x01, 0x0A, 0x1A, 0x30, 0xBE, 0x4E, 0x3E, 0x00,
  0x1C, 0xBE, 0x32, 0x20, 0xFB, 0x34, 0x0C, 0xE4, 0xE3, 0xEA,
  0x14, 0x4C, 0x20, 0x17, 0x3F, 0xF7, 0xCE, 0x47, 0x3B, 0x0F,
  0x43, 0xCB, 0x40, 0x2C, 0xBA, 0xFA, 0x19, 0xFE, 0x9C, 0x10,
  0x4C, 0x22, 0x07, 0xAC, 0x13, 0x5A, 0x0E, 0xEA, 0x3F, 0x46,
  0xD3, 0xEC, 0x00, 0x56, 0xFF, 0x15, 0x2B, 0x2F, 0xCE, 0x49,
  0x34, 0xF1, 0x08, 0xC0, 0x28, 0xEA, 0xA9, 0xF7, 0x07, 0xDA,
  0xB7, 0x0D, 0x2E, 0x4B, 0x17, 0x85, 0x4B, 0x1E, 0xEF, 0x39,
  0x39, 0x3B, 0xD1, 0xD5, 0xD0, 0x20, 0x2A, 0x5C, 0x5A, 0x18,
  0xA4, 0x36, 0x23, 0xF0, 0x28, 0xC2, 0x19, 0xC6, 0xD1, 0x12,
  0xFD, 0xCB, 0x9F, 0x0F, 0x04, 0x14, 0x20, 0x81, 0x3B, 0x04,
  0xE9, 0x0E, 0xE8, 0xEB, 0xCF, 0xBC, 0xB7, 0x26, 0x17, 0x28,
  0x2C, 0xF5, 0x95, 0x1D, 0x1C, 0x22, 0x08, 0xB7, 0xF5, 0xE1,
  0xB4, 0x16, 0xF9, 0x1B, 0x81, 0xD9, 0x38, 0x1E, 0xDA, 0x99,
  0x2A, 0x40, 0xCA, 0x14, 0x19, 0x13, 0xC8, 0x9A, 0xB8, 0x57,
  0x3C, 0x35, 0x1B, 0xF5, 0x96, 0x3C, 0x10, 0x07, 0xD0, 0xA4,
  0x14, 0xC2, 0x84, 0xFF, 0xE6, 0xEE, 0xC9, 0xB6, 0x09, 0xDF,
  0xC5, 0xA5, 0x30, 0x3A, 0xB5, 0x3A, 0x06, 0x22, 0xDE, 0xE4,
  0xBE, 0x2B, 0x29, 0x33, 0x36, 0xC4, 0xB1, 0x53, 0x04, 0x0A,
  0xDB, 0x95, 0x23, 0xE0, 0xAB, 0x42, 0xD9, 0xF6, 0xC4, 0x9E,
  0x29, 0x05, 0xCB, 0x9D, 0x12, 0x0E, 0x86, 0xFC, 0xF5, 0xEE,
  0xB5, 0xF6, 0xC1, 0x23, 0x14, 0x12, 0x01, 0xD2, 0xC6, 0x48,
  0x08, 0xF9, 0xF6, 0x05, 0x10, 0x02, 0x02, 0xDA, 0x27, 0x08,
  0xF1, 0xFC, 0xF4, 0xEB, 0xF4, 0xF5, 0xB9, 0xD7, 0xEE, 0xCE,
  0xFF, 0x0C, 0xE1, 0xC4, 0xC4, 0x12, 0x19, 0xE5, 0x0C, 0x34,
  0xE3, 0xE4, 0x07, 0x0E, 0xE8, 0x14, 0x28, 0xF3, 0x0B, 0xE4,
  0x3A, 0xFC, 0xE3, 0x17, 0x24, 0x09, 0xE6, 0x16, 0x8E, 0xEB,
  0xF2, 0xD1, 0xE0, 0x01, 0x16, 0xC7, 0xDE, 0x00, 0xD0, 0xC4,
  0xF6, 0x3E, 0xE3, 0xA5, 0xFA, 0xF1, 0x09, 0x2A, 0xF8, 0xF8,
  0x2C, 0xC1, 0xFF, 0x0B, 0xF0, 0x1A, 0xFD, 0x13, 0x04, 0xFB,
  0xC5, 0xED, 0xF5, 0xDF, 0xF9, 0x19, 0x11, 0xE2, 0xCA, 0x28,
  0xA6, 0xC9, 0x26, 0x0E, 0xF4, 0xF4, 0x14, 0xF2, 0xF2, 0x0C,
  0x06, 0xE9, 0x22, 0xD2, 0x07, 0x1D, 0x03, 0xD0, 0xE4, 0x08,
  0xF0, 0x00, 0xBC, 0xBC, 0x12, 0xA5, 0x21, 0xF7, 0x00, 0x07,
  0xF2, 0xE8, 0xFA, 0x9D, 0x15, 0x15, 0xFE, 0xE4, 0xF1, 0xD5,
  0xEF, 0xEB, 0x27, 0xEE, 0xEE, 0xF7, 0x58, 0xFF, 0x28, 0xD3,
  0xFD, 0xED, 0xCE, 0x15, 0x98, 0xD4, 0x13, 0xC6, 0x27, 0x08,
  0xFB, 0xF6, 0xF9, 0xE9, 0x07, 0xC6, 0xF1, 0x35, 0xF0, 0xBC,
  0x0F, 0xDB, 0xEF, 0x0A, 0x02, 0xEF, 0xFC, 0xD3, 0x31, 0x23,
  0x0C, 0x08, 0x1C, 0xF9, 0x0E, 0xD9, 0xD0, 0xF9, 0x15, 0xB7,
  0x21, 0x14, 0xFC, 0x2E, 0xE6, 0x11, 0xFF, 0xBD, 0xEB, 0xF6,
  0xE0, 0xB6, 0x09, 0x21, 0xD4, 0x19, 0xEE, 0xD8, 0xF9, 0xC4,
  0x1E, 0x47, 0x3A, 0xE1, 0x36, 0xE6, 0x19, 0xEB, 0xF4, 0xFF,
  0x12, 0x81, 0x35, 0x23, 0xEB, 0x33, 0xFA, 0x2D, 0xFC, 0xDF,
  0x0C, 0x48, 0xEA, 0x02, 0x13, 0x39, 0xF3, 0xEF, 0xF8, 0xAF,
  0x30, 0xBD, 0x06, 0x0E, 0xE2, 0x23, 0xC7, 0xD5, 0xFF, 0xF2,
  0x19, 0x19, 0xE1, 0x34, 0xD4, 0x25, 0x1F, 0xF1, 0xFD, 0x48,
  0x8C, 0x33, 0x10, 0xD0, 0xD6, 0x19, 0x1D, 0xF7, 0xD8, 0xC5,
  0xF3, 0x8E, 0x34, 0xBD, 0x06, 0x0F, 0xF6, 0x0F, 0xB1, 0xFF,
  0xFD, 0xFC, 0xFB, 0xBB, 0xE8, 0x18, 0x0A, 0x0F, 0x01, 0x18,
  0x0F, 0x0B, 0xA8, 0xD5, 0x0E, 0xFA, 0x34, 0x06, 0x1D, 0x15,
  0xDB, 0xDB, 0x10, 0xEA, 0xFA, 0x07, 0x1E, 0x0F, 0x02, 0xF1,
  0xC4, 0x15, 0xCD, 0xDD, 0xE4, 0x19, 0x00, 0x33, 0x1B, 0x22,
  0xFD, 0xEE, 0x05, 0x13, 0x25, 0xF9, 0xD2, 0x18, 0x07, 0x3C,
  0x2B, 0xF1, 0xD8, 0xE9, 0x23, 0xF0, 0x0C, 0xDC, 0x13, 0xEC,
  0x2A, 0xF4, 0xD7, 0xE4, 0x0D, 0xD9, 0x32, 0xE9, 0x11, 0xF9,
  0xE3, 0x14, 0x05, 0xF7, 0x25, 0x5A, 0x00, 0xDD, 0xC3, 0xCA,
  0xF1, 0xF8, 0x08, 0x04, 0xE0, 0xE2, 0xFB, 0xDA, 0xCB, 0x29,
  0x18, 0xE9, 0x4A, 0xF2, 0xC7, 0x10, 0x24, 0xF4, 0xFE, 0xEC,
  0x38, 0xD0, 0x4E, 0x00, 0xB3, 0x10, 0x25, 0x21, 0xBD, 0xE6,
  0xF8, 0x05, 0x2E, 0x0C, 0x2D, 0x35, 0x0A, 0x0B, 0x03, 0x13,
  0x01, 0x51, 0x03, 0xCD, 0x36, 0x36, 0xE5, 0x2D, 0x1C, 0xC4,
  0x81, 0x0B, 0x27, 0x07, 0x4C, 0xB3, 0xD9, 0xEA, 0x45, 0xB2,
  0x31, 0xCC, 0xD6, 0xF3, 0xFA, 0x20, 0xF4, 0xDD, 0xF7, 0x13,
  0x17, 0x43, 0xD3, 0x3F, 0x36, 0xFC, 0x17, 0xFC, 0x2D, 0xF0,
  0xCC, 0xFE, 0x94, 0x45, 0x02, 0xD5, 0xFC, 0xDD, 0x31, 0x0A,
  0x11, 0xCA, 0x4E, 0xC6, 0xD9, 0x29, 0xB9, 0xD8, 0xF3, 0x98,
  0x24, 0x07, 0x72, 0xDE, 0x13, 0xE2, 0x5C, 0x24, 0x18, 0xFC,
  0xAF, 0xFA, 0xD5, 0x2C, 0xF6, 0x42, 0x29, 0x1E, 0xED, 0x2C,
  0x17, 0x16, 0xC8, 0x37, 0xFD, 0x10, 0x1F, 0x14, 0xE7, 0xCF,
  0x3A, 0x0D, 0x04, 0xF4, 0x7F, 0xCB, 0x19, 0xFA, 0x6E, 0x3F,
  0xEC, 0x02, 0xC3, 0x08, 0xF6, 0x12, 0xCC, 0x2D, 0x0C, 0x23,
  0x0A, 0x3F, 0x25, 0x35, 0x02, 0x2F, 0xEF, 0xB0, 0xF1, 0x0E,
  0xDF, 0xD9, 0x40, 0x3A, 0xF9, 0xC9, 0x60, 0xBA, 0x03, 0x33,
  0x6F, 0x3F, 0xE5, 0xF5, 0xE2, 0x1A, 0xFC, 0xE7, 0xBA, 0xFF,
  0x00, 0x63, 0x25, 0x36, 0xF4, 0xF8, 0xFE, 0x27, 0x2A, 0xC5,
  0xED, 0xE8, 0xF0, 0xF4, 0x17, 0x16, 0x15, 0xCE, 0x52, 0xC4,
  0xD4, 0x42, 0x35, 0xFA, 0xE8, 0xE3, 0xFD, 0xFF, 0xBF, 0xA7,
  0xF5, 0x1D, 0x0D, 0x23, 0x2D, 0x35, 0xB9, 0xDA, 0x03, 0x3C,
  0x2E, 0xE7, 0xF9, 0xF4, 0xA8, 0xD6, 0x13, 0x1D, 0xF3, 0xE1,
  0x26, 0xCF, 0xFB, 0x55, 0xF4, 0xF2, 0xD8, 0xAF, 0xC1, 0xED,
  0xFA, 0x9A, 0xFC, 0x1A, 0xF4, 0xD4, 0x46, 0x09, 0xD1, 0xC6,
  0xCF, 0x37, 0x67, 0xE5, 0xED, 0xE2, 0xEC, 0xF0, 0x1F, 0x12,
  0xD6, 0x09, 0x19, 0xEB, 0xD7, 0x60, 0x01, 0x17, 0xEE, 0xD0,
  0xE3, 0xFC, 0xE5, 0xD6, 0xED, 0x33, 0x15, 0xED, 0x4E, 0x06,
  0xE7, 0xDB, 0x10, 0xE9, 0x4C, 0xD0, 0xDE, 0xD1, 0x3C, 0x09,
  0x3C, 0xFE, 0x0E, 0x1A, 0x28, 0x54, 0xF1, 0x3A, 0x16, 0xDB,
  0x1A, 0xDC, 0xEE, 0xDE, 0xD2, 0x1C, 0x0C, 0x21, 0xD4, 0x2E,
  0x17, 0x0E, 0xFE, 0xCD, 0x40, 0x49, 0x26, 0x0E, 0xE1, 0xF8,
  0x12, 0x04, 0x46, 0xF2, 0x19, 0xE7, 0x98, 0x3B, 0x16, 0xEF,
  0xAE, 0xC4, 0xE1, 0xAE, 0x3D, 0xA4, 0x3D, 0xD8, 0xE2, 0xED,
  0xED, 0x0A, 0x02, 0xAC, 0x05, 0x1D, 0x1E, 0xD5, 0xE0, 0x18,
  0xE9, 0x16, 0xCC, 0xEF, 0xC9, 0xCA, 0x2D, 0xB1, 0xCB, 0x02,
  0x01, 0xF2, 0x81, 0xB9, 0xA2, 0xA7, 0xCD, 0xF3, 0x01, 0xAD,
  0xD0, 0xE7, 0x00, 0x2A, 0xE7, 0x9C, 0xE6, 0xC5, 0xD1, 0xF1,
  0xEB, 0x10, 0xCB, 0x0F, 0x87, 0xFE, 0xB5, 0x04, 0xEE, 0xCA,
  0xEF, 0x0D, 0x1F, 0x23, 0xD6, 0x23, 0xF4, 0xF4, 0xE6, 0xD2,
  0xEC, 0xFA, 0xFA, 0x17, 0x05, 0x45, 0xE6, 0xF4, 0xE5, 0xB6,
  0xAE, 0x15, 0xF9, 0x36, 0x17, 0x17, 0xD9, 0x3B, 0xD6, 0xFB,
  0xD7, 0xC2, 0xB7, 0xFA, 0xDA, 0xF6, 0x25, 0x2D, 0xDD, 0x13,
  0x3B, 0xB9, 0xF5, 0x14, 0xF8, 0xCB, 0x2A, 0x0B, 0xE2, 0x0E,
  0xDA, 0xAE, 0xBB, 0x11, 0xFF, 0x2F, 0x57, 0x04, 0xCE, 0x3A,
  0xFE, 0xAD, 0x00, 0xDB, 0x1F, 0x22, 0xD3, 0xEE, 0x26, 0x11,
  0xE9, 0x00, 0x3E, 0xD0, 0x23, 0xE9, 0xFD, 0xF7, 0x0E, 0x25,
  0x0D, 0x26, 0xD7, 0xF0, 0x0E, 0xFC, 0x14, 0x01, 0x46, 0xC1,
  0xD9, 0x68, 0x10, 0xF5, 0xF7, 0x1C, 0x24, 0x37, 0xDD, 0xF7,
  0x2B, 0xF7, 0xFC, 0x0E, 0x2C, 0x2D, 0x32, 0xE2, 0x21, 0x0E,
  0x14, 0x2D, 0x3D, 0x2C, 0xD5, 0x3D, 0xE9, 0x1C, 0x3C, 0x3B,
  0x2A, 0xE3, 0xCB, 0x47, 0x2D, 0x0F, 0xD3, 0x41, 0x2C, 0x1F,
  0xAA, 0xEA, 0x0E, 0xF2, 0x0E, 0xE1, 0x05, 0x55, 0xFA, 0x07,
  0x0C, 0x54, 0x0C, 0x1F, 0x2D, 0xFC, 0x3A, 0x14, 0xB7, 0x13,
  0x16, 0x2B, 0xE2, 0xF0, 0xE3, 0x18, 0x21, 0x60, 0x0E, 0xF9,
  0x1E, 0x07, 0xAC, 0x26, 0x14, 0xDC, 0xD2, 0x8C, 0xF5, 0x2E,
  0xCC, 0xC7, 0xEE, 0x3A, 0x07, 0xF2, 0x1C, 0xFB, 0x0E, 0xE7,
  0xE6, 0x18, 0xF5, 0xF9, 0x31, 0xFB, 0xD3, 0x20, 0x21, 0x25,
  0xEA, 0x2C, 0x27, 0xF3, 0xE8, 0xFC, 0x06, 0xF9, 0xCD, 0xDE,
  0xE9, 0xFC, 0x04, 0xC9, 0x07, 0xFF, 0xB8, 0xD8, 0xFC, 0x33,
  0x48, 0xF0, 0xF1, 0x1F, 0xAE, 0xF9, 0x25, 0xAB, 0xE0, 0x21,
  0xF8, 0xF8, 0xC4, 0xE8, 0xF2, 0xBE, 0x34, 0xE3, 0xDB, 0x22,
  0xEA, 0xD8, 0xCD, 0xDD, 0xD7, 0xF6, 0xDF, 0xED, 0x01, 0xE5,
  0x02, 0xFC, 0xFD, 0xEB, 0x00, 0xDD, 0xB3, 0x13, 0xF2, 0x0C,
  0xD4, 0x38, 0xD0, 0xE6, 0x14, 0xDB, 0x0C, 0xFB, 0xFB, 0xF4,
  0xFD, 0x09, 0x11, 0xFC, 0xF7, 0xBE, 0xB2, 0xE0, 0xDA, 0x04,
  0xFB, 0xED, 0x05, 0x00, 0xE6, 0xBB, 0xCF, 0x1D, 0x14, 0x26,
  0xE0, 0x2E, 0xC7, 0x17, 0xF8, 0x27, 0xF7, 0x0D, 0xE4, 0xDA,
  0xE3, 0xD1, 0x01, 0x24, 0x01, 0xFF, 0x33, 0xE5, 0xF3, 0xE3,
  0xF5, 0xD6, 0xE7, 0xE6, 0x11, 0x05, 0xEE, 0xDA, 0xDB, 0xFC,
  0xD4, 0xDF, 0xE2, 0x19, 0xDB, 0x0C, 0xEF, 0x19, 0xE5, 0x19,
  0x1C, 0x81, 0xEE, 0xD6, 0x15, 0x1A, 0x04, 0xDF, 0xFD, 0xE6,
  0xF4, 0xE5, 0x15, 0x19, 0x08, 0xDB, 0x1A, 0x30, 0xE9, 0x09,
  0xCD, 0x33, 0xD9, 0xFA, 0x2B, 0x0F, 0xF0, 0x22, 0x16, 0x28,
  0xD6, 0x20, 0x07, 0xBC, 0x02, 0x07, 0xF5, 0x0D, 0x0B, 0x03,
  0xD1, 0x16, 0x0D, 0xF3, 0xC6, 0xF2, 0xE4, 0xDB, 0xFE, 0x0B,
  0xDD, 0xF3, 0xED, 0x03, 0xEC, 0xEA, 0x22, 0xF8, 0x0B, 0x1A,
  0x07, 0x13, 0x05, 0x04, 0xD4, 0x75, 0x34, 0xC3, 0xA3, 0xC6,
  0xC6, 0x30, 0x7F, 0xE1, 0x3B, 0xF2, 0xCA, 0xF2, 0x55, 0xD2,
  0x11, 0xE8, 0x03, 0xF0, 0xE2, 0x9B, 0x9F, 0xBD, 0xFF, 0x19,
  0xF9, 0xD2, 0xB1, 0xDC, 0xED, 0x1D, 0xE0, 0x52, 0x25, 0xDB,
  0xDA, 0xBE, 0xCB, 0x2E, 0x69, 0x08, 0x48, 0x04, 0xD7, 0x0B,
  0x21, 0xD3, 0x2E, 0xD1, 0xFD, 0xF5, 0xD6, 0xAD, 0xAA, 0xC8,
  0x26, 0x0F, 0xFB, 0xDC, 0xC8, 0xF8, 0x1C, 0x11, 0xE6, 0x3B,
  0x28, 0xE4, 0xF7, 0xCA, 0xF3, 0x45, 0x7A, 0xF8, 0x3C, 0x23,
  0xEA, 0x10, 0x2E, 0xDD, 0xF2, 0xD7, 0xFD, 0xF4, 0xBC, 0xDD,
  0xD4, 0xEA, 0x23, 0x2E, 0xFA, 0xEC, 0xD3, 0xEA, 0x1A, 0x01,
  0xE4, 0xFC, 0xE4, 0x06, 0x01, 0xDE, 0x1F, 0x2C, 0x54, 0x19,
  0x27, 0x2A, 0xEE, 0xE5, 0x0A, 0xDE, 0xEB, 0xE0, 0xE6, 0xF8,
  0xC9, 0xDB, 0xF8, 0xC3, 0x0A, 0x03, 0xDF, 0xD9, 0xE1, 0xBB,
  0x13, 0xE5, 0xEE, 0xCA, 0xCA, 0x1B, 0xDE, 0xE2, 0x26, 0xE6,
  0xFA, 0x01, 0xE4, 0x13, 0xFD, 0xEA, 0x0D, 0xF4, 0xE7, 0xE8,
  0xC0, 0x02, 0x05, 0x05, 0xFB, 0xD8, 0x14, 0xC0, 0xED, 0xCF,
  0xF0, 0xD6, 0xF9, 0xFB, 0x23, 0xC3, 0xEF, 0x37, 0x2A, 0xFB,
  0x29, 0xBA, 0xCF, 0x23, 0xB5, 0x1B, 0x18, 0x06, 0xCE, 0x1D,
  0x0A, 0x11, 0xD5, 0x05, 0xFE, 0x1D, 0x1B, 0x25, 0x19, 0xD7,
  0xFF, 0x13, 0x09, 0xDE, 0xE8, 0x43, 0x3D, 0xFB, 0xDE, 0x1C,
  0x27, 0x0D, 0x37, 0xAA, 0x82, 0x0B, 0x9A, 0x22, 0x21, 0x42,
  0xDB, 0x24, 0x0C, 0x1F, 0x0A, 0xF7, 0x33, 0x2B, 0x0B, 0x2B,
  0x26, 0xB8, 0x17, 0x2D, 0x1E, 0x1C, 0x7E, 0x0B, 0x1E, 0x2C,
  0x0A, 0x08, 0x19, 0x37, 0x0D, 0xB8, 0xDB, 0x3F, 0x0D, 0x24,
  0xE9, 0x0D, 0x1D, 0x3B, 0xED, 0xD2, 0x1A, 0x12, 0xFB, 0x06,
  0x4C, 0x15, 0x48, 0x2D, 0x04, 0x08, 0x01, 0xE2, 0x31, 0xEC,
  0x22, 0x22, 0x09, 0x0A, 0x18, 0x0E, 0x00, 0xE7, 0x0C, 0x3A,
  0x33, 0xEA, 0x05, 0x19, 0x20, 0x18, 0x23, 0xD5, 0xF9, 0x22,
  0x10, 0x27, 0x42, 0xF6, 0x2A, 0x36, 0xE0, 0xFB, 0xCE, 0x0B,
  0x0F, 0xED, 0xE9, 0x05, 0xD9, 0x1D, 0x00, 0x0B, 0xE8, 0x04,
  0x28, 0x2B, 0x22, 0xC3, 0xDF, 0x19, 0x08, 0x05, 0x25, 0xBF,
  0xE3, 0xF1, 0xF6, 0xF6, 0x3D, 0x07, 0x10, 0x0F, 0xB0, 0x0A,
  0xD9, 0xFA, 0x02, 0xF1, 0xE8, 0xFD, 0xB7, 0x0E, 0xE8, 0xE4,
  0xDD, 0x10, 0x1B, 0x2F, 0x1A, 0xA5, 0xCE, 0x0B, 0xFF, 0x00,
  0x1B, 0xB9, 0xF5, 0xEA, 0xBC, 0xC0, 0x08, 0xE2, 0xFE, 0x01,
  0xA6, 0xF9, 0xDC, 0xE0, 0x1F, 0x02, 0x1D, 0x2F, 0xEC, 0x22,
  0xF4, 0xFF, 0xD0, 0x2A, 0x14, 0x22, 0x1E, 0xD7, 0xF4, 0x1B,
  0x2C, 0x06, 0x20, 0xAA, 0x14, 0xFA, 0xCE, 0xDA, 0x0B, 0xDE,
  0xFB, 0x05, 0xC3, 0x03, 0x0F, 0xF6, 0x3A, 0xF6, 0x1F, 0x08,
  0x02, 0x30, 0xDF, 0x0C, 0xE7, 0x4A, 0x4E, 0xF5, 0x0E, 0xFB,
  0xE6, 0x18, 0x1C, 0x0A, 0x23, 0xB7, 0x21, 0x00, 0xFD, 0xF7,
  0xEA, 0xCD, 0xE1, 0x22, 0xE8, 0xF3, 0xFC, 0x03, 0x57, 0x21,
  0x1E, 0x4D, 0x1A, 0x2E, 0xE3, 0x09, 0xF6, 0x5F, 0x7F, 0xDE,
  0xE0, 0x25, 0xEB, 0x10, 0x0B, 0x00, 0xF3, 0xE0, 0x0D, 0x01,
  0x1D, 0x07, 0xF8, 0xB2, 0xFA, 0x39, 0x01, 0xB2, 0xF7, 0xCE,
  0xBC, 0xED, 0xF5, 0xD2, 0xCE, 0x22, 0xF2, 0xF3, 0x0D, 0xD7,
  0x13, 0xD0, 0xCB, 0xF6, 0xF3, 0x0C, 0xAB, 0x15, 0xD8, 0x32,
  0xEB, 0xF9, 0x10, 0x0F, 0xFD, 0xE3, 0xD8, 0x03, 0xEE, 0x02,
  0x18, 0x01, 0x03, 0xF2, 0x06, 0xD5, 0xEF, 0x2B, 0xDB, 0x29,
  0x19, 0xD3, 0xFC, 0x17, 0xD5, 0xE5, 0x02, 0x13, 0xAC, 0x35,
  0x26, 0x0A, 0x03, 0x1C, 0x0F, 0x15, 0x07, 0xF5, 0xEE, 0xD9,
  0xE0, 0x03, 0x38, 0xEC, 0xEB, 0xD8, 0x08, 0xD2, 0xFA, 0x20,
  0xE8, 0xF2, 0x0B, 0xCB, 0xF5, 0x2B, 0xD8, 0xE2, 0xF3, 0xED,
  0x9B, 0x30, 0x07, 0x0A, 0xF0, 0xF3, 0x0A, 0xEB, 0xF8, 0xEA,
  0xED, 0xF7, 0xEB, 0x27, 0x0E, 0x0D, 0xB6, 0xE6, 0xE9, 0xCB,
  0xEC, 0x13, 0xF9, 0xED, 0x18, 0xE5, 0x18, 0xDE, 0xC8, 0xED,
  0xE5, 0xF2, 0x81, 0x26, 0xEF, 0x0A, 0xE9, 0xF5, 0x1C, 0xF4,
  0xDA, 0xF1, 0xFC, 0x24, 0xDE, 0x0B, 0x0B, 0xF7, 0xDE, 0x01,
  0x02, 0xDC, 0xF5, 0x2B, 0xF1, 0xFB, 0x02, 0xD6, 0x21, 0xEB,
  0xDB, 0xED, 0xFB, 0x10, 0x98, 0x24, 0xFC, 0x11, 0x0A, 0xFE,
  0x20, 0xEC, 0x0A, 0xC4, 0xF7, 0xF0, 0xF2, 0x1D, 0x05, 0xF9,
  0x10, 0x02, 0xF4, 0xF3, 0x04, 0x14, 0xE5, 0x11, 0x31, 0xEA,
  0x09, 0x0E, 0xEB, 0xE5, 0xED, 0xEB, 0x96, 0x20, 0x07, 0xFE,
  0xF1, 0x1C, 0x12, 0xF0, 0xF0, 0xE8, 0xEE, 0xFE, 0xE6, 0x08,
  0x0C, 0xFB, 0xCB, 0xF2, 0xDB, 0xEE, 0xD8, 0x14, 0xCE, 0x11,
  0x10, 0xEA, 0x22, 0x14, 0xEF, 0xF7, 0xF5, 0xF5, 0x95, 0x1D,
  0x08, 0x33, 0xFF, 0xF1, 0x28, 0xD4, 0xEE, 0xDB, 0x05, 0x01,
  0xE6, 0xF7, 0x1D, 0x09, 0x23, 0x09, 0xD3, 0x05, 0x2D, 0x36,
  0x28, 0xB9, 0xDF, 0x0D, 0x0D, 0xB8, 0x20, 0x1D, 0xC1, 0xF2,
  0xEA, 0x3C, 0xDF, 0x10, 0xF7, 0xCF, 0x2D, 0x0F, 0x27, 0xDF,
  0xCF, 0x61, 0x42, 0x14, 0xB5, 0x3C, 0x53, 0x0F, 0x10, 0x06,
  0x0C, 0x08, 0x0D, 0xBB, 0xD1, 0x30, 0xCC, 0xE1, 0xF7, 0x44,
  0x6E, 0x20, 0x2E, 0x2A, 0xE3, 0xFC, 0x15, 0x35, 0xD0, 0x21,
  0x0B, 0xAB, 0x1A, 0x0E, 0x00, 0x18, 0xC7, 0xF5, 0x11, 0x06,
  0xDD, 0x2C, 0xF1, 0x02, 0xBD, 0x01, 0xD2, 0xEC, 0x38, 0x25,
  0x1F, 0x1A, 0x28, 0x0D, 0xFE, 0x59, 0x00, 0xDB, 0x28, 0x12,
  0x34, 0x0B, 0xD7, 0xEA, 0x01, 0xEB, 0x19, 0x45, 0xEF, 0xE8,
  0xE2, 0xDD, 0xDD, 0x05, 0x05, 0xBB, 0x81, 0x0B, 0xEA, 0x01,
  0xFC, 0xD4, 0xDC, 0x2E, 0xE6, 0xEC, 0x14, 0x18, 0xF7, 0xCA,
  0xFC, 0x77, 0xED, 0xCC, 0x22, 0xEA, 0x38, 0xB1, 0x3F, 0x14,
  0x0A, 0xE7, 0x9A, 0x06, 0xD1, 0xFD, 0xF9, 0xCC, 0x25, 0x61,
  0x31, 0xDA, 0x00, 0xE3, 0xFF, 0x42, 0xE0, 0xD1, 0x16, 0x28,
  0x3C, 0xEF, 0x1E, 0x0B, 0x43, 0xF3, 0xF8, 0x2A, 0xF9, 0xC6,
  0x21, 0xBD, 0x28, 0xE1, 0xF8, 0xE8, 0xEE, 0xC4, 0xEC, 0xE0,
  0x49, 0x19, 0xD0, 0xF9, 0x0D, 0xD1, 0xF8, 0x0E, 0xB9, 0xC9,
  0xE0, 0xCC, 0x1D, 0x32, 0x05, 0xBF, 0x39, 0xF2, 0x2D, 0xF0,
  0xE7, 0x06, 0x41, 0xF0, 0xC4, 0x32, 0xEA, 0xD6, 0x01, 0x03,
  0xE1, 0xD0, 0x1A, 0xA7, 0x0D, 0xE5, 0xF0, 0xB8, 0x12, 0x39,
  0x16, 0xF5, 0xF0, 0xDE, 0xD6, 0x36, 0x05, 0xF9, 0xED, 0x0A,
  0x39, 0x09, 0x04, 0xF5, 0x12, 0xE9, 0x09, 0x45, 0x10, 0x17,
  0x12, 0xC0, 0xA1, 0x14, 0x16, 0xFC, 0xCD, 0x81, 0xD4, 0x4D,
  0xCA, 0xD4, 0x2C, 0x2F, 0x01, 0xDB, 0x2C, 0x19, 0x0C, 0xDB,
  0xF5, 0x01, 0xE5, 0xF1, 0xFD, 0x01, 0xF8, 0x05, 0x28, 0x62,
  0x05, 0x4F, 0x62, 0xD4, 0x00, 0xFB, 0x62, 0x01, 0xEB, 0x29,
  0xC4, 0x1A, 0x2A, 0x14, 0x2A, 0x4F, 0xA0, 0x03, 0x26, 0x3B,
  0x4A, 0x05, 0x04, 0x24, 0x0B, 0xEB, 0x3B, 0xAE, 0x06, 0x0E,
  0x28, 0x49, 0xCC, 0x55, 0x35, 0x44, 0x3D, 0xE0, 0x0C, 0x2E,
  0x1D, 0x21, 0xD4, 0xC2, 0xF9, 0x40, 0x0A, 0x12, 0xFA, 0xCE,
  0x15, 0xFA, 0x29, 0x2F, 0x23, 0xE6, 0xC1, 0xEA, 0xE1, 0x10,
  0xF4, 0xE5, 0xE0, 0x0D, 0x32, 0x27, 0xE8, 0x3D, 0x1B, 0x28,
  0xC0, 0x19, 0x55, 0x3F, 0x23, 0xD9, 0xC3, 0x61, 0x0F, 0xDA,
  0x2B, 0xCE, 0xF2, 0xF5, 0x01, 0x07, 0x00, 0xEE, 0xFD, 0xE4,
  0xCA, 0x2E, 0x3A, 0x01, 0xFA, 0xF9, 0xF9, 0x12, 0xDE, 0x33,
  0x40, 0xF3, 0xCA, 0x06, 0x45, 0x61, 0x50, 0xD0, 0x0F, 0x27,
  0xBB, 0xCA, 0x36, 0x07, 0xE3, 0xC4, 0xE6, 0xF9, 0x23, 0xD0,
  0xDB, 0xDD, 0xB8, 0x18, 0x29, 0xA3, 0xD0, 0xED, 0xF1, 0x35,
  0x27, 0xEB, 0xE9, 0xF0, 0x0B, 0x1D, 0x46, 0x03, 0x2B, 0x2C,
  0x0A, 0x45, 0xE1, 0x41, 0x15, 0xF9, 0x2F, 0x10, 0x0D, 0x28,
  0xF7, 0x03, 0x07, 0xE6, 0xD2, 0x59, 0x1E, 0xCD, 0x1C, 0xF4,
  0x30, 0x62, 0x29, 0xF5, 0xF6, 0x2A, 0xFE, 0x24, 0xD6, 0x23,
  0x31, 0x45, 0x4F, 0x1C, 0x12, 0x20, 0xEC, 0xEB, 0xE5, 0x45,
  0x63, 0x45, 0xF8, 0x17, 0x00, 0xFA, 0x21, 0xD0, 0x5B, 0x2C,
  0xFD, 0x0A, 0xDB, 0x49, 0xDA, 0xBC, 0x2B, 0x81, 0xB3, 0xF5,
  0xE8, 0x7C, 0x2D, 0x18, 0x15, 0xD5, 0x2B, 0x93, 0x3C, 0xFD,
  0x0B, 0x1C, 0x36, 0xDE, 0xB2, 0x2D, 0xC4, 0x38, 0x1B, 0xFF,
  0xF8, 0x43, 0xDD, 0xD9, 0xDC, 0xEA, 0xF0, 0xD6, 0x23, 0xBD,
  0x03, 0x22, 0xC5, 0x28, 0x23, 0x23, 0x11, 0xD2, 0xF5, 0xC7,
  0x3F, 0xE0, 0xFC, 0xE9, 0x1E, 0x06, 0xDE, 0x10, 0x13, 0x2D,
  0xF3, 0x2F, 0xE5, 0x30, 0x00, 0xE3, 0x03, 0x16, 0xFC, 0xE1,
  0xFC, 0xE4, 0x24, 0xDC, 0xD3, 0x0F, 0xF9, 0x40, 0x15, 0x09,
  0xF5, 0xEC, 0x10, 0xE0, 0xE8, 0x24, 0x3E, 0xE6, 0x02, 0x05,
  0x26, 0x27, 0xE2, 0x27, 0xDD, 0x07, 0x0B, 0xFD, 0x18, 0x37,
  0x0D, 0xBC, 0xFB, 0xF9, 0xF8, 0xD9, 0xD4, 0x00, 0xD0, 0x2C,
  0x27, 0xD3, 0xEE, 0x0E, 0xEE, 0xF5, 0xF6, 0xF9, 0xFE, 0xDE,
  0xD4, 0x1B, 0xFD, 0xD8, 0xF2, 0xEE, 0xF4, 0xE5, 0xDD, 0xE0,
  0x35, 0x04, 0xEC, 0xFD, 0x0E, 0x2E, 0xEB, 0x08, 0xE9, 0xD5,
  0xC9, 0x0D, 0x01, 0x00, 0xC9, 0xE2, 0xDF, 0xD7, 0xFA, 0xE1,
  0xCE, 0xEF, 0xFA, 0xDE, 0xF1, 0xB0, 0xEC, 0xFA, 0xF8, 0xFC,
  0xF8, 0xC9, 0x3F, 0xD3, 0xF9, 0x31, 0x0A, 0x3A, 0xDD, 0x0D,
  0xEF, 0xA9, 0xF7, 0xCC, 0xB5, 0x21, 0x9F, 0x47, 0xD8, 0xE1,
  0x16, 0xC8, 0xBB, 0xF1, 0x1D, 0xBE, 0x4B, 0xBC, 0xB7, 0x08,
  0xE9, 0xB7, 0x18, 0xBE, 0xFC, 0x03, 0x2D, 0x49, 0xDE, 0x1C,
  0xFF, 0xD5, 0x14, 0xCA, 0xE8, 0xBA, 0xD6, 0x04, 0x9C, 0x6C,
  0xC0, 0xF2, 0x28, 0xDC, 0xCA, 0x0F, 0x31, 0xEC, 0x1F, 0x89,
  0xC6, 0xF7, 0xEA, 0x8D, 0x58, 0xD0, 0x22, 0x2F, 0xAF, 0x31,
  0x42, 0xC4, 0xE1, 0xFF, 0xE5, 0x07, 0x19, 0xC0, 0xF5, 0x18,
  0xBC, 0x03, 0x0F, 0xD2, 0x1E, 0xF3, 0x19, 0x15, 0x17, 0xDA,
  0xE7, 0xC5, 0xCA, 0x17, 0x2D, 0xF5, 0xCA, 0xE3, 0x30, 0x2B,
  0x81, 0x2F, 0x2A, 0xBA, 0xAD, 0xDC, 0xC9, 0x2A, 0x15, 0x9D,
  0x25, 0x28, 0xAD, 0xE6, 0x02, 0xD2, 0x11, 0xC9, 0x03, 0xFB,
  0x05, 0xB3, 0xE7, 0xC9, 0xA1, 0xFA, 0x07, 0xBD, 0xC7, 0xC4,
  0x2A, 0x20, 0xA0, 0x53, 0x38, 0xB5, 0xAE, 0xEA, 0xC8, 0x1E,
  0x37, 0xA3, 0x2B, 0x21, 0xD0, 0x00, 0x50, 0xE7, 0x22, 0xDD,
  0x02, 0xF4, 0x04, 0xD9, 0x0C, 0xFF, 0x86, 0x30, 0x0E, 0xEB,
  0xD0, 0xEE, 0x3A, 0x01, 0xAE, 0x1A, 0x02, 0xB9, 0xBE, 0xE6,
  0xE8, 0x28, 0x04, 0x0B, 0x0E, 0x11, 0x06, 0xEC, 0x3C, 0xE7,
  0xEF, 0xC6, 0xDB, 0xF6, 0xC0, 0xE7, 0x17, 0xF6, 0xA2, 0x2D,
  0xE5, 0xCF, 0xC1, 0xFA, 0x4A, 0xF0, 0xC8, 0xDC, 0x06, 0xF2,
  0xE7, 0x34, 0x08, 0x00, 0xFE, 0x3F, 0xF9, 0x19, 0x13, 0x03,
  0x14, 0xDA, 0x03, 0xCC, 0xD5, 0xF0, 0xC7, 0x18, 0x14, 0x06,
  0xEE, 0x23, 0xE8, 0x0D, 0x00, 0x25, 0x31, 0xEB, 0xE6, 0xEE,
  0xE8, 0x28, 0x15, 0x19, 0x10, 0x04, 0xDE, 0x1E, 0xEF, 0xDA,
  0x15, 0xFC, 0xED, 0xF0, 0x07, 0x06, 0xFC, 0xE4, 0xFF, 0x31,
  0x41, 0x0F, 0xDE, 0x0E, 0xFF, 0x23, 0x01, 0x28, 0xF4, 0x67,
  0x1A, 0xEF, 0x2C, 0x30, 0x40, 0x04, 0x17, 0xEF, 0xCF, 0x26,
  0x0F, 0x35, 0x7F, 0x25, 0xDA, 0x19, 0x1F, 0x29, 0x33, 0xF6,
  0x2B, 0x42, 0x18, 0x55, 0xF9, 0x04, 0x06, 0x0C, 0x2B, 0x46,
  0xF2, 0x25, 0x1D, 0x13, 0xEB, 0xD2, 0x13, 0xDB, 0xFB, 0x2C,
  0xE6, 0x22, 0xE0, 0x49, 0xE2, 0xDA, 0xFE, 0x95, 0x07, 0xE9,
  0x28, 0x19, 0x6E, 0xA7, 0xD3, 0xD3, 0xC6, 0xF5, 0x10, 0x3E,
  0x07, 0x48, 0xEC, 0x0C, 0xC7, 0x45, 0x24, 0x81, 0x0E, 0x1B,
  0x38, 0x2C, 0x66, 0xE3, 0x07, 0x16, 0xA8, 0xD3, 0x14, 0xDE,
  0x09, 0xC8, 0x21, 0x35, 0xFC, 0x96, 0xA6, 0xAD, 0xB2, 0x16,
  0xF7, 0xE3, 0xE0, 0xF8, 0xF6, 0x27, 0xE1, 0x3B, 0x54, 0x8F,
  0x0A, 0x02, 0x3D, 0x22, 0x3D, 0x04, 0x50, 0xDD, 0xAB, 0x14,
  0x13, 0x0B, 0x1B, 0xD3, 0xD5, 0x25, 0xEA, 0xAB, 0xC0, 0xBA,
  0x16, 0x13, 0xE6, 0xB0, 0xF5, 0xE5, 0x32, 0xDE, 0x9A, 0x0D,
  0x1E, 0xBE, 0xA6, 0xC4, 0xC4, 0xF0, 0x15, 0xDF, 0x28, 0xFC,
  0xA5, 0xBE, 0xFC, 0xD3, 0xD0, 0xAC, 0xE6, 0xEF, 0xAB, 0x8D,
  0xB6, 0xA5, 0x02, 0x20, 0xC9, 0xB5, 0xE6, 0xC1, 0x0F, 0xF9,
  0xAD, 0x3C, 0xEE, 0x05, 0xD0, 0xE5, 0xD1, 0x35, 0x25, 0x03,
  0x35, 0x22, 0xF2, 0x05, 0x02, 0xF7, 0x1C, 0xED, 0xF6, 0xEE,
  0xE4, 0xE5, 0xFD, 0xD0, 0xCF, 0x3A, 0xE3, 0xAE, 0xA8, 0xEE,
  0x24, 0x28, 0xE5, 0xFE, 0xE2, 0x26, 0xAB, 0xFA, 0x0F, 0x1C,
  0xFB, 0xD6, 0x1E, 0x2D, 0x2E, 0xEE, 0xFB, 0xE1, 0xFA, 0xBC,
  0xF9, 0xED, 0xCD, 0xE9, 0x02, 0xE7, 0xBD, 0x0E, 0x02, 0xD7,
  0xC0, 0xF1, 0xCB, 0x04, 0x1C, 0x21, 0xE8, 0x0B, 0x19, 0x28,
  0x6C, 0x0F, 0xF2, 0x29, 0x15, 0x45, 0x13, 0xD6, 0x07, 0xB7,
  0x44, 0x18, 0x33, 0xFE, 0x32, 0xC5, 0xD6, 0x0D, 0xD4, 0xFB,
  0x0E, 0xF7, 0xF1, 0x39, 0xF1, 0xF2, 0xBD, 0xF1, 0x10, 0xC5,
  0x06, 0xCD, 0xF4, 0xF9, 0xDA, 0x9E, 0xED, 0x28, 0xF3, 0x04,
  0xEC, 0xDB, 0xB1, 0x7F, 0x18, 0xBC, 0x02, 0xED, 0xA6, 0xD9,
  0xC6, 0x13, 0x00, 0xCF, 0xF5, 0x1E, 0x2D, 0x05, 0xBA, 0x2E,
  0x3C, 0xD6, 0x27, 0xEA, 0xE2, 0xAC, 0x1C, 0x0B, 0x04, 0xF2,
  0xF6, 0x3F, 0xE6, 0x0A, 0x1C, 0x06, 0xD8, 0xA0, 0xD7, 0xFF,
  0xCD, 0x0B, 0x98, 0x2A, 0x0A, 0x31, 0x1D, 0x17, 0x2B, 0x07,
  0xD6, 0x0D, 0x04, 0x1B, 0x1E, 0xFF, 0xC1, 0xD5, 0x22, 0x3B,
  0x00, 0xFD, 0xEE, 0x1E, 0x02, 0xF3, 0x28, 0xF8, 0x0A, 0xFD,
  0xCA, 0x2D, 0x01, 0x01, 0xDD, 0xEC, 0x07, 0x0E, 0x05, 0x01,
  0x2E, 0xE5, 0xF7, 0x0B, 0x0D, 0x0F, 0xCA, 0x1F, 0xCD, 0xD5,
  0xE0, 0x16, 0x21, 0x17, 0x0D, 0x34, 0x0C, 0x05, 0x02, 0x01,
  0x4A, 0x40, 0xD7, 0xF9, 0xF9, 0xD0, 0xBB, 0xDC, 0xC6, 0xF9,
  0x04, 0x51, 0x11, 0xFC, 0xD8, 0x12, 0x21, 0x2E, 0xE5, 0x28,
  0x05, 0xB4, 0x9D, 0xB8, 0xE0, 0x28, 0xFB, 0xEE, 0x0C, 0xF2,
  0xC8, 0xE1, 0x1F, 0x16, 0xE8, 0x0A, 0xC0, 0x4F, 0xF5, 0x11,
  0xEF, 0x36, 0x10, 0x20, 0xF8, 0x1A, 0xD2, 0xDD, 0x15, 0xEC,
  0x11, 0x1B, 0xF4, 0xE6, 0xC5, 0xA0, 0xF6, 0x48, 0x05, 0xE6,
  0xF8, 0xB5, 0x86, 0x54, 0x0B, 0xF8, 0x2B, 0x12, 0xB3, 0xE5,
  0xFB, 0x46, 0xF8, 0xEA, 0xFF, 0xFF, 0x1D, 0xFF, 0xDD, 0x20,
  0x40, 0xED, 0x07, 0xEA, 0xC3, 0xE1, 0x0B, 0x08, 0x34, 0x0D,
  0x00, 0x25, 0x04, 0x02, 0xF6, 0x21, 0xC7, 0xEB, 0xDE, 0x20,
  0xD3, 0x0B, 0xD0, 0x65, 0x2E, 0x09, 0x36, 0x2A, 0x14, 0x20,
  0xF7, 0x38, 0x5A, 0xE7, 0x07, 0x05, 0xDC, 0x55, 0x57, 0xE4,
  0x23, 0x19, 0x38, 0x13, 0x35, 0xD1, 0x08, 0x37, 0x42, 0xE6,
  0x00, 0x27, 0xD0, 0x05, 0xA4, 0x3A, 0xE3, 0xD7, 0x20, 0xF3,
  0x41, 0x29, 0x11, 0x2A, 0x2E, 0xB4, 0x08, 0x29, 0xFA, 0x75,
  0x46, 0x17, 0x10, 0x0E, 0x2B, 0xED, 0x31, 0xCA, 0xF3, 0x2F,
  0x25, 0xD4, 0x00, 0x21, 0x81, 0xE8, 0x15, 0x47, 0x06, 0x0F,
  0xFB, 0x05, 0x4E, 0xEF, 0x00, 0x03, 0x46, 0xB5, 0xBD, 0x07,
  0xD8, 0x2D, 0x03, 0x1E, 0x0B, 0x0D, 0x2E, 0xF3, 0x3B, 0xEF,
  0xE9, 0x1D, 0x0D, 0xC3, 0x18, 0xFD, 0xAC, 0x1D, 0xD5, 0x25,
  0xE6, 0x0B, 0x26, 0xFC, 0x64, 0xB5, 0xEE, 0x1C, 0x29, 0xAE,
  0xE1, 0x1A, 0xCB, 0xDF, 0x18, 0x35, 0xB5, 0xF1, 0x35, 0x0E,
  0xDE, 0xD4, 0xEF, 0x08, 0x14, 0xE3, 0x18, 0x35, 0xE2, 0x4B,
  0x10, 0x29, 0xE3, 0x47, 0x0D, 0x0F, 0x53, 0xAA, 0xBB, 0xD7,
  0xFC, 0xCB, 0xED, 0x26, 0xCC, 0xCF, 0xD7, 0x1C, 0xE9, 0xE2,
  0x32, 0xDC, 0xE0, 0xA2, 0x11, 0x05, 0x02, 0x0B, 0x02, 0x19,
  0xF9, 0x35, 0x07, 0xE6, 0xED, 0x16, 0xD9, 0xFE, 0x24, 0x15,
  0x93, 0xDC, 0xF4, 0xA0, 0xE5, 0x09, 0xF3, 0xE8, 0xCA, 0x2D,
  0x1B, 0xCA, 0x2D, 0x95, 0x06, 0x9E, 0x19, 0xDC, 0xD8, 0x1D,
  0xCE, 0xD4, 0xEE, 0x25, 0xDC, 0xFF, 0xD6, 0x0D, 0xF6, 0xFB,
  0x09, 0x05, 0xA6, 0x16, 0x05, 0xB6, 0xFA, 0xE9, 0x0A, 0x16,
  0xFD, 0x08, 0x46, 0xE5, 0x77, 0x06, 0x39, 0xCB, 0x5A, 0x8F,
  0x13, 0x0E, 0xF1, 0xF1, 0x1F, 0x4B, 0xC5, 0x3F, 0xF9, 0x49,
  0xF8, 0x26, 0x9D, 0xE0, 0xA1, 0xC0, 0xB8, 0xFE, 0xDD, 0x2E,
  0x1C, 0xF9, 0x13, 0xFF, 0x81, 0x23, 0xF4, 0x02, 0xA6, 0xF8,
  0xF4, 0x1D, 0x2B, 0xB7, 0xC1, 0xED, 0xB5, 0xD8, 0x03, 0x4F,
  0xDE, 0x13, 0x14, 0xC2, 0x01, 0xF6, 0xC9, 0xF1, 0xE3, 0x2A,
  0x03, 0x09, 0x0F, 0x10, 0x11, 0x6C, 0xE4, 0xE4, 0x04, 0x30,
  0xD0, 0xF7, 0x54, 0x17, 0xFA, 0x0B, 0x01, 0x1F, 0xBB, 0xD6,
  0xEC, 0xF5, 0xC9, 0x99, 0xF2, 0x03, 0xC9, 0xD8, 0xE9, 0xC6,
  0xE3, 0x22, 0xCE, 0x42, 0x01, 0xB2, 0xF2, 0x5D, 0xAC, 0xF0,
  0xC8, 0xF4, 0xBF, 0x4C, 0x12, 0xDA, 0xBA, 0xDB, 0xE3, 0xCA,
  0xA1, 0xA6, 0x25, 0x25, 0x03, 0xEF, 0x28, 0xEF, 0x9D, 0xE4,
  0xCE, 0x01, 0xE2, 0x1A, 0xE0, 0xF2, 0xD3, 0xF3, 0x07, 0x3C,
  0xBE, 0xFD, 0x3B, 0xB1, 0xCB, 0xF1, 0x6E, 0x14, 0x06, 0xFE,
  0x5E, 0xCE, 0xB6, 0xCA, 0x2C, 0x1C, 0xC1, 0xDE, 0x16, 0xDA,
  0xEC, 0xE4, 0xEC, 0xC7, 0xEF, 0x38, 0x1F, 0x13, 0x2E, 0xCC,
  0x33, 0xE9, 0x9C, 0xF7, 0xFC, 0x38, 0xD8, 0xED, 0x0C, 0x11,
  0x07, 0xFB, 0x00, 0x07, 0xCD, 0x0C, 0xE5, 0x42, 0xEE, 0xDB,
  0xEA, 0xF6, 0xE7, 0x53, 0x1F, 0x15, 0xD4, 0x1A, 0x16, 0x12,
  0x16, 0x05, 0x34, 0x1F, 0xE5, 0x13, 0xEB, 0xF0, 0xC7, 0xD6,
  0x58, 0x28, 0xD6, 0x3C, 0x14, 0xE3, 0xA7, 0xBD, 0x1B, 0xE5,
  0xDF, 0xCE, 0x17, 0x2B, 0xAD, 0x35, 0xA4, 0x12, 0xB5, 0xFE,
  0xD2, 0x4A, 0x4F, 0x14, 0x28, 0x0B, 0xBE, 0x09, 0xE4, 0xF3,
  0xDD, 0x25, 0xC9, 0x2A, 0x2F, 0xD6, 0x2E, 0x40, 0x92, 0xB9,
  0x10, 0x1E, 0xF7, 0xF0, 0x42, 0xE7, 0x0B, 0x0F, 0xC9, 0x08,
  0x10, 0xC6, 0xE6, 0xE5, 0x13, 0x18, 0x1D, 0x3B, 0xF2, 0xF5,
  0xBB, 0x15, 0xF9, 0xE5, 0xFD, 0x04, 0xE6, 0xC6, 0xA1, 0xEC,
  0xD8, 0xA8, 0xE4, 0x30, 0xDF, 0xB0, 0x13, 0xF3, 0xD8, 0x0A,
  0xF6, 0xF0, 0x2F, 0xE4, 0xF9, 0x01, 0x22, 0x07, 0xF1, 0x21,
  0x00, 0x0A, 0xC9, 0x11, 0x08, 0xDF, 0x0E, 0xE2, 0xFA, 0xF1,
  0xA0, 0xD6, 0xFA, 0xC2, 0x14, 0x1E, 0x17, 0xD3, 0xF2, 0x0C,
  0xE6, 0x1C, 0x35, 0xF7, 0xEF, 0xE5, 0x19, 0xE4, 0x1D, 0x01,
  0xE5, 0x23, 0xE6, 0x0B, 0xA9, 0x08, 0xFC, 0x05, 0x26, 0xD0,
  0x2C, 0xD8, 0xDD, 0xBF, 0xE1, 0xDD, 0x2A, 0x14, 0x08, 0xC8,
  0xCB, 0x0E, 0x21, 0x35, 0xDD, 0xF9, 0x02, 0xE6, 0x03, 0xD1,
  0x38, 0x13, 0xDD, 0x2A, 0xFC, 0x19, 0xD6, 0xE8, 0xFB, 0xD9,
  0x06, 0xC6, 0x2E, 0xEA, 0xFB, 0xDF, 0xC0, 0xAE, 0x0B, 0xFB,
  0xF7, 0xA0, 0xFF, 0xFB, 0x03, 0x62, 0xDA, 0x11, 0x12, 0xFD,
  0x2C, 0x27, 0x58, 0xE5, 0x13, 0xFD, 0x03, 0x2E, 0xCA, 0xC3,
  0x06, 0x9B, 0x04, 0xDB, 0x00, 0x18, 0x01, 0xCD, 0xD5, 0x97,
  0x13, 0x0A, 0x27, 0xBC, 0xE5, 0x09, 0xFF, 0x27, 0x2A, 0x01,
  0xE1, 0xF4, 0x3F, 0x09, 0x72, 0x1D, 0x08, 0x1A, 0x06, 0x3D,
  0xBE, 0xE9, 0x1F, 0xF3, 0x08, 0xDE, 0x2B, 0x11, 0x13, 0xC2,
  0xEF, 0xC6, 0xF7, 0x40, 0x06, 0x9F, 0xF9, 0xFF, 0xFF, 0x7F,
  0x1C, 0xEC, 0xE8, 0xFA, 0x29, 0x25, 0x39, 0x3F, 0x1D, 0x18,
  0x11, 0x3E, 0x1E, 0x0F, 0x17, 0xE9, 0xF8, 0xFF, 0x28, 0x29,
  0x21, 0x3A, 0xCB, 0xE4, 0x00, 0xF3, 0xFC, 0xD4, 0xF4, 0x36,
  0x0E, 0xD0, 0xC8, 0x04, 0x20, 0xC5, 0x99, 0xE6, 0xA9, 0x34,
  0x5B, 0x9F, 0x2F, 0xEB, 0x8E, 0xA8, 0x58, 0x9A, 0xFB, 0xB7,
  0xE7, 0xF6, 0xF0, 0xB1, 0xE2, 0xDF, 0x81, 0x47, 0x12, 0xF8,
  0xB9, 0xAB, 0x0F, 0xBB, 0xF8, 0xF7, 0xF9, 0xF5, 0xB4, 0xE3,
  0xD5, 0x31, 0x18, 0xF2, 0x33, 0xF3, 0xD4, 0xB4, 0x2D, 0xAA,
  0x18, 0xD4, 0xDF, 0xE3, 0xB9, 0xDD, 0x11, 0xF6, 0xD2, 0x37,
  0x10, 0xD4, 0xE8, 0xC6, 0xEC, 0xB0, 0xD0, 0xF8, 0x00, 0xF1,
  0xE1, 0xC8, 0xF9, 0x17, 0x0E, 0xF5, 0x16, 0x28, 0xEE, 0xBC,
  0x23, 0xCB, 0x0E, 0xEA, 0xF5, 0xEE, 0x9F, 0xF4, 0x02, 0xEB,
  0x24, 0x05, 0xE4, 0xF3, 0x03, 0xE0, 0x1B, 0xE3, 0xFA, 0xE5,
  0xE7, 0x16, 0x34, 0xBE, 0xE9, 0x0E, 0xFC, 0x2B, 0x14, 0xE0,
  0xD8, 0xE8, 0xE7, 0xC7, 0xF2, 0xFE, 0x17, 0xF3, 0xB9, 0xF0,
  0x19, 0xD9, 0x02, 0x23, 0xDC, 0x1F, 0x0C, 0xEF, 0x02, 0x13,
  0x28, 0xE8, 0x12, 0x1D, 0x19, 0xEB, 0x15, 0xFF, 0xEB, 0x08,
  0xF0, 0x15, 0xFA, 0x05, 0xBB, 0x11, 0x2F, 0x13, 0x01, 0x28,
  0x0B, 0x11, 0x28, 0xF5, 0x26, 0xE8, 0xFC, 0xEF, 0x15, 0x0B,
  0x2F, 0x1F, 0x02, 0xF9, 0x16, 0x21, 0x37, 0x0E, 0xF4, 0xF0,
  0xF0, 0x02, 0xF9, 0x24, 0x0B, 0x2E, 0xE5, 0xEA, 0x07, 0xC0,
  0xF5, 0x27, 0x00, 0x28, 0xF5, 0x16, 0xF7, 0x18, 0xFE, 0xFE,
  0xF5, 0x1B, 0x35, 0x3B, 0x2E, 0xC3, 0xC0, 0xEC, 0x5E, 0xFD,
  0xD0, 0xCB, 0xBB, 0x4A, 0x8A, 0x28, 0x1B, 0x32, 0xE2, 0xEB,
  0xEF, 0x04, 0xD5, 0x0D, 0x14, 0x0E, 0xF8, 0xFC, 0x4F, 0x0F,
  0x27, 0xE9, 0x3A, 0x1E, 0xFE, 0xFE, 0xC6, 0x01, 0xF3, 0x39,
  0x00, 0x32, 0xF1, 0xE0, 0xD9, 0x3A, 0x32, 0xCF, 0xD4, 0x93,
  0xE7, 0xFC, 0x32, 0xD8, 0x27, 0x11, 0xB3, 0xE0, 0x4A, 0x2C,
  0xF0, 0xF9, 0xB4, 0x42, 0xA6, 0x9D, 0x0F, 0xED, 0x33, 0x01,
  0xFE, 0x15, 0xC5, 0xE6, 0x13, 0x05, 0xCA, 0xC6, 0xDC, 0x0B,
  0x19, 0xE0, 0x09, 0xFF, 0xFA, 0x03, 0x43, 0x27, 0xAF, 0xCE,
  0x2C, 0x2B, 0xE4, 0x07, 0xA9, 0x1A, 0xF2, 0x0C, 0xE9, 0x04,
  0x3A, 0x03, 0x40, 0x1A, 0xEC, 0xB8, 0xFC, 0x09, 0x08, 0xC1,
  0xE6, 0x12, 0x1A, 0x03, 0xEE, 0x3E, 0xD3, 0x3C, 0xF0, 0xF2,
  0x19, 0x1D, 0xE2, 0x08, 0x16, 0xEC, 0xEB, 0xD4, 0x47, 0x01,
  0xC4, 0x09, 0x1E, 0xD4, 0xDB, 0xE3, 0x02, 0xBA, 0xFC, 0xF8,
  0x1B, 0xD6, 0xFF, 0xE3, 0xE4, 0x12, 0xF9, 0x0C, 0xBC, 0x1F,
  0xDE, 0xC4, 0x1D, 0xF6, 0xE7, 0xD3, 0x03, 0x29, 0x15, 0xB7,
  0x33, 0x49, 0xF3, 0x11, 0xEF, 0xD8, 0x0B, 0x28, 0x00, 0x23,
  0xE2, 0xFC, 0x1D, 0xDE, 0x13, 0xEB, 0x28, 0x2D, 0xF9, 0x2A,
  0x20, 0x0D, 0xE5, 0x28, 0x02, 0x30, 0x11, 0x0A, 0x07, 0x13,
  0x10, 0x21, 0x17, 0x50, 0xFD, 0xD2, 0xD1, 0xDF, 0x03, 0x38,
  0x2B, 0x35, 0x20, 0x47, 0x08, 0x1F, 0x2E, 0xB7, 0xFD, 0xC7,
  0x0B, 0x07, 0x7E, 0xE2, 0xDB, 0xEC, 0xCD, 0x23, 0xE7, 0xDE,
  0x99, 0xD6, 0xA9, 0x55, 0xBF, 0xEA, 0x11, 0xD3, 0x1C, 0x1D,
  0x07, 0x18, 0xE7, 0x42, 0x28, 0x33, 0x0C, 0xE4, 0x00, 0xE6,
  0x19, 0xBC, 0x1C, 0xF5, 0xE8, 0xD1, 0x18, 0xF3, 0xC1, 0xCE,
  0x18, 0x38, 0xF3, 0x03, 0xA3, 0x7F, 0xB9, 0xE2, 0x46, 0x36,
  0x01, 0x20, 0x00, 0x27, 0x0A, 0x0D, 0x07, 0x25, 0x3C, 0x5B,
  0x10, 0xDE, 0xFB, 0xEB, 0x36, 0xCD, 0x2E, 0xD2, 0x51, 0x15,
  0xC7, 0xF8, 0x15, 0xFB, 0xEA, 0x79, 0xDD, 0x14, 0xE8, 0xF8,
  0x2A, 0x0B, 0x33, 0x38, 0x1C, 0x10, 0x20, 0x2B, 0xF0, 0x43,
  0x16, 0x44, 0x52, 0xB1, 0x0B, 0x0F, 0x46, 0xC7, 0x18, 0xF1,
  0x22, 0x10, 0x07, 0x29, 0x0E, 0x05, 0x07, 0x50, 0xD0, 0xE7,
  0x19, 0x00, 0x18, 0x1C, 0x36, 0x21, 0x1A, 0x1E, 0x2D, 0x25,
  0xF5, 0x3D, 0x1B, 0x2B, 0x52, 0xB3, 0x06, 0x4B, 0x32, 0xD8,
  0x11, 0x1E, 0x25, 0xE1, 0xFF, 0xFF, 0xD3, 0xD6, 0x21, 0x18,
  0xC2, 0xED, 0x4C, 0x02, 0x2A, 0xD1, 0x1C, 0x17, 0xDB, 0xFE,
  0x18, 0x10, 0xD1, 0x27, 0x16, 0x16, 0x1A, 0xD7, 0xE9, 0x27,
  0x1D, 0xFD, 0xAC, 0x1F, 0xFF, 0xC3, 0xF0, 0x33, 0xB6, 0xB9,
  0x23, 0xF2, 0xCC, 0xE9, 0x25, 0x28, 0x0A, 0xC0, 0x41, 0xE3,
  0x11, 0x0C, 0xE5, 0xF6, 0xD3, 0xFA, 0xFE, 0xD8, 0xEB, 0xDB,
  0xEF, 0xE4, 0xE8, 0x09, 0x9D, 0x1D, 0xE8, 0xEE, 0x1D, 0x40,
  0xF6, 0xD1, 0x20, 0xD2, 0xEE, 0xC3, 0xEF, 0x02, 0xD4, 0xD8,
  0x09, 0xE6, 0x10, 0xD7, 0xF4, 0xF7, 0xC2, 0xCE, 0xF3, 0xD0,
  0xED, 0xEF, 0x04, 0xFF, 0xCB, 0x36, 0xFF, 0xFA, 0xF4, 0xDF,
  0x13, 0xD8, 0xC6, 0x1E, 0xF7, 0xC0, 0xDD, 0x81, 0xC8, 0xAD,
  0xF4, 0x0C, 0xF2, 0xFB, 0x2A, 0x1A, 0xFF, 0x10, 0xC9, 0xB9,
  0xA9, 0x12, 0xDA, 0xE0, 0x29, 0x2A, 0xF6, 0x3C, 0x1F, 0x21,
  0xEC, 0xE6, 0xEE, 0x13, 0xF1, 0x4A, 0x19, 0xEB, 0x30, 0xE1,
  0x1F, 0x12, 0xF0, 0x0F, 0xD3, 0xE9, 0x2B, 0x81, 0xE6, 0x4F,
  0xF7, 0x25, 0x0C, 0x9D, 0xE5, 0x27, 0x0F, 0xC8, 0xF3, 0x20,
  0x03, 0x18, 0x2B, 0xE4, 0xEC, 0x1D, 0xDD, 0x4B, 0xE9, 0x0A,
  0x24, 0x38, 0xD5, 0xE7, 0xCD, 0xF8, 0xE7, 0xC4, 0xF8, 0x94,
  0x1D, 0x30, 0xE4, 0xEE, 0xEC, 0xF4, 0xDD, 0x1C, 0x06, 0xD8,
  0xFE, 0x01, 0x04, 0x1B, 0x19, 0x05, 0xEB, 0x2C, 0xCA, 0x3F,
  0x22, 0x02, 0xFC, 0x0E, 0x0C, 0xDB, 0xE5, 0x16, 0xED, 0xDA,
  0x17, 0xF0, 0x19, 0x0B, 0xDA, 0xF7, 0xD7, 0x22, 0x1A, 0x0C,
  0xFD, 0xF4, 0xFD, 0x0D, 0xF5, 0x36, 0x3F, 0x09, 0xDB, 0x14,
  0x15, 0x28, 0x16, 0x11, 0xF0, 0x10, 0x1A, 0xF2, 0xC1, 0x18,
  0xE0, 0xDA, 0x1A, 0xEA, 0x0C, 0xEF, 0x22, 0x01, 0xE5, 0xF7,
  0xE4, 0x11, 0x11, 0xBF, 0x01, 0xFF, 0xEF, 0x0C, 0x20, 0x09,
  0xF4, 0x2D, 0x23, 0x18, 0xD0, 0x1E, 0x1A, 0x14, 0xDF, 0xEF,
  0x1C, 0x0A, 0xE2, 0xEA, 0x0C, 0xF6, 0xDD, 0x1D, 0x13, 0xE1,
  0xC5, 0x12, 0xE3, 0x0E, 0x1A, 0xE5, 0xFA, 0x03, 0xEE, 0xF1,
  0xE7, 0x1A, 0xF2, 0x14, 0x13, 0xF8, 0xD4, 0x01, 0x00, 0x0A,
  0xCB, 0x09, 0xFE, 0xFA, 0xEA, 0xDD, 0x0E, 0x14, 0xEF, 0xFB,
  0xF0, 0xAA, 0xE9, 0xFC, 0xF2, 0xE7, 0xCE, 0xE8, 0xCA, 0xE9,
  0x15, 0xBE, 0xE1, 0x09, 0x2C, 0x13, 0x31, 0xE1, 0x17, 0x0D,
  0xF6, 0x00, 0xF6, 0x13, 0x0B, 0x25, 0xFE, 0x30, 0xDC, 0x44,
  0x14, 0xC9, 0x14, 0xE1, 0x0F, 0xE1, 0x1F, 0xF4, 0x9D, 0x21,
  0xCE, 0xFB, 0x2E, 0xBC, 0xE9, 0x2C, 0x06, 0xE5, 0x4F, 0x97,
  0xB1, 0x31, 0x0D, 0x8F, 0x0C, 0xC0, 0x20, 0xF0, 0x03, 0x16,
  0xDD, 0x1A, 0x23, 0xE6, 0xF0, 0x28, 0xF8, 0x05, 0x47, 0x1F,
  0x24, 0x33, 0x19, 0x0B, 0x2E, 0x09, 0x0F, 0x08, 0x31, 0xDC,
  0x12, 0xF2, 0x02, 0x0C, 0x10, 0x52, 0x07, 0x14, 0x0C, 0xD9,
  0xFB, 0x0B, 0xED, 0xB7, 0x0B, 0x0E, 0x06, 0x0F, 0x08, 0x23,
  0x0E, 0xD7, 0x16, 0xFB, 0xED, 0x34, 0x1B, 0xFE, 0xED, 0x21,
  0x03, 0xF1, 0x38, 0x1A, 0x47, 0xFD, 0xD8, 0x7F, 0xFA, 0x28,
  0xCE, 0xDC, 0xE2, 0xEF, 0xD4, 0xC7, 0xE6, 0x1D, 0x0E, 0xFA,
  0x03, 0x1C, 0xF8, 0xAE, 0x1F, 0x08, 0xE6, 0x3B, 0xF5, 0xF2,
  0xD5, 0x3A, 0xDD, 0xFB, 0x0F, 0x35, 0x2F, 0xE8, 0xB0, 0x29,
  0xF7, 0xFC, 0xF5, 0xBD, 0xF7, 0xDF, 0x03, 0xDE, 0xF1, 0x07,
  0xFA, 0x0E, 0x12, 0x04, 0x01, 0x9A, 0xF7, 0x08, 0x19, 0x26,
  0x13, 0xE2, 0xF1, 0x0B, 0xE4, 0x08, 0x1B, 0x12, 0xEB, 0xE2,
  0xAF, 0x31, 0xFA, 0xFF, 0xDC, 0xF0, 0xF0, 0x18, 0xFC, 0x18,
  0x22, 0xF1, 0xF2, 0xEE, 0xE8, 0xEF, 0xF6, 0xCC, 0x0B, 0x25,
  0x09, 0x10, 0x02, 0xEE, 0x03, 0xDC, 0xE9, 0x11, 0x11, 0x2D,
  0xE8, 0xF7, 0x02, 0x01, 0x07, 0xFB, 0x05, 0xD6, 0x13, 0x4B,
  0xFA, 0x3F, 0xF0, 0xA5, 0xD9, 0x1E, 0x0B, 0xC4, 0x15, 0xFB,
  0xF5, 0xFA, 0xF4, 0xF0, 0xF9, 0xF9, 0x0B, 0xAD, 0x29, 0x03,
  0xE6, 0xDE, 0xBE, 0x29, 0xE8, 0xE8, 0x03, 0xCC, 0xEB, 0x98,
  0x03, 0x01, 0xF8, 0xC8, 0x0B, 0xB3, 0xDB, 0x0B, 0x28, 0xF2,
  0x1D, 0xCC, 0xF2, 0xE3, 0x17, 0xFF, 0xBA, 0x24, 0x12, 0xE8,
  0x1F, 0xE9, 0x26, 0xD7, 0xF5, 0x28, 0xF2, 0x53, 0xFA, 0xDD,
  0x34, 0xF0, 0xC2, 0xE2, 0xF2, 0xF7, 0x52, 0x0C, 0xF8, 0xF7,
  0x39, 0x24, 0x25, 0xD8, 0xC7, 0x14, 0xC8, 0x4C, 0x6F, 0x98,
  0xBF, 0x29, 0xEA, 0xD9, 0x3C, 0x1D, 0x13, 0x1E, 0xE3, 0x30,
  0xDD, 0xE0, 0x21, 0xF9, 0xED, 0x08, 0xF1, 0x0D, 0xE5, 0x03,
  0xEA, 0x02, 0xDF, 0xEF, 0xF7, 0xF6, 0x08, 0x03, 0x13, 0x3C,
  0x5F, 0xD9, 0xFE, 0x46, 0xCC, 0xCD, 0x62, 0x19, 0xE1, 0x05,
  0xBC, 0x3B, 0x07, 0xF1, 0xE1, 0xEA, 0xFB, 0x04, 0x06, 0xFA,
  0xC3, 0x01, 0x16, 0xDF, 0xD5, 0x06, 0xC5, 0x17, 0x06, 0xDA,
  0x06, 0x20, 0xA3, 0x20, 0x2F, 0x0F, 0xF9, 0x18, 0xC8, 0x0B,
  0x0A, 0xDE, 0xEC, 0x2C, 0x39, 0xE2, 0xA4, 0x17, 0xEE, 0xF7,
  0xF3, 0xE1, 0xFE, 0xC2, 0x01, 0xC9, 0xD1, 0x15, 0xD4, 0xF2,
  0x05, 0xF9, 0x02, 0xD3, 0x81, 0x1D, 0x15, 0xDE, 0x2A, 0x0F,
  0xB4, 0xF4, 0xF1, 0xFD, 0x05, 0x11, 0x14, 0xF7, 0xD1, 0x10,
  0xFA, 0x0C, 0x19, 0xE9, 0xD0, 0xDB, 0xFF, 0x07, 0x11, 0x0E,
  0xD5, 0xE4, 0xF0, 0x25, 0xDE, 0xF8, 0x87, 0x04, 0x01, 0xBC,
  0x37, 0x25, 0xC4, 0xC6, 0xCC, 0xFB, 0x1F, 0xFB, 0x35, 0x31,
  0xF1, 0xE1, 0x0B, 0x04, 0xFD, 0x1A, 0x18, 0xDA, 0xFD, 0x1C,
  0x14, 0xF7, 0x0D, 0xD4, 0xC6, 0x19, 0xD3, 0x41, 0x58, 0xC5,
  0xE0, 0xD2, 0x18, 0xF3, 0xE4, 0x13, 0xDC, 0x13, 0xEE, 0xF9,
  0x04, 0x33, 0x0B, 0xEA, 0xEA, 0xE6, 0xC1, 0xF5, 0x10, 0x05,
  0xFF, 0x1E, 0xF9, 0xFB, 0xF3, 0xB0, 0xC3, 0x12, 0x06, 0x5A,
  0x59, 0x95, 0xBA, 0x12, 0xFC, 0xE6, 0x1E, 0xF4, 0x09, 0xE0,
  0xD0, 0x14, 0xDE, 0xC6, 0xA9, 0x22, 0x06, 0xD7, 0xEE, 0xFE,
  0x23, 0xF8, 0x2F, 0xAE, 0x81, 0xF7, 0xC0, 0x35, 0x17, 0x0B,
  0xA3, 0xF6, 0x06, 0xFC, 0xF7, 0x32, 0x26, 0xDF, 0x0B, 0x03,
  0x17, 0xB5, 0x28, 0x11, 0x07, 0x09, 0xF5, 0x23, 0x16, 0xE4,
  0xE9, 0xBF, 0x07, 0xF4, 0x23, 0xA6, 0xD0, 0xF0, 0xCB, 0x3C,
  0x19, 0xF2, 0xCD, 0xFB, 0xF2, 0xE8, 0x1F, 0x29, 0x2C, 0xFA,
  0xE4, 0x06, 0x0B, 0xC4, 0x0E, 0x09, 0xFB, 0x1F, 0x0C, 0x17,
  0x1E, 0xEC, 0xB9, 0xCF, 0x16, 0xF4, 0x09, 0xBA, 0x04, 0xFD,
  0xA0, 0x05, 0xF3, 0xEB, 0xE4, 0xE8, 0xDD, 0xE7, 0xF7, 0xFC,
  0x02, 0xF2, 0xD2, 0xE4, 0xF8, 0xE4, 0x05, 0xF2, 0x0F, 0x1C,
  0xF5, 0x18, 0xFE, 0x19, 0xE7, 0xE9, 0xEB, 0xFB, 0xEB, 0xCB,
  0x03, 0xD6, 0xE4, 0xDF, 0x03, 0x23, 0xCE, 0xEE, 0xE3, 0xDF,
  0xF8, 0x09, 0x17, 0xFB, 0xF5, 0x09, 0x13, 0xE9, 0xED, 0xEC,
  0x04, 0x0A, 0x12, 0x0A, 0xD5, 0x19, 0xDC, 0xD6, 0xFC, 0x0F,
  0xD1, 0x08, 0x3B, 0xCB, 0xFF, 0xF6, 0xED, 0x05, 0x08, 0xCC,
  0xFB, 0xD0, 0xEA, 0xE1, 0xDB, 0xE7, 0xED, 0x00, 0xEF, 0xF5,
  0x02, 0xFD, 0xED, 0xF7, 0xF4, 0x1D, 0xDF, 0x03, 0x0B, 0xE2,
  0x00, 0xD9, 0xF4, 0x29, 0x54, 0xE3, 0x19, 0x20, 0xE8, 0xDB,
  0x14, 0xCE, 0x17, 0xEA, 0xED, 0xE3, 0xD7, 0xF4, 0xD0, 0xFF,
  0xFA, 0xED, 0x0B, 0xD9, 0xFA, 0xFD, 0xF4, 0x1F, 0xE1, 0x13,
  0x4B, 0xEB, 0xEA, 0xF5, 0x0C, 0x31, 0x4A, 0xD8, 0x37, 0x39,
  0xE4, 0xF0, 0x1F, 0xFD, 0x31, 0xE0, 0xFB, 0xED, 0xF4, 0xEE,
  0xF0, 0x13, 0xE7, 0x23, 0x2D, 0xFD, 0xEC, 0x0C, 0x2C, 0x21,
  0x2B, 0x28, 0xEB, 0x27, 0x32, 0x38, 0x17, 0x49, 0x1B, 0x03,
  0x1A, 0xFE, 0xFB, 0x06, 0x20, 0xE4, 0xEE, 0x15, 0x1B, 0x19,
  0x2D, 0x26, 0xE6, 0xCD, 0xEA, 0x33, 0x03, 0x34, 0x1A, 0xE6,
  0x5D, 0x0A, 0x57, 0x01, 0xEF, 0x0D, 0x12, 0x12, 0xBB, 0x0E,
  0x03, 0x0A, 0x02, 0xE4, 0x31, 0x18, 0x3D, 0x0D, 0x27, 0x41,
  0xFD, 0xEF, 0x28, 0x44, 0xF1, 0x16, 0x21, 0x29, 0xE6, 0x22,
  0xFB, 0xCD, 0x46, 0xD6, 0x47, 0xBD, 0xFE, 0xFB, 0x26, 0x02,
  0xB3, 0xF4, 0xFD, 0x1E, 0xFB, 0xD4, 0x2C, 0xEB, 0xF6, 0x02,
  0x0A, 0x42, 0x1B, 0xD6, 0x0E, 0x35, 0x12, 0x0E, 0x4E, 0x08,
  0xD6, 0x2A, 0x02, 0x16, 0xFE, 0xDE, 0x32, 0x0C, 0xE3, 0x01,
  0x24, 0xF5, 0xB6, 0x1C, 0x14, 0xFA, 0x10, 0xB0, 0x0F, 0xF4,
  0xDC, 0xFF, 0xF7, 0x3C, 0x29, 0xD4, 0xEF, 0x25, 0x25, 0x08,
  0x28, 0x0E, 0xC4, 0x30, 0xFC, 0x23, 0x11, 0xD0, 0x0B, 0x2F,
  0xE3, 0xED, 0xF9, 0x12, 0xB7, 0x25, 0x0F, 0xEF, 0x2F, 0xA4,
  0xF2, 0x04, 0x0B, 0x03, 0x10, 0x00, 0x0E, 0xC5, 0xBB, 0x27,
  0x01, 0xF4, 0x1A, 0x1C, 0x94, 0x06, 0xD3, 0xF8, 0x0B, 0xCC,
  0x0E, 0xC0, 0xBB, 0x08, 0x01, 0x12, 0x8B, 0xE4, 0x31, 0x1D,
  0xF6, 0xB4, 0x1C, 0x33, 0xF4, 0xF2, 0x20, 0x01, 0xF4, 0xB5,
  0x8E, 0x1C, 0x14, 0x44, 0x22, 0x16, 0x81, 0xFE, 0xED, 0x1F,
  0x0D, 0xD9, 0x4D, 0xAA, 0xEF, 0x17, 0x14, 0x03, 0xB2, 0x13,
  0x12, 0x54, 0xF8, 0xCA, 0x36, 0x1A, 0xBA, 0xE1, 0x17, 0x1A,
  0x02, 0xBB, 0x9A, 0xFA, 0x13, 0x0B, 0x2B, 0x0D, 0xCA, 0xDD,
  0x04, 0x62, 0x3C, 0x0A, 0xED, 0x07, 0xFA, 0xC8, 0xC5, 0xD0,
  0xDC, 0xFA, 0xDC, 0xAC, 0x0C, 0x0C, 0x15, 0xEC, 0x17, 0xFD,
  0x12, 0x1B, 0x0E, 0x6E, 0xED, 0xBD, 0x34, 0xED, 0x00, 0x2B,
  0xFE, 0x1F, 0xE8, 0x41, 0x14, 0x1A, 0xE3, 0xF7, 0xF3, 0xD4,
  0x27, 0xFF, 0xEB, 0xDD, 0xFD, 0xF8, 0xF3, 0x22, 0xDF, 0x00,
  0x06, 0x0E, 0xFC, 0xE2, 0xF4, 0xF3, 0x14, 0x0F, 0xF9, 0x30,
  0xF7, 0x18, 0x2F, 0xF2, 0x33, 0xEF, 0xE6, 0x01, 0xE1, 0xEC,
  0x0E, 0x0B, 0x5B, 0x2E, 0xE2, 0xDA, 0x42, 0x04, 0xEE, 0x46,
  0xEE, 0xFC, 0xF7, 0xFD, 0xA9, 0x12, 0x10, 0xEC, 0xCD, 0x28,
  0xD7, 0x00, 0x1B, 0x1B, 0x7F, 0x37, 0x21, 0xF4, 0xD3, 0x02,
  0xD5, 0xB6, 0xFD, 0x02, 0x3D, 0x27, 0x37, 0xE4, 0x52, 0x22,
  0x26, 0x4D, 0xD0, 0xED, 0x0E, 0x0D, 0xE1, 0x20, 0x06, 0x0E,
  0x1A, 0x2F, 0xD8, 0xCE, 0x22, 0xE6, 0x2E, 0xF9, 0xBA, 0x29,
  0x20, 0x32, 0x02, 0x25, 0x0E, 0xFA, 0x19, 0xDC, 0xF8, 0x22,
  0x3A, 0xFC, 0x3A, 0x15, 0x98, 0xCC, 0x0A, 0xF5, 0x03, 0x14,
  0xE5, 0x34, 0x0A, 0x2F, 0xFB, 0xC6, 0xF6, 0x16, 0xFA, 0xFE,
  0xCE, 0xD9, 0x19, 0x1B, 0x0E, 0x20, 0xED, 0xBE, 0xE4, 0xE4,
  0xF0, 0x15, 0x27, 0xF9, 0x24, 0x40, 0x30, 0x0A, 0x23, 0xE4,
  0x1D, 0x07, 0x18, 0x1A, 0xDE, 0xC0, 0x12, 0xE3, 0xBE, 0xF7,
  0x0D, 0xB0, 0x09, 0xE0, 0x01, 0xF8, 0xE7, 0xDC, 0xE9, 0x9B,
  0xC3, 0xEC, 0xE1, 0xEE, 0xEA, 0x23, 0xF5, 0x37, 0x05, 0x26,
  0x07, 0x0C, 0x12, 0xF1, 0x38, 0x0B, 0x10, 0xD8, 0xA3, 0x11,
  0xE8, 0xB7, 0x0D, 0x08, 0x03, 0xFB, 0x2F, 0x1E, 0xA0, 0x51,
  0x14, 0x14, 0xEC, 0xB7, 0xB2, 0xFA, 0xB1, 0xE1, 0x0E, 0x3A,
  0x5B, 0x19, 0xD7, 0xE1, 0x0B, 0x28, 0xE7, 0xC1, 0x07, 0xF6,
  0xD0, 0xE6, 0xF0, 0x15, 0xFD, 0x2B, 0xD1, 0x0E, 0x29, 0x1D,
  0xA5, 0x6F, 0x2C, 0xFD, 0x08, 0x0A, 0xD1, 0x1C, 0x05, 0xD7,
  0x1E, 0x38, 0x16, 0xED, 0xF7, 0xE5, 0x2A, 0xDA, 0xDF, 0xD6,
  0x00, 0xF3, 0xDC, 0xCC, 0xEE, 0xDE, 0xDC, 0x38, 0xE3, 0xE5,
  0x0B, 0x28, 0xBF, 0x4B, 0x52, 0xF1, 0xE5, 0xC0, 0x0A, 0x22,
  0xE4, 0xC6, 0xFE, 0x1B, 0x3A, 0xFC, 0xFC, 0xD6, 0xFC, 0x11,
  0xF1, 0x1D, 0x15, 0xE2, 0x0C, 0xEC, 0xDE, 0xF1, 0xE7, 0xE6,
  0xE9, 0x22, 0x21, 0xEC, 0xB0, 0x5F, 0x48, 0xF6, 0xE5, 0xC3,
  0xF8, 0x0F, 0xE5, 0xBC, 0x09, 0x43, 0x20, 0xFA, 0x0A, 0x04,
  0xF7, 0xF6, 0xE0, 0xEC, 0x03, 0xF4, 0xEB, 0x0F, 0xCB, 0xE3,
  0xDE, 0xD9, 0xC8, 0x09, 0x25, 0xC8, 0x81, 0x5F, 0xEF, 0xF3,
  0xEA, 0xED, 0xEF, 0xFB, 0xD2, 0xB9, 0xF1, 0x12, 0xEB, 0xDF,
  0xFB, 0xD3, 0xEB, 0xF7, 0xDB, 0xC2, 0xE9, 0xF8, 0xE4, 0xF0,
  0xC5, 0xF1, 0xF1, 0x02, 0xE6, 0x1C, 0x46, 0x0D, 0xB7, 0x5C,
  0x18, 0x33, 0x12, 0xD8, 0xFF, 0xFD, 0xB3, 0xCA, 0x16, 0x48,
  0x58, 0x07, 0xF9, 0xF6, 0xDB, 0x32, 0xDE, 0xD5, 0xEE, 0x26,
  0xE2, 0xF1, 0xD8, 0x2F, 0xF9, 0xEC, 0xF3, 0x3B, 0xF5, 0xEC,
  0x85, 0x41, 0x33, 0x27, 0x0C, 0xCC, 0x02, 0x3E, 0xCE, 0x08,
  0x38, 0x1B, 0x16, 0x07, 0xE4, 0xB3, 0x28, 0xDA, 0xC7, 0xC4,
  0xF2, 0x0D, 0xF9, 0xDF, 0xB1, 0x08, 0xE5, 0x33, 0xF2, 0x10,
  0x1D, 0xDC, 0xD6, 0x17, 0x17, 0x95, 0xF4, 0x1C, 0xE0, 0x09,
  0x1A, 0xE8, 0xF9, 0xCB, 0xF0, 0x14, 0xC7, 0x45, 0x63, 0xF4,
  0x9A, 0x30, 0xD2, 0xF7, 0x4E, 0x37, 0x39, 0x01, 0xE0, 0x3C,
  0x19, 0x05, 0xC1, 0x00, 0xD7, 0xDB, 0xE8, 0xCF, 0xFC, 0x14,
  0x19, 0xC5, 0xEE, 0x34, 0xE1, 0xCB, 0xFE, 0x15, 0xEE, 0x6B,
  0x20, 0xD0, 0xD3, 0x3A, 0xE5, 0x1E, 0x47, 0x36, 0x18, 0xD0,
  0xC9, 0xF3, 0xFB, 0x12, 0xD6, 0xC3, 0xEA, 0x17, 0xE7, 0x01,
  0x0A, 0x06, 0xDE, 0xEE, 0xCC, 0xCA, 0xE6, 0xEB, 0xFF, 0x05,
  0xEE, 0x00, 0xD9, 0xEB, 0x15, 0xDF, 0xF8, 0x0B, 0x2A, 0x16,
  0xE0, 0xF4, 0xCD, 0x18, 0xFF, 0x11, 0xD8, 0xEE, 0x10, 0x13,
  0xF2, 0x3D, 0x02, 0xFD, 0xDC, 0xEE, 0xC7, 0xE5, 0xFC, 0x0C,
  0xF8, 0xE3, 0xD5, 0x00, 0xB6, 0xFB, 0x29, 0xC4, 0xF4, 0x06,
  0xDF, 0xF8, 0xF8, 0xF9, 0xE5, 0x29, 0x10, 0xF6, 0xFE, 0xED,
  0xFA, 0x02, 0xDB, 0x33, 0x01, 0xD1, 0xFE, 0xFF, 0xFC, 0xDA,
  0x0D, 0x03, 0xF8, 0xE1, 0xE5, 0x00, 0xE2, 0x1D, 0xF9, 0xAE,
  0x0D, 0x17, 0xF6, 0xE8, 0xDE, 0x11, 0x0D, 0x37, 0xF5, 0xE6,
  0xE8, 0xF1, 0xF4, 0x21, 0xF4, 0xD5, 0xE2, 0xE1, 0xDD, 0x01,
  0x0F, 0x1B, 0xEA, 0xD7, 0x18, 0xF3, 0xE0, 0x1A, 0x24, 0x2E,
  0xED, 0x02, 0x13, 0xFC, 0xED, 0xF6, 0xE5, 0xED, 0xDE, 0x33,
  0x21, 0x15, 0xB9, 0xF9, 0xE1, 0xE1, 0xB5, 0x81, 0xEC, 0xE9,
  0xEC, 0x20, 0xE7, 0x0D, 0xF9, 0xA5, 0xAA, 0x38, 0x28, 0x6F,
  0x64, 0xDA, 0xF3, 0x1F, 0x0C, 0x04, 0x06, 0x2A, 0xFD, 0xBE,
  0xD6, 0xF4, 0xEB, 0x49, 0xFF, 0x04, 0x2E, 0xD6, 0x0B, 0x22,
  0x69, 0x03, 0x34, 0xEA, 0xB4, 0x26, 0xDF, 0x15, 0x1D, 0x16,
  0xD9, 0xE7, 0xE5, 0x04, 0x07, 0x09, 0x0C, 0x24, 0xE9, 0xBC,
  0x05, 0x0E, 0x0F, 0x31, 0x36, 0x18, 0xE8, 0x20, 0x22, 0xEC,
  0xE1, 0x07, 0x11, 0xC6, 0x08, 0xED, 0xE9, 0x0D, 0xEF, 0x1A,
  0x14, 0xF0, 0xF9, 0xDB, 0x1E, 0x19, 0x05, 0x41, 0x42, 0xF4,
  0xE5, 0xC1, 0x29, 0xF8, 0x29, 0x14, 0xF0, 0x55, 0x08, 0x2D,
  0x0C, 0xBB, 0xED, 0xD3, 0x27, 0xE7, 0xBF, 0xD6, 0xF2, 0x35,
  0xD5, 0x57, 0xF5, 0xF6, 0xFA, 0xFE, 0x19, 0xFC, 0xEE, 0x28,
  0xFB, 0x1E, 0xCA, 0xEA, 0x13, 0xE9, 0x14, 0xEE, 0xFE, 0x18,
  0xFB, 0x0A, 0xFC, 0x8E, 0xEF, 0xC8, 0xF3, 0xEE, 0xF3, 0xBB,
  0xCA, 0xF7, 0xE1, 0x23, 0xD2, 0xFF, 0xE4, 0xC2, 0xD3, 0x00,
  0xF8, 0x13, 0xCB, 0xF3, 0xB3, 0xD9, 0x0E, 0xB8, 0x16, 0xA4,
  0x0D, 0x13, 0xFE, 0x1F, 0xF6, 0xD3, 0x0A, 0x22, 0xDF, 0x0E,
  0x13, 0xD4, 0xD5, 0xDE, 0x19, 0x0A, 0xEE, 0x13, 0xDE, 0xEE,
  0xE6, 0x47, 0x46, 0x2E, 0x29, 0x18, 0x0E, 0xE6, 0x2F, 0xD9,
  0x03, 0xFB, 0x0C, 0x29, 0xD1, 0xEE, 0xC5, 0x08, 0xEA, 0xBC,
  0x96, 0x0F, 0xD6, 0xF7, 0xF1, 0x8A, 0xF3, 0xFC, 0x94, 0xE8,
  0x0B, 0xBD, 0xF8, 0xD4, 0x10, 0x06, 0x09, 0xD2, 0xFF, 0xB5,
  0xAB, 0x18, 0xFE, 0xDB, 0xBA, 0xB2, 0xF3, 0x0B, 0xDB, 0x22,
  0x38, 0xEB, 0x9A, 0x0B, 0x02, 0x19, 0x38, 0x81, 0x34, 0x18,
  0xAA, 0x11, 0x23, 0x01, 0x3F, 0xF1, 0x03, 0x2D, 0x11, 0x03,
  0x1A, 0xDB, 0x8E, 0xF8, 0x2D, 0xD6, 0xC3, 0xC4, 0xE4, 0xF2,
  0x42, 0xEE, 0x07, 0x4E, 0x27, 0xC3, 0xCE, 0x32, 0xDE, 0xCE,
  0x03, 0xBD, 0xB9, 0x31, 0x0A, 0x0F, 0xF8, 0xEC, 0xF7, 0xD7,
  0x17, 0xF8, 0x40, 0xB9, 0x8E, 0x4F, 0x22, 0xBA, 0x6B, 0xE3,
  0x0B, 0xED, 0xF5, 0xFB, 0xF1, 0x1D, 0x47, 0xCE, 0xF4, 0x3B,
  0xF0, 0xED, 0x15, 0xD8, 0xD3, 0x40, 0x0E, 0x03, 0x19, 0xFC,
  0xFB, 0xC6, 0x16, 0xEE, 0x09, 0xEB, 0xAB, 0x18, 0x03, 0xC3,
  0x18, 0x17, 0x38, 0xDB, 0xDB, 0x06, 0xFC, 0xE0, 0xD4, 0x1E,
  0xED, 0xF1, 0xFF, 0x23, 0xE6, 0xD5, 0x0C, 0x01, 0xE8, 0x45,
  0x14, 0x0D, 0xFE, 0xF9, 0xCF, 0x1E, 0x22, 0xEE, 0xF0, 0x0E,
  0x04, 0x37, 0xBF, 0x1E, 0xDC, 0xDC, 0x9C, 0xE9, 0xF7, 0xC4,
  0xB6, 0x30, 0xFD, 0x09, 0xD8, 0x0F, 0xFA, 0xD2, 0x4D, 0xC1,
  0xFD, 0xF3, 0x0A, 0xF7, 0xDF, 0x01, 0xEF, 0xF3, 0xD1, 0x09,
  0x27, 0x02, 0xE7, 0x2C, 0xDD, 0x17, 0x05, 0xE8, 0xE1, 0xEE,
  0x04, 0xF3, 0xFD, 0x04, 0x11, 0x09, 0xCA, 0x29, 0xEF, 0xD3,
  0x44, 0xDC, 0x0E, 0x20, 0x02, 0x24, 0xF7, 0x07, 0x0C, 0x36,
  0xEC, 0x0A, 0x0B, 0xE7, 0xDA, 0x2D, 0xFA, 0x09, 0x06, 0xF8,
  0x38, 0x10, 0x1A, 0x1F, 0x3B, 0xBD, 0xED, 0x29, 0xEB, 0xFC,
  0xD6, 0xCE, 0xB9, 0x13, 0xEE, 0x17, 0xEA, 0x0F, 0x10, 0xE2,
  0x1E, 0x14, 0x11, 0xF1, 0xF8, 0x00, 0xFA, 0xDE, 0x37, 0xDB,
  0x18, 0xE6, 0x49, 0x26, 0x1B, 0x3F, 0x25, 0xC1, 0xD3, 0x00,
  0x0E, 0x0B, 0xD5, 0xCC, 0xA6, 0x2D, 0xE7, 0xF7, 0x0E, 0x05,
  0x16, 0xA8, 0x07, 0xF8, 0x02, 0x8A, 0xDC, 0x0C, 0xE9, 0x81,
  0x4F, 0xDB, 0xE9, 0xE0, 0x12, 0xC7, 0xC7, 0xF7, 0xFF, 0x0B,
  0x22, 0xEB, 0x3A, 0xF2, 0xD6, 0xC9, 0xFD, 0x3D, 0xA1, 0x01,
  0x01, 0x07, 0x03, 0x32, 0x00, 0x32, 0x0B, 0x19, 0x15, 0xF6,
  0xE6, 0x28, 0x35, 0xFD, 0xF2, 0xD2, 0x2A, 0xA9, 0xC8, 0x05,
  0xE7, 0x0D, 0xE8, 0xAB, 0x21, 0x18, 0xD2, 0xDE, 0xF8, 0x36,
  0x83, 0x34, 0xD5, 0xF9, 0xE0, 0x01, 0xF6, 0x24, 0x09, 0x1B,
  0xF3, 0xD5, 0xF5, 0x2A, 0x15, 0x04, 0x08, 0xF8, 0xFE, 0xC0,
  0xD4, 0x1A, 0xD6, 0xE9, 0xC8, 0xC6, 0x26, 0x1A, 0xED, 0xDB,
  0x19, 0x37, 0x83, 0x27, 0xC6, 0xFF, 0xF5, 0xE8, 0x1B, 0x0F,
  0x0C, 0x0D, 0x07, 0xD0, 0xED, 0x2D, 0x26, 0xF4, 0xDA, 0x13,
  0xF5, 0xD4, 0xCF, 0xFA, 0xF5, 0xEE, 0xEF, 0xC3, 0x21, 0xD6,
  0xE9, 0xE2, 0x18, 0x2E, 0x90, 0x20, 0xDC, 0xFB, 0xDB, 0xE0,
  0x1C, 0x04, 0xFB, 0x2C, 0xDD, 0xF8, 0xFA, 0x1C, 0xF4, 0xE6,
  0xE6, 0x03, 0x1A, 0xDE, 0x07, 0x06, 0xDE, 0x0F, 0x0C, 0xCD,
  0x11, 0xF2, 0xDF, 0xEC, 0x12, 0x15, 0x81, 0x14, 0xFE, 0xE3,
  0xF0, 0x01, 0x05, 0x04, 0x07, 0xEE, 0x06, 0x0C, 0xEF, 0x21,
  0x1B, 0x03, 0x09, 0xDE, 0xC2, 0xAF, 0xE6, 0x01, 0xE2, 0x13,
  0x1A, 0xC2, 0x2C, 0xFB, 0xDF, 0xDA, 0x03, 0x1E, 0xA1, 0xFA,
  0x00, 0xDE, 0xD6, 0x0D, 0x20, 0x08, 0x0B, 0x0D, 0x10, 0x11,
  0x0B, 0x24, 0x22, 0xE6, 0x1C, 0xEC, 0x03, 0xCE, 0xCB, 0xE9,
  0xDD, 0x32, 0x00, 0xBB, 0x46, 0xF2, 0xE6, 0xE6, 0xDE, 0x20,
  0xB9, 0xF3, 0xE6, 0x0B, 0xFD, 0x0D, 0x2D, 0xF1, 0x07, 0x06,
  0x26, 0xC2, 0xE7, 0x08, 0x00, 0xED, 0xEA, 0xEA, 0xF1, 0x81,
  0xE1, 0xFF, 0xE6, 0xFE, 0x0A, 0xCD, 0x40, 0x09, 0xFC, 0xE8,
  0xF3, 0x1F, 0xBB, 0x09, 0x0E, 0x35, 0xE9, 0x0E, 0x03, 0x20,
  0x13, 0xFD, 0x00, 0xE6, 0x21, 0xF5, 0x01, 0xFB, 0xF1, 0xFE,
  0xF4, 0xB2, 0xC4, 0x18, 0xE6, 0xFC, 0x01, 0x94, 0x32, 0x3C,
  0xE1, 0xF8, 0x22, 0x28, 0xA9, 0x1A, 0xD9, 0xE5, 0x23, 0x13,
  0x05, 0x25, 0x0B, 0xEB, 0x07, 0xBE, 0x03, 0x08, 0x25, 0x00,
  0xCE, 0x07, 0x0D, 0xC4, 0xC0, 0x0D, 0xCB, 0x19, 0xFD, 0xAE,
  0x16, 0xFB, 0x0E, 0x39, 0x18, 0x25, 0x9C, 0xEC, 0xDC, 0x21,
  0xFA, 0x15, 0xF8, 0xF8, 0xF2, 0xEE, 0x10, 0xED, 0x1F, 0x21,
  0x1C, 0xEF, 0xEB, 0xCB, 0x01, 0xAF, 0xD8, 0x0A, 0xD0, 0x29,
  0x06, 0xD0, 0x25, 0xE8, 0xBF, 0x2E, 0xEB, 0x1E, 0xB1, 0x30,
  0xE7, 0x00, 0xF2, 0x3A, 0x03, 0x1E, 0xF4, 0xE4, 0x0D, 0x1D,
  0xF4, 0x0B, 0xEB, 0xDC, 0x17, 0xF7, 0xFC, 0xCC, 0xDD, 0x24,
  0xE4, 0x2E, 0x07, 0xD5, 0x2E, 0x07, 0xDC, 0x1C, 0xFD, 0x1D,
  0xC7, 0x19, 0xD5, 0x05, 0x20, 0x30, 0xF4, 0x38, 0x14, 0xE6,
  0xD2, 0xDA, 0x18, 0x0B, 0xFA, 0xF6, 0x13, 0xDD, 0xF4, 0xBC,
  0xDC, 0x20, 0xC4, 0x3F, 0xFF, 0xB1, 0x4A, 0x13, 0xFE, 0x30,
  0x01, 0x10, 0x89, 0x0F, 0xD1, 0x21, 0x17, 0x01, 0x03, 0xF8,
  0x06, 0xDD, 0xFE, 0x0C, 0x00, 0x33, 0x11, 0xF8, 0xE5, 0xFC,
  0xFF, 0xD9, 0xDB, 0x09, 0xD8, 0x15, 0x0D, 0xB5, 0x25, 0xF3,
  0xFC, 0x1B, 0x04, 0x33, 0xB5, 0x14, 0x05, 0x2E, 0xE6, 0x2A,
  0x21, 0x1B, 0x28, 0xF6, 0x08, 0xDF, 0x2E, 0x05, 0xF5, 0xEC,
  0xEB, 0x4D, 0xF9, 0xB7, 0xF5, 0xD7, 0x43, 0xE9, 0x08, 0x16,
  0xB2, 0x08, 0xEA, 0x1C, 0x1E, 0xFA, 0xDD, 0xE1, 0x0B, 0x0B,
  0x29, 0xF4, 0xF9, 0x46, 0x47, 0x03, 0xE6, 0x1E, 0x47, 0x2B,
  0x4B, 0x20, 0xF7, 0x15, 0xE9, 0x17, 0x2E, 0x19, 0xE7, 0xEF,
  0x14, 0x2F, 0xE8, 0xD5, 0x09, 0x25, 0x0C, 0xD5, 0x12, 0x00,
  0xF7, 0xD8, 0x09, 0xF7, 0x23, 0x2C, 0xFB, 0xC4, 0x0A, 0x2E,
  0x04, 0x07, 0xE9, 0x1F, 0x28, 0xD7, 0xEC, 0x27, 0xED, 0x1A,
  0x9A, 0x9D, 0x40, 0x1B, 0x5B, 0x24, 0x20, 0x5E, 0xF8, 0x31,
  0x19, 0x25, 0xFB, 0xD0, 0xEF, 0xF6, 0x02, 0xFC, 0x1D, 0xD0,
  0xFD, 0xF7, 0x08, 0xF2, 0x0B, 0x1A, 0x37, 0x56, 0xFD, 0x42,
  0xFB, 0x03, 0x81, 0xF0, 0xDF, 0x26, 0x57, 0x35, 0x16, 0x30,
  0x47, 0xC6, 0x10, 0x16, 0x23, 0xB1, 0x0C, 0x7D, 0xF5, 0xB4,
  0xDD, 0x3F, 0xD1, 0xE9, 0x67, 0xD4, 0x39, 0xEF, 0x10, 0x43,
  0x0D, 0xC7, 0xCE, 0xFF, 0xC9, 0xF8, 0xFF, 0xF1, 0x50, 0x15,
  0x24, 0x2E, 0xE5, 0x36, 0x0D, 0xC7, 0xE3, 0x05, 0x28, 0x66,
  0x14, 0x14, 0x11, 0xFA, 0xA3, 0x0A, 0x27, 0xE4, 0x34, 0x41,
  0xED, 0x74, 0xDA, 0xD3, 0x10, 0xE4, 0xD9, 0x08, 0xF0, 0xBD,
  0x55, 0x43, 0x6B, 0x19, 0xE0, 0x1C, 0x0C, 0xCD, 0xE2, 0xF7,
  0x4E, 0x3F, 0xCA, 0x1D, 0xF7, 0xE6, 0x1C, 0x2C, 0x31, 0xE5,
  0xE5, 0x16, 0x0E, 0x17, 0xC4, 0x00, 0x21, 0xFA, 0xEB, 0x01,
  0x00, 0x48, 0x22, 0x9E, 0x6A, 0x37, 0xDF, 0x1F, 0x3C, 0xE3,
  0xD6, 0xD1, 0xEE, 0x3C, 0xBD, 0xEA, 0xCF, 0xF0, 0xF4, 0x2A,
  0x55, 0xC8, 0xB7, 0xFE, 0x00, 0x4A, 0xBF, 0x37, 0x14, 0xD8,
  0xF8, 0xFF, 0xA8, 0xE7, 0xE6, 0xE3, 0xEF, 0x1F, 0x3C, 0xF5,
  0xE0, 0xC4, 0xF7, 0xE5, 0xA3, 0x81, 0x4A, 0xE9, 0xB1, 0xE8,
  0xF6, 0xDB, 0x1B, 0xF9, 0xD8, 0x1F, 0xEA, 0x23, 0xF8, 0x68,
  0xF3, 0xC8, 0xAD, 0x18, 0xFD, 0x08, 0x41, 0x02, 0x02, 0x31,
  0x08, 0x0B, 0xF7, 0x9F, 0x13, 0xE9, 0x0B, 0xF2, 0x21, 0xC4,
  0xC5, 0xBF, 0xFE, 0x19, 0xF4, 0x24, 0xE8, 0xDF, 0xF6, 0xFF,
  0xB9, 0x36, 0x1C, 0xDF, 0x02, 0x0C, 0x3A, 0xF1, 0x51, 0x9F,
  0x17, 0x06, 0xE0, 0x09, 0x23, 0xC9, 0x24, 0xD1, 0xEC, 0x18,
  0x48, 0x01, 0xD7, 0xB5, 0x03, 0x08, 0x0A, 0xFE, 0xCD, 0xEA,
  0xE9, 0xF2, 0xC2, 0x09, 0x0C, 0xA8, 0xDF, 0xC5, 0x1D, 0x0B,
  0x14, 0xDA, 0x15, 0xEA, 0xC6, 0x0B, 0xF9, 0xCB, 0xEC, 0xDC,
  0xD1, 0xF6, 0xFA, 0xAA, 0xDC, 0xC1, 0x1D, 0xEA, 0xE2, 0xD5,
  0xD1, 0xCB, 0x1D, 0xF0, 0xDB, 0x02, 0x30, 0xE1, 0xF1, 0xDD,
  0xBF, 0x20, 0xFD, 0xD7, 0x31, 0x2E, 0xE3, 0x05, 0x0D, 0xBD,
  0x19, 0xD4, 0xB8, 0x0D, 0x03, 0xD7, 0xD3, 0xB8, 0x27, 0xD8,
  0xDC, 0xC7, 0xD8, 0xCD, 0x66, 0xF7, 0xDD, 0x1E, 0x09, 0xC9,
  0xE9, 0x0A, 0xE8, 0x00, 0x09, 0xA1, 0xED, 0x1A, 0x30, 0x46,
  0x20, 0xCF, 0xBC, 0xFE, 0xE4, 0x07, 0xF5, 0xED, 0xAF, 0xF1,
  0x0A, 0x1B, 0xEE, 0xD8, 0xBB, 0xF3, 0x04, 0x30, 0xB3, 0x31,
  0x34, 0x2B, 0x36, 0x14, 0x37, 0x20, 0x19, 0xFC, 0x13, 0x7E,
  0x67, 0xC4, 0x3D, 0xAB, 0x06, 0xE0, 0xD8, 0x3C, 0x17, 0xF8,
  0xB3, 0xF4, 0xEA, 0x17, 0x3B, 0x14, 0xDE, 0xFB, 0x8C, 0x48,
  0xE3, 0xCC, 0x4B, 0xC7, 0x38, 0xC9, 0x26, 0xBD, 0xBC, 0xD8,
  0xBE, 0x26, 0x18, 0x05, 0xD8, 0x2C, 0x01, 0xA9, 0x12, 0xFA,
  0x2A, 0xF9, 0x0D, 0xA5, 0x10, 0xE3, 0x17, 0xF8, 0x02, 0x59,
  0xD6, 0x2A, 0xE6, 0x3B, 0x22, 0x29, 0x25, 0xC2, 0xFA, 0x27,
  0xFF, 0xB1, 0xEA, 0x1E, 0xDC, 0x1D, 0x08, 0xE7, 0xF7, 0xC5,
  0xFE, 0x27, 0xE3, 0x30, 0xEE, 0xF8, 0xDC, 0x4C, 0x00, 0x0B,
  0xCD, 0x15, 0x30, 0x69, 0xE2, 0x13, 0x07, 0xF4, 0xFA, 0x1F,
  0xC5, 0x15, 0x30, 0xFD, 0x36, 0x29, 0xDE, 0x18, 0x22, 0xCD,
  0x0F, 0x2C, 0xF9, 0x39, 0xE3, 0xFE, 0x07, 0x09, 0xD2, 0x2C,
  0xF2, 0xEC, 0x0E, 0x3D, 0x1D, 0x39, 0x19, 0xED, 0x07, 0xDD,
  0x11, 0xFC, 0xF9, 0xF9, 0x4C, 0x48, 0x0C, 0x55, 0xC3, 0x54,
  0xF2, 0x10, 0x01, 0x3C, 0x36, 0xFC, 0x10, 0x04, 0xE1, 0xF7,
  0xE6, 0x0A, 0x0D, 0xFB, 0x42, 0x42, 0xD2, 0x5C, 0xDA, 0x10,
  0xFB, 0xF8, 0xFC, 0xD7, 0x09, 0x13, 0x5A, 0x09, 0xEB, 0x43,
  0xDA, 0x33, 0x00, 0x36, 0xB8, 0xDA, 0x3D, 0x1F, 0xDB, 0x02,
  0xE9, 0xD4, 0xE5, 0x5B, 0x2E, 0x08, 0x01, 0x09, 0x3E, 0x5C,
  0xF5, 0x60, 0x12, 0x1E, 0xF9, 0xD7, 0xC2, 0x3F, 0x5F, 0xE8,
  0x42, 0x2B, 0xE6, 0xF2, 0x72, 0x0B, 0xE0, 0x0E, 0x32, 0x36,
  0x8E, 0x26, 0xEA, 0x14, 0xB1, 0x66, 0x2E, 0xED, 0xBC, 0x98,
  0x7F, 0xE7, 0x1F, 0xEC, 0xE9, 0x99, 0xC6, 0xF9, 0xA0, 0x3A,
  0x73, 0x04, 0x54, 0x2C, 0xBD, 0xEA, 0x1A, 0x27, 0xEA, 0x25,
  0x07, 0xF0, 0xEC, 0xC2, 0x17, 0x1B, 0x37, 0xF9, 0x0B, 0xD5,
  0x03, 0xF6, 0xD6, 0x34, 0x55, 0xFA, 0x1C, 0x2D, 0x12, 0xDF,
  0xEF, 0x7F, 0x36, 0x36, 0x28, 0x0C, 0x23, 0x05, 0x47, 0x1C,
  0x0A, 0x12, 0x3E, 0xF7, 0xDE, 0x09, 0x0E, 0x32, 0xE1, 0x24,
  0x14, 0x14, 0x1C, 0xF3, 0xE1, 0x26, 0x25, 0x1B, 0x0A, 0x36,
  0x1D, 0xE6, 0xD7, 0x5A, 0x40, 0x59, 0x20, 0x05, 0x24, 0xFB,
  0x54, 0xE9, 0xF4, 0xF6, 0x43, 0xDB, 0xE6, 0x08, 0x01, 0xFB,
  0x00, 0xF2, 0x08, 0xEF, 0x1F, 0xFF, 0x10, 0x0E, 0x33, 0x33,
  0x11, 0x35, 0xFD, 0xFD, 0xE5, 0x35, 0x30, 0x32, 0x36, 0xEE,
  0x15, 0xFB, 0x26, 0xEE, 0xE5, 0x20, 0x36, 0xDE, 0x0C, 0xF3,
  0x24, 0xE9, 0xE3, 0x05, 0x10, 0xC9, 0x00, 0xF1, 0x19, 0x0E,
  0x26, 0x3E, 0x18, 0x26, 0xE7, 0xF9, 0xD1, 0x22, 0x2D, 0x0A,
  0x1C, 0xDE, 0xF9, 0x02, 0xFF, 0xF2, 0xE7, 0x1A, 0x10, 0xCE,
  0x05, 0xD3, 0x01, 0xB5, 0xD7, 0x25, 0x1F, 0xB8, 0xEB, 0xD7,
  0x54, 0xFC, 0x0F, 0x2A, 0x20, 0x26, 0xCE, 0x02, 0xD7, 0x02,
  0x18, 0x10, 0x0F, 0xFE, 0xEF, 0x03, 0xF9, 0xCF, 0xEF, 0x1C,
  0xFC, 0xEE, 0x0A, 0xCF, 0x21, 0xD8, 0xE6, 0x13, 0x06, 0xD4,
  0x16, 0xD7, 0x37, 0xE8, 0x1E, 0x1A, 0x3A, 0x15, 0xEC, 0x11,
  0xFE, 0x03, 0xFA, 0xF6, 0xF0, 0x01, 0xDB, 0x1A, 0xBF, 0xC3,
  0x05, 0x0A, 0xF7, 0xF3, 0x30, 0xD8, 0x28, 0xF2, 0xF0, 0xFA,
  0x19, 0xE5, 0x17, 0xD1, 0x4A, 0x14, 0x33, 0x64, 0x3D, 0x1A,
  0xDB, 0xFC, 0x1B, 0xE5, 0xF0, 0xDF, 0x03, 0x31, 0xF2, 0x54,
  0xC4, 0xDF, 0xF8, 0x0A, 0x02, 0x0D, 0x3A, 0xED, 0x0B, 0xEB,
  0xFA, 0x26, 0x30, 0xFA, 0x2D, 0xE0, 0xF4, 0xF3, 0xCB, 0x57,
  0x08, 0xD6, 0x87, 0xE2, 0xCE, 0x27, 0x4C, 0xAD, 0x2B, 0xF7,
  0xB6, 0xC8, 0x31, 0xBE, 0xF4, 0xDE, 0xF1, 0x0E, 0xFE, 0x9E,
  0xDC, 0xC9, 0x9D, 0x18, 0x0E, 0xEF, 0x9B, 0x81, 0xE6, 0x03,
  0xD0, 0x1B, 0x09, 0xF1, 0xAA, 0xE3, 0xC1, 0x10, 0x4E, 0xCA,
  0x17, 0xEC, 0xDC, 0xD0, 0x29, 0xF5, 0x1C, 0xB7, 0xF4, 0x04,
  0xDB, 0xA0, 0xE2, 0xEA, 0xC0, 0x04, 0xEF, 0xFA, 0xB9, 0xA0,
  0x07, 0xF2, 0xF2, 0x05, 0x12, 0x0B, 0xD4, 0xD1, 0xEE, 0xFF,
  0x2C, 0x05, 0xFE, 0x0E, 0x13, 0xD8, 0xFB, 0x0A, 0x0F, 0xE6,
  0x05, 0xE9, 0xBE, 0xD7, 0x1F, 0x36, 0xEA, 0x0C, 0xF3, 0xEE,
  0xD4, 0xD5, 0x23, 0xCF, 0x00, 0xD7, 0xE4, 0x18, 0x12, 0xD8,
  0x18, 0x0A, 0x00, 0x2D, 0xEA, 0xFB, 0xF2, 0xBC, 0xF9, 0xC5,
  0x01, 0xE4, 0xF1, 0xE1, 0xCB, 0x01, 0x10, 0xEE, 0xFB, 0xFE,
  0xD8, 0xF4, 0xFC, 0xF6, 0x11, 0xC7, 0x05, 0xCF, 0xD9, 0x0B,
  0x1B, 0xF2, 0x28, 0x00, 0x00, 0x20, 0xEA, 0x06, 0xE3, 0xE2,
  0xC4, 0xE4, 0x04, 0x03, 0xDF, 0xE0, 0xF6, 0x19, 0xFB, 0xF8,
  0x2E, 0xDA, 0xEA, 0xFA, 0x22, 0x22, 0xFF, 0xF9, 0x22, 0xF9,
  0xEA, 0xFA, 0x40, 0xFE, 0x07, 0x0F, 0xE2, 0x10, 0xFE, 0x1E,
  0xFC, 0x05, 0xE7, 0x19, 0x10, 0x10, 0xE3, 0xFE, 0x12, 0x2E,
  0x05, 0x15, 0x3E, 0xE4, 0xFD, 0x1C, 0x33, 0x15, 0xFC, 0x32,
  0x39, 0xFE, 0x05, 0xFF, 0x36, 0xF5, 0xEE, 0xCB, 0xD6, 0x2C,
  0xDB, 0xFE, 0x09, 0x37, 0xFC, 0x0B, 0x03, 0x2C, 0xE9, 0x03,
  0x02, 0x29, 0xFA, 0xF1, 0x38, 0xEC, 0x16, 0x30, 0x30, 0x33,
  0x07, 0xFB, 0xF3, 0x1C, 0x24, 0x0D, 0xEC, 0xD2, 0xF3, 0xF6,
  0x20, 0xA0, 0xEB, 0x3C, 0xDE, 0x15, 0xDD, 0x33, 0x16, 0xD7,
  0x1E, 0xD9, 0x2B, 0x0E, 0x10, 0xEC, 0x8A, 0x27, 0x2B, 0x20,
  0xD7, 0xD1, 0x44, 0x38, 0xD2, 0x0C, 0xDB, 0xEE, 0xF1, 0xF9,
  0xB2, 0xD5, 0x31, 0xFC, 0xEE, 0x23, 0x02, 0x08, 0x3B, 0xEA,
  0x41, 0xDF, 0xE6, 0x16, 0xE5, 0x01, 0x34, 0x1C, 0xAB, 0x13,
  0x3A, 0xE2, 0xF2, 0xE9, 0xF9, 0x2B, 0x1E, 0xE3, 0xCC, 0xFA,
  0x11, 0x10, 0xC9, 0xBF, 0x0C, 0x26, 0x17, 0x24, 0x0D, 0x18,
  0xE0, 0xFE, 0x17, 0x3A, 0xFF, 0xFB, 0xFC, 0x13, 0xE9, 0x17,
  0x10, 0xEB, 0x31, 0x13, 0x4E, 0x31, 0x9A, 0x45, 0x0E, 0xE8,
  0xE2, 0xE4, 0x1D, 0x0E, 0x11, 0xE9, 0xDD, 0xEF, 0x17, 0x44,
  0x00, 0x4B, 0xBC, 0xD4, 0xF0, 0x24, 0xF4, 0x24, 0xFC, 0x1A,
  0x2C, 0xF4, 0x3D, 0x03, 0xE0, 0xFB, 0x2D, 0x48, 0xA9, 0x35,
  0xFA, 0x5D, 0x55, 0x16, 0xDB, 0x06, 0x07, 0xFF, 0x1E, 0x96,
  0x12, 0x66, 0xED, 0xF8, 0x23, 0xCF, 0xB4, 0xB4, 0x00, 0x18,
  0x09, 0xFF, 0xF4, 0xF3, 0x17, 0x22, 0x18, 0xE5, 0xCB, 0x15,
  0x1F, 0x08, 0x19, 0xEC, 0x30, 0xFE, 0xD7, 0xE4, 0xEC, 0x55,
  0x16, 0xE2, 0xD5, 0x7F, 0xE9, 0xF0, 0x41, 0xBA, 0xD8, 0xEB,
  0x04, 0x21, 0xD5, 0xF0, 0xCC, 0x9B, 0xB3, 0x40, 0x1C, 0xF3,
  0xD5, 0xD7, 0x3B, 0x2A, 0x0C, 0xA2, 0xED, 0xFA, 0x05, 0x0A,
  0xB9, 0x07, 0x22, 0x4B, 0x12, 0x0F, 0xFF, 0xE0, 0xF8, 0x17,
  0xFB, 0xFC, 0x28, 0x34, 0xE4, 0xF2, 0xB4, 0xD9, 0xFF, 0xCF,
  0x4C, 0xE1, 0xFF, 0x10, 0x0F, 0xEA, 0x3A, 0xED, 0xFB, 0x28,
  0x53, 0x2E, 0x27, 0x14, 0xDF, 0x38, 0xF1, 0x10, 0xEC, 0x19,
  0xEB, 0xF9, 0xE4, 0x21, 0x0D, 0xF2, 0xF4, 0x16, 0xE1, 0xE0,
  0x4A, 0xF7, 0xF5, 0x30, 0x52, 0x38, 0xE9, 0xF6, 0x09, 0x04,
  0x06, 0xCE, 0x19, 0x04, 0x0B, 0x00, 0xFB, 0xDD, 0x0B, 0x23,
  0xE8, 0x02, 0xF2, 0xEB, 0x08, 0x15, 0xDE, 0x18, 0x0F, 0xD4,
  0xC9, 0xD8, 0x39, 0xF8, 0x1C, 0x16, 0xFA, 0x36, 0x0A, 0x25,
  0xED, 0xF1, 0x05, 0xC0, 0x33, 0x0C, 0xCE, 0xEF, 0x2B, 0x1A,
  0x0D, 0x50, 0x20, 0x01, 0x27, 0xF8, 0x23, 0xE6, 0xEF, 0x22,
  0xDB, 0xDC, 0xC4, 0xCA, 0xE3, 0xFC, 0x26, 0xD9, 0x0C, 0x0D,
  0x12, 0x38, 0x21, 0x9D, 0xE3, 0xDE, 0x1C, 0xD6, 0xF3, 0xF7,
  0x25, 0x28, 0x0E, 0x32, 0xFF, 0xF2, 0xEF, 0xD5, 0x01, 0x10,
  0x02, 0x19, 0xF0, 0xF3, 0xAB, 0xBC, 0x0F, 0xDB, 0x40, 0xCD,
  0x12, 0x0C, 0xF8, 0x20, 0xFF, 0xCA, 0xFB, 0x0F, 0xF1, 0x04,
  0xFD, 0xEE, 0xF6, 0x11, 0x1A, 0x3C, 0xFF, 0x32, 0xE1, 0x01,
  0xD2, 0x38, 0x3F, 0x46, 0xF8, 0x22, 0xF1, 0x03, 0x1C, 0xCB,
  0x0D, 0xF1, 0xF4, 0x0F, 0xE4, 0xE9, 0xB8, 0xFB, 0xFC, 0xCC,
  0xB1, 0x38, 0xE9, 0xEA, 0xE2, 0xB3, 0x0A, 0x08, 0xBC, 0xD8,
  0x1C, 0xF3, 0xE5, 0xD6, 0x10, 0x3F, 0x3B, 0x06, 0xFA, 0xD1,
  0xC2, 0x07, 0xFF, 0xB0, 0xCD, 0xA7, 0xF7, 0xDE, 0xCA, 0x1B,
  0x18, 0xFA, 0xA3, 0x29, 0x08, 0x0F, 0xE4, 0x82, 0x18, 0xE8,
  0xC2, 0xE7, 0x2B, 0xF0, 0x0D, 0x09, 0x03, 0x1A, 0x3B, 0xD1,
  0x05, 0xD0, 0xA9, 0x07, 0xEF, 0xD3, 0x9F, 0x81, 0x0D, 0x25,
  0x1F, 0x0A, 0xEA, 0xEA, 0x0F, 0xFA, 0x1D, 0xF9, 0xFB, 0x06,
  0xB2, 0xFA, 0x06, 0x2C, 0xF4, 0xE9, 0x27, 0xFC, 0xEF, 0x08,
  0x3F, 0x0E, 0x05, 0xF8, 0xF4, 0x25, 0x15, 0xFE, 0xFF, 0x59,
  0x1B, 0x5D, 0x65, 0x1B, 0xE7, 0x00, 0xFC, 0xD9, 0x3C, 0x25,
  0x1F, 0x5A, 0xFA, 0x00, 0xEB, 0x50, 0x06, 0xFA, 0xF6, 0x17,
  0x3A, 0x0C, 0x62, 0x0B, 0xFE, 0xD4, 0xE4, 0xDD, 0xFE, 0xCC,
  0x24, 0x40, 0x04, 0x7F, 0x4A, 0x29, 0x33, 0xF2, 0xD8, 0x43,
  0x49, 0x2A, 0x0F, 0x01, 0x51, 0x0C, 0x04, 0xFB, 0xE0, 0xCD,
  0xD3, 0xF5, 0x44, 0x2A, 0x3A, 0x00, 0xD2, 0xCC, 0xD1, 0xF6,
  0xFE, 0xB9, 0x0F, 0xD1, 0x15, 0x17, 0xEE, 0x17, 0x33, 0xF5,
  0xCE, 0x4B, 0x55, 0x1F, 0x37, 0x17, 0x03, 0x09, 0xC6, 0x07,
  0x21, 0xE4, 0x0F, 0xC6, 0xFC, 0x14, 0x13, 0xDB, 0xF0, 0x30,
  0xCD, 0x1F, 0x06, 0xD1, 0xF9, 0xB1, 0x26, 0xE5, 0x3C, 0x0C,
  0x05, 0xD6, 0xC9, 0x16, 0x19, 0x67, 0x77, 0x1D, 0xE6, 0xD2,
  0xEB, 0x25, 0xF2, 0x10, 0x06, 0xEC, 0xED, 0xB6, 0x0F, 0xE3,
  0x02, 0x0C, 0xC4, 0x09, 0xDF, 0xBE, 0xFB, 0x0B, 0x25, 0x25,
  0x48, 0xEF, 0xDB, 0x0A, 0x09, 0x01, 0x0E, 0x3D, 0x51, 0x1F,
  0x18, 0xDF, 0x12, 0x33, 0x02, 0xC6, 0x1F, 0xED, 0x18, 0xDD,
  0x02, 0x2F, 0xD4, 0xEF, 0xF7, 0xF0, 0xFA, 0xF7, 0x21, 0x17,
  0x0C, 0x2C, 0x30, 0xD9, 0xFB, 0x2B, 0x36, 0x19, 0xF6, 0x1E,
  0x04, 0x2D, 0x55, 0x09, 0x47, 0x29, 0x13, 0xE6, 0x29, 0x1E,
  0x17, 0x0D, 0xBF, 0xF3, 0xE0, 0x10, 0x3A, 0xFF, 0x2A, 0x25,
  0x2D, 0x20, 0x7F, 0x07, 0x06, 0x4D, 0xC8, 0x54, 0x33, 0xF1,
  0xFB, 0xAD, 0x03, 0x17, 0xF5, 0xE3, 0xE7, 0x27, 0x3B, 0xFD,
  0x3C, 0xE1, 0x32, 0x00, 0x23, 0xC8, 0x43, 0xD6, 0xFE, 0x3A,
  0xF2, 0xB9, 0x2D, 0x4B, 0x24, 0x40, 0xF1, 0x3C, 0xFD, 0x40,
  0x41, 0xEA, 0x0E, 0xED, 0xFA, 0x27, 0x25, 0xCF, 0x18, 0x15,
  0xF6, 0xD0, 0x2D, 0xD7, 0x36, 0x0D, 0x10, 0xD2, 0xE4, 0xB3,
  0xD7, 0x02, 0x43, 0xB7, 0x2A, 0x2C, 0x06, 0x11, 0xF7, 0x26,
  0x0A, 0xF6, 0x3C, 0x05, 0x07, 0xF6, 0xE7, 0xF6, 0x20, 0xF0,
  0xE9, 0x13, 0x00, 0xD1, 0xEE, 0xE7, 0xFF, 0xFC, 0xFD, 0xFB,
  0xF5, 0xBF, 0xE9, 0x0A, 0xE5, 0x29, 0x0F, 0xD1, 0xEE, 0xF1,
  0xB8, 0x08, 0x1D, 0xE0, 0xE5, 0xD4, 0xE9, 0xF9, 0x09, 0xD6,
  0xDA, 0x17, 0xD1, 0xD0, 0x0B, 0xA7, 0xF1, 0xCF, 0xFC, 0xEA,
  0x09, 0xE8, 0x18, 0xD2, 0xF7, 0x32, 0x0F, 0xC9, 0xDD, 0x0F,
  0x03, 0x12, 0xDB, 0x10, 0xF7, 0xF5, 0x06, 0xD1, 0xEC, 0x45,
  0x3C, 0xBC, 0xF9, 0x07, 0xFB, 0xEC, 0xF7, 0xD8, 0x15, 0x12,
  0x36, 0x00, 0xFF, 0xB7, 0x18, 0x0A, 0xD3, 0x00, 0xE8, 0xB6,
  0xF6, 0xF3, 0xD4, 0x28, 0xCF, 0xD7, 0x2D, 0xD3, 0xE0, 0x05,
  0x14, 0x54, 0x19, 0xCF, 0x2B, 0x46, 0xE4, 0x01, 0x35, 0x31,
  0x00, 0x05, 0x1E, 0xF5, 0xDB, 0x0B, 0x10, 0x1C, 0xF3, 0x08,
  0x1A, 0x0E, 0xB0, 0xDA, 0xEB, 0x20, 0xD2, 0xB6, 0xF2, 0x96,
  0x03, 0x47, 0xE3, 0x10, 0x1F, 0x12, 0x1A, 0xF3, 0xFE, 0xD4,
  0x1B, 0x05, 0xF2, 0x1D, 0xF4, 0x27, 0xC8, 0x02, 0xC1, 0x3E,
  0x0E, 0x18, 0x24, 0x15, 0xD4, 0xE1, 0x06, 0x1D, 0x13, 0xFC,
  0x0B, 0x31, 0xEE, 0xFC, 0xE0, 0x36, 0x02, 0x33, 0x28, 0xE5,
  0x2E, 0xC6, 0x1A, 0xD0, 0x30, 0x00, 0x7F, 0x1F, 0xFE, 0x01,
  0xE9, 0x06, 0x24, 0x17, 0xE8, 0x4E, 0xCC, 0x00, 0x24, 0xD0,
  0xF7, 0xEA, 0x14, 0xF8, 0xEA, 0x32, 0xEA, 0xEA, 0xFF, 0x26,
  0x09, 0xF6, 0x08, 0xB9, 0x06, 0xF3, 0x0E, 0x04, 0x30, 0x16,
  0x0C, 0xFB, 0x1A, 0x12, 0xEE, 0x3C, 0xE9, 0x22, 0xC8, 0x08,
  0x2C, 0xEA, 0x13, 0xD8, 0x09, 0xE1, 0xF8, 0x27, 0xFC, 0xC3,
  0xDF, 0x13, 0xE8, 0xD7, 0x0B, 0xD3, 0x0D, 0xD9, 0xFB, 0x0F,
  0x21, 0xF8, 0x01, 0x01, 0x05, 0x13, 0x06, 0x17, 0xE6, 0x0C,
  0xE5, 0x44, 0xF9, 0xFF, 0x01, 0xD2, 0xE7, 0xD1, 0xF4, 0xF9,
  0xE2, 0xF0, 0xCF, 0x0C, 0xFC, 0xD6, 0xE7, 0xE3, 0xC5, 0xD5,
  0xEA, 0x31, 0x08, 0xE2, 0xF9, 0x14, 0xD7, 0xDD, 0xF6, 0xF2,
  0xE7, 0x07, 0x02, 0x1F, 0xF3, 0xEE, 0x1F, 0xB9, 0x21, 0xF2,
  0x0D, 0x04, 0xF0, 0xCC, 0xD0, 0xE8, 0x0F, 0x07, 0xDA, 0xDC,
  0xCE, 0xFB, 0xD6, 0x30, 0xE8, 0x06, 0xFC, 0x4C, 0xE4, 0x03,
  0x0D, 0xED, 0x04, 0x12, 0xF9, 0xF1, 0xF5, 0xDA, 0x25, 0xD8,
  0x12, 0xDB, 0xE9, 0x31, 0xD1, 0xDA, 0x9D, 0xB8, 0xD4, 0x31,
  0xCE, 0x05, 0x0F, 0x3A, 0xFC, 0x13, 0xCB, 0x0A, 0x27, 0x00,
  0x1B, 0x32, 0xE9, 0xCF, 0x08, 0xAB, 0xCF, 0xD9, 0xCC, 0x0A,
  0x26, 0xD1, 0xFF, 0xCC, 0xF8, 0xFB, 0x0C, 0xF2, 0xA9, 0xCF,
  0xD4, 0xFB, 0xE1, 0x3B, 0x02, 0x4D, 0x03, 0x23, 0xD8, 0x1A,
  0x2C, 0x51, 0xEC, 0x13, 0xF2, 0xC8, 0x2A, 0x9F, 0x3A, 0x10,
  0x15, 0x00, 0x1A, 0x08, 0x00, 0x0E, 0x5A, 0xAF, 0xF2, 0x26,
  0xD1, 0x81, 0x14, 0xBB, 0xA7, 0x1D, 0xD1, 0x2E, 0x11, 0xD5,
  0xE5, 0x0B, 0x24, 0xEA, 0x32, 0x9E, 0x8A, 0x1F, 0xF5, 0xAC,
  0x4F, 0xDA, 0x12, 0xE6, 0xD3, 0xF1, 0xFD, 0x16, 0x08, 0xE8,
  0xE4, 0x12, 0xF8, 0xDF, 0xDE, 0xFA, 0xED, 0xEC, 0x02, 0x40,
  0x14, 0xF4, 0x07, 0xDB, 0xE9, 0x16, 0xE9, 0xFE, 0xB1, 0xEE,
  0xFC, 0xC1, 0x21, 0x28, 0xED, 0xE3, 0xDE, 0x01, 0x14, 0x16,
  0xE0, 0x20, 0xE9, 0x01, 0xF1, 0x33, 0xE1, 0xFA, 0x1D, 0xFA,
  0x05, 0x07, 0xE3, 0xF0, 0x22, 0xF6, 0xC6, 0x39, 0xED, 0xFC,
  0xF9, 0x00, 0x08, 0x48, 0xC2, 0x1A, 0xE2, 0xD5, 0xCD, 0x05,
  0x11, 0xF6, 0xCF, 0x0E, 0x05, 0x1A, 0xDC, 0x1A, 0xE5, 0xDC,
  0x20, 0xEE, 0x1A, 0xDC, 0xEF, 0xE9, 0xDE, 0xE7, 0xF6, 0x07,
  0xC0, 0x13, 0x3B, 0xF7, 0xE0, 0x42, 0xC8, 0xF0, 0xF6, 0xCD,
  0x05, 0x21, 0x03, 0x13, 0x00, 0xDE, 0x15, 0x1C, 0xF4, 0x00,
  0x19, 0xCA, 0xD8, 0xEC, 0xF7, 0x24, 0x11, 0x39, 0x0E, 0xF0,
  0x12, 0xF8, 0xF0, 0x11, 0x29, 0xE2, 0xF8, 0x28, 0xFF, 0x03,
  0x09, 0x2B, 0x2F, 0xEC, 0x0E, 0x11, 0x51, 0xBE, 0xFC, 0x20,
  0xFD, 0xE4, 0xE1, 0xA7, 0xAF, 0x0C, 0xE1, 0x1A, 0x28, 0x16,
  0x07, 0xE9, 0x02, 0xD9, 0x1C, 0xC6, 0xD8, 0x08, 0xF3, 0xC0,
  0x4E, 0xEE, 0xFB, 0xF1, 0x1D, 0x13, 0xF9, 0x16, 0x28, 0xAF,
  0xEB, 0xDE, 0xF2, 0xE7, 0xDE, 0xD8, 0xB4, 0x0C, 0x0F, 0x35,
  0x28, 0xF2, 0xFE, 0xDD, 0xF6, 0x00, 0x2A, 0xC4, 0xCA, 0xCF,
  0xD0, 0x86, 0x30, 0xE9, 0xD2, 0x24, 0x14, 0xFE, 0x27, 0x02,
  0x0F, 0x0F, 0x3D, 0xEA, 0xD4, 0x30, 0x2B, 0x1D, 0x2B, 0x13,
  0x09, 0xEA, 0x19, 0xCF, 0x2D, 0x7F, 0x48, 0x08, 0x13, 0xEF,
  0xD0, 0xD0, 0x10, 0xB4, 0x1E, 0x23, 0xF7, 0x0E, 0xEB, 0x00,
  0x22, 0x21, 0xB2, 0xE8, 0x32, 0x06, 0x0D, 0xE3, 0xF6, 0x4A,
  0x08, 0x21, 0xD4, 0x25, 0xFF, 0xEB, 0xFF, 0x29, 0x11, 0x13,
  0xFF, 0x02, 0xCA, 0xCF, 0x00, 0x20, 0xF5, 0xF9, 0xEC, 0x33,
  0xE9, 0x0F, 0x15, 0xC3, 0xB1, 0xEF, 0xD2, 0x0F, 0x1A, 0xD4,
  0xF8, 0x08, 0xF2, 0xCC, 0x18, 0xF7, 0x21, 0xE6, 0xF9, 0xEC,
  0xF4, 0xEE, 0xF3, 0xFC, 0xE5, 0x0F, 0x52, 0xD4, 0x11, 0x06,
  0x23, 0x37, 0x06, 0xFE, 0xC8, 0xDD, 0x24, 0x2F, 0xF7, 0xCC,
  0x20, 0x53, 0x0B, 0x13, 0x28, 0x46, 0x1B, 0xBF, 0x3D, 0x2A,
  0xF8, 0x14, 0x42, 0x07, 0xEA, 0xA6, 0xEE, 0x2C, 0x35, 0xC1,
  0x66, 0x16, 0xE8, 0x27, 0x07, 0xB6, 0x29, 0xFD, 0x1A, 0xD5,
  0x06, 0x14, 0xF9, 0x35, 0x5E, 0x0D, 0x04, 0x1B, 0xC0, 0xF9,
  0xCE, 0xF9, 0x36, 0x49, 0x40, 0x09, 0xF6, 0xC1, 0x09, 0xC3,
  0x50, 0xF1, 0x01, 0x2E, 0xBD, 0x31, 0xDE, 0x25, 0x49, 0x09,
  0xBB, 0x0A, 0x4C, 0x0D, 0xE7, 0xCA, 0x15, 0x48, 0xEF, 0xF0,
  0x04, 0xE6, 0xF8, 0xC3, 0x16, 0x26, 0x12, 0xC4, 0xE6, 0xDE,
  0xBB, 0x3E, 0x16, 0xE7, 0xCA, 0xE8, 0x1D, 0x2E, 0xED, 0x2F,
  0x14, 0x12, 0xAF, 0xD0, 0xF4, 0x38, 0x55, 0xE1, 0x08, 0x14,
  0xFA, 0xFD, 0x2F, 0xFE, 0x15, 0xF0, 0xE8, 0x05, 0xD7, 0xC9,
  0xFA, 0xC3, 0xAF, 0x2B, 0x3F, 0xD9, 0xEC, 0xDC, 0x20, 0xDD,
  0xBD, 0xC6, 0xCE, 0x19, 0x36, 0x2A, 0xC1, 0x81, 0xF1, 0x3E,
  0x0F, 0xAC, 0x2F, 0xF9, 0xBB, 0xF0, 0x2C, 0xE0, 0x3E, 0xF4,
  0xE8, 0x09, 0xF9, 0xF1, 0x4E, 0xC8, 0xD9, 0x7B, 0x2D, 0x42,
  0xD8, 0xE3, 0xE2, 0xCB, 0x0C, 0xC7, 0xF9, 0x05, 0x10, 0xE7,
  0xB9, 0xB9, 0xE9, 0xEB, 0xD9, 0xF7, 0xD2, 0x04, 0x0D, 0xFF,
  0xDD, 0xDE, 0x10, 0xEE, 0x14, 0x05, 0xDA, 0xF0, 0xD3, 0x38,
  0xCF, 0xFC, 0xF2, 0xE8, 0xBB, 0x18, 0x03, 0xB8, 0xCA, 0xEA,
  0x01, 0xD1, 0xFC, 0xBA, 0xA0, 0xFD, 0xD8, 0xDB, 0xEC, 0xED,
  0x0E, 0xF5, 0xD7, 0x09, 0xF7, 0x11, 0x3A, 0x11, 0xC0, 0x36,
  0xE0, 0x25, 0xB6, 0xFD, 0xEE, 0x07, 0xBB, 0xC8, 0x0C, 0xBB,
  0xDE, 0x1C, 0xF6, 0xE2, 0xEE, 0xB9, 0x2C, 0xEA, 0x1B, 0x98,
  0x16, 0xE6, 0x04, 0x0C, 0xDB, 0x0B, 0xE7, 0x00, 0xFD, 0x0E,
  0xD9, 0xFD, 0xE5, 0x10, 0xEE, 0xDB, 0xC3, 0x1E, 0xD2, 0xA5,
  0x0F, 0xC8, 0x1F, 0x0F, 0x24, 0x04, 0xFF, 0xE2, 0x29, 0x27,
  0xCB, 0xBD, 0x20, 0x12, 0x0C, 0x10, 0xCC, 0x03, 0xF0, 0x3E,
  0xEB, 0x18, 0xC0, 0x2C, 0xD9, 0x05, 0xF1, 0xF0, 0xE4, 0x3D,
  0x0E, 0xC2, 0x18, 0xD3, 0x07, 0x08, 0x25, 0x04, 0xEC, 0x2B,
  0xEE, 0x0B, 0xEA, 0x1B, 0x18, 0x37, 0x02, 0x15, 0x2A, 0x17,
  0x0A, 0x21, 0x26, 0x45, 0xE6, 0x09, 0x29, 0xEF, 0x14, 0xEE,
  0x24, 0x5A, 0xD9, 0xA7, 0x21, 0xE6, 0x14, 0x43, 0x00, 0x18,
  0xF5, 0xFC, 0xEB, 0x1F, 0x07, 0xDE, 0x19, 0xE0, 0xE4, 0xFE,
  0x45, 0x28, 0x21, 0x46, 0xE2, 0x20, 0x20, 0xE1, 0xF5, 0xF4,
  0xF9, 0xFC, 0xE2, 0x02, 0x26, 0xF5, 0x01, 0xF4, 0x4B, 0x16,
  0x1D, 0xDD, 0x0E, 0x20, 0xF0, 0x18, 0xEE, 0x09, 0xEC, 0xF5,
  0xD6, 0x26, 0xF9, 0xE1, 0xF5, 0x32, 0xD8, 0xE3, 0x39, 0x0E,
  0xE5, 0x1F, 0x22, 0x36, 0xF4, 0x1F, 0x01, 0x1C, 0xD9, 0xDA,
  0x0F, 0xE5, 0xEE, 0x1C, 0x1F, 0xD0, 0x06, 0x0B, 0x08, 0x08,
  0xF3, 0xEA, 0xFE, 0xFF, 0xD0, 0x20, 0x09, 0xDF, 0xE6, 0xB9,
  0x12, 0x0B, 0x1A, 0xFE, 0x02, 0x1E, 0xFF, 0x27, 0x0A, 0x0A,
  0xEC, 0xFE, 0x16, 0xF2, 0xC1, 0xF7, 0x2A, 0x36, 0xED, 0x4D,
  0x0E, 0x11, 0x1B, 0xF5, 0x02, 0x12, 0xF1, 0x13, 0xFE, 0x0F,
  0xD7, 0xC7, 0xED, 0xE9, 0x1B, 0xE6, 0x01, 0x0B, 0x23, 0x36,
  0x13, 0xD0, 0xD4, 0xDC, 0xFE, 0xF1, 0xCB, 0xE4, 0x2D, 0x13,
  0xCE, 0x1B, 0xEB, 0x21, 0xE9, 0xC3, 0xD7, 0x1B, 0xF5, 0x02,
  0xCC, 0x09, 0xB8, 0xBF, 0x14, 0xBA, 0x33, 0xE2, 0x0C, 0x02,
  0xF8, 0x1F, 0xDA, 0xE2, 0xDE, 0x0F, 0xE0, 0x1B, 0xFD, 0xE7,
  0xF2, 0xF6, 0x1B, 0x3B, 0xEA, 0x27, 0xE1, 0x06, 0xCD, 0x53,
  0x1D, 0x28, 0x04, 0x31, 0xF8, 0xEE, 0xFC, 0xD5, 0x1F, 0xEE,
  0x15, 0xF9, 0xDF, 0xE2, 0xBA, 0x2C, 0xE9, 0xDA, 0xA3, 0x20,
  0xEA, 0xF2, 0xFE, 0xB0, 0xF9, 0x04, 0xBE, 0xD6, 0x11, 0xC4,
  0xFC, 0xFA, 0xF5, 0x24, 0x42, 0xED, 0xF6, 0xBD, 0xC6, 0x01,
  0x0F, 0xEC, 0xB7, 0xB8, 0x06, 0x15, 0xD5, 0x54, 0x13, 0x36,
  0xAB, 0x20, 0x04, 0x15, 0xFA, 0xB2, 0x14, 0x00, 0xEC, 0xF3,
  0x1B, 0xD7, 0x13, 0x1B, 0xFD, 0x1C, 0x04, 0xE0, 0x05, 0xE4,
  0xB0, 0xF0, 0xEE, 0xFA, 0xBB, 0x81, 0xCD, 0xA8, 0xD5, 0x96,
  0xF7, 0x05, 0xF5, 0x07, 0xA3, 0x6C, 0x62, 0x0F, 0x40, 0xD7,
  0xC8, 0x0D, 0xC4, 0x2E, 0x0C, 0xC1, 0xBF, 0xD6, 0xE4, 0x73,
  0x36, 0xD0, 0x10, 0xC8, 0xF8, 0xF0, 0x52, 0xE7, 0x20, 0xB6,
  0xC5, 0xA8, 0xD6, 0xED, 0x3F, 0xF1, 0x93, 0x33, 0x2E, 0x0C,
  0x0B, 0x13, 0xD7, 0x13, 0xBF, 0xF3, 0xF2, 0x0C, 0x8A, 0xB7,
  0xB6, 0x33, 0x37, 0xF1, 0x0E, 0xC8, 0xEF, 0xFB, 0x40, 0xFF,
  0x43, 0x1D, 0xFC, 0xC8, 0xE5, 0xEA, 0x4B, 0xE1, 0x08, 0x00,
  0x9A, 0xFC, 0x29, 0x62, 0xF6, 0x33, 0xEF, 0xEF, 0x21, 0x27,
  0xA2, 0xDD, 0xDB, 0x12, 0x2D, 0x2B, 0x1F, 0xBB, 0x13, 0x11,
  0x49, 0x2F, 0x26, 0xF6, 0xF1, 0x1C, 0xF4, 0xD0, 0x1D, 0xE1,
  0x0B, 0xCB, 0xC6, 0xEF, 0xE2, 0x7A, 0xE7, 0x37, 0xE8, 0x29,
  0x10, 0x19, 0xBB, 0x1A, 0x19, 0x38, 0x29, 0x17, 0x1D, 0x09,
  0x37, 0x35, 0x08, 0x14, 0x19, 0xFC, 0xC8, 0x2F, 0xA9, 0xDA,
  0x09, 0x09, 0x0F, 0xC7, 0xB1, 0xE7, 0xB5, 0xE0, 0x07, 0x0A,
  0xC8, 0x27, 0xB2, 0x0A, 0xD2, 0x3B, 0x5A, 0x18, 0x49, 0x24,
  0x40, 0x1A, 0xEA, 0x15, 0x0A, 0xDF, 0xB6, 0xDB, 0xD0, 0x17,
  0xB8, 0x00, 0x01, 0x44, 0xCB, 0xC3, 0xA1, 0x18, 0x0B, 0xB6,
  0x0D, 0x31, 0x04, 0x39, 0xFE, 0xEE, 0x03, 0x3B, 0x43, 0x21,
  0x1B, 0x24, 0x25, 0xF6, 0xB3, 0xF4, 0xEC, 0xEC, 0xEC, 0xD2,
  0xFB, 0x05, 0xC8, 0x05, 0xF4, 0x2B, 0x81, 0xC7, 0x0F, 0x19,
  0xFF, 0x9B, 0x28, 0x63, 0xEB, 0x39, 0x35, 0xED, 0x04, 0xE4,
  0xEC, 0x48, 0x22, 0x11, 0x00, 0x12, 0x09, 0x28, 0x16, 0x2B,
  0x0F, 0xD9, 0xBE, 0x2D, 0xEE, 0x1A, 0xEA, 0xF8, 0x47, 0xE3,
  0xD7, 0xD8, 0xFF, 0xFE, 0xB8, 0x2E, 0x10, 0x0C, 0xE1, 0xB4,
  0x81, 0x02, 0x12, 0xE9, 0x41, 0x12, 0xF9, 0x2F, 0x0A, 0x33,
  0xE2, 0x0D, 0x03, 0xED, 0xD3, 0x48, 0x04, 0x0D, 0x01, 0x01,
  0x18, 0x2B, 0x08, 0xE9, 0x1A, 0xF4, 0x06, 0x35, 0x4D, 0xFA,
  0xE1, 0xCF, 0xD6, 0x12, 0x17, 0x09, 0x11, 0xE6, 0xED, 0x5F,
  0x1D, 0xEC, 0xCD, 0x0A, 0xE4, 0x29, 0xFB, 0xEA, 0x16, 0x16,
  0x28, 0x19, 0xD7, 0x2D, 0x27, 0x03, 0x24, 0x12, 0x04, 0xEC,
  0x2A, 0xE3, 0xF2, 0x0A, 0x00, 0x1F, 0x02, 0x2F, 0x0B, 0xC7,
  0x3B, 0x26, 0xE6, 0x06, 0xE3, 0xFD, 0x0F, 0x0B, 0xF3, 0xD9,
  0x2D, 0x00, 0xF6, 0xE8, 0xCA, 0x3D, 0x17, 0x1C, 0x34, 0x1D,
  0x06, 0xFE, 0x00, 0xF2, 0xE0, 0x1A, 0x3D, 0xE8, 0xFD, 0x12,
  0x0A, 0xE7, 0x19, 0xED, 0x25, 0xDB, 0x03, 0xE2, 0x0F, 0x09,
  0xF0, 0x26, 0x36, 0xF5, 0xC1, 0xE9, 0xD7, 0x3F, 0x32, 0x19,
  0x3F, 0xDD, 0x00, 0xE9, 0x1D, 0xEC, 0x11, 0x0B, 0x72, 0xE1,
  0x05, 0xF0, 0x09, 0x07, 0x13, 0x2D, 0x05, 0x04, 0xE4, 0x11,
  0x19, 0x06, 0x10, 0x22, 0x10, 0x0A, 0xB9, 0x15, 0xDA, 0x28,
  0x54, 0xF1, 0x1E, 0xD9, 0x0F, 0xD6, 0x04, 0xAA, 0x00, 0x0B,
  0x65, 0xCA, 0xDC, 0xE2, 0xF8, 0xFF, 0xFF, 0x2B, 0xE5, 0x0C,
  0xB4, 0x0B, 0x25, 0x02, 0x0F, 0x28, 0x47, 0xF5, 0xF1, 0x3B,
  0xAA, 0x2E, 0x42, 0x0B, 0x4B, 0xE0, 0x33, 0xA8, 0x04, 0xA7,
  0xE0, 0xFD, 0x54, 0xE1, 0xD0, 0xF1, 0xBF, 0xE1, 0x2E, 0x30,
  0xE6, 0xFB, 0xC1, 0x0F, 0xEB, 0x2E, 0x0D, 0xEF, 0x1E, 0x0E,
  0xFA, 0x11, 0x04, 0x02, 0x01, 0x0C, 0xFC, 0x0E, 0xD3, 0xFE,
  0xF3, 0xE7, 0x0F, 0xC6, 0x06, 0xFC, 0x39, 0xCF, 0xFA, 0xE6,
  0x0B, 0x03, 0x10, 0xF5, 0x13, 0xD1, 0xF0, 0x0B, 0xD9, 0xFE,
  0x21, 0xE2, 0x23, 0xC7, 0x01, 0x23, 0x07, 0xF7, 0x1E, 0x1B,
  0xC4, 0xF9, 0x1B, 0xEE, 0xF3, 0xDE, 0x1D, 0xFC, 0x12, 0xD9,
  0xF8, 0xC7, 0xFC, 0x16, 0xEC, 0xD5, 0xED, 0x1D, 0x1B, 0x2B,
  0xF3, 0x2A, 0x06, 0xB2, 0x18, 0xD2, 0x1B, 0x09, 0x0E, 0xDD,
  0xF5, 0x07, 0xEE, 0x07, 0x10, 0xE9, 0xEF, 0xFE, 0x14, 0xDC,
  0xEF, 0xE1, 0xBA, 0xC9, 0xFC, 0x1B, 0xF9, 0xBA, 0x05, 0x10,
  0x24, 0xFC, 0xFB, 0xF9, 0x19, 0x81, 0xF2, 0xEA, 0x0F, 0x1C,
  0x1F, 0xF9, 0x16, 0x0A, 0xDF, 0x2C, 0x00, 0xE6, 0xDA, 0xC3,
  0xEB, 0x02, 0xD2, 0xA0, 0xA5, 0xC1, 0x13, 0x25, 0xE7, 0xD6,
  0xCC, 0xDD, 0x0A, 0x15, 0xFA, 0x00, 0xEC, 0xBA, 0x04, 0xFA,
  0x02, 0x42, 0x14, 0x27, 0x11, 0xF8, 0x13, 0x19, 0x15, 0xDE,
  0xCD, 0xBA, 0x0C, 0x0E, 0xD7, 0xEC, 0xC0, 0xCE, 0xE2, 0x11,
  0xE2, 0xF4, 0xE8, 0xE5, 0x05, 0x0E, 0xE8, 0xF8, 0x19, 0x10,
  0xFB, 0x1D, 0x25, 0x47, 0x30, 0xFD, 0x20, 0xE4, 0xED, 0x0B,
  0x06, 0xEE, 0x1E, 0x02, 0x13, 0xFE, 0xD6, 0xE9, 0xFC, 0xE9,
  0xD5, 0xEA, 0x0C, 0xF5, 0xDB, 0xED, 0xF6, 0x2E, 0x3C, 0x1A,
  0x29, 0xF3, 0x29, 0x14, 0x23, 0x1E, 0xEF, 0x12, 0xEB, 0x07,
  0xED, 0xE0, 0x22, 0xDC, 0x3B, 0xC1, 0x13, 0x0F, 0x0B, 0xED,
  0x21, 0xFE, 0x03, 0xF3, 0x05, 0xE2, 0x2A, 0x06, 0x28, 0x02,
  0x27, 0x21, 0xE3, 0x1A, 0x44, 0x21, 0xE3, 0x4C, 0x38, 0x11,
  0x5B, 0x5E, 0xFB, 0xF8, 0xED, 0x06, 0x65, 0x35, 0xB4, 0xF0,
  0x13, 0xDE, 0xC1, 0x25, 0x58, 0xCD, 0x12, 0x3A, 0xEA, 0xC1,
  0x3D, 0x1B, 0xFA, 0xE5, 0xE9, 0xF4, 0xEF, 0xEC, 0xB6, 0x43,
  0x2C, 0x00, 0x0D, 0x07, 0xE1, 0x0B, 0xF4, 0x06, 0x5D, 0x0F,
  0xAA, 0x17, 0xFC, 0x2D, 0x53, 0xE0, 0x1F, 0xFB, 0xF7, 0x62,
  0x16, 0x0D, 0xEE, 0xEA, 0x17, 0x01, 0xD5, 0xBF, 0x08, 0xF6,
  0x16, 0x41, 0x12, 0xCA, 0xD8, 0xD6, 0xF4, 0x1B, 0xE9, 0xFA,
  0x17, 0xDB, 0xF5, 0x61, 0x06, 0xF3, 0x42, 0xF6, 0x37, 0xD9,
  0xE0, 0xCF, 0x40, 0x36, 0xEE, 0xBE, 0xB4, 0x4A, 0xFB, 0xA7,
  0x27, 0x04, 0xD2, 0x0B, 0x1D, 0xAF, 0xFE, 0xF1, 0xB4, 0x16,
  0xEE, 0x06, 0xF7, 0xBA, 0xD5, 0xE3, 0xF6, 0x1C, 0x1A, 0xF7,
  0xD1, 0xDC, 0xF9, 0xD7, 0x07, 0x1F, 0x26, 0x05, 0xD3, 0x20,
  0xBC, 0xFB, 0x27, 0xFC, 0xDF, 0x0B, 0xE5, 0xB7, 0xE7, 0x44,
  0xF9, 0x1F, 0x2D, 0x11, 0xB1, 0x0D, 0xC5, 0xE0, 0xDF, 0x16,
  0x11, 0x26, 0xCE, 0x4D, 0x42, 0x16, 0xE0, 0x3D, 0x15, 0x27,
  0x0C, 0x4B, 0xC6, 0x11, 0x45, 0xD1, 0xDB, 0xF0, 0x2F, 0xF2,
  0x3B, 0x7F, 0x11, 0xFE, 0x2B, 0x22, 0xEA, 0x4C, 0xEF, 0xD7,
  0x0F, 0x05, 0xD3, 0xFD, 0x19, 0xEE, 0x11, 0x12, 0xCE, 0x03,
  0xFB, 0x18, 0xE1, 0x35, 0xCA, 0xF0, 0xE2, 0xEA, 0x8C, 0xF8,
  0x1F, 0x03, 0x2B, 0xF3, 0x0B, 0xCF, 0x23, 0xDE, 0xCE, 0x17,
  0xBF, 0xF1, 0x2B, 0x2C, 0x00, 0xD7, 0x20, 0x4A, 0x0F, 0x60,
  0x94, 0xA6, 0x2A, 0x23, 0x0C, 0x04, 0x12, 0x1F, 0x20, 0xE9,
  0x2A, 0x10, 0xD9, 0x13, 0x03, 0x1C, 0xA8, 0xE9, 0x12, 0xF2,
  0x47, 0xDB, 0x38, 0x32, 0x52, 0xD1, 0x36, 0xDC, 0xE5, 0x27,
  0x2B, 0xC4, 0x0D, 0x09, 0xF6, 0x2A, 0xFB, 0x33, 0xFB, 0x2D,
  0x0F, 0xF5, 0x43, 0xE8, 0xEC, 0xC9, 0xF3, 0x25, 0xC4, 0xE6,
  0xFD, 0x15, 0xFC, 0x26, 0x3C, 0x51, 0x1C, 0x22, 0xF8, 0x21,
  0xE4, 0x40, 0x2F, 0xFD, 0x28, 0x22, 0xF2, 0x24, 0xCE, 0xED,
  0x0D, 0xD9, 0xF0, 0x23, 0x21, 0xE0, 0xE9, 0xFF, 0x09, 0x18,
  0x0A, 0xAA, 0xDB, 0xDD, 0xAF, 0x2C, 0x1F, 0x1C, 0x0C, 0xF9,
  0xE5, 0xDF, 0xEE, 0x20, 0x0D, 0x19, 0xE2, 0x29, 0xC1, 0xF6,
  0x0D, 0xB9, 0x05, 0xB6, 0xEE, 0xF8, 0xF2, 0xC0, 0xC0, 0x0E,
  0xF0, 0x11, 0x03, 0xFB, 0x07, 0xE0, 0xF4, 0x29, 0x0D, 0xEB,
  0xDE, 0xD6, 0xEF, 0xDA, 0xE5, 0x1B, 0x0A, 0xFA, 0x04, 0x08,
  0xEF, 0xFE, 0xEF, 0xDD, 0x20, 0xF7, 0xFB, 0xAF, 0xEA, 0xFB,
  0xCC, 0x04, 0xF7, 0x13, 0xBC, 0x31, 0x00, 0x14, 0xFB, 0xEA,
  0x0B, 0xE7, 0xFD, 0xF3, 0x01, 0xF1, 0xE6, 0xF2, 0x24, 0xEA,
  0x19, 0xFC, 0xD5, 0xF1, 0xE9, 0xEA, 0xFD, 0x2F, 0x09, 0xFE,
  0x02, 0x09, 0xD6, 0xDB, 0xC8, 0xF2, 0x98, 0xEF, 0x12, 0xF9,
  0x22, 0x01, 0x18, 0x22, 0x2D, 0xF5, 0x1C, 0xDA, 0xE2, 0x01,
  0x24, 0xE9, 0x02, 0xE2, 0xE1, 0x08, 0xEE, 0xF8, 0x18, 0x0C,
  0x13, 0x34, 0x2E, 0x08, 0xC7, 0xCB, 0xE3, 0xF5, 0xC0, 0x81,
  0xF5, 0xC2, 0x06, 0x15, 0x0D, 0x2A, 0x30, 0xF1, 0xE5, 0xFC,
  0xEE, 0xF5, 0x0E, 0x04, 0xEC, 0xEB, 0x25, 0x10, 0x81, 0xC2,
  0x4C, 0xA1, 0xD6, 0x2C, 0xF6, 0xD7, 0xA7, 0xF2, 0xCF, 0xF6,
  0x28, 0xA2, 0x03, 0x05, 0x43, 0xF8, 0x2F, 0xEE, 0xEF, 0x20,
  0xFE, 0x59, 0x12, 0x12, 0xEC, 0x5C, 0xE0, 0xF3, 0xE3, 0xE2,
  0xDA, 0xD9, 0x27, 0x95, 0x06, 0x2E, 0xEF, 0xD0, 0xF3, 0xD4,
  0x04, 0xE6, 0xC6, 0xD7, 0xF0, 0x09, 0x24, 0xD1, 0x1E, 0x20,
  0xDB, 0xDD, 0x38, 0x13, 0xD7, 0x4E, 0xDB, 0x28, 0xD3, 0x1B,
  0x2A, 0x1D, 0x04, 0xCF, 0xE5, 0xF7, 0x32, 0x13, 0x00, 0xD4,
  0x08, 0x1A, 0x05, 0xFA, 0xED, 0xD7, 0x12, 0xF8, 0x03, 0xF9,
  0x41, 0xE2, 0xF5, 0x2F, 0x0C, 0x0C, 0xD5, 0x46, 0xDA, 0xE6,
  0x20, 0x45, 0x2B, 0x2E, 0xF7, 0x9A, 0x01, 0xED, 0xFC, 0xFE,
  0xE7, 0xFA, 0xB2, 0x06, 0x10, 0xF1, 0x0D, 0xDA, 0xFB, 0x12,
  0x04, 0x30, 0x27, 0xEA, 0xE7, 0x31, 0x05, 0xE3, 0xDD, 0xDA,
  0xE3, 0x08, 0x0B, 0x28, 0xF9, 0x21, 0x07, 0xDE, 0x24, 0xF5,
  0xEB, 0x14, 0xE6, 0xEA, 0xCC, 0xFA, 0xCC, 0x04, 0xCC, 0xD9,
  0x05, 0xE6, 0x2F, 0xC6, 0xE6, 0xFF, 0xE9, 0xEF, 0xE5, 0xE6,
  0xE5, 0x1E, 0xFF, 0x1E, 0xF1, 0xDA, 0x2E, 0x1C, 0x16, 0x31,
  0xEB, 0x0D, 0xCB, 0x23, 0x02, 0xCA, 0xD9, 0xC8, 0x97, 0x11,
  0xBF, 0x2F, 0xF5, 0xFA, 0xF5, 0xE2, 0x26, 0xEB, 0xF5, 0xFB,
  0x44, 0x0A, 0x8C, 0xF8, 0xF9, 0xA8, 0x1E, 0xEE, 0xE8, 0x31,
  0x39, 0x3F, 0x06, 0x19, 0x04, 0x09, 0xFB, 0xFE, 0xEF, 0xDF,
  0xDA, 0x22, 0x0E, 0x2A, 0xE6, 0xF5, 0x2D, 0xFE, 0x1E, 0xEB,
  0x18, 0x23, 0x1A, 0x05, 0x8A, 0x02, 0x1B, 0x83, 0x7D, 0xFC,
  0x20, 0x33, 0xF0, 0xF6, 0x26, 0xF6, 0x6F, 0x1C, 0x42, 0x16,
  0x27, 0x15, 0x25, 0x32, 0xB6, 0x1A, 0xF0, 0x54, 0x44, 0xAE,
  0xD6, 0x29, 0xEA, 0xDC, 0x4C, 0x20, 0xF9, 0x09, 0x08, 0xDE,
  0xF9, 0xFD, 0x08, 0x15, 0x30, 0x28, 0xF2, 0x2B, 0xEA, 0x3F,
  0x45, 0x01, 0xF3, 0x44, 0xFD, 0x31, 0x2B, 0xD5, 0x32, 0xC8,
  0x1C, 0xF5, 0x3B, 0x2A, 0x04, 0xCA, 0x13, 0x13, 0xFD, 0x12,
  0xF8, 0x23, 0xF3, 0x03, 0xD4, 0xFB, 0x3E, 0x0C, 0xF1, 0xFB,
  0xBF, 0x18, 0x0F, 0xED, 0x07, 0x2C, 0x1F, 0xFA, 0x16, 0xEF,
  0xF5, 0xDD, 0xC8, 0x67, 0x3C, 0x0A, 0x34, 0xEC, 0xB2, 0x00,
  0x28, 0xD9, 0x01, 0x43, 0x21, 0x0B, 0xE3, 0xFE, 0xFF, 0xD6,
  0x20, 0xBD, 0xE9, 0xC8, 0x10, 0xED, 0xD0, 0xFB, 0x0C, 0xD5,
  0xFA, 0x20, 0xFF, 0xD2, 0xCE, 0x18, 0x1B, 0xF1, 0x1D, 0xF9,
  0xF3, 0xEE, 0x17, 0x34, 0x33, 0x2A, 0x54, 0x29, 0xD8, 0x0E,
  0x25, 0xD3, 0x0E, 0x99, 0x12, 0xDD, 0x09, 0xD5, 0xF3, 0xDD,
  0x29, 0x18, 0xB3, 0x7F, 0x0F, 0x28, 0xE5, 0xBE, 0x14, 0x0B,
  0x1B, 0x41, 0x0E, 0xF7, 0xEB, 0xE9, 0x2C, 0xF0, 0x36, 0x3F,
  0x15, 0x04, 0x00, 0xEF, 0x19, 0xED, 0x15, 0xF6, 0xFE, 0x33,
  0x0E, 0x0C, 0xF8, 0x1F, 0x94, 0x0E, 0x49, 0x48, 0x69, 0xAA,
  0xC9, 0xF2, 0x00, 0xC2, 0x1F, 0x08, 0xB6, 0xF4, 0x1D, 0xCB,
  0x03, 0xDF, 0x14, 0x22, 0xE0, 0x1E, 0xF7, 0x1E, 0xEF, 0x12,
  0x35, 0x3D, 0x16, 0x11, 0x12, 0xF5, 0x00, 0xCC, 0x29, 0xE2,
  0xF3, 0xB5, 0xC4, 0x07, 0xEF, 0xA4, 0x1F, 0xBC, 0x8A, 0x01,
  0xFB, 0x14, 0xF7, 0x87, 0x62, 0xE3, 0x2C, 0x0C, 0xF1, 0x0F,
  0x00, 0x18, 0x1F, 0xCA, 0xF1, 0x2E, 0xC1, 0x0D, 0x2D, 0xF5,
  0x2B, 0x0E, 0x12, 0xF8, 0x10, 0x11, 0x04, 0x11, 0x25, 0x1F,
  0x33, 0x1B, 0xF1, 0x32, 0xFE, 0xFB, 0x28, 0xC8, 0x24, 0xFD,
  0xF7, 0x04, 0xEA, 0x0F, 0x06, 0xC1, 0xEF, 0x20, 0xF6, 0x01,
  0x0F, 0xF9, 0x15, 0x15, 0x08, 0xFD, 0x02, 0x13, 0x23, 0x1F,
  0x31, 0x20, 0x26, 0x1A, 0xE3, 0x13, 0xE7, 0x05, 0x09, 0xE8,
  0xEB, 0xE9, 0xC7, 0x01, 0xDD, 0x3E, 0xFA, 0xD9, 0x02, 0x2F,
  0x10, 0xB5, 0x1E, 0xF1, 0xFD, 0x0B, 0x0D, 0xF2, 0xF8, 0x14,
  0xF9, 0xFE, 0x26, 0x04, 0x20, 0xF2, 0xBA, 0x1D, 0xEB, 0xEF,
  0xED, 0xFC, 0xD7, 0xF6, 0xCE, 0xFC, 0xDF, 0x0C, 0xC4, 0xFE,
  0x1A, 0x1E, 0x19, 0xB3, 0x2D, 0x16, 0xEA, 0xF9, 0x29, 0xD6,
  0x02, 0xF6, 0xC9, 0xFB, 0xFF, 0xE6, 0x19, 0x02, 0xC2, 0x07,
  0xF0, 0x12, 0xF5, 0x00, 0x02, 0x27, 0xF0, 0x01, 0x0F, 0x20,
  0xC2, 0x3C, 0x18, 0x09, 0x48, 0xD8, 0x16, 0x24, 0x15, 0x08,
  0x2F, 0xCB, 0x14, 0xF0, 0xC6, 0x08, 0x05, 0xEC, 0x09, 0x21,
  0xE4, 0x1F, 0xF0, 0x2C, 0x11, 0x14, 0xF7, 0x18, 0xD8, 0xDF,
  0x1A, 0x17, 0xD5, 0x52, 0x4F, 0xF3, 0x4F, 0xFA, 0x01, 0x11,
  0x1B, 0x0D, 0x08, 0xD9, 0x17, 0xFC, 0xEA, 0x13, 0xEA, 0xD1,
  0x02, 0x26, 0xEA, 0x05, 0xDB, 0x20, 0x49, 0x16, 0x05, 0x1B,
  0xFF, 0xE1, 0xF9, 0x05, 0xE1, 0x6A, 0x7F, 0xF7, 0x4A, 0x06,
  0xE8, 0xEE, 0x29, 0xFE, 0x12, 0xE7, 0x10, 0x12, 0xF7, 0xEE,
  0x01, 0xC8, 0xF9, 0x40, 0xF0, 0xE1, 0xE5, 0xEA, 0xEC, 0x2D,
  0x18, 0xD1, 0x44, 0xCD, 0x1A, 0x26, 0x55, 0xDE, 0xBE, 0x05,
  0x15, 0x09, 0x24, 0xD1, 0xE5, 0x01, 0x24, 0xC4, 0xF5, 0x25,
  0x75, 0xD1, 0xE6, 0xDB, 0xFE, 0x19, 0x04, 0x1B, 0x25, 0x0A,
  0xE3, 0xF5, 0xC4, 0xF1, 0xED, 0xCA, 0x06, 0xDF, 0x40, 0xDF,
  0xFD, 0xE8, 0xF5, 0x23, 0xC8, 0xCD, 0x07, 0xED, 0x03, 0xFB,
  0x25, 0xF6, 0x27, 0xAC, 0xC9, 0xB1, 0x12, 0x16, 0xD9, 0x02,
  0x0D, 0x0A, 0xE6, 0x09, 0xC8, 0x2E, 0xEF, 0xE3, 0xF4, 0xC1,
  0x1D, 0x0F, 0x1D, 0xD7, 0xF8, 0xFC, 0xF6, 0xF9, 0x0E, 0xFA,
  0x1A, 0x0F, 0x16, 0xDC, 0x22, 0xC3, 0xD4, 0x92, 0xC9, 0x1D,
  0xEC, 0xC5, 0xF5, 0x0B, 0xE3, 0xDB, 0xD7, 0x18, 0x21, 0xC5,
  0xC3, 0xE8, 0x07, 0xDE, 0xF1, 0xFF, 0x06, 0x12, 0xC5, 0x0D,
  0x20, 0x03, 0xFE, 0xC0, 0xFF, 0xEC, 0xD1, 0x9D, 0xB1, 0x81,
  0xE9, 0x0E, 0xBD, 0xD1, 0x03, 0xE8, 0xFF, 0xDB, 0xE0, 0x22,
  0x20, 0xB8, 0xF7, 0x2A, 0x0C, 0xEF, 0x19, 0x11, 0x41, 0xF5,
  0xC4, 0xF2, 0x40, 0xF7, 0xF9, 0xD8, 0xDC, 0x05, 0x06, 0xB3,
  0xAB, 0x97, 0xF0, 0x36, 0xD4, 0xBB, 0xF9, 0xDE, 0xF7, 0xDD,
  0x10, 0xB3, 0x04, 0xE6, 0xE3, 0x13, 0x12, 0x4F, 0x0A, 0xBB,
  0x19, 0xDF, 0xEA, 0x14, 0x33, 0x17, 0x17, 0xE0, 0x15, 0x1A,
  0xE6, 0xE4, 0xEC, 0xC1, 0xB8, 0x0E, 0xCC, 0xF0, 0xE3, 0xEB,
  0xFD, 0x14, 0xEA, 0xE6, 0x0F, 0xFE, 0x01, 0x0A, 0x20, 0x28,
  0x1A, 0x00, 0x16, 0xEB, 0x09, 0xA3, 0x05, 0xDB, 0x34, 0xCC,
  0xFC, 0x0E, 0xEE, 0xBC, 0x05, 0xE5, 0x09, 0x02, 0xE1, 0xC1,
  0xF1, 0x19, 0x0E, 0x14, 0xFB, 0x1B, 0x06, 0xDC, 0xDD, 0xED,
  0x24, 0x0C, 0xF1, 0x1B, 0x21, 0x26, 0xC7, 0x1C, 0xFE, 0xC7,
  0xD3, 0xE2, 0x39, 0x22, 0xD4, 0xC9, 0xF0, 0xF5, 0x34, 0x39,
  0xE9, 0xFD, 0xEC, 0x1B, 0x1B, 0x1E, 0xF9, 0x3E, 0x0C, 0xE9,
  0xF1, 0xA0, 0xF8, 0x33, 0x23, 0x03, 0x2A, 0x22, 0xF5, 0x15,
  0x00, 0xF8, 0xFE, 0x06, 0x1B, 0x03, 0xED, 0xD6, 0xD8, 0xC4,
  0x1C, 0x04, 0xF9, 0xD4, 0xC9, 0x1D, 0xFD, 0xFD, 0xE0, 0x37,
  0xFE, 0xD7, 0xE0, 0xF4, 0x17, 0xFA, 0x0D, 0x0F, 0x02, 0x20,
  0xD8, 0xFB, 0x31, 0xF5, 0xF0, 0xBA, 0x02, 0xE5, 0xE2, 0xBB,
  0xBA, 0xCC, 0x12, 0x29, 0x19, 0xE4, 0xEA, 0xF1, 0xEA, 0xF8,
  0xFB, 0x18, 0x19, 0xED, 0xE3, 0xF6, 0xD7, 0x09, 0x0B, 0xF6,
  0x23, 0x07, 0xED, 0xF1, 0x30, 0xC9, 0xF7, 0xD1, 0x0B, 0x0B,
  0xF3, 0xD3, 0xE1, 0xD6, 0x16, 0x17, 0x03, 0xD4, 0xCD, 0xE7,
  0xEA, 0x04, 0xE5, 0x17, 0x37, 0x00, 0x03, 0xEE, 0xF1, 0x25,
  0x24, 0xF8, 0x0D, 0x18, 0xF0, 0xFB, 0x0C, 0xF0, 0x03, 0xCB,
  0x2F, 0xFB, 0xEC, 0xE9, 0x03, 0xEE, 0x0D, 0x0A, 0x19, 0xE3,
  0xC0, 0xF7, 0x24, 0x22, 0x03, 0x30, 0x0D, 0xF8, 0x08, 0xDB,
  0x19, 0x24, 0x03, 0x04, 0x31, 0x1B, 0x0A, 0xFC, 0x27, 0xE6,
  0x13, 0xEB, 0xF4, 0xFF, 0x19, 0xF1, 0x0C, 0xE2, 0x12, 0x0B,
  0xFB, 0xDD, 0xD5, 0x26, 0xFC, 0x52, 0xEA, 0x3A, 0x1A, 0xEA,
  0xEE, 0x1C, 0x24, 0x31, 0xFE, 0xFA, 0x44, 0x43, 0x07, 0x0A,
  0x2D, 0xF8, 0x81, 0x0D, 0x34, 0xFA, 0x1E, 0xFF, 0xCE, 0xE3,
  0x19, 0x01, 0x17, 0xDF, 0xF6, 0xEF, 0x0C, 0x1C, 0xBE, 0xC9,
  0x12, 0xAB, 0xF8, 0x34, 0xF0, 0x19, 0xF5, 0xC6, 0xC5, 0xF0,
  0x25, 0x04, 0xF5, 0xFC, 0x02, 0x25, 0xC6, 0x17, 0x04, 0x3A,
  0xC4, 0x2F, 0x04, 0xD7, 0xD3, 0x36, 0x13, 0x2B, 0xEC, 0x0C,
  0x25, 0xD3, 0xE4, 0xD1, 0x2F, 0x1D, 0xEC, 0xEB, 0xDD, 0xD8,
  0x05, 0xE1, 0x10, 0xC8, 0x02, 0xD6, 0xD6, 0x1F, 0xE2, 0xD1,
  0xD3, 0x21, 0xC1, 0x39, 0x16, 0x15, 0xE0, 0x56, 0x16, 0x30,
  0xA8, 0x0F, 0xFB, 0x1A, 0xF0, 0x40, 0x25, 0x1F, 0xDE, 0xE9,
  0xCD, 0x25, 0xF2, 0xDF, 0xFE, 0xDB, 0xF1, 0x3E, 0x13, 0xFC,
  0xD9, 0xB8, 0x0C, 0x06, 0xFB, 0x10, 0x1B, 0xEE, 0xE8, 0x52,
  0x2B, 0xF0, 0xED, 0xF3, 0x05, 0x3C, 0xF4, 0x3F, 0x1F, 0x92,
  0xD1, 0x08, 0xE7, 0xEB, 0x0D, 0xBA, 0xF2, 0xDA, 0xDD, 0xEF,
  0x22, 0xEC, 0xD3, 0xB9, 0xFC, 0x1F, 0x00, 0xD7, 0xF4, 0xFB,
  0x9F, 0x1F, 0x14, 0xDF, 0x0D, 0xE4, 0x19, 0x57, 0x19, 0x5E,
  0xCC, 0x8A, 0xEA, 0x1C, 0xF8, 0xE8, 0xC0, 0xBB, 0x3C, 0xE3,
  0xC0, 0xE3, 0x21, 0xFE, 0x06, 0xD9, 0xFD, 0xF6, 0xEF, 0xE8,
  0x0F, 0xD4, 0xC6, 0x41, 0x36, 0x09, 0xFD, 0x03, 0xE3, 0x0F,
  0xFF, 0xEB, 0xC3, 0xF4, 0xBB, 0xDF, 0xF1, 0xF7, 0xEA, 0xBF,
  0xDA, 0x0E, 0x0D, 0x11, 0xEE, 0x14, 0xD7, 0xF0, 0x0A, 0x1B,
  0xE1, 0x19, 0x0B, 0xDF, 0xD7, 0x44, 0x3C, 0x11, 0xD1, 0x0C,
  0xB7, 0xCD, 0x34, 0xB2, 0x10, 0x67, 0xD2, 0xBA, 0x02, 0xBD,
  0xD0, 0xBC, 0x13, 0x28, 0x14, 0x30, 0xAF, 0x33, 0x0A, 0x17,
  0xE7, 0x7F, 0xB6, 0x34, 0x23, 0xCB, 0xEA, 0x24, 0x07, 0x33,
  0x3B, 0x28, 0xFA, 0xF3, 0xDD, 0xE7, 0x0C, 0xE2, 0xBD, 0xCE,
  0x00, 0x02, 0xE7, 0xFE, 0x07, 0x2E, 0x10, 0x1E, 0x22, 0x17,
  0xC6, 0x11, 0xD0, 0xFE, 0x0A, 0x1E, 0xD0, 0x0D, 0x0F, 0x07,
  0x26, 0x22, 0x0C, 0x28, 0x47, 0xAE, 0xD6, 0x14, 0x3E, 0xE6,
  0xCE, 0xC1, 0xFA, 0x0F, 0xFA, 0x07, 0x06, 0x2C, 0xDE, 0x1B,
  0xFF, 0x51, 0xDF, 0xE3, 0xD2, 0x1A, 0x05, 0x12, 0x05, 0xF5,
  0xFB, 0x1D, 0x4D, 0x34, 0xCD, 0x0D, 0xF9, 0xEC, 0xFB, 0xF5,
  0x31, 0x0A, 0xEF, 0xEF, 0x0C, 0xC7, 0xFE, 0x15, 0xE1, 0x08,
  0xD9, 0xFB, 0xE7, 0x02, 0xE3, 0xF4, 0xD8, 0x0C, 0xE5, 0xE8,
  0x23, 0xE2, 0xFF, 0x10, 0x0D, 0x0B, 0xF2, 0x12, 0xD6, 0x40,
  0x01, 0xFC, 0xD9, 0xE5, 0xFB, 0x01, 0x21, 0x81, 0xFA, 0x09,
  0xE1, 0x05, 0x24, 0x0B, 0xEC, 0xDD, 0xC1, 0x09, 0xDD, 0x1D,
  0xE3, 0xF3, 0xE0, 0xFA, 0x17, 0x07, 0xD3, 0xEE, 0x2E, 0x1C,
  0xF2, 0x29, 0xE6, 0xF4, 0xCA, 0xFE, 0xD5, 0xFE, 0x1E, 0xD6,
  0xFE, 0x03, 0xF9, 0xF6, 0x06, 0x09, 0x21, 0x06, 0xC5, 0x08,
  0xE4, 0xEE, 0xDF, 0x26, 0x06, 0xF1, 0x1B, 0x02, 0xF1, 0x1B,
  0x08, 0x28, 0x21, 0xFF, 0xD0, 0x08, 0x09, 0xFE, 0xE7, 0xE7,
  0x19, 0x12, 0xEE, 0x21, 0x04, 0xF7, 0xEC, 0x24, 0x1A, 0x0F,
  0xE3, 0x02, 0xF5, 0x17, 0xE0, 0xF3, 0x02, 0xC8, 0x17, 0x15,
  0x27, 0x19, 0x02, 0x35, 0x10, 0x03, 0xDF, 0x1C, 0x16, 0x26,
  0xF2, 0xE7, 0x05, 0xFA, 0xFF, 0x23, 0x05, 0xFB, 0xD4, 0xF4,
  0xFA, 0x1D, 0xEA, 0x10, 0xED, 0x0E, 0x09, 0x06, 0xFC, 0xC8,
  0x11, 0x17, 0xF9, 0x00, 0xF1, 0xF8, 0xF0, 0x2B, 0x21, 0x26,
  0x02, 0xE2, 0x1B, 0xFD, 0x12, 0xDD, 0x14, 0x24, 0x16, 0x26,
  0xCC, 0x14, 0xF7, 0xBE, 0xE4, 0x0C, 0x42, 0xDF, 0x21, 0xF3,
  0xF0, 0x30, 0x18, 0x19, 0xEF, 0x3A, 0x0F, 0x10, 0xEA, 0x47,
  0xF4, 0xFD, 0xF4, 0x0B, 0x1A, 0x03, 0x40, 0x22, 0x0C, 0x25,
  0x13, 0x2D, 0x2D, 0x12, 0x05, 0xEA, 0x17, 0x21, 0x24, 0x1B,
  0xDF, 0xF7, 0xED, 0x35, 0x2C, 0x18, 0xB6, 0x12, 0x2C, 0x2F,
  0x28, 0x04, 0xFA, 0xDD, 0x1F, 0x19, 0xEC, 0x0E, 0x1A, 0x19,
  0x48, 0x31, 0x08, 0xEF, 0xE8, 0xD6, 0x19, 0xE9, 0x18, 0x23,
  0x13, 0xEB, 0xFA, 0xDB, 0x09, 0xFA, 0x10, 0x1C, 0xDC, 0x21,
  0x12, 0x13, 0xEA, 0xF1, 0x33, 0x09, 0xC0, 0xF7, 0x12, 0x1E,
  0x2A, 0xEA, 0x56, 0x53, 0xF5, 0xF2, 0x14, 0xE5, 0xF2, 0x0C,
  0xF8, 0x1A, 0x1B, 0xC9, 0xFC, 0x0D, 0x0D, 0x17, 0x11, 0xF5,
  0xF4, 0x0A, 0x00, 0xE0, 0xC8, 0x36, 0x1A, 0xFE, 0x9E, 0xE7,
  0x3A, 0x58, 0x46, 0xEA, 0x4A, 0x33, 0x07, 0xDE, 0x4A, 0xFB,
  0xDE, 0xE9, 0xF0, 0xF6, 0x0D, 0xD6, 0x1B, 0x19, 0xE6, 0x51,
  0x20, 0x07, 0xAD, 0xAA, 0x23, 0xFE, 0xF5, 0xFE, 0xD2, 0xF9,
  0xCF, 0x24, 0x08, 0x1A, 0x2C, 0x61, 0x36, 0x2D, 0x12, 0xB9,
  0x48, 0xE5, 0xFF, 0xE5, 0x00, 0x08, 0xE9, 0xF4, 0xED, 0xF6,
  0xDA, 0x0F, 0x11, 0x0C, 0xBC, 0xBA, 0x06, 0xFD, 0x16, 0x81,
  0x12, 0xF5, 0x1C, 0x0B, 0x03, 0x11, 0x10, 0x3C, 0x0E, 0x3B,
  0x0C, 0xE5, 0xD3, 0xD1, 0xE3, 0x18, 0x1E, 0xD6, 0xEC, 0x01,
  0xE9, 0xE7, 0x3B, 0xE9, 0xC2, 0x18, 0x25, 0xC9, 0x0E, 0x31,
  0xCC, 0x10, 0xFD, 0xA2, 0x0F, 0x0B, 0x45, 0xDE, 0x0C, 0xC7,
  0xD9, 0xBA, 0x02, 0x22, 0xE0, 0x33, 0x19, 0x0B, 0xC2, 0x5E,
  0xF6, 0x0D, 0x26, 0x03, 0x2A, 0xD8, 0xBB, 0x18, 0x13, 0x26,
  0x1B, 0xD9, 0xBC, 0xE1, 0xE5, 0xD1, 0x1E, 0x25, 0x21, 0xA6,
  0xE6, 0xFC, 0xE0, 0xDF, 0xE9, 0x0E, 0xE4, 0x34, 0x09, 0xF3,
  0xCE, 0x07, 0xE8, 0x10, 0xF8, 0x27, 0x04, 0xD0, 0xBC, 0x03,
  0x19, 0x0F, 0x12, 0xD5, 0xFA, 0x04, 0xE7, 0xFB, 0x19, 0xF9,
  0xDC, 0xD4, 0xE0, 0xFB, 0xEE, 0xFB, 0xF3, 0x09, 0xED, 0xE5,
  0xF9, 0x15, 0xE5, 0xD5, 0x01, 0x0E, 0x0A, 0xF0, 0xF5, 0xFD,
  0xF3, 0x26, 0x0F, 0x1F, 0xCE, 0x10, 0xF4, 0x0D, 0xD3, 0x1E,
  0x18, 0xD5, 0xEF, 0xE6, 0x26, 0xD0, 0x18, 0x1E, 0x06, 0xF1,
  0xCF, 0x0C, 0xF4, 0x23, 0xF5, 0xC2, 0x0B, 0xE2, 0xDF, 0xED,
  0xF9, 0xDB, 0xEB, 0xF8, 0xF7, 0xF3, 0xD8, 0x07, 0x16, 0x00,
  0xDA, 0xF3, 0xF1, 0xCA, 0xDC, 0xE8, 0x0B, 0xF0, 0x0A, 0x03,
  0xF2, 0xF0, 0xDF, 0xE7, 0x08, 0x20, 0xE7, 0xE4, 0x0C, 0xE6,
  0xF0, 0xEB, 0xF8, 0xFF, 0xF0, 0x10, 0x1D, 0xEA, 0xB7, 0xEA,
  0x0B, 0xED, 0x03, 0xBC, 0xFD, 0xE9, 0xFF, 0x11, 0x1B, 0xE3,
  0x02, 0xCF, 0xE8, 0x04, 0xF0, 0xFA, 0x31, 0xF6, 0xF0, 0x20,
  0x03, 0xEF, 0x08, 0xE9, 0x13, 0xBE, 0xDF, 0x08, 0x18, 0xF6,
  0x03, 0xD6, 0xEB, 0xDB, 0xB7, 0x81, 0xF3, 0xFD, 0xF3, 0xF6,
  0xF2, 0xDB, 0xFA, 0xD0, 0x95, 0x1B, 0x08, 0x30, 0x32, 0xEB,
  0xD1, 0xF6, 0xF6, 0xF5, 0xF0, 0xFA, 0xF0, 0xD6, 0xDB, 0xF4,
  0x0C, 0x2C, 0x0B, 0xD8, 0x42, 0xEA, 0x08, 0x26, 0x51, 0x0B,
  0x19, 0xD7, 0xDD, 0x5A, 0xF4, 0x1F, 0x0C, 0xFD, 0xEF, 0x09,
  0xEE, 0x19, 0xFB, 0xCF, 0x06, 0x1E, 0xE1, 0xE3, 0x5E, 0xFD,
  0xEB, 0x31, 0x2C, 0x52, 0xFD, 0x29, 0xF5, 0xF7, 0x00, 0xCD,
  0x24, 0xED, 0xE3, 0xE2, 0x11, 0xBC, 0x1A, 0x23, 0xF7, 0x0B,
  0xF7, 0xE9, 0x18, 0x07, 0xDC, 0x43, 0xF9, 0xE6, 0xF3, 0xB6,
  0x23, 0xF7, 0x27, 0x26, 0x06, 0x28, 0xF4, 0x20, 0x0F, 0xE2,
  0x1B, 0xDF, 0x11, 0xF4, 0xEF, 0xFD, 0x05, 0x47, 0xF6, 0x56,
  0x19, 0xDD, 0x11, 0xF1, 0x18, 0xFC, 0xF0, 0x0C, 0x1A, 0x07,
  0xB8, 0xDB, 0x04, 0xF3, 0x28, 0xCF, 0x17, 0x0D, 0x2F, 0x2F,
  0x15, 0x95, 0xD9, 0xD4, 0x30, 0xE5, 0xC5, 0xD1, 0x0A, 0x16,
  0xFD, 0x14, 0xDE, 0xFE, 0xEC, 0xBF, 0xF3, 0x23, 0x07, 0x07,
  0xE0, 0xD1, 0xB7, 0xB2, 0x10, 0xC8, 0x4C, 0xF1, 0x08, 0x0E,
  0x05, 0x17, 0xE7, 0xC1, 0x12, 0x02, 0xE3, 0xFE, 0xF2, 0xEA,
  0xD5, 0xF0, 0x42, 0x43, 0xF9, 0x2D, 0xE6, 0x1C, 0xE2, 0x45,
  0x33, 0x58, 0xEE, 0x20, 0xFD, 0x03, 0x2A, 0xD9, 0x13, 0xFD,
  0x20, 0x03, 0xDC, 0xD1, 0xC5, 0x0A, 0x15, 0xCD, 0x9B, 0x34,
  0xFE, 0xE0, 0xFA, 0x98, 0x14, 0x0B, 0xAF, 0xEC, 0x11, 0xDD,
  0x03, 0x02, 0x1A, 0x1F, 0x3D, 0xF3, 0xEA, 0xC6, 0xC7, 0xF9,
  0x09, 0xC3, 0xBA, 0xB5, 0xF6, 0xEF, 0xE0, 0x37, 0x18, 0x14,
  0xB4, 0x14, 0xF1, 0x20, 0xFE, 0x81, 0x1F, 0xF3, 0xC0, 0x04,
  0x30, 0xFA, 0x1E, 0xEE, 0x0A, 0x0F, 0x27, 0xDF, 0x06, 0xE3,
  0x94, 0x05, 0xDD, 0xDD, 0xB4, 0xA1, 0xD2, 0xDF, 0x05, 0xF0,
  0xFB, 0x2A, 0xEA, 0xEA, 0xD0, 0xFC, 0x17, 0x0D, 0x2F, 0x45,
  0x5E, 0xBA, 0x29, 0xC8, 0xD2, 0x26, 0x28, 0xC2, 0xEF, 0xE0,
  0xBE, 0xD9, 0x1C, 0xF3, 0x15, 0x36, 0xD2, 0x07, 0xE3, 0xFE,
  0x14, 0xD2, 0xDE, 0xF9, 0xED, 0xD1, 0xCC, 0x36, 0x22, 0x21,
  0x1F, 0x1B, 0x19, 0xBD, 0x2B, 0xBA, 0x08, 0x3D, 0x1A, 0xFB,
  0x24, 0xDE, 0xFB, 0xDC, 0x0A, 0xEC, 0x37, 0x49, 0x16, 0x17,
  0xFC, 0xFC, 0x00, 0x11, 0xD9, 0xEA, 0x02, 0xCA, 0x09, 0x0A,
  0xE4, 0xFE, 0x08, 0xEF, 0xF1, 0x06, 0x15, 0x0A, 0x0F, 0x2D,
  0x07, 0x34, 0x38, 0x09, 0x1E, 0x0C, 0x0F, 0xE0, 0x04, 0xE7,
  0x20, 0x1C, 0x0F, 0xD0, 0xE7, 0x06, 0x08, 0xC5, 0x23, 0xF4,
  0xEB, 0xEA, 0xD9, 0x0B, 0xE4, 0x04, 0xBA, 0x02, 0x2E, 0xEF,
  0x29, 0xC9, 0xF4, 0x0E, 0xF1, 0x29, 0x05, 0xCA, 0xBF, 0xC8,
  0xE8, 0xE4, 0x13, 0x40, 0x24, 0xE0, 0x13, 0x12, 0x23, 0x22,
  0x26, 0x1C, 0xFA, 0xE9, 0xCF, 0xDC, 0xEC, 0x22, 0xEE, 0xF1,
  0x1E, 0xD1, 0xCA, 0x23, 0xE2, 0xE1, 0xE1, 0x21, 0x1A, 0x1E,
  0xC5, 0xFF, 0x1C, 0x09, 0x1E, 0x29, 0x00, 0xE1, 0x03, 0x05,
  0x0B, 0x4A, 0x0B, 0xE5, 0x05, 0xF1, 0xEC, 0xEB, 0x46, 0x57,
  0x27, 0xE7, 0x02, 0xCA, 0xBF, 0x1F, 0x06, 0xD5, 0x09, 0x13,
  0xC8, 0xFC, 0x0B, 0x1B, 0xFD, 0x1F, 0xD9, 0x39, 0x23, 0xFE,
  0xFE, 0xEF, 0x24, 0x10, 0x0C, 0xFC, 0xD9, 0x10, 0x0A, 0xE8,
  0x39, 0x10, 0x08, 0xAD, 0x17, 0xB3, 0xED, 0x1F, 0x04, 0x08,
  0x17, 0x22, 0xD6, 0xE9, 0x1F, 0x1E, 0x17, 0x7F, 0x03, 0x13,
  0x0C, 0x56, 0x1D, 0x29, 0x31, 0xD4, 0xE7, 0x07, 0xE5, 0x79,
  0x6B, 0x16, 0x23, 0x06, 0x35, 0xE1, 0x30, 0xDD, 0xE3, 0x2E,
  0x7F, 0x10, 0x07, 0x3A, 0xCA, 0xE8, 0xFA, 0x41, 0xF8, 0xF4,
  0xFD, 0xFD, 0x1C, 0xFB, 0x1D, 0x0E, 0x27, 0xBB, 0xE7, 0x5F,
  0x0F, 0x34, 0x5E, 0x35, 0x2F, 0xFB, 0x52, 0xCF, 0x3D, 0xC9,
  0xE8, 0x37, 0x58, 0x03, 0x09, 0x0B, 0xAE, 0xBF, 0x03, 0x32,
  0xEC, 0x0D, 0xFA, 0xFF, 0x24, 0xE1, 0x20, 0xD4, 0x3C, 0xE6,
  0xDF, 0x2B, 0xBE, 0xF3, 0x28, 0x25, 0x09, 0xE3, 0x3A, 0xDC,
  0x1B, 0xEA, 0xEE, 0x29, 0x37, 0xEF, 0x21, 0x07, 0xDB, 0x13,
  0x13, 0x2A, 0xFB, 0xFA, 0x29, 0x09, 0x06, 0xCD, 0x34, 0xA3,
  0x0F, 0xD5, 0xE6, 0x35, 0xB6, 0xD4, 0xFA, 0x1D, 0xCB, 0xCB,
  0x21, 0xF3, 0xC4, 0xC7, 0xF5, 0x2A, 0x17, 0xED, 0x19, 0x15,
  0xDA, 0x05, 0x20, 0xF2, 0xF2, 0xFD, 0x1C, 0x18, 0xF6, 0xB9,
  0x18, 0xB5, 0x0C, 0xFB, 0x04, 0x17, 0xCA, 0xC9, 0xC1, 0x00,
  0xE8, 0xC9, 0x1D, 0xF5, 0xDD, 0xE5, 0x26, 0x21, 0xF7, 0x16,
  0xF9, 0x41, 0x0A, 0x0C, 0x1D, 0xE7, 0x06, 0xFF, 0x04, 0xDF,
  0xF9, 0xDF, 0x02, 0xCF, 0xFB, 0xE2, 0xDA, 0x1D, 0x0E, 0xE2,
  0xB2, 0xEE, 0x03, 0xD5, 0xF4, 0xE0, 0x1F, 0xDB, 0x3D, 0xEE,
  0xA5, 0x2F, 0xF2, 0xFF, 0x08, 0x24, 0x01, 0xC9, 0xC8, 0x02,
  0xFE, 0xD5, 0xE0, 0xE8, 0xFA, 0xE5, 0x23, 0xDA, 0xEF, 0xF6,
  0x1D, 0x0B, 0xBF, 0xF5, 0xEE, 0xF4, 0xFC, 0x13, 0x19, 0x33,
  0x58, 0xD5, 0xD6, 0x06, 0xFD, 0xFF, 0x42, 0x48, 0x0B, 0x50,
  0xF9, 0x09, 0xFF, 0x1C, 0x62, 0xEB, 0xFF, 0xFF, 0x04, 0x00,
  0x00, 0x00, 0x00, 0x01, 0x00, 0x00, 0x42, 0xF8, 0xFF, 0xFF,
  0x57, 0x1B, 0x00, 0x00, 0xC4, 0xFB, 0xFF, 0xFF, 0x9D, 0xB6,
  0xFF, 0xFF, 0xE1, 0xF3, 0xFF, 0xFF, 0x43, 0x12, 0x00, 0x00,
  0x91, 0x00, 0x00, 0x00, 0x78, 0xD8, 0xFF, 0xFF, 0x62, 0x18,
  0x00, 0x00, 0x97, 0xF3, 0xFF, 0xFF, 0xCE, 0xB3, 0xFF, 0xFF,
  0x30, 0x03, 0x00, 0x00, 0x45, 0xF7, 0xFF, 0xFF, 0x9A, 0x39,
  0x00, 0x00, 0x43, 0x00, 0x00, 0x00, 0x6F, 0xE4, 0xFF, 0xFF,
  0x69, 0x19, 0x00, 0x00, 0xB0, 0x19, 0x00, 0x00, 0x6B, 0xFC,
  0xFF, 0xFF, 0x47, 0xFB, 0xFF, 0xFF, 0xC1, 0xDD, 0xFF, 0xFF,
  0x8A, 0xFF, 0xFF, 0xFF, 0xD3, 0xF2, 0xFF, 0xFF, 0x65, 0x0A,
  0x00, 0x00, 0x89, 0x13, 0x00, 0x00, 0x40, 0xD1, 0xFF, 0xFF,
  0xDF, 0xF5, 0xFF, 0xFF, 0xEE, 0x0D, 0x00, 0x00, 0x88, 0x0D,
  0x00, 0x00, 0x9E, 0x07, 0x00, 0x00, 0xB1, 0x00, 0x00, 0x00,
  0xA4, 0x18, 0x00, 0x00, 0x2F, 0x06, 0x00, 0x00, 0xC0, 0xCA,
  0xFF, 0xFF, 0x25, 0x2D, 0x00, 0x00, 0x2B, 0xD7, 0xFF, 0xFF,
  0x8F, 0xCC, 0xFF, 0xFF, 0x47, 0x00, 0x00, 0x00, 0xD0, 0xEF,
  0xFF, 0xFF, 0x5D, 0xFE, 0xFF, 0xFF, 0xB5, 0xBE, 0xFF, 0xFF,
  0x18, 0xF2, 0xFF, 0xFF, 0xBF, 0xFB, 0xFF, 0xFF, 0x53, 0x07,
  0x00, 0x00, 0xF9, 0xE5, 0xFF, 0xFF, 0x27, 0x0A, 0x00, 0x00,
  0xA3, 0x04, 0x00, 0x00, 0xD4, 0xE4, 0xFF, 0xFF, 0xD4, 0xDE,
  0xFF, 0xFF, 0xF4, 0x21, 0x00, 0x00, 0x36, 0xEA, 0xFF, 0xFF,
  0x0D, 0x00, 0x00, 0x00, 0xFA, 0xFB, 0xFF, 0xFF, 0x07, 0xDE,
  0xFF, 0xFF, 0x09, 0xDA, 0xFF, 0xFF, 0x44, 0x3E, 0x00, 0x00,
  0xEE, 0x11, 0x00, 0x00, 0x2D, 0x06, 0x00, 0x00, 0xBF, 0xFC,
  0xFF, 0xFF, 0x3B, 0xD7, 0xFF, 0xFF, 0xFF, 0x15, 0x00, 0x00,
  0x2E, 0xFB, 0xFF, 0xFF, 0x79, 0xEC, 0xFF, 0xFF, 0xE9, 0xDA,
  0xFF, 0xFF, 0x6E, 0xEC, 0xFF, 0xFF, 0x04, 0x00, 0x00, 0x00,
  0x00, 0x10, 0x00, 0x00, 0x09, 0xE8, 0xEF, 0xE7, 0x01, 0xFD,
  0xF3, 0xF5, 0x04, 0xFD, 0x03, 0xDE, 0x0B, 0x08, 0xFF, 0xDB,
  0x0A, 0xFD, 0x10, 0x01, 0xE6, 0xE3, 0x0C, 0xF2, 0xFB, 0xF0,
  0xF8, 0xFD, 0x0C, 0x11, 0xF3, 0x0D, 0x06, 0x12, 0xFE, 0x04,
  0xD8, 0x10, 0x1B, 0x0D, 0x0E, 0xE2, 0xDC, 0x0E, 0x1B, 0xE8,
  0x14, 0xFF, 0xD0, 0x06, 0xF1, 0xE5, 0xE7, 0x10, 0xFB, 0x04,
  0xFB, 0x09, 0xF9, 0xF2, 0x13, 0x0D, 0x10, 0xD8, 0xFD, 0xE1,
  0xED, 0xE5, 0xFC, 0xED, 0x02, 0x0E, 0xFA, 0xFD, 0xFB, 0xF1,
  0x15, 0xFA, 0x08, 0x0B, 0xF0, 0xE6, 0x22, 0xFD, 0xF1, 0x09,
  0xF8, 0xFE, 0x0E, 0xEA, 0x10, 0xFE, 0xFA, 0x28, 0x0D, 0x0D,
  0xFF, 0x0D, 0x03, 0xFE, 0xF0, 0x19, 0xFA, 0x23, 0xE5, 0x02,
  0xF4, 0x0A, 0xEA, 0xEC, 0x29, 0xF5, 0xFC, 0x06, 0x04, 0xD3,
  0xF5, 0xED, 0xFF, 0xFC, 0xFB, 0xF5, 0x05, 0xFC, 0xFF, 0x0B,
  0xF1, 0x07, 0x00, 0xE7, 0x06, 0x19, 0x05, 0x16, 0x1C, 0x07,
  0xFC, 0x01, 0x18, 0x16, 0x04, 0xF8, 0xFC, 0xF0, 0xF8, 0xED,
  0x19, 0xFD, 0xFE, 0x07, 0x04, 0x0E, 0x37, 0x16, 0x0D, 0xF3,
  0xFE, 0x0A, 0x02, 0xF8, 0x04, 0x0A, 0xFE, 0x0F, 0x06, 0x01,
  0x12, 0xFE, 0x22, 0x0F, 0x11, 0xFE, 0x0C, 0x0E, 0x17, 0xFC,
  0x14, 0x05, 0xFD, 0x03, 0x0A, 0x0B, 0xDD, 0xF2, 0xF7, 0xF7,
  0x0C, 0x11, 0xF8, 0xF0, 0xF4, 0x02, 0xF9, 0x0D, 0x0D, 0x01,
  0xF8, 0xF2, 0x24, 0xF2, 0x0D, 0x01, 0x03, 0xF1, 0x2C, 0x1B,
  0xF5, 0x03, 0x16, 0x0B, 0x0C, 0xF7, 0xF7, 0xF5, 0x0C, 0x08,
  0x0B, 0xFB, 0xF4, 0x0D, 0xEB, 0x1D, 0x02, 0x04, 0xF3, 0xF3,
  0x16, 0xFC, 0xFA, 0x22, 0x07, 0x0C, 0xFF, 0xF3, 0xF7, 0x19,
  0xFF, 0x04, 0x0C, 0x05, 0xFE, 0x21, 0x04, 0x01, 0xFE, 0x0A,
  0xFB, 0x18, 0x06, 0x05, 0xFF, 0xFC, 0x07, 0xFF, 0x17, 0x01,
  0x05, 0x14, 0x01, 0x0B, 0x02, 0x14, 0x24, 0x03, 0xFA, 0xF4,
  0x0B, 0x04, 0x1F, 0x03, 0xF6, 0x18, 0x04, 0x04, 0x07, 0x02,
  0x07, 0xFA, 0xFB, 0xFD, 0x2E, 0x09, 0xEE, 0xF9, 0xFB, 0xF3,
  0xF2, 0x17, 0xFF, 0xE8, 0x0B, 0x03, 0x17, 0x19, 0xFC, 0xE5,
  0x10, 0x0F, 0xFD, 0x00, 0xEF, 0x10, 0xDE, 0xFC, 0x0E, 0x05,
  0x04, 0xF8, 0x0E, 0x0A, 0x08, 0x01, 0x16, 0x04, 0xF9, 0xE5,
  0x08, 0xF5, 0x06, 0x0B, 0xF3, 0x17, 0xDF, 0xFB, 0xDF, 0x00,
  0xF8, 0xAC, 0x00, 0xBA, 0xF3, 0xC8, 0x16, 0x0C, 0x04, 0x0E,
  0x0B, 0x19, 0xF7, 0xB7, 0xA1, 0xD6, 0xC1, 0xA8, 0x07, 0xF0,
  0xE0, 0x1B, 0xBC, 0xE3, 0xBB, 0x01, 0xFA, 0xE5, 0x17, 0xDA,
  0xDA, 0xF4, 0xE6, 0x03, 0xF5, 0xC8, 0xC4, 0xC6, 0xE8, 0x00,
  0x1E, 0xDB, 0xE5, 0x16, 0xBC, 0xEB, 0x05, 0xDD, 0xC1, 0x11,
  0x06, 0xC7, 0xF1, 0xEC, 0xDC, 0xF2, 0xC0, 0xE0, 0xE8, 0x05,
  0xF8, 0xE3, 0xFF, 0xD4, 0x0A, 0xED, 0xEE, 0x01, 0xFA, 0x12,
  0x1D, 0x0A, 0xF9, 0xEB, 0x00, 0xFD, 0xE7, 0xEA, 0xF5, 0xFA,
  0xF5, 0xF9, 0x1B, 0xF3, 0xFC, 0x11, 0x0A, 0xDE, 0xE7, 0xEF,
  0xF4, 0xF3, 0xFC, 0xF6, 0xFE, 0x00, 0xF7, 0xD9, 0x09, 0x09,
  0xF1, 0xE9, 0xF5, 0xEF, 0xD5, 0x03, 0xFC, 0x02, 0xF6, 0xFC,
  0xFC, 0xFC, 0xD8, 0x05, 0x11, 0xF5, 0xEC, 0xF3, 0xF5, 0xDE,
  0xF9, 0xF4, 0x11, 0xFB, 0x36, 0x07, 0x11, 0x12, 0xE8, 0x10,
  0x13, 0x19, 0x0B, 0x15, 0xF5, 0xFF, 0x18, 0xFB, 0x03, 0x06,
  0xD0, 0x27, 0x1E, 0x09, 0x32, 0x32, 0xF4, 0xEA, 0x19, 0xFF,
  0x2E, 0xFC, 0x30, 0x13, 0x0F, 0x12, 0xFF, 0x1C, 0x1F, 0xE1,
  0x23, 0x12, 0x00, 0x11, 0x12, 0x30, 0x12, 0x02, 0xF5, 0x0A,
  0x06, 0x02, 0x15, 0x2D, 0x00, 0x21, 0x0D, 0x10, 0x03, 0x27,
  0x14, 0x19, 0x1B, 0x16, 0x2E, 0x0B, 0x07, 0xE9, 0xF5, 0xCD,
  0x0A, 0xCC, 0xE0, 0xC6, 0x0A, 0x12, 0xCB, 0xAD, 0xE1, 0x00,
  0x1A, 0xD1, 0x08, 0xFB, 0xE5, 0x1A, 0x9D, 0xCD, 0x14, 0x06,
  0xDB, 0xB1, 0x0C, 0x14, 0x10, 0xCE, 0x0A, 0x12, 0x0F, 0xE4,
  0x06, 0xFD, 0xCE, 0xE7, 0x0C, 0x07, 0xBA, 0xE3, 0xD4, 0x17,
  0xEB, 0xA3, 0x0A, 0x05, 0xB5, 0x01, 0x04, 0x12, 0xDC, 0x08,
  0xDD, 0x04, 0x0D, 0x06, 0x0E, 0xCE, 0x0C, 0x05, 0x18, 0xB0,
  0xEE, 0xFB, 0xE4, 0xFE, 0xE7, 0x13, 0x28, 0xEE, 0x17, 0xEE,
  0x18, 0xFF, 0x11, 0x13, 0xE7, 0x14, 0x0D, 0xF9, 0xE4, 0xFB,
  0xF7, 0xFA, 0xD9, 0xEA, 0x1C, 0xE3, 0xF2, 0x0E, 0xEE, 0xD9,
  0xDA, 0x04, 0x14, 0xF2, 0x14, 0xF4, 0xF3, 0xF2, 0xE2, 0xDA,
  0x0A, 0x07, 0xFF, 0xE7, 0xF3, 0xFC, 0xE4, 0xEF, 0x07, 0x11,
  0xD6, 0xFB, 0xF9, 0xF2, 0xF1, 0x12, 0x04, 0xF2, 0xEB, 0x08,
  0xF0, 0xD7, 0xE0, 0x04, 0xD7, 0xFE, 0x0E, 0xF0, 0xFA, 0xE9,
  0xFF, 0xE2, 0x04, 0x11, 0x02, 0x00, 0xFA, 0x07, 0x01, 0xE7,
  0xFC, 0x10, 0xF3, 0xF7, 0xE8, 0xFF, 0xFF, 0x04, 0x07, 0xC5,
  0x0C, 0xF9, 0x01, 0x25, 0x04, 0xEE, 0x0D, 0xFE, 0xF1, 0xF4,
  0xFC, 0x19, 0x10, 0x24, 0xF6, 0xFF, 0x06, 0xF6, 0x13, 0xEE,
  0x14, 0xFB, 0xEC, 0xFE, 0x02, 0x18, 0xF9, 0x1E, 0xE4, 0x01,
  0xFE, 0x07, 0xFF, 0x03, 0xF9, 0x2D, 0xF5, 0xED, 0x0E, 0x05,
  0x0A, 0x0C, 0x09, 0xFC, 0xE1, 0xFE, 0x05, 0x05, 0xFF, 0x09,
  0xDB, 0xE7, 0xF9, 0x14, 0xFA, 0x04, 0xFE, 0x0C, 0x12, 0x03,
  0x0C, 0x02, 0xD9, 0x05, 0x16, 0x03, 0xFF, 0xF8, 0x00, 0x10,
  0x09, 0x19, 0xF2, 0x0E, 0x0F, 0xEE, 0x04, 0xED, 0x02, 0x05,
  0x0B, 0x03, 0x07, 0x00, 0xF8, 0xFF, 0x10, 0xE1, 0x15, 0x0F,
  0x10, 0xFE, 0x08, 0xDB, 0xE1, 0xFF, 0xFB, 0x0A, 0xF8, 0xF0,
  0xFA, 0x14, 0xFF, 0x09, 0xF9, 0xE3, 0xE2, 0x14, 0xD5, 0xE4,
  0x0D, 0x02, 0x1D, 0xFA, 0xFA, 0x10, 0x05, 0xFD, 0x1A, 0x05,
  0xCC, 0x03, 0xFA, 0x0C, 0xED, 0xF1, 0xE1, 0xE3, 0x03, 0x05,
  0x05, 0xD9, 0x00, 0x02, 0x0E, 0x12, 0x07, 0x0D, 0xFA, 0xCB,
  0x0D, 0xF0, 0x0E, 0x00, 0xF5, 0xF9, 0x09, 0x05, 0xE5, 0xE8,
  0xF0, 0x02, 0xED, 0x0F, 0x01, 0xFE, 0xD0, 0x0E, 0x0E, 0x00,
  0x01, 0xF3, 0xFB, 0xE8, 0xFE, 0xF3, 0x19, 0xFE, 0x0F, 0x06,
  0xFE, 0x1C, 0xE1, 0x05, 0xEA, 0x02, 0x0A, 0x15, 0xEA, 0xDF,
  0xFD, 0x03, 0xF0, 0xFF, 0xED, 0xFC, 0x18, 0x02, 0x0D, 0x0C,
  0xE5, 0x1C, 0xFD, 0xE9, 0x0F, 0xEB, 0x16, 0xFB, 0x0A, 0xEA,
  0xF5, 0xF6, 0x06, 0xF6, 0x01, 0xFA, 0x0E, 0xFE, 0x0A, 0xFF,
  0xFD, 0xF8, 0xF5, 0x0D, 0x1C, 0xEC, 0x01, 0xF7, 0x09, 0x0B,
  0x04, 0xF7, 0xFB, 0x0C, 0x14, 0xFF, 0x0B, 0xFD, 0x06, 0x07,
  0x0E, 0x06, 0x0B, 0xFF, 0x02, 0xFB, 0xEF, 0xFD, 0x0E, 0xFC,
  0x09, 0x16, 0xE0, 0xEC, 0xFA, 0x07, 0xF7, 0x02, 0xEA, 0x0B,
  0x02, 0x18, 0x16, 0x00, 0xE1, 0x16, 0x01, 0xF9, 0x07, 0xE2,
  0x10, 0x1A, 0x06, 0xF8, 0xE8, 0x11, 0x10, 0xF0, 0xF7, 0xF0,
  0x09, 0x01, 0x16, 0x04, 0xFE, 0x12, 0xF9, 0x10, 0x18, 0xF2,
  0xFC, 0xF3, 0x0E, 0xF7, 0x03, 0xEA, 0xDD, 0x14, 0x05, 0x05,
  0x03, 0xF3, 0x08, 0xFD, 0x01, 0x0D, 0x08, 0x12, 0xEE, 0x11,
  0xF4, 0x06, 0xEC, 0xFB, 0x16, 0x08, 0xD9, 0xE7, 0xFA, 0x04,
  0xE7, 0x07, 0xF1, 0xF7, 0x12, 0x01, 0x02, 0xF4, 0xE3, 0x12,
  0x03, 0xF3, 0xFE, 0xE6, 0x01, 0xEC, 0x19, 0x0C, 0xDB, 0x0B,
  0xE6, 0xF9, 0x0B, 0xFF, 0x0D, 0xFD, 0x00, 0xF0, 0x11, 0x0F,
  0x00, 0xF5, 0x04, 0xE3, 0x0F, 0x0A, 0x0B, 0x00, 0xFA, 0xF6,
  0xEB, 0x03, 0x03, 0xFB, 0xEE, 0xFC, 0x06, 0xFE, 0x02, 0x05,
  0x08, 0xF6, 0x00, 0x02, 0xCB, 0x11, 0x08, 0x13, 0x07, 0x06,
  0xEE, 0x01, 0x02, 0xFA, 0x04, 0x01, 0xE9, 0x04, 0x07, 0x08,
  0x04, 0x13, 0xD4, 0xFD, 0x18, 0xF6, 0xFD, 0xFC, 0xF7, 0xFB,
  0x0A, 0x25, 0xF6, 0xFD, 0x03, 0xE5, 0x18, 0xFB, 0x12, 0x0B,
  0x14, 0x0E, 0x0C, 0x03, 0xFB, 0xFF, 0x0B, 0x07, 0x07, 0x05,
  0x0C, 0x09, 0xF6, 0xFE, 0xFD, 0x11, 0x0D, 0x18, 0xFF, 0xF8,
  0x0E, 0x07, 0xE0, 0x22, 0xCA, 0xF5, 0xEB, 0xE3, 0x1E, 0xA6,
  0x00, 0xA4, 0xE3, 0xB5, 0x1A, 0x12, 0xF3, 0x1B, 0x16, 0x1B,
  0x02, 0xB8, 0x81, 0xE1, 0xB5, 0xB6, 0x0D, 0xF3, 0xC8, 0x1B,
  0x9C, 0xD9, 0xAB, 0xFF, 0x0B, 0xE7, 0x1D, 0xD0, 0xBF, 0xF4,
  0xE1, 0xE5, 0x00, 0xB9, 0xAF, 0xC0, 0xDA, 0xD3, 0xF8, 0xE6,
  0xD0, 0x1C, 0xB1, 0xE1, 0x03, 0xA6, 0xC2, 0x17, 0x25, 0xAF,
  0xFC, 0xDC, 0xD6, 0xE9, 0xB0, 0xCD, 0xF9, 0xEF, 0x01, 0xF7,
  0xFA, 0xE4, 0x1B, 0x08, 0x01, 0x11, 0xEC, 0x0E, 0x02, 0xFB,
  0x10, 0xFA, 0x02, 0xEF, 0x2C, 0xFB, 0xFB, 0x0E, 0x0E, 0xFE,
  0x0E, 0xF1, 0x08, 0x09, 0x09, 0x0E, 0xF0, 0x0E, 0x08, 0xF9,
  0x09, 0x05, 0x0C, 0x1E, 0xF8, 0x1D, 0xF3, 0xF1, 0x01, 0x03,
  0xF4, 0xF8, 0x07, 0x16, 0xF9, 0xFF, 0x0F, 0xF6, 0xED, 0x11,
  0x16, 0xFD, 0x06, 0x00, 0xFD, 0xF9, 0x02, 0x0A, 0x06, 0xF1,
  0x03, 0x02, 0x12, 0xF0, 0xE3, 0xFD, 0xDF, 0xF3, 0x10, 0x05,
  0xFD, 0x10, 0xEE, 0xFE, 0xF5, 0xFA, 0xFE, 0x15, 0xDC, 0xF0,
  0xF6, 0x0D, 0xF0, 0x00, 0xF1, 0xEF, 0x02, 0xEF, 0xEC, 0xF8,
  0xDF, 0x10, 0x1F, 0xFF, 0x0D, 0x10, 0xF8, 0xE5, 0x0B, 0xFC,
  0x02, 0x1F, 0x0B, 0xE1, 0xF2, 0x0C, 0x0F, 0xF5, 0x18, 0xF0,
  0xFB, 0x00, 0x12, 0xF4, 0xD9, 0xEF, 0x05, 0xF9, 0x0F, 0x02,
  0xED, 0xFF, 0xE6, 0xFB, 0xE4, 0x08, 0x0D, 0xFC, 0x12, 0xEF,
  0x0F, 0xF6, 0xF6, 0xF9, 0xF6, 0x08, 0x13, 0x06, 0xFF, 0x0A,
  0xF8, 0xFE, 0x05, 0x14, 0xEE, 0x19, 0xF5, 0x0E, 0xFF, 0xD6,
  0xF0, 0x07, 0x04, 0x23, 0x20, 0xF0, 0xF4, 0xF3, 0x0A, 0xEA,
  0x05, 0x1D, 0x09, 0x08, 0xEB, 0x0C, 0x08, 0xF8, 0x00, 0x02,
  0x07, 0xF6, 0xFC, 0x0C, 0xF2, 0x12, 0x13, 0x17, 0xF1, 0x08,
  0x19, 0xF8, 0xF9, 0xE1, 0xE8, 0x0A, 0xFC, 0x15, 0x15, 0x12,
  0x08, 0xFA, 0xFC, 0xF8, 0x2A, 0x07, 0x18, 0xEE, 0x02, 0x02,
  0x16, 0x1A, 0x04, 0x13, 0x18, 0x10, 0xFC, 0xFD, 0x0E, 0x05,
  0x09, 0x02, 0x17, 0x00, 0xF3, 0x07, 0x00, 0xF8, 0x10, 0x05,
  0xF0, 0xFB, 0x0E, 0x01, 0xF6, 0x01, 0x0D, 0xEA, 0xFD, 0xFD,
  0xFA, 0x05, 0x00, 0x10, 0xE7, 0x07, 0x04, 0x16, 0x0C, 0x08,
  0x0D, 0xFD, 0x12, 0x14, 0x17, 0x04, 0x12, 0x00, 0x0A, 0xFB,
  0xF9, 0x07, 0xF2, 0xFA, 0x07, 0x0B, 0x03, 0x08, 0xF2, 0xFA,
  0x0C, 0xF1, 0xF6, 0xF4, 0x09, 0x04, 0xF6, 0xF1, 0x09, 0x02,
  0xF3, 0xFF, 0xF7, 0xE9, 0xF2, 0x07, 0xF5, 0xF1, 0xFE, 0xEE,
  0x03, 0xF3, 0x08, 0xEE, 0xEE, 0x04, 0xF9, 0xF7, 0x02, 0x03,
  0x08, 0xFF, 0xF8, 0x01, 0xF8, 0xFD, 0x07, 0xF1, 0x00, 0xEF,
  0x04, 0xF5, 0xF4, 0x05, 0xEC, 0xEF, 0xEC, 0x00, 0xFD, 0xFE,
  0xF5, 0xFB, 0x0E, 0xF6, 0x09, 0xF1, 0xFE, 0xED, 0xFC, 0xE5,
  0xFC, 0xF6, 0xF3, 0x03, 0x0E, 0xFA, 0x04, 0x13, 0x0A, 0x04,
  0x05, 0xE0, 0x02, 0xEF, 0xED, 0xEB, 0x00, 0x0B, 0xFE, 0x18,
  0xF0, 0xF8, 0x11, 0x09, 0xF9, 0x07, 0xE0, 0x22, 0x1F, 0x22,
  0x08, 0x0B, 0x07, 0xF4, 0x15, 0x0F, 0xFA, 0xF8, 0x11, 0x04,
  0x0C, 0x0C, 0x0E, 0xFA, 0xFA, 0xF7, 0xFA, 0xE8, 0xF9, 0xF9,
  0xF0, 0xF8, 0xF2, 0x0F, 0x08, 0x06, 0xF4, 0x04, 0xE6, 0xEE,
  0xEF, 0xE1, 0xFC, 0xF3, 0x0E, 0xE4, 0xF9, 0x13, 0x03, 0x03,
  0x03, 0xEE, 0x0F, 0x07, 0x01, 0x05, 0xFC, 0xDE, 0x0D, 0x04,
  0xEE, 0xF2, 0x00, 0xFE, 0x12, 0xEB, 0x02, 0xF0, 0xFF, 0x03,
  0x0A, 0x00, 0xFE, 0x00, 0x06, 0x0D, 0x0B, 0x0B, 0xFF, 0x15,
  0xF6, 0xF4, 0xF9, 0x07, 0xF7, 0x02, 0x20, 0xFF, 0xF2, 0x0B,
  0x0D, 0x00, 0x05, 0xFF, 0xF9, 0x02, 0xF9, 0x06, 0x0F, 0xF2,
  0xF7, 0x1E, 0x11, 0x07, 0x05, 0xF0, 0xFB, 0xEC, 0x02, 0xCF,
  0xFD, 0x14, 0x08, 0xFF, 0xDC, 0xFE, 0x0A, 0x06, 0xFA, 0xED,
  0xF4, 0xF6, 0x2B, 0xFF, 0x09, 0x0A, 0x03, 0x07, 0x10, 0xE8,
  0x06, 0xF4, 0x05, 0x29, 0xF8, 0xF9, 0xF8, 0xF1, 0x04, 0xFD,
  0x06, 0x20, 0xF1, 0x0D, 0xE3, 0xF9, 0x0C, 0xF2, 0x01, 0xF0,
  0x25, 0x0C, 0xF7, 0xFF, 0x03, 0xFC, 0xFD, 0xF5, 0x02, 0x04,
  0xFC, 0x05, 0xE8, 0xF0, 0x07, 0x25, 0xFE, 0xF1, 0x0E, 0xF9,
  0xF9, 0xFC, 0x08, 0x0B, 0x05, 0x13, 0x07, 0xF8, 0xEA, 0x1B,
  0xFE, 0xFB, 0xFB, 0x14, 0xF8, 0x0A, 0x0C, 0x01, 0x15, 0x09,
  0xFE, 0x02, 0x08, 0x1C, 0xFF, 0x07, 0x0F, 0xF8, 0xFB, 0x11,
  0x08, 0xF5, 0x0B, 0xFC, 0x18, 0x1B, 0xF3, 0xE8, 0xF8, 0x17,
  0x0E, 0x03, 0xFA, 0x09, 0x00, 0x0C, 0x01, 0xFC, 0x02, 0x07,
  0x0C, 0x02, 0x06, 0xF1, 0xFB, 0x13, 0xF6, 0xFF, 0x00, 0xF7,
  0x0A, 0x03, 0x12, 0x09, 0x03, 0x05, 0xFD, 0x05, 0xFA, 0x0D,
  0x00, 0x10, 0x12, 0x1B, 0xF0, 0xF9, 0x08, 0x16, 0x07, 0xFF,
  0xEF, 0x01, 0x20, 0x11, 0xFA, 0x0F, 0xF0, 0x2A, 0xFB, 0xF5,
  0x04, 0xFD, 0xFF, 0x12, 0x01, 0x03, 0x00, 0x10, 0x19, 0xF1,
  0xFA, 0xFC, 0x0F, 0x09, 0x07, 0x0A, 0x11, 0x15, 0xE4, 0xFF,
  0x0C, 0xFE, 0x0A, 0x0D, 0xFD, 0x0D, 0x0A, 0x08, 0xED, 0x03,
  0x0B, 0x06, 0x09, 0xE7, 0xF6, 0x1A, 0x0E, 0x01, 0xF4, 0x01,
  0x0B, 0x08, 0x2C, 0xFE, 0x0C, 0x0E, 0xF4, 0xF7, 0x11, 0x08,
  0xF7, 0x00, 0x04, 0x12, 0x08, 0xF8, 0xFA, 0x05, 0xFE, 0x14,
  0x1E, 0xFD, 0xFD, 0x13, 0x0A, 0x1A, 0xF8, 0xFD, 0x05, 0xF6,
  0x15, 0x0B, 0xFF, 0x2D, 0xFE, 0xFF, 0xFC, 0x01, 0xF2, 0xF7,
  0x04, 0xFD, 0xF9, 0x0B, 0xF4, 0x0B, 0xFA, 0x11, 0xFC, 0x09,
  0x14, 0x05, 0x11, 0x03, 0xF9, 0xEC, 0x17, 0x0C, 0x05, 0x05,
  0x03, 0xFA, 0x16, 0x0D, 0xF9, 0x20, 0xEA, 0xFE, 0x16, 0x07,
  0x0F, 0x0F, 0xF3, 0xFF, 0x11, 0x00, 0x09, 0xF7, 0xD3, 0x1B,
  0x10, 0x0C, 0x15, 0x19, 0xE0, 0xFA, 0x16, 0xF8, 0x1A, 0xEF,
  0x14, 0x08, 0x14, 0x11, 0x00, 0x13, 0x13, 0xE9, 0x1B, 0xF6,
  0x0B, 0x09, 0x0F, 0x0B, 0x15, 0x02, 0xEA, 0x01, 0xFF, 0x05,
  0x14, 0x12, 0x0A, 0x07, 0x10, 0x08, 0x00, 0xFE, 0x13, 0x06,
  0x01, 0x01, 0xFB, 0x02, 0x0A, 0xFF, 0xFF, 0xFC, 0x16, 0xFE,
  0xF6, 0xE9, 0x0C, 0x02, 0x00, 0xF1, 0xED, 0x04, 0x00, 0xD8,
  0x0D, 0xFD, 0xF2, 0x0F, 0xF6, 0xEF, 0xFE, 0xF8, 0x02, 0xEC,
  0xF9, 0xF2, 0x0C, 0xFA, 0x12, 0x12, 0x19, 0x0A, 0x08, 0x13,
  0xE5, 0xFD, 0x04, 0x15, 0xF7, 0xF8, 0xF4, 0x19, 0x14, 0x02,
  0x1F, 0xF5, 0xE4, 0x02, 0x00, 0xFE, 0xF5, 0xF3, 0xED, 0x04,
  0x02, 0x03, 0x14, 0xF1, 0x17, 0x06, 0x07, 0xEF, 0x03, 0xEB,
  0x0A, 0xFF, 0x0E, 0xEB, 0xDD, 0x09, 0xDD, 0xF9, 0x03, 0xEF,
  0x06, 0x0C, 0xF3, 0x01, 0xEF, 0xF3, 0x04, 0xF5, 0x00, 0xFA,
  0x12, 0xE8, 0x01, 0xF8, 0x01, 0x11, 0x04, 0x02, 0xEB, 0xF8,
  0xF0, 0xFC, 0x0B, 0xFF, 0xF7, 0xFC, 0x05, 0xF7, 0xFA, 0xF3,
  0xF5, 0xEE, 0x05, 0x01, 0xFF, 0x04, 0x00, 0x11, 0x0F, 0xF0,
  0xF1, 0x07, 0xFE, 0xEE, 0x12, 0x06, 0x0C, 0xFD, 0x02, 0x0C,
  0x0B, 0xF5, 0xE7, 0x06, 0xDF, 0xF0, 0x05, 0xF8, 0x0C, 0xE2,
  0xF8, 0xD0, 0xFD, 0xEE, 0x15, 0x0B, 0x00, 0x06, 0x1B, 0x03,
  0x05, 0xD9, 0xD1, 0xF3, 0xD0, 0xC6, 0x02, 0xF3, 0xDC, 0x0B,
  0xD1, 0xDD, 0xD9, 0x08, 0xF5, 0xF0, 0x0D, 0xFC, 0xFE, 0x08,
  0xF2, 0x02, 0xED, 0xFF, 0xF1, 0xF1, 0xF5, 0x05, 0x08, 0xFF,
  0xE6, 0x00, 0xDB, 0x01, 0x07, 0xDA, 0xD3, 0x02, 0x11, 0xDC,
  0xF7, 0xFC, 0xF3, 0x0E, 0xD9, 0xF4, 0xF5, 0x0E, 0x05, 0x07,
  0xF8, 0xFB, 0xF8, 0x19, 0xE5, 0xF6, 0xF3, 0x0A, 0xF4, 0x05,
  0xFD, 0x0C, 0xDE, 0x04, 0x0C, 0x08, 0x16, 0xFA, 0x11, 0xEE,
  0xE6, 0x09, 0xF6, 0xFE, 0xF9, 0xFF, 0x0B, 0xED, 0xE1, 0x06,
  0xF8, 0xF8, 0x08, 0xF4, 0xEF, 0xF3, 0xE5, 0x05, 0x18, 0x08,
  0xE4, 0x04, 0xF8, 0x0A, 0x13, 0x0E, 0xFE, 0x07, 0xFF, 0xF9,
  0x17, 0x03, 0x0A, 0xF7, 0xF0, 0x09, 0x04, 0x19, 0x0B, 0x16,
  0x0B, 0x16, 0x0B, 0xF0, 0xD9, 0x0F, 0xF1, 0xE5, 0x13, 0x01,
  0xF1, 0x14, 0xEE, 0x03, 0xEB, 0xE7, 0x0C, 0x00, 0xFB, 0xF6,
  0xF0, 0x18, 0xEF, 0xF6, 0x01, 0xEE, 0xFF, 0xEA, 0xE4, 0xF6,
  0xE3, 0x15, 0x1E, 0x0D, 0xF8, 0x13, 0xEF, 0xE0, 0x17, 0x0B,
  0xFF, 0x15, 0xF4, 0xD9, 0x23, 0x03, 0x0D, 0xE5, 0x01, 0xFC,
  0xF4, 0x00, 0xFF, 0xFD, 0xE5, 0x0B, 0x01, 0xF1, 0xF4, 0x0F,
  0xF1, 0x03, 0xF1, 0xF9, 0x14, 0xF6, 0x11, 0x14, 0x0B, 0x15,
  0xE3, 0x06, 0xE9, 0x03, 0x0A, 0x05, 0xE8, 0xC1, 0x01, 0x24,
  0xD9, 0xE8, 0xFE, 0x00, 0x17, 0x02, 0x06, 0x04, 0xDE, 0xFB,
  0x0B, 0x00, 0x01, 0xE2, 0x0A, 0x00, 0x03, 0xF9, 0xC6, 0x09,
  0x03, 0xFE, 0xFB, 0xEE, 0x02, 0x0F, 0x00, 0x09, 0xFC, 0x01,
  0xFF, 0x03, 0x12, 0xEB, 0x04, 0x0F, 0x07, 0x05, 0x17, 0xD2,
  0xE0, 0x04, 0x0E, 0x09, 0xFB, 0xF5, 0x06, 0x0B, 0x02, 0x0B,
  0xF7, 0xF3, 0x09, 0xE6, 0xFD, 0xF6, 0xFC, 0xF2, 0xFE, 0x09,
  0xFD, 0x09, 0x13, 0x15, 0xF9, 0x0E, 0x04, 0x0A, 0xF1, 0x05,
  0xE9, 0xF4, 0xFA, 0x05, 0x0C, 0x17, 0xE5, 0x00, 0x05, 0xF2,
  0xF9, 0xEF, 0x00, 0xF2, 0x14, 0xFE, 0xED, 0x0A, 0xEB, 0x0C,
  0x08, 0xF5, 0xED, 0xF6, 0x06, 0xFE, 0xFF, 0xF6, 0x05, 0xFE,
  0x05, 0xF6, 0xFE, 0xF5, 0xF0, 0x07, 0xF4, 0xF8, 0xF4, 0xF1,
  0xF6, 0x06, 0x08, 0x00, 0x02, 0x12, 0xF7, 0x07, 0x18, 0x09,
  0x13, 0xF2, 0xF9, 0xF9, 0xFD, 0x12, 0xFF, 0xFE, 0x15, 0x05,
  0xFD, 0x10, 0x0D, 0xF4, 0x01, 0xF9, 0x21, 0x13, 0xFB, 0xF6,
  0x02, 0xEA, 0xFB, 0x16, 0x04, 0xF6, 0x13, 0x00, 0xFF, 0x0E,
  0xF6, 0xEC, 0x02, 0x02, 0x0A, 0x0A, 0x00, 0xFD, 0xDB, 0x02,
  0xF9, 0x14, 0xFF, 0x11, 0xF5, 0xF6, 0xF7, 0x05, 0x09, 0x0E,
  0xEF, 0xEE, 0x0F, 0xEF, 0xFE, 0x0C, 0xF9, 0x10, 0x03, 0x0A,
  0xDE, 0xEC, 0x1F, 0x11, 0x12, 0x01, 0xBD, 0xFA, 0xFA, 0x03,
  0xE2, 0xF8, 0x0F, 0x16, 0x0F, 0x01, 0x10, 0xF7, 0x0C, 0xFB,
  0x1C, 0x01, 0xEB, 0xF9, 0xF7, 0xFA, 0xF2, 0x17, 0x18, 0xC3,
  0x0D, 0xD4, 0xFD, 0x22, 0xD8, 0xD7, 0xDA, 0xDD, 0xF0, 0xE2,
  0xDC, 0xE9, 0xE0, 0x1D, 0x00, 0x08, 0xFC, 0x06, 0xEC, 0xF3,
  0x2D, 0x0B, 0xFA, 0x08, 0xBF, 0xE6, 0x09, 0xDD, 0x02, 0x0E,
  0xFB, 0xFE, 0xFB, 0x0B, 0x09, 0x03, 0x15, 0x13, 0x03, 0x04,
  0x02, 0xF7, 0xFF, 0xFF, 0xFD, 0x0C, 0x0D, 0x13, 0x0E, 0x11,
  0x11, 0x01, 0x0F, 0x06, 0x1C, 0x10, 0xE5, 0xF0, 0x14, 0x09,
  0xF8, 0x15, 0x05, 0xDD, 0xFF, 0x00, 0xF9, 0x21, 0xF0, 0xE7,
  0xFF, 0x0B, 0x09, 0xF5, 0xF1, 0x07, 0xF6, 0xF5, 0xF9, 0x0E,
  0xF4, 0x03, 0xFF, 0xF8, 0x19, 0x0A, 0x08, 0x13, 0x02, 0xFD,
  0x0D, 0xE8, 0xF4, 0x0E, 0xEE, 0x1C, 0x0E, 0xF5, 0x07, 0x09,
  0xE8, 0xE4, 0xFC, 0x07, 0x02, 0xF2, 0x06, 0x01, 0xF6, 0x13,
  0x02, 0x23, 0x11, 0xFB, 0xE7, 0x1D, 0xF5, 0xF9, 0xF3, 0xF1,
  0xEE, 0xF7, 0xFF, 0x08, 0xFC, 0xDB, 0x05, 0x09, 0xF5, 0x01,
  0x04, 0x06, 0x1A, 0x0F, 0xEF, 0xFE, 0xFF, 0xFF, 0x00, 0x13,
  0xFC, 0xF4, 0xF3, 0x12, 0xE5, 0x1D, 0x16, 0xF9, 0xDC, 0x0D,
  0x04, 0xD5, 0xEB, 0xF0, 0xFA, 0x21, 0x0E, 0xF5, 0x0B, 0x00,
  0xFE, 0xE6, 0x14, 0xFA, 0x06, 0x1B, 0x07, 0xFD, 0xE7, 0xFA,
  0x0A, 0x07, 0x10, 0xF9, 0x08, 0x07, 0x19, 0x08, 0xFA, 0xFE,
  0x09, 0x08, 0x09, 0xF1, 0xFD, 0x08, 0x16, 0x0A, 0x0C, 0xFE,
  0x04, 0xF8, 0x01, 0xE7, 0x07, 0x19, 0x03, 0x04, 0xE6, 0x00,
  0xF3, 0x0F, 0xF2, 0xF7, 0x1A, 0x15, 0xF9, 0x06, 0x15, 0x0D,
  0xE9, 0x04, 0xFC, 0x04, 0x04, 0xF5, 0xFF, 0x01, 0x04, 0x00,
  0x0F, 0x01, 0xFB, 0xEF, 0xFD, 0xF8, 0xF8, 0xF5, 0x37, 0x02,
  0x0A, 0xFE, 0xEB, 0x0B, 0x15, 0x17, 0x0C, 0xFA, 0x01, 0xF3,
  0x19, 0xF6, 0x0F, 0xF7, 0xF9, 0xF5, 0x16, 0xFE, 0xFD, 0x0E,
  0x02, 0x0D, 0x00, 0x01, 0x01, 0xF3, 0x02, 0xED, 0x19, 0x40,
  0xF6, 0xFE, 0xFD, 0xF4, 0x04, 0x0D, 0xEC, 0xFB, 0x03, 0x18,
  0x01, 0xF9, 0xF8, 0xFE, 0x0F, 0xF6, 0x01, 0x05, 0x01, 0x11,
  0x0D, 0xDB, 0xFB, 0x12, 0x05, 0x0A, 0x03, 0xFA, 0x0F, 0x12,
  0x0B, 0x11, 0xEC, 0xFA, 0xF4, 0xF0, 0x1C, 0x0C, 0xEF, 0xDD,
  0x05, 0x0C, 0xFD, 0xEE, 0xFB, 0xF7, 0x0A, 0xFD, 0xFF, 0xF6,
  0x05, 0x1A, 0xF3, 0xE7, 0xF9, 0x0D, 0xFE, 0x02, 0xFE, 0x0E,
  0xDB, 0x0D, 0xFC, 0x01, 0x02, 0x06, 0x0D, 0xFD, 0x11, 0xF6,
  0x13, 0xF7, 0x10, 0x09, 0x09, 0xDC, 0x01, 0xFD, 0x1B, 0xF8,
  0xF9, 0xE1, 0xE1, 0x01, 0x06, 0x15, 0xFD, 0x07, 0x01, 0xF9,
  0xF9, 0xF3, 0xF1, 0xF6, 0x15, 0xF2, 0x27, 0x1A, 0x0A, 0x10,
  0xF5, 0x1D, 0x13, 0x04, 0xF1, 0xFF, 0x07, 0xF3, 0x21, 0xF1,
  0xFC, 0x12, 0x06, 0x00, 0x29, 0xF6, 0x05, 0x0C, 0x07, 0x30,
  0xE6, 0x14, 0x0E, 0xF5, 0x0E, 0x02, 0x13, 0x2C, 0xF5, 0x1E,
  0xE4, 0xF7, 0xF7, 0xE7, 0x03, 0x09, 0x15, 0x13, 0x0E, 0xF4,
  0x08, 0xF9, 0xF2, 0xEB, 0x1D, 0xFD, 0x04, 0xF2, 0xF8, 0xED,
  0xF9, 0x22, 0xF5, 0x14, 0x12, 0xC9, 0xF5, 0xE1, 0x08, 0xF0,
  0xF6, 0xF4, 0x0E, 0x0D, 0xEB, 0xD8, 0x0E, 0x09, 0xFD, 0xCC,
  0x0A, 0xD4, 0x10, 0xF9, 0xF2, 0xDB, 0xF6, 0xF7, 0x03, 0xF9,
  0x1A, 0x10, 0x03, 0x18, 0xF8, 0x12, 0x0E, 0x06, 0x10, 0x11,
  0xD4, 0x15, 0xF8, 0x1A, 0xED, 0xCA, 0xD8, 0xF6, 0xF0, 0xE1,
  0x2B, 0x04, 0xCC, 0xF9, 0x13, 0xDC, 0xD4, 0xEB, 0xFF, 0x01,
  0xEE, 0x11, 0x14, 0x09, 0x0F, 0x20, 0x08, 0xBE, 0xFB, 0xF6,
  0x03, 0x04, 0x0A, 0xFB, 0xD6, 0xE0, 0x09, 0xF0, 0x15, 0xE9,
  0x01, 0x07, 0x16, 0xEB, 0x16, 0xF3, 0xEC, 0x14, 0xD9, 0x00,
  0x07, 0x0F, 0xE8, 0xE8, 0xF4, 0x13, 0x0D, 0xF5, 0x12, 0xFD,
  0xF1, 0x08, 0x07, 0x0A, 0xEC, 0xE7, 0x12, 0x1A, 0xFD, 0x09,
  0xF3, 0xFE, 0xFF, 0xF6, 0x07, 0x00, 0xEF, 0xFE, 0xFE, 0x0D,
  0x05, 0x0A, 0xD9, 0x14, 0x07, 0x11, 0x03, 0xF9, 0xF3, 0x0D,
  0xFC, 0xF0, 0x13, 0x08, 0x15, 0x0F, 0x10, 0x14, 0xE3, 0x12,
  0xE7, 0x00, 0x02, 0x15, 0xF3, 0xD2, 0xFA, 0x14, 0xEF, 0xEC,
  0xEE, 0xF7, 0x14, 0x0F, 0xFF, 0xFB, 0xD9, 0x0E, 0xFE, 0xF1,
  0x0A, 0xE9, 0x05, 0xF7, 0xF7, 0xF9, 0xD2, 0x10, 0x0C, 0xF7,
  0x11, 0xF1, 0x0F, 0xFB, 0x12, 0x01, 0xFA, 0x09, 0x0A, 0x06,
  0x0D, 0xDE, 0x00, 0xF4, 0x10, 0x0F, 0x0F, 0xCD, 0xD8, 0xF9,
  0x17, 0x0E, 0x02, 0x02, 0x06, 0x15, 0x10, 0xFA, 0x0B, 0xFA,
  0x08, 0xEC, 0x25, 0xFB, 0x09, 0x02, 0xD2, 0xFD, 0x05, 0xFB,
  0xED, 0x0A, 0x05, 0x0C, 0x1A, 0xFE, 0x08, 0xFA, 0xFB, 0xFD,
  0x1B, 0xFC, 0xE6, 0x12, 0x0D, 0x21, 0x10, 0xFE, 0x08, 0xE5,
  0x08, 0xE1, 0x00, 0x0D, 0xE9, 0x10, 0xD4, 0xEC, 0xFB, 0x0D,
  0xE0, 0xE7, 0x05, 0x1A, 0x00, 0x0D, 0x03, 0xEF, 0xF5, 0xF0,
  0x15, 0x0A, 0x16, 0x07, 0x04, 0xCF, 0xF7, 0x03, 0xFC, 0xFB,
  0x08, 0xFA, 0x00, 0x03, 0x0A, 0xED, 0x00, 0x12, 0xFB, 0x02,
  0xE8, 0x0B, 0x06, 0x0B, 0xF8, 0x01, 0x06, 0x03, 0x0F, 0xFA,
  0xFC, 0x09, 0x12, 0x15, 0x10, 0xFC, 0x14, 0xF6, 0x0C, 0x03,
  0x13, 0xF4, 0x0A, 0xF3, 0x04, 0x00, 0x11, 0x14, 0x02, 0x02,
  0xF8, 0xFA, 0xFE, 0x0E, 0x03, 0xF8, 0x16, 0xFC, 0xFD, 0x04,
  0x0E, 0x03, 0x06, 0x14, 0x0C, 0x08, 0x05, 0x11, 0x11, 0xF6,
  0x08, 0x0C, 0x15, 0xF8, 0xCE, 0x07, 0x17, 0x02, 0x0E, 0xE4,
  0x03, 0xEE, 0xF5, 0x03, 0xF7, 0x11, 0x12, 0x0C, 0x14, 0x17,
  0xFE, 0x01, 0xF4, 0x08, 0xF1, 0x13, 0xFB, 0x0E, 0xFE, 0xDA,
  0xF7, 0xE3, 0xFA, 0x0B, 0xF7, 0xEC, 0xF8, 0xEE, 0xF6, 0xEA,
  0x1B, 0x04, 0xF6, 0x28, 0xF0, 0x15, 0x16, 0x0A, 0x0E, 0x16,
  0x07, 0xF6, 0x0D, 0x0B, 0x0E, 0x1E, 0x15, 0x05, 0xE4, 0x0B,
  0xFF, 0xEF, 0xF2, 0xF8, 0xEB, 0x16, 0xFE, 0x1D, 0x03, 0x1A,
  0x0F, 0xF7, 0xEA, 0x16, 0xE4, 0xED, 0x17, 0x06, 0x13, 0x01,
  0xF3, 0x03, 0xFF, 0xFC, 0x06, 0x05, 0xD4, 0x05, 0x03, 0x07,
  0xFB, 0x0E, 0xDE, 0xEA, 0xF8, 0xF7, 0x00, 0xDF, 0x01, 0x09,
  0x03, 0x22, 0x05, 0x17, 0xFB, 0xC6, 0xFE, 0x05, 0x19, 0x0F,
  0x03, 0x16, 0x03, 0x01, 0xF3, 0xE1, 0xEE, 0x0E, 0xE8, 0xF5,
  0x00, 0xF5, 0xEF, 0x10, 0xF5, 0x12, 0xF3, 0x05, 0x08, 0xFE,
  0xF2, 0xF2, 0x07, 0xFD, 0x0E, 0x1E, 0xF8, 0x21, 0x0C, 0xFB,
  0xF4, 0xFA, 0x12, 0x07, 0xEF, 0xED, 0xFB, 0x0C, 0xF0, 0xF5,
  0x0E, 0x08, 0x10, 0x07, 0xFD, 0x00, 0x14, 0x1B, 0x03, 0xEE,
  0xF9, 0xFB, 0xF8, 0x03, 0xFF, 0x11, 0xEC, 0x1C, 0xFD, 0x0D,
  0x11, 0x0A, 0x0C, 0x11, 0x02, 0xFA, 0x14, 0x14, 0xFA, 0xF6,
  0x13, 0xF3, 0x05, 0x0C, 0x05, 0x04, 0x10, 0xF3, 0xFA, 0x0D,
  0x20, 0x0F, 0xF5, 0xF5, 0xFD, 0x11, 0x0B, 0x0A, 0xFB, 0x01,
  0xFF, 0x00, 0x12, 0x03, 0x08, 0xEE, 0x15, 0x0E, 0x17, 0xFA,
  0x12, 0x07, 0x03, 0x0E, 0xE0, 0x07, 0x09, 0xF7, 0x05, 0xF4,
  0xFD, 0x09, 0xF1, 0x12, 0x0D, 0xFE, 0xFF, 0xF8, 0xF4, 0xF7,
  0x15, 0x13, 0x0B, 0xEE, 0xFC, 0xFE, 0x06, 0xF7, 0x06, 0x10,
  0x08, 0x0D, 0xE9, 0x08, 0xF3, 0xFE, 0x01, 0x08, 0xFB, 0x09,
  0x05, 0x11, 0xFF, 0x0A, 0x0A, 0x08, 0xFA, 0xF8, 0x0E, 0x00,
  0xFB, 0xF9, 0xF9, 0x03, 0x06, 0xF7, 0xE4, 0xFE, 0xFA, 0x0A,
  0x0D, 0x03, 0x06, 0xFB, 0x17, 0x0B, 0x07, 0xF8, 0xEF, 0x00,
  0xE5, 0xFD, 0xF5, 0xEB, 0xFA, 0xEC, 0x10, 0x19, 0xEE, 0x0F,
  0x11, 0xF8, 0xE7, 0xFC, 0x17, 0x0C, 0xF9, 0xF1, 0x0E, 0xF9,
  0x08, 0xF6, 0xFC, 0x0B, 0x06, 0x06, 0xFB, 0xFE, 0xFD, 0x0D,
  0x0A, 0xFF, 0xFB, 0xEC, 0xFD, 0x0D, 0xF5, 0x15, 0x00, 0xF6,
  0x00, 0xFD, 0xFA, 0x0A, 0xF4, 0x0A, 0x03, 0x0C, 0x07, 0x0C,
  0x19, 0xF6, 0x05, 0xF3, 0xFD, 0xFB, 0x1A, 0x27, 0x05, 0xF6,
  0x13, 0x14, 0x0A, 0x01, 0xF7, 0xF4, 0x06, 0x00, 0x2E, 0x0D,
  0xFE, 0x13, 0x0D, 0x03, 0xF7, 0xFC, 0x11, 0xF3, 0x16, 0xF9,
  0xFA, 0x18, 0xF3, 0xFE, 0x05, 0xF6, 0x07, 0x05, 0x09, 0xFD,
  0xFC, 0xFB, 0xF2, 0x27, 0xFB, 0x0F, 0xF8, 0x0A, 0x05, 0x1F,
  0x28, 0xF6, 0x0F, 0xFE, 0x08, 0x0B, 0x04, 0xFF, 0x07, 0xF8,
  0x17, 0xFC, 0x11, 0x00, 0xDD, 0xF5, 0x09, 0x11, 0x0C, 0x0A,
  0xF7, 0x09, 0x0A, 0xED, 0x05, 0xF0, 0xF3, 0xFE, 0xED, 0x09,
  0x06, 0x0F, 0xF4, 0xDD, 0x15, 0xF8, 0x16, 0x1C, 0x05, 0xFC,
  0x0C, 0x18, 0xFA, 0x11, 0xFB, 0xE3, 0x04, 0x24, 0xFA, 0xF3,
  0x0A, 0x00, 0x09, 0xF8, 0x1B, 0x10, 0xE9, 0x0C, 0x04, 0x06,
  0x02, 0x18, 0xF3, 0x0E, 0x0F, 0x0A, 0x0A, 0x06, 0x15, 0x14,
  0x07, 0xEA, 0xDD, 0x05, 0x0D, 0xFE, 0x06, 0xEF, 0x07, 0xE9,
  0xFA, 0x02, 0xEF, 0x03, 0x0B, 0x14, 0x02, 0xEF, 0x07, 0x0C,
  0x05, 0x1C, 0xF3, 0xFC, 0x0C, 0xFF, 0x1F, 0xE2, 0x0F, 0xFE,
  0x05, 0x19, 0x14, 0xFA, 0xFA, 0xEE, 0x07, 0xE8, 0x0B, 0x26,
  0xF2, 0x02, 0xE9, 0x01, 0x06, 0xF1, 0xFF, 0xFA, 0x00, 0x02,
  0xF5, 0x0B, 0x11, 0x02, 0x00, 0x10, 0xEA, 0x05, 0x0C, 0x0F,
  0xF5, 0xEF, 0xFD, 0xF3, 0x01, 0xEE, 0x0B, 0x03, 0xF6, 0x06,
  0x0C, 0xDE, 0x45, 0x1A, 0x14, 0x08, 0xC2, 0xEE, 0x15, 0x00,
  0xEA, 0x12, 0x12, 0x01, 0x47, 0x0A, 0x10, 0xE8, 0x0F, 0xFC,
  0x36, 0xFC, 0xEA, 0x06, 0x03, 0x17, 0x07, 0x0D, 0x13, 0xDD,
  0x04, 0xF0, 0x02, 0x36, 0xE1, 0xFD, 0xC7, 0xD4, 0xF2, 0xF2,
  0xEF, 0xED, 0x0D, 0x25, 0x06, 0xFA, 0x0B, 0x04, 0xEC, 0x04,
  0x2E, 0x03, 0xFE, 0xFE, 0xED, 0xEA, 0x0D, 0xF3, 0x04, 0xFB,
  0x05, 0x03, 0x12, 0x0A, 0xF6, 0x11, 0xF5, 0x0A, 0xF0, 0x10,
  0xF0, 0x02, 0xEA, 0xE9, 0xFD, 0x10, 0xFC, 0xF1, 0xE1, 0x11,
  0xFB, 0xFC, 0x00, 0x09, 0xEC, 0x00, 0xF6, 0xFF, 0x0E, 0xED,
  0xF9, 0xF8, 0x0E, 0xFC, 0xE0, 0x0F, 0x07, 0xEE, 0xFD, 0x02,
  0x06, 0x10, 0x16, 0xF4, 0x0E, 0x07, 0xF4, 0x13, 0xFA, 0xD5,
  0x10, 0x04, 0x12, 0x0E, 0xFC, 0xEC, 0xCE, 0x09, 0x08, 0x10,
  0x08, 0xF8, 0x0C, 0x05, 0x0E, 0x15, 0x0B, 0xFC, 0x10, 0xF6,
  0x25, 0xF3, 0x16, 0xF7, 0x13, 0xFC, 0x0D, 0x26, 0xF7, 0x00,
  0x13, 0x1E, 0x18, 0xF4, 0x0B, 0xEC, 0x05, 0x04, 0x17, 0x07,
  0x06, 0xF5, 0xFA, 0x1C, 0x0F, 0x1D, 0x18, 0xF0, 0x15, 0xF9,
  0xFC, 0x02, 0xFA, 0xFB, 0x0B, 0xF2, 0x07, 0x16, 0xF8, 0xF8,
  0xFC, 0xFB, 0xF9, 0x18, 0x0A, 0xFF, 0x0A, 0xFB, 0x04, 0x1F,
  0x1C, 0xF7, 0x0A, 0xEA, 0x12, 0xF8, 0xF6, 0xF3, 0x19, 0xF9,
  0x29, 0xF0, 0x10, 0x02, 0x08, 0x2D, 0x14, 0x28, 0x14, 0x2E,
  0x06, 0xFF, 0x1F, 0x03, 0x02, 0xFA, 0x00, 0x25, 0x1B, 0x18,
  0x2A, 0x30, 0xF7, 0x0B, 0x1E, 0x12, 0x29, 0x02, 0x1B, 0x11,
  0x03, 0x04, 0x01, 0x06, 0x1F, 0x07, 0x00, 0xFC, 0x04, 0x13,
  0x1E, 0x1B, 0x06, 0x1B, 0xD5, 0x17, 0x15, 0xF6, 0x23, 0x23,
  0x1C, 0x11, 0x19, 0xFF, 0xFF, 0x28, 0x04, 0x01, 0x13, 0xF3,
  0x17, 0x0C, 0xF8, 0xF8, 0x00, 0xED, 0x12, 0xE7, 0xEF, 0xF8,
  0xF5, 0x18, 0xFF, 0x02, 0x00, 0xF1, 0x00, 0xF1, 0xFF, 0xE7,
  0x08, 0x03, 0xF9, 0x0D, 0xFE, 0x03, 0xFD, 0xFD, 0x06, 0x02,
  0x0B, 0x10, 0x0A, 0xF8, 0x0B, 0x16, 0x02, 0x05, 0xFF, 0xFE,
  0x10, 0x0E, 0x05, 0x03, 0x07, 0x04, 0x11, 0x08, 0x0E, 0x14,
  0xEE, 0xFC, 0x0B, 0xFB, 0xF7, 0xEE, 0x04, 0xF5, 0xFA, 0x09,
  0x01, 0x08, 0x0C, 0x11, 0x04, 0xF1, 0xD9, 0x0F, 0xFA, 0xF7,
  0x06, 0xEC, 0x19, 0xE1, 0xF2, 0x09, 0x10, 0x05, 0xFA, 0x09,
  0x1A, 0x0E, 0xFF, 0x0D, 0xF8, 0x06, 0xE2, 0x1B, 0xEB, 0xF6,
  0x1A, 0xE5, 0x17, 0x06, 0xF6, 0x0A, 0xF2, 0xDE, 0xF5, 0x19,
  0x06, 0xF5, 0x01, 0x16, 0x0E, 0x0C, 0x06, 0x0D, 0x04, 0x07,
  0x16, 0x07, 0x15, 0xF6, 0xE8, 0x05, 0x03, 0x11, 0x0F, 0xEC,
  0xEB, 0x09, 0x09, 0x0A, 0x08, 0x09, 0xED, 0xF5, 0x01, 0xF6,
  0x7A, 0xFC, 0xFF, 0xFF, 0x04, 0x00, 0x00, 0x00, 0x00, 0x01,
  0x00, 0x00, 0xC6, 0xFE, 0xFF, 0xFF, 0x51, 0xFC, 0xFF, 0xFF,
  0xB7, 0xFA, 0xFF, 0xFF, 0xA1, 0x02, 0x00, 0x00, 0xE2, 0x00,
  0x00, 0x00, 0x3C, 0x08, 0x00, 0x00, 0x88, 0x02, 0x00, 0x00,
  0x35, 0x01, 0x00, 0x00, 0x7A, 0x05, 0x00, 0x00, 0x89, 0x04,
  0x00, 0x00, 0xE5, 0xFE, 0xFF, 0xFF, 0x07, 0x00, 0x00, 0x00,
  0xDC, 0x03, 0x00, 0x00, 0xBB, 0xFD, 0xFF, 0xFF, 0xFC, 0xFF,
  0xFF, 0xFF, 0xF3, 0xFD, 0xFF, 0xFF, 0x24, 0x01, 0x00, 0x00,
  0x09, 0x0B, 0x00, 0x00, 0x79, 0xFC, 0xFF, 0xFF, 0x7D, 0x04,
  0x00, 0x00, 0xAF, 0x01, 0x00, 0x00, 0xBC, 0x03, 0x00, 0x00,
  0x29, 0xFF, 0xFF, 0xFF, 0x3E, 0x03, 0x00, 0x00, 0x3F, 0xFD,
  0xFF, 0xFF, 0x5A, 0xFB, 0xFF, 0xFF, 0xF1, 0xFD, 0xFF, 0xFF,
  0x04, 0x01, 0x00, 0x00, 0x83, 0x00, 0x00, 0x00, 0x02, 0x02,
  0x00, 0x00, 0x62, 0x03, 0x00, 0x00, 0x32, 0x04, 0x00, 0x00,
  0x4C, 0x06, 0x00, 0x00, 0xC9, 0xFE, 0xFF, 0xFF, 0x65, 0x03,
  0x00, 0x00, 0xBA, 0xFD, 0xFF, 0xFF, 0xC9, 0x00, 0x00, 0x00,
  0x98, 0x03, 0x00, 0x00, 0x7B, 0x02, 0x00, 0x00, 0xF8, 0xFF,
  0xFF, 0xFF, 0x2C, 0x03, 0x00, 0x00, 0x9C, 0xFC, 0xFF, 0xFF,
  0xB4, 0xFE, 0xFF, 0xFF, 0x59, 0xFC, 0xFF, 0xFF, 0xBA, 0xFB,
  0xFF, 0xFF, 0x4A, 0x00, 0x00, 0x00, 0x6F, 0x02, 0x00, 0x00,
  0x78, 0xFC, 0xFF, 0xFF, 0x10, 0x02, 0x00, 0x00, 0x17, 0xFE,
  0xFF, 0xFF, 0xF8, 0x00, 0x00, 0x00, 0x6A, 0x04, 0x00, 0x00,
  0x0C, 0xFB, 0xFF, 0xFF, 0x6A, 0x03, 0x00, 0x00, 0x1B, 0x05,
  0x00, 0x00, 0x0F, 0x04, 0x00, 0x00, 0x20, 0x02, 0x00, 0x00,
  0x91, 0x01, 0x00, 0x00, 0x7E, 0x00, 0x00, 0x00, 0x8F, 0xFE,
  0xFF, 0xFF, 0x78, 0x04, 0x00, 0x00, 0x9F, 0xFF, 0xFF, 0xFF,
  0x68, 0xFD, 0xFF, 0xFF, 0x19, 0x02, 0x00, 0x00, 0x86, 0xFD,
  0xFF, 0xFF, 0x04, 0x00, 0x00, 0x00, 0x80, 0x01, 0x00, 0x00,
  0x2C, 0x1F, 0xFE, 0x10, 0xE4, 0xAE, 0xD7, 0x08, 0x6A, 0xBE,
  0x2D, 0xF4, 0xE3, 0xDC, 0xDC, 0xF4, 0xFF, 0x87, 0x0D, 0xE4,
  0x28, 0xF3, 0xFE, 0x02, 0x13, 0x10, 0xEF, 0xE2, 0xFD, 0xF9,
  0x1A, 0x0B, 0xBF, 0x14, 0xE2, 0xDA, 0xF2, 0xEC, 0xF2, 0xF0,
  0x25, 0x0B, 0x0A, 0xF1, 0x1B, 0x5A, 0x1B, 0xE3, 0x25, 0x0E,
  0x30, 0xF6, 0x00, 0xF9, 0x0C, 0x06, 0x12, 0x1C, 0x08, 0xF7,
  0x00, 0x09, 0x14, 0x11, 0x0D, 0x25, 0x00, 0xD4, 0xF7, 0xD3,
  0xEC, 0x09, 0x9F, 0xDE, 0x20, 0x1A, 0x11, 0x1C, 0x18, 0x22,
  0x08, 0x81, 0x12, 0x35, 0xE4, 0xE0, 0xFD, 0x15, 0x07, 0x0F,
  0x0F, 0x09, 0xE7, 0x08, 0xE0, 0xE3, 0xD1, 0x15, 0x33, 0x1C,
  0xEB, 0xED, 0xBF, 0xFC, 0x16, 0x10, 0x07, 0x17, 0x17, 0xFD,
  0xED, 0x25, 0xF1, 0x09, 0x00, 0xED, 0x1C, 0xF2, 0xE5, 0xD5,
  0xF4, 0xED, 0x14, 0x19, 0xD4, 0x16, 0x10, 0xF6, 0xDC, 0xD9,
  0x06, 0x0B, 0x1B, 0xB2, 0x13, 0x08, 0xA0, 0x08, 0xEB, 0xF0,
  0xC5, 0x08, 0xF6, 0x01, 0xF4, 0xB7, 0x06, 0xD1, 0xF7, 0x19,
  0xEA, 0xD2, 0xFF, 0xF8, 0x08, 0x0A, 0x10, 0x03, 0xF5, 0xF0,
  0xC8, 0xD2, 0xCE, 0xDE, 0xF0, 0x1B, 0x2C, 0x17, 0xC1, 0x11,
  0x14, 0x0D, 0x05, 0xC9, 0xDF, 0xFE, 0x12, 0x02, 0xF3, 0xD2,
  0x15, 0x0B, 0xDB, 0x0C, 0xF0, 0x0B, 0x29, 0xED, 0x16, 0x16,
  0xFD, 0xF0, 0xF6, 0xF1, 0xCF, 0xF9, 0xEB, 0xA7, 0xF4, 0x18,
  0xC3, 0x13, 0xD8, 0x06, 0x24, 0xF3, 0x02, 0xD8, 0x15, 0xA4,
  0xE4, 0x08, 0xE1, 0x10, 0xFE, 0xFC, 0xEF, 0xE0, 0xF8, 0x14,
  0xF2, 0x1F, 0x15, 0x13, 0xD3, 0x08, 0x0F, 0xD3, 0xE8, 0x0C,
  0xCD, 0xF2, 0xE2, 0xFD, 0xD7, 0xDC, 0xBF, 0xC3, 0x19, 0xE1,
  0xD2, 0xF4, 0xEF, 0x26, 0xD6, 0x15, 0xF6, 0xFE, 0x11, 0xF1,
  0xBB, 0xFF, 0x02, 0x18, 0x03, 0xCC, 0x02, 0x06, 0xCA, 0x17,
  0x16, 0x25, 0x13, 0xB9, 0x0B, 0x1B, 0xF5, 0xF2, 0x10, 0xB9,
  0xF5, 0x02, 0xE0, 0x1F, 0xDE, 0x10, 0x0A, 0x15, 0xF3, 0x02,
  0xF8, 0xF0, 0xE9, 0xF6, 0xEE, 0xD2, 0xD5, 0x06, 0x10, 0xEE,
  0xF8, 0xFD, 0x03, 0x00, 0xF8, 0xEE, 0x1B, 0xDF, 0x11, 0xF2,
  0x0E, 0xF8, 0x0B, 0xE9, 0x0C, 0xD0, 0x18, 0xFC, 0xCC, 0x10,
  0x17, 0x05, 0xD9, 0xEA, 0x0F, 0xEF, 0x04, 0xD6, 0xFD, 0x1E,
  0x16, 0x09, 0xD8, 0x13, 0x08, 0x23, 0xFE, 0xBD, 0x17, 0x1A,
  0x00, 0x04, 0x0F, 0xDB, 0xFE, 0x14, 0xE6, 0x1C, 0xBD, 0x20,
  0xF8, 0xFC, 0x0F, 0x09, 0xF1, 0xEA, 0xEF, 0xEA, 0xF0, 0xDC,
  0x0C, 0x00, 0x0D, 0x05, 0x27, 0xE6, 0xEF, 0x15, 0x1B, 0xFE,
  0x09, 0xD7, 0xEF, 0x06, 0x00, 0xFC, 0xFD, 0xDD, 0x10, 0xCC,
  0xE3, 0x0B, 0xD2, 0xF5, 0x08, 0x0E, 0xDC, 0xEB, 0x16, 0xE6,
  0x1A, 0xB5, 0xF2, 0xF0, 0x12, 0xFF, 0xFF, 0xFF, 0x04, 0x00,
  0x00, 0x00, 0x18, 0x00, 0x00, 0x00, 0xFC, 0xFF, 0xFF, 0xFF,
  0xCC, 0xFE, 0xFF, 0xFF, 0x2E, 0x00, 0x00, 0x00, 0xF3, 0x00,
  0x00, 0x00, 0xF4, 0xFF, 0xFF, 0xFF, 0x45, 0x00, 0x00, 0x00,
  0x36, 0xFF, 0xFF, 0xFF, 0x04, 0x00, 0x00, 0x00, 0x08, 0x00,
  0x00, 0x00, 0x01, 0x00, 0x00, 0x00, 0x02, 0x00, 0x00, 0x00,
  0x4A, 0xFF, 0xFF, 0xFF, 0x04, 0x00, 0x00, 0x00, 0x10, 0x00,
  0x00, 0x00, 0x01, 0x00, 0x00, 0x00, 0x64, 0x00, 0x00, 0x00,
  0x01, 0x00, 0x00, 0x00, 0x03, 0x00, 0x00, 0x00, 0x3C, 0xEA,
  0xFF, 0xFF, 0x40, 0xEA, 0xFF, 0xFF, 0x0F, 0x00, 0x00, 0x00,
  0x4D, 0x4C, 0x49, 0x52, 0x20, 0x43, 0x6F, 0x6E, 0x76, 0x65,
  0x72, 0x74, 0x65, 0x64, 0x2E, 0x00, 0x01, 0x00, 0x00, 0x00,
  0x14, 0x00, 0x00, 0x00, 0x00, 0x00, 0x0E, 0x00, 0x18, 0x00,
  0x14, 0x00, 0x10, 0x00, 0x0C, 0x00, 0x08, 0x00, 0x04, 0x00,
  0x0E, 0x00, 0x00, 0x00, 0x14, 0x00, 0x00, 0x00, 0x1C, 0x00,
  0x00, 0x00, 0x84, 0x02, 0x00, 0x00, 0x88, 0x02, 0x00, 0x00,
  0x8C, 0x02, 0x00, 0x00, 0x04, 0x00, 0x00, 0x00, 0x6D, 0x61,
  0x69, 0x6E, 0x00, 0x00, 0x00, 0x00, 0x09, 0x00, 0x00, 0x00,
  0x48, 0x02, 0x00, 0x00, 0xEC, 0x01, 0x00, 0x00, 0x88, 0x01,
  0x00, 0x00, 0x34, 0x01, 0x00, 0x00, 0xF0, 0x00, 0x00, 0x00,
  0xBC, 0x00, 0x00, 0x00, 0x78, 0x00, 0x00, 0x00, 0x40, 0x00,
  0x00, 0x00, 0x04, 0x00, 0x00, 0x00, 0xA2, 0xFE, 0xFF, 0xFF,
  0x1C, 0x00, 0x00, 0x00, 0x00, 0x00, 0x00, 0x09, 0x1C, 0x00,
  0x00, 0x00, 0x20, 0x00, 0x00, 0x00, 0x05, 0x00, 0x00, 0x00,
  0x00, 0x00, 0x06, 0x00, 0x08, 0x00, 0x04, 0x00, 0x06, 0x00,
  0x00, 0x00, 0x00, 0x00, 0x80, 0x3F, 0x01, 0x00, 0x00, 0x00,
  0x13, 0x00, 0x00, 0x00, 0x01, 0x00, 0x00, 0x00, 0x12, 0x00,
  0x00, 0x00, 0x7A, 0xFE, 0xFF, 0xFF, 0x14, 0x00, 0x00, 0x00,
  0x00, 0x00, 0x00, 0x08, 0x10, 0x00, 0x00, 0x00, 0x14, 0x00,
  0x00, 0x00, 0x04, 0x00, 0x00, 0x00, 0x0C, 0xEB, 0xFF, 0xFF,
  0x01, 0x00, 0x00, 0x00, 0x12, 0x00, 0x00, 0x00, 0x03, 0x00,
  0x00, 0x00, 0x11, 0x00, 0x00, 0x00, 0x04, 0x00, 0x00, 0x00,
  0x03, 0x00, 0x00, 0x00, 0x0E, 0xFF, 0xFF, 0xFF, 0x1C, 0x00,
  0x00, 0x00, 0x00, 0x00, 0x00, 0x08, 0x1C, 0x00, 0x00, 0x00,
  0x20, 0x00, 0x00, 0x00, 0x04, 0x00, 0x00, 0x00, 0x00, 0x00,
  0x06, 0x00, 0x08, 0x00, 0x07, 0x00, 0x06, 0x00, 0x00, 0x00,
  0x00, 0x00, 0x00, 0x01, 0x01, 0x00, 0x00, 0x00, 0x11, 0x00,
  0x00, 0x00, 0x03, 0x00, 0x00, 0x00, 0x10, 0x00, 0x00, 0x00,
  0x06, 0x00, 0x00, 0x00, 0x05, 0x00, 0x00, 0x00, 0xEE, 0xFE,
  0xFF, 0xFF, 0x14, 0x00, 0x00, 0x00, 0x00, 0x00, 0x00, 0x1B,
  0x10, 0x00, 0x00, 0x00, 0x14, 0x00, 0x00, 0x00, 0x03, 0x00,
  0x00, 0x00, 0x80, 0xEB, 0xFF, 0xFF, 0x01, 0x00, 0x00, 0x00,
  0x10, 0x00, 0x00, 0x00, 0x02, 0x00, 0x00, 0x00, 0x0F, 0x00,
  0x00, 0x00, 0x02, 0x00, 0x00, 0x00, 0x1E, 0xFF, 0xFF, 0xFF,
  0x14, 0x00, 0x00, 0x00, 0x00, 0x00, 0x00, 0x05, 0x24, 0x00,
  0x00, 0x00, 0x28, 0x00, 0x00, 0x00, 0x02, 0x00, 0x00, 0x00,
  0x6E, 0xFF, 0xFF, 0xFF, 0x02, 0x00, 0x00, 0x00, 0x01, 0x00,
  0x00, 0x00, 0x02, 0x00, 0x00, 0x00, 0x01, 0x00, 0x00, 0x00,
  0x00, 0x00, 0x00, 0x01, 0x01, 0x00, 0x00, 0x00, 0x0F, 0x00,
  0x00, 0x00, 0x01, 0x00, 0x00, 0x00, 0x0E, 0x00, 0x00, 0x00,
  0x5E, 0xFF, 0xFF, 0xFF, 0x14, 0x00, 0x00, 0x00, 0x00, 0x00,
  0x00, 0x01, 0x1C, 0x00, 0x00, 0x00, 0x20, 0x00, 0x00, 0x00,
  0x01, 0x00, 0x00, 0x00, 0x50, 0xFF, 0xFF, 0xFF, 0x00, 0x00,
  0x00, 0x01, 0x01, 0x00, 0x00, 0x00, 0x01, 0x00, 0x00, 0x00,
  0x01, 0x00, 0x00, 0x00, 0x0E, 0x00, 0x00, 0x00, 0x03, 0x00,
  0x00, 0x00, 0x0D, 0x00, 0x00, 0x00, 0x08, 0x00, 0x00, 0x00,
  0x07, 0x00, 0x00, 0x00, 0x00, 0x00, 0x0E, 0x00, 0x1A, 0x00,
  0x14, 0x00, 0x10, 0x00, 0x0C, 0x00, 0x0B, 0x00, 0x04, 0x00,
  0x0E, 0x00, 0x00, 0x00, 0x24, 0x00, 0x00, 0x00, 0x00, 0x00,
  0x00, 0x05, 0x34, 0x00, 0x00, 0x00, 0x38, 0x00, 0x00, 0x00,
  0x02, 0x00, 0x00, 0x00, 0x00, 0x00, 0x0E, 0x00, 0x18, 0x00,
  0x17, 0x00, 0x10, 0x00, 0x0C, 0x00, 0x08, 0x00, 0x04, 0x00,
  0x0E, 0x00, 0x00, 0x00, 0x02, 0x00, 0x00, 0x00, 0x01, 0x00,
  0x00, 0x00, 0x02, 0x00, 0x00, 0x00, 0x01, 0x00, 0x00, 0x00,
  0x00, 0x00, 0x00, 0x01, 0x01, 0x00, 0x00, 0x00, 0x0D, 0x00,
  0x00, 0x00, 0x01, 0x00, 0x00, 0x00, 0x0C, 0x00, 0x00, 0x00,
  0x00, 0x00, 0x0E, 0x00, 0x18, 0x00, 0x14, 0x00, 0x10, 0x00,
  0x0C, 0x00, 0x0B, 0x00, 0x04, 0x00, 0x0E, 0x00, 0x00, 0x00,
  0x20, 0x00, 0x00, 0x00, 0x00, 0x00, 0x00, 0x01, 0x28, 0x00,
  0x00, 0x00, 0x2C, 0x00, 0x00, 0x00, 0x01, 0x00, 0x00, 0x00,
  0x0C, 0x00, 0x10, 0x00, 0x00, 0x00, 0x0C, 0x00, 0x08, 0x00,
  0x07, 0x00, 0x0C, 0x00, 0x00, 0x00, 0x00, 0x00, 0x00, 0x01,
  0x01, 0x00, 0x00, 0x00, 0x01, 0x00, 0x00, 0x00, 0x01, 0x00,
  0x00, 0x00, 0x0C, 0x00, 0x00, 0x00, 0x03, 0x00, 0x00, 0x00,
  0x0B, 0x00, 0x00, 0x00, 0x0A, 0x00, 0x00, 0x00, 0x09, 0x00,
  0x00, 0x00, 0x00, 0x00, 0x0A, 0x00, 0x0C, 0x00, 0x00, 0x00,
  0x08, 0x00, 0x04, 0x00, 0x0A, 0x00, 0x00, 0x00, 0x08, 0x00,
  0x00, 0x00, 0x0C, 0x00, 0x00, 0x00, 0x01, 0x00, 0x00, 0x00,
  0x0B, 0x00, 0x00, 0x00, 0x02, 0x00, 0x00, 0x00, 0x00, 0x00,
  0x00, 0x00, 0x01, 0x00, 0x00, 0x00, 0x01, 0x00, 0x00, 0x00,
  0x13, 0x00, 0x00, 0x00, 0x01, 0x00, 0x00, 0x00, 0x00, 0x00,
  0x00, 0x00, 0x14, 0x00, 0x00, 0x00, 0x4C, 0x13, 0x00, 0x00,
  0xCC, 0x12, 0x00, 0x00, 0x64, 0x12, 0x00, 0x00, 0xDC, 0x11,
  0x00, 0x00, 0x60, 0x11, 0x00, 0x00, 0xDC, 0x10, 0x00, 0x00,
  0x60, 0x10, 0x00, 0x00, 0xEC, 0x0C, 0x00, 0x00, 0x78, 0x09,
  0x00, 0x00, 0x84, 0x07, 0x00, 0x00, 0x90, 0x05, 0x00, 0x00,
  0x04, 0x05, 0x00, 0x00, 0x30, 0x04, 0x00, 0x00, 0xAC, 0x03,
  0x00, 0x00, 0xD8, 0x02, 0x00, 0x00, 0x54, 0x02, 0x00, 0x00,
  0xE0, 0x01, 0x00, 0x00, 0x1C, 0x01, 0x00, 0x00, 0x70, 0x00,
  0x00, 0x00, 0x04, 0x00, 0x00, 0x00, 0x1A, 0xED, 0xFF, 0xFF,
  0x00, 0x00, 0x00, 0x01, 0x14, 0x00, 0x00, 0x00, 0x30, 0x00,
  0x00, 0x00, 0x14, 0x00, 0x00, 0x00, 0x00, 0x00, 0x00, 0x09,
  0x44, 0x00, 0x00, 0x00, 0x04, 0xED, 0xFF, 0xFF, 0x08, 0x00,
  0x00, 0x00, 0x10, 0x00, 0x00, 0x00, 0x01, 0x00, 0x00, 0x00,
  0x80, 0xFF, 0xFF, 0xFF, 0xFF, 0xFF, 0xFF, 0xFF, 0x01, 0x00,
  0x00, 0x00, 0x00, 0x00, 0x80, 0x3B, 0x19, 0x00, 0x00, 0x00,
  0x53, 0x74, 0x61, 0x74, 0x65, 0x66, 0x75, 0x6C, 0x50, 0x61,
  0x72, 0x74, 0x69, 0x74, 0x69, 0x6F, 0x6E, 0x65, 0x64, 0x43,
  0x61, 0x6C, 0x6C, 0x3A, 0x30, 0x00, 0x00, 0x00, 0x02, 0x00,
  0x00, 0x00, 0x01, 0x00, 0x00, 0x00, 0x06, 0x00, 0x00, 0x00,
  0x82, 0xED, 0xFF, 0xFF, 0x00, 0x00, 0x00, 0x01, 0x14, 0x00,
  0x00, 0x00, 0x30, 0x00, 0x00, 0x00, 0x13, 0x00, 0x00, 0x00,
  0x00, 0x00, 0x00, 0x09, 0x84, 0x00, 0x00, 0x00, 0x6C, 0xED,
  0xFF, 0xFF, 0x08, 0x00, 0x00, 0x00, 0x10, 0x00, 0x00, 0x00,
  0x01, 0x00, 0x00, 0x00, 0x36, 0x00, 0x00, 0x00, 0x00, 0x00,
  0x00, 0x00, 0x01, 0x00, 0x00, 0x00, 0x50, 0xFF, 0x9B, 0x3E,
  0x58, 0x00, 0x00, 0x00, 0x64, 0x61, 0x67, 0x68, 0x65, 0x72,
  0x6F, 0x5F, 0x63, 0x6E, 0x6E, 0x5F, 0x32, 0x6C, 0x61, 0x79,
  0x65, 0x72, 0x5F, 0x63, 0x6F, 0x6E, 0x76, 0x32, 0x64, 0x2F,
  0x63, 0x6C, 0x61, 0x73, 0x73, 0x69, 0x66, 0x69, 0x65, 0x72,
  0x2F, 0x4D, 0x61, 0x74, 0x4D, 0x75, 0x6C, 0x3B, 0x64, 0x61,
  0x67, 0x68, 0x65, 0x72, 0x6F, 0x5F, 0x63, 0x6E, 0x6E, 0x5F,
  0x32, 0x6C, 0x61, 0x79, 0x65, 0x72, 0x5F, 0x63, 0x6F, 0x6E,
  0x76, 0x32, 0x64, 0x2F, 0x63, 0x6C, 0x61, 0x73, 0x73, 0x69,
  0x66, 0x69, 0x65, 0x72, 0x2F, 0x42, 0x69, 0x61, 0x73, 0x41,
  0x64, 0x64, 0x00, 0x00, 0x00, 0x00, 0x02, 0x00, 0x00, 0x00,
  0x01, 0x00, 0x00, 0x00, 0x06, 0x00, 0x00, 0x00, 0x2A, 0xEE,
  0xFF, 0xFF, 0x00, 0x00, 0x00, 0x01, 0x14, 0x00, 0x00, 0x00,
  0x34, 0x00, 0x00, 0x00, 0x12, 0x00, 0x00, 0x00, 0x00, 0x00,
  0x00, 0x09, 0x9C, 0x00, 0x00, 0x00, 0x14, 0xEE, 0xFF, 0xFF,
  0x08, 0x00, 0x00, 0x00, 0x14, 0x00, 0x00, 0x00, 0x01, 0x00,
  0x00, 0x00, 0x80, 0xFF, 0xFF, 0xFF, 0xFF, 0xFF, 0xFF, 0xFF,
  0x00, 0x00, 0x00, 0x00, 0x01, 0x00, 0x00, 0x00, 0x8A, 0x60,
  0x8F, 0x3D, 0x6D, 0x00, 0x00, 0x00, 0x64, 0x61, 0x67, 0x68,
  0x65, 0x72, 0x6F, 0x5F, 0x63, 0x6E, 0x6E, 0x5F, 0x32, 0x6C,
  0x61, 0x79, 0x65, 0x72, 0x5F, 0x63, 0x6F, 0x6E, 0x76, 0x32,
  0x64, 0x2F, 0x66, 0x63, 0x31, 0x2F, 0x4D, 0x61, 0x74, 0x4D,
  0x75, 0x6C, 0x3B, 0x64, 0x61, 0x67, 0x68, 0x65, 0x72, 0x6F,
  0x5F, 0x63, 0x6E, 0x6E, 0x5F, 0x32, 0x6C, 0x61, 0x79, 0x65,
  0x72, 0x5F, 0x63, 0x6F, 0x6E, 0x76, 0x32, 0x64, 0x2F, 0x66,
  0x63, 0x31, 0x2F, 0x52, 0x65, 0x6C, 0x75, 0x3B, 0x64, 0x61,
  0x67, 0x68, 0x65, 0x72, 0x6F, 0x5F, 0x63, 0x6E, 0x6E, 0x5F,
  0x32, 0x6C, 0x61, 0x79, 0x65, 0x72, 0x5F, 0x63, 0x6F, 0x6E,
  0x76, 0x32, 0x64, 0x2F, 0x66, 0x63, 0x31, 0x2F, 0x42, 0x69,
  0x61, 0x73, 0x41, 0x64, 0x64, 0x00, 0x00, 0x00, 0x02, 0x00,
  0x00, 0x00, 0x01, 0x00, 0x00, 0x00, 0x40, 0x00, 0x00, 0x00,
  0xEA, 0xEE, 0xFF, 0xFF, 0x00, 0x00, 0x00, 0x01, 0x14, 0x00,
  0x00, 0x00, 0x30, 0x00, 0x00, 0x00, 0x11, 0x00, 0x00, 0x00,
  0x00, 0x00, 0x00, 0x09, 0x4C, 0x00, 0x00, 0x00, 0xD4, 0xEE,
  0xFF, 0xFF, 0x08, 0x00, 0x00, 0x00, 0x10, 0x00, 0x00, 0x00,
  0x01, 0x00, 0x00, 0x00, 0x80, 0xFF, 0xFF, 0xFF, 0xFF, 0xFF,
  0xFF, 0xFF, 0x01, 0x00, 0x00, 0x00, 0xFC, 0xAE, 0x95, 0x3C,
  0x22, 0x00, 0x00, 0x00, 0x64, 0x61, 0x67, 0x68, 0x65, 0x72,
  0x6F, 0x5F, 0x63, 0x6E, 0x6E, 0x5F, 0x32, 0x6C, 0x61, 0x79,
  0x65, 0x72, 0x5F, 0x63, 0x6F, 0x6E, 0x76, 0x32, 0x64, 0x2F,
  0x67, 0x61, 0x70, 0x2F, 0x4D, 0x65, 0x61, 0x6E, 0x00, 0x00,
  0x02, 0x00, 0x00, 0x00, 0x01, 0x00, 0x00, 0x00, 0x40, 0x00,
  0x00, 0x00, 0x5A, 0xEF, 0xFF, 0xFF, 0x00, 0x00, 0x00, 0x01,
  0x14, 0x00, 0x00, 0x00, 0x34, 0x00, 0x00, 0x00, 0x10, 0x00,
  0x00, 0x00, 0x00, 0x00, 0x00, 0x09, 0x54, 0x00, 0x00, 0x00,
  0x44, 0xEF, 0xFF, 0xFF, 0x08, 0x00, 0x00, 0x00, 0x14, 0x00,
  0x00, 0x00, 0x01, 0x00, 0x00, 0x00, 0x80, 0xFF, 0xFF, 0xFF,
  0xFF, 0xFF, 0xFF, 0xFF, 0x00, 0x00, 0x00, 0x00, 0x01, 0x00,
  0x00, 0x00, 0x1E, 0xA3, 0x49, 0x3D, 0x27, 0x00, 0x00, 0x00,
  0x64, 0x61, 0x67, 0x68, 0x65, 0x72, 0x6F, 0x5F, 0x63, 0x6E,
  0x6E, 0x5F, 0x32, 0x6C, 0x61, 0x79, 0x65, 0x72, 0x5F, 0x63,
  0x6F, 0x6E, 0x76, 0x32, 0x64, 0x2F, 0x70, 0x6F, 0x6F, 0x6C,
  0x32, 0x2F, 0x4D, 0x61, 0x78, 0x50, 0x6F, 0x6F, 0x6C, 0x00,
  0x04, 0x00, 0x00, 0x00, 0x01, 0x00, 0x00, 0x00, 0x19, 0x00,
  0x00, 0x00, 0x01, 0x00, 0x00, 0x00, 0x40, 0x00, 0x00, 0x00,
  0xDA, 0xEF, 0xFF, 0xFF, 0x00, 0x00, 0x00, 0x01, 0x14, 0x00,
  0x00, 0x00, 0x30, 0x00, 0x00, 0x00, 0x0F, 0x00, 0x00, 0x00,
  0x00, 0x00, 0x00, 0x09, 0xA4, 0x00, 0x00, 0x00, 0xC4, 0xEF,
  0xFF, 0xFF, 0x08, 0x00, 0x00, 0x00, 0x10, 0x00, 0x00, 0x00,
  0x01, 0x00, 0x00, 0x00, 0x80, 0xFF, 0xFF, 0xFF, 0xFF, 0xFF,
  0xFF, 0xFF, 0x01, 0x00, 0x00, 0x00, 0x1E, 0xA3, 0x49, 0x3D,
  0x7A, 0x00, 0x00, 0x00, 0x64, 0x61, 0x67, 0x68, 0x65, 0x72,
  0x6F, 0x5F, 0x63, 0x6E, 0x6E, 0x5F, 0x32, 0x6C, 0x61, 0x79,
  0x65, 0x72, 0x5F, 0x63, 0x6F, 0x6E, 0x76, 0x32, 0x64, 0x2F,
  0x72, 0x65, 0x6C, 0x75, 0x32, 0x2F, 0x52, 0x65, 0x6C, 0x75,
  0x3B, 0x64, 0x61, 0x67, 0x68, 0x65, 0x72, 0x6F, 0x5F, 0x63,
  0x6E, 0x6E, 0x5F, 0x32, 0x6C, 0x61, 0x79, 0x65, 0x72, 0x5F,
  0x63, 0x6F, 0x6E, 0x76, 0x32, 0x64, 0x2F, 0x62, 0x6E, 0x32,
  0x2F, 0x46, 0x75, 0x73, 0x65, 0x64, 0x42, 0x61, 0x74, 0x63,
  0x68, 0x4E, 0x6F, 0x72, 0x6D, 0x56, 0x33, 0x3B, 0x64, 0x61,
  0x67, 0x68, 0x65, 0x72, 0x6F, 0x5F, 0x63, 0x6E, 0x6E, 0x5F,
  0x32, 0x6C, 0x61, 0x79, 0x65, 0x72, 0x5F, 0x63, 0x6F, 0x6E,
  0x76, 0x32, 0x64, 0x2F, 0x63, 0x6F, 0x6E, 0x76, 0x32, 0x2F,
  0x43, 0x6F, 0x6E, 0x76, 0x32, 0x44, 0x00, 0x00, 0x04, 0x00,
  0x00, 0x00, 0x01, 0x00, 0x00, 0x00, 0x32, 0x00, 0x00, 0x00,
  0x01, 0x00, 0x00, 0x00, 0x40, 0x00, 0x00, 0x00, 0xAA, 0xF0,
  0xFF, 0xFF, 0x00, 0x00, 0x00, 0x01, 0x14, 0x00, 0x00, 0x00,
  0x34, 0x00, 0x00, 0x00, 0x0E, 0x00, 0x00, 0x00, 0x00, 0x00,
  0x00, 0x09, 0x54, 0x00, 0x00, 0x00, 0x94, 0xF0, 0xFF, 0xFF,
  0x08, 0x00, 0x00, 0x00, 0x14, 0x00, 0x00, 0x00, 0x01, 0x00,
  0x00, 0x00, 0x80, 0xFF, 0xFF, 0xFF, 0xFF, 0xFF, 0xFF, 0xFF,
  0x00, 0x00, 0x00, 0x00, 0x01, 0x00, 0x00, 0x00, 0x4A, 0x31,
  0x51, 0x3D, 0x27, 0x00, 0x00, 0x00, 0x64, 0x61, 0x67, 0x68,
  0x65, 0x72, 0x6F, 0x5F, 0x63, 0x6E, 0x6E, 0x5F, 0x32, 0x6C,
  0x61, 0x79, 0x65, 0x72, 0x5F, 0x63, 0x6F, 0x6E, 0x76, 0x32,
  0x64, 0x2F, 0x70, 0x6F, 0x6F, 0x6C, 0x31, 0x2F, 0x4D, 0x61,
  0x78, 0x50, 0x6F, 0x6F, 0x6C, 0x00, 0x04, 0x00, 0x00, 0x00,
  0x01, 0x00, 0x00, 0x00, 0x32, 0x00, 0x00, 0x00, 0x01, 0x00,
  0x00, 0x00, 0x20, 0x00, 0x00, 0x00, 0x2A, 0xF1, 0xFF, 0xFF,
  0x00, 0x00, 0x00, 0x01, 0x14, 0x00, 0x00, 0x00, 0x30, 0x00,
  0x00, 0x00, 0x0D, 0x00, 0x00, 0x00, 0x00, 0x00, 0x00, 0x09,
  0xA4, 0x00, 0x00, 0x00, 0x14, 0xF1, 0xFF, 0xFF, 0x08, 0x00,
  0x00, 0x00, 0x10, 0x00, 0x00, 0x00, 0x01, 0x00, 0x00, 0x00,
  0x80, 0xFF, 0xFF, 0xFF, 0xFF, 0xFF, 0xFF, 0xFF, 0x01, 0x00,
  0x00, 0x00, 0x4A, 0x31, 0x51, 0x3D, 0x7A, 0x00, 0x00, 0x00,
  0x64, 0x61, 0x67, 0x68, 0x65, 0x72, 0x6F, 0x5F, 0x63, 0x6E,
  0x6E, 0x5F, 0x32, 0x6C, 0x61, 0x79, 0x65, 0x72, 0x5F, 0x63,
  0x6F, 0x6E, 0x76, 0x32, 0x64, 0x2F, 0x72, 0x65, 0x6C, 0x75,
  0x31, 0x2F, 0x52, 0x65, 0x6C, 0x75, 0x3B, 0x64, 0x61, 0x67,
  0x68, 0x65, 0x72, 0x6F, 0x5F, 0x63, 0x6E, 0x6E, 0x5F, 0x32,
  0x6C, 0x61, 0x79, 0x65, 0x72, 0x5F, 0x63, 0x6F, 0x6E, 0x76,
  0x32, 0x64, 0x2F, 0x62, 0x6E, 0x31, 0x2F, 0x46, 0x75, 0x73,
  0x65, 0x64, 0x42, 0x61, 0x74, 0x63, 0x68, 0x4E, 0x6F, 0x72,
  0x6D, 0x56, 0x33, 0x3B, 0x64, 0x61, 0x67, 0x68, 0x65, 0x72,
  0x6F, 0x5F, 0x63, 0x6E, 0x6E, 0x5F, 0x32, 0x6C, 0x61, 0x79,
  0x65, 0x72, 0x5F, 0x63, 0x6F, 0x6E, 0x76, 0x32, 0x64, 0x2F,
  0x63, 0x6F, 0x6E, 0x76, 0x31, 0x2F, 0x43, 0x6F, 0x6E, 0x76,
  0x32, 0x44, 0x00, 0x00, 0x04, 0x00, 0x00, 0x00, 0x01, 0x00,
  0x00, 0x00, 0x64, 0x00, 0x00, 0x00, 0x01, 0x00, 0x00, 0x00,
  0x20, 0x00, 0x00, 0x00, 0xFA, 0xF1, 0xFF, 0xFF, 0x00, 0x00,
  0x00, 0x01, 0x14, 0x00, 0x00, 0x00, 0x34, 0x00, 0x00, 0x00,
  0x0C, 0x00, 0x00, 0x00, 0x00, 0x00, 0x00, 0x09, 0x5C, 0x00,
  0x00, 0x00, 0xE4, 0xF1, 0xFF, 0xFF, 0x08, 0x00, 0x00, 0x00,
  0x14, 0x00, 0x00, 0x00, 0x01, 0x00, 0x00, 0x00, 0xF2, 0xFF,
  0xFF, 0xFF, 0xFF, 0xFF, 0xFF, 0xFF, 0x00, 0x00, 0x00, 0x00,
  0x01, 0x00, 0x00, 0x00, 0xCA, 0x61, 0x56, 0x3D, 0x2C, 0x00,
  0x00, 0x00, 0x64, 0x61, 0x67, 0x68, 0x65, 0x72, 0x6F, 0x5F,
  0x63, 0x6E, 0x6E, 0x5F, 0x32, 0x6C, 0x61, 0x79, 0x65, 0x72,
  0x5F, 0x63, 0x6F, 0x6E, 0x76, 0x32, 0x64, 0x2F, 0x72, 0x65,
  0x73, 0x68, 0x61, 0x70, 0x65, 0x5F, 0x69, 0x6E, 0x2F, 0x52,
  0x65, 0x73, 0x68, 0x61, 0x70, 0x65, 0x00, 0x00, 0x00, 0x00,
  0x04, 0x00, 0x00, 0x00, 0x01, 0x00, 0x00, 0x00, 0x64, 0x00,
  0x00, 0x00, 0x01, 0x00, 0x00, 0x00, 0x03, 0x00, 0x00, 0x00,
  0x82, 0xF2, 0xFF, 0xFF, 0x00, 0x00, 0x00, 0x01, 0x14, 0x00,
  0x00, 0x00, 0xA4, 0x01, 0x00, 0x00, 0x0B, 0x00, 0x00, 0x00,
  0x00, 0x00, 0x00, 0x09, 0xC4, 0x01, 0x00, 0x00, 0x6C, 0xF2,
  0xFF, 0xFF, 0x08, 0x00, 0x00, 0x00, 0x08, 0x01, 0x00, 0x00,
  0x20, 0x00, 0x00, 0x00, 0x00, 0x00, 0x00, 0x00, 0x00, 0x00,
  0x00, 0x00, 0x00, 0x00, 0x00, 0x00, 0x00, 0x00, 0x00, 0x00,
  0x00, 0x00, 0x00, 0x00, 0x00, 0x00, 0x00, 0x00, 0x00, 0x00,
  0x00, 0x00, 0x00, 0x00, 0x00, 0x00, 0x00, 0x00, 0x00, 0x00,
  0x00, 0x00, 0x00, 0x00, 0x00, 0x00, 0x00, 0x00, 0x00, 0x00,
  0x00, 0x00, 0x00, 0x00, 0x00, 0x00, 0x00, 0x00, 0x00, 0x00,
  0x00, 0x00, 0x00, 0x00, 0x00, 0x00, 0x00, 0x00, 0x00, 0x00,
  0x00, 0x00, 0x00, 0x00, 0x00, 0x00, 0x00, 0x00, 0x00, 0x00,
  0x00, 0x00, 0x00, 0x00, 0x00, 0x00, 0x00, 0x00, 0x00, 0x00,
  0x00, 0x00, 0x00, 0x00, 0x00, 0x00, 0x00, 0x00, 0x00, 0x00,
  0x00, 0x00, 0x00, 0x00, 0x00, 0x00, 0x00, 0x00, 0x00, 0x00,
  0x00, 0x00, 0x00, 0x00, 0x00, 0x00, 0x00, 0x00, 0x00, 0x00,
  0x00, 0x00, 0x00, 0x00, 0x00, 0x00, 0x00, 0x00, 0x00, 0x00,
  0x00, 0x00, 0x00, 0x00, 0x00, 0x00, 0x00, 0x00, 0x00, 0x00,
  0x00, 0x00, 0x00, 0x00, 0x00, 0x00, 0x00, 0x00, 0x00, 0x00,
  0x00, 0x00, 0x00, 0x00, 0x00, 0x00, 0x00, 0x00, 0x00, 0x00,
  0x00, 0x00, 0x00, 0x00, 0x00, 0x00, 0x00, 0x00, 0x00, 0x00,
  0x00, 0x00, 0x00, 0x00, 0x00, 0x00, 0x00, 0x00, 0x00, 0x00,
  0x00, 0x00, 0x00, 0x00, 0x00, 0x00, 0x00, 0x00, 0x00, 0x00,
  0x00, 0x00, 0x00, 0x00, 0x00, 0x00, 0x00, 0x00, 0x00, 0x00,
  0x00, 0x00, 0x00, 0x00, 0x00, 0x00, 0x00, 0x00, 0x00, 0x00,
  0x00, 0x00, 0x00, 0x00, 0x00, 0x00, 0x00, 0x00, 0x00, 0x00,
  0x00, 0x00, 0x00, 0x00, 0x00, 0x00, 0x00, 0x00, 0x00, 0x00,
  0x00, 0x00, 0x00, 0x00, 0x00, 0x00, 0x00, 0x00, 0x00, 0x00,
  0x00, 0x00, 0x00, 0x00, 0x00, 0x00, 0x00, 0x00, 0x00, 0x00,
  0x00, 0x00, 0x00, 0x00, 0x00, 0x00, 0x00, 0x00, 0x00, 0x00,
  0x20, 0x00, 0x00, 0x00, 0x67, 0x29, 0xC6, 0x3A, 0xE6, 0x32,
  0xBF, 0x3B, 0x45, 0x6A, 0x7A, 0x3B, 0xFA, 0xD1, 0x83, 0x3B,
  0x58, 0x38, 0x3B, 0x3B, 0x4A, 0xFE, 0x83, 0x3B, 0x01, 0x08,
  0x97, 0x3B, 0xA6, 0x4D, 0x27, 0x3B, 0x1F, 0x32, 0xD1, 0x3B,
  0xD9, 0xE8, 0xEF, 0x3A, 0x7A, 0xA5, 0x06, 0x3B, 0xD1, 0x93,
  0x44, 0x3B, 0xDF, 0x45, 0x00, 0x3B, 0xCD, 0x19, 0x20, 0x3C,
  0x37, 0xD7, 0x28, 0x3B, 0xC2, 0x76, 0x67, 0x3B, 0x7E, 0xD6,
  0x03, 0x3B, 0xF2, 0x42, 0x89, 0x3B, 0xB2, 0xDE, 0x77, 0x3B,
  0xA5, 0x54, 0x38, 0x3B, 0x05, 0x8D, 0x43, 0x3B, 0x60, 0xF3,
  0xE1, 0x3B, 0x4F, 0x91, 0xA2, 0x3B, 0x19, 0x65, 0x81, 0x3B,
  0x60, 0x31, 0xA1, 0x3B, 0x5E, 0x26, 0x5F, 0x3B, 0x15, 0x98,
  0x77, 0x3B, 0xC7, 0x19, 0x00, 0x3B, 0xFC, 0x90, 0x1E, 0x3C,
  0xD0, 0x64, 0x8E, 0x3B, 0x50, 0x9B, 0x59, 0x3B, 0x14, 0x65,
  0x9A, 0x3B, 0x26, 0x00, 0x00, 0x00, 0x64, 0x61, 0x67, 0x68,
  0x65, 0x72, 0x6F, 0x5F, 0x63, 0x6E, 0x6E, 0x5F, 0x32, 0x6C,
  0x61, 0x79, 0x65, 0x72, 0x5F, 0x63, 0x6F, 0x6E, 0x76, 0x32,
  0x64, 0x2F, 0x63, 0x6F, 0x6E, 0x76, 0x31, 0x2F, 0x43, 0x6F,
  0x6E, 0x76, 0x32, 0x44, 0x00, 0x00, 0x04, 0x00, 0x00, 0x00,
  0x20, 0x00, 0x00, 0x00, 0x07, 0x00, 0x00, 0x00, 0x01, 0x00,
  0x00, 0x00, 0x03, 0x00, 0x00, 0x00, 0x72, 0xF4, 0xFF, 0xFF,
  0x00, 0x00, 0x00, 0x01, 0x14, 0x00, 0x00, 0x00, 0xA8, 0x01,
  0x00, 0x00, 0x0A, 0x00, 0x00, 0x00, 0x00, 0x00, 0x00, 0x02,
  0xD0, 0x01, 0x00, 0x00, 0x5C, 0xF4, 0xFF, 0xFF, 0x08, 0x00,
  0x00, 0x00, 0x0C, 0x01, 0x00, 0x00, 0x20, 0x00, 0x00, 0x00,
  0x00, 0x00, 0x00, 0x00, 0x00, 0x00, 0x00, 0x00, 0x00, 0x00,
  0x00, 0x00, 0x00, 0x00, 0x00, 0x00, 0x00, 0x00, 0x00, 0x00,
  0x00, 0x00, 0x00, 0x00, 0x00, 0x00, 0x00, 0x00, 0x00, 0x00,
  0x00, 0x00, 0x00, 0x00, 0x00, 0x00, 0x00, 0x00, 0x00, 0x00,
  0x00, 0x00, 0x00, 0x00, 0x00, 0x00, 0x00, 0x00, 0x00, 0x00,
  0x00, 0x00, 0x00, 0x00, 0x00, 0x00, 0x00, 0x00, 0x00, 0x00,
  0x00, 0x00, 0x00, 0x00, 0x00, 0x00, 0x00, 0x00, 0x00, 0x00,
  0x00, 0x00, 0x00, 0x00, 0x00, 0x00, 0x00, 0x00, 0x00, 0x00,
  0x00, 0x00, 0x00, 0x00, 0x00, 0x00, 0x00, 0x00, 0x00, 0x00,
  0x00, 0x00, 0x00, 0x00, 0x00, 0x00, 0x00, 0x00, 0x00, 0x00,
  0x00, 0x00, 0x00, 0x00, 0x00, 0x00, 0x00, 0x00, 0x00, 0x00,
  0x00, 0x00, 0x00, 0x00, 0x00, 0x00, 0x00, 0x00, 0x00, 0x00,
  0x00, 0x00, 0x00, 0x00, 0x00, 0x00, 0x00, 0x00, 0x00, 0x00,
  0x00, 0x00, 0x00, 0x00, 0x00, 0x00, 0x00, 0x00, 0x00, 0x00,
  0x00, 0x00, 0x00, 0x00, 0x00, 0x00, 0x00, 0x00, 0x00, 0x00,
  0x00, 0x00, 0x00, 0x00, 0x00, 0x00, 0x00, 0x00, 0x00, 0x00,
  0x00, 0x00, 0x00, 0x00, 0x00, 0x00, 0x00, 0x00, 0x00, 0x00,
  0x00, 0x00, 0x00, 0x00, 0x00, 0x00, 0x00, 0x00, 0x00, 0x00,
  0x00, 0x00, 0x00, 0x00, 0x00, 0x00, 0x00, 0x00, 0x00, 0x00,
  0x00, 0x00, 0x00, 0x00, 0x00, 0x00, 0x00, 0x00, 0x00, 0x00,
  0x00, 0x00, 0x00, 0x00, 0x00, 0x00, 0x00, 0x00, 0x00, 0x00,
  0x00, 0x00, 0x00, 0x00, 0x00, 0x00, 0x00, 0x00, 0x00, 0x00,
  0x00, 0x00, 0x00, 0x00, 0x00, 0x00, 0x00, 0x00, 0x00, 0x00,
  0x00, 0x00, 0x00, 0x00, 0x00, 0x00, 0x00, 0x00, 0x00, 0x00,
  0x00, 0x00, 0x00, 0x00, 0x00, 0x00, 0x00, 0x00, 0x00, 0x00,
  0x00, 0x00, 0x00, 0x00, 0x00, 0x00, 0x00, 0x00, 0x00, 0x00,
  0x20, 0x00, 0x00, 0x00, 0x4E, 0xF2, 0xA5, 0x38, 0x95, 0x1D,
  0xA0, 0x39, 0x7E, 0xB4, 0x51, 0x39, 0xC3, 0xC7, 0x5C, 0x39,
  0x9E, 0xC8, 0x1C, 0x39, 0xFB, 0x11, 0x5D, 0x39, 0xC4, 0xF4,
  0x7C, 0x39, 0xD1, 0x1A, 0x0C, 0x39, 0xCF, 0x2F, 0xAF, 0x39,
  0x4A, 0xE8, 0xC8, 0x38, 0x86, 0x83, 0xE1, 0x38, 0xA8, 0x9E,
  0x24, 0x39, 0xD0, 0xD6, 0xD6, 0x38, 0xB9, 0x12, 0x06, 0x3A,
  0x67, 0x64, 0x0D, 0x39, 0xB1, 0xD5, 0x41, 0x39, 0x53, 0xCF,
  0xDC, 0x38, 0xCA, 0xE4, 0x65, 0x39, 0xD8, 0x92, 0x4F, 0x39,
  0x2B, 0x5D, 0x1A, 0x39, 0x95, 0xC2, 0x23, 0x39, 0xC2, 0x37,
  0xBD, 0x39, 0x91, 0x23, 0x88, 0x39, 0xE1, 0xB7, 0x58, 0x39,
  0xD9, 0xFC, 0x86, 0x39, 0x50, 0xDF, 0x3A, 0x39, 0xB6, 0x57,
  0x4F, 0x39, 0xF6, 0x8C, 0xD6, 0x38, 0xC5, 0xC9, 0x04, 0x3A,
  0x55, 0x7D, 0x6E, 0x39, 0xF4, 0x3A, 0x36, 0x39, 0x79, 0x4B,
  0x81, 0x39, 0x2E, 0x00, 0x00, 0x00, 0x64, 0x61, 0x67, 0x68,
  0x65, 0x72, 0x6F, 0x5F, 0x63, 0x6E, 0x6E, 0x5F, 0x32, 0x6C,
  0x61, 0x79, 0x65, 0x72, 0x5F, 0x63, 0x6F, 0x6E, 0x76, 0x32,
  0x64, 0x2F, 0x62, 0x6E, 0x31, 0x2F, 0x46, 0x75, 0x73, 0x65,
  0x64, 0x42, 0x61, 0x74, 0x63, 0x68, 0x4E, 0x6F, 0x72, 0x6D,
  0x56, 0x33, 0x00, 0x00, 0x01, 0x00, 0x00, 0x00, 0x20, 0x00,
  0x00, 0x00, 0x62, 0xF6, 0xFF, 0xFF, 0x00, 0x00, 0x00, 0x01,
  0x14, 0x00, 0x00, 0x00, 0x24, 0x03, 0x00, 0x00, 0x09, 0x00,
  0x00, 0x00, 0x00, 0x00, 0x00, 0x09, 0x44, 0x03, 0x00, 0x00,
  0x4C, 0xF6, 0xFF, 0xFF, 0x08, 0x00, 0x00, 0x00, 0x08, 0x02,
  0x00, 0x00, 0x40, 0x00, 0x00, 0x00, 0x00, 0x00, 0x00, 0x00,
  0x00, 0x00, 0x00, 0x00, 0x00, 0x00, 0x00, 0x00, 0x00, 0x00,
  0x00, 0x00, 0x00, 0x00, 0x00, 0x00, 0x00, 0x00, 0x00, 0x00,
  0x00, 0x00, 0x00, 0x00, 0x00, 0x00, 0x00, 0x00, 0x00, 0x00,
  0x00, 0x00, 0x00, 0x00, 0x00, 0x00, 0x00, 0x00, 0x00, 0x00,
  0x00, 0x00, 0x00, 0x00, 0x00, 0x00, 0x00, 0x00, 0x00, 0x00,
  0x00, 0x00, 0x00, 0x00, 0x00, 0x00, 0x00, 0x00, 0x00, 0x00,
  0x00, 0x00, 0x00, 0x00, 0x00, 0x00, 0x00, 0x00, 0x00, 0x00,
  0x00, 0x00, 0x00, 0x00, 0x00, 0x00, 0x00, 0x00, 0x00, 0x00,
  0x00, 0x00, 0x00, 0x00, 0x00, 0x00, 0x00, 0x00, 0x00, 0x00,
  0x00, 0x00, 0x00, 0x00, 0x00, 0x00, 0x00, 0x00, 0x00, 0x00,
  0x00, 0x00, 0x00, 0x00, 0x00, 0x00, 0x00, 0x00, 0x00, 0x00,
  0x00, 0x00, 0x00, 0x00, 0x00, 0x00, 0x00, 0x00, 0x00, 0x00,
  0x00, 0x00, 0x00, 0x00, 0x00, 0x00, 0x00, 0x00, 0x00, 0x00,
  0x00, 0x00, 0x00, 0x00, 0x00, 0x00, 0x00, 0x00, 0x00, 0x00,
  0x00, 0x00, 0x00, 0x00, 0x00, 0x00, 0x00, 0x00, 0x00, 0x00,
  0x00, 0x00, 0x00, 0x00, 0x00, 0x00, 0x00, 0x00, 0x00, 0x00,
  0x00, 0x00, 0x00, 0x00, 0x00, 0x00, 0x00, 0x00, 0x00, 0x00,
  0x00, 0x00, 0x00, 0x00, 0x00, 0x00, 0x00, 0x00, 0x00, 0x00,
  0x00, 0x00, 0x00, 0x00, 0x00, 0x00, 0x00, 0x00, 0x00, 0x00,
  0x00, 0x00, 0x00, 0x00, 0x00, 0x00, 0x00, 0x00, 0x00, 0x00,
  0x00, 0x00, 0x00, 0x00, 0x00, 0x00, 0x00, 0x00, 0x00, 0x00,
  0x00, 0x00, 0x00, 0x00, 0x00, 0x00, 0x00, 0x00, 0x00, 0x00,
  0x00, 0x00, 0x00, 0x00, 0x00, 0x00, 0x00, 0x00, 0x00, 0x00,
  0x00, 0x00, 0x00, 0x00, 0x00, 0x00, 0x00, 0x00, 0x00, 0x00,
  0x00, 0x00, 0x00, 0x00, 0x00, 0x00, 0x00, 0x00, 0x00, 0x00,
  0x00, 0x00, 0x00, 0x00, 0x00, 0x00, 0x00, 0x00, 0x00, 0x00,
  0x00, 0x00, 0x00, 0x00, 0x00, 0x00, 0x00, 0x00, 0x00, 0x00,
  0x00, 0x00, 0x00, 0x00, 0x00, 0x00, 0x00, 0x00, 0x00, 0x00,
  0x00, 0x00, 0x00, 0x00, 0x00, 0x00, 0x00, 0x00, 0x00, 0x00,
  0x00, 0x00, 0x00, 0x00, 0x00, 0x00, 0x00, 0x00, 0x00, 0x00,
  0x00, 0x00, 0x00, 0x00, 0x00, 0x00, 0x00, 0x00, 0x00, 0x00,
  0x00, 0x00, 0x00, 0x00, 0x00, 0x00, 0x00, 0x00, 0x00, 0x00,
  0x00, 0x00, 0x00, 0x00, 0x00, 0x00, 0x00, 0x00, 0x00, 0x00,
  0x00, 0x00, 0x00, 0x00, 0x00, 0x00, 0x00, 0x00, 0x00, 0x00,
  0x00, 0x00, 0x00, 0x00, 0x00, 0x00, 0x00, 0x00, 0x00, 0x00,
  0x00, 0x00, 0x00, 0x00, 0x00, 0x00, 0x00, 0x00, 0x00, 0x00,
  0x00, 0x00, 0x00, 0x00, 0x00, 0x00, 0x00, 0x00, 0x00, 0x00,
  0x00, 0x00, 0x00, 0x00, 0x00, 0x00, 0x00, 0x00, 0x00, 0x00,
  0x00, 0x00, 0x00, 0x00, 0x00, 0x00, 0x00, 0x00, 0x00, 0x00,
  0x00, 0x00, 0x00, 0x00, 0x00, 0x00, 0x00, 0x00, 0x00, 0x00,
  0x00, 0x00, 0x00, 0x00, 0x00, 0x00, 0x00, 0x00, 0x00, 0x00,
  0x00, 0x00, 0x00, 0x00, 0x00, 0x00, 0x00, 0x00, 0x00, 0x00,
  0x00, 0x00, 0x00, 0x00, 0x00, 0x00, 0x00, 0x00, 0x00, 0x00,
  0x00, 0x00, 0x00, 0x00, 0x00, 0x00, 0x00, 0x00, 0x00, 0x00,
  0x00, 0x00, 0x00, 0x00, 0x00, 0x00, 0x00, 0x00, 0x00, 0x00,
  0x00, 0x00, 0x00, 0x00, 0x00, 0x00, 0x00, 0x00, 0x00, 0x00,
  0x00, 0x00, 0x00, 0x00, 0x00, 0x00, 0x00, 0x00, 0x00, 0x00,
  0x00, 0x00, 0x00, 0x00, 0x00, 0x00, 0x00, 0x00, 0x00, 0x00,
  0x00, 0x00, 0x00, 0x00, 0x00, 0x00, 0x00, 0x00, 0x00, 0x00,
  0x00, 0x00, 0x00, 0x00, 0x00, 0x00, 0x00, 0x00, 0x00, 0x00,
  0x00, 0x00, 0x00, 0x00, 0x00, 0x00, 0x00, 0x00, 0x40, 0x00,
  0x00, 0x00, 0x4D, 0xC7, 0xD5, 0x3A, 0xD6, 0x1F, 0xC9, 0x3A,
  0x4B, 0x70, 0xE5, 0x3A, 0xED, 0x67, 0xBE, 0x3A, 0x94, 0x60,
  0xB2, 0x3A, 0xDB, 0xBC, 0xE1, 0x3A, 0x74, 0x02, 0x0A, 0x3B,
  0x9A, 0x46, 0x1F, 0x3B, 0x70, 0x0E, 0x26, 0x3B, 0x58, 0x52,
  0x25, 0x3B, 0x2D, 0x4D, 0xD9, 0x3A, 0x21, 0xF9, 0x98, 0x3A,
  0xE8, 0x0B, 0xD4, 0x3A, 0xE9, 0xA0, 0x9C, 0x3A, 0x8B, 0x58,
  0x0F, 0x3B, 0xE0, 0xCC, 0xC5, 0x3A, 0xA0, 0x5C, 0xAF, 0x3A,
  0x77, 0xA2, 0xFE, 0x3A, 0xF3, 0x9A, 0xAF, 0x3A, 0x7E, 0xCD,
  0xEA, 0x3A, 0x4D, 0x4A, 0xE1, 0x3A, 0x38, 0xB9, 0xF4, 0x3A,
  0x5A, 0x0E, 0xF3, 0x3A, 0x91, 0xC8, 0xDC, 0x3A, 0x5E, 0x8E,
  0x38, 0x3B, 0x72, 0x31, 0xDE, 0x3A, 0xAA, 0x61, 0x42, 0x3B,
  0xD2, 0x41, 0xE4, 0x3A, 0xFB, 0x52, 0xF1, 0x3A, 0x30, 0xA3,
  0x08, 0x3B, 0xCE, 0x09, 0xC8, 0x3A, 0x59, 0xA7, 0x2A, 0x3B,
  0x74, 0x67, 0x4F, 0x3B, 0xFE, 0xED, 0x04, 0x3B, 0xE2, 0xBF,
  0xBA, 0x3A, 0x88, 0x6F, 0x22, 0x3B, 0x68, 0x92, 0x33, 0x3B,
  0x2E, 0x76, 0xCF, 0x3A, 0x5C, 0x9C, 0x2C, 0x3B, 0xA5, 0x4B,
  0x0C, 0x3B, 0x5B, 0xDA, 0x01, 0x3B, 0xFE, 0x07, 0x04, 0x3B,
  0x6E, 0xDC, 0xFC, 0x3A, 0x45, 0xD1, 0xBE, 0x3A, 0xC2, 0x5C,
  0x34, 0x3B, 0xF9, 0xBF, 0xF6, 0x3A, 0x03, 0x91, 0x0D, 0x3B,
  0x38, 0x93, 0x0F, 0x3B, 0x55, 0xD7, 0x07, 0x3B, 0x5C, 0x1D,
  0xFD, 0x3A, 0x24, 0x21, 0xFA, 0x3A, 0xD2, 0x81, 0x4D, 0x3B,
  0x98, 0x16, 0xD9, 0x3A, 0x51, 0x58, 0xCC, 0x3A, 0x2A, 0x6B,
  0x55, 0x3B, 0x20, 0x41, 0xA8, 0x3A, 0x15, 0x5E, 0x27, 0x3B,
  0x0B, 0x67, 0xD6, 0x3A, 0x47, 0x9B, 0x99, 0x3B, 0xB1, 0xAC,
  0x17, 0x3B, 0xA9, 0x09, 0xF9, 0x3A, 0x0B, 0xED, 0x18, 0x3B,
  0xA0, 0x5B, 0x0F, 0x3B, 0xA5, 0xE6, 0xDB, 0x3A, 0x26, 0x00,
  0x00, 0x00, 0x64, 0x61, 0x67, 0x68, 0x65, 0x72, 0x6F, 0x5F,
  0x63, 0x6E, 0x6E, 0x5F, 0x32, 0x6C, 0x61, 0x79, 0x65, 0x72,
  0x5F, 0x63, 0x6F, 0x6E, 0x76, 0x32, 0x64, 0x2F, 0x63, 0x6F,
  0x6E, 0x76, 0x32, 0x2F, 0x43, 0x6F, 0x6E, 0x76, 0x32, 0x44,
  0x00, 0x00, 0x04, 0x00, 0x00, 0x00, 0x40, 0x00, 0x00, 0x00,
  0x07, 0x00, 0x00, 0x00, 0x01, 0x00, 0x00, 0x00, 0x20, 0x00,
  0x00, 0x00, 0xD2, 0xF9, 0xFF, 0xFF, 0x00, 0x00, 0x00, 0x01,
  0x14, 0x00, 0x00, 0x00, 0x28, 0x03, 0x00, 0x00, 0x08, 0x00,
  0x00, 0x00, 0x00, 0x00, 0x00, 0x02, 0x50, 0x03, 0x00, 0x00,
  0xBC, 0xF9, 0xFF, 0xFF, 0x08, 0x00, 0x00, 0x00, 0x0C, 0x02,
  0x00, 0x00, 0x40, 0x00, 0x00, 0x00, 0x00, 0x00, 0x00, 0x00,
  0x00, 0x00, 0x00, 0x00, 0x00, 0x00, 0x00, 0x00, 0x00, 0x00,
  0x00, 0x00, 0x00, 0x00, 0x00, 0x00, 0x00, 0x00, 0x00, 0x00,
  0x00, 0x00, 0x00, 0x00, 0x00, 0x00, 0x00, 0x00, 0x00, 0x00,
  0x00, 0x00, 0x00, 0x00, 0x00, 0x00, 0x00, 0x00, 0x00, 0x00,
  0x00, 0x00, 0x00, 0x00, 0x00, 0x00, 0x00, 0x00, 0x00, 0x00,
  0x00, 0x00, 0x00, 0x00, 0x00, 0x00, 0x00, 0x00, 0x00, 0x00,
  0x00, 0x00, 0x00, 0x00, 0x00, 0x00, 0x00, 0x00, 0x00, 0x00,
  0x00, 0x00, 0x00, 0x00, 0x00, 0x00, 0x00, 0x00, 0x00, 0x00,
  0x00, 0x00, 0x00, 0x00, 0x00, 0x00, 0x00, 0x00, 0x00, 0x00,
  0x00, 0x00, 0x00, 0x00, 0x00, 0x00, 0x00, 0x00, 0x00, 0x00,
  0x00, 0x00, 0x00, 0x00, 0x00, 0x00, 0x00, 0x00, 0x00, 0x00,
  0x00, 0x00, 0x00, 0x00, 0x00, 0x00, 0x00, 0x00, 0x00, 0x00,
  0x00, 0x00, 0x00, 0x00, 0x00, 0x00, 0x00, 0x00, 0x00, 0x00,
  0x00, 0x00, 0x00, 0x00, 0x00, 0x00, 0x00, 0x00, 0x00, 0x00,
  0x00, 0x00, 0x00, 0x00, 0x00, 0x00, 0x00, 0x00, 0x00, 0x00,
  0x00, 0x00, 0x00, 0x00, 0x00, 0x00, 0x00, 0x00, 0x00, 0x00,
  0x00, 0x00, 0x00, 0x00, 0x00, 0x00, 0x00, 0x00, 0x00, 0x00,
  0x00, 0x00, 0x00, 0x00, 0x00, 0x00, 0x00, 0x00, 0x00, 0x00,
  0x00, 0x00, 0x00, 0x00, 0x00, 0x00, 0x00, 0x00, 0x00, 0x00,
  0x00, 0x00, 0x00, 0x00, 0x00, 0x00, 0x00, 0x00, 0x00, 0x00,
  0x00, 0x00, 0x00, 0x00, 0x00, 0x00, 0x00, 0x00, 0x00, 0x00,
  0x00, 0x00, 0x00, 0x00, 0x00, 0x00, 0x00, 0x00, 0x00, 0x00,
  0x00, 0x00, 0x00, 0x00, 0x00, 0x00, 0x00, 0x00, 0x00, 0x00,
  0x00, 0x00, 0x00, 0x00, 0x00, 0x00, 0x00, 0x00, 0x00, 0x00,
  0x00, 0x00, 0x00, 0x00, 0x00, 0x00, 0x00, 0x00, 0x00, 0x00,
  0x00, 0x00, 0x00, 0x00, 0x00, 0x00, 0x00, 0x00, 0x00, 0x00,
  0x00, 0x00, 0x00, 0x00, 0x00, 0x00, 0x00, 0x00, 0x00, 0x00,
  0x00, 0x00, 0x00, 0x00, 0x00, 0x00, 0x00, 0x00, 0x00, 0x00,
  0x00, 0x00, 0x00, 0x00, 0x00, 0x00, 0x00, 0x00, 0x00, 0x00,
  0x00, 0x00, 0x00, 0x00, 0x00, 0x00, 0x00, 0x00, 0x00, 0x00,
  0x00, 0x00, 0x00, 0x00, 0x00, 0x00, 0x00, 0x00, 0x00, 0x00,
  0x00, 0x00, 0x00, 0x00, 0x00, 0x00, 0x00, 0x00, 0x00, 0x00,
  0x00, 0x00, 0x00, 0x00, 0x00, 0x00, 0x00, 0x00, 0x00, 0x00,
  0x00, 0x00, 0x00, 0x00, 0x00, 0x00, 0x00, 0x00, 0x00, 0x00,
  0x00, 0x00, 0x00, 0x00, 0x00, 0x00, 0x00, 0x00, 0x00, 0x00,
  0x00, 0x00, 0x00, 0x00, 0x00, 0x00, 0x00, 0x00, 0x00, 0x00,
  0x00, 0x00, 0x00, 0x00, 0x00, 0x00, 0x00, 0x00, 0x00, 0x00,
  0x00, 0x00, 0x00, 0x00, 0x00, 0x00, 0x00, 0x00, 0x00, 0x00,
  0x00, 0x00, 0x00, 0x00, 0x00, 0x00, 0x00, 0x00, 0x00, 0x00,
  0x00, 0x00, 0x00, 0x00, 0x00, 0x00, 0x00, 0x00, 0x00, 0x00,
  0x00, 0x00, 0x00, 0x00, 0x00, 0x00, 0x00, 0x00, 0x00, 0x00,
  0x00, 0x00, 0x00, 0x00, 0x00, 0x00, 0x00, 0x00, 0x00, 0x00,
  0x00, 0x00, 0x00, 0x00, 0x00, 0x00, 0x00, 0x00, 0x00, 0x00,
  0x00, 0x00, 0x00, 0x00, 0x00, 0x00, 0x00, 0x00, 0x00, 0x00,
  0x00, 0x00, 0x00, 0x00, 0x00, 0x00, 0x00, 0x00, 0x00, 0x00,
  0x00, 0x00, 0x00, 0x00, 0x00, 0x00, 0x00, 0x00, 0x00, 0x00,
  0x00, 0x00, 0x00, 0x00, 0x00, 0x00, 0x00, 0x00, 0x00, 0x00,
  0x00, 0x00, 0x00, 0x00, 0x00, 0x00, 0x00, 0x00, 0x00, 0x00,
  0x00, 0x00, 0x00, 0x00, 0x00, 0x00, 0x00, 0x00, 0x00, 0x00,
  0x00, 0x00, 0x00, 0x00, 0x00, 0x00, 0x00, 0x00, 0x00, 0x00,
  0x00, 0x00, 0x00, 0x00, 0x00, 0x00, 0x00, 0x00, 0x00, 0x00,
  0x00, 0x00, 0x40, 0x00, 0x00, 0x00, 0xDF, 0xB0, 0xAE, 0x38,
  0xB7, 0x59, 0xA4, 0x38, 0xDA, 0x7C, 0xBB, 0x38, 0x81, 0x97,
  0x9B, 0x38, 0x31, 0xC3, 0x91, 0x38, 0xA5, 0x76, 0xB8, 0x38,
  0x26, 0x8D, 0xE1, 0x38, 0x4E, 0x27, 0x02, 0x39, 0xC2, 0xB1,
  0x07, 0x39, 0x0E, 0x18, 0x07, 0x39, 0xD8, 0x91, 0xB1, 0x38,
  0xB0, 0x01, 0x7A, 0x38, 0x8C, 0x46, 0xAD, 0x38, 0x0D, 0xFB,
  0x7F, 0x38, 0xC6, 0x45, 0xEA, 0x38, 0x58, 0xA2, 0xA1, 0x38,
  0x62, 0x4C, 0x8F, 0x38, 0xAA, 0x13, 0xD0, 0x38, 0x50, 0x7F,
  0x8F, 0x38, 0xF9, 0xDE, 0xBF, 0x38, 0x09, 0x19, 0xB8, 0x38,
  0x55, 0xFA, 0xC7, 0x38, 0x83, 0x9D, 0xC6, 0x38, 0x41, 0x6A,
  0xB4, 0x38, 0xC3, 0xCF, 0x16, 0x39, 0x26, 0x91, 0xB5, 0x38,
  0x29, 0xD7, 0x1E, 0x39, 0xAF, 0x85, 0xBA, 0x38, 0x36, 0x33,
  0xC5, 0x38, 0x12, 0x4F, 0xDF, 0x38, 0x85, 0x76, 0xA3, 0x38,
  0x7B, 0x73, 0x0B, 0x39, 0x64, 0x7B, 0x29, 0x39, 0xC9, 0x3F,
  0xD9, 0x38, 0x9C, 0x9A, 0x98, 0x38, 0x54, 0xBC, 0x04, 0x39,
  0x1A, 0xBD, 0x12, 0x39, 0x6D, 0x87, 0xA9, 0x38, 0xE3, 0x0C,
  0x0D, 0x39, 0x89, 0x49, 0xE5, 0x38, 0x89, 0x38, 0xD4, 0x38,
  0xE4, 0xC7, 0xD7, 0x38, 0xA5, 0xA0, 0xCE, 0x38, 0x97, 0xED,
  0x9B, 0x38, 0x74, 0x62, 0x13, 0x39, 0x3C, 0xA2, 0xC9, 0x38,
  0x4A, 0x5D, 0xE7, 0x38, 0xAB, 0xA5, 0xEA, 0x38, 0xE8, 0x01,
  0xDE, 0x38, 0xB4, 0xD5, 0xCE, 0x38, 0x37, 0x65, 0xCC, 0x38,
  0x8E, 0xEE, 0x27, 0x39, 0x3E, 0x65, 0xB1, 0x38, 0x72, 0xFB,
  0xA6, 0x38, 0x94, 0x65, 0x2E, 0x39, 0x90, 0x7D, 0x89, 0x38,
  0x09, 0xC4, 0x08, 0x39, 0x68, 0x33, 0xAF, 0x38, 0xB0, 0x0A,
  0x7B, 0x39, 0x61, 0xE2, 0xF7, 0x38, 0xD6, 0x80, 0xCB, 0x38,
  0xEF, 0xED, 0xF9, 0x38, 0xCF, 0x4A, 0xEA, 0x38, 0xA3, 0xB1,
  0xB3, 0x38, 0x2E, 0x00, 0x00, 0x00, 0x64, 0x61, 0x67, 0x68,
  0x65, 0x72, 0x6F, 0x5F, 0x63, 0x6E, 0x6E, 0x5F, 0x32, 0x6C,
  0x61, 0x79, 0x65, 0x72, 0x5F, 0x63, 0x6F, 0x6E, 0x76, 0x32,
  0x64, 0x2F, 0x62, 0x6E, 0x32, 0x2F, 0x46, 0x75, 0x73, 0x65,
  0x64, 0x42, 0x61, 0x74, 0x63, 0x68, 0x4E, 0x6F, 0x72, 0x6D,
  0x56, 0x33, 0x00, 0x00, 0x01, 0x00, 0x00, 0x00, 0x40, 0x00,
  0x00, 0x00, 0x42, 0xFD, 0xFF, 0xFF, 0x00, 0x00, 0x00, 0x01,
  0x14, 0x00, 0x00, 0x00, 0x34, 0x00, 0x00, 0x00, 0x07, 0x00,
  0x00, 0x00, 0x00, 0x00, 0x00, 0x09, 0x54, 0x00, 0x00, 0x00,
  0x2C, 0xFD, 0xFF, 0xFF, 0x08, 0x00, 0x00, 0x00, 0x14, 0x00,
  0x00, 0x00, 0x01, 0x00, 0x00, 0x00, 0x00, 0x00, 0x00, 0x00,
  0x00, 0x00, 0x00, 0x00, 0x00, 0x00, 0x00, 0x00, 0x01, 0x00,
  0x00, 0x00, 0x78, 0xD9, 0x59, 0x3C, 0x24, 0x00, 0x00, 0x00,
  0x64, 0x61, 0x67, 0x68, 0x65, 0x72, 0x6F, 0x5F, 0x63, 0x6E,
  0x6E, 0x5F, 0x32, 0x6C, 0x61, 0x79, 0x65, 0x72, 0x5F, 0x63,
  0x6F, 0x6E, 0x76, 0x32, 0x64, 0x2F, 0x66, 0x63, 0x31, 0x2F,
  0x4D, 0x61, 0x74, 0x4D, 0x75, 0x6C, 0x00, 0x00, 0x00, 0x00,
  0x02, 0x00, 0x00, 0x00, 0x40, 0x00, 0x00, 0x00, 0x40, 0x00,
  0x00, 0x00, 0xBA, 0xFD, 0xFF, 0xFF, 0x00, 0x00, 0x00, 0x01,
  0x14, 0x00, 0x00, 0x00, 0x30, 0x00, 0x00, 0x00, 0x06, 0x00,
  0x00, 0x00, 0x00, 0x00, 0x00, 0x02, 0x60, 0x00, 0x00, 0x00,
  0xA4, 0xFD, 0xFF, 0xFF, 0x08, 0x00, 0x00, 0x00, 0x10, 0x00,
  0x00, 0x00, 0x01, 0x00, 0x00, 0x00, 0x00, 0x00, 0x00, 0x00,
  0x00, 0x00, 0x00, 0x00, 0x01, 0x00, 0x00, 0x00, 0xF6, 0xC0,
  0x7E, 0x39, 0x34, 0x00, 0x00, 0x00, 0x64, 0x61, 0x67, 0x68,
  0x65, 0x72, 0x6F, 0x5F, 0x63, 0x6E, 0x6E, 0x5F, 0x32, 0x6C,
  0x61, 0x79, 0x65, 0x72, 0x5F, 0x63, 0x6F, 0x6E, 0x76, 0x32,
  0x64, 0x2F, 0x66, 0x63, 0x31, 0x2F, 0x42, 0x69, 0x61, 0x73,
  0x41, 0x64, 0x64, 0x2F, 0x52, 0x65, 0x61, 0x64, 0x56, 0x61,
  0x72, 0x69, 0x61, 0x62, 0x6C, 0x65, 0x4F, 0x70, 0x00, 0x00,
  0x00, 0x00, 0x01, 0x00, 0x00, 0x00, 0x40, 0x00, 0x00, 0x00,
  0x3A, 0xFE, 0xFF, 0xFF, 0x00, 0x00, 0x00, 0x01, 0x14, 0x00,
  0x00, 0x00, 0x30, 0x00, 0x00, 0x00, 0x05, 0x00, 0x00, 0x00,
  0x00, 0x00, 0x00, 0x09, 0x54, 0x00, 0x00, 0x00, 0x24, 0xFE,
  0xFF, 0xFF, 0x08, 0x00, 0x00, 0x00, 0x10, 0x00, 0x00, 0x00,
  0x01, 0x00, 0x00, 0x00, 0x00, 0x00, 0x00, 0x00, 0x00, 0x00,
  0x00, 0x00, 0x01, 0x00, 0x00, 0x00, 0xAD, 0x82, 0x65, 0x3C,
  0x2B, 0x00, 0x00, 0x00, 0x64, 0x61, 0x67, 0x68, 0x65, 0x72,
  0x6F, 0x5F, 0x63, 0x6E, 0x6E, 0x5F, 0x32, 0x6C, 0x61, 0x79,
  0x65, 0x72, 0x5F, 0x63, 0x6F, 0x6E, 0x76, 0x32, 0x64, 0x2F,
  0x63, 0x6C, 0x61, 0x73, 0x73, 0x69, 0x66, 0x69, 0x65, 0x72,
  0x2F, 0x4D, 0x61, 0x74, 0x4D, 0x75, 0x6C, 0x00, 0x02, 0x00,
  0x00, 0x00, 0x06, 0x00, 0x00, 0x00, 0x40, 0x00, 0x00, 0x00,
  0xB2, 0xFE, 0xFF, 0xFF, 0x00, 0x00, 0x00, 0x01, 0x14, 0x00,
  0x00, 0x00, 0x30, 0x00, 0x00, 0x00, 0x04, 0x00, 0x00, 0x00,
  0x00, 0x00, 0x00, 0x02, 0x64, 0x00, 0x00, 0x00, 0x9C, 0xFE,
  0xFF, 0xFF, 0x08, 0x00, 0x00, 0x00, 0x10, 0x00, 0x00, 0x00,
  0x01, 0x00, 0x00, 0x00, 0x00, 0x00, 0x00, 0x00, 0x00, 0x00,
  0x00, 0x00, 0x01, 0x00, 0x00, 0x00, 0x8B, 0x8A, 0x80, 0x3A,
  0x3B, 0x00, 0x00, 0x00, 0x64, 0x61, 0x67, 0x68, 0x65, 0x72,
  0x6F, 0x5F, 0x63, 0x6E, 0x6E, 0x5F, 0x32, 0x6C, 0x61, 0x79,
  0x65, 0x72, 0x5F, 0x63, 0x6F, 0x6E, 0x76, 0x32, 0x64, 0x2F,
  0x63, 0x6C, 0x61, 0x73, 0x73, 0x69, 0x66, 0x69, 0x65, 0x72,
  0x2F, 0x42, 0x69, 0x61, 0x73, 0x41, 0x64, 0x64, 0x2F, 0x52,
  0x65, 0x61, 0x64, 0x56, 0x61, 0x72, 0x69, 0x61, 0x62, 0x6C,
  0x65, 0x4F, 0x70, 0x00, 0x01, 0x00, 0x00, 0x00, 0x06, 0x00,
  0x00, 0x00, 0x36, 0xFF, 0xFF, 0xFF, 0x00, 0x00, 0x00, 0x01,
  0x14, 0x00, 0x00, 0x00, 0x14, 0x00, 0x00, 0x00, 0x03, 0x00,
  0x00, 0x00, 0x00, 0x00, 0x00, 0x02, 0x44, 0x00, 0x00, 0x00,
  0x9C, 0xFF, 0xFF, 0xFF, 0x34, 0x00, 0x00, 0x00, 0x64, 0x61,
  0x67, 0x68, 0x65, 0x72, 0x6F, 0x5F, 0x63, 0x6E, 0x6E, 0x5F,
  0x32, 0x6C, 0x61, 0x79, 0x65, 0x72, 0x5F, 0x63, 0x6F, 0x6E,
  0x76, 0x32, 0x64, 0x2F, 0x67, 0x61, 0x70, 0x2F, 0x4D, 0x65,
  0x61, 0x6E, 0x2F, 0x72, 0x65, 0x64, 0x75, 0x63, 0x74, 0x69,
  0x6F, 0x6E, 0x5F, 0x69, 0x6E, 0x64, 0x69, 0x63, 0x65, 0x73,
  0x00, 0x00, 0x00, 0x00, 0x01, 0x00, 0x00, 0x00, 0x02, 0x00,
  0x00, 0x00, 0x9A, 0xFF, 0xFF, 0xFF, 0x00, 0x00, 0x00, 0x01,
  0x18, 0x00, 0x00, 0x00, 0x18, 0x00, 0x00, 0x00, 0x02, 0x00,
  0x00, 0x00, 0x00, 0x00, 0x00, 0x02, 0x44, 0x00, 0x00, 0x00,
  0x04, 0x00, 0x04, 0x00, 0x04, 0x00, 0x00, 0x00, 0x32, 0x00,
  0x00, 0x00, 0x64, 0x61, 0x67, 0x68, 0x65, 0x72, 0x6F, 0x5F,
  0x63, 0x6E, 0x6E, 0x5F, 0x32, 0x6C, 0x61, 0x79, 0x65, 0x72,
  0x5F, 0x63, 0x6F, 0x6E, 0x76, 0x32, 0x64, 0x2F, 0x72, 0x65,
  0x73, 0x68, 0x61, 0x70, 0x65, 0x5F, 0x69, 0x6E, 0x2F, 0x52,
  0x65, 0x73, 0x68, 0x61, 0x70, 0x65, 0x2F, 0x73, 0x68, 0x61,
  0x70, 0x65, 0x00, 0x00, 0x01, 0x00, 0x00, 0x00, 0x04, 0x00,
  0x00, 0x00, 0x00, 0x00, 0x16, 0x00, 0x1C, 0x00, 0x18, 0x00,
  0x17, 0x00, 0x10, 0x00, 0x0C, 0x00, 0x08, 0x00, 0x00, 0x00,
  0x00, 0x00, 0x00, 0x00, 0x07, 0x00, 0x16, 0x00, 0x00, 0x00,
  0x00, 0x00, 0x00, 0x01, 0x20, 0x00, 0x00, 0x00, 0x40, 0x00,
  0x00, 0x00, 0x01, 0x00, 0x00, 0x00, 0x00, 0x00, 0x00, 0x09,
  0x50, 0x00, 0x00, 0x00, 0x0C, 0x00, 0x0C, 0x00, 0x00, 0x00,
  0x00, 0x00, 0x08, 0x00, 0x04, 0x00, 0x0C, 0x00, 0x00, 0x00,
  0x08, 0x00, 0x00, 0x00, 0x14, 0x00, 0x00, 0x00, 0x01, 0x00,
  0x00, 0x00, 0xF2, 0xFF, 0xFF, 0xFF, 0xFF, 0xFF, 0xFF, 0xFF,
  0x00, 0x00, 0x00, 0x00, 0x01, 0x00, 0x00, 0x00, 0xCA, 0x61,
  0x56, 0x3D, 0x17, 0x00, 0x00, 0x00, 0x73, 0x65, 0x72, 0x76,
  0x69, 0x6E, 0x67, 0x5F, 0x64, 0x65, 0x66, 0x61, 0x75, 0x6C,
  0x74, 0x5F, 0x69, 0x6E, 0x70, 0x75, 0x74, 0x3A, 0x30, 0x00,
  0x03, 0x00, 0x00, 0x00, 0x01, 0x00, 0x00, 0x00, 0x64, 0x00,
  0x00, 0x00, 0x03, 0x00, 0x00, 0x00, 0x06, 0x00, 0x00, 0x00,
  0x80, 0x00, 0x00, 0x00, 0x60, 0x00, 0x00, 0x00, 0x40, 0x00,
  0x00, 0x00, 0x2C, 0x00, 0x00, 0x00, 0x18, 0x00, 0x00, 0x00,
  0x04, 0x00, 0x00, 0x00, 0xC0, 0xFF, 0xFF, 0xFF, 0x19, 0x00,
  0x00, 0x00, 0x02, 0x00, 0x00, 0x00, 0x00, 0x00, 0x00, 0x19,
  0xD0, 0xFF, 0xFF, 0xFF, 0x09, 0x00, 0x00, 0x00, 0x04, 0x00,
  0x00, 0x00, 0x00, 0x00, 0x00, 0x09, 0xE0, 0xFF, 0xFF, 0xFF,
  0x28, 0x00, 0x00, 0x00, 0x02, 0x00, 0x00, 0x00, 0x00, 0x00,
  0x00, 0x28, 0xF0, 0xFF, 0xFF, 0xFF, 0x11, 0x00, 0x00, 0x00,
  0x02, 0x00, 0x00, 0x00, 0x00, 0x00, 0x00, 0x11, 0x0C, 0x00,
  0x10, 0x00, 0x0F, 0x00, 0x00, 0x00, 0x08, 0x00, 0x04, 0x00,
  0x0C, 0x00, 0x00, 0x00, 0x03, 0x00, 0x00, 0x00, 0x03, 0x00,
  0x00, 0x00, 0x00, 0x00, 0x00, 0x03, 0x0C, 0x00, 0x0C, 0x00,
  0x0B, 0x00, 0x00, 0x00, 0x00, 0x00, 0x04, 0x00, 0x0C, 0x00,
  0x00, 0x00, 0x16, 0x00, 0x00, 0x00, 0x00, 0x00, 0x00, 0x16
};
unsigned int daghero_accel_rotation_t100_ptq_len = 26760;
