/* Converted from E12_arduino_from_scratch_T50/no_accel_rotation/daghero_cnn_2layer_conv2d/e12/daghero_cnn_2layer_conv2d_T50_Prandom_stratified_E12_daghero_cnn_2layer_conv2d_r0_qat.tflite */
const unsigned char daghero_no_accel_rotation_t50_qat[] = {
  0x20, 0x00, 0x00, 0x00, 0x54, 0x46, 0x4C, 0x33, 0x00, 0x00,
  0x00, 0x00, 0x14, 0x00, 0x20, 0x00, 0x1C, 0x00, 0x18, 0x00,
  0x14, 0x00, 0x10, 0x00, 0x0C, 0x00, 0x00, 0x00, 0x08, 0x00,
  0x04, 0x00, 0x14, 0x00, 0x00, 0x00, 0x1C, 0x00, 0x00, 0x00,
  0x98, 0x00, 0x00, 0x00, 0xF0, 0x00, 0x00, 0x00, 0x44, 0x51,
  0x00, 0x00, 0x54, 0x51, 0x00, 0x00, 0x28, 0x6A, 0x00, 0x00,
  0x03, 0x00, 0x00, 0x00, 0x01, 0x00, 0x00, 0x00, 0x10, 0x00,
  0x00, 0x00, 0x00, 0x00, 0x0A, 0x00, 0x10, 0x00, 0x0C, 0x00,
  0x08, 0x00, 0x04, 0x00, 0x0A, 0x00, 0x00, 0x00, 0x0C, 0x00,
  0x00, 0x00, 0x1C, 0x00, 0x00, 0x00, 0x44, 0x00, 0x00, 0x00,
  0x0F, 0x00, 0x00, 0x00, 0x73, 0x65, 0x72, 0x76, 0x69, 0x6E,
  0x67, 0x5F, 0x64, 0x65, 0x66, 0x61, 0x75, 0x6C, 0x74, 0x00,
  0x01, 0x00, 0x00, 0x00, 0x04, 0x00, 0x00, 0x00, 0x90, 0xFF,
  0xFF, 0xFF, 0x13, 0x00, 0x00, 0x00, 0x04, 0x00, 0x00, 0x00,
  0x10, 0x00, 0x00, 0x00, 0x71, 0x75, 0x61, 0x6E, 0x74, 0x5F,
  0x63, 0x6C, 0x61, 0x73, 0x73, 0x69, 0x66, 0x69, 0x65, 0x72,
  0x00, 0x00, 0x00, 0x00, 0x01, 0x00, 0x00, 0x00, 0x04, 0x00,
  0x00, 0x00, 0xA6, 0xAE, 0xFF, 0xFF, 0x04, 0x00, 0x00, 0x00,
  0x05, 0x00, 0x00, 0x00, 0x69, 0x6E, 0x70, 0x75, 0x74, 0x00,
  0x00, 0x00, 0x02, 0x00, 0x00, 0x00, 0x34, 0x00, 0x00, 0x00,
  0x04, 0x00, 0x00, 0x00, 0xDC, 0xFF, 0xFF, 0xFF, 0x16, 0x00,
  0x00, 0x00, 0x04, 0x00, 0x00, 0x00, 0x13, 0x00, 0x00, 0x00,
  0x43, 0x4F, 0x4E, 0x56, 0x45, 0x52, 0x53, 0x49, 0x4F, 0x4E,
  0x5F, 0x4D, 0x45, 0x54, 0x41, 0x44, 0x41, 0x54, 0x41, 0x00,
  0x08, 0x00, 0x0C, 0x00, 0x08, 0x00, 0x04, 0x00, 0x08, 0x00,
  0x00, 0x00, 0x15, 0x00, 0x00, 0x00, 0x04, 0x00, 0x00, 0x00,
  0x13, 0x00, 0x00, 0x00, 0x6D, 0x69, 0x6E, 0x5F, 0x72, 0x75,
  0x6E, 0x74, 0x69, 0x6D, 0x65, 0x5F, 0x76, 0x65, 0x72, 0x73,
  0x69, 0x6F, 0x6E, 0x00, 0x17, 0x00, 0x00, 0x00, 0x50, 0x50,
  0x00, 0x00, 0x48, 0x50, 0x00, 0x00, 0x30, 0x50, 0x00, 0x00,
  0x10, 0x50, 0x00, 0x00, 0x08, 0x50, 0x00, 0x00, 0x58, 0x4D,
  0x00, 0x00, 0xC8, 0x4C, 0x00, 0x00, 0xC0, 0x4C, 0x00, 0x00,
  0xB8, 0x4C, 0x00, 0x00, 0xA8, 0x14, 0x00, 0x00, 0x98, 0x13,
  0x00, 0x00, 0x90, 0x13, 0x00, 0x00, 0x88, 0x13, 0x00, 0x00,
  0x80, 0x13, 0x00, 0x00, 0x70, 0x03, 0x00, 0x00, 0x60, 0x02,
  0x00, 0x00, 0x58, 0x02, 0x00, 0x00, 0xC8, 0x00, 0x00, 0x00,
  0xA0, 0x00, 0x00, 0x00, 0x98, 0x00, 0x00, 0x00, 0x90, 0x00,
  0x00, 0x00, 0x70, 0x00, 0x00, 0x00, 0x04, 0x00, 0x00, 0x00,
  0x76, 0xAF, 0xFF, 0xFF, 0x04, 0x00, 0x00, 0x00, 0x5C, 0x00,
  0x00, 0x00, 0x0C, 0x00, 0x00, 0x00, 0x08, 0x00, 0x0E, 0x00,
  0x08, 0x00, 0x04, 0x00, 0x08, 0x00, 0x00, 0x00, 0x10, 0x00,
  0x00, 0x00, 0x2C, 0x00, 0x00, 0x00, 0x00, 0x00, 0x06, 0x00,
  0x08, 0x00, 0x04, 0x00, 0x06, 0x00, 0x00, 0x00, 0x04, 0x00,
  0x00, 0x00, 0x02, 0x00, 0x00, 0x00, 0xEB, 0x03, 0x00, 0x00,
  0xD0, 0x07, 0x00, 0x00, 0x00, 0x00, 0x0A, 0x00, 0x10, 0x00,
  0x0C, 0x00, 0x08, 0x00, 0x04, 0x00, 0x0A, 0x00, 0x00, 0x00,
  0x02, 0x00, 0x00, 0x00, 0x02, 0x00, 0x00, 0x00, 0x04, 0x00,
  0x00, 0x00, 0x06, 0x00, 0x00, 0x00, 0x32, 0x2E, 0x31, 0x34,
  0x2E, 0x31, 0x00, 0x00, 0xDE, 0xAF, 0xFF, 0xFF, 0x04, 0x00,
  0x00, 0x00, 0x10, 0x00, 0x00, 0x00, 0x31, 0x2E, 0x31, 0x34,
  0x2E, 0x30, 0x00, 0x00, 0x00, 0x00, 0x00, 0x00, 0x00, 0x00,
  0x00, 0x00, 0x80, 0x98, 0xFF, 0xFF, 0x84, 0x98, 0xFF, 0xFF,
  0x02, 0xB0, 0xFF, 0xFF, 0x04, 0x00, 0x00, 0x00, 0x18, 0x00,
  0x00, 0x00, 0x22, 0x00, 0x00, 0x00, 0x85, 0xFF, 0xFF, 0xFF,
  0xEA, 0xFF, 0xFF, 0xFF, 0xA0, 0x00, 0x00, 0x00, 0x0F, 0xFF,
  0xFF, 0xFF, 0xC8, 0x00, 0x00, 0x00, 0x26, 0xB0, 0xFF, 0xFF,
  0x04, 0x00, 0x00, 0x00, 0x80, 0x01, 0x00, 0x00, 0x26, 0x37,
  0xE9, 0x17, 0xAE, 0x16, 0xAB, 0x22, 0x4A, 0xF1, 0x4B, 0xE1,
  0xB7, 0xB9, 0x9E, 0xE2, 0xF0, 0xB1, 0x1C, 0xBC, 0x07, 0xCC,
  0x04, 0xCA, 0x3E, 0x26, 0xDA, 0x98, 0x00, 0xEB, 0x3E, 0xED,
  0xD5, 0x12, 0xC8, 0xC6, 0xC2, 0xB2, 0xCC, 0xD4, 0x1F, 0x52,
  0x03, 0xE8, 0x26, 0x54, 0x2B, 0xBD, 0x42, 0x3B, 0x16, 0xB6,
  0xE1, 0xD9, 0xDC, 0x0C, 0x2D, 0x3A, 0x0C, 0xE8, 0xFA, 0x15,
  0x40, 0xEA, 0x0C, 0x27, 0x08, 0xDE, 0xF7, 0xE8, 0xED, 0x16,
  0xED, 0xFC, 0x0E, 0x2D, 0x1A, 0x35, 0x2E, 0x48, 0x10, 0xB8,
  0x46, 0x2F, 0x9C, 0xC6, 0xF1, 0xDB, 0x01, 0x01, 0x21, 0x11,
  0xBF, 0x19, 0xBC, 0xC5, 0xC8, 0x00, 0x35, 0xEB, 0xE1, 0xD4,
  0xD1, 0xD6, 0x3B, 0x03, 0x03, 0x32, 0x27, 0x12, 0xE1, 0x3C,
  0xEE, 0x19, 0xFC, 0xD6, 0x3A, 0xEF, 0xD0, 0xBA, 0xE1, 0xC4,
  0x27, 0x3A, 0xC2, 0x32, 0x30, 0xBC, 0xDD, 0xB0, 0xF3, 0x0E,
  0x46, 0xB7, 0x39, 0x0B, 0xCD, 0xE0, 0x03, 0xEE, 0x97, 0x18,
  0xEB, 0xEF, 0xD5, 0xB6, 0xDE, 0xD0, 0xB9, 0x41, 0x94, 0xE4,
  0xCF, 0xEB, 0x1C, 0x1D, 0x29, 0x00, 0xCB, 0xF3, 0xBE, 0xC0,
  0xC0, 0xB3, 0x14, 0x36, 0x44, 0x3C, 0xC4, 0x19, 0x3B, 0x13,
  0x10, 0xFB, 0xBD, 0x17, 0x33, 0xE6, 0xC7, 0xBC, 0x28, 0x1D,
  0xC0, 0x17, 0xC4, 0x2D, 0x12, 0xCF, 0x45, 0x36, 0xD8, 0xBD,
  0x24, 0xF9, 0xC2, 0xD1, 0xA7, 0xD3, 0xFF, 0x35, 0xB2, 0x54,
  0xC3, 0x01, 0x65, 0xE5, 0x00, 0xCD, 0x38, 0xB3, 0xBB, 0x17,
  0xD3, 0x21, 0x28, 0x43, 0xF2, 0xC7, 0xE4, 0x25, 0xB0, 0x46,
  0x2A, 0x34, 0x1B, 0x3C, 0x26, 0xF2, 0xF0, 0x1A, 0xD7, 0xDD,
  0xBD, 0xCE, 0xD8, 0xDD, 0xBF, 0xD1, 0x52, 0xD2, 0xBD, 0xD6,
  0x0D, 0x0E, 0xCE, 0x2E, 0x43, 0xEA, 0x29, 0xCF, 0xD7, 0xFD,
  0xE2, 0x39, 0x0A, 0x0C, 0x2A, 0xD4, 0xEC, 0x3F, 0x46, 0x44,
  0x14, 0x9E, 0xB7, 0x39, 0xE4, 0xD2, 0x17, 0xE0, 0xCF, 0x1E,
  0xDE, 0x46, 0xCD, 0x43, 0x55, 0x2E, 0xD2, 0xCE, 0xF7, 0x01,
  0xC6, 0x02, 0xCB, 0xBA, 0xAD, 0xF8, 0xF5, 0xC7, 0xE1, 0x38,
  0xE8, 0xCA, 0xDE, 0xC7, 0x4C, 0xE8, 0x1D, 0x09, 0xF4, 0xCC,
  0xFC, 0x0F, 0x0D, 0xD1, 0x52, 0xF7, 0x15, 0x20, 0x0D, 0xEC,
  0xCE, 0xAD, 0x29, 0xED, 0x0F, 0xDB, 0x05, 0x55, 0x1F, 0x36,
  0xF4, 0x18, 0x14, 0x1D, 0xD5, 0x81, 0x0B, 0x20, 0x19, 0x23,
  0x13, 0x11, 0xEB, 0x45, 0xEB, 0x5F, 0xEA, 0x51, 0xBB, 0xC9,
  0x30, 0x14, 0xE6, 0xD6, 0xC9, 0xAB, 0xF9, 0xA4, 0x28, 0x06,
  0x29, 0x29, 0x4D, 0xDB, 0x9A, 0x3E, 0x3D, 0x12, 0x12, 0xE4,
  0x90, 0x1C, 0x3D, 0xD2, 0xE0, 0xAE, 0x2F, 0xC5, 0xCB, 0x5A,
  0x06, 0xB8, 0x29, 0x2B, 0xCA, 0xE5, 0x42, 0xDB, 0x30, 0x88,
  0xFC, 0xC7, 0x38, 0x9A, 0xFF, 0xFF, 0xB6, 0xB1, 0xFF, 0xFF,
  0x04, 0x00, 0x00, 0x00, 0x00, 0x01, 0x00, 0x00, 0x3D, 0x03,
  0x00, 0x00, 0x45, 0x03, 0x00, 0x00, 0x64, 0xFF, 0xFF, 0xFF,
  0x26, 0x01, 0x00, 0x00, 0x1B, 0x01, 0x00, 0x00, 0xEC, 0x00,
  0x00, 0x00, 0x34, 0x01, 0x00, 0x00, 0xB4, 0x03, 0x00, 0x00,
  0x62, 0x03, 0x00, 0x00, 0x3F, 0x02, 0x00, 0x00, 0x25, 0x01,
  0x00, 0x00, 0x54, 0x00, 0x00, 0x00, 0xFE, 0x01, 0x00, 0x00,
  0xBF, 0xFE, 0xFF, 0xFF, 0x60, 0x00, 0x00, 0x00, 0xB9, 0x00,
  0x00, 0x00, 0xF6, 0x00, 0x00, 0x00, 0xB6, 0x05, 0x00, 0x00,
  0x64, 0xFF, 0xFF, 0xFF, 0x79, 0x01, 0x00, 0x00, 0x8E, 0x04,
  0x00, 0x00, 0xAC, 0x00, 0x00, 0x00, 0xD6, 0x04, 0x00, 0x00,
  0x7B, 0x02, 0x00, 0x00, 0x42, 0x02, 0x00, 0x00, 0x91, 0xFF,
  0xFF, 0xFF, 0x72, 0xFF, 0xFF, 0xFF, 0x93, 0x02, 0x00, 0x00,
  0x54, 0x01, 0x00, 0x00, 0x2A, 0x02, 0x00, 0x00, 0xDF, 0x03,
  0x00, 0x00, 0x40, 0x02, 0x00, 0x00, 0x76, 0x02, 0x00, 0x00,
  0x87, 0x02, 0x00, 0x00, 0xBF, 0x01, 0x00, 0x00, 0xF3, 0x00,
  0x00, 0x00, 0x21, 0x01, 0x00, 0x00, 0x8E, 0x02, 0x00, 0x00,
  0x35, 0x01, 0x00, 0x00, 0xD7, 0x00, 0x00, 0x00, 0xC4, 0x00,
  0x00, 0x00, 0x28, 0x00, 0x00, 0x00, 0xE2, 0x00, 0x00, 0x00,
  0x54, 0x00, 0x00, 0x00, 0x89, 0x00, 0x00, 0x00, 0x54, 0x01,
  0x00, 0x00, 0x91, 0x02, 0x00, 0x00, 0xB3, 0xFF, 0xFF, 0xFF,
  0x10, 0x02, 0x00, 0x00, 0xF3, 0xFF, 0xFF, 0xFF, 0x22, 0x04,
  0x00, 0x00, 0x9F, 0x05, 0x00, 0x00, 0x9D, 0xFF, 0xFF, 0xFF,
  0x96, 0x01, 0x00, 0x00, 0xD2, 0x02, 0x00, 0x00, 0xC8, 0x01,
  0x00, 0x00, 0xA4, 0x02, 0x00, 0x00, 0x61, 0x02, 0x00, 0x00,
  0xDB, 0x01, 0x00, 0x00, 0x4D, 0xFF, 0xFF, 0xFF, 0x2A, 0x01,
  0x00, 0x00, 0x6F, 0x01, 0x00, 0x00, 0x8C, 0x01, 0x00, 0x00,
  0xD0, 0x03, 0x00, 0x00, 0xC2, 0xB2, 0xFF, 0xFF, 0x04, 0x00,
  0x00, 0x00, 0x00, 0x10, 0x00, 0x00, 0x18, 0xC7, 0xCF, 0xF6,
  0xEA, 0x07, 0xE1, 0x09, 0xED, 0xFE, 0x30, 0x13, 0x09, 0x2B,
  0xF1, 0xE3, 0xE8, 0x09, 0xF7, 0x00, 0xE8, 0xC1, 0x30, 0xC9,
  0xF8, 0xF2, 0xF9, 0xFA, 0x37, 0x10, 0xEB, 0x14, 0xE2, 0x54,
  0x0B, 0xE1, 0xEC, 0x10, 0x4F, 0x1F, 0x2D, 0xF6, 0xED, 0x2E,
  0x50, 0xEC, 0x0F, 0x01, 0xDF, 0x3F, 0xDF, 0xE4, 0xD3, 0x2C,
  0xFA, 0x08, 0x20, 0x15, 0xE6, 0xB5, 0x25, 0x14, 0x4B, 0xFA,
  0xF1, 0x9E, 0x9E, 0xE8, 0xFD, 0x34, 0xEE, 0xFA, 0xF4, 0x12,
  0x01, 0xB6, 0xD8, 0xD7, 0x24, 0xFF, 0xED, 0x14, 0x46, 0x15,
  0xA2, 0xF1, 0xF4, 0xFD, 0x5A, 0xFB, 0x2C, 0xE7, 0xF8, 0x43,
  0x43, 0x39, 0x34, 0x20, 0x1E, 0x11, 0xB9, 0x3E, 0xFC, 0x41,
  0xBD, 0x39, 0xE2, 0x2C, 0xEA, 0xE3, 0x29, 0xE0, 0x08, 0x16,
  0x0A, 0xB9, 0xCE, 0xBA, 0xE8, 0xF1, 0x2D, 0xD6, 0x1B, 0xEA,
  0x0A, 0x08, 0x13, 0x28, 0xFD, 0xEB, 0x1C, 0x2F, 0x07, 0x16,
  0x26, 0x0B, 0x15, 0x20, 0xFD, 0x1A, 0xEA, 0xE7, 0xD9, 0xE3,
  0x13, 0xD3, 0x27, 0xDF, 0xFC, 0xF1, 0xFD, 0x12, 0xFA, 0x27,
  0x3D, 0xCD, 0x03, 0x10, 0x1D, 0xDE, 0xF2, 0x07, 0xF5, 0x1C,
  0x08, 0xC9, 0x2F, 0xFE, 0x42, 0xEC, 0x36, 0x0E, 0x00, 0x0B,
  0x31, 0xF5, 0x20, 0x17, 0xFB, 0x0D, 0x01, 0x1B, 0xC8, 0xD7,
  0xB4, 0xD5, 0xEF, 0x21, 0x13, 0xDD, 0x07, 0xF3, 0xEF, 0x24,
  0x5C, 0xC8, 0xE2, 0xF3, 0x54, 0xE7, 0x2A, 0xCF, 0x09, 0xDD,
  0x51, 0x36, 0xDF, 0x17, 0x30, 0x04, 0xEB, 0xE5, 0xE7, 0x04,
  0x30, 0x1D, 0xF2, 0x18, 0xBF, 0x10, 0x9A, 0x24, 0xEF, 0x1D,
  0xDA, 0xCB, 0x36, 0xFE, 0x04, 0x21, 0xFD, 0xD7, 0xDE, 0xEA,
  0xEA, 0x29, 0xF7, 0x18, 0xD0, 0x10, 0x3E, 0x3B, 0xE5, 0x01,
  0x30, 0x21, 0xED, 0x1F, 0xDC, 0x08, 0xE1, 0x07, 0x2E, 0xBE,
  0x09, 0x21, 0xFB, 0x63, 0x44, 0xF1, 0x1F, 0x37, 0x32, 0x10,
  0xE5, 0xDF, 0x3F, 0x03, 0x71, 0x10, 0xE7, 0x59, 0x0B, 0x06,
  0x06, 0xFB, 0x0E, 0x1B, 0xF9, 0xEF, 0x3F, 0xFD, 0xDB, 0xD8,
  0xC5, 0xFF, 0xC9, 0x35, 0x20, 0xE2, 0x2C, 0x23, 0x35, 0x1F,
  0xFE, 0xC6, 0x30, 0x39, 0xEC, 0xFE, 0xD6, 0x19, 0xA6, 0xF4,
  0x3B, 0x1A, 0xEC, 0x0A, 0x64, 0x4F, 0xFD, 0x08, 0x3C, 0x10,
  0xFC, 0xDF, 0x1F, 0xF4, 0x0A, 0x1C, 0x1C, 0x15, 0x46, 0xEE,
  0x05, 0x20, 0xE8, 0xCD, 0xCB, 0xE6, 0x24, 0xF1, 0x25, 0x18,
  0x1C, 0x13, 0xF6, 0x14, 0xD4, 0xC1, 0xE4, 0xDE, 0xEB, 0xAC,
  0x16, 0xF0, 0x05, 0x1B, 0xFF, 0xEC, 0xC1, 0xCA, 0xD9, 0xE6,
  0x47, 0xE6, 0xF5, 0xDE, 0x22, 0x28, 0xFD, 0xD0, 0xE5, 0xD0,
  0xF4, 0x49, 0x26, 0xC5, 0x37, 0x31, 0xD9, 0x32, 0x45, 0x3B,
  0xD2, 0x04, 0xCC, 0xF1, 0xDF, 0xD8, 0xF2, 0xF9, 0xE4, 0x31,
  0xE7, 0x4A, 0x46, 0xDF, 0x11, 0xD5, 0xF5, 0x1A, 0xE4, 0xE8,
  0x5C, 0x45, 0x60, 0x51, 0xEE, 0x02, 0x25, 0xFB, 0xDD, 0xE7,
  0x2C, 0xFC, 0x01, 0x26, 0x22, 0x22, 0xDE, 0x26, 0x27, 0xEC,
  0xEA, 0xFE, 0x08, 0xDA, 0x19, 0xEC, 0x19, 0x38, 0x1C, 0xFD,
  0x3F, 0x12, 0xE9, 0xEA, 0xDB, 0xDD, 0xD3, 0x37, 0x40, 0x3C,
  0xE7, 0x1D, 0x31, 0x39, 0xF2, 0x20, 0x36, 0x00, 0x2D, 0x0B,
  0xF6, 0xCA, 0xD6, 0x12, 0x21, 0xC8, 0x30, 0x56, 0xDB, 0x03,
  0xE0, 0xE6, 0x2E, 0xEE, 0x02, 0x09, 0xEA, 0xEF, 0x28, 0xCE,
  0xEA, 0xF5, 0xE4, 0x3E, 0x1E, 0xDB, 0x39, 0x54, 0x01, 0xDA,
  0x13, 0x26, 0x4F, 0xDE, 0x4E, 0x5A, 0x1A, 0xF7, 0xC9, 0x2F,
  0x4C, 0xFB, 0x53, 0x22, 0x0B, 0xF5, 0xFD, 0x55, 0x08, 0x23,
  0x08, 0x26, 0x0C, 0xFF, 0x31, 0x3D, 0xDA, 0x13, 0x0C, 0x51,
  0xFD, 0x39, 0x22, 0x45, 0xF2, 0x3B, 0x5D, 0x05, 0x07, 0x00,
  0x15, 0x07, 0x23, 0x13, 0xF4, 0xA9, 0xE7, 0x43, 0xD0, 0xA3,
  0xDF, 0xC6, 0x1E, 0x0F, 0xC6, 0xE4, 0xAC, 0x37, 0xC5, 0xAB,
  0x1C, 0xF0, 0x07, 0xB4, 0x12, 0x35, 0x22, 0xF6, 0xE1, 0x22,
  0x4C, 0x03, 0xE2, 0xAC, 0xF3, 0x11, 0x0D, 0x1C, 0xB3, 0x1B,
  0xF7, 0x20, 0xE6, 0xCC, 0x27, 0xE3, 0xF8, 0xDF, 0x1F, 0xF6,
  0xFA, 0x9C, 0xC7, 0x17, 0x54, 0x16, 0x17, 0x32, 0x1C, 0x1F,
  0x28, 0x87, 0xAA, 0xC5, 0xBD, 0x1C, 0x11, 0xF9, 0x1C, 0xAB,
  0x29, 0x33, 0x22, 0xC1, 0xF4, 0x29, 0xD9, 0xFF, 0xE7, 0xE7,
  0xBC, 0x12, 0xD0, 0xBD, 0xDD, 0xE2, 0xE9, 0xF0, 0x43, 0x09,
  0x45, 0xD2, 0x0B, 0xE8, 0xF9, 0x05, 0x20, 0xFC, 0xAE, 0xFE,
  0xF3, 0x13, 0x34, 0x27, 0xFD, 0xE3, 0x3F, 0xEF, 0x30, 0x25,
  0x39, 0x2A, 0xEE, 0x4A, 0xC1, 0x49, 0xFF, 0xFE, 0xCD, 0x03,
  0x15, 0xD1, 0xFB, 0xF6, 0x22, 0xEE, 0x0F, 0xFE, 0x32, 0xF6,
  0x0F, 0x29, 0xE5, 0xC9, 0x27, 0x35, 0xEC, 0x1A, 0xEA, 0xE5,
  0x00, 0xF6, 0xA8, 0x43, 0xC9, 0xF4, 0x0D, 0xEE, 0xD9, 0x11,
  0x04, 0xC1, 0x39, 0xFF, 0x1C, 0x28, 0x0C, 0xE2, 0x14, 0x16,
  0xC1, 0xEA, 0x01, 0x1D, 0x2A, 0x2B, 0xDF, 0xC7, 0x2E, 0x05,
  0x28, 0xD9, 0x1C, 0xD6, 0xF8, 0xC2, 0x04, 0x05, 0xF6, 0x01,
  0xCD, 0xE5, 0x07, 0x27, 0x1B, 0x17, 0x23, 0x46, 0x00, 0xBE,
  0x00, 0x20, 0x0A, 0x2C, 0x1B, 0xE7, 0xDF, 0xE6, 0xF7, 0x15,
  0xF5, 0x12, 0xD3, 0x12, 0xBD, 0x1B, 0x24, 0x28, 0x48, 0x09,
  0x35, 0xF9, 0x15, 0xDC, 0xE0, 0x0C, 0x32, 0xFC, 0xEF, 0x14,
  0xEB, 0x16, 0x00, 0x4B, 0x17, 0x2F, 0x24, 0xFD, 0x1C, 0xE6,
  0x12, 0x04, 0x1C, 0x07, 0x2C, 0xFC, 0x10, 0xE4, 0xFF, 0xDD,
  0x36, 0x22, 0x1A, 0xDA, 0x19, 0xCF, 0xFF, 0xD6, 0xD6, 0xFD,
  0xDE, 0xEE, 0xDF, 0x4A, 0xBF, 0xE3, 0xB6, 0xEC, 0xCE, 0x13,
  0xCB, 0xCF, 0x13, 0x2C, 0x30, 0xBB, 0xFA, 0x3C, 0x1A, 0xD6,
  0x1F, 0xFF, 0xF8, 0x10, 0xFA, 0xE7, 0xCC, 0xCD, 0xD4, 0xE2,
  0x38, 0x11, 0x4A, 0xC7, 0x1E, 0xE3, 0x19, 0x4C, 0x09, 0x2F,
  0xF7, 0xFE, 0x37, 0xFE, 0x3C, 0xE6, 0xC9, 0xF2, 0x19, 0x1D,
  0xE8, 0x07, 0xEA, 0x03, 0xE2, 0x43, 0xC3, 0x39, 0xD5, 0x0C,
  0x24, 0x07, 0x13, 0x81, 0xFE, 0xE3, 0x4C, 0xED, 0x35, 0x1D,
  0x38, 0x11, 0xD2, 0x25, 0x0E, 0xFC, 0xCC, 0x07, 0x31, 0x3C,
  0x0C, 0xD9, 0xE1, 0xF9, 0xF2, 0xE3, 0xE9, 0xD3, 0x53, 0x0D,
  0x03, 0xF9, 0xE0, 0x4A, 0x01, 0xCE, 0x2E, 0xF0, 0x33, 0xD5,
  0x23, 0xBB, 0x04, 0xE8, 0x25, 0xDB, 0xFA, 0xF7, 0x36, 0xBD,
  0x14, 0xDA, 0xF0, 0xE2, 0xEA, 0x31, 0x43, 0xE3, 0xFF, 0xEE,
  0x1D, 0x36, 0x1B, 0x29, 0xF7, 0x1B, 0x23, 0x0E, 0x18, 0x1B,
  0xFB, 0x13, 0x08, 0x19, 0x11, 0x15, 0xF7, 0xD5, 0x1C, 0xD2,
  0x11, 0xF0, 0x37, 0x48, 0xE2, 0x02, 0xD9, 0xE6, 0xF3, 0xEE,
  0x09, 0xF9, 0x0D, 0x4E, 0x33, 0xD7, 0xCF, 0x3F, 0x17, 0xF7,
  0x0F, 0xCD, 0x27, 0x31, 0xEB, 0xE5, 0xB8, 0x43, 0x3F, 0xE1,
  0xF3, 0x00, 0x3C, 0xE6, 0x54, 0x13, 0x11, 0x43, 0x25, 0x3F,
  0x20, 0x07, 0xF2, 0xD8, 0x26, 0xE0, 0xFE, 0xF4, 0xB0, 0x32,
  0x11, 0x13, 0xF6, 0x0F, 0x23, 0x0A, 0xF0, 0x43, 0x1D, 0x35,
  0xD6, 0x16, 0x4D, 0x2C, 0xC4, 0xF4, 0x23, 0x2A, 0x12, 0xFA,
  0xDE, 0x01, 0xD8, 0xF7, 0x1F, 0xD4, 0x4A, 0x15, 0xF7, 0xC3,
  0xC7, 0x45, 0xF8, 0xD3, 0x09, 0xD1, 0x05, 0xC2, 0x2F, 0x13,
  0xEF, 0x1D, 0xEC, 0x23, 0x18, 0x20, 0x1B, 0xDF, 0x03, 0xCA,
  0x2E, 0x35, 0x29, 0xE7, 0xFC, 0xCB, 0x26, 0x10, 0x30, 0x00,
  0x02, 0x19, 0xDD, 0xF7, 0xE1, 0xDE, 0xD4, 0x1D, 0x0F, 0x28,
  0xEC, 0xE3, 0xDD, 0x0D, 0xCF, 0xCC, 0xA8, 0x2D, 0x04, 0x2E,
  0x06, 0x09, 0xB8, 0x0A, 0xEC, 0xA3, 0x03, 0xF7, 0x1C, 0x0D,
  0x04, 0xF0, 0xF7, 0x32, 0xDB, 0xF2, 0x30, 0xDC, 0x00, 0xFD,
  0xE1, 0xFB, 0x00, 0x51, 0xD4, 0xE6, 0x03, 0x0E, 0x4F, 0x00,
  0x48, 0x07, 0x43, 0x23, 0x2B, 0x2D, 0x11, 0x0C, 0x0B, 0x29,
  0x2B, 0xF7, 0xEB, 0x13, 0xFA, 0xF5, 0xFB, 0x2F, 0x15, 0x13,
  0xC6, 0xF9, 0x31, 0x14, 0xCF, 0x2E, 0x3A, 0xA4, 0x64, 0x15,
  0x4C, 0x03, 0xC4, 0xFE, 0x28, 0xC7, 0xFC, 0x03, 0xB8, 0x1E,
  0x3A, 0x4D, 0x24, 0xC5, 0xC4, 0x04, 0x1F, 0xDD, 0x38, 0x19,
  0xD6, 0xD1, 0x89, 0x1B, 0xA6, 0xA5, 0x4F, 0x47, 0x57, 0x23,
  0x86, 0x15, 0x0A, 0xE4, 0x0A, 0x1A, 0xA9, 0xC3, 0x29, 0xED,
  0xE2, 0xB5, 0x26, 0x18, 0xBC, 0x23, 0x1E, 0xE9, 0xE9, 0xC9,
  0x4F, 0x99, 0xF3, 0x88, 0x04, 0xF7, 0xCC, 0x2F, 0xF5, 0x01,
  0x17, 0x0D, 0xCD, 0xF9, 0x49, 0xED, 0xE0, 0x46, 0xE9, 0x2F,
  0xFD, 0xAE, 0x12, 0x0E, 0xBA, 0xE2, 0x3B, 0xE2, 0x0E, 0x3B,
  0xFA, 0xE5, 0xDC, 0x0A, 0x1F, 0xE4, 0x2A, 0xF5, 0xD7, 0x0C,
  0xFB, 0x05, 0xE9, 0x25, 0x26, 0xF1, 0x06, 0x49, 0x02, 0xC3,
  0x19, 0x21, 0x06, 0x12, 0xED, 0x2B, 0xF3, 0xC4, 0x2B, 0xE3,
  0xF4, 0x25, 0x39, 0xCA, 0xDF, 0xE7, 0xDF, 0xEE, 0x15, 0x14,
  0x23, 0xE2, 0xE8, 0xDD, 0x21, 0xE6, 0xF7, 0xFB, 0x07, 0x27,
  0x1E, 0x35, 0xED, 0x2A, 0x2B, 0x15, 0xD9, 0x04, 0xFB, 0x23,
  0xF2, 0xBD, 0x19, 0x0F, 0x03, 0x20, 0xFF, 0xF7, 0xEF, 0xC9,
  0xE7, 0x19, 0xDD, 0x04, 0x3B, 0x1B, 0x46, 0x1B, 0xEE, 0xFC,
  0x15, 0x22, 0x08, 0x3D, 0x2E, 0xFC, 0x02, 0x3F, 0x29, 0xDE,
  0x20, 0xB5, 0x0D, 0xDF, 0x35, 0xE2, 0xEB, 0xC5, 0x21, 0xC3,
  0x19, 0xF0, 0xF2, 0x14, 0xEA, 0x22, 0xD9, 0x30, 0x38, 0xE7,
  0x44, 0x00, 0x40, 0xDC, 0xC1, 0xCF, 0x12, 0x9D, 0x50, 0x2E,
  0xD6, 0x48, 0xE4, 0xE0, 0xDA, 0xD8, 0xEA, 0x45, 0x98, 0xC9,
  0x07, 0xFF, 0xA6, 0x0C, 0xDA, 0xED, 0x0F, 0xDA, 0xA4, 0x0E,
  0x40, 0xCB, 0xD4, 0xEA, 0x3C, 0xD1, 0xF0, 0x06, 0xED, 0xB1,
  0xDF, 0x0D, 0xC0, 0xBA, 0x37, 0x29, 0x9A, 0x4F, 0x4E, 0x5C,
  0xE9, 0xD9, 0xEE, 0x94, 0xDC, 0xAB, 0xF2, 0x04, 0xFD, 0x1D,
  0x3B, 0x25, 0x1F, 0xD6, 0xF1, 0xC9, 0x37, 0x30, 0x42, 0xAB,
  0x0D, 0x12, 0x15, 0x54, 0x0D, 0x35, 0x3C, 0x01, 0xF5, 0xFC,
  0x24, 0x25, 0x2E, 0x0A, 0x01, 0xE3, 0xDC, 0x18, 0xEC, 0xEC,
  0x25, 0x24, 0xDB, 0xDC, 0x16, 0xF2, 0xDF, 0xF6, 0x23, 0xC7,
  0xE8, 0xF1, 0xE9, 0xEC, 0xDE, 0x29, 0xD8, 0x26, 0x3E, 0x4B,
  0x26, 0x17, 0x2E, 0x05, 0x40, 0x37, 0x31, 0x14, 0x4D, 0x26,
  0x04, 0xE3, 0xD8, 0x10, 0xC6, 0xBD, 0xCC, 0x52, 0x1E, 0x23,
  0x8D, 0x16, 0x2D, 0xFF, 0xFE, 0xCF, 0xE7, 0x2C, 0x11, 0xA4,
  0x35, 0xFE, 0xFC, 0x1E, 0xC0, 0x9C, 0x03, 0x32, 0xF3, 0xB9,
  0x22, 0xEF, 0x28, 0xE6, 0x39, 0xF4, 0xE9, 0x5C, 0x0D, 0x1A,
  0xF3, 0x2B, 0x6C, 0x49, 0x24, 0x32, 0xE8, 0x06, 0x5F, 0x16,
  0x1E, 0xE4, 0x23, 0xE6, 0xE4, 0x2E, 0x81, 0xE9, 0xD7, 0x0D,
  0x18, 0x18, 0xE5, 0xDC, 0x30, 0x0A, 0x4E, 0xDF, 0xE4, 0x8F,
  0xE3, 0xD9, 0xC7, 0xA7, 0xED, 0x38, 0xFC, 0xBE, 0x08, 0x08,
  0xDF, 0x0D, 0xD5, 0x96, 0xE4, 0xCA, 0x0A, 0xD7, 0x13, 0x01,
  0x1D, 0x46, 0xF1, 0x21, 0x1F, 0x2D, 0x00, 0xE8, 0xD8, 0x42,
  0x1B, 0x39, 0xDE, 0x19, 0x25, 0xF9, 0x1C, 0x03, 0x12, 0x0A,
  0x45, 0x44, 0x41, 0x38, 0xF7, 0xDE, 0xEF, 0xE3, 0xE7, 0xBB,
  0xB8, 0xD8, 0xDF, 0xE3, 0xDD, 0x2F, 0x36, 0x23, 0xD0, 0xE9,
  0xCE, 0xFC, 0xEF, 0xCD, 0xEB, 0xF8, 0x2A, 0xFA, 0xC9, 0x16,
  0x07, 0x15, 0xFE, 0xB8, 0x05, 0x10, 0x0D, 0x21, 0xCD, 0xE5,
  0xDB, 0x2D, 0xC8, 0xBB, 0x02, 0x0D, 0x3A, 0xF2, 0x12, 0xEB,
  0x13, 0xE2, 0x40, 0x04, 0xF0, 0x1C, 0xF8, 0x30, 0x25, 0x03,
  0x16, 0x27, 0xD2, 0xF3, 0xFF, 0x32, 0x02, 0x2A, 0x3D, 0xFD,
  0xF2, 0x22, 0x40, 0xEE, 0x22, 0xD7, 0xE4, 0x18, 0x0B, 0x1E,
  0x2B, 0xEA, 0x05, 0x4C, 0x48, 0xFD, 0x42, 0x20, 0x06, 0xF4,
  0x0C, 0xE4, 0xDD, 0x02, 0x2A, 0x16, 0xD8, 0xF0, 0x10, 0x12,
  0xEB, 0xE9, 0xB2, 0x0C, 0x12, 0x0F, 0x24, 0x37, 0xF4, 0x16,
  0x0F, 0xF8, 0x31, 0xDC, 0x32, 0x32, 0x0B, 0xE0, 0xFE, 0xDE,
  0xFB, 0x0B, 0x13, 0x04, 0xF1, 0x01, 0xE0, 0xF1, 0x33, 0xF5,
  0x3B, 0xF8, 0x3C, 0x15, 0xE9, 0xF0, 0x2C, 0x06, 0x34, 0xD1,
  0xE1, 0x08, 0x07, 0x11, 0xC9, 0xFD, 0x3A, 0x46, 0x1A, 0xBF,
  0x23, 0x00, 0x02, 0xF1, 0x16, 0x13, 0x03, 0x10, 0x22, 0xDD,
  0xEC, 0x46, 0x1D, 0x09, 0xFE, 0x42, 0xF4, 0x20, 0x24, 0xE1,
  0x3C, 0x3B, 0xD2, 0xEC, 0xCE, 0x50, 0x10, 0x2B, 0x1F, 0x1D,
  0xDE, 0x16, 0x1F, 0xDD, 0x25, 0xFC, 0x3E, 0x24, 0xDC, 0xCC,
  0xF3, 0x34, 0x1F, 0x0D, 0xEB, 0x10, 0x1C, 0x26, 0xEB, 0x0D,
  0xF1, 0x3A, 0x45, 0x11, 0xFF, 0xE7, 0xF5, 0x41, 0xEC, 0x0A,
  0xF4, 0x09, 0x1B, 0xFF, 0x09, 0x03, 0x08, 0x1C, 0xED, 0xC9,
  0xDD, 0x25, 0xF1, 0x1F, 0x58, 0x68, 0xF8, 0x2B, 0x21, 0x08,
  0x39, 0xCF, 0x03, 0xF5, 0x55, 0x51, 0xE9, 0x2B, 0xD8, 0x50,
  0xF9, 0xF7, 0xFE, 0x25, 0xE8, 0x34, 0xF3, 0xEB, 0x1E, 0x2E,
  0x4F, 0xE0, 0xEB, 0x20, 0x4E, 0x13, 0x1E, 0x11, 0x30, 0x5F,
  0xD7, 0x1C, 0x28, 0x30, 0x29, 0x57, 0xF1, 0x61, 0x21, 0x4A,
  0xDF, 0x04, 0x3D, 0x1F, 0xEC, 0xCD, 0xD1, 0x51, 0x4B, 0x1F,
  0xE2, 0xDA, 0x37, 0x42, 0x38, 0x05, 0x34, 0x29, 0xDC, 0xEB,
  0x22, 0xFF, 0xF3, 0x36, 0x0B, 0x36, 0xBE, 0xDC, 0xEB, 0x26,
  0x02, 0x33, 0xFB, 0xF3, 0x0A, 0x44, 0x0A, 0x3F, 0xD8, 0xF9,
  0x2F, 0xEA, 0x1D, 0x12, 0x04, 0x54, 0xD7, 0xDC, 0xC5, 0x17,
  0xBC, 0xD3, 0xE7, 0xC2, 0xCE, 0x1A, 0xF4, 0x08, 0xD2, 0x32,
  0x1E, 0x08, 0x2C, 0x0A, 0x27, 0x03, 0xEC, 0xEF, 0x59, 0xF9,
  0xF3, 0x08, 0xDD, 0xBA, 0x06, 0x47, 0xBF, 0x0D, 0xD9, 0xE4,
  0x3A, 0xF8, 0x12, 0x20, 0xE7, 0x12, 0x32, 0xC7, 0x20, 0xBD,
  0xE5, 0x46, 0x05, 0x0A, 0x28, 0x3E, 0xD3, 0xCC, 0x34, 0x05,
  0x3F, 0xEA, 0x25, 0x20, 0x21, 0x15, 0xF8, 0x2C, 0x35, 0x06,
  0x58, 0x06, 0x26, 0xFF, 0x21, 0x06, 0x3C, 0x1B, 0xFE, 0x16,
  0xE4, 0x2B, 0x4F, 0x1C, 0xEF, 0x0D, 0x39, 0x3D, 0x0A, 0xE9,
  0x3A, 0xF9, 0xBB, 0x2A, 0xE1, 0xFF, 0x2D, 0xC0, 0xD2, 0x16,
  0x3E, 0xF9, 0x03, 0xFF, 0x13, 0x11, 0xF4, 0x07, 0xA3, 0xFB,
  0x05, 0xA8, 0x1A, 0xE6, 0xF4, 0x3F, 0xEC, 0xBB, 0x17, 0xF8,
  0x3A, 0xBF, 0xF2, 0xFE, 0x29, 0xEB, 0x33, 0x35, 0x2D, 0x34,
  0x14, 0x43, 0xCB, 0x46, 0x17, 0x44, 0xE0, 0x1C, 0xFB, 0x40,
  0x53, 0x2F, 0x4B, 0xE9, 0xD1, 0xEF, 0x15, 0xEA, 0xCF, 0xD1,
  0xDE, 0xF8, 0x02, 0x0A, 0x4A, 0xE1, 0x33, 0x12, 0x15, 0x05,
  0x16, 0xB8, 0x12, 0x3A, 0x11, 0xC3, 0xB0, 0x11, 0xE2, 0xCF,
  0x05, 0xED, 0xFB, 0x4D, 0xFD, 0xE6, 0xFF, 0xD8, 0x29, 0xED,
  0x15, 0x11, 0x38, 0xDC, 0x24, 0xF4, 0xF2, 0x3A, 0xFB, 0xF4,
  0xDA, 0x2A, 0xF7, 0x00, 0x32, 0x14, 0xEF, 0x33, 0x27, 0x17,
  0x25, 0xFF, 0xEB, 0xEA, 0x10, 0x24, 0x00, 0xE9, 0xF0, 0x3B,
  0x12, 0xD7, 0xBC, 0x2B, 0xEA, 0xF1, 0x2E, 0x2A, 0x42, 0xF5,
  0xDC, 0x2C, 0x2D, 0xEC, 0xD0, 0xA8, 0xF0, 0xD8, 0x35, 0x04,
  0x12, 0x41, 0xE4, 0xE5, 0xDA, 0x3E, 0x02, 0xF8, 0xEB, 0xCF,
  0x45, 0xF0, 0x2B, 0x05, 0x0B, 0xF3, 0xEC, 0xE4, 0x47, 0xFD,
  0xBE, 0xE5, 0xEC, 0xD6, 0xD4, 0x17, 0x05, 0x05, 0x0F, 0x28,
  0x1D, 0x34, 0xF8, 0x35, 0xDA, 0x48, 0x3E, 0x49, 0x17, 0x1E,
  0xE3, 0x0F, 0xF4, 0xBB, 0x15, 0xEA, 0x06, 0xA6, 0xE4, 0xED,
  0x26, 0xE7, 0xE4, 0x2B, 0x27, 0x47, 0xC4, 0x36, 0xF8, 0xE5,
  0xE0, 0x38, 0xE2, 0xEE, 0xBB, 0x1B, 0xE7, 0xFC, 0xD4, 0x20,
  0x95, 0xFE, 0x18, 0xB5, 0xDE, 0x11, 0x27, 0x2C, 0x0E, 0xCB,
  0x2D, 0xF0, 0xFA, 0xFF, 0x05, 0xDA, 0x05, 0xF0, 0x26, 0x17,
  0xD5, 0x47, 0xD9, 0x24, 0xE9, 0xCD, 0x15, 0x0A, 0xE0, 0x2D,
  0x3F, 0x3E, 0x14, 0x2C, 0xFC, 0x11, 0x0D, 0x2D, 0x0C, 0xFA,
  0xAC, 0xEC, 0x02, 0x15, 0x3B, 0xFE, 0xF1, 0x0D, 0xFC, 0x4F,
  0x39, 0x2E, 0x21, 0x1E, 0x1D, 0xDE, 0xEE, 0x1A, 0x3A, 0x26,
  0x1C, 0x38, 0xBD, 0x3A, 0xF9, 0xF0, 0xD3, 0xD3, 0x30, 0xE7,
  0x45, 0xFD, 0x13, 0x30, 0x15, 0xE7, 0x3B, 0x03, 0xD8, 0xD4,
  0xCD, 0xEF, 0xD9, 0x04, 0x3E, 0x2A, 0xD5, 0x29, 0xDD, 0xF2,
  0x1D, 0x2D, 0xF1, 0x1F, 0xE0, 0xD4, 0x51, 0x17, 0x12, 0xCB,
  0xEC, 0xD9, 0xFB, 0xD9, 0xFB, 0xE2, 0x29, 0x1F, 0x12, 0xBD,
  0xDD, 0x2E, 0x0B, 0x17, 0x0C, 0x2E, 0x0D, 0x0A, 0x26, 0x3B,
  0x15, 0x21, 0xF7, 0xC9, 0xD7, 0xEE, 0x31, 0xF3, 0x1C, 0x08,
  0xEB, 0x48, 0xB8, 0xC7, 0x12, 0xD6, 0x22, 0xE4, 0xD6, 0xE4,
  0xF8, 0xE4, 0x1A, 0x11, 0xFC, 0xCC, 0xF2, 0x06, 0xDF, 0xF2,
  0xF8, 0x0F, 0xF4, 0x14, 0xFD, 0xE5, 0x01, 0x0F, 0xD5, 0xF4,
  0xF5, 0x18, 0x37, 0xF8, 0x2D, 0x4A, 0xE5, 0x38, 0x15, 0x18,
  0x1A, 0xEA, 0xE9, 0xF0, 0x0B, 0xF8, 0xF9, 0xFE, 0xE3, 0xFC,
  0x29, 0x48, 0x15, 0x0B, 0x0C, 0xC9, 0xFE, 0x05, 0x36, 0xCD,
  0x3B, 0x33, 0x10, 0x38, 0x36, 0x4F, 0x0D, 0x24, 0x2A, 0x41,
  0x0C, 0x25, 0xEB, 0x11, 0xED, 0x38, 0x32, 0x4F, 0xD4, 0x0C,
  0x29, 0x0C, 0x21, 0xC0, 0x04, 0xF0, 0x2B, 0x0B, 0xCE, 0x10,
  0xE1, 0x03, 0x36, 0x0E, 0xC2, 0xE9, 0x0D, 0x27, 0x50, 0xFB,
  0x08, 0x56, 0x3B, 0x19, 0x34, 0x03, 0xD7, 0x50, 0xFE, 0x29,
  0xF7, 0xB9, 0xCD, 0x30, 0xFF, 0xD9, 0x0D, 0x28, 0xED, 0xF5,
  0xFF, 0x59, 0x2C, 0xD8, 0xF5, 0x01, 0xF3, 0x47, 0x17, 0x0A,
  0x5B, 0xF1, 0x28, 0x2B, 0x17, 0x02, 0x2A, 0xDF, 0x25, 0x2B,
  0x0A, 0xE5, 0xE8, 0xE8, 0xD4, 0x22, 0x0A, 0x07, 0x47, 0x21,
  0xF9, 0x4B, 0xD9, 0xEE, 0xF1, 0x27, 0x2A, 0xF4, 0xFF, 0xD9,
  0xC4, 0x0F, 0x28, 0x50, 0xF0, 0x37, 0xDC, 0xF6, 0xF1, 0x14,
  0x1B, 0x32, 0xDD, 0xD8, 0x08, 0xE2, 0xE9, 0x4C, 0xEA, 0x20,
  0x18, 0xE4, 0xEA, 0x22, 0x06, 0x25, 0x25, 0xEA, 0x05, 0x39,
  0x1E, 0x15, 0xF3, 0xF9, 0x46, 0x44, 0x10, 0x07, 0x00, 0x3C,
  0x3C, 0x2A, 0x07, 0x08, 0x19, 0xDB, 0xD3, 0x07, 0xE2, 0x19,
  0x39, 0xD2, 0x41, 0xF3, 0x1B, 0x36, 0xE7, 0xE6, 0xC1, 0xF0,
  0xE0, 0xC7, 0xCE, 0xC2, 0x13, 0x1D, 0x3B, 0x2A, 0xAD, 0x05,
  0xFD, 0x2C, 0x3F, 0x31, 0x06, 0xF7, 0xE3, 0x04, 0x36, 0xBF,
  0xF5, 0x2A, 0xEF, 0x07, 0x0A, 0x00, 0x2D, 0x0B, 0xEF, 0x45,
  0x17, 0x11, 0x1F, 0xED, 0x19, 0x03, 0x1C, 0x4F, 0x45, 0x4A,
  0x02, 0x27, 0x2C, 0x39, 0x39, 0x07, 0xF4, 0x20, 0xD5, 0xE0,
  0x1D, 0x2E, 0xCB, 0x25, 0x22, 0xD6, 0xFB, 0x30, 0xE1, 0x31,
  0xD7, 0xB8, 0xEC, 0x3F, 0x16, 0xC7, 0xCB, 0xF4, 0xED, 0xD1,
  0x05, 0x34, 0xB8, 0x14, 0x26, 0xEA, 0x39, 0x38, 0x28, 0x3F,
  0x1D, 0x3F, 0x28, 0xB1, 0xC0, 0x32, 0x11, 0x37, 0x40, 0x0B,
  0x3D, 0x4B, 0xF5, 0xFF, 0xEA, 0x46, 0x1E, 0xF4, 0x30, 0xE6,
  0xD8, 0x39, 0xEF, 0x31, 0x1F, 0xE7, 0x09, 0x41, 0xC6, 0xF2,
  0xE4, 0xFD, 0xE2, 0xE5, 0x22, 0x0B, 0x19, 0xCD, 0xF4, 0x3B,
  0xFB, 0x09, 0x41, 0x0C, 0x44, 0x1D, 0xF7, 0xCA, 0x21, 0x23,
  0x12, 0x4C, 0xFF, 0xE4, 0xED, 0x18, 0xD9, 0x1B, 0x41, 0xE2,
  0xDD, 0xFF, 0xE1, 0xC1, 0xDC, 0xF1, 0x1A, 0x54, 0x20, 0xE7,
  0x5C, 0x13, 0x0B, 0xC8, 0x37, 0x46, 0xFB, 0x04, 0x21, 0xEC,
  0xDD, 0xCF, 0x16, 0xE5, 0x28, 0x1B, 0xF2, 0x2B, 0xC0, 0x19,
  0xEC, 0xF1, 0xEF, 0x08, 0xF3, 0x04, 0x02, 0x17, 0x48, 0xEA,
  0x2C, 0xFE, 0x2D, 0x07, 0xD3, 0xB3, 0x16, 0xFF, 0x0F, 0xEF,
  0xBA, 0xF8, 0xD3, 0x43, 0xE9, 0xD8, 0x2B, 0x24, 0xE2, 0xE8,
  0x43, 0x0E, 0xF8, 0xD4, 0xC2, 0xE3, 0xEA, 0xE1, 0x0B, 0x2C,
  0x27, 0xED, 0x31, 0xDE, 0xFF, 0x13, 0x20, 0xD3, 0x00, 0x26,
  0x60, 0xEF, 0x31, 0xE9, 0x1A, 0x08, 0x56, 0x41, 0x43, 0x18,
  0xEA, 0xEE, 0xEA, 0xDB, 0x26, 0xE9, 0xF2, 0xD8, 0xF3, 0x34,
  0x03, 0x40, 0xFF, 0x09, 0x09, 0xE0, 0x1A, 0xFF, 0x08, 0xD3,
  0x40, 0x43, 0xE1, 0xCA, 0x1C, 0xE7, 0xF2, 0x32, 0xB6, 0xE6,
  0xE0, 0x35, 0x29, 0xF7, 0xC9, 0x21, 0x64, 0xF8, 0xE7, 0x29,
  0x0F, 0x34, 0x3C, 0xEB, 0x1F, 0xEC, 0x02, 0x0E, 0xDB, 0x33,
  0x3B, 0x2A, 0x31, 0x0F, 0x2C, 0xF9, 0x21, 0xE6, 0x3B, 0x10,
  0x47, 0xE2, 0x1B, 0x21, 0x3A, 0xEC, 0x0E, 0xF0, 0x1C, 0x02,
  0xE9, 0xD8, 0x25, 0x56, 0xE5, 0xC2, 0xF6, 0x40, 0x03, 0xFB,
  0xEE, 0x0A, 0xE3, 0x0B, 0xFB, 0x0A, 0xF3, 0xF9, 0x13, 0xDC,
  0x0E, 0xE8, 0x26, 0xE3, 0x1C, 0x11, 0x27, 0xD1, 0xF3, 0x13,
  0x5B, 0x07, 0x05, 0xFF, 0xD0, 0x0B, 0xE8, 0x28, 0x21, 0x0E,
  0x02, 0xF1, 0x18, 0x15, 0xDA, 0x03, 0x56, 0x43, 0x58, 0x16,
  0x0F, 0x52, 0x1A, 0x24, 0x39, 0xF7, 0xF1, 0xFF, 0xF5, 0x2B,
  0xFD, 0xE7, 0xDA, 0x34, 0x11, 0x07, 0x2D, 0x2F, 0x2C, 0x17,
  0x1B, 0x44, 0xDD, 0x1D, 0x41, 0xF5, 0x28, 0x23, 0x13, 0x30,
  0xDC, 0x1C, 0xE3, 0xF4, 0xC2, 0xDA, 0x18, 0x0A, 0xF4, 0x20,
  0x16, 0xCA, 0x04, 0xF8, 0xFE, 0xD6, 0x38, 0xDD, 0x37, 0xD0,
  0x07, 0xCE, 0x0F, 0x2A, 0xEB, 0x20, 0x27, 0x10, 0x31, 0xF4,
  0x0F, 0x37, 0x0B, 0xB6, 0x01, 0x21, 0xCE, 0xD5, 0x3D, 0xEC,
  0x0B, 0x07, 0xC4, 0xDB, 0xD8, 0x15, 0x1D, 0xE2, 0xD2, 0xF3,
  0x0D, 0x06, 0x49, 0x1D, 0x21, 0x2A, 0x11, 0x2B, 0x18, 0xFE,
  0xEF, 0xFF, 0x03, 0x27, 0xF6, 0x28, 0xDC, 0xB7, 0xE2, 0x07,
  0xEB, 0x22, 0x3D, 0xE5, 0xAF, 0xBD, 0x4B, 0xCD, 0x24, 0xC2,
  0xD2, 0xEA, 0xE2, 0x3B, 0x21, 0x3E, 0x39, 0x3D, 0x24, 0xC2,
  0x02, 0xA7, 0xC6, 0x4E, 0x0A, 0xC1, 0xBB, 0xD7, 0x05, 0xDB,
  0x31, 0xD5, 0xDF, 0x12, 0x26, 0xA8, 0x2F, 0xD6, 0xEF, 0x3B,
  0xC0, 0xCA, 0x28, 0x3A, 0x09, 0xB8, 0xE2, 0x2F, 0x49, 0xCC,
  0x37, 0x0A, 0xBE, 0x2C, 0x15, 0x1C, 0xE8, 0xED, 0x56, 0x4E,
  0xF5, 0x30, 0xFA, 0xF9, 0x0A, 0xF9, 0x0B, 0x18, 0x08, 0x00,
  0x20, 0x0C, 0xC6, 0x21, 0xCE, 0x37, 0x25, 0x35, 0x00, 0xD1,
  0xC9, 0x24, 0x1A, 0x02, 0x2F, 0x6C, 0x4F, 0x26, 0x33, 0x1F,
  0x2D, 0x26, 0xDF, 0x02, 0x13, 0x3F, 0x64, 0x02, 0xDF, 0x50,
  0x08, 0xD2, 0xF6, 0xD7, 0x38, 0x3E, 0xDC, 0xD1, 0xD3, 0x30,
  0x0C, 0xF3, 0x3D, 0xEA, 0x02, 0xD1, 0xD1, 0xDE, 0xF6, 0x28,
  0x43, 0x0B, 0x39, 0xD3, 0x26, 0xD1, 0x26, 0xF6, 0xE6, 0x25,
  0x36, 0x16, 0x38, 0x00, 0xF8, 0xF1, 0x3D, 0x51, 0x45, 0xCA,
  0xCC, 0xE2, 0x30, 0x2C, 0x25, 0x25, 0x07, 0x40, 0x40, 0x16,
  0x3F, 0xD1, 0x42, 0x59, 0x56, 0xD3, 0x23, 0x18, 0xFE, 0xFE,
  0x1F, 0xD4, 0xFD, 0x4E, 0x01, 0x29, 0xD4, 0x0C, 0xCF, 0xF6,
  0xF1, 0x07, 0x3C, 0xFC, 0xF1, 0x3A, 0x2E, 0x49, 0x30, 0xE4,
  0x44, 0x25, 0xF9, 0xB4, 0x13, 0x0D, 0xD7, 0x0C, 0xA9, 0xF4,
  0xC5, 0x38, 0xD7, 0xAE, 0xDF, 0x23, 0x23, 0xFB, 0xFC, 0xDA,
  0x07, 0xC0, 0x1C, 0x04, 0x48, 0x16, 0x20, 0xEE, 0x13, 0xE3,
  0xEE, 0xC1, 0x45, 0xEC, 0xFA, 0x2A, 0x12, 0x02, 0x0A, 0x03,
  0xD8, 0xF9, 0xC2, 0x0E, 0x04, 0xF4, 0xD7, 0x12, 0xE4, 0x01,
  0xE2, 0xE8, 0x07, 0x0C, 0x0C, 0x30, 0x21, 0x33, 0x3D, 0xD0,
  0x2C, 0xDD, 0x41, 0xCD, 0x1D, 0xEC, 0xD5, 0x05, 0x39, 0x0A,
  0x14, 0xE6, 0xFB, 0xD6, 0xF9, 0x41, 0x1B, 0xE9, 0x21, 0xDE,
  0xE3, 0xD4, 0x2C, 0xF5, 0x27, 0x1A, 0x19, 0xF8, 0xF5, 0x2B,
  0x2A, 0xED, 0x31, 0x19, 0x46, 0xD0, 0xBC, 0x22, 0x43, 0x0C,
  0x3A, 0xE6, 0x33, 0xB6, 0xCF, 0x05, 0x0A, 0xEE, 0x43, 0x43,
  0x33, 0x55, 0xCD, 0xD0, 0xCD, 0xE5, 0xF4, 0x05, 0xC9, 0xFE,
  0xEE, 0x21, 0xFC, 0xC9, 0xFB, 0xAD, 0xCB, 0x0A, 0xBC, 0x01,
  0xF5, 0xD1, 0x31, 0xCD, 0xED, 0x2D, 0x04, 0x1E, 0x15, 0x19,
  0x25, 0x48, 0xDB, 0xE1, 0x4E, 0x2E, 0x22, 0x52, 0x29, 0x27,
  0xD2, 0x03, 0x99, 0xC6, 0xE8, 0x00, 0xE8, 0x1D, 0x0F, 0x26,
  0xCD, 0x0B, 0x0A, 0xE1, 0xF4, 0x2A, 0x31, 0x21, 0x07, 0x38,
  0xE4, 0x00, 0xE3, 0xE0, 0xCF, 0xDF, 0x15, 0x35, 0x51, 0x1D,
  0xF8, 0xF5, 0x30, 0x2A, 0x2A, 0xDF, 0xC7, 0xE0, 0xE1, 0xFE,
  0xE1, 0xC1, 0xFD, 0x5C, 0x31, 0x39, 0xD4, 0x32, 0xDB, 0x43,
  0x14, 0x52, 0x15, 0x24, 0x1A, 0x0B, 0xEA, 0xB6, 0xEF, 0x0D,
  0xBC, 0x90, 0xBB, 0xB8, 0x0A, 0x11, 0x07, 0x1B, 0xD6, 0x00,
  0x29, 0x3E, 0xC3, 0xFA, 0xF8, 0x43, 0x33, 0x34, 0xF1, 0x51,
  0x51, 0xEA, 0xBF, 0xFC, 0xFB, 0xFE, 0x12, 0xD7, 0xED, 0x3C,
  0xEC, 0xF6, 0x21, 0x12, 0x29, 0x02, 0xE1, 0xEC, 0xF6, 0x3C,
  0x0A, 0xCA, 0xFE, 0x09, 0xEF, 0x04, 0xDF, 0x0D, 0xE7, 0x40,
  0xEE, 0x07, 0x1C, 0x0D, 0xFE, 0xF8, 0xF3, 0xF5, 0x14, 0x15,
  0xE4, 0xD3, 0x1E, 0xF5, 0x0B, 0x2C, 0x06, 0x13, 0x3B, 0x03,
  0xF7, 0x1D, 0x2A, 0x0B, 0x06, 0xE5, 0x18, 0x20, 0x0D, 0x0E,
  0xE4, 0x00, 0xEA, 0xCC, 0x10, 0x26, 0x14, 0xB6, 0x45, 0x3B,
  0x21, 0xFC, 0x36, 0xF5, 0x08, 0x0B, 0xD4, 0x1D, 0x12, 0xE5,
  0x23, 0xDD, 0xEA, 0xFB, 0xD4, 0x43, 0x17, 0x14, 0xF6, 0x08,
  0xF4, 0xDA, 0x40, 0x30, 0x24, 0xEA, 0xF1, 0x24, 0x11, 0xE5,
  0x18, 0x1B, 0x08, 0x28, 0x00, 0x3C, 0x04, 0x0A, 0x13, 0x1A,
  0xD7, 0x37, 0x23, 0x41, 0xF9, 0x29, 0x33, 0x3E, 0xC9, 0xF2,
  0x25, 0x02, 0xDE, 0xB0, 0xAA, 0x28, 0x10, 0xE0, 0xBB, 0x28,
  0xFF, 0x2B, 0x30, 0x2B, 0xCE, 0xF3, 0x1D, 0xDF, 0x29, 0xD0,
  0xFF, 0x10, 0xC0, 0xDF, 0xE5, 0xD6, 0x1A, 0xB9, 0x36, 0x2B,
  0xDA, 0x1B, 0x1D, 0x18, 0xDA, 0x2A, 0x2F, 0x40, 0xD0, 0x06,
  0x30, 0x01, 0x34, 0x05, 0x07, 0x36, 0x17, 0x2D, 0xFB, 0xD8,
  0x16, 0x20, 0x28, 0x00, 0x9E, 0xF5, 0x1D, 0x00, 0xEC, 0x24,
  0xF3, 0xCE, 0xF2, 0x06, 0xEE, 0x36, 0xF1, 0xFE, 0x0C, 0x0B,
  0x35, 0x4D, 0x04, 0x15, 0xFE, 0xEA, 0xE3, 0xFF, 0x21, 0x35,
  0x17, 0x0C, 0x1C, 0x23, 0xE8, 0x0B, 0xE5, 0xEB, 0x3C, 0x15,
  0x4C, 0x2D, 0x0E, 0x36, 0x21, 0xF5, 0xE3, 0xEB, 0x49, 0xDD,
  0x10, 0xEC, 0xF9, 0x3B, 0xC1, 0xDF, 0xF3, 0xFC, 0x11, 0xFD,
  0x08, 0xD4, 0xCD, 0xE8, 0xFC, 0x36, 0xEB, 0x27, 0xF7, 0x16,
  0x17, 0x21, 0x4C, 0xDC, 0x2F, 0x1B, 0x26, 0x03, 0x07, 0x08,
  0x29, 0x9A, 0x12, 0x22, 0x0B, 0x02, 0xB7, 0xF1, 0x13, 0x27,
  0x0C, 0x34, 0xA3, 0x05, 0x10, 0xA9, 0xE9, 0xBD, 0xF6, 0x04,
  0xCA, 0xFC, 0x11, 0x38, 0x1D, 0xB7, 0x32, 0xE2, 0x4E, 0x25,
  0x0F, 0x24, 0x1A, 0x3B, 0xC8, 0x2E, 0x05, 0xD8, 0x11, 0x57,
  0xF6, 0xDE, 0x30, 0xF3, 0x22, 0x0B, 0x48, 0x3E, 0xC8, 0x0F,
  0x25, 0xF3, 0xDE, 0x2F, 0xEE, 0x18, 0x34, 0x1D, 0x10, 0x11,
  0x26, 0x29, 0x15, 0xD0, 0x15, 0x04, 0x39, 0x04, 0x30, 0x15,
  0xE7, 0xDF, 0xE3, 0xFB, 0xF5, 0x03, 0x22, 0x29, 0x14, 0x0E,
  0xFF, 0x17, 0xB2, 0x44, 0x1A, 0xDD, 0x29, 0x00, 0x3A, 0xD6,
  0x34, 0x08, 0x0D, 0x51, 0x39, 0xED, 0x05, 0xC9, 0xDF, 0xB4,
  0x3F, 0x5D, 0xB2, 0xEA, 0xA3, 0x08, 0x06, 0xED, 0xF2, 0xCE,
  0xF5, 0x25, 0xEA, 0xFC, 0x33, 0xF5, 0x1E, 0x15, 0xF1, 0xE7,
  0x24, 0x2D, 0x08, 0x15, 0x2B, 0xD5, 0x08, 0xC5, 0x10, 0x44,
  0x00, 0x03, 0x41, 0x13, 0x56, 0x1E, 0x3A, 0x26, 0xD8, 0xCA,
  0x4E, 0xEE, 0xD9, 0x45, 0x37, 0x0D, 0x25, 0x18, 0x02, 0xEC,
  0x34, 0xF7, 0x18, 0xE7, 0xD4, 0x1B, 0xF0, 0x2B, 0x20, 0xEF,
  0x4F, 0x00, 0x04, 0xE4, 0xDC, 0x03, 0xCC, 0x00, 0xC3, 0xF3,
  0xC9, 0xF8, 0x26, 0xD3, 0xFB, 0x2A, 0x0D, 0xDB, 0xE5, 0x28,
  0x17, 0x34, 0x31, 0xFF, 0xF8, 0xF3, 0xF7, 0x1A, 0x22, 0xC6,
  0xF0, 0xD7, 0xFD, 0x26, 0x2F, 0x2E, 0xBA, 0x17, 0x33, 0x04,
  0xC8, 0x2E, 0xCB, 0x01, 0x09, 0x19, 0xE1, 0x0C, 0x1C, 0xC8,
  0xE1, 0x2E, 0xEE, 0xEB, 0xE2, 0x16, 0xFC, 0x03, 0xCD, 0xF7,
  0x34, 0xE1, 0xCA, 0xC8, 0xF6, 0xEF, 0xE6, 0x34, 0x14, 0xD1,
  0x06, 0x32, 0x27, 0x15, 0x4C, 0xDE, 0x46, 0x2B, 0x08, 0x38,
  0xC0, 0xBD, 0x35, 0x00, 0x2D, 0x2C, 0xEF, 0x24, 0x9F, 0x0E,
  0x10, 0x21, 0x12, 0x14, 0x1E, 0x13, 0x38, 0x2D, 0x37, 0xCD,
  0x54, 0xEF, 0x27, 0x0A, 0x30, 0xDD, 0x3C, 0x07, 0x1D, 0x44,
  0xF1, 0x2D, 0x23, 0x3E, 0x20, 0xE0, 0x2A, 0xE3, 0x2F, 0x0F,
  0xE6, 0x14, 0x17, 0xDB, 0xD2, 0x44, 0x23, 0x3F, 0x52, 0xC4,
  0x15, 0xE3, 0x00, 0xF2, 0xC9, 0xCC, 0x0B, 0xF1, 0x0F, 0x1C,
  0xB5, 0xC9, 0xC6, 0xEB, 0x1E, 0x16, 0x0B, 0xF6, 0x43, 0xF1,
  0x0A, 0x39, 0x2E, 0xD9, 0x2A, 0xDA, 0x3A, 0xBE, 0xCB, 0xE4,
  0x25, 0xEE, 0x3A, 0xF0, 0xF4, 0xED, 0xF4, 0x1A, 0x44, 0x1F,
  0x4C, 0x58, 0x1A, 0x19, 0x3F, 0xDE, 0xF5, 0xDD, 0x28, 0x25,
  0x00, 0x29, 0x1E, 0x45, 0xD6, 0xF6, 0x3C, 0x64, 0x3C, 0x0C,
  0x0F, 0x60, 0x0B, 0xF0, 0xEA, 0xF6, 0x3A, 0x0A, 0xEC, 0x02,
  0x30, 0xE5, 0x24, 0x1E, 0xF6, 0x51, 0xDF, 0x57, 0x1A, 0xE7,
  0x59, 0x4C, 0x3E, 0xFF, 0x07, 0x3B, 0x02, 0x4A, 0x2E, 0x23,
  0xEC, 0xE3, 0x1D, 0xED, 0x02, 0x0F, 0xF4, 0xE9, 0x2B, 0xDF,
  0xF3, 0xD4, 0xDC, 0x53, 0xF7, 0x17, 0xE5, 0xBE, 0x06, 0xCF,
  0xF9, 0xFA, 0xF3, 0x2D, 0xFD, 0x19, 0xF9, 0x24, 0x1A, 0x27,
  0x0D, 0x0F, 0x42, 0x09, 0x42, 0xF3, 0x17, 0x46, 0x0B, 0x12,
  0x08, 0xE6, 0x47, 0x12, 0x20, 0x10, 0x38, 0x34, 0x51, 0x45,
  0x09, 0x41, 0xC2, 0xF1, 0x35, 0xF6, 0xED, 0xC6, 0x21, 0xE1,
  0x07, 0x31, 0x07, 0x01, 0x35, 0x31, 0x1E, 0xDC, 0xCF, 0x41,
  0x1A, 0x0E, 0x06, 0xD3, 0x43, 0xAE, 0xE6, 0x06, 0x51, 0xD6,
  0xFC, 0x3F, 0x2C, 0x30, 0xC8, 0x0E, 0xCF, 0xF1, 0xF3, 0x21,
  0xC6, 0xD2, 0x21, 0x1F, 0x2F, 0xF6, 0xFC, 0xE2, 0xDD, 0xD3,
  0xCF, 0x4C, 0x26, 0xE2, 0xDA, 0xE1, 0x38, 0xFF, 0x2A, 0x0A,
  0x04, 0x04, 0x34, 0x1E, 0x24, 0xE6, 0x08, 0x23, 0xE7, 0x52,
  0x25, 0x13, 0xE9, 0xF9, 0xEA, 0xFF, 0x1D, 0xFA, 0xFD, 0xEA,
  0x0E, 0xB7, 0x54, 0xAB, 0xFF, 0xFF, 0x58, 0xAB, 0xFF, 0xFF,
  0x5C, 0xAB, 0xFF, 0xFF, 0xDA, 0xC2, 0xFF, 0xFF, 0x04, 0x00,
  0x00, 0x00, 0x00, 0x01, 0x00, 0x00, 0xCE, 0xF7, 0xFF, 0xFF,
  0x0A, 0xD8, 0xFF, 0xFF, 0xDC, 0xDB, 0xFF, 0xFF, 0x68, 0xF5,
  0xFF, 0xFF, 0xC9, 0x0E, 0x00, 0x00, 0x9D, 0x07, 0x00, 0x00,
  0x2E, 0xE8, 0xFF, 0xFF, 0xCC, 0x08, 0x00, 0x00, 0xDE, 0x0E,
  0x00, 0x00, 0x8C, 0xFD, 0xFF, 0xFF, 0x5B, 0x03, 0x00, 0x00,
  0xF8, 0xD9, 0xFF, 0xFF, 0x2F, 0xEF, 0xFF, 0xFF, 0xEA, 0xF5,
  0xFF, 0xFF, 0x2E, 0x27, 0x00, 0x00, 0x72, 0xE8, 0xFF, 0xFF,
  0x62, 0x11, 0x00, 0x00, 0x99, 0x14, 0x00, 0x00, 0x3E, 0xE2,
  0xFF, 0xFF, 0x67, 0x12, 0x00, 0x00, 0x1B, 0xD0, 0xFF, 0xFF,
  0xAF, 0xB5, 0xFF, 0xFF, 0x37, 0x31, 0x00, 0x00, 0x32, 0x29,
  0x00, 0x00, 0x32, 0x17, 0x00, 0x00, 0x0F, 0xD3, 0xFF, 0xFF,
  0xF9, 0x02, 0x00, 0x00, 0x3F, 0x24, 0x00, 0x00, 0x25, 0xFE,
  0xFF, 0xFF, 0xA0, 0x0A, 0x00, 0x00, 0x6F, 0x04, 0x00, 0x00,
  0x04, 0x22, 0x00, 0x00, 0x0C, 0x06, 0x00, 0x00, 0x96, 0x01,
  0x00, 0x00, 0x9F, 0x10, 0x00, 0x00, 0xE7, 0xF1, 0xFF, 0xFF,
  0x34, 0xD0, 0xFF, 0xFF, 0x04, 0x16, 0x00, 0x00, 0xC8, 0xF2,
  0xFF, 0xFF, 0x78, 0xFE, 0xFF, 0xFF, 0xB1, 0xF2, 0xFF, 0xFF,
  0x06, 0x1B, 0x00, 0x00, 0x92, 0xFC, 0xFF, 0xFF, 0x8E, 0x08,
  0x00, 0x00, 0xC0, 0xF3, 0xFF, 0xFF, 0xF2, 0xEE, 0xFF, 0xFF,
  0x9D, 0xFA, 0xFF, 0xFF, 0x3E, 0xF1, 0xFF, 0xFF, 0xA6, 0xF1,
  0xFF, 0xFF, 0xD7, 0x03, 0x00, 0x00, 0x98, 0xEC, 0xFF, 0xFF,
  0x33, 0x03, 0x00, 0x00, 0xAE, 0xD7, 0xFF, 0xFF, 0xC4, 0xFE,
  0xFF, 0xFF, 0x70, 0xE8, 0xFF, 0xFF, 0x00, 0x0F, 0x00, 0x00,
  0x61, 0x62, 0x00, 0x00, 0x75, 0x17, 0x00, 0x00, 0x62, 0x2C,
  0x00, 0x00, 0x04, 0xE3, 0xFF, 0xFF, 0x7E, 0x06, 0x00, 0x00,
  0xEC, 0xF2, 0xFF, 0xFF, 0xC8, 0xFE, 0xFF, 0xFF, 0xBC, 0xEF,
  0xFF, 0xFF, 0xE6, 0xC3, 0xFF, 0xFF, 0x04, 0x00, 0x00, 0x00,
  0x00, 0x38, 0x00, 0x00, 0x00, 0xF9, 0xC3, 0xF9, 0x05, 0xF7,
  0xFE, 0x1A, 0xEC, 0x3E, 0xD9, 0xE6, 0xE1, 0x04, 0xC1, 0xD5,
  0x3C, 0xE1, 0xEB, 0xEC, 0xEA, 0x25, 0x2E, 0xC9, 0x13, 0x2A,
  0xF6, 0x08, 0x12, 0x48, 0xEA, 0x52, 0x14, 0xE9, 0xCF, 0x11,
  0xF1, 0x16, 0x1F, 0x36, 0xE9, 0xD7, 0xDC, 0xCC, 0xEB, 0x1C,
  0xAF, 0x25, 0x53, 0xE7, 0x04, 0x16, 0xFE, 0x22, 0x11, 0xD2,
  0xF3, 0xF7, 0xEB, 0xF8, 0x41, 0x09, 0xF4, 0x33, 0xC6, 0x08,
  0xB1, 0xFD, 0xDB, 0xCA, 0xE3, 0xF0, 0x0D, 0x06, 0xD4, 0x16,
  0x25, 0x30, 0xF4, 0x2B, 0x1D, 0x4E, 0xD1, 0x13, 0xE7, 0x20,
  0xE6, 0x1B, 0x28, 0x0C, 0x12, 0xEE, 0x4B, 0xC9, 0xFC, 0x1F,
  0x28, 0x38, 0xC6, 0xCD, 0x22, 0xD2, 0x25, 0xBB, 0xF9, 0x42,
  0x81, 0xE5, 0x1E, 0x18, 0xE7, 0x15, 0x0D, 0x18, 0xE0, 0xF6,
  0xA7, 0xF9, 0x01, 0xFD, 0xE4, 0xEB, 0xF9, 0x0D, 0xFC, 0x09,
  0xFF, 0x26, 0xED, 0x0E, 0xF7, 0xF0, 0x2B, 0xF5, 0x25, 0xF3,
  0xE5, 0x31, 0xC6, 0xCC, 0x0D, 0x02, 0xE8, 0x0E, 0x12, 0xF9,
  0xEB, 0x08, 0x04, 0xFE, 0x55, 0xED, 0x1B, 0x1B, 0xD0, 0xF1,
  0xFA, 0x0C, 0xFE, 0x16, 0x07, 0xF6, 0xF5, 0xD1, 0xEB, 0xF0,
  0x19, 0xF2, 0x35, 0x35, 0xB5, 0xC2, 0xF7, 0x30, 0x01, 0x48,
  0x33, 0x46, 0xDE, 0x18, 0x1D, 0x30, 0x48, 0xED, 0xD6, 0xF6,
  0xC8, 0xCB, 0xF8, 0x1E, 0xBD, 0xC5, 0xFE, 0x2E, 0x11, 0x25,
  0x0F, 0x15, 0x1F, 0x29, 0x32, 0x32, 0xD0, 0xC9, 0x0E, 0x15,
  0xAD, 0x1C, 0xF5, 0xEF, 0xF4, 0xE1, 0xD7, 0x3A, 0x25, 0x48,
  0xDE, 0xEE, 0xD8, 0x00, 0x05, 0x03, 0x06, 0xC0, 0x10, 0xFF,
  0xB1, 0x12, 0xA7, 0xD2, 0x15, 0xF6, 0x2C, 0x4C, 0x81, 0x1F,
  0xEF, 0xED, 0xCB, 0xA3, 0x3D, 0x1E, 0x1D, 0x0E, 0xE7, 0xD8,
  0xCB, 0xD4, 0xE6, 0x0F, 0xEF, 0xE0, 0xFE, 0x1D, 0xEB, 0x5D,
  0x40, 0xD9, 0x07, 0x07, 0xED, 0xE3, 0x1F, 0x1D, 0x14, 0x4B,
  0x05, 0x09, 0xCA, 0xAD, 0x1C, 0x15, 0x36, 0xE2, 0xF9, 0xD4,
  0x1C, 0x19, 0xF1, 0xC7, 0x20, 0xEB, 0xED, 0x21, 0x06, 0xFF,
  0xBF, 0x30, 0x4E, 0xFD, 0x1F, 0x23, 0x6F, 0xC8, 0xFA, 0xFD,
  0x37, 0x63, 0xB4, 0x20, 0x44, 0xB5, 0x59, 0x23, 0x10, 0x20,
  0xDE, 0x0A, 0x29, 0xF2, 0x0C, 0x21, 0xBF, 0xEB, 0x18, 0x06,
  0x46, 0x2C, 0x0E, 0xC8, 0x4E, 0x24, 0xFA, 0x19, 0x1A, 0xF2,
  0x15, 0xFE, 0x48, 0x14, 0xD7, 0x22, 0x4D, 0xDF, 0xF8, 0x23,
  0x2A, 0x1B, 0xEF, 0x0C, 0xFB, 0x32, 0xE2, 0x15, 0xBB, 0xD7,
  0x44, 0xF5, 0x31, 0x46, 0x0C, 0xC6, 0x15, 0xEB, 0x35, 0xCD,
  0x0B, 0xD7, 0x39, 0xB6, 0x21, 0x0B, 0xCC, 0xF7, 0x0C, 0xA0,
  0xEC, 0x06, 0x24, 0xE9, 0xF8, 0x2D, 0xCE, 0xFE, 0xC7, 0xFC,
  0x9A, 0xCC, 0x24, 0xCD, 0x2D, 0x02, 0xF9, 0xDD, 0xED, 0xD4,
  0x1C, 0x0E, 0x38, 0xDD, 0x45, 0xE5, 0x10, 0x1F, 0xFA, 0x2D,
  0x34, 0xB3, 0xF9, 0xD0, 0x4E, 0xF7, 0xED, 0x1A, 0xE6, 0x10,
  0xF3, 0x00, 0xB2, 0xE3, 0x01, 0xD3, 0xFA, 0xD2, 0xF7, 0x10,
  0x0E, 0x19, 0x22, 0x04, 0x4A, 0xC0, 0x1C, 0xB4, 0x1B, 0xFF,
  0x2A, 0xFC, 0x2D, 0xD1, 0x2C, 0x53, 0x29, 0xE0, 0x14, 0x32,
  0x0E, 0x0F, 0xF8, 0xB9, 0x04, 0xF8, 0xD9, 0x16, 0x5E, 0xF4,
  0x0E, 0x23, 0x1E, 0x09, 0x1A, 0xD4, 0xD1, 0xDE, 0xD9, 0xF4,
  0x1E, 0x1D, 0x82, 0xFB, 0x2C, 0xD7, 0x30, 0x23, 0x41, 0x04,
  0x35, 0xFB, 0xD4, 0xE8, 0x18, 0xB9, 0xF3, 0x57, 0x02, 0xC8,
  0x2E, 0x5B, 0xF0, 0xF5, 0xD8, 0xD9, 0x17, 0xD2, 0x05, 0x9A,
  0xFA, 0xC0, 0x12, 0x67, 0x9D, 0xED, 0x30, 0xBE, 0x04, 0xF7,
  0x1E, 0x11, 0xF1, 0x13, 0x19, 0x36, 0x2B, 0xE9, 0xB9, 0xF4,
  0x1F, 0xE4, 0x56, 0xE7, 0xFC, 0x23, 0xF0, 0x5E, 0x0D, 0x2E,
  0x1B, 0x1E, 0x1F, 0xDE, 0xFE, 0xD2, 0xAF, 0x02, 0x1E, 0xAE,
  0xC6, 0x61, 0x33, 0x33, 0xDF, 0x00, 0xA9, 0xF4, 0x15, 0xC9,
  0xF7, 0xEB, 0xCE, 0xD2, 0x36, 0x1E, 0x06, 0xD8, 0x28, 0x33,
  0x51, 0x20, 0x23, 0xC9, 0x19, 0x8B, 0x64, 0x12, 0xA7, 0x1F,
  0x49, 0x8A, 0x32, 0xF8, 0x5C, 0xEA, 0xC8, 0xDE, 0xD3, 0x03,
  0x08, 0x5F, 0xFC, 0x0E, 0xE2, 0xBB, 0xF9, 0x2C, 0xE6, 0x00,
  0xF1, 0xF1, 0x2D, 0x29, 0xE2, 0x02, 0x14, 0xD6, 0x3E, 0x0D,
  0x9F, 0x50, 0x5D, 0xDF, 0xE4, 0x35, 0x7F, 0xD7, 0x0B, 0x1A,
  0xD8, 0x2D, 0xCA, 0xEC, 0xD1, 0x33, 0x1A, 0x0F, 0x49, 0x04,
  0x29, 0xFC, 0x50, 0x3D, 0x1A, 0x13, 0x43, 0xF0, 0xEC, 0xAE,
  0x0F, 0x21, 0xE1, 0x0D, 0x3F, 0xB0, 0x1E, 0x3C, 0x68, 0x0C,
  0xE8, 0xAC, 0xE2, 0xCA, 0x50, 0xD8, 0x99, 0xBE, 0x94, 0xD2,
  0x30, 0x30, 0xEF, 0xD1, 0x08, 0x39, 0x68, 0x05, 0x12, 0xE1,
  0x3C, 0x03, 0xE2, 0x0C, 0x2C, 0xF1, 0x1E, 0xA3, 0x0D, 0x40,
  0x34, 0xD6, 0xAA, 0x04, 0x4E, 0x00, 0x12, 0xF2, 0xC5, 0xD1,
  0x11, 0x0E, 0x5C, 0xD9, 0xDC, 0xE9, 0x41, 0x14, 0x63, 0xF8,
  0xE9, 0xC6, 0x4A, 0x35, 0xC3, 0x0A, 0xB3, 0x1F, 0x09, 0xF7,
  0xCC, 0x08, 0x13, 0x45, 0xD2, 0xC3, 0xDE, 0xEA, 0xB9, 0xD2,
  0xFC, 0xFF, 0x39, 0xCF, 0xEB, 0x4B, 0x52, 0x45, 0xE8, 0x12,
  0x33, 0xCD, 0xFD, 0xCB, 0x3B, 0x0B, 0xB4, 0x01, 0xEE, 0xFB,
  0xE9, 0xD2, 0xE6, 0x3F, 0x01, 0xF6, 0x14, 0x42, 0x34, 0x6B,
  0x1B, 0x01, 0xBD, 0xD4, 0x22, 0x0C, 0xC2, 0xDC, 0x20, 0x67,
  0x08, 0xF6, 0x44, 0xD2, 0xF0, 0x37, 0x27, 0x3C, 0x0D, 0xE9,
  0xE5, 0x35, 0x02, 0x28, 0xFD, 0xDE, 0x03, 0xF5, 0xFF, 0xE0,
  0x00, 0x5A, 0xFF, 0xDD, 0xD1, 0xD7, 0x37, 0xCA, 0x28, 0x24,
  0xBC, 0x1E, 0x1A, 0x06, 0x72, 0xE4, 0xDA, 0x4E, 0x10, 0x37,
  0xE3, 0x19, 0x1D, 0xDE, 0xD1, 0xAD, 0xE8, 0x42, 0x2C, 0x20,
  0xD2, 0xF1, 0xE2, 0xF8, 0x4A, 0xE0, 0xE5, 0xD3, 0x49, 0xF0,
  0xED, 0x06, 0x2D, 0xD3, 0xFA, 0xE5, 0xA9, 0xEE, 0xE1, 0xF8,
  0xE5, 0xEC, 0x3F, 0x04, 0xE7, 0x10, 0x42, 0xE4, 0xE8, 0xF7,
  0x06, 0xC3, 0x26, 0xD4, 0x0F, 0x3E, 0xEF, 0x09, 0x00, 0xF0,
  0xF1, 0x18, 0xFA, 0x06, 0xDB, 0x62, 0xF8, 0x2A, 0xEA, 0xE4,
  0x97, 0x38, 0xFB, 0x0E, 0x0C, 0x1C, 0x09, 0x4E, 0xF1, 0xF1,
  0xE9, 0xF9, 0x2A, 0x18, 0x7F, 0x2C, 0x0B, 0xF8, 0x1A, 0xFD,
  0x26, 0xB2, 0xE7, 0xFB, 0xEC, 0x14, 0xAA, 0xCD, 0x59, 0xCA,
  0xF0, 0x3B, 0xBB, 0x13, 0xC0, 0xD8, 0x59, 0xF8, 0x18, 0xE5,
  0x50, 0xE7, 0x3D, 0x20, 0xC9, 0x09, 0x56, 0xF6, 0xDE, 0x33,
  0xE1, 0xA3, 0x31, 0x3C, 0xBA, 0xDB, 0xCA, 0xC2, 0xD4, 0x2E,
  0x35, 0x0B, 0xD1, 0x22, 0xD0, 0xFE, 0x24, 0xEB, 0x15, 0xDC,
  0xF8, 0xB0, 0xF9, 0x49, 0x05, 0x0E, 0x5A, 0x25, 0x46, 0xEC,
  0xEE, 0xF8, 0xEC, 0xF2, 0x09, 0xF0, 0x00, 0x1B, 0x0C, 0xFF,
  0xB9, 0xF8, 0x1B, 0x42, 0xFF, 0x25, 0x10, 0xC1, 0xEF, 0xCB,
  0xE5, 0x16, 0x9C, 0xD8, 0xDC, 0x07, 0xEE, 0xDD, 0x56, 0x17,
  0xEF, 0xB9, 0xE0, 0xE7, 0xFE, 0x08, 0x15, 0xEC, 0xF6, 0x37,
  0xE7, 0x02, 0xF5, 0x1D, 0x0F, 0xEA, 0x28, 0x0C, 0x21, 0x06,
  0x40, 0xD9, 0xE4, 0x2B, 0xA3, 0xDD, 0xF7, 0x2C, 0xFE, 0xD6,
  0x68, 0x4F, 0x38, 0xFB, 0xD0, 0x16, 0x1B, 0xEA, 0xD6, 0xE7,
  0xC9, 0x07, 0xE6, 0xF5, 0xF0, 0x15, 0xF8, 0x24, 0xA0, 0xF0,
  0xFC, 0xC8, 0x4C, 0x0E, 0xC5, 0xEE, 0xF1, 0xD3, 0xB8, 0x0D,
  0xD1, 0xCE, 0x4C, 0xBA, 0xFC, 0x19, 0xCA, 0xD2, 0xE5, 0xF2,
  0xD2, 0xBD, 0xA4, 0xF8, 0x43, 0xFC, 0xFA, 0xFB, 0x4D, 0x33,
  0xDB, 0xE6, 0x28, 0xC7, 0x3C, 0x42, 0xE3, 0xC8, 0xBB, 0xB1,
  0xEA, 0x1B, 0xE4, 0x10, 0x17, 0x28, 0x1E, 0x21, 0xA5, 0xE6,
  0xE1, 0xF0, 0x29, 0xBB, 0xCC, 0xE9, 0x32, 0x26, 0xED, 0x1E,
  0x7C, 0x41, 0xBB, 0x14, 0x2B, 0x1D, 0x45, 0x20, 0xF8, 0x29,
  0x98, 0xCE, 0x08, 0x25, 0x23, 0x09, 0x39, 0xED, 0x1F, 0x1F,
  0x81, 0x0A, 0x1E, 0x08, 0x0F, 0x1B, 0xFB, 0xF9, 0x36, 0x0F,
  0xF9, 0x15, 0x5B, 0x36, 0x1A, 0x4D, 0x03, 0x9A, 0x03, 0xCC,
  0xF4, 0xF9, 0xAD, 0xB0, 0xD8, 0xF9, 0xF4, 0x06, 0x0D, 0xC8,
  0x07, 0x00, 0xFF, 0x0E, 0x20, 0xCC, 0xEB, 0x01, 0xB0, 0x0C,
  0x24, 0x01, 0xE4, 0x22, 0xBC, 0xF5, 0x1E, 0x08, 0x16, 0x23,
  0xF0, 0x0C, 0x4E, 0xFE, 0xA9, 0xEC, 0xCF, 0xE2, 0x08, 0x04,
  0x2F, 0x19, 0x36, 0x03, 0xBD, 0x24, 0xEB, 0xF4, 0xF2, 0xE3,
  0x3E, 0xE8, 0x4D, 0x11, 0xF3, 0xC7, 0xEA, 0x18, 0x31, 0x03,
  0xF8, 0xBC, 0x02, 0xF8, 0x2C, 0xFD, 0xDB, 0xE8, 0x04, 0xFD,
  0x1B, 0xF0, 0xDF, 0xF3, 0x1E, 0x14, 0x21, 0x01, 0x03, 0x04,
  0xCC, 0xC8, 0x07, 0xDF, 0xF1, 0x03, 0xF2, 0x18, 0xF2, 0xFF,
  0xFA, 0xE5, 0x2A, 0x17, 0x00, 0xEB, 0x3C, 0x00, 0xD6, 0x15,
  0xEB, 0x25, 0xD5, 0x03, 0x42, 0xE9, 0x29, 0xEC, 0x0C, 0x08,
  0xF3, 0xE1, 0xED, 0xE0, 0xAB, 0x2D, 0xF3, 0x25, 0xEE, 0x1C,
  0x36, 0x35, 0x04, 0xFD, 0x0F, 0xCE, 0x3F, 0x31, 0x25, 0xE4,
  0xB3, 0xE5, 0x0F, 0xD4, 0xF5, 0x22, 0x3C, 0xCA, 0xE2, 0xE7,
  0xC4, 0xED, 0xD2, 0x3F, 0x32, 0xC8, 0xEC, 0xFF, 0x1E, 0xCB,
  0xDC, 0x33, 0x3D, 0x42, 0xE6, 0xFE, 0xCB, 0xAD, 0x1A, 0x17,
  0xC7, 0xF8, 0xEE, 0x26, 0x15, 0xAA, 0x02, 0xE8, 0x2A, 0xE3,
  0xD8, 0x0C, 0xEC, 0xC9, 0xC0, 0xD5, 0x10, 0xBD, 0xE6, 0xF4,
  0x70, 0x3D, 0xFC, 0x27, 0x2A, 0x31, 0xBF, 0xF7, 0x29, 0xFE,
  0x24, 0xD4, 0xB8, 0xD3, 0xD8, 0xF1, 0xB5, 0x17, 0x36, 0x2B,
  0x36, 0xEF, 0xF3, 0x17, 0xAA, 0xF5, 0xE0, 0x04, 0xEC, 0x12,
  0x02, 0xB5, 0x35, 0xEC, 0x02, 0x1E, 0x4F, 0x42, 0x29, 0x1E,
  0x11, 0xD2, 0xE9, 0xE3, 0x39, 0xEE, 0x81, 0xFA, 0x15, 0xC8,
  0xF2, 0x0A, 0x17, 0x04, 0xF3, 0x1A, 0x0C, 0xDD, 0x22, 0x4C,
  0xED, 0xCC, 0xCC, 0xB4, 0x15, 0x1E, 0x26, 0x26, 0x2A, 0x3F,
  0x22, 0xC8, 0xF7, 0xA8, 0xFA, 0xBC, 0x47, 0x55, 0x81, 0x03,
  0x2D, 0xDF, 0x1F, 0x21, 0x3C, 0x2B, 0x0C, 0x0D, 0xE2, 0xB4,
  0xEA, 0x01, 0x05, 0x1A, 0x1C, 0xEB, 0x20, 0xF9, 0x0A, 0x2D,
  0xF4, 0xFD, 0x0E, 0x0F, 0xE0, 0xC8, 0x1E, 0xB2, 0x16, 0x25,
  0xA6, 0x1C, 0xE0, 0xC1, 0xF2, 0x29, 0x1D, 0xB5, 0x0C, 0x11,
  0x10, 0xE7, 0xDA, 0xFE, 0xF6, 0x20, 0x1E, 0xC8, 0xE8, 0x0F,
  0x15, 0x0F, 0x1F, 0xED, 0x1C, 0x06, 0x24, 0xDD, 0x1D, 0xEF,
  0x12, 0x33, 0xE8, 0x22, 0x02, 0x9E, 0x0A, 0x20, 0x22, 0xE1,
  0x07, 0xF0, 0xDE, 0xDC, 0xCC, 0x0A, 0xF6, 0x1A, 0xD3, 0x0F,
  0x01, 0x16, 0x05, 0xE4, 0x2F, 0x45, 0x33, 0xD3, 0x20, 0xDC,
  0x13, 0x04, 0x1E, 0xEA, 0x1B, 0xFB, 0x24, 0xF1, 0x38, 0x1A,
  0x0A, 0x0D, 0xDE, 0x1C, 0xDA, 0x09, 0x25, 0xF5, 0x0D, 0xE9,
  0x03, 0x16, 0x42, 0xEA, 0x08, 0x1B, 0x45, 0x07, 0x0E, 0x17,
  0xD3, 0xF6, 0x31, 0xC9, 0x1A, 0x06, 0xDA, 0x0B, 0x2B, 0xC1,
  0x10, 0x02, 0x45, 0xEF, 0xC6, 0x18, 0xDF, 0xD7, 0x09, 0x3B,
  0xDD, 0x1A, 0xFE, 0xEE, 0x20, 0x09, 0x53, 0xDB, 0x15, 0xE3,
  0x0A, 0xDE, 0x03, 0x12, 0x33, 0xB8, 0x00, 0xDF, 0x07, 0x1E,
  0x33, 0xB1, 0x15, 0xFB, 0x18, 0xD8, 0xAF, 0x07, 0xFE, 0xC0,
  0xB9, 0x1F, 0xD9, 0x1B, 0xE6, 0xF0, 0xFB, 0xFE, 0x43, 0xDB,
  0xEC, 0x2E, 0x50, 0x19, 0xD8, 0xE3, 0xEF, 0xC7, 0x05, 0xE2,
  0xCF, 0x15, 0x22, 0xD7, 0x16, 0x27, 0x5E, 0xE9, 0xCD, 0x1A,
  0x04, 0x0B, 0x15, 0x07, 0xE0, 0x23, 0x1F, 0xF8, 0x0C, 0xCB,
  0x2F, 0xEA, 0x03, 0xEA, 0x01, 0x4A, 0x36, 0x11, 0xFB, 0xF8,
  0xE3, 0xB1, 0x0F, 0x2A, 0x31, 0x15, 0xCC, 0xDC, 0xCC, 0x35,
  0xF0, 0xE7, 0x54, 0xB8, 0xC0, 0x2B, 0x1F, 0x13, 0x40, 0x09,
  0x17, 0x0D, 0x1C, 0xCF, 0xF1, 0xF7, 0xE2, 0x24, 0x2C, 0x29,
  0xC3, 0x13, 0x21, 0xD1, 0x5A, 0x24, 0x43, 0x08, 0xEB, 0xD7,
  0xF6, 0x08, 0xF1, 0xD0, 0x35, 0xDB, 0xB0, 0x1A, 0x04, 0x05,
  0x43, 0x28, 0x44, 0x31, 0xBC, 0xDB, 0x17, 0x03, 0xCF, 0x05,
  0xEF, 0x3B, 0xE0, 0x28, 0x22, 0xD5, 0x58, 0x13, 0xEB, 0xF4,
  0xE5, 0xDF, 0xDC, 0xF5, 0xD0, 0xEF, 0x2F, 0x05, 0xDD, 0x25,
  0x31, 0x23, 0x0B, 0xD8, 0x0B, 0xE6, 0xFA, 0x24, 0x19, 0xAC,
  0xDE, 0x04, 0xEC, 0x08, 0xC0, 0x26, 0x3C, 0xCE, 0x31, 0x48,
  0xEC, 0xB2, 0xD5, 0xC6, 0xBF, 0x06, 0xD6, 0xD6, 0x32, 0xDC,
  0xDF, 0x11, 0xDF, 0x05, 0xFF, 0x04, 0x0A, 0xF0, 0xDD, 0x38,
  0x33, 0xEB, 0xF5, 0x50, 0x11, 0x4E, 0xDF, 0x24, 0xF9, 0xE1,
  0x1E, 0x25, 0xCD, 0xFB, 0x2E, 0xE3, 0x04, 0x0B, 0x22, 0xF7,
  0x09, 0xFD, 0xBA, 0x0E, 0x0C, 0xE8, 0xF6, 0xE0, 0xF1, 0xBC,
  0xBD, 0x2B, 0x13, 0xEB, 0xE9, 0x14, 0x67, 0x2E, 0xA6, 0x19,
  0xD7, 0xA9, 0x2F, 0x0A, 0xF8, 0x00, 0x11, 0xA4, 0xF0, 0x22,
  0x04, 0x17, 0x15, 0xF5, 0xAF, 0x1E, 0x1E, 0xE9, 0xE4, 0x04,
  0x13, 0xC4, 0xF1, 0x0D, 0x34, 0xD9, 0xC0, 0x24, 0x2E, 0x38,
  0xB5, 0x37, 0xBC, 0xA6, 0x33, 0x7F, 0xE2, 0xC8, 0x2E, 0xF4,
  0xD1, 0x0E, 0x4C, 0x0F, 0x4F, 0x9A, 0x05, 0x24, 0x0B, 0x11,
  0x29, 0x4E, 0x27, 0xC8, 0xBF, 0x0A, 0x08, 0xDB, 0xDB, 0x1D,
  0xFA, 0x13, 0x02, 0xE9, 0x38, 0xC4, 0x21, 0x21, 0x17, 0xD9,
  0xB6, 0x26, 0x24, 0x09, 0xCB, 0x1F, 0x00, 0xFC, 0xFD, 0x35,
  0x09, 0xF8, 0x12, 0x23, 0x19, 0xF6, 0xE4, 0xE0, 0x3F, 0x0A,
  0xCF, 0x24, 0x26, 0xF7, 0xCA, 0x06, 0x22, 0xDA, 0x07, 0x20,
  0x0A, 0x25, 0x05, 0x1D, 0x1D, 0x16, 0xEA, 0xF9, 0x17, 0x07,
  0x1B, 0x22, 0xED, 0xE8, 0x19, 0xEB, 0x00, 0xE9, 0xFF, 0xC4,
  0x19, 0xD6, 0xB4, 0x08, 0x13, 0x16, 0xF0, 0xE8, 0x42, 0xEB,
  0xFC, 0x47, 0x07, 0xFB, 0xBF, 0xFD, 0x03, 0x07, 0xF6, 0xD6,
  0x01, 0x03, 0xF8, 0x13, 0xF4, 0xF4, 0xEE, 0x2A, 0xF9, 0xFC,
  0xC7, 0xE9, 0xD0, 0xEE, 0xD9, 0xEC, 0x16, 0x07, 0x1D, 0x15,
  0x47, 0x05, 0x37, 0xE9, 0x11, 0x07, 0x81, 0xDD, 0xD5, 0xF6,
  0xEB, 0xC6, 0x01, 0x10, 0x23, 0x25, 0xDD, 0x25, 0x1C, 0x2C,
  0x2B, 0x0F, 0xC9, 0xE9, 0xF2, 0xDA, 0xFA, 0xF5, 0xF8, 0x18,
  0xD5, 0x2A, 0xEB, 0xEB, 0x48, 0x03, 0x1B, 0xD2, 0xC6, 0x2C,
  0xF6, 0x15, 0xDD, 0x02, 0x12, 0xFC, 0x21, 0xEF, 0x0E, 0xD0,
  0x04, 0xCA, 0x46, 0x21, 0xCC, 0xF4, 0x21, 0xED, 0xE0, 0x31,
  0x0F, 0xF8, 0xC5, 0x02, 0x01, 0xFC, 0x16, 0xF3, 0x1B, 0xF2,
  0x9D, 0xD7, 0xFB, 0x01, 0xEE, 0xC6, 0x02, 0x1B, 0xDE, 0x1A,
  0xF9, 0x08, 0xAA, 0xF5, 0x1F, 0xFC, 0xEC, 0x0D, 0xDD, 0xD8,
  0xA6, 0x4F, 0xC2, 0x2B, 0xA9, 0x27, 0xF8, 0xF5, 0x12, 0xFA,
  0x1C, 0x0A, 0xBD, 0xF0, 0x1B, 0xF5, 0x0E, 0x21, 0x37, 0xCF,
  0x06, 0xF5, 0x11, 0xF6, 0xE6, 0x24, 0x09, 0xF7, 0x01, 0x32,
  0x2F, 0x46, 0x01, 0xAE, 0x0A, 0xF6, 0x6D, 0xD3, 0x05, 0x41,
  0x1D, 0x02, 0x28, 0xCA, 0xEC, 0xD9, 0x22, 0x16, 0x31, 0xFB,
  0xBB, 0x1F, 0xFE, 0x17, 0x3A, 0xD8, 0xEF, 0x3C, 0xF3, 0xF0,
  0xEA, 0x65, 0x59, 0x0A, 0x31, 0xA1, 0xF1, 0xB8, 0x48, 0xEA,
  0x30, 0x20, 0xAA, 0xF0, 0xBA, 0xE4, 0x2B, 0xF0, 0x4B, 0xAF,
  0xE9, 0x1C, 0xA5, 0xB8, 0x8C, 0x5C, 0xFC, 0x81, 0x05, 0x0F,
  0xBC, 0x0C, 0xBD, 0x16, 0x2E, 0x4A, 0x19, 0xE2, 0xEB, 0xCA,
  0xEB, 0xAD, 0xEF, 0xC0, 0x0F, 0x42, 0xE1, 0xF3, 0x41, 0xEC,
  0x0A, 0xF9, 0x0F, 0x18, 0xC5, 0x9C, 0xFD, 0x21, 0x0B, 0xAE,
  0xDB, 0x00, 0x0A, 0x1D, 0x17, 0x24, 0x1B, 0x16, 0x0B, 0xDD,
  0x05, 0x01, 0xC2, 0xFF, 0x1C, 0xF0, 0xD8, 0xE4, 0xCF, 0xED,
  0x37, 0x01, 0x32, 0x14, 0x17, 0x01, 0xFB, 0xF4, 0xE6, 0xD3,
  0x2C, 0xC6, 0x3F, 0x20, 0x45, 0x20, 0x38, 0xCB, 0xF8, 0x4B,
  0xF6, 0x12, 0xCB, 0xC9, 0xD9, 0xFF, 0xF6, 0xF8, 0xBD, 0xF9,
  0xEC, 0x0F, 0x3D, 0xF4, 0x32, 0xDD, 0x43, 0x0A, 0xE5, 0xF9,
  0x47, 0x11, 0xCC, 0x31, 0x04, 0xD7, 0x41, 0xD9, 0xFA, 0x1A,
  0x1E, 0x3E, 0xFC, 0xD9, 0x18, 0xEF, 0x4D, 0x22, 0xB6, 0x18,
  0xE1, 0xEB, 0xC8, 0x06, 0x10, 0xE5, 0x11, 0xF7, 0x4A, 0xF0,
  0xCF, 0xD4, 0xF4, 0xE1, 0x1E, 0xB3, 0xCF, 0xDF, 0x53, 0xEE,
  0xE0, 0x37, 0x13, 0xEB, 0xC3, 0x41, 0x00, 0x09, 0x5E, 0xFE,
  0xE5, 0xD2, 0xF2, 0xC8, 0xE1, 0xDE, 0xF3, 0xCC, 0x19, 0xF2,
  0xFA, 0x24, 0xF6, 0x19, 0x32, 0xDF, 0x3F, 0x10, 0xCE, 0xFE,
  0x39, 0x2D, 0xF8, 0x58, 0xDE, 0x1D, 0x17, 0xB1, 0xD3, 0x18,
  0x32, 0xDD, 0xD9, 0x31, 0x0D, 0xE1, 0x64, 0x93, 0xE0, 0x1E,
  0xC2, 0xB4, 0xDE, 0x10, 0xE8, 0x0A, 0xD3, 0xD6, 0x36, 0xCF,
  0xED, 0xB5, 0x27, 0x1E, 0xFD, 0x15, 0xF9, 0xD2, 0x3F, 0xBF,
  0x35, 0xB6, 0x66, 0xA8, 0xF3, 0x01, 0xE9, 0x07, 0x55, 0xF8,
  0x2B, 0x53, 0xBD, 0x2B, 0xC0, 0x64, 0xE1, 0x46, 0x3E, 0x33,
  0x11, 0xB6, 0x21, 0xA1, 0xD0, 0x0C, 0x40, 0xED, 0x18, 0x23,
  0x6C, 0xFB, 0x48, 0xC9, 0x64, 0xE4, 0xF0, 0xCA, 0xE9, 0xD8,
  0x22, 0x21, 0x41, 0x6C, 0xCB, 0xFC, 0x23, 0x43, 0xF1, 0x0F,
  0xEF, 0xEA, 0xE2, 0xEC, 0x07, 0xEB, 0xD5, 0x56, 0xFC, 0x07,
  0x14, 0x0B, 0x10, 0xDD, 0x09, 0xC2, 0x31, 0x0D, 0xF8, 0x2C,
  0x03, 0xEB, 0xFA, 0x18, 0x24, 0x0A, 0xC9, 0xF8, 0x0F, 0xFA,
  0x08, 0x34, 0xF5, 0xD5, 0xF5, 0xE4, 0x29, 0xC9, 0xDA, 0x5E,
  0xFE, 0xF2, 0xE3, 0xFF, 0x35, 0xF4, 0xCE, 0xAE, 0x53, 0xD7,
  0xF0, 0x0C, 0x0B, 0xB8, 0xE7, 0xED, 0xE7, 0x0A, 0x21, 0x01,
  0x9E, 0xA5, 0x36, 0x0C, 0x2B, 0x81, 0x15, 0xD4, 0xEF, 0xED,
  0xDC, 0xFD, 0xFE, 0x0F, 0xA5, 0xE1, 0x25, 0xB4, 0x23, 0x0C,
  0x28, 0xFB, 0xFB, 0x07, 0xF0, 0xC6, 0xED, 0x1B, 0xDB, 0xCD,
  0xD3, 0xD4, 0x4C, 0xE1, 0xED, 0x4D, 0x11, 0xCB, 0x40, 0x3D,
  0xF9, 0xDD, 0xA2, 0x20, 0x09, 0x01, 0xEB, 0xEF, 0x66, 0xEC,
  0x2F, 0x34, 0xFE, 0xB8, 0xCD, 0xE8, 0x41, 0xE1, 0x29, 0x34,
  0x0B, 0x41, 0xB8, 0xDE, 0xF7, 0x16, 0x6D, 0x5F, 0x13, 0xEC,
  0x16, 0x25, 0xD5, 0xE8, 0x08, 0x0E, 0x3D, 0xF3, 0x0B, 0x3B,
  0xF7, 0x21, 0xC3, 0x27, 0xE3, 0x1F, 0x04, 0x0D, 0x40, 0x5A,
  0x26, 0xEF, 0xFF, 0xB5, 0x16, 0xF3, 0xF1, 0x16, 0x3E, 0x46,
  0xE4, 0x1C, 0x2B, 0xA7, 0x31, 0xA1, 0xB9, 0x2B, 0xF8, 0xB4,
  0xAB, 0x1B, 0xE5, 0x0E, 0xDA, 0xF7, 0xE2, 0x3D, 0x16, 0xD9,
  0x1D, 0xF5, 0x23, 0x1E, 0x00, 0xF5, 0x2F, 0x0E, 0xC8, 0x54,
  0x4C, 0x29, 0xC1, 0x27, 0x26, 0xF8, 0x0C, 0x23, 0x14, 0x42,
  0x12, 0xB9, 0xC1, 0xB9, 0xE0, 0x1A, 0x2F, 0x10, 0x01, 0xFC,
  0xC5, 0x0A, 0xB3, 0x4E, 0x24, 0x0A, 0x1B, 0xF7, 0x01, 0x03,
  0xF3, 0x7F, 0x28, 0xDF, 0x2E, 0x2E, 0x06, 0xFC, 0xB9, 0x14,
  0xD1, 0x38, 0x27, 0xB8, 0xBF, 0x1C, 0x33, 0xF5, 0x30, 0x09,
  0x0D, 0xDB, 0x08, 0xFE, 0xC5, 0x7D, 0x5D, 0x28, 0x04, 0x36,
  0x00, 0x15, 0x1A, 0x49, 0xBE, 0xF7, 0x23, 0xF4, 0x22, 0xE5,
  0x1D, 0x09, 0xB7, 0x20, 0xD3, 0xF3, 0x0D, 0x48, 0x11, 0x26,
  0xE2, 0x33, 0xF2, 0x00, 0x10, 0xD9, 0xD3, 0x4E, 0x2A, 0xC6,
  0xC0, 0xBC, 0xFA, 0x0F, 0xE9, 0x3F, 0x48, 0x48, 0xF0, 0xC3,
  0xE0, 0xD0, 0x39, 0xE6, 0xB3, 0x34, 0x1A, 0x10, 0x02, 0xF1,
  0x0B, 0x43, 0x2C, 0x53, 0xC7, 0x23, 0xCC, 0xB9, 0x0C, 0x04,
  0xE5, 0x21, 0xD0, 0x26, 0x2C, 0xF8, 0xD6, 0xF0, 0x0B, 0x3C,
  0xFB, 0xE9, 0x29, 0xFC, 0x26, 0xFB, 0xBC, 0x07, 0x37, 0xE1,
  0xBD, 0x21, 0x2A, 0x2F, 0x0A, 0x6F, 0xD8, 0x42, 0xCC, 0xF1,
  0x0F, 0xDC, 0x0B, 0xF0, 0x0B, 0xDD, 0x07, 0xC5, 0xDB, 0xF1,
  0xDC, 0x50, 0x14, 0xF6, 0x30, 0xFF, 0x14, 0x1C, 0xCB, 0x45,
  0x2D, 0xE6, 0x41, 0x39, 0x23, 0x0C, 0x26, 0xD2, 0x00, 0xD4,
  0x40, 0x5F, 0x97, 0xCA, 0xE2, 0xDA, 0x20, 0x34, 0x23, 0xF3,
  0x39, 0xF2, 0xC7, 0x0B, 0xF8, 0x3C, 0xBA, 0xE4, 0xF0, 0x1E,
  0x2E, 0x0C, 0xAB, 0xF3, 0x65, 0xFC, 0x02, 0xD0, 0xF9, 0xB1,
  0x07, 0xD6, 0x6A, 0x40, 0x86, 0xFE, 0xFB, 0xED, 0x23, 0xED,
  0xF4, 0xF7, 0x15, 0x39, 0xF3, 0xFB, 0xD2, 0x1C, 0xC9, 0xE2,
  0xCE, 0xEA, 0x02, 0xB3, 0xFF, 0x29, 0xF7, 0xEA, 0xE5, 0xF3,
  0xFE, 0xE0, 0x31, 0xD4, 0xF6, 0xF5, 0xA3, 0xF1, 0x20, 0xDC,
  0xE0, 0xF5, 0x57, 0xDE, 0x51, 0x2C, 0x08, 0xFD, 0xC0, 0xD8,
  0xDD, 0xF9, 0xD4, 0xC1, 0xDB, 0x18, 0x0E, 0x42, 0xEB, 0x27,
  0x1F, 0x23, 0x39, 0xDF, 0x21, 0xD2, 0x27, 0x34, 0xEB, 0x0F,
  0x14, 0xAE, 0xF9, 0x0D, 0x58, 0x02, 0xE9, 0xCF, 0x1A, 0x3A,
  0xFC, 0xF7, 0x10, 0xDA, 0xC7, 0x0C, 0x30, 0xEB, 0xF3, 0x37,
  0x42, 0x29, 0x37, 0x06, 0x35, 0xDD, 0x0A, 0x13, 0x34, 0x0B,
  0x49, 0x12, 0xFC, 0x99, 0xED, 0x4F, 0x2B, 0xD8, 0xB4, 0xF1,
  0xD8, 0x12, 0xF3, 0x18, 0xCB, 0xE3, 0xF3, 0x54, 0xFF, 0x3E,
  0x14, 0x34, 0x44, 0x05, 0xF9, 0x1C, 0xDB, 0x11, 0x27, 0x11,
  0xD0, 0xC6, 0xF7, 0xE1, 0xF5, 0xBF, 0xE5, 0xC3, 0x35, 0xEF,
  0xB2, 0x05, 0xF1, 0xDC, 0xEA, 0x09, 0x81, 0xF9, 0xCC, 0x1F,
  0x48, 0x14, 0xFC, 0x02, 0xE7, 0x2E, 0x77, 0xF0, 0x00, 0xED,
  0x34, 0x03, 0x08, 0xB7, 0xD2, 0x01, 0x44, 0xEE, 0x41, 0x04,
  0xE5, 0xDE, 0xD5, 0xE9, 0x2C, 0xE2, 0x0F, 0x41, 0xFE, 0x4C,
  0x25, 0x15, 0xE0, 0xDB, 0x44, 0x17, 0x1F, 0xFE, 0x57, 0xD4,
  0xF2, 0x01, 0x51, 0xF2, 0xEB, 0x47, 0x0E, 0xFD, 0x0D, 0x03,
  0xDD, 0x3F, 0xF0, 0xD4, 0xB1, 0xD3, 0xBF, 0x3C, 0x2C, 0x05,
  0x3F, 0xFC, 0xE4, 0x0C, 0x0C, 0x04, 0x46, 0xF0, 0x27, 0x16,
  0x3F, 0x00, 0xF4, 0xE0, 0x35, 0xEF, 0x21, 0x11, 0x71, 0x19,
  0x04, 0xD9, 0x1A, 0x04, 0xBF, 0xED, 0xAE, 0x4B, 0xEA, 0x71,
  0xDE, 0xCF, 0x25, 0xB5, 0x05, 0x04, 0x06, 0xFF, 0x15, 0xF1,
  0x31, 0x2C, 0xC9, 0x06, 0x49, 0x28, 0x4C, 0xDC, 0x38, 0xCE,
  0x0F, 0x10, 0x42, 0xBD, 0x10, 0x3D, 0xBF, 0x14, 0xC2, 0x38,
  0xD7, 0x60, 0x04, 0xD0, 0x31, 0xE9, 0x21, 0xD5, 0xC2, 0xDF,
  0xEF, 0xE5, 0x57, 0x25, 0x86, 0xFA, 0x28, 0xDB, 0xE3, 0xF8,
  0xFF, 0xC8, 0x2D, 0x13, 0x2C, 0x30, 0xEF, 0xDE, 0xCE, 0x08,
  0x09, 0xFC, 0xEB, 0x6D, 0xF2, 0xF3, 0x12, 0xC8, 0xF1, 0xF4,
  0x11, 0x02, 0x10, 0xDE, 0xEF, 0x10, 0x92, 0x21, 0xE6, 0xB5,
  0xF7, 0xE9, 0xEE, 0x01, 0x31, 0x09, 0x0C, 0x0B, 0x1B, 0xF5,
  0xD0, 0xFA, 0xD0, 0xED, 0xDF, 0x7B, 0xC8, 0xEE, 0x0D, 0x81,
  0xEF, 0xF3, 0x00, 0x12, 0xC7, 0x1F, 0xFB, 0x01, 0xE2, 0xFA,
  0x22, 0xF4, 0xE1, 0xD6, 0x16, 0x1B, 0x22, 0xBB, 0x5B, 0x18,
  0x12, 0x9F, 0xB2, 0xD7, 0xDC, 0xC1, 0xF8, 0x60, 0xBA, 0xD8,
  0x3A, 0xAE, 0x26, 0xF8, 0x17, 0x1C, 0x18, 0x18, 0xEC, 0xFF,
  0x1B, 0x19, 0x56, 0xE6, 0x57, 0x2C, 0xF8, 0xEF, 0xF0, 0xD8,
  0x3B, 0x31, 0x08, 0xD1, 0xAD, 0xF2, 0x1B, 0x33, 0x4F, 0x12,
  0x22, 0xD2, 0xD7, 0x31, 0x18, 0x03, 0xFF, 0x1D, 0x06, 0x1D,
  0xFA, 0xEC, 0xEC, 0xB7, 0xC3, 0xEF, 0x0A, 0xE3, 0xFB, 0x39,
  0xEF, 0x16, 0x04, 0x2A, 0x47, 0x49, 0xD0, 0xEB, 0x32, 0x33,
  0x26, 0x22, 0x1C, 0xB9, 0xF0, 0x3A, 0x1B, 0x8A, 0x26, 0x2A,
  0xF4, 0x16, 0x43, 0xE2, 0xFF, 0x07, 0x02, 0xC7, 0xEF, 0xF6,
  0xF3, 0xEA, 0x10, 0xCF, 0xC2, 0xFA, 0x5D, 0x39, 0xD2, 0xFD,
  0x28, 0xE7, 0xE6, 0xC5, 0x14, 0xE8, 0x2F, 0x3D, 0xC3, 0xE6,
  0x02, 0x1C, 0x02, 0xE3, 0xFB, 0xD6, 0x0F, 0xDD, 0xE9, 0xF3,
  0xEE, 0x1A, 0xF5, 0x1B, 0x48, 0xF3, 0xCC, 0x15, 0x35, 0x34,
  0xEF, 0xF6, 0x16, 0xA2, 0xF0, 0x16, 0xEE, 0xE6, 0x2A, 0x47,
  0xE0, 0xDE, 0x15, 0xDD, 0xF0, 0xC8, 0x28, 0x81, 0x40, 0x13,
  0xEF, 0xD4, 0xA8, 0x1F, 0xA4, 0x35, 0x2B, 0xFB, 0x1F, 0x11,
  0x23, 0x43, 0xE7, 0xC4, 0xF1, 0xE3, 0x04, 0x32, 0x09, 0xE3,
  0x02, 0xEE, 0xA8, 0x07, 0xA7, 0xB8, 0xE8, 0x00, 0x3D, 0xD8,
  0x25, 0xD4, 0xDD, 0x18, 0xAC, 0xBA, 0x19, 0xFF, 0xE8, 0xC9,
  0xFC, 0xE9, 0xEF, 0x18, 0xE6, 0xE6, 0x02, 0xA4, 0x29, 0xE0,
  0xFB, 0x2C, 0x00, 0x3B, 0xB4, 0xEC, 0xB0, 0xA0, 0xFC, 0x06,
  0xD7, 0xD3, 0xE3, 0xD7, 0x04, 0x08, 0x2F, 0xF3, 0x13, 0x42,
  0xDA, 0xDB, 0xDC, 0x1B, 0x4D, 0x25, 0xDE, 0x1E, 0xD8, 0xE7,
  0x17, 0x34, 0x1A, 0x3B, 0xB2, 0xF0, 0xC3, 0xE0, 0x92, 0xBA,
  0x0C, 0xDF, 0x1A, 0xB9, 0x16, 0x37, 0x47, 0xC7, 0xDB, 0xCC,
  0xEB, 0x13, 0x3A, 0xDC, 0xF4, 0x05, 0x28, 0x79, 0xFE, 0x3E,
  0x0A, 0xE7, 0xF6, 0xC0, 0x46, 0x12, 0xE5, 0x38, 0x32, 0x63,
  0xAD, 0x0E, 0xD4, 0x0E, 0xF1, 0xC1, 0x08, 0xCB, 0xF2, 0xCB,
  0xEE, 0xCC, 0x07, 0x1B, 0x81, 0xED, 0x06, 0x06, 0x3A, 0x05,
  0x1F, 0xF2, 0x61, 0x28, 0xF6, 0x07, 0xCB, 0xE1, 0x1A, 0xE5,
  0xF1, 0xEE, 0xEC, 0x0E, 0xF9, 0x02, 0x32, 0xD8, 0x07, 0xD9,
  0xAC, 0xE5, 0x2D, 0xD3, 0x5E, 0x56, 0xCE, 0x25, 0xE4, 0xB7,
  0xE2, 0xE2, 0x3E, 0xD8, 0x45, 0xEB, 0xD9, 0xDD, 0x04, 0x34,
  0xDC, 0xE5, 0x1F, 0x2C, 0x1F, 0x2E, 0x05, 0x1D, 0x11, 0x25,
  0x1B, 0xBE, 0x3E, 0xE1, 0xFD, 0xE6, 0x49, 0x1B, 0xB2, 0x08,
  0x2A, 0xBB, 0x3F, 0x1F, 0x49, 0xEC, 0x3C, 0x28, 0xDD, 0xD7,
  0xFD, 0x0D, 0xFF, 0xF2, 0xAA, 0xDB, 0xFD, 0x2E, 0xDF, 0x1E,
  0x6A, 0x13, 0x16, 0x23, 0x01, 0xD4, 0x4B, 0xF9, 0x3A, 0xFF,
  0xED, 0x30, 0xDB, 0xA7, 0xFE, 0x1F, 0x17, 0xEB, 0x0C, 0xE7,
  0xE0, 0x44, 0xEA, 0x1C, 0xEB, 0x2A, 0xEB, 0xEE, 0x48, 0x12,
  0x12, 0x20, 0x45, 0xFF, 0xEC, 0x3E, 0x10, 0xFA, 0x23, 0xA0,
  0xFB, 0x0E, 0xD6, 0xF6, 0x01, 0xEE, 0x00, 0x10, 0xDC, 0xCE,
  0xE9, 0xF0, 0xCC, 0x1A, 0xDC, 0x18, 0xCD, 0xAE, 0xD9, 0xFD,
  0x0E, 0xBE, 0xFF, 0x01, 0x24, 0xF8, 0x70, 0x25, 0x02, 0xC1,
  0x51, 0xD1, 0x47, 0x11, 0x0E, 0x1A, 0x1B, 0xE0, 0x4A, 0x0F,
  0x04, 0x37, 0xDF, 0xDF, 0x07, 0x4D, 0xED, 0x27, 0xF7, 0x29,
  0xEC, 0x24, 0x0B, 0xDB, 0x40, 0xF0, 0x1F, 0x0F, 0x14, 0xF2,
  0xE0, 0x0E, 0x37, 0xBE, 0xE6, 0xDF, 0x10, 0x1F, 0x4B, 0xDA,
  0x47, 0xD3, 0x52, 0xCE, 0xE3, 0x9C, 0x0D, 0xD9, 0x03, 0x15,
  0xAF, 0xEA, 0xD6, 0xE4, 0xDE, 0x33, 0x08, 0xED, 0x10, 0x0D,
  0xCD, 0x0C, 0xC6, 0x29, 0xF7, 0x20, 0xF6, 0x16, 0x6B, 0x1F,
  0xD2, 0x0B, 0x0C, 0x3C, 0xBE, 0xE8, 0x15, 0x0E, 0x12, 0xE1,
  0xC9, 0x2A, 0xFF, 0xD6, 0xFF, 0x12, 0x4F, 0xD0, 0x8E, 0xC0,
  0x1B, 0xC9, 0xD5, 0x43, 0xFC, 0x11, 0xF9, 0x14, 0x13, 0xEF,
  0x7F, 0x5F, 0x2D, 0xEB, 0xBB, 0x19, 0xFA, 0x12, 0xEF, 0x22,
  0x4A, 0xEB, 0x0A, 0x38, 0xF1, 0x13, 0xE6, 0x2E, 0xCF, 0xA4,
  0xAE, 0xC2, 0xF8, 0x18, 0xF8, 0xF6, 0x29, 0x08, 0xC9, 0x17,
  0xE4, 0xCF, 0x57, 0xFC, 0x17, 0x02, 0xDA, 0x06, 0x05, 0x33,
  0x0C, 0x09, 0x18, 0x08, 0xE7, 0xF7, 0xFD, 0xD2, 0xDB, 0x3B,
  0x1F, 0xEC, 0xA9, 0xF8, 0xF7, 0xF5, 0xC6, 0x3B, 0x02, 0x15,
  0xC6, 0x12, 0xAC, 0xDE, 0x57, 0x1C, 0x14, 0xBE, 0xE5, 0xC8,
  0xD8, 0xF2, 0x24, 0x1F, 0x4D, 0x22, 0xCC, 0x0A, 0xEB, 0xC2,
  0x0B, 0x4F, 0xD2, 0xD1, 0xCD, 0xEE, 0x38, 0x1D, 0xD9, 0xFE,
  0x01, 0xF8, 0xFD, 0x09, 0xCA, 0x9E, 0x71, 0x0A, 0x2C, 0x21,
  0xE9, 0x20, 0xF2, 0xE6, 0x21, 0xB3, 0x18, 0xFE, 0xDF, 0x1C,
  0x2B, 0x15, 0xE1, 0x5A, 0x0D, 0xBD, 0xBB, 0xE6, 0x17, 0xD8,
  0xEF, 0x59, 0xFD, 0x56, 0xCC, 0xF1, 0xE0, 0xEB, 0x4C, 0x18,
  0x11, 0xEB, 0x27, 0xAB, 0xF2, 0x07, 0xF1, 0x1F, 0x2B, 0xF5,
  0xD1, 0xEC, 0x23, 0xB3, 0x12, 0xFA, 0x25, 0x04, 0x9C, 0x21,
  0x34, 0xF3, 0xBF, 0x59, 0xEB, 0x21, 0xFA, 0x22, 0xF0, 0xD9,
  0xFA, 0x26, 0xE2, 0x1F, 0xDC, 0xB9, 0x1E, 0x1E, 0x24, 0xDC,
  0x50, 0xE8, 0xB4, 0x38, 0x17, 0xE9, 0xF7, 0x35, 0x5E, 0x02,
  0x91, 0x0B, 0xEC, 0x0B, 0xF5, 0xFE, 0xE4, 0x19, 0xCE, 0x2D,
  0x46, 0xEC, 0x4C, 0x41, 0xCE, 0xEC, 0xAE, 0x33, 0xEF, 0x08,
  0x34, 0xFC, 0xEE, 0x03, 0x96, 0x24, 0x17, 0xFB, 0xE2, 0x3B,
  0x43, 0xD9, 0x15, 0x1C, 0x87, 0xF1, 0x06, 0xD5, 0x48, 0xD8,
  0xF9, 0x21, 0x1C, 0xD9, 0x30, 0x42, 0xE0, 0x07, 0xEC, 0xF6,
  0xF0, 0xC3, 0xD7, 0x32, 0xFC, 0x00, 0x81, 0x0A, 0x48, 0xB2,
  0x2E, 0x1F, 0x2B, 0xF7, 0x1F, 0x11, 0xBC, 0x1F, 0x27, 0xEB,
  0xEA, 0x27, 0x46, 0x37, 0xF2, 0xAD, 0xF4, 0x2B, 0xF4, 0xDD,
  0xC0, 0x17, 0xC4, 0x08, 0x09, 0x1F, 0x0C, 0xBF, 0xF5, 0xD0,
  0x0B, 0x02, 0x08, 0x05, 0xF9, 0xEA, 0xEE, 0x2B, 0x26, 0x23,
  0xD5, 0xE3, 0x2B, 0x01, 0x33, 0xFB, 0x0E, 0xD9, 0xE8, 0x06,
  0xEA, 0xC3, 0x0D, 0x03, 0xD5, 0xC0, 0x2C, 0x2A, 0xF3, 0xDA,
  0xAE, 0x29, 0xFE, 0x0A, 0x0F, 0x06, 0xC4, 0xF8, 0x30, 0xEE,
  0x05, 0x4D, 0xBD, 0xBB, 0x1D, 0xE8, 0x39, 0xFA, 0xDA, 0xAD,
  0x32, 0xD9, 0x24, 0xCC, 0xF3, 0xD9, 0xF8, 0xDE, 0x0D, 0x56,
  0x13, 0xBB, 0xCD, 0xC1, 0x24, 0xCF, 0x09, 0xEA, 0xD3, 0xDB,
  0xF8, 0x2D, 0x0C, 0x17, 0xC2, 0x1E, 0xEF, 0xE7, 0x0A, 0xE6,
  0xD2, 0x19, 0xFC, 0xF8, 0x0E, 0x20, 0xEC, 0x0A, 0x59, 0x01,
  0x46, 0x2E, 0x25, 0x95, 0x09, 0xB9, 0xF0, 0x17, 0x00, 0x2B,
  0xF5, 0xEA, 0x0F, 0x25, 0xEA, 0x65, 0xE3, 0xEF, 0xEF, 0x1C,
  0x1E, 0xEB, 0xFB, 0xFD, 0x13, 0xC3, 0xD4, 0xF2, 0xC8, 0xCC,
  0x3C, 0xD1, 0x1C, 0x2E, 0x11, 0xC6, 0xE3, 0x33, 0xE2, 0x13,
  0xEA, 0x27, 0xD9, 0x0D, 0xF4, 0x1F, 0xB6, 0x34, 0xB0, 0xE5,
  0x33, 0x43, 0x44, 0xED, 0x0A, 0x10, 0x2E, 0x7F, 0x00, 0x20,
  0xE8, 0xDE, 0x1C, 0xEF, 0x22, 0x1F, 0x14, 0x04, 0x3B, 0xF1,
  0x06, 0x08, 0xED, 0x16, 0x05, 0x40, 0xFD, 0x1B, 0xC0, 0xD5,
  0x0D, 0x09, 0xBB, 0x49, 0xCC, 0xEB, 0x14, 0xE6, 0xC8, 0x00,
  0x32, 0xE7, 0xDF, 0xCB, 0xEC, 0xCD, 0x1A, 0x26, 0x12, 0xFF,
  0xC9, 0xD1, 0x53, 0x12, 0xFD, 0x0D, 0x0D, 0xE4, 0xE7, 0xC5,
  0xBC, 0x0F, 0x9B, 0x30, 0x62, 0x2F, 0xD1, 0x2E, 0x3D, 0xF8,
  0xF9, 0xDA, 0xDE, 0xDC, 0x16, 0xA1, 0xFB, 0xEB, 0xE6, 0x3A,
  0x19, 0xE5, 0xB1, 0x3B, 0x11, 0xD6, 0x14, 0x1D, 0xEE, 0x2F,
  0x28, 0xD7, 0xF2, 0x16, 0xDF, 0xE8, 0x48, 0x01, 0x10, 0x22,
  0xF0, 0xE7, 0xC7, 0x68, 0xEE, 0xCA, 0x33, 0xE2, 0xD5, 0xE6,
  0x29, 0x5B, 0x29, 0x2D, 0xD6, 0x2F, 0xEB, 0x0E, 0x00, 0xD7,
  0x04, 0x14, 0x51, 0xE2, 0x20, 0x24, 0x0E, 0xBC, 0x57, 0xE1,
  0xDA, 0xF3, 0x47, 0xE8, 0x01, 0x3D, 0xAF, 0xDB, 0x1B, 0xEC,
  0x93, 0xD9, 0x67, 0x36, 0x25, 0xFA, 0x00, 0x08, 0x00, 0xBA,
  0x32, 0xCF, 0x3E, 0x0D, 0x2C, 0x46, 0x01, 0x29, 0x3F, 0xE8,
  0x31, 0x33, 0x12, 0x13, 0x39, 0xE3, 0x21, 0x7B, 0x0B, 0xD9,
  0x25, 0xE7, 0xAC, 0x21, 0x05, 0x02, 0x07, 0x9F, 0x0D, 0xFF,
  0xFF, 0x12, 0xFB, 0x56, 0x08, 0xDB, 0xF7, 0xCD, 0x1B, 0x45,
  0x13, 0xCD, 0xC8, 0xF3, 0x41, 0x5E, 0x2F, 0xD9, 0x14, 0xD7,
  0xA7, 0xBB, 0x09, 0xD2, 0xDB, 0x2F, 0xB7, 0x1C, 0xE8, 0x26,
  0xD1, 0x34, 0x3E, 0x5E, 0x54, 0x02, 0xBC, 0xE2, 0x25, 0x11,
  0x36, 0x3C, 0xF3, 0xB5, 0xEA, 0xC1, 0xDA, 0x0C, 0xF6, 0x46,
  0xD7, 0xB6, 0x24, 0xE2, 0x36, 0xF6, 0xF8, 0x03, 0x07, 0x3D,
  0x1C, 0x04, 0x1E, 0x11, 0x1E, 0x74, 0x10, 0xDC, 0xF8, 0xFD,
  0x2E, 0x06, 0x54, 0xDD, 0x47, 0xC0, 0x29, 0x0E, 0x20, 0x00,
  0x1F, 0x38, 0xED, 0x8F, 0x9E, 0x15, 0x1D, 0xE3, 0x02, 0xFF,
  0x3C, 0x0C, 0x26, 0xEF, 0x40, 0x13, 0x06, 0x51, 0xE7, 0xFA,
  0xE4, 0x18, 0xEF, 0xE6, 0x30, 0xE7, 0x4D, 0xB4, 0x16, 0x13,
  0xB1, 0x15, 0xD7, 0x0D, 0x48, 0xC7, 0xCB, 0x16, 0x2C, 0xE4,
  0xA4, 0xFA, 0x21, 0xCC, 0xEF, 0x1D, 0x49, 0x15, 0xCA, 0x22,
  0x26, 0xB5, 0x14, 0xDB, 0xE4, 0xF1, 0xDA, 0xED, 0x22, 0xFC,
  0xDD, 0xE8, 0xB0, 0xBF, 0xBC, 0xD2, 0x17, 0xB6, 0xDB, 0xEC,
  0x1E, 0xD8, 0xCC, 0x0D, 0xEB, 0xC8, 0x1B, 0xCA, 0x32, 0x19,
  0xFF, 0x4D, 0x00, 0x01, 0xF3, 0xB5, 0x11, 0x3F, 0x3B, 0xE1,
  0xE2, 0xEA, 0x48, 0x23, 0x82, 0x2F, 0xEB, 0xE4, 0xF5, 0xD3,
  0xEE, 0x07, 0x7F, 0xF2, 0xB4, 0xFD, 0x25, 0xC3, 0xED, 0x03,
  0x10, 0xF8, 0x0F, 0xE6, 0x0E, 0x10, 0x25, 0xED, 0xB9, 0x0D,
  0x13, 0x9B, 0x36, 0xBB, 0x5D, 0xFD, 0xF2, 0x5D, 0xF4, 0x28,
  0xE9, 0x30, 0x04, 0xF1, 0x46, 0x4B, 0xDA, 0xFD, 0x2A, 0xB0,
  0xCC, 0xC5, 0xBA, 0x35, 0xC0, 0xCF, 0xDF, 0xCD, 0xBE, 0xFD,
  0xCE, 0x35, 0x67, 0x09, 0x1A, 0x3B, 0x71, 0xE3, 0xFE, 0x2E,
  0x40, 0x53, 0x3A, 0xAD, 0xCE, 0xFF, 0x49, 0x2F, 0xF1, 0xE9,
  0xD6, 0xC3, 0x14, 0xC1, 0x2E, 0xD7, 0xFC, 0x1C, 0xEA, 0xFF,
  0xAE, 0x0D, 0xCC, 0xB8, 0xF4, 0x09, 0x06, 0xEA, 0xC2, 0xD8,
  0x21, 0xE5, 0x17, 0x20, 0x2D, 0xE9, 0xDD, 0x0B, 0xFF, 0x8C,
  0x41, 0xF7, 0xED, 0x1C, 0x17, 0xEF, 0xC4, 0x9C, 0x55, 0xD7,
  0x00, 0x0B, 0x27, 0x41, 0xAF, 0x77, 0x9B, 0xF4, 0x1B, 0x0D,
  0x02, 0xDA, 0xD0, 0x32, 0x1D, 0xFB, 0xBA, 0x53, 0x4C, 0xAC,
  0xF0, 0x28, 0x5C, 0xE4, 0xBB, 0x35, 0x1D, 0x33, 0x22, 0xC3,
  0x05, 0x0E, 0x3E, 0x10, 0x48, 0xEC, 0x0C, 0x02, 0xAE, 0x44,
  0xFD, 0xEA, 0x2A, 0xF3, 0x44, 0x09, 0xD8, 0xD8, 0x02, 0xE4,
  0x36, 0x93, 0xF3, 0x66, 0x5C, 0x56, 0x06, 0x43, 0xE0, 0x14,
  0xF7, 0xA0, 0xDB, 0xDA, 0x24, 0xE0, 0x2A, 0x0A, 0xC5, 0xC8,
  0xD6, 0x58, 0x27, 0x12, 0xD7, 0xD3, 0x43, 0xD1, 0x0F, 0x3A,
  0xF6, 0xF8, 0xF8, 0xF9, 0xD3, 0x4A, 0x51, 0x4B, 0xC1, 0x5D,
  0x22, 0xCE, 0x00, 0xDE, 0xE9, 0xC6, 0x12, 0xE8, 0x06, 0x7F,
  0xD5, 0x3E, 0xE6, 0x12, 0x6E, 0x28, 0x47, 0xDD, 0x41, 0xF3,
  0x49, 0x01, 0xC1, 0x53, 0x44, 0xC2, 0xED, 0x1F, 0x40, 0xFC,
  0xB4, 0xE0, 0x55, 0x26, 0x3E, 0xF8, 0x12, 0xCF, 0x34, 0xD6,
  0xC8, 0x53, 0x08, 0x0B, 0xB4, 0x4D, 0xFA, 0x47, 0x0A, 0x07,
  0x1C, 0xBB, 0x3A, 0x20, 0x20, 0xFE, 0x50, 0xFE, 0xBA, 0x1F,
  0xDB, 0x3D, 0xD6, 0x12, 0xF1, 0xFA, 0x39, 0xB7, 0xAB, 0xD0,
  0x0C, 0xF2, 0xFD, 0x29, 0x01, 0x98, 0x07, 0xFE, 0x2A, 0x08,
  0xFF, 0xF2, 0xFA, 0xF0, 0x31, 0x24, 0xEF, 0x17, 0x42, 0xD5,
  0x19, 0x24, 0xE1, 0x8F, 0xDE, 0xCD, 0x3C, 0x4F, 0xF0, 0xD9,
  0xF5, 0xD3, 0x2B, 0xF2, 0x2E, 0xF1, 0x1F, 0xED, 0x01, 0xF7,
  0x18, 0x16, 0xD6, 0xFA, 0xE4, 0x3B, 0x8F, 0x98, 0x18, 0x0B,
  0xD7, 0x05, 0xF3, 0xBA, 0x0D, 0xDF, 0xDD, 0x3B, 0xFD, 0x0A,
  0xB3, 0x88, 0x56, 0xE0, 0xEE, 0xF9, 0x67, 0x4C, 0xC9, 0x59,
  0xCE, 0xFB, 0xB5, 0xF9, 0xB3, 0x46, 0x24, 0x4A, 0xA3, 0xCE,
  0x13, 0x1A, 0xF9, 0x17, 0xFD, 0xED, 0xFE, 0xE4, 0xF1, 0x48,
  0xD2, 0x10, 0x15, 0xED, 0x10, 0x22, 0x51, 0xF9, 0x54, 0xFE,
  0xFC, 0xF4, 0x0D, 0x49, 0xF4, 0x03, 0x3C, 0x02, 0x20, 0x45,
  0xEF, 0x2B, 0xED, 0x31, 0x36, 0x0B, 0x0D, 0x35, 0x16, 0x24,
  0xC0, 0x7D, 0x3D, 0x28, 0x17, 0xE0, 0xDA, 0xE2, 0x3A, 0x3B,
  0xE3, 0x31, 0x38, 0xBD, 0xC2, 0x43, 0x19, 0xEF, 0x3D, 0x1A,
  0x69, 0xEC, 0x52, 0x2D, 0xF7, 0xE6, 0x03, 0x40, 0xFC, 0xF9,
  0x45, 0x18, 0xB5, 0x23, 0xF7, 0x07, 0x41, 0xB0, 0x3D, 0x02,
  0xF1, 0x35, 0xB2, 0x75, 0x13, 0xF1, 0x30, 0x7F, 0x02, 0x13,
  0x0D, 0xDD, 0x1B, 0x0E, 0x4E, 0x36, 0xD9, 0x31, 0x01, 0x0C,
  0x09, 0xC1, 0x29, 0x0D, 0xC3, 0x69, 0x01, 0x4E, 0xF9, 0xCE,
  0xFE, 0xA3, 0xD9, 0xF8, 0xB0, 0x53, 0xEE, 0xE3, 0xC6, 0x3F,
  0xF6, 0x37, 0x39, 0x46, 0x3E, 0xC1, 0x3F, 0x10, 0x1D, 0xEB,
  0x14, 0xE1, 0xC6, 0xC4, 0xD5, 0xD5, 0xE5, 0xEB, 0x3F, 0x2C,
  0x47, 0xB5, 0x10, 0xB9, 0x32, 0x1C, 0xDF, 0x52, 0xED, 0x08,
  0xD5, 0x29, 0x21, 0x0A, 0x0F, 0x15, 0x30, 0x08, 0x10, 0x10,
  0x4A, 0x0F, 0x50, 0x24, 0xB6, 0xC1, 0xDB, 0xF9, 0x06, 0x1E,
  0xF8, 0x53, 0x15, 0x85, 0x19, 0x98, 0xF7, 0x25, 0x4B, 0x14,
  0xF5, 0xFD, 0xF7, 0xBF, 0x17, 0xD4, 0xF4, 0xDB, 0x36, 0x56,
  0xF1, 0x31, 0xBD, 0x1D, 0x35, 0x26, 0x31, 0x04, 0xD2, 0x12,
  0x18, 0xBF, 0x25, 0x19, 0x0E, 0x2C, 0x06, 0xC8, 0x0D, 0xF2,
  0x4B, 0xB8, 0x17, 0xF4, 0x15, 0xBE, 0x07, 0x24, 0xED, 0x03,
  0xE5, 0xFB, 0x05, 0x12, 0xC5, 0x3A, 0x0A, 0xF6, 0xF7, 0xD9,
  0xA9, 0x0F, 0x03, 0xE9, 0xFB, 0xFC, 0xC5, 0x0E, 0x11, 0xF7,
  0xFF, 0xC8, 0xFF, 0xFA, 0xF9, 0x41, 0xE4, 0xBD, 0xFA, 0x36,
  0x23, 0xE2, 0xD3, 0x16, 0x1E, 0xE4, 0x0A, 0xEE, 0xF0, 0xD0,
  0x1C, 0x09, 0xB9, 0x2A, 0x06, 0xDC, 0xDB, 0x13, 0xAD, 0xF7,
  0x0A, 0x30, 0xEB, 0x13, 0x1F, 0x09, 0xE9, 0xB9, 0x22, 0x81,
  0x10, 0xD7, 0x3D, 0x07, 0xC4, 0x0E, 0x07, 0x1A, 0x2D, 0x0E,
  0xF1, 0xE2, 0xEC, 0xCB, 0xEC, 0xE0, 0x0E, 0xDB, 0x09, 0x10,
  0xCF, 0xDD, 0x13, 0xE0, 0xD2, 0x30, 0xE0, 0xFE, 0xBD, 0xBB,
  0xFA, 0xEE, 0xED, 0x03, 0x44, 0x13, 0xED, 0xEF, 0x21, 0xEE,
  0xDA, 0x3F, 0xB6, 0xBC, 0x1C, 0x23, 0xF2, 0xDF, 0x2A, 0xC6,
  0xF4, 0xE3, 0xDA, 0x2E, 0x29, 0x35, 0xD9, 0xEA, 0x1B, 0xDA,
  0xCE, 0x1B, 0x36, 0x97, 0x21, 0x2A, 0x55, 0x38, 0xB9, 0x14,
  0xF0, 0x2E, 0xE6, 0xDF, 0xD5, 0x0B, 0xF6, 0xDC, 0xC4, 0x08,
  0x10, 0xC8, 0x2A, 0xF7, 0xC6, 0x59, 0xD6, 0x26, 0xF6, 0x3F,
  0xD9, 0xC9, 0xD3, 0xE0, 0x14, 0xB7, 0xEC, 0xD8, 0x2A, 0xD2,
  0x1F, 0x07, 0xE6, 0xF4, 0xE1, 0x4E, 0xEF, 0xD7, 0xF7, 0xC8,
  0x0E, 0x18, 0xF5, 0xEF, 0x38, 0xF9, 0x1D, 0x2C, 0xF9, 0xD7,
  0x17, 0x43, 0x04, 0x03, 0xC3, 0x00, 0x3E, 0xFE, 0xC6, 0x99,
  0x44, 0xD6, 0x2D, 0x2F, 0x31, 0x3F, 0x11, 0x3B, 0x2C, 0x40,
  0x5A, 0xD5, 0xCB, 0x2B, 0x26, 0xB0, 0xA7, 0x31, 0xD5, 0x04,
  0xE7, 0xD4, 0x16, 0xE4, 0x43, 0xE1, 0x49, 0xD4, 0x35, 0xBA,
  0x2C, 0xE9, 0x10, 0x0C, 0x8F, 0xED, 0xD1, 0x16, 0xA5, 0xE4,
  0xF2, 0x20, 0x55, 0xD3, 0xDC, 0x33, 0x30, 0x13, 0xC2, 0xB4,
  0xF6, 0x04, 0x39, 0x32, 0xDF, 0x04, 0xDC, 0x1E, 0x28, 0xFB,
  0x2C, 0x17, 0x31, 0x14, 0x23, 0xDE, 0xE1, 0x04, 0x47, 0xDF,
  0xD7, 0x23, 0xC8, 0x43, 0xDB, 0x98, 0xCF, 0x23, 0xEA, 0x01,
  0x47, 0x2A, 0x9D, 0x60, 0x08, 0xFF, 0x1A, 0xB0, 0x2E, 0xBC,
  0x30, 0xB1, 0xC0, 0x87, 0x1A, 0xD9, 0xE2, 0xE9, 0x0D, 0xF1,
  0xB8, 0xAB, 0x97, 0x48, 0x9E, 0x00, 0xDB, 0xF3, 0xD2, 0x05,
  0x02, 0xD9, 0x15, 0x2C, 0xEC, 0x4E, 0xE9, 0x24, 0xCE, 0xC5,
  0xDE, 0x09, 0x05, 0x35, 0x2F, 0xD5, 0xC6, 0x25, 0x3F, 0xEC,
  0xB8, 0x34, 0x35, 0x33, 0xF2, 0x2F, 0x94, 0x00, 0xCF, 0xE6,
  0xBB, 0x21, 0xF4, 0xB6, 0xB4, 0xC4, 0x0F, 0x49, 0xFB, 0xE6,
  0xF6, 0xA0, 0x94, 0xA7, 0xF3, 0x57, 0x43, 0xAD, 0x05, 0x07,
  0x13, 0x4E, 0xF7, 0x7F, 0x08, 0xE8, 0xE8, 0xE2, 0x13, 0x1C,
  0x10, 0xDD, 0xB0, 0x62, 0xFB, 0xEE, 0x0F, 0xFC, 0x10, 0x16,
  0xA5, 0x13, 0x18, 0x42, 0xA7, 0xBD, 0xCA, 0x29, 0x57, 0xD3,
  0xDE, 0xB6, 0xD4, 0x08, 0xD8, 0x41, 0x4A, 0xEE, 0xEC, 0x36,
  0xD8, 0xC8, 0x17, 0x09, 0xD1, 0x3A, 0x13, 0xFB, 0xC0, 0x12,
  0x2F, 0x55, 0xFF, 0xCC, 0x36, 0x11, 0xF9, 0x35, 0xC8, 0x0B,
  0x12, 0x23, 0xF5, 0xAE, 0xE3, 0x14, 0x1B, 0x0C, 0xDC, 0x23,
  0xE0, 0xC2, 0x15, 0x1D, 0xF0, 0xA1, 0x39, 0xDD, 0xDF, 0x35,
  0x00, 0xE3, 0x06, 0xB8, 0x15, 0xCD, 0x0E, 0x02, 0x3F, 0x21,
  0x2B, 0xE8, 0x37, 0xE9, 0x33, 0xD5, 0xF1, 0xA7, 0x68, 0xBC,
  0xD9, 0x08, 0xF1, 0xC1, 0xF5, 0xC8, 0x16, 0xC9, 0xDD, 0x1D,
  0xD5, 0x4D, 0x1D, 0xBA, 0xDB, 0x33, 0xF1, 0x36, 0xE1, 0xEB,
  0x3F, 0xFF, 0xEB, 0x53, 0x50, 0x38, 0xCE, 0x23, 0xB8, 0x01,
  0xF1, 0x3C, 0x3A, 0x07, 0x27, 0xEE, 0xAA, 0xEB, 0xDE, 0xCD,
  0x31, 0xEC, 0xD4, 0xFA, 0x90, 0xDA, 0xE4, 0xFA, 0x13, 0x39,
  0xAB, 0x3B, 0x40, 0x19, 0x07, 0x2F, 0x09, 0x1B, 0x20, 0xE5,
  0x27, 0xBE, 0xFD, 0xF9, 0x34, 0x0E, 0xA4, 0x0C, 0x8D, 0xAA,
  0x10, 0xE5, 0xD7, 0x8E, 0xD7, 0x20, 0xC2, 0xAE, 0x1A, 0x2E,
  0x0D, 0x05, 0xF4, 0x32, 0xF6, 0x13, 0xB7, 0x51, 0x61, 0x31,
  0x17, 0x45, 0xEA, 0xA1, 0x5A, 0x23, 0x0C, 0xF1, 0x94, 0x0B,
  0xB3, 0x0A, 0xF4, 0xB8, 0x16, 0xC8, 0xFE, 0xD4, 0xCB, 0xF6,
  0x03, 0x24, 0x51, 0xCC, 0xFB, 0xE4, 0x1F, 0x1E, 0x9E, 0xDB,
  0x7F, 0x79, 0xCD, 0x15, 0xF1, 0xE5, 0x11, 0x19, 0x10, 0x1D,
  0x04, 0xE2, 0xAE, 0xCD, 0x04, 0xDF, 0x3A, 0xF4, 0x1C, 0x0D,
  0xF4, 0xAE, 0xE4, 0x5A, 0xDD, 0x39, 0x24, 0x13, 0xD6, 0x03,
  0x2A, 0xEA, 0x77, 0x6D, 0xF8, 0xE1, 0x00, 0xFF, 0x07, 0x45,
  0x11, 0xFF, 0xA2, 0xFC, 0xCA, 0xC9, 0x21, 0x1E, 0xEF, 0x9F,
  0x2F, 0xE6, 0xE7, 0x90, 0x24, 0xFE, 0xD6, 0x0E, 0x1E, 0x1C,
  0xE1, 0x2F, 0xE3, 0x2C, 0x01, 0xE9, 0xEE, 0xEE, 0x8A, 0x25,
  0xFA, 0x3A, 0xAB, 0xFE, 0x2B, 0x00, 0xD9, 0x12, 0xEF, 0x15,
  0x35, 0x10, 0x05, 0x22, 0xE1, 0x07, 0x0D, 0xA9, 0x17, 0xD3,
  0x26, 0x00, 0x46, 0x14, 0xE4, 0xF7, 0x11, 0x3C, 0x1D, 0xE2,
  0x14, 0x15, 0xD1, 0x27, 0xEE, 0x14, 0xD5, 0x10, 0xEA, 0x26,
  0x12, 0x1C, 0x06, 0x16, 0xD7, 0x44, 0xCC, 0x08, 0x0F, 0x1E,
  0xFF, 0x0C, 0x31, 0xF2, 0x07, 0x22, 0xC3, 0xDF, 0xFF, 0x2E,
  0xCF, 0xFD, 0x30, 0x16, 0x35, 0xC9, 0x33, 0x48, 0x0D, 0x15,
  0x20, 0x0F, 0xDA, 0xFB, 0x00, 0xEB, 0xDD, 0x2B, 0x26, 0xF2,
  0x36, 0xF1, 0xE1, 0xEC, 0x3F, 0xF2, 0xCE, 0x35, 0x1F, 0x05,
  0xD6, 0x42, 0x1E, 0x1D, 0xEA, 0x14, 0x55, 0xD2, 0x4B, 0x32,
  0x32, 0x05, 0x15, 0x06, 0xE8, 0x1B, 0x03, 0xC2, 0xCD, 0xF8,
  0x36, 0xF9, 0x4E, 0x81, 0x0F, 0xC5, 0x02, 0x38, 0xF7, 0x24,
  0xDA, 0x12, 0x05, 0x2D, 0x0E, 0x0D, 0x00, 0x29, 0x34, 0x40,
  0xFE, 0xF5, 0xFA, 0xE8, 0x52, 0xF1, 0xD6, 0xFF, 0x24, 0xD6,
  0xEE, 0xE1, 0x29, 0x30, 0x04, 0xBD, 0xFB, 0xA3, 0x0D, 0x12,
  0x23, 0x11, 0xC6, 0xE5, 0xCF, 0x09, 0xFF, 0xD9, 0x09, 0xDD,
  0x04, 0x4C, 0xFF, 0xE1, 0x3D, 0xFA, 0x21, 0xF6, 0xA9, 0x11,
  0x11, 0xCD, 0xE2, 0x13, 0x05, 0x29, 0x0E, 0xB6, 0x39, 0xFE,
  0x13, 0x12, 0x47, 0x33, 0xDF, 0x34, 0xE7, 0x3E, 0xF9, 0x10,
  0x25, 0xE3, 0x39, 0xEB, 0xF5, 0xDE, 0x11, 0x2E, 0x39, 0x00,
  0xB8, 0xCB, 0x15, 0x1D, 0xEB, 0x42, 0x0D, 0xE3, 0x23, 0xB7,
  0xE4, 0xE2, 0x12, 0x39, 0x1A, 0xF6, 0xF8, 0x30, 0x02, 0x1C,
  0x33, 0xDF, 0xD8, 0xDA, 0x28, 0xAD, 0x03, 0x37, 0xD3, 0xCA,
  0xFD, 0x1D, 0xFB, 0x1C, 0x20, 0x1F, 0xD0, 0xFC, 0x1D, 0x27,
  0x21, 0xDA, 0x20, 0x00, 0xDB, 0xCB, 0xE7, 0x37, 0xFB, 0x42,
  0x1C, 0x1E, 0xEE, 0xB0, 0xB4, 0xB4, 0x54, 0xF1, 0x0B, 0x1A,
  0xCC, 0xFD, 0x0B, 0x18, 0xEC, 0x28, 0xE8, 0xEA, 0xD0, 0xD9,
  0xCC, 0x12, 0x4C, 0x21, 0xFF, 0x28, 0xF2, 0xF4, 0x25, 0xEE,
  0x0A, 0xC5, 0x41, 0xFE, 0x1B, 0xE2, 0xD6, 0xF5, 0x5F, 0xB4,
  0x18, 0x75, 0x1C, 0x04, 0xAC, 0x25, 0x39, 0xEF, 0xEB, 0xCA,
  0xD8, 0x0B, 0xE4, 0xF1, 0x4D, 0xEA, 0xD2, 0xFB, 0xF8, 0xCC,
  0x11, 0x36, 0x08, 0xFC, 0x15, 0xCC, 0xE8, 0x81, 0xE9, 0x1E,
  0x13, 0x05, 0x0C, 0x22, 0x0C, 0xFC, 0x03, 0xF2, 0x51, 0x4A,
  0x21, 0x4A, 0xF4, 0xBB, 0x0E, 0xEE, 0x0B, 0x30, 0x1F, 0x2A,
  0xA8, 0x94, 0x4A, 0xCD, 0xE9, 0x1E, 0x67, 0xFF, 0x3A, 0xCD,
  0x04, 0xED, 0x31, 0xCA, 0x2B, 0x56, 0x0C, 0xA9, 0xE7, 0x32,
  0x03, 0xDF, 0xD8, 0xFA, 0x18, 0x06, 0xBF, 0x2D, 0x40, 0xE4,
  0x04, 0xF7, 0xB8, 0xC2, 0xE7, 0xFF, 0xB7, 0xF9, 0x1F, 0xF7,
  0x35, 0xCA, 0xD3, 0xB2, 0x13, 0xDF, 0xEC, 0x1C, 0x26, 0xF1,
  0xD0, 0x08, 0x4B, 0x76, 0x14, 0xF8, 0x1A, 0x09, 0xAD, 0xC5,
  0xCE, 0xEC, 0xE7, 0x53, 0xC5, 0xC0, 0xF5, 0xCA, 0xF2, 0x35,
  0x3F, 0xD8, 0xD7, 0x99, 0x20, 0xC2, 0x16, 0xEA, 0x04, 0xEC,
  0xD2, 0x01, 0xD3, 0x34, 0x4F, 0x70, 0xE2, 0x31, 0x48, 0xD1,
  0xFF, 0x03, 0x0F, 0xCB, 0xEC, 0x3F, 0xEC, 0xA7, 0xC8, 0x23,
  0x0F, 0xEA, 0xF3, 0x1A, 0xC0, 0xF3, 0x14, 0xFC, 0xC4, 0x97,
  0x1E, 0xB7, 0xCB, 0xD8, 0xF1, 0x0C, 0x17, 0x38, 0x21, 0x50,
  0xE9, 0xF7, 0xFB, 0xF1, 0x17, 0x23, 0xF5, 0x30, 0xC1, 0x1C,
  0xFC, 0x18, 0xCA, 0xB1, 0x42, 0xFE, 0x07, 0xFE, 0x11, 0xF4,
  0x07, 0x15, 0xF1, 0xD5, 0x2E, 0xDB, 0x07, 0x27, 0xBD, 0x0D,
  0x36, 0x3F, 0x34, 0xBF, 0x2D, 0xEC, 0x27, 0xEC, 0xBB, 0x05,
  0x26, 0xE0, 0xA5, 0x28, 0xF4, 0xD5, 0x21, 0x0F, 0x11, 0xCC,
  0x23, 0xFA, 0x0A, 0x17, 0x01, 0x03, 0x22, 0xF6, 0xF1, 0xC8,
  0x81, 0x2E, 0x3F, 0x35, 0xDC, 0xC6, 0xD9, 0x23, 0x36, 0xD9,
  0x19, 0x46, 0xE1, 0xFD, 0xB4, 0xB1, 0xF4, 0x21, 0xF6, 0xE6,
  0xF5, 0x00, 0x12, 0x09, 0xF5, 0xE0, 0x2D, 0x10, 0x36, 0x0B,
  0x1A, 0x16, 0xB6, 0xFC, 0x13, 0x55, 0xC5, 0xF3, 0xE6, 0x36,
  0xF2, 0x14, 0xB9, 0x1C, 0xCC, 0x31, 0x05, 0xA4, 0xC1, 0xDF,
  0xE8, 0xA9, 0xE3, 0x4F, 0xC9, 0x08, 0xCF, 0xD4, 0xE8, 0xE2,
  0x2F, 0xEF, 0xE9, 0x18, 0x9B, 0xDC, 0x17, 0x2E, 0xC9, 0xC4,
  0x07, 0xF5, 0x19, 0x0D, 0xC0, 0xE2, 0xCA, 0xCB, 0x14, 0xA9,
  0x0F, 0xD8, 0x22, 0xB9, 0xD6, 0x16, 0xDE, 0x35, 0x18, 0xFB,
  0x0F, 0xD6, 0x0A, 0x24, 0x02, 0x52, 0xF8, 0x12, 0x32, 0x68,
  0xE9, 0x1E, 0xCC, 0x33, 0x3F, 0x19, 0xC6, 0x00, 0xE7, 0x31,
  0xF4, 0xF1, 0xF4, 0x2C, 0xBD, 0x9A, 0xA1, 0xDC, 0xFE, 0x13,
  0xD9, 0xFF, 0x66, 0x3D, 0x06, 0x0C, 0x03, 0xF9, 0xC1, 0x4D,
  0x0C, 0x08, 0x0E, 0xBA, 0xE9, 0xD1, 0xE1, 0x14, 0x04, 0x12,
  0xC3, 0xF3, 0xC8, 0x08, 0x1E, 0x3C, 0x16, 0xD4, 0xFA, 0xF0,
  0x35, 0xEE, 0xD8, 0xE0, 0x21, 0x13, 0x13, 0xC8, 0xEE, 0x3D,
  0xF0, 0xD9, 0xED, 0xDE, 0x1A, 0x2A, 0xC7, 0x99, 0x08, 0xD1,
  0x09, 0x13, 0xD2, 0xED, 0x14, 0x3C, 0x1A, 0x81, 0xD7, 0x24,
  0x0E, 0xC7, 0xFC, 0xDC, 0x0C, 0xC2, 0xF3, 0xFA, 0x16, 0x16,
  0xE3, 0x17, 0x07, 0x33, 0xD8, 0x0E, 0xC8, 0x13, 0x26, 0xDB,
  0x37, 0x09, 0x24, 0x1E, 0xCB, 0xF3, 0x29, 0xF7, 0x03, 0xE0,
  0x05, 0x2E, 0xF8, 0xDE, 0xE2, 0xC4, 0x02, 0x1E, 0xFF, 0x31,
  0x02, 0xCF, 0xFD, 0x31, 0x3E, 0x22, 0xFF, 0xB5, 0x0E, 0xF7,
  0x23, 0xFD, 0x4E, 0x16, 0x1B, 0x5A, 0xCD, 0xE6, 0xDC, 0xE2,
  0x02, 0x1A, 0xF2, 0xFF, 0x35, 0xC6, 0x0D, 0x14, 0xE3, 0x00,
  0xD2, 0x2D, 0xD9, 0x0E, 0xE8, 0xF2, 0x03, 0x0B, 0xDD, 0x24,
  0x2A, 0xC3, 0x10, 0xF4, 0xDA, 0xFB, 0xF3, 0x32, 0xF1, 0x9B,
  0xF2, 0x41, 0x39, 0x3F, 0x33, 0xF5, 0xF6, 0xA2, 0x1B, 0xEF,
  0x2B, 0xDC, 0x26, 0x1D, 0xCE, 0xD9, 0xF0, 0xF4, 0x07, 0xFA,
  0x0A, 0x2F, 0x37, 0xAE, 0xC7, 0xA5, 0x0C, 0x20, 0x1D, 0xFF,
  0xD3, 0xEC, 0x2C, 0xF2, 0x0B, 0xCB, 0x42, 0x2D, 0xF7, 0xDB,
  0x03, 0xC9, 0x20, 0x01, 0xEF, 0x17, 0x06, 0xFD, 0xC4, 0x20,
  0x3D, 0xFC, 0x05, 0x35, 0x08, 0x3B, 0xD2, 0xE6, 0xF0, 0xE6,
  0xD5, 0x31, 0xC7, 0xCE, 0xBA, 0x23, 0x44, 0x20, 0x16, 0x55,
  0xDF, 0xDB, 0x0E, 0xBF, 0x55, 0xE6, 0xDE, 0x2F, 0xCC, 0x0B,
  0x04, 0xEB, 0xCC, 0x5B, 0x1A, 0x33, 0x33, 0xEC, 0x07, 0x15,
  0x26, 0x1A, 0xEE, 0x26, 0xE6, 0xC0, 0x09, 0x0C, 0xFB, 0x48,
  0x29, 0x40, 0xC7, 0x10, 0x18, 0x06, 0xF3, 0xD9, 0x0E, 0xE5,
  0x23, 0x02, 0x11, 0x44, 0x1C, 0xFA, 0xF2, 0xC6, 0x1F, 0xDA,
  0x16, 0xE5, 0x1A, 0x08, 0xE9, 0x55, 0x06, 0x33, 0xFB, 0x1E,
  0xE2, 0xD5, 0xB4, 0xF5, 0xD4, 0x2D, 0xDC, 0xF8, 0x11, 0xEA,
  0x33, 0xD7, 0x2F, 0xE6, 0x14, 0xF4, 0xAC, 0x1F, 0x3F, 0xFF,
  0x03, 0x01, 0x21, 0xEC, 0xE1, 0x3B, 0xF8, 0xEF, 0x30, 0x3E,
  0x38, 0x47, 0xA0, 0x18, 0xB0, 0x24, 0xE2, 0x10, 0x4C, 0x1B,
  0x11, 0xF4, 0x2F, 0xAF, 0xF3, 0xE6, 0xE2, 0x34, 0x9D, 0x16,
  0x19, 0x13, 0xF2, 0xE7, 0xD4, 0xEA, 0x00, 0x2B, 0x12, 0x14,
  0xEB, 0x2F, 0x3A, 0xFA, 0x28, 0xCC, 0xD4, 0x39, 0xFB, 0x0E,
  0x2B, 0xFD, 0xCB, 0xE5, 0xED, 0xB1, 0xF1, 0xB9, 0x37, 0x0A,
  0x9A, 0xE3, 0xFA, 0xED, 0xD4, 0xF6, 0x18, 0xF7, 0xBE, 0xE7,
  0x42, 0xDF, 0xF9, 0xF5, 0x48, 0xDF, 0xCF, 0x16, 0xF6, 0x18,
  0xD7, 0xD6, 0xED, 0xF1, 0xDF, 0xFF, 0xC3, 0x98, 0x20, 0xCB,
  0x11, 0xE7, 0x8A, 0xD3, 0xFD, 0xE0, 0xF1, 0x5D, 0x07, 0x0E,
  0x24, 0xCB, 0x38, 0xDD, 0xE6, 0x06, 0x3C, 0xF5, 0xF3, 0x4E,
  0xCA, 0x2D, 0xB2, 0x2A, 0xE9, 0xD4, 0x0C, 0x38, 0xDE, 0xBF,
  0xF8, 0xF0, 0xFD, 0x0C, 0xE9, 0xFE, 0x23, 0x09, 0xFA, 0x10,
  0x1F, 0xE4, 0xD8, 0xE4, 0x55, 0x2D, 0xE5, 0x2C, 0x05, 0x44,
  0x05, 0x12, 0xF2, 0x0F, 0xC9, 0x27, 0xF3, 0xF6, 0xE6, 0x0F,
  0xFA, 0x91, 0xE4, 0x0D, 0x1C, 0xFF, 0x9A, 0x19, 0x2D, 0x02,
  0xFB, 0x17, 0xD0, 0x06, 0x0D, 0xF3, 0x7F, 0xD9, 0xCB, 0xD9,
  0x3D, 0x4C, 0xC8, 0x00, 0x14, 0x21, 0xFA, 0xE5, 0xF9, 0x1C,
  0x17, 0xE4, 0xC8, 0x3D, 0xD7, 0xE4, 0xD1, 0xF3, 0x3E, 0x2C,
  0x48, 0xC9, 0xDC, 0xDA, 0xD3, 0xE1, 0x03, 0xC5, 0x06, 0x5A,
  0xEB, 0x21, 0xF5, 0x00, 0x13, 0xEA, 0x24, 0xF1, 0x0B, 0xF3,
  0xDF, 0x0E, 0x59, 0x4F, 0x10, 0x32, 0xFD, 0xCB, 0x1B, 0x02,
  0x4C, 0x35, 0x4E, 0xDA, 0xA4, 0x14, 0xDD, 0x0F, 0x5F, 0xCF,
  0xBA, 0x30, 0xE6, 0xCC, 0xB0, 0xEC, 0xEF, 0x07, 0x53, 0xEF,
  0x24, 0x07, 0xFD, 0xA7, 0xCC, 0xD0, 0xE2, 0x07, 0xF2, 0xF0,
  0xC4, 0x04, 0xE3, 0xF8, 0xF1, 0x3E, 0x23, 0x05, 0xC9, 0xE3,
  0x2A, 0xF6, 0xE9, 0xE0, 0xEC, 0xD2, 0x31, 0xC4, 0xF0, 0xFC,
  0x16, 0xEF, 0x01, 0xAA, 0xC4, 0x16, 0xFA, 0x17, 0x22, 0x26,
  0xC5, 0xBA, 0xEE, 0xED, 0x35, 0xE8, 0x15, 0x18, 0x50, 0xEE,
  0xD8, 0x0C, 0x43, 0x1B, 0x39, 0x26, 0xFF, 0x13, 0xEB, 0x20,
  0x54, 0x2D, 0x72, 0x23, 0x3E, 0xB2, 0xA7, 0xC6, 0x0D, 0x30,
  0xD5, 0x3E, 0xC4, 0x91, 0x04, 0x55, 0x2D, 0xCF, 0x13, 0x12,
  0xD5, 0xB0, 0xFB, 0x31, 0x4E, 0x39, 0xD0, 0x47, 0xA0, 0xE1,
  0xC4, 0xF7, 0x05, 0xAB, 0x1F, 0x07, 0x07, 0xF5, 0x10, 0xA3,
  0xFB, 0xC5, 0xAF, 0x7F, 0x30, 0xBC, 0xCF, 0x35, 0xE4, 0x55,
  0xFE, 0x27, 0xE8, 0xF3, 0xFF, 0xF4, 0x23, 0x30, 0xF7, 0x62,
  0xAB, 0xAD, 0x4B, 0xCC, 0x0F, 0xFF, 0x28, 0xB2, 0x00, 0xBF,
  0x3E, 0x06, 0x03, 0x18, 0x0C, 0x3E, 0x20, 0xEE, 0xF2, 0x24,
  0x1B, 0x30, 0xEF, 0xF4, 0x26, 0xE6, 0xE5, 0xDA, 0xE3, 0x24,
  0xB6, 0xE5, 0xD4, 0xB3, 0xC7, 0xBC, 0x34, 0x01, 0xEC, 0xB1,
  0x3B, 0xDB, 0xFA, 0xEB, 0x47, 0x2A, 0xD5, 0x20, 0x21, 0xEF,
  0xEC, 0xD6, 0xF7, 0x15, 0xC1, 0xE6, 0x0B, 0xED, 0x2D, 0x37,
  0xEF, 0x0F, 0x13, 0xDA, 0x10, 0xFF, 0x05, 0xE8, 0x56, 0x2F,
  0xB6, 0x8A, 0x2C, 0xCB, 0xF4, 0xF6, 0xCD, 0x06, 0xF9, 0xD9,
  0x37, 0x33, 0x02, 0xF8, 0xDE, 0x14, 0x89, 0x1A, 0x2A, 0xE2,
  0x12, 0x0A, 0xE2, 0x3F, 0xDD, 0x0F, 0xE3, 0xF1, 0xE2, 0xFC,
  0xD1, 0x48, 0x0E, 0xCE, 0x15, 0x15, 0x48, 0x37, 0xA7, 0x06,
  0xF8, 0x04, 0x42, 0x23, 0x26, 0xD8, 0x37, 0x0B, 0x9E, 0x2D,
  0x20, 0xDF, 0x1C, 0xDC, 0xEF, 0x3A, 0x15, 0xDC, 0xFB, 0x30,
  0xFE, 0xF2, 0xCB, 0xFD, 0xDA, 0xD1, 0x35, 0x09, 0xF9, 0xD6,
  0xE4, 0x1E, 0x0A, 0x13, 0x49, 0xE6, 0xEA, 0xD6, 0x13, 0x21,
  0xB3, 0x3A, 0xCF, 0xFE, 0x27, 0xC3, 0x11, 0x1C, 0xEC, 0x05,
  0x0F, 0x2F, 0xDA, 0xC2, 0xD8, 0x04, 0xEC, 0xE9, 0x47, 0x09,
  0x7F, 0xE3, 0xD1, 0x6B, 0xF9, 0xFA, 0xE4, 0x14, 0xF9, 0xEE,
  0x3E, 0xCD, 0xA1, 0x36, 0x0A, 0xC8, 0x10, 0xD9, 0xD7, 0x07,
  0xCE, 0xCF, 0x13, 0x03, 0xA3, 0xDD, 0xF1, 0x35, 0x2A, 0xBB,
  0xE9, 0xDF, 0x70, 0xDD, 0xC0, 0x58, 0x50, 0xE3, 0xF5, 0x04,
  0xCC, 0xE1, 0x56, 0x15, 0xC5, 0xE9, 0xE8, 0xE6, 0xE9, 0xE3,
  0x17, 0xE9, 0xA1, 0x01, 0x45, 0x5F, 0x0B, 0xCB, 0x0F, 0xD8,
  0x50, 0xB0, 0x1F, 0x3F, 0x13, 0x23, 0xBF, 0x30, 0x35, 0xBE,
  0x20, 0xF2, 0xDA, 0xFA, 0x5B, 0x09, 0x01, 0x15, 0xE8, 0xDF,
  0x11, 0xF5, 0x03, 0xDB, 0xF2, 0x15, 0x21, 0xD5, 0xB3, 0xCA,
  0xCE, 0xDB, 0xDE, 0x33, 0xEF, 0xD6, 0x24, 0x09, 0xFE, 0xF9,
  0x69, 0xE6, 0x38, 0x03, 0x13, 0xFF, 0xDB, 0x0F, 0x24, 0xBF,
  0xDE, 0x3F, 0xDA, 0xEC, 0xD1, 0x3A, 0x02, 0x12, 0x32, 0x2A,
  0x2A, 0xDE, 0x07, 0xB1, 0xC4, 0x2D, 0xF2, 0xFB, 0xFB, 0x01,
  0x04, 0xF0, 0x51, 0xB4, 0x59, 0x1C, 0x0F, 0xFC, 0x13, 0xDB,
  0xE7, 0xD5, 0xDD, 0x09, 0x44, 0xC2, 0xCB, 0x20, 0x05, 0x0D,
  0x40, 0xFF, 0xF9, 0x08, 0x2C, 0xBA, 0xAD, 0x1E, 0x27, 0x07,
  0x12, 0xE8, 0xE4, 0x15, 0xE5, 0xC1, 0x11, 0x00, 0x45, 0x3A,
  0x04, 0xE2, 0xE5, 0xDA, 0xEF, 0x39, 0xDE, 0xB9, 0xA4, 0xD3,
  0x01, 0x08, 0x0A, 0x1D, 0x4C, 0x0B, 0x12, 0xF2, 0xE6, 0xF6,
  0xD8, 0xEB, 0x06, 0xFE, 0x0F, 0x3D, 0xEA, 0xA2, 0x2F, 0xFD,
  0xDB, 0x12, 0x9A, 0xCD, 0x1B, 0xF6, 0xE4, 0x29, 0xE9, 0xF3,
  0xBA, 0xEA, 0xF6, 0xCF, 0x36, 0x4A, 0xFC, 0xFE, 0xF6, 0xE0,
  0xFD, 0x5D, 0xB1, 0xF5, 0xD1, 0x24, 0x2A, 0x31, 0xC5, 0xCF,
  0x25, 0xC8, 0xFE, 0x1C, 0x9F, 0xF1, 0x45, 0x00, 0xDE, 0x42,
  0x11, 0xD9, 0xB2, 0x17, 0x37, 0x0D, 0xF9, 0xEA, 0x31, 0x29,
  0xE3, 0xD7, 0xEC, 0x06, 0xB9, 0x12, 0x03, 0x2A, 0xEA, 0x49,
  0xC3, 0x9F, 0x3E, 0x1D, 0x3D, 0x37, 0xDC, 0xEC, 0xFF, 0x0F,
  0xF4, 0x4A, 0x2F, 0xA0, 0xCA, 0xCE, 0x22, 0x27, 0x17, 0x17,
  0x2A, 0x3E, 0x26, 0x19, 0xCA, 0x46, 0x9E, 0x39, 0xAF, 0xE2,
  0x15, 0x05, 0x02, 0xB7, 0xD5, 0xE1, 0x11, 0x17, 0xEA, 0xF4,
  0x24, 0xE4, 0x17, 0x66, 0xD5, 0x81, 0x09, 0x07, 0x64, 0x12,
  0x16, 0xE5, 0x4A, 0x22, 0xE9, 0xD8, 0x61, 0x01, 0xC3, 0xE5,
  0x02, 0x10, 0xDA, 0xD0, 0xE8, 0xFD, 0x07, 0xE1, 0xE9, 0xCA,
  0x13, 0xAD, 0xF9, 0xE8, 0xF7, 0x16, 0x4E, 0xBD, 0xF8, 0xED,
  0x0D, 0xF3, 0xE7, 0x20, 0xD1, 0x25, 0x26, 0x1D, 0x75, 0x2E,
  0xBA, 0x13, 0x40, 0x28, 0x0B, 0xD5, 0x15, 0xE2, 0x0A, 0xB9,
  0xF8, 0x15, 0x24, 0xC9, 0x10, 0xF4, 0x33, 0x40, 0xE1, 0xE9,
  0xFA, 0x03, 0x23, 0xD2, 0x04, 0x26, 0xD9, 0xF6, 0xEC, 0xF3,
  0xFD, 0x00, 0xAE, 0xB9, 0x17, 0xED, 0x2B, 0xDB, 0xCE, 0xF1,
  0x25, 0x2A, 0xDA, 0xCA, 0x18, 0x05, 0x2B, 0x22, 0x40, 0x6F,
  0xFF, 0xC2, 0x1D, 0xF7, 0x1E, 0xD0, 0x19, 0x0F, 0xDA, 0xE6,
  0xE6, 0x57, 0x71, 0x46, 0xEE, 0x1E, 0x47, 0x29, 0xF2, 0x0C,
  0xFB, 0x08, 0x15, 0xEF, 0xAC, 0xCE, 0x60, 0xB2, 0xF0, 0x19,
  0x41, 0x0C, 0xB2, 0xDD, 0xE2, 0xDD, 0xC3, 0x21, 0xCD, 0x22,
  0x18, 0x40, 0x1A, 0xF4, 0x2A, 0x50, 0x43, 0xB6, 0xE3, 0x19,
  0x06, 0xF6, 0xDC, 0xF3, 0xD4, 0xD8, 0xA5, 0xF4, 0x31, 0x09,
  0xEF, 0xDA, 0xEF, 0x05, 0xE3, 0xDC, 0xFB, 0x0D, 0xF2, 0xF6,
  0xD6, 0x00, 0xEC, 0xE9, 0x05, 0x2F, 0xF9, 0x0D, 0x5A, 0x0A,
  0xFD, 0xEB, 0x01, 0xFE, 0xCE, 0xAF, 0x0D, 0x0C, 0xC7, 0xFF,
  0x02, 0xFE, 0x07, 0x08, 0xFF, 0x38, 0x0D, 0xDE, 0xDD, 0x34,
  0xD5, 0x30, 0x20, 0x11, 0x12, 0xE7, 0xF4, 0x7F, 0x23, 0x10,
  0x1C, 0xAD, 0x48, 0xFC, 0x1F, 0x31, 0x2D, 0x10, 0xDC, 0xA4,
  0x00, 0xF4, 0x3F, 0xAC, 0x1E, 0xCF, 0x07, 0xC8, 0xED, 0x07,
  0x99, 0x22, 0x87, 0xD9, 0x11, 0x26, 0x28, 0x01, 0xDE, 0x42,
  0xD9, 0x30, 0xE4, 0x23, 0xC5, 0x14, 0xF9, 0xC7, 0x14, 0xCC,
  0x4A, 0x36, 0xE7, 0xA3, 0xF4, 0x0B, 0xBF, 0xC9, 0x14, 0xE6,
  0x19, 0x18, 0xD5, 0xFD, 0x67, 0xCF, 0xFA, 0x00, 0x20, 0xC5,
  0xED, 0x31, 0xF1, 0x15, 0xF6, 0x43, 0xD9, 0x34, 0xF1, 0xFD,
  0xF1, 0xD8, 0x7D, 0x44, 0x44, 0x92, 0x12, 0xC1, 0xB7, 0xEF,
  0x4F, 0x21, 0x5A, 0x08, 0xD1, 0x12, 0x40, 0xB9, 0xDA, 0x38,
  0xE0, 0x0C, 0xC7, 0x06, 0x36, 0xF1, 0xAE, 0xFB, 0x0E, 0x62,
  0xFD, 0x0A, 0x04, 0xC3, 0x5B, 0xF6, 0x3D, 0xD0, 0xC6, 0xE5,
  0xFD, 0xEA, 0x23, 0x08, 0x43, 0x02, 0xD7, 0xCF, 0x35, 0xC9,
  0x2D, 0x16, 0x20, 0x13, 0xB7, 0x29, 0xEC, 0x04, 0x9C, 0xEA,
  0xEB, 0x15, 0x32, 0x07, 0xB9, 0xD1, 0x36, 0xFE, 0x38, 0xA4,
  0xC5, 0xE5, 0xDD, 0xEC, 0xFB, 0x24, 0x4D, 0x13, 0xD1, 0xA0,
  0x2A, 0xFD, 0xE4, 0x6E, 0x1E, 0xFE, 0x0F, 0x04, 0x01, 0x60,
  0xF9, 0x08, 0x27, 0x1C, 0x14, 0x07, 0x91, 0xCF, 0x08, 0xD5,
  0x0A, 0xFB, 0xE8, 0xF5, 0xF3, 0xBD, 0x41, 0x01, 0x13, 0x2F,
  0xBE, 0xD4, 0x40, 0x86, 0xDB, 0x05, 0xD9, 0xE9, 0xE4, 0xF7,
  0x2C, 0xFA, 0xBE, 0xD3, 0x36, 0xE7, 0x59, 0x27, 0xD5, 0xD3,
  0xFA, 0xDD, 0xE0, 0xC5, 0x00, 0xB2, 0x33, 0xFB, 0x53, 0x32,
  0x09, 0x1C, 0xDD, 0x01, 0x1D, 0xD8, 0x09, 0x49, 0x23, 0x46,
  0xF2, 0x12, 0xFA, 0xFA, 0xD1, 0x36, 0x40, 0x10, 0x2B, 0xFF,
  0x8F, 0x06, 0xF4, 0xAF, 0x21, 0x23, 0xC4, 0x9A, 0x37, 0xEB,
  0x07, 0x16, 0x1A, 0x19, 0xE1, 0x17, 0xF4, 0x99, 0x1F, 0x7F,
  0x15, 0x29, 0xED, 0x0F, 0xCA, 0x38, 0x5E, 0x19, 0x28, 0xF0,
  0xFD, 0x48, 0xB0, 0x07, 0x0E, 0x00, 0x23, 0xC5, 0x0D, 0x00,
  0xEE, 0x1C, 0xD2, 0xD9, 0x3D, 0x02, 0x09, 0xE6, 0x69, 0xCA,
  0xF6, 0xEB, 0x06, 0x1A, 0xF7, 0x0E, 0xC6, 0x26, 0x39, 0x1E,
  0x62, 0x25, 0x17, 0x22, 0xEA, 0x22, 0x12, 0xE2, 0x15, 0xDA,
  0xD3, 0xED, 0xD2, 0xDA, 0x0E, 0xB6, 0x1B, 0xF8, 0xDD, 0x27,
  0xF1, 0xDA, 0x4C, 0x03, 0x1C, 0xE4, 0x1E, 0x07, 0x05, 0x32,
  0x39, 0xE5, 0x1B, 0xFC, 0xFF, 0x33, 0x05, 0xED, 0x1B, 0x18,
  0x40, 0xFC, 0x12, 0xCD, 0xDA, 0xEE, 0x24, 0x13, 0xDB, 0x05,
  0xEC, 0xC4, 0xF2, 0xC9, 0xF3, 0xEE, 0xD3, 0xE2, 0x06, 0x21,
  0xF0, 0x06, 0x51, 0xEF, 0xF2, 0xE9, 0xDD, 0x54, 0x23, 0xFC,
  0xFE, 0x54, 0xED, 0x17, 0xA9, 0x10, 0xB1, 0x03, 0xE3, 0xF3,
  0xE7, 0x02, 0xC4, 0x01, 0xFF, 0x03, 0xE4, 0xD5, 0xCD, 0xC2,
  0xD9, 0xCD, 0x13, 0x25, 0xE9, 0x06, 0xD7, 0x5C, 0x17, 0x2F,
  0x3B, 0x30, 0x11, 0x38, 0xC1, 0x11, 0x2E, 0x19, 0xA3, 0x26,
  0xD7, 0xE6, 0x1E, 0xF0, 0xD5, 0x0F, 0xE8, 0xEB, 0xCF, 0x22,
  0xE6, 0x16, 0x2E, 0xDC, 0xE7, 0x51, 0x21, 0xEC, 0x8B, 0xF6,
  0x0F, 0x9E, 0x7F, 0x3F, 0xFB, 0x14, 0x39, 0xD7, 0x0C, 0xFA,
  0xF1, 0xF4, 0x75, 0x30, 0x02, 0x1C, 0xC6, 0xEE, 0x0E, 0x13,
  0xD8, 0xDA, 0x1F, 0x0E, 0xBE, 0xFA, 0x08, 0xEF, 0x57, 0x16,
  0xA5, 0x1C, 0xE3, 0x1F, 0x4B, 0x18, 0xFC, 0x54, 0x36, 0x01,
  0xDA, 0x03, 0xD7, 0x3A, 0x53, 0x25, 0x12, 0x25, 0x3E, 0xD2,
  0x08, 0x1F, 0x07, 0xBA, 0x41, 0x63, 0xE9, 0xDA, 0x99, 0x09,
  0x26, 0xC4, 0x11, 0x45, 0x35, 0xFF, 0x17, 0xE8, 0x1E, 0x39,
  0x55, 0x3D, 0xDE, 0xFB, 0x1F, 0xEE, 0xD6, 0x18, 0xD3, 0xE4,
  0x07, 0x1F, 0xF3, 0xF8, 0xDB, 0xEE, 0xEA, 0x44, 0xD3, 0xAF,
  0x81, 0xC2, 0xB2, 0xDC, 0xFF, 0x3B, 0x08, 0xCD, 0xE1, 0xE4,
  0x18, 0x32, 0xF6, 0x11, 0xC0, 0xF1, 0x4A, 0xA4, 0xFF, 0xD5,
  0x35, 0xE1, 0xE0, 0xE4, 0x0F, 0x0C, 0x3D, 0xE3, 0xE7, 0x25,
  0x12, 0xE8, 0xD5, 0xEA, 0xEC, 0xF4, 0x10, 0xFB, 0x27, 0x1C,
  0xB3, 0x84, 0xE8, 0x17, 0x53, 0x33, 0xC7, 0x0B, 0x3F, 0xB9,
  0xF4, 0x1C, 0x0B, 0x43, 0x2B, 0xD6, 0x7B, 0x11, 0xC4, 0xC8,
  0x4F, 0x22, 0x2D, 0x14, 0xB5, 0x51, 0x0C, 0x24, 0x18, 0x31,
  0xFE, 0x72, 0xF7, 0xB0, 0x26, 0x18, 0x33, 0x1E, 0x0D, 0x3B,
  0x31, 0x08, 0x24, 0x4C, 0xDE, 0x10, 0x57, 0xA9, 0x0B, 0xD0,
  0x19, 0x0D, 0x5C, 0x39, 0x2F, 0x1D, 0xFD, 0xF5, 0xDA, 0x3F,
  0xF9, 0xE6, 0xF2, 0x1A, 0xBF, 0xCB, 0x2D, 0x4E, 0x36, 0x0F,
  0xFA, 0x15, 0x26, 0xE9, 0xDA, 0x6B, 0x21, 0xFF, 0x26, 0xC7,
  0x2B, 0xF1, 0x0D, 0x03, 0x5A, 0xE9, 0x3F, 0x11, 0xE5, 0x6B,
  0xD9, 0x11, 0x04, 0x10, 0x4B, 0xE5, 0xC9, 0x20, 0xFE, 0x29,
  0x0A, 0xEE, 0xA5, 0xFA, 0x02, 0xF6, 0xDB, 0x29, 0x18, 0xE2,
  0x4E, 0xF5, 0x1F, 0x02, 0x16, 0xDF, 0x57, 0x4A, 0xE0, 0xA9,
  0x09, 0x28, 0xFE, 0x1E, 0xD5, 0x09, 0x15, 0xBD, 0xBD, 0x26,
  0x03, 0x16, 0x3B, 0xF7, 0x9F, 0x06, 0xD5, 0xBC, 0xAB, 0x00,
  0x20, 0x26, 0x43, 0xE2, 0xF0, 0xAF, 0xD7, 0x0D, 0x00, 0xE8,
  0x0A, 0xE7, 0x81, 0xD2, 0x35, 0x1E, 0xC0, 0x19, 0xEE, 0xD4,
  0x29, 0x24, 0x18, 0xDE, 0x3A, 0xFC, 0x06, 0x09, 0x2B, 0xF9,
  0x12, 0xE5, 0xE9, 0xEE, 0x07, 0xC3, 0xE5, 0x2D, 0x21, 0x13,
  0xFD, 0xE2, 0xDC, 0xCC, 0x9D, 0xF8, 0x21, 0x09, 0xEE, 0xDA,
  0x0C, 0xEB, 0x31, 0x14, 0x3D, 0xD1, 0x0A, 0xF7, 0xDA, 0x24,
  0x57, 0xEC, 0x00, 0xD4, 0x08, 0x18, 0x1B, 0xF5, 0xD6, 0xE9,
  0xD2, 0x16, 0xFA, 0xDA, 0xC5, 0x13, 0xF6, 0x15, 0xD4, 0x06,
  0xDC, 0x0A, 0x1C, 0xFE, 0x12, 0xF9, 0x19, 0xFA, 0x16, 0x18,
  0xDD, 0x37, 0x32, 0x25, 0xFF, 0xE6, 0x05, 0xF9, 0xD5, 0xD6,
  0x1C, 0xFD, 0xF4, 0x25, 0x17, 0xC8, 0xA7, 0xF1, 0x19, 0x32,
  0xCC, 0xF1, 0xF7, 0xD5, 0x3B, 0xEC, 0xED, 0x0A, 0xC9, 0xEA,
  0xF8, 0x08, 0xD7, 0xE9, 0x40, 0xDA, 0xF6, 0xE1, 0x08, 0xEE,
  0xC9, 0xEC, 0xE6, 0xE2, 0xEA, 0xDD, 0xDD, 0xD4, 0xCD, 0x29,
  0x1A, 0x1D, 0x9E, 0xEB, 0xD7, 0xB5, 0x1A, 0x26, 0xEF, 0xF5,
  0xF5, 0xF6, 0x25, 0x30, 0xE4, 0x13, 0x14, 0x37, 0xF0, 0x3E,
  0x06, 0xDD, 0xC3, 0xDE, 0xE6, 0x2B, 0x24, 0x17, 0x0C, 0x18,
  0xEE, 0x2A, 0x14, 0x19, 0xDD, 0xE8, 0xDD, 0xB5, 0x40, 0x00,
  0x10, 0x12, 0xBC, 0xFA, 0x4B, 0x35, 0xFA, 0xFA, 0x48, 0x3A,
  0x1A, 0x36, 0xEF, 0xD0, 0x00, 0xD1, 0xD9, 0x0D, 0xFC, 0x17,
  0xD7, 0x1B, 0xFB, 0x03, 0xF4, 0x1F, 0x16, 0x10, 0x0D, 0xF2,
  0x2D, 0xFE, 0xF7, 0xFA, 0xC8, 0xD9, 0x0C, 0x1A, 0xDB, 0x19,
  0x40, 0xFF, 0x22, 0x23, 0x0A, 0xE6, 0x29, 0xE4, 0xBB, 0x1E,
  0xDB, 0x06, 0x0E, 0x0D, 0xA2, 0x28, 0x31, 0xEC, 0x8B, 0xD7,
  0x03, 0xFD, 0x16, 0x1A, 0xFE, 0xB9, 0x34, 0x12, 0xD3, 0xB3,
  0x50, 0x32, 0xE8, 0xC6, 0x66, 0x22, 0x2A, 0x1C, 0x16, 0x01,
  0xA7, 0x36, 0xBB, 0x37, 0xF8, 0xDF, 0xFD, 0x40, 0x7E, 0x26,
  0x9C, 0xD5, 0xFA, 0x27, 0xD8, 0x08, 0xF5, 0xCD, 0x3F, 0xFB,
  0xE4, 0xBC, 0x46, 0x0A, 0x40, 0xC3, 0x15, 0x15, 0x26, 0x03,
  0x33, 0xC5, 0xE2, 0x27, 0xB4, 0x39, 0xC4, 0xE0, 0xA5, 0x4C,
  0x4C, 0x18, 0xF9, 0x48, 0x3C, 0x52, 0xE1, 0x2D, 0xEF, 0xFE,
  0xEE, 0xE5, 0xB1, 0xDF, 0x03, 0xF8, 0xE9, 0xF9, 0x45, 0xF5,
  0xD9, 0x2E, 0xF7, 0xCA, 0xEA, 0x00, 0xCC, 0x35, 0xCF, 0x1A,
  0x43, 0xE5, 0xF0, 0xFF, 0xF9, 0xE0, 0xD0, 0xD9, 0xE3, 0x29,
  0xCC, 0x0F, 0xB0, 0xA3, 0x1D, 0xF4, 0x4B, 0xF2, 0x03, 0xA7,
  0x32, 0x17, 0xE9, 0x0A, 0x1B, 0xDE, 0xE3, 0x22, 0xED, 0x35,
  0xB9, 0xDC, 0x2C, 0x7C, 0x73, 0xF0, 0x5D, 0x0F, 0x0E, 0x2E,
  0xEB, 0x23, 0x00, 0xC4, 0x00, 0xA9, 0x41, 0xF8, 0x27, 0x9B,
  0x2D, 0xC1, 0x56, 0xD8, 0x0F, 0xE5, 0x09, 0x27, 0xFD, 0x00,
  0xEA, 0xCD, 0xB8, 0xE0, 0xD0, 0x27, 0x16, 0x0F, 0x67, 0xCC,
  0x16, 0x13, 0x1E, 0x45, 0xA1, 0x1B, 0xD6, 0xE1, 0xD5, 0x32,
  0x06, 0xF9, 0x27, 0xF9, 0x2A, 0xE5, 0x23, 0x37, 0xF0, 0x2F,
  0xE4, 0xF5, 0xD6, 0xF6, 0xBA, 0x24, 0x37, 0xE8, 0x10, 0x26,
  0x09, 0xD1, 0x42, 0xFC, 0x2C, 0xE9, 0x81, 0xBD, 0x65, 0x0D,
  0xF4, 0x07, 0xF6, 0xCB, 0x06, 0xF5, 0xFF, 0x0D, 0x45, 0x38,
  0xD5, 0x5F, 0x91, 0x33, 0x1D, 0xD7, 0x0D, 0x19, 0x0C, 0x6D,
  0x48, 0x2A, 0xFF, 0xFC, 0xCF, 0x17, 0x17, 0x1B, 0x1C, 0x52,
  0xB1, 0xE2, 0x0B, 0xE5, 0xCC, 0xD8, 0x33, 0xC1, 0x3C, 0x2B,
  0xD1, 0x06, 0x06, 0xF9, 0x98, 0xDD, 0x29, 0x09, 0x06, 0x5B,
  0xF1, 0x35, 0x28, 0x2F, 0x2D, 0x20, 0x02, 0x32, 0x38, 0x0D,
  0x0F, 0x2E, 0xC4, 0xE0, 0x04, 0x30, 0x01, 0xD8, 0x17, 0xC3,
  0x12, 0x0F, 0xD6, 0x0C, 0xD6, 0xDE, 0xD5, 0xEB, 0xD4, 0xDF,
  0x16, 0x24, 0xF4, 0x07, 0x26, 0xEA, 0xCF, 0xF3, 0xD2, 0x3B,
  0x30, 0x2E, 0xCD, 0x16, 0xFD, 0x18, 0x2A, 0x10, 0x22, 0xE7,
  0x2F, 0x30, 0x30, 0xEB, 0xEF, 0x11, 0xE9, 0x0C, 0x20, 0xEA,
  0xE0, 0xE2, 0x28, 0x23, 0x35, 0x1B, 0x1A, 0xE3, 0x0A, 0x19,
  0xD6, 0x0D, 0x10, 0xD0, 0xB2, 0x06, 0x1E, 0x24, 0x22, 0x20,
  0xFF, 0xD2, 0xFF, 0x0B, 0x0C, 0xDD, 0x1A, 0x26, 0xE6, 0x40,
  0xF5, 0x01, 0xFE, 0xE6, 0x2D, 0xDE, 0x24, 0x0C, 0x07, 0x04,
  0xEC, 0x24, 0xFC, 0x0B, 0xC6, 0x24, 0xEC, 0xC7, 0x32, 0xE4,
  0xC2, 0x14, 0x22, 0x03, 0xF5, 0x03, 0xF1, 0xAF, 0xF5, 0xF1,
  0xDD, 0x2B, 0xE4, 0x0F, 0x02, 0x2D, 0xEE, 0xD0, 0xD5, 0x17,
  0x26, 0xFF, 0xE3, 0xF3, 0xFB, 0xCE, 0xCE, 0x06, 0xA8, 0x81,
  0x32, 0x1E, 0x14, 0x0F, 0x20, 0xFB, 0x13, 0x25, 0xC7, 0xD1,
  0xC9, 0xFC, 0xFA, 0xE5, 0x1A, 0xF3, 0x17, 0x44, 0xDA, 0xC5,
  0x11, 0xF9, 0x51, 0xFF, 0xF6, 0xD3, 0xFB, 0xC0, 0xEF, 0x32,
  0x11, 0x94, 0xF1, 0xC3, 0xD4, 0x1E, 0x2F, 0xE8, 0xF9, 0xFC,
  0x00, 0x11, 0x0A, 0x2E, 0x01, 0xE8, 0xE1, 0xF8, 0x0F, 0x1B,
  0xF6, 0xFB, 0xFA, 0x2C, 0xEF, 0x4E, 0x47, 0xE8, 0x04, 0xEA,
  0x3E, 0x17, 0xEF, 0xC9, 0xF8, 0x0E, 0x28, 0x19, 0xCF, 0x1B,
  0xDD, 0x0B, 0x07, 0xD6, 0x17, 0x12, 0xE3, 0xD3, 0x1D, 0xE8,
  0x11, 0xD4, 0x11, 0x00, 0xFA, 0x33, 0xFE, 0x15, 0x62, 0xDA,
  0xF7, 0x1C, 0xE2, 0xF3, 0xC2, 0x17, 0xF2, 0x4F, 0x00, 0xCC,
  0xE5, 0x44, 0x16, 0x43, 0xE7, 0xE5, 0x30, 0xD2, 0xEA, 0xD9,
  0x24, 0xD9, 0x07, 0xD3, 0xC0, 0x1D, 0x20, 0xE1, 0xFE, 0x42,
  0x40, 0xD9, 0x07, 0xD7, 0xE7, 0x2E, 0x3A, 0xF6, 0xE1, 0xFF,
  0x68, 0xD9, 0x1B, 0xF5, 0xD9, 0xDA, 0xE3, 0x01, 0xF0, 0x47,
  0x04, 0x11, 0x08, 0xD4, 0xF6, 0x15, 0xE1, 0x02, 0x07, 0x1F,
  0xE5, 0xF8, 0x23, 0xDD, 0x04, 0xE6, 0x0A, 0x0B, 0x37, 0xD2,
  0x00, 0xEC, 0x5C, 0x20, 0x0E, 0x03, 0xE6, 0xC6, 0x3B, 0xD6,
  0x52, 0x45, 0x2B, 0xF1, 0x56, 0x18, 0x07, 0xC9, 0xD4, 0x0A,
  0xC5, 0xC1, 0x1A, 0xEE, 0x71, 0x03, 0xC8, 0x17, 0x20, 0xE4,
  0xF4, 0x38, 0x13, 0xFD, 0x18, 0x0F, 0xC1, 0x44, 0xB2, 0x31,
  0xFC, 0xF8, 0xE8, 0xD2, 0xE4, 0xD9, 0x5C, 0x02, 0xF3, 0xDB,
  0xCD, 0x36, 0xF8, 0xC6, 0xD3, 0xF2, 0xFD, 0xF7, 0xAC, 0x3A,
  0x2E, 0xC8, 0x1E, 0x19, 0xFD, 0xF7, 0x30, 0xF0, 0xF0, 0x1D,
  0xFB, 0xD7, 0x0F, 0x40, 0x28, 0x2B, 0x25, 0x10, 0xEA, 0xD3,
  0xD7, 0x03, 0x0C, 0x2F, 0xB1, 0x0B, 0xDE, 0xCE, 0x57, 0xFF,
  0xC5, 0x3A, 0x19, 0xCE, 0x17, 0xDE, 0xDB, 0x51, 0x4C, 0x12,
  0x23, 0x18, 0xF5, 0xE4, 0x7F, 0x0E, 0x13, 0x49, 0x12, 0xB5,
  0x36, 0x13, 0x03, 0xDC, 0xE9, 0xF2, 0xA7, 0x11, 0x3C, 0xFC,
  0x3D, 0xFB, 0xB3, 0x10, 0x41, 0x10, 0xB8, 0x1E, 0xEA, 0x20,
  0xD8, 0x05, 0x47, 0x18, 0x02, 0xE9, 0x00, 0x09, 0xFB, 0xD1,
  0xD9, 0xFE, 0xF3, 0xB5, 0x11, 0x1C, 0x1C, 0x24, 0x16, 0xDE,
  0x08, 0x1C, 0x28, 0x13, 0x21, 0xDC, 0x25, 0xF2, 0x0F, 0x30,
  0xF3, 0xD5, 0x08, 0xD2, 0x33, 0xC2, 0xFA, 0xCF, 0xDC, 0xF5,
  0x05, 0xE3, 0xF6, 0xDA, 0x00, 0xC8, 0x3B, 0xBF, 0x6A, 0xE3,
  0x3B, 0x1E, 0xF5, 0xC9, 0x21, 0xFD, 0x2D, 0xD2, 0x18, 0x31,
  0xF8, 0xE4, 0xE6, 0xCD, 0x20, 0x02, 0x2A, 0xCA, 0xFB, 0xBF,
  0x0D, 0x00, 0xE2, 0xD2, 0xCF, 0x29, 0x44, 0xAA, 0xF2, 0x18,
  0x19, 0x1A, 0x22, 0xF1, 0xD9, 0xEE, 0x04, 0xE7, 0x1F, 0xE8,
  0xF6, 0x1F, 0xDA, 0xD8, 0x02, 0x38, 0xE3, 0xE6, 0x09, 0x9D,
  0xC5, 0xD5, 0xF1, 0xE3, 0xDF, 0x9B, 0x03, 0x30, 0x1C, 0xAE,
  0x23, 0x24, 0x26, 0xD9, 0xD8, 0xFF, 0x14, 0xC4, 0x28, 0x1E,
  0xFD, 0x27, 0xEE, 0x47, 0x13, 0xF0, 0x4C, 0xEA, 0xD4, 0xF1,
  0x00, 0xFE, 0x81, 0xDD, 0xED, 0xF0, 0x3F, 0xDD, 0x12, 0xDB,
  0x3E, 0xE0, 0x18, 0xC9, 0xEE, 0xE3, 0x14, 0x07, 0x08, 0x2A,
  0xF9, 0xDC, 0x46, 0xE8, 0xF5, 0x2E, 0x00, 0x09, 0x04, 0x2A,
  0xC6, 0x1C, 0x00, 0xB9, 0xBB, 0x20, 0xFA, 0xE5, 0x1F, 0xB2,
  0x1B, 0xF1, 0x3A, 0xFB, 0x41, 0x4B, 0x03, 0x00, 0xD0, 0x1F,
  0x19, 0x22, 0x07, 0x23, 0xFB, 0xF2, 0xEE, 0x43, 0xFB, 0xF4,
  0x41, 0x59, 0xEC, 0xCB, 0x04, 0xB8, 0x90, 0x2B, 0x0F, 0xFA,
  0xD0, 0xAC, 0x12, 0xF1, 0x1C, 0x13, 0x28, 0xE7, 0x24, 0x16,
  0xD0, 0xE2, 0xF4, 0xD4, 0x34, 0xBD, 0x34, 0x1E, 0xF7, 0xE6,
  0xDB, 0xCF, 0xC4, 0xEE, 0x51, 0x07, 0x48, 0xC8, 0xB4, 0xF3,
  0xF4, 0xF4, 0xF6, 0x55, 0xEE, 0x2F, 0x51, 0xDA, 0x2E, 0x3E,
  0xE5, 0x03, 0xFB, 0x13, 0xF7, 0xFC, 0x17, 0xCA, 0x5A, 0xDD,
  0xF0, 0x4D, 0x0C, 0xAA, 0xDF, 0x4B, 0x21, 0xF6, 0xB5, 0xA1,
  0x99, 0x31, 0x1E, 0x3E, 0xFA, 0x26, 0xC7, 0x23, 0x14, 0xE8,
  0xF0, 0x0F, 0xDA, 0x3B, 0x12, 0xDD, 0x00, 0xF5, 0xE1, 0xD3,
  0x50, 0xE3, 0x28, 0x18, 0x0C, 0xAF, 0xA8, 0x2B, 0xCB, 0xA9,
  0x27, 0xE8, 0x03, 0xB4, 0xFA, 0x50, 0x06, 0xEA, 0xF3, 0x1B,
  0xE1, 0xE0, 0xE4, 0xA8, 0x10, 0x0F, 0xCB, 0x57, 0x0B, 0x1D,
  0x4F, 0x30, 0xF3, 0x11, 0xB2, 0x1A, 0xF9, 0x25, 0xC8, 0x5E,
  0xB6, 0xB1, 0x32, 0xAF, 0xA5, 0x71, 0x64, 0x1E, 0x05, 0xE8,
  0x00, 0xD5, 0x18, 0x01, 0x0A, 0xBE, 0x10, 0x2E, 0x12, 0xD4,
  0x1B, 0x17, 0x24, 0xD2, 0x0B, 0xFC, 0xEF, 0x60, 0x43, 0x14,
  0x09, 0x4B, 0xFA, 0x1F, 0xBB, 0xD8, 0xAE, 0x49, 0x02, 0x55,
  0xFE, 0x12, 0x13, 0x1B, 0xD9, 0x1A, 0x40, 0xFE, 0x1D, 0x32,
  0x21, 0xF7, 0x1D, 0x1D, 0x1E, 0x21, 0xEF, 0x3E, 0x04, 0x37,
  0x24, 0x29, 0xA3, 0x49, 0xDB, 0xC3, 0xB0, 0xBF, 0x07, 0xF8,
  0x4D, 0x7F, 0xF7, 0xED, 0xF1, 0xEF, 0x24, 0xFD, 0x25, 0xC7,
  0xD6, 0x0E, 0xB0, 0x1F, 0x45, 0xFD, 0xC7, 0xEC, 0x15, 0x6A,
  0xCD, 0xC3, 0x43, 0x33, 0x02, 0xB7, 0x58, 0xED, 0x10, 0xD8,
  0x17, 0xC7, 0x2B, 0x3A, 0x54, 0xBB, 0x8E, 0xF3, 0xEF, 0xDD,
  0xA8, 0x9A, 0x0E, 0x0D, 0xE2, 0xF4, 0x52, 0xF0, 0x4C, 0xE4,
  0xE2, 0xE5, 0x2F, 0x93, 0xDB, 0x39, 0xA8, 0xA9, 0xBA, 0x0C,
  0x37, 0xAB, 0xB4, 0x22, 0x25, 0xE5, 0xE7, 0xB4, 0x1B, 0x19,
  0x09, 0x28, 0x36, 0xEF, 0x17, 0x2E, 0x57, 0xC1, 0x3A, 0x26,
  0xF4, 0x0A, 0x1D, 0x30, 0xCD, 0x1D, 0x3B, 0x64, 0x2D, 0x84,
  0xA3, 0x1E, 0xEA, 0xAA, 0x32, 0x17, 0x43, 0x06, 0xBE, 0xDD,
  0x2E, 0x11, 0xDF, 0x63, 0xE8, 0xC7, 0x1A, 0xC1, 0x33, 0x30,
  0xEB, 0x1D, 0x30, 0x96, 0x23, 0x35, 0xDF, 0xCF, 0xF4, 0x0B,
  0xEC, 0xB2, 0xC8, 0xE4, 0xB4, 0x1A, 0x30, 0xED, 0xE9, 0xCD,
  0x47, 0xD0, 0xC7, 0x35, 0xEE, 0xDA, 0x14, 0xF9, 0x2D, 0x00,
  0x50, 0x1B, 0x21, 0xBA, 0xBB, 0xAB, 0x0E, 0x20, 0xAF, 0xD7,
  0x0F, 0x29, 0xD7, 0xF0, 0x9C, 0xC0, 0xFD, 0x17, 0x38, 0x27,
  0x54, 0xB1, 0xD2, 0x08, 0x22, 0x35, 0xBC, 0x55, 0x3F, 0xFA,
  0xD0, 0xDC, 0x1C, 0x4B, 0x66, 0x9E, 0xFC, 0xFA, 0x18, 0x13,
  0x88, 0x79, 0x4D, 0x43, 0xE4, 0xBF, 0x1D, 0x4D, 0x23, 0xC1,
  0xBC, 0x19, 0x14, 0x0F, 0x2D, 0x15, 0x2B, 0xC8, 0xC0, 0x08,
  0xA2, 0x09, 0xF6, 0x02, 0xE8, 0xD0, 0x7F, 0x46, 0xA8, 0x90,
  0x3C, 0xDE, 0x45, 0x2D, 0x0E, 0x12, 0xF7, 0x26, 0xC4, 0xDC,
  0x10, 0x3A, 0xC9, 0x52, 0x29, 0xEF, 0xB2, 0xB3, 0x0A, 0xFD,
  0xDF, 0x13, 0xD2, 0x1B, 0x13, 0xF2, 0x63, 0x23, 0x5F, 0x09,
  0x01, 0xEC, 0x52, 0xFC, 0xC9, 0x2F, 0x64, 0xB5, 0xC2, 0x85,
  0xE6, 0x4E, 0x11, 0xCB, 0x30, 0xF1, 0x13, 0x40, 0x03, 0xEF,
  0xA9, 0xFC, 0xDC, 0x16, 0xC5, 0xCC, 0x86, 0xC2, 0x0C, 0x29,
  0x58, 0x24, 0x33, 0xD3, 0x4C, 0x0A, 0xF5, 0xF8, 0xF3, 0x00,
  0xF7, 0x29, 0x61, 0xBC, 0x03, 0xFE, 0xF9, 0xBE, 0xF0, 0x23,
  0xF8, 0xF6, 0xE2, 0xD5, 0x32, 0xC9, 0xDB, 0xEA, 0x42, 0xD5,
  0xE4, 0x21, 0x40, 0x51, 0x34, 0xB9, 0xED, 0xF1, 0x2C, 0x07,
  0x5E, 0x2C, 0x0E, 0xF6, 0x09, 0xE8, 0xF2, 0xC8, 0xAB, 0x9C,
  0x24, 0x49, 0xE8, 0x14, 0xDB, 0x55, 0xD9, 0xF0, 0x2C, 0xB0,
  0xE9, 0x1F, 0xFA, 0x14, 0x10, 0x32, 0xE4, 0xB0, 0xB8, 0x10,
  0x0C, 0xC9, 0x21, 0x2D, 0x0B, 0x0C, 0xF0, 0xE0, 0x07, 0xC1,
  0xE8, 0xD3, 0x3F, 0xFB, 0x1C, 0xDA, 0x15, 0x30, 0x38, 0xCE,
  0x49, 0xDE, 0xD2, 0xEB, 0x20, 0xE2, 0x45, 0x3A, 0x8C, 0x1E,
  0x14, 0x7F, 0xC9, 0x2D, 0x6E, 0x19, 0xDE, 0x4F, 0xAF, 0x03,
  0x6C, 0x19, 0xFB, 0xF5, 0x62, 0x2B, 0xD8, 0x93, 0xFE, 0xFA,
  0x28, 0xAD, 0x05, 0x19, 0x0E, 0xF3, 0xE5, 0xEC, 0x05, 0xEC,
  0xDC, 0xCF, 0x08, 0xF4, 0x15, 0x1F, 0xE3, 0x14, 0xE2, 0xEB,
  0xB3, 0x1B, 0x1B, 0xD8, 0xCA, 0xF4, 0xC3, 0x04, 0xD1, 0xB3,
  0x03, 0xCE, 0x10, 0x0B, 0x14, 0x48, 0xEA, 0x18, 0xB1, 0x13,
  0x24, 0x51, 0xD7, 0x02, 0x25, 0xC7, 0xF1, 0x54, 0x62, 0xD5,
  0xC0, 0xAF, 0xFA, 0x14, 0x03, 0xFD, 0xD6, 0xD7, 0x3D, 0x0A,
  0xF5, 0x06, 0x11, 0xBE, 0x3D, 0x1A, 0xD3, 0x34, 0x28, 0x05,
  0xB9, 0x0D, 0x34, 0x69, 0xB1, 0x16, 0xFC, 0x44, 0xDE, 0x19,
  0x0B, 0x0A, 0x0E, 0xF1, 0x10, 0xCA, 0x5D, 0xD2, 0x3B, 0x98,
  0x58, 0x44, 0xF4, 0xEE, 0xE6, 0x0B, 0xED, 0xF8, 0x8B, 0x26,
  0x63, 0x38, 0xA2, 0x12, 0x7F, 0xCE, 0xBC, 0xF9, 0xFC, 0x0A,
  0x10, 0xEA, 0xE7, 0xFD, 0x37, 0x40, 0x08, 0xE9, 0x3A, 0x06,
  0x2B, 0xD5, 0x40, 0x19, 0x3B, 0xC6, 0xF7, 0x1F, 0xE5, 0xE1,
  0x26, 0xDC, 0x02, 0x49, 0x23, 0x3D, 0x3A, 0xEE, 0xCD, 0xE6,
  0x0E, 0x20, 0xE5, 0x45, 0x1F, 0xF6, 0xE8, 0x0E, 0x00, 0x17,
  0x1F, 0xE5, 0x33, 0x1F, 0x43, 0xE9, 0xF1, 0xEC, 0xFA, 0xB1,
  0xD4, 0xE9, 0x97, 0xE2, 0xCE, 0x59, 0x10, 0xBF, 0x02, 0xC9,
  0xF7, 0xFD, 0x23, 0x49, 0xEC, 0x27, 0xC0, 0xD4, 0x09, 0xEB,
  0xFF, 0x2D, 0xF6, 0xC9, 0xF2, 0x31, 0xFB, 0x24, 0x15, 0x3D,
  0xE8, 0xFE, 0x0E, 0xE8, 0xDA, 0x50, 0xEA, 0x1E, 0x1E, 0xF6,
  0x13, 0xE7, 0x18, 0x07, 0x12, 0xCB, 0x06, 0x26, 0xA2, 0xA8,
  0xEF, 0xD6, 0x37, 0x1D, 0x56, 0xC0, 0x1D, 0xA5, 0x28, 0x17,
  0xB7, 0x0F, 0xDD, 0xCD, 0xEF, 0x1E, 0xE3, 0xF3, 0x24, 0xFF,
  0x28, 0xCA, 0x00, 0xD4, 0x43, 0x0F, 0x51, 0xDF, 0x16, 0xFD,
  0xC5, 0xA9, 0xF1, 0x0B, 0x32, 0x14, 0xCC, 0xB6, 0x1B, 0x16,
  0xF1, 0xE3, 0xCB, 0x18, 0xA8, 0xFB, 0xE3, 0x25, 0xF2, 0xF8,
  0xCA, 0xF1, 0x63, 0xC8, 0x08, 0xC0, 0x43, 0xEC, 0x0F, 0x0A,
  0xDF, 0x02, 0xC8, 0xB7, 0xF0, 0x34, 0x19, 0xEF, 0xDB, 0xEE,
  0x01, 0xEF, 0x01, 0x1E, 0x0B, 0x12, 0x0E, 0x20, 0xC2, 0x2E,
  0x27, 0xF2, 0xC2, 0x24, 0x44, 0x15, 0x10, 0x52, 0x58, 0xB1,
  0x60, 0xFD, 0x1A, 0xFD, 0xD8, 0xFE, 0x14, 0x10, 0xF3, 0x29,
  0x19, 0xBA, 0xEF, 0x3A, 0x39, 0x2A, 0x3D, 0x40, 0xD8, 0x51,
  0xCC, 0xE9, 0x53, 0x25, 0xB0, 0x23, 0x25, 0xF7, 0xF9, 0x09,
  0x59, 0x9F, 0x23, 0xD7, 0x7E, 0x12, 0xD0, 0xC3, 0xF7, 0x1D,
  0x25, 0xD3, 0xE0, 0xD2, 0x0A, 0x27, 0x11, 0xCC, 0x1A, 0xD5,
  0x13, 0x04, 0x24, 0xD1, 0xF9, 0xF9, 0xE1, 0xCE, 0x3B, 0x1C,
  0x63, 0x2B, 0x0F, 0xCF, 0xEA, 0xE0, 0x07, 0xDC, 0xFD, 0x53,
  0xD5, 0xC2, 0x28, 0x2B, 0x35, 0xED, 0x20, 0x13, 0xFB, 0xF1,
  0x00, 0x0B, 0x24, 0x1C, 0xEA, 0xD9, 0x28, 0x22, 0xAD, 0x0C,
  0x06, 0x38, 0x0F, 0x16, 0x0E, 0x82, 0xEB, 0xC3, 0x17, 0xFA,
  0x18, 0x17, 0xA2, 0xF0, 0x2B, 0x4A, 0xE5, 0x15, 0x26, 0xDA,
  0xF0, 0x35, 0xAF, 0xCC, 0xF5, 0x54, 0xD3, 0xA4, 0xFA, 0xC1,
  0xFC, 0xDF, 0x22, 0xC2, 0x61, 0x61, 0xEA, 0xE3, 0xA1, 0x02,
  0xFD, 0xBC, 0xDD, 0x39, 0xF8, 0x24, 0xF0, 0x06, 0x18, 0x4C,
  0xF9, 0x31, 0x32, 0xE2, 0x09, 0x4E, 0x09, 0x55, 0x0A, 0x0E,
  0x1A, 0xCF, 0x3B, 0x13, 0xEB, 0x60, 0xFC, 0xE3, 0xC5, 0x00,
  0x9E, 0x43, 0xCF, 0x5E, 0xFC, 0x17, 0xB2, 0xF4, 0xD9, 0x16,
  0x31, 0xC5, 0xF8, 0xB8, 0xF8, 0x26, 0xBC, 0x59, 0x0B, 0x31,
  0xBB, 0x3D, 0x9E, 0x14, 0x39, 0x48, 0x0E, 0xE2, 0xEA, 0x2D,
  0xF4, 0x19, 0xA7, 0xE0, 0xDE, 0xB1, 0x27, 0xE9, 0x10, 0xF1,
  0xEB, 0xEB, 0xE8, 0xE6, 0xD4, 0x31, 0x2E, 0xC7, 0xE0, 0xC6,
  0x2B, 0xD4, 0x1A, 0xCE, 0xBE, 0x07, 0x7F, 0x34, 0x11, 0x0B,
  0x4B, 0x39, 0xA5, 0x39, 0xF2, 0xC9, 0xE9, 0x22, 0x37, 0xCB,
  0xB0, 0xF9, 0x47, 0x3A, 0xC1, 0xCC, 0x03, 0xD3, 0x3A, 0x3A,
  0xE7, 0x3C, 0xCA, 0xA9, 0x37, 0x22, 0x8F, 0xEF, 0xF8, 0x54,
  0xD3, 0xF7, 0xBE, 0xF7, 0xE0, 0xC8, 0x1B, 0x07, 0x04, 0xC4,
  0x1E, 0x13, 0x54, 0x1B, 0x32, 0x0C, 0xEE, 0x11, 0x04, 0x30,
  0xFB, 0x02, 0x13, 0xBD, 0x03, 0x3C, 0xF9, 0x03, 0x48, 0x40,
  0xE9, 0x3B, 0x17, 0xED, 0xDB, 0x05, 0xFE, 0x14, 0xF1, 0xD0,
  0x0B, 0xAC, 0x1B, 0x08, 0x4D, 0x36, 0x23, 0xFD, 0xD0, 0x50,
  0x06, 0x23, 0xD1, 0x2F, 0xC8, 0xEA, 0x3C, 0xDC, 0xCC, 0x2A,
  0x57, 0x29, 0x2C, 0x1B, 0x1B, 0xD2, 0xB8, 0x2A, 0x18, 0xCF,
  0x01, 0x27, 0xEB, 0xAA, 0x0D, 0xF3, 0xEE, 0xC7, 0x5B, 0xD2,
  0xA1, 0x49, 0x2C, 0xD0, 0xE2, 0x06, 0xFE, 0x4E, 0x18, 0x04,
  0xC4, 0x35, 0xCA, 0xEC, 0x2A, 0x3D, 0x10, 0xA9, 0x8A, 0xDC,
  0xD4, 0x00, 0x13, 0x45, 0x25, 0x0B, 0x18, 0xB5, 0x46, 0xFB,
  0x26, 0x61, 0xA7, 0x1F, 0xFC, 0xE3, 0xF3, 0x1F, 0xE2, 0xF9,
  0x21, 0x0B, 0x45, 0xDF, 0xCA, 0x3C, 0x1B, 0x47, 0xBE, 0xA1,
  0xE2, 0xB1, 0xF0, 0x45, 0xAE, 0x2C, 0x13, 0x1B, 0xE5, 0x1C,
  0x08, 0xEA, 0x0F, 0xDD, 0xD8, 0x29, 0xFD, 0xD7, 0xFE, 0x1D,
  0x12, 0x39, 0x3D, 0xC8, 0x45, 0x2C, 0x20, 0x0B, 0x27, 0xE0,
  0x0A, 0xC9, 0x9D, 0x03, 0xCE, 0xF2, 0xEA, 0x0D, 0x1A, 0x20,
  0xBD, 0xE8, 0xF5, 0x32, 0x5F, 0xFC, 0xB0, 0xF4, 0x3C, 0x0D,
  0xD8, 0xFD, 0x08, 0x1A, 0xE9, 0xFD, 0x44, 0xB3, 0xD0, 0xBF,
  0x1B, 0xCF, 0xCF, 0xEF, 0x9F, 0x29, 0xC7, 0x2A, 0x05, 0x32,
  0xBB, 0x1B, 0xD4, 0xA8, 0x5A, 0x07, 0x48, 0x11, 0x81, 0x5B,
  0x01, 0x11, 0xB4, 0x11, 0xFF, 0x17, 0x5E, 0xDD, 0x43, 0xB3,
  0xDD, 0xF3, 0x69, 0x00, 0xD2, 0x05, 0xCC, 0x16, 0xAB, 0x32,
  0xD7, 0x58, 0x03, 0x46, 0x41, 0xBC, 0x7B, 0x4A, 0xCA, 0x06,
  0x81, 0xE3, 0xEF, 0xDF, 0xDC, 0x18, 0xDD, 0x09, 0x07, 0x29,
  0x37, 0x02, 0xE1, 0x4D, 0x14, 0xD5, 0xBC, 0x24, 0xEE, 0xE5,
  0xAA, 0x35, 0x2E, 0x21, 0x2E, 0x2B, 0x4C, 0xFE, 0x11, 0x4D,
  0x2E, 0xC8, 0xFA, 0x06, 0x0D, 0x12, 0xB3, 0x38, 0xDB, 0x12,
  0xE1, 0xE9, 0x1B, 0xAC, 0xF5, 0x10, 0x0F, 0xCC, 0xB3, 0x3B,
  0xD3, 0xE5, 0xBE, 0x09, 0x59, 0x58, 0x4C, 0x0E, 0x05, 0xCA,
  0x03, 0x24, 0xFD, 0xED, 0xAF, 0xC8, 0xFC, 0x0B, 0xF7, 0x73,
  0xE7, 0x33, 0xBC, 0x0D, 0x32, 0xC9, 0x4F, 0x2E, 0xE0, 0xD6,
  0xEF, 0x38, 0x2C, 0x43, 0xAD, 0xF5, 0x05, 0xFD, 0x37, 0x08,
  0x21, 0xCD, 0x1C, 0xEF, 0x17, 0xF8, 0xD2, 0x00, 0xC7, 0xF8,
  0xDE, 0x53, 0x22, 0x0E, 0xCE, 0x8F, 0x1B, 0xE1, 0xD8, 0x18,
  0x34, 0x45, 0xCC, 0x32, 0x0F, 0x2D, 0xA5, 0xFF, 0x1A, 0xE2,
  0x34, 0x30, 0xF4, 0xC5, 0x09, 0x2C, 0x42, 0xD5, 0xBC, 0x10,
  0xFF, 0xCB, 0xE1, 0x64, 0xE7, 0x1A, 0xFB, 0xD1, 0x52, 0xCC,
  0xF0, 0x0C, 0xF3, 0xF1, 0xE4, 0x06, 0xE5, 0x3E, 0xB6, 0x26,
  0x1A, 0x1E, 0x1C, 0x4B, 0xFC, 0xD9, 0x39, 0x0D, 0xE6, 0xEC,
  0xDC, 0xD9, 0xDD, 0xE4, 0x37, 0x3E, 0x00, 0x06, 0x06, 0xA7,
  0x3B, 0xB3, 0xC1, 0x36, 0xE7, 0x4A, 0xB9, 0x10, 0x05, 0x4F,
  0xE7, 0x5F, 0x64, 0xF1, 0x58, 0x75, 0xE1, 0xF7, 0xDC, 0xF4,
  0x15, 0xF0, 0xD5, 0xC0, 0xD4, 0x08, 0x0D, 0x1D, 0x20, 0xF2,
  0x03, 0xFE, 0xC5, 0xC0, 0x05, 0x42, 0xF7, 0x07, 0xCF, 0x3F,
  0xE2, 0x47, 0x57, 0xD3, 0xEE, 0x2D, 0xE6, 0xD3, 0x01, 0xEE,
  0x1E, 0x1A, 0x5D, 0xD6, 0xC4, 0x46, 0x99, 0xBC, 0xCD, 0x3B,
  0xB8, 0x78, 0x1D, 0xF4, 0x46, 0xFF, 0xF5, 0xAE, 0x2A, 0xAD,
  0x10, 0x11, 0xDF, 0xD3, 0xC8, 0x10, 0x5A, 0x41, 0x1E, 0x9C,
  0x2B, 0x22, 0x0A, 0xFC, 0x69, 0x1E, 0xE3, 0x3E, 0x2A, 0xE8,
  0xE2, 0xF9, 0x25, 0x3C, 0xF0, 0xDC, 0x35, 0xD3, 0xB7, 0xEA,
  0x0A, 0xCA, 0xF7, 0x4A, 0x25, 0x20, 0xE3, 0x2B, 0xEB, 0xC9,
  0x56, 0xF5, 0x1B, 0xA0, 0xF8, 0xC9, 0x17, 0x3C, 0x1D, 0x2A,
  0xF9, 0xF7, 0xE5, 0x15, 0x03, 0x1A, 0xC7, 0x22, 0xF5, 0xE4,
  0xB4, 0xC4, 0xF9, 0xB7, 0x25, 0xF3, 0x40, 0xCA, 0x0D, 0x03,
  0x19, 0xBF, 0x59, 0xFD, 0xE8, 0xEE, 0x49, 0xDE, 0x5B, 0x05,
  0xE5, 0x74, 0x9E, 0x05, 0xCD, 0xDE, 0x0A, 0x7F, 0xE9, 0xA8,
  0xE0, 0xD5, 0xF1, 0x4F, 0x9D, 0xF3, 0xC9, 0xC1, 0xC2, 0xFC,
  0x23, 0x28, 0xDD, 0xEF, 0x25, 0xD6, 0xCE, 0x2A, 0x12, 0x33,
  0xF1, 0x21, 0x1B, 0x16, 0x9C, 0xF0, 0xC9, 0xC0, 0x35, 0x47,
  0xA5, 0x10, 0x24, 0xA3, 0xCE, 0x03, 0xD5, 0x0D, 0x00, 0x42,
  0xD4, 0xBF, 0xE7, 0x44, 0x72, 0x25, 0x2A, 0xF0, 0xEB, 0x16,
  0x5B, 0xC6, 0x2F, 0x43, 0x36, 0xAC, 0xA1, 0xDE, 0x14, 0xF4,
  0x34, 0x51, 0xC1, 0xD2, 0xF8, 0xDA, 0xB3, 0x0C, 0x10, 0x0C,
  0xBE, 0x23, 0xD5, 0x10, 0x57, 0x6B, 0x6E, 0xCE, 0x1E, 0x19,
  0xB3, 0xFC, 0x1A, 0xE4, 0xDB, 0x43, 0x3E, 0x06, 0xC3, 0xFD,
  0xE5, 0xA8, 0x56, 0x60, 0x0A, 0xFB, 0xE0, 0x1C, 0xEA, 0x13,
  0x18, 0xEB, 0x09, 0x38, 0x30, 0xD9, 0x41, 0xCD, 0x00, 0x09,
  0x14, 0x44, 0x0C, 0x5A, 0xBA, 0xE2, 0x05, 0xBE, 0xFC, 0xEC,
  0xBA, 0xD2, 0x41, 0x20, 0xCC, 0x07, 0x32, 0xFE, 0xF3, 0x31,
  0x1C, 0x8C, 0x7F, 0xE6, 0xE6, 0x33, 0x33, 0x56, 0x1B, 0xA9,
  0x0C, 0x3E, 0xBB, 0xCF, 0xE4, 0x31, 0xC5, 0xFD, 0xD3, 0x12,
  0xD4, 0xF5, 0xFB, 0xDD, 0x29, 0xD5, 0xE4, 0xC5, 0x1F, 0x5B,
  0x14, 0xFB, 0xFA, 0xC1, 0x1B, 0xD0, 0x4A, 0x5C, 0x16, 0x35,
  0x19, 0xCC, 0x03, 0x3E, 0x04, 0x15, 0x6D, 0x45, 0x0C, 0xD3,
  0xB9, 0x1A, 0xF2, 0xBD, 0xE3, 0x98, 0xD1, 0x81, 0x51, 0xF1,
  0xEF, 0xBC, 0xFC, 0xF7, 0x0E, 0xDB, 0xF4, 0xEA, 0x25, 0x12,
  0xEF, 0xD7, 0xA7, 0x07, 0xF9, 0xEB, 0x06, 0xE2, 0x16, 0x31,
  0x1C, 0x0B, 0x24, 0xDF, 0xD9, 0xF3, 0xC8, 0x06, 0x0E, 0xC9,
  0xE6, 0xAA, 0x29, 0x64, 0x45, 0xE0, 0x16, 0xC5, 0x4C, 0xEC,
  0x42, 0x66, 0x3B, 0x06, 0xAC, 0xDF, 0xBD, 0x31, 0xFB, 0xB0,
  0x25, 0x58, 0xB6, 0x28, 0x18, 0x47, 0xDD, 0x25, 0x4D, 0x30,
  0x45, 0x09, 0xD0, 0x13, 0x23, 0xC8, 0x1F, 0x2F, 0x05, 0x11,
  0x14, 0x2F, 0xEC, 0x6F, 0x60, 0x3B, 0x1A, 0x02, 0xAD, 0xF8,
  0xF9, 0x07, 0x61, 0xF3, 0x04, 0x21, 0xFF, 0x0A, 0xC3, 0x11,
  0x0C, 0x24, 0x09, 0xD2, 0xEF, 0xE9, 0xA7, 0xDE, 0xFE, 0xEB,
  0xB0, 0xCD, 0xED, 0xF3, 0xF8, 0xDA, 0x3C, 0x0E, 0xC0, 0xF9,
  0xCE, 0xBD, 0x3C, 0xDD, 0x23, 0xF0, 0xC4, 0xD0, 0x08, 0xD3,
  0x0F, 0x0A, 0x37, 0x36, 0x17, 0x28, 0xB2, 0x0A, 0x29, 0x1A,
  0x52, 0x06, 0xCC, 0x11, 0x1F, 0x67, 0x22, 0x0F, 0x1C, 0x1E,
  0x53, 0xD5, 0x00, 0xE1, 0x02, 0xE7, 0xDC, 0x3C, 0x44, 0xD3,
  0x3B, 0xBC, 0xD5, 0xF6, 0xF1, 0xEB, 0x0F, 0xF0, 0xE0, 0x3F,
  0x2A, 0xB3, 0x10, 0x83, 0xC7, 0xE0, 0xDF, 0xC0, 0x24, 0x00,
  0x03, 0xD2, 0x1D, 0xE5, 0xE0, 0xF2, 0xF3, 0xDA, 0x22, 0x04,
  0x59, 0xE4, 0x26, 0x94, 0xFF, 0x28, 0xEB, 0x1D, 0x23, 0xEF,
  0xF5, 0x26, 0x1E, 0xF9, 0xD7, 0x0E, 0xC8, 0x2C, 0x0D, 0x1D,
  0x21, 0x41, 0x27, 0x39, 0x1E, 0xB5, 0x0B, 0xAF, 0x17, 0xC1,
  0xCD, 0xFC, 0x32, 0xF3, 0x11, 0xF9, 0x3B, 0x1E, 0xD1, 0xE8,
  0xD9, 0x31, 0x06, 0x31, 0xBA, 0xC2, 0xFB, 0xC2, 0x05, 0x23,
  0xDF, 0xFF, 0x00, 0x25, 0xFC, 0x07, 0x5A, 0xE5, 0x02, 0xED,
  0x18, 0x22, 0x13, 0x2A, 0x0B, 0xCC, 0x22, 0xFE, 0x49, 0x51,
  0x00, 0x09, 0x2A, 0x33, 0xF1, 0x15, 0xFB, 0xB9, 0xFA, 0x00,
  0xFB, 0x16, 0x98, 0x22, 0x06, 0x04, 0x20, 0x04, 0x22, 0x46,
  0xCC, 0xF4, 0x33, 0xE2, 0xCF, 0x13, 0x08, 0xF0, 0x10, 0xEE,
  0xF4, 0x60, 0xE2, 0xC9, 0xB2, 0x25, 0xD2, 0x2B, 0xF7, 0xCA,
  0xCF, 0xF5, 0x2F, 0xDB, 0xA4, 0xD8, 0x03, 0x2B, 0xC3, 0x03,
  0x56, 0x18, 0xBE, 0x25, 0x1A, 0xF8, 0xD2, 0xE1, 0x2E, 0xF7,
  0xFF, 0xE0, 0x48, 0x23, 0x1F, 0xF6, 0x0B, 0xD9, 0x03, 0x36,
  0x2E, 0xFF, 0x03, 0xEB, 0x27, 0x4A, 0xDB, 0x1E, 0xFB, 0x07,
  0x0E, 0x1B, 0x7F, 0xC4, 0xF4, 0x09, 0xFD, 0xEA, 0xDA, 0x19,
  0x21, 0xF8, 0xF3, 0xDA, 0x6F, 0x12, 0xD3, 0xD5, 0xF9, 0xD4,
  0x47, 0x37, 0x07, 0xD5, 0xB2, 0x1B, 0x44, 0x37, 0xDC, 0xED,
  0xF7, 0xE9, 0x23, 0xBD, 0xD8, 0xFA, 0x04, 0x25, 0xE6, 0xEF,
  0x07, 0xD4, 0xA2, 0x36, 0xE3, 0x16, 0xDA, 0xB8, 0x73, 0xD5,
  0xFB, 0x20, 0x40, 0xBD, 0xCD, 0xBA, 0x01, 0xDF, 0x2A, 0xED,
  0xE6, 0x34, 0x1D, 0x32, 0xBD, 0x0A, 0xCB, 0x11, 0x3C, 0xFC,
  0x07, 0x3F, 0x01, 0xE1, 0x19, 0x12, 0x3F, 0x07, 0xA6, 0xF6,
  0x42, 0xB8, 0x32, 0xF7, 0x36, 0x38, 0xF3, 0x93, 0x4A, 0x94,
  0xDF, 0x16, 0x34, 0x67, 0x1F, 0x71, 0x51, 0xF9, 0xC0, 0xFF,
  0xCC, 0xEC, 0x42, 0x67, 0xDF, 0xE9, 0x28, 0x56, 0xD7, 0xF0,
  0xD6, 0xF8, 0x3E, 0xEB, 0xC2, 0xF2, 0x13, 0x13, 0xDD, 0xAD,
  0x56, 0x91, 0xE6, 0x47, 0x6C, 0x24, 0xED, 0x5A, 0x72, 0x04,
  0xAC, 0xCA, 0x32, 0xC6, 0x3F, 0x04, 0x08, 0xFA, 0xBB, 0x0E,
  0x06, 0xF7, 0xE2, 0xDA, 0x5D, 0x1C, 0xBC, 0x62, 0xB9, 0x00,
  0x40, 0x25, 0x5A, 0xC3, 0x15, 0xEE, 0x35, 0x37, 0xF4, 0x40,
  0x5D, 0x27, 0x0A, 0xE1, 0x2A, 0x0C, 0x35, 0xE3, 0x0F, 0x3D,
  0xDE, 0xE6, 0x09, 0xE1, 0xE8, 0xFD, 0x52, 0x04, 0xC0, 0x0B,
  0x1C, 0x0F, 0x22, 0x35, 0xBE, 0xD9, 0x2E, 0x23, 0xD8, 0x03,
  0x48, 0x00, 0x40, 0x40, 0xEF, 0x2A, 0xEF, 0x19, 0x7F, 0xA0,
  0xD7, 0xF7, 0xBC, 0x0B, 0xFB, 0xFB, 0xB9, 0x50, 0x14, 0x03,
  0xB8, 0xFE, 0xF7, 0x04, 0x39, 0xBF, 0xCF, 0xFE, 0xCA, 0xA6,
  0x10, 0x0F, 0x0B, 0xBE, 0xDD, 0x1F, 0x4C, 0x32, 0x08, 0xD4,
  0x08, 0xF4, 0x26, 0x6C, 0x2D, 0x06, 0x2B, 0xF0, 0x0D, 0x2E,
  0xB8, 0x93, 0xDD, 0xDB, 0xF9, 0x09, 0xE5, 0xEB, 0x10, 0x27,
  0xD5, 0xF6, 0xFB, 0xDB, 0xE6, 0x9C, 0xEA, 0x14, 0x0C, 0xA6,
  0xE7, 0xBF, 0x3E, 0xF8, 0x48, 0x15, 0x52, 0xFB, 0x19, 0xD7,
  0xBF, 0xFF, 0xB7, 0xFF, 0xE2, 0x2E, 0x17, 0x20, 0x8F, 0x99,
  0x2B, 0xC7, 0xDC, 0xED, 0xD3, 0xF2, 0xDF, 0x36, 0x04, 0xF2,
  0x7F, 0x10, 0xCB, 0x01, 0x53, 0x12, 0xD7, 0x13, 0x1F, 0x04,
  0x10, 0xBC, 0x1C, 0x3A, 0x08, 0x11, 0x1D, 0x22, 0xED, 0xF4,
  0x13, 0xC9, 0x17, 0xD5, 0xC9, 0x01, 0xC2, 0xFE, 0xED, 0x69,
  0xE3, 0x19, 0x74, 0x33, 0xE6, 0x04, 0x42, 0xE6, 0x09, 0xFF,
  0x62, 0x0B, 0x54, 0xA7, 0x29, 0x64, 0xF2, 0x43, 0xDB, 0x6F,
  0x02, 0x79, 0xFB, 0xCA, 0xC6, 0xCC, 0x4A, 0xE2, 0xE3, 0x18,
  0x1C, 0x22, 0x17, 0xFD, 0xEA, 0x0B, 0x39, 0x26, 0x3C, 0xB2,
  0xDD, 0xEC, 0xE2, 0x0B, 0x31, 0xC9, 0x0E, 0xEF, 0x0F, 0xDC,
  0x05, 0xE9, 0x0B, 0x1A, 0x14, 0xB0, 0xFD, 0xB8, 0xF1, 0x3A,
  0xBB, 0x40, 0x39, 0xFC, 0xFA, 0xD2, 0x64, 0x14, 0xBC, 0xB7,
  0x48, 0x12, 0x33, 0xC8, 0xD5, 0x18, 0x56, 0xE3, 0xF6, 0x40,
  0x11, 0xB4, 0xA7, 0xB5, 0x42, 0x3B, 0x16, 0xE7, 0x3E, 0xD0,
  0xFB, 0xDD, 0x94, 0x11, 0xF8, 0xF8, 0x08, 0xC7, 0x3C, 0x21,
  0xD6, 0x13, 0xEC, 0x2C, 0xA6, 0x45, 0xD7, 0x22, 0xE8, 0x14,
  0xFA, 0xF7, 0x44, 0x0D, 0x2A, 0xB7, 0x00, 0x05, 0x2D, 0xC7,
  0x14, 0x41, 0x2C, 0xF5, 0xE4, 0xF1, 0xC4, 0xF0, 0xD6, 0x42,
  0x45, 0x30, 0xE6, 0xCC, 0xDB, 0xC8, 0xA6, 0x36, 0x39, 0xF7,
  0x0E, 0xDB, 0x1C, 0x41, 0xEF, 0xF1, 0xE8, 0xEA, 0xFE, 0x43,
  0xBF, 0xC0, 0x02, 0xCD, 0xDE, 0x36, 0x28, 0x01, 0x1A, 0xCF,
  0x31, 0x0E, 0xEE, 0x5C, 0xC7, 0x3D, 0x07, 0x11, 0xCE, 0x81,
  0x63, 0x13, 0xCE, 0x35, 0xC7, 0x3A, 0x1D, 0xFB, 0xDB, 0x11,
  0xD8, 0x2B, 0x03, 0x3F, 0x02, 0xEE, 0xF1, 0xFE, 0xF9, 0xFF,
  0x11, 0x08, 0xD0, 0x1C, 0xE2, 0xFD, 0x4A, 0x1A, 0xE5, 0x2C,
  0xF8, 0x8F, 0x15, 0x25, 0x3A, 0x35, 0xCA, 0xFD, 0x1E, 0xDD,
  0xBB, 0x30, 0x0B, 0x09, 0xD7, 0x24, 0x3B, 0x30, 0x1F, 0x2D,
  0x15, 0x07, 0xF7, 0xEB, 0xD3, 0x3D, 0xAB, 0x1C, 0xFE, 0x54,
  0x0C, 0x14, 0x12, 0xC9, 0xED, 0x13, 0x26, 0x3E, 0x9D, 0xEB,
  0xFC, 0xD8, 0x95, 0x46, 0x20, 0x11, 0x09, 0xF5, 0xF3, 0xED,
  0x11, 0x16, 0x21, 0x32, 0x3D, 0xEA, 0xF0, 0xF7, 0xC7, 0x14,
  0xE1, 0x20, 0xD3, 0x0B, 0x45, 0xE9, 0x29, 0xE8, 0x37, 0x16,
  0xDB, 0x00, 0xD4, 0xD5, 0xE8, 0xFE, 0xF8, 0x35, 0xE1, 0xD7,
  0x20, 0xBD, 0x55, 0x53, 0x2E, 0x18, 0x11, 0xFC, 0xF2, 0x2D,
  0xD5, 0x3B, 0x05, 0xEF, 0xFA, 0x36, 0x17, 0xE4, 0x09, 0xD2,
  0x43, 0xD7, 0xC1, 0xE3, 0xF4, 0xBF, 0xFC, 0xF7, 0x04, 0x00,
  0xFB, 0xD1, 0x52, 0xCE, 0xC0, 0x23, 0x26, 0x26, 0xE6, 0x1D,
  0xBF, 0x3F, 0xCB, 0x4E, 0x00, 0x1D, 0xF0, 0x6B, 0xE2, 0xD3,
  0x55, 0x1E, 0x01, 0xE4, 0xB7, 0xD1, 0xEE, 0x14, 0xFB, 0x16,
  0x18, 0xE3, 0xF9, 0xAF, 0x11, 0xC1, 0x32, 0x20, 0x47, 0x1F,
  0xBD, 0x47, 0x15, 0x23, 0x9A, 0x59, 0x19, 0x31, 0x06, 0x1E,
  0xCD, 0xF5, 0x4D, 0x10, 0xE5, 0xFE, 0x85, 0xE6, 0x1E, 0x17,
  0xE6, 0x21, 0xE9, 0xF4, 0xFC, 0xC2, 0x50, 0x90, 0xEE, 0x10,
  0x20, 0xFF, 0xB5, 0x06, 0x0E, 0xDA, 0xFC, 0xEB, 0x44, 0xB9,
  0xF8, 0xFE, 0x43, 0xCF, 0xD9, 0x18, 0x6A, 0x0D, 0x12, 0x2F,
  0x0F, 0xF7, 0xBA, 0xE8, 0x3A, 0x0A, 0x2E, 0x1E, 0x0A, 0xDA,
  0xEA, 0x07, 0xE8, 0x0B, 0xC3, 0x06, 0x25, 0xF4, 0xB8, 0x18,
  0x1E, 0xD3, 0xC8, 0xF6, 0x44, 0xDE, 0x3F, 0x00, 0xED, 0x2F,
  0xDC, 0x0E, 0x21, 0x58, 0xEC, 0xE1, 0x36, 0x3F, 0xFE, 0xFE,
  0xCA, 0xBA, 0x50, 0x2F, 0xB3, 0x0E, 0xDE, 0x20, 0xBA, 0xE8,
  0xE5, 0x2A, 0xB4, 0xBC, 0xF6, 0x0A, 0xF2, 0x01, 0x63, 0x3E,
  0xD0, 0xC5, 0xA8, 0x35, 0xE5, 0x33, 0xE2, 0x38, 0x56, 0x65,
  0xEF, 0xC9, 0x1B, 0xF4, 0xB9, 0x13, 0x1D, 0xF9, 0xC1, 0xEA,
  0xC1, 0xE3, 0xF3, 0x37, 0x04, 0xD6, 0x21, 0xE2, 0xB0, 0xC9,
  0xFE, 0x53, 0xD8, 0x0E, 0xC3, 0x3F, 0x11, 0x0B, 0x13, 0xFD,
  0xFC, 0x3F, 0xCC, 0x14, 0xDE, 0xE6, 0xA9, 0x55, 0x97, 0x9A,
  0xBE, 0xFE, 0x25, 0xA7, 0xE8, 0x70, 0x49, 0x36, 0x27, 0x4E,
  0xBF, 0x81, 0x3D, 0x40, 0x47, 0x18, 0xA1, 0x29, 0x07, 0x18,
  0xF0, 0x01, 0x5D, 0xE7, 0xCF, 0x3F, 0xCE, 0xC6, 0x9A, 0x2B,
  0xBE, 0xAF, 0xC5, 0x07, 0xDE, 0xA9, 0x2B, 0xF9, 0xF1, 0xF4,
  0xC3, 0x3E, 0x14, 0x15, 0x14, 0x0B, 0x2A, 0x60, 0x72, 0x53,
  0x0D, 0x52, 0xE7, 0x8B, 0x40, 0x16, 0x11, 0x36, 0xDE, 0xE1,
  0xC2, 0x11, 0xB6, 0x1B, 0xE2, 0xED, 0xD9, 0xCA, 0xC6, 0x47,
  0xFB, 0x19, 0x8D, 0x08, 0x0A, 0x0C, 0x68, 0x6F, 0x19, 0x13,
  0xE8, 0x06, 0x0D, 0xFE, 0xE4, 0xB2, 0x44, 0x0C, 0xCB, 0xDE,
  0xDA, 0xC3, 0x1A, 0x15, 0x12, 0xCA, 0xEB, 0x3A, 0xBF, 0x0B,
  0x2A, 0xD6, 0xF0, 0xB4, 0x08, 0x35, 0xE6, 0x44, 0xD4, 0x22,
  0xF2, 0xB3, 0xFE, 0x14, 0xD4, 0xAF, 0x35, 0xE7, 0x18, 0x2B,
  0xF0, 0xFA, 0x28, 0xF9, 0xBB, 0x03, 0x10, 0xFC, 0x18, 0x0E,
  0xDD, 0xFC, 0x4B, 0xCC, 0x07, 0x11, 0xF6, 0xE1, 0xC1, 0x45,
  0x22, 0xCE, 0x00, 0x15, 0xD3, 0xED, 0xBB, 0xED, 0x3D, 0x30,
  0x11, 0x23, 0xA8, 0xF2, 0x36, 0xE9, 0xF4, 0xF3, 0x28, 0x2D,
  0xB4, 0x39, 0xE7, 0xE2, 0xF9, 0xF4, 0xDA, 0xC3, 0xFD, 0xDC,
  0xE9, 0xDA, 0xE6, 0xE9, 0xC0, 0xFE, 0xED, 0xF1, 0x28, 0xF2,
  0x15, 0xF4, 0xFB, 0xD1, 0xFA, 0xC7, 0x09, 0x2F, 0xDA, 0x1D,
  0x03, 0x04, 0x9F, 0x15, 0xD9, 0x47, 0x15, 0x03, 0x06, 0xFC,
  0xF6, 0xFA, 0xD0, 0xD9, 0xDF, 0xB5, 0xC7, 0xE9, 0xD7, 0xF3,
  0x2A, 0xC2, 0xFA, 0xC9, 0x12, 0xD5, 0xEF, 0x26, 0xB9, 0x17,
  0xC1, 0x0E, 0x00, 0xC3, 0x9E, 0xE3, 0xD4, 0xEC, 0xF1, 0xC6,
  0x23, 0xB2, 0x50, 0xE2, 0xF1, 0x28, 0xEB, 0xCB, 0xDE, 0xD8,
  0x04, 0xE8, 0x01, 0x0F, 0x09, 0x02, 0x18, 0xB7, 0xED, 0x14,
  0x19, 0x08, 0xF3, 0x00, 0x08, 0xF0, 0x81, 0xD0, 0x37, 0x55,
  0xE9, 0x1F, 0xD7, 0xF0, 0x31, 0x23, 0xD2, 0x33, 0xC0, 0xA9,
  0x00, 0x03, 0x38, 0xFA, 0x4B, 0xCF, 0xE2, 0x06, 0xCD, 0xA6,
  0x15, 0x22, 0x11, 0xE0, 0x0F, 0x2D, 0x0A, 0xF2, 0xB3, 0x34,
  0xFA, 0x2F, 0xF8, 0x1C, 0xD9, 0xE4, 0x0C, 0xCA, 0xB2, 0x2A,
  0xAC, 0xBD, 0x9C, 0x07, 0xD8, 0xF0, 0x2A, 0xF4, 0xDF, 0x2B,
  0x04, 0xC0, 0xF1, 0x17, 0xA6, 0xF2, 0x1F, 0x02, 0x06, 0xC8,
  0xE9, 0xE3, 0x51, 0xC1, 0x0C, 0xC3, 0x0E, 0x04, 0xBA, 0x16,
  0x0D, 0x24, 0xF8, 0x1B, 0xF3, 0xD5, 0x58, 0x46, 0xE2, 0xF9,
  0x07, 0xE1, 0x0F, 0x2D, 0x22, 0x16, 0xE1, 0x11, 0xFD, 0xD3,
  0xEB, 0x17, 0xDC, 0x04, 0x28, 0xCC, 0x55, 0xFD, 0x02, 0xDC,
  0x0D, 0x06, 0xDD, 0xF9, 0x0B, 0xCD, 0x27, 0x0F, 0x75, 0x0D,
  0x10, 0x11, 0xDE, 0x91, 0x2B, 0xBC, 0x19, 0xEB, 0xE0, 0x30,
  0xC6, 0x18, 0xEB, 0x10, 0x0C, 0x11, 0xC7, 0xDD, 0x1D, 0xF0,
  0x05, 0x19, 0x95, 0x57, 0xF0, 0x07, 0x15, 0x2E, 0xD6, 0x21,
  0x38, 0xFA, 0x04, 0x3A, 0xFA, 0xB1, 0x17, 0xEF, 0x3D, 0xD4,
  0x03, 0x14, 0x0F, 0xFB, 0x1B, 0x16, 0x0F, 0x02, 0x08, 0xA1,
  0x37, 0xEB, 0x2F, 0xD3, 0xED, 0xBD, 0xFB, 0xF1, 0x13, 0xC8,
  0x22, 0xD1, 0x0A, 0x16, 0xF4, 0x10, 0xE6, 0x8A, 0xFB, 0xDE,
  0xE2, 0xDD, 0xBA, 0xEB, 0xD5, 0xEB, 0x0E, 0x8A, 0xFE, 0x0C,
  0x1D, 0x81, 0x42, 0x0F, 0x3B, 0x28, 0xC2, 0xBF, 0x04, 0xFD,
  0x15, 0xE5, 0xDB, 0x2F, 0x08, 0xFC, 0xD4, 0x06, 0x1F, 0xB6,
  0x41, 0x00, 0xFF, 0x1D, 0xE0, 0x0F, 0x25, 0xF2, 0xD7, 0xD0,
  0xEE, 0x13, 0x1F, 0xE8, 0x15, 0xC8, 0x05, 0xE5, 0xCB, 0x08,
  0xDB, 0xF3, 0xE0, 0x2C, 0x31, 0xED, 0x0C, 0x21, 0x35, 0x18,
  0x16, 0xF9, 0xE5, 0xD4, 0x1F, 0x52, 0x9C, 0xDE, 0xDD, 0x07,
  0xDF, 0xB1, 0xF1, 0xE8, 0xE5, 0xD1, 0x03, 0xD0, 0x43, 0x05,
  0xED, 0x0C, 0x0F, 0xEB, 0x1B, 0x3D, 0x0E, 0xF0, 0x36, 0x6C,
  0x49, 0x49, 0xF7, 0xE8, 0x26, 0xC6, 0x3A, 0x40, 0xF5, 0xFE,
  0xC8, 0xDE, 0xC3, 0xDB, 0xC3, 0xEA, 0x07, 0xF9, 0xF9, 0xF4,
  0xFC, 0x11, 0xE8, 0xD6, 0x07, 0xE2, 0xD6, 0xC6, 0x05, 0x1A,
  0xE9, 0x52, 0xE9, 0x56, 0xE9, 0xE0, 0x1B, 0x36, 0x0A, 0xF8,
  0x08, 0x29, 0xD2, 0xD6, 0xDC, 0xF7, 0xB8, 0x1F, 0xE0, 0x20,
  0x13, 0x0B, 0x23, 0x1D, 0xD8, 0xC0, 0xDE, 0xC0, 0xD4, 0x15,
  0x2D, 0xF0, 0xFC, 0x48, 0xE7, 0x40, 0x11, 0x11, 0xD8, 0xCC,
  0xF3, 0x0E, 0xDA, 0x3C, 0xC9, 0xEA, 0xBD, 0x0D, 0xDC, 0x0F,
  0x29, 0xCB, 0x0B, 0xEC, 0x31, 0xD0, 0xF5, 0x3D, 0xFD, 0x07,
  0x33, 0xF4, 0x06, 0xF7, 0x1B, 0x12, 0x0D, 0x3C, 0xEB, 0xC7,
  0x3F, 0xCB, 0x3A, 0x0D, 0x03, 0x15, 0x20, 0x46, 0x05, 0xF3,
  0xF3, 0xCF, 0xFF, 0xD6, 0xD6, 0x36, 0xE6, 0xCE, 0xB1, 0xC9,
  0x50, 0x07, 0x09, 0xB1, 0x22, 0x10, 0xDA, 0x25, 0x36, 0x25,
  0xE1, 0xC1, 0x02, 0xED, 0xCC, 0x32, 0xCF, 0xFA, 0xC0, 0xF3,
  0xCB, 0xB4, 0xCC, 0xE7, 0x10, 0xC1, 0x1F, 0x3C, 0x08, 0xDF,
  0xD9, 0x10, 0xE8, 0xFF, 0xE8, 0xF7, 0x41, 0x08, 0x07, 0x2B,
  0xCF, 0x22, 0x1C, 0xA0, 0x13, 0x28, 0xF7, 0xF1, 0xB5, 0x1B,
  0xF0, 0xD1, 0xEF, 0xA7, 0xC6, 0xF3, 0xE0, 0xCF, 0x1E, 0xEF,
  0xCB, 0x08, 0xC9, 0xC1, 0x01, 0x2E, 0x1D, 0x2F, 0x43, 0x65,
  0xD2, 0x55, 0xE8, 0x45, 0x22, 0xC7, 0x00, 0xD7, 0x32, 0x58,
  0x81, 0xE3, 0xC3, 0x16, 0x32, 0x32, 0xFA, 0x3A, 0xB5, 0xC4,
  0xCD, 0xFB, 0xDC, 0x50, 0xA9, 0xE0, 0xFC, 0x03, 0x1C, 0x2C,
  0x2B, 0xDA, 0x4D, 0x2F, 0xF1, 0x35, 0x05, 0x9A, 0xFD, 0xD4,
  0x23, 0x51, 0xF1, 0xF0, 0xF0, 0xB3, 0xC8, 0xF3, 0xDA, 0xE4,
  0xDC, 0xCC, 0x0B, 0x2B, 0x45, 0x29, 0xDF, 0xF9, 0x33, 0xE6,
  0x03, 0xDA, 0x0A, 0xED, 0xEE, 0xDD, 0x16, 0x2F, 0xF1, 0xC2,
  0x1B, 0x0C, 0xFD, 0xDE, 0x01, 0x1B, 0x18, 0x24, 0xF0, 0x36,
  0xF5, 0xDE, 0x06, 0x0E, 0xCA, 0x05, 0x35, 0x08, 0xDB, 0x4C,
  0xF8, 0xF3, 0x15, 0x1A, 0xED, 0xFF, 0xAE, 0xCC, 0x5C, 0x25,
  0x0B, 0xCE, 0xDF, 0x07, 0xF1, 0x33, 0x10, 0x06, 0xFB, 0x1F,
  0x05, 0xF6, 0xE7, 0x37, 0x38, 0xC4, 0xC9, 0xED, 0xFF, 0xFA,
  0x44, 0x0F, 0xBF, 0xB1, 0xD1, 0x3E, 0x3B, 0x16, 0xCD, 0x05,
  0x0D, 0x07, 0x19, 0xE0, 0xD1, 0x4B, 0xF3, 0xC6, 0x58, 0xFB,
  0xF8, 0xAA, 0x4E, 0x2C, 0x01, 0x56, 0xF9, 0xF5, 0xC1, 0xD0,
  0x59, 0x41, 0xDB, 0xF5, 0x15, 0xB4, 0xBD, 0x48, 0x27, 0x26,
  0xC5, 0xEA, 0x32, 0x0C, 0xC6, 0x54, 0xE6, 0x09, 0xE1, 0xE5,
  0x2E, 0x1B, 0xDD, 0x0B, 0x54, 0xEA, 0xE4, 0x48, 0xEE, 0xD3,
  0xD8, 0xF5, 0xF6, 0x3B, 0xE8, 0xEB, 0x39, 0x1E, 0xE9, 0x0C,
  0x58, 0xFB, 0x11, 0x1C, 0x47, 0x24, 0xC3, 0x12, 0xD1, 0xE3,
  0x0C, 0x12, 0x11, 0x2E, 0xFC, 0xFB, 0x50, 0x09, 0xF4, 0xEE,
  0x1B, 0xCC, 0xFA, 0x08, 0xBE, 0x1F, 0x1D, 0xDE, 0x07, 0x12,
  0xE1, 0x44, 0x36, 0x17, 0xDA, 0x4C, 0x5D, 0x2E, 0xE6, 0xCC,
  0x12, 0xF3, 0x32, 0xF5, 0xBE, 0x10, 0xF8, 0xB3, 0x31, 0x40,
  0xE8, 0xB1, 0x12, 0xD1, 0xFB, 0x09, 0x33, 0x31, 0xE4, 0xBA,
  0x41, 0x2F, 0xE3, 0xEF, 0xD0, 0xDA, 0xE7, 0x22, 0xDA, 0x09,
  0xF0, 0x1F, 0xE1, 0xDD, 0xFB, 0x37, 0xE0, 0xFB, 0x11, 0xF9,
  0xFB, 0xC5, 0x48, 0x81, 0x36, 0x51, 0xCB, 0x6C, 0xE9, 0x2C,
  0xDA, 0xF2, 0x18, 0x0F, 0xDB, 0xC6, 0xAE, 0xFF, 0x0A, 0xCF,
  0x78, 0xE1, 0xEF, 0x02, 0xEB, 0x26, 0xFD, 0xE9, 0x1A, 0xC6,
  0xDD, 0x0A, 0x22, 0x30, 0xBD, 0x40, 0x28, 0xE9, 0x9C, 0x25,
  0x2D, 0x14, 0x32, 0x12, 0x31, 0xC2, 0x9D, 0xF4, 0xD6, 0xE3,
  0xC6, 0x41, 0x25, 0x16, 0xD5, 0x20, 0xEB, 0x15, 0xD4, 0xE1,
  0x08, 0x13, 0xF6, 0xFA, 0x61, 0xCB, 0x25, 0x16, 0x24, 0x39,
  0xD6, 0x20, 0x3B, 0xC0, 0xF0, 0x50, 0x1A, 0x31, 0x9A, 0x37,
  0xCB, 0x1D, 0xBC, 0xEB, 0x4A, 0xEF, 0xB0, 0xC4, 0x81, 0x1C,
  0xFF, 0x57, 0x4F, 0xC3, 0xEC, 0x2C, 0x5C, 0xDF, 0xCE, 0x37,
  0x15, 0x47, 0xC5, 0x34, 0x07, 0xE4, 0x26, 0xC6, 0xF9, 0x2A,
  0xF6, 0xB1, 0x10, 0xFF, 0xEF, 0x3A, 0x14, 0x24, 0xEB, 0x2A,
  0xAE, 0x23, 0x16, 0xDE, 0xFF, 0xC1, 0xDD, 0xDA, 0x4A, 0xFB,
  0xBD, 0x45, 0x30, 0x2B, 0xD8, 0xE1, 0x2D, 0xB9, 0xF7, 0xCA,
  0xE2, 0xF7, 0x8B, 0xE4, 0xF1, 0x0B, 0xF6, 0x2B, 0x18, 0x11,
  0xF8, 0xFD, 0x97, 0x1B, 0xE9, 0xEC, 0xC9, 0x12, 0xCB, 0x0B,
  0x06, 0xD3, 0x05, 0xCB, 0xE7, 0x03, 0xE9, 0xDC, 0x4B, 0x32,
  0x53, 0xEE, 0x35, 0x34, 0xEF, 0xE4, 0xFC, 0xF0, 0xF1, 0x0C,
  0x2A, 0x23, 0x1E, 0xD6, 0xC1, 0xE4, 0x02, 0x43, 0xF7, 0xE6,
  0xD4, 0xCA, 0xDA, 0xD9, 0x00, 0xF7, 0x41, 0x3D, 0xEE, 0x18,
  0xDF, 0xD0, 0xEB, 0x0F, 0xEF, 0x37, 0xB0, 0xB5, 0xF0, 0xEF,
  0xDC, 0x11, 0x1C, 0x01, 0x27, 0xD0, 0xA7, 0xEE, 0x3B, 0xDC,
  0xFC, 0xD9, 0xBA, 0x38, 0x34, 0x45, 0xD9, 0x33, 0x10, 0xE5,
  0x12, 0xA0, 0x48, 0x1E, 0x38, 0x13, 0xB6, 0xDA, 0x00, 0x3E,
  0xC1, 0xC3, 0xED, 0xB3, 0x01, 0x3D, 0xE8, 0x02, 0xB4, 0xD1,
  0x24, 0xFF, 0x31, 0xE7, 0x2E, 0xE7, 0xDA, 0x0B, 0x3B, 0x06,
  0x23, 0x36, 0x2B, 0xB5, 0x36, 0x3D, 0x35, 0x15, 0xEA, 0xA2,
  0xFA, 0xEB, 0xF7, 0xC6, 0x16, 0xAC, 0x10, 0x05, 0x41, 0x3D,
  0xDE, 0xE2, 0x09, 0x22, 0xC5, 0xC0, 0x22, 0xE5, 0xC5, 0xE1,
  0x1C, 0xF7, 0x16, 0x45, 0x19, 0xAB, 0x20, 0x36, 0xE8, 0xD6,
  0x2B, 0x2A, 0xB8, 0x4B, 0xE7, 0x13, 0xD7, 0x04, 0xFA, 0x5A,
  0x18, 0x42, 0xD7, 0xCB, 0xC5, 0xF0, 0xD8, 0x3C, 0x05, 0x23,
  0xED, 0x24, 0x3A, 0x3C, 0x3E, 0x1B, 0xCB, 0xC0, 0xB9, 0xFC,
  0x42, 0x57, 0x1F, 0x03, 0xDB, 0xEC, 0xDD, 0x00, 0xF2, 0xC1,
  0x3D, 0xF2, 0xE4, 0x25, 0xFE, 0xBC, 0xB7, 0x3B, 0xE6, 0xF4,
  0xD6, 0x40, 0x48, 0x2B, 0x35, 0xF0, 0x7F, 0x4A, 0xBA, 0xD7,
  0xD4, 0xDE, 0xDA, 0xAA, 0x02, 0x33, 0xD7, 0x05, 0x23, 0x20,
  0xF9, 0x13, 0xE7, 0x10, 0xF9, 0x60, 0xF4, 0x2C, 0xD7, 0x3E,
  0xD2, 0x3E, 0xEC, 0x07, 0xE8, 0x24, 0x15, 0x5B, 0xFB, 0x1F,
  0xA0, 0x1B, 0xE5, 0x0B, 0xD7, 0x5B, 0x31, 0xE8, 0xEE, 0xC9,
  0xFA, 0x11, 0xDA, 0xF9, 0xDF, 0x0D, 0x5E, 0x52, 0xED, 0x28,
  0x19, 0xE6, 0xC9, 0xEA, 0x09, 0xF9, 0x4C, 0xBC, 0xF6, 0xDC,
  0xE0, 0x4C, 0x0A, 0xD7, 0xA5, 0x21, 0x16, 0x33, 0x67, 0x21,
  0x91, 0xE2, 0xFD, 0xF7, 0x9F, 0xBB, 0x23, 0xE1, 0x1D, 0xCD,
  0x19, 0x98, 0xE7, 0x01, 0x54, 0xEA, 0xD3, 0xF1, 0x40, 0x48,
  0xE0, 0x65, 0xFF, 0x0F, 0xDB, 0x1E, 0x2D, 0x35, 0x46, 0xAB,
  0xD8, 0xB8, 0xF9, 0xD8, 0x14, 0x1B, 0x0E, 0xE5, 0x15, 0x06,
  0x0A, 0x30, 0xD3, 0xBE, 0x4F, 0xC8, 0xD8, 0xD9, 0xEC, 0x1F,
  0x01, 0x30, 0xD9, 0x19, 0xDC, 0xF6, 0x04, 0xB6, 0x0D, 0x28,
  0x0D, 0xFA, 0xFA, 0x16, 0x0B, 0xFD, 0xE0, 0xF7, 0xE1, 0xD1,
  0x11, 0xE9, 0xB5, 0x09, 0xF6, 0x2B, 0x2C, 0xEF, 0xFE, 0xD4,
  0xBA, 0xFF, 0x2F, 0xD2, 0x29, 0x0E, 0x12, 0x11, 0xDE, 0xE5,
  0xF8, 0x02, 0x31, 0x30, 0xCD, 0xF3, 0xC4, 0x19, 0x01, 0x04,
  0x4B, 0x17, 0x1C, 0x0A, 0xEE, 0x16, 0x1C, 0xF4, 0x4A, 0xEA,
  0xF9, 0x1B, 0x0B, 0x0E, 0x14, 0xEA, 0x23, 0xD7, 0x02, 0xE8,
  0x36, 0xC2, 0x3B, 0xCE, 0x2F, 0xFF, 0xD5, 0x1F, 0xD6, 0x1E,
  0xD0, 0x27, 0x0F, 0xE1, 0x44, 0xF6, 0x42, 0xAD, 0xEC, 0xDE,
  0x16, 0x23, 0xD6, 0xE8, 0xE1, 0xD8, 0x17, 0x3A, 0x0D, 0x3C,
  0x3A, 0xF7, 0x7B, 0xF5, 0xE4, 0x07, 0x02, 0x0C, 0xD5, 0x1E,
  0xE6, 0xDE, 0xC5, 0x0C, 0xCE, 0x24, 0x42, 0x46, 0x0A, 0x0F,
  0x9B, 0x00, 0xBA, 0xF7, 0xDD, 0x4F, 0xC1, 0xF9, 0x07, 0x1F,
  0x61, 0xDA, 0xF1, 0x02, 0x14, 0xE8, 0xE4, 0xD9, 0x1A, 0x03,
  0xD2, 0x06, 0xEB, 0x1B, 0x4A, 0xFC, 0x52, 0x42, 0x01, 0xED,
  0xE2, 0xFA, 0xE5, 0x7F, 0xF6, 0x33, 0xCB, 0x62, 0xDA, 0xF8,
  0x9D, 0xEF, 0x1E, 0x52, 0x07, 0x2D, 0x30, 0xCA, 0xAF, 0xDA,
  0x27, 0x02, 0x1E, 0x22, 0xF7, 0xC0, 0xD5, 0x13, 0xEB, 0x12,
  0xD2, 0xF0, 0x15, 0xE7, 0xB6, 0xF0, 0xD8, 0x10, 0xD6, 0xCB,
  0xB3, 0xFD, 0xA3, 0xE2, 0x43, 0x09, 0x04, 0x12, 0x1B, 0x18,
  0x12, 0x03, 0xD5, 0xC8, 0xF4, 0x23, 0x14, 0xF1, 0x01, 0x1D,
  0xF1, 0x2C, 0x13, 0xDE, 0xFC, 0xE8, 0x6C, 0x03, 0xF9, 0x56,
  0x13, 0x3C, 0x23, 0x06, 0x23, 0xD4, 0x07, 0xC3, 0x3E, 0xCB,
  0x01, 0xE5, 0xE5, 0xEE, 0x18, 0xDD, 0xFE, 0xD4, 0x3A, 0x54,
  0xF9, 0x13, 0x03, 0xD7, 0x1F, 0xE5, 0x0B, 0xDA, 0x23, 0xDF,
  0xD3, 0x0F, 0x12, 0xF6, 0xE5, 0x00, 0xC6, 0xFE, 0xE9, 0x09,
  0xFF, 0x12, 0xE7, 0xD2, 0x37, 0x40, 0x12, 0xCE, 0xD9, 0xA3,
  0x48, 0x31, 0x07, 0xEE, 0x04, 0xD8, 0x27, 0x26, 0x0A, 0xE2,
  0x7D, 0xB6, 0xE8, 0x23, 0x04, 0x21, 0x08, 0x05, 0xF3, 0xEF,
  0x17, 0x12, 0xFD, 0x0F, 0x31, 0xD8, 0x31, 0xDF, 0xD9, 0x0C,
  0xC8, 0xC2, 0x37, 0x36, 0x00, 0x07, 0x10, 0xE4, 0xF7, 0xFF,
  0x03, 0xE6, 0x4C, 0xAD, 0xEC, 0x28, 0x14, 0x23, 0x31, 0xD9,
  0xD6, 0xDA, 0x01, 0x30, 0x7F, 0xD3, 0xD1, 0xD3, 0x41, 0x0A,
  0xFD, 0xD8, 0xC7, 0xC9, 0xF1, 0x42, 0xEC, 0xFB, 0x15, 0x22,
  0x3D, 0xEF, 0x36, 0xB9, 0x77, 0xFA, 0xEF, 0x0B, 0xC0, 0xEE,
  0xF5, 0x28, 0x0D, 0x13, 0x36, 0xE2, 0x64, 0xAD, 0x28, 0x25,
  0xE6, 0x19, 0xD0, 0xF4, 0xF2, 0xE8, 0x0C, 0x45, 0xE1, 0x04,
  0x19, 0xFC, 0x3F, 0x39, 0x20, 0xF4, 0x47, 0xB2, 0x06, 0x19,
  0xC0, 0x09, 0xE3, 0xE8, 0xC4, 0xE3, 0x0F, 0xDD, 0xF7, 0xF6,
  0xF9, 0xDF, 0x43, 0x4A, 0x09, 0xF8, 0xD9, 0xF0, 0xFD, 0xEB,
  0xD3, 0xEE, 0xF0, 0xBC, 0x4F, 0x19, 0x23, 0xD3, 0x72, 0xAB,
  0xFF, 0x0D, 0x07, 0x32, 0x00, 0x4B, 0xEA, 0xC4, 0xCE, 0x37,
  0x78, 0xE4, 0xFF, 0xFF, 0x7C, 0xE4, 0xFF, 0xFF, 0xFA, 0xFB,
  0xFF, 0xFF, 0x04, 0x00, 0x00, 0x00, 0x80, 0x00, 0x00, 0x00,
  0x8D, 0xFC, 0xFF, 0xFF, 0xF8, 0xFC, 0xFF, 0xFF, 0x92, 0xFE,
  0xFF, 0xFF, 0x51, 0xFC, 0xFF, 0xFF, 0xEA, 0x01, 0x00, 0x00,
  0x4D, 0xFA, 0xFF, 0xFF, 0xC4, 0xFD, 0xFF, 0xFF, 0x28, 0xFC,
  0xFF, 0xFF, 0x9D, 0xFF, 0xFF, 0xFF, 0x2F, 0xFF, 0xFF, 0xFF,
  0xBE, 0xFA, 0xFF, 0xFF, 0x7B, 0xFF, 0xFF, 0xFF, 0x65, 0x00,
  0x00, 0x00, 0x76, 0xFF, 0xFF, 0xFF, 0x15, 0x00, 0x00, 0x00,
  0xFC, 0x00, 0x00, 0x00, 0x6E, 0x01, 0x00, 0x00, 0xEF, 0xFF,
  0xFF, 0xFF, 0x0E, 0xFE, 0xFF, 0xFF, 0x39, 0xFE, 0xFF, 0xFF,
  0x83, 0xFE, 0xFF, 0xFF, 0xD5, 0xFF, 0xFF, 0xFF, 0x3B, 0x02,
  0x00, 0x00, 0x02, 0x00, 0x00, 0x00, 0x89, 0xFF, 0xFF, 0xFF,
  0xD8, 0xFD, 0xFF, 0xFF, 0x28, 0xFD, 0xFF, 0xFF, 0x7E, 0xFE,
  0xFF, 0xFF, 0x57, 0x01, 0x00, 0x00, 0xF0, 0xFD, 0xFF, 0xFF,
  0xD9, 0x01, 0x00, 0x00, 0x5C, 0xF9, 0xFF, 0xFF, 0x86, 0xFC,
  0xFF, 0xFF, 0x04, 0x00, 0x00, 0x00, 0xA0, 0x02, 0x00, 0x00,
  0x5B, 0xE4, 0x25, 0x54, 0x20, 0x38, 0x13, 0xE0, 0x23, 0x32,
  0xD6, 0x58, 0x08, 0xFB, 0x63, 0x99, 0x31, 0xCE, 0xA1, 0xF6,
  0x7F, 0x17, 0xEE, 0xEE, 0x46, 0xBC, 0x01, 0x31, 0xC5, 0xDA,
  0xFD, 0x35, 0x12, 0x40, 0xC8, 0xE9, 0x7F, 0x38, 0xFB, 0xD7,
  0xFC, 0xF5, 0xF0, 0xF1, 0xEF, 0xFD, 0x25, 0xEB, 0x7F, 0x06,
  0x13, 0x6D, 0xCE, 0x13, 0xEC, 0x38, 0xF2, 0xAA, 0x06, 0x13,
  0xC5, 0xD2, 0xE1, 0x37, 0xB6, 0x22, 0x89, 0xE6, 0x26, 0x23,
  0x54, 0x0E, 0xC5, 0x21, 0xDE, 0xB1, 0xA7, 0x01, 0x4D, 0x5D,
  0x33, 0xA9, 0x81, 0x53, 0x9C, 0x68, 0x0D, 0x41, 0x49, 0x50,
  0xA0, 0xF2, 0x07, 0x01, 0x9E, 0xF8, 0x7F, 0xF2, 0x52, 0x42,
  0xA5, 0x3D, 0x45, 0xC2, 0x6A, 0xF4, 0xBD, 0x06, 0x1D, 0x09,
  0x81, 0xDF, 0xAB, 0xE1, 0xAF, 0xB4, 0xF2, 0x12, 0xE9, 0xFA,
  0x25, 0xB5, 0xCB, 0x9B, 0x2B, 0x56, 0x6B, 0x04, 0x08, 0x23,
  0xA3, 0x0A, 0x63, 0xD5, 0x3B, 0x7F, 0xA8, 0xC0, 0xE1, 0xE8,
  0xBB, 0x5A, 0x16, 0xAA, 0x60, 0x3F, 0x2E, 0xF9, 0x19, 0x29,
  0x02, 0xDD, 0x12, 0x23, 0x2E, 0xC9, 0xEB, 0x67, 0x81, 0xF9,
  0x3E, 0xAF, 0x3A, 0x0C, 0x94, 0xFA, 0xA8, 0x2F, 0x24, 0xA4,
  0x7F, 0xE2, 0xF8, 0x3E, 0xE8, 0x28, 0xCD, 0x36, 0x62, 0x31,
  0x0E, 0xDB, 0xDD, 0xB1, 0x19, 0xF3, 0x8E, 0x38, 0x13, 0x22,
  0x3B, 0x81, 0x2D, 0x44, 0x89, 0xFF, 0xD5, 0x00, 0x4E, 0x96,
  0x7E, 0x1B, 0xE9, 0xAE, 0x5C, 0xD6, 0xC7, 0xE7, 0x3E, 0x11,
  0xC4, 0x33, 0x13, 0xC8, 0x7F, 0x0E, 0x0C, 0x61, 0x00, 0xDA,
  0x6E, 0xFE, 0x19, 0x69, 0xF0, 0x23, 0x56, 0xD9, 0x0A, 0x67,
  0xFD, 0xD3, 0xF4, 0xD4, 0xD7, 0x81, 0x11, 0x47, 0xB3, 0x3E,
  0x7A, 0xEA, 0xDE, 0x5C, 0x81, 0x46, 0xD3, 0x5D, 0xEC, 0x95,
  0x62, 0xBC, 0x6C, 0x78, 0x3C, 0x73, 0xB1, 0x0E, 0xEF, 0xD5,
  0x39, 0x34, 0xF0, 0xE0, 0x42, 0xEB, 0x2C, 0x31, 0x16, 0x13,
  0x04, 0x7F, 0xFC, 0xBD, 0x04, 0x1C, 0xEA, 0xBD, 0xBA, 0xB5,
  0x07, 0xA6, 0xD3, 0xFD, 0x0D, 0xE9, 0xD2, 0xAC, 0x47, 0x66,
  0x56, 0xD6, 0xDA, 0x7F, 0xD0, 0xF0, 0x07, 0xBF, 0x0B, 0xCC,
  0x83, 0xD7, 0xC0, 0xE1, 0x0D, 0xB9, 0x47, 0xDD, 0xCC, 0x2C,
  0x1E, 0x0A, 0x7F, 0x35, 0x21, 0x72, 0xD1, 0xEF, 0x70, 0x70,
  0x62, 0xF0, 0x2C, 0x54, 0xC9, 0x2E, 0x71, 0x85, 0x8E, 0xE8,
  0xDA, 0x3E, 0xF1, 0x81, 0x83, 0x84, 0x81, 0xD5, 0xDF, 0x10,
  0x3A, 0x1B, 0x1A, 0x26, 0x04, 0xE7, 0xD3, 0xC0, 0xD2, 0xF8,
  0xDB, 0x47, 0x06, 0x1D, 0xCA, 0x14, 0xBC, 0xE2, 0x16, 0x51,
  0x3E, 0x0B, 0xFE, 0x22, 0xE3, 0x5C, 0xC4, 0xDC, 0x1D, 0xF0,
  0x28, 0x0D, 0xE0, 0xEB, 0xAB, 0x24, 0x0A, 0x81, 0x18, 0x16,
  0x87, 0xED, 0x05, 0x5C, 0xED, 0xF2, 0x48, 0x7F, 0x9D, 0xBA,
  0xCC, 0xD9, 0x2F, 0xF2, 0x2E, 0x9B, 0x94, 0x4C, 0xE4, 0xAB,
  0x1F, 0xE7, 0xB8, 0x5E, 0xCA, 0x81, 0x4C, 0x3B, 0xEC, 0x35,
  0xE3, 0xA5, 0xAE, 0x00, 0xF9, 0xF6, 0x30, 0xF5, 0xD9, 0xFC,
  0xCC, 0xBE, 0xFC, 0x42, 0x05, 0xEC, 0xDE, 0x21, 0xCD, 0x26,
  0x13, 0x16, 0x45, 0x1E, 0xD9, 0xE4, 0x9B, 0xFB, 0x1F, 0x81,
  0x1E, 0x6B, 0xC5, 0xCC, 0xDE, 0xE7, 0x08, 0x37, 0x2C, 0xF9,
  0x04, 0xDC, 0xF0, 0x15, 0x29, 0xA3, 0x68, 0x05, 0xDE, 0x2B,
  0x7F, 0xD5, 0x7F, 0x66, 0x75, 0x8C, 0x0B, 0xCF, 0x9F, 0xD0,
  0x4E, 0x05, 0xB9, 0x39, 0x9A, 0x03, 0x79, 0xBF, 0x50, 0x27,
  0xB8, 0xCC, 0x12, 0xB8, 0x5B, 0x21, 0xBA, 0x6C, 0x87, 0xDC,
  0x38, 0x38, 0x7F, 0x0D, 0x45, 0xD5, 0xA8, 0x18, 0x2A, 0xA9,
  0xB8, 0x0A, 0x9E, 0xA2, 0x7F, 0xFC, 0x56, 0x39, 0xC6, 0x08,
  0x23, 0x5C, 0x1C, 0x26, 0xC0, 0xC2, 0xDD, 0x56, 0xBE, 0xC4,
  0xFF, 0xA7, 0x99, 0x19, 0x9B, 0xC2, 0xA9, 0xBD, 0xA5, 0xE4,
  0xBA, 0xC2, 0xCD, 0x69, 0xFD, 0x20, 0xE0, 0x10, 0xE6, 0x81,
  0x6E, 0xF3, 0xB0, 0x6D, 0x14, 0x9F, 0xEA, 0x81, 0x4B, 0x97,
  0xAA, 0x10, 0x34, 0xE1, 0x39, 0x63, 0xE2, 0xDB, 0x58, 0x78,
  0xBB, 0x48, 0x12, 0xC9, 0x05, 0xCF, 0xE6, 0x10, 0x91, 0x10,
  0x44, 0xBA, 0x81, 0xED, 0x15, 0xF6, 0x4B, 0x4E, 0x41, 0x41,
  0xC5, 0x52, 0xA5, 0xED, 0x46, 0xD1, 0xD6, 0xC1, 0x0D, 0x50,
  0x16, 0x6E, 0x45, 0xB4, 0xF2, 0xE6, 0xE4, 0x2B, 0xAD, 0xB6,
  0x95, 0x34, 0xB0, 0x0D, 0xA7, 0xE1, 0x81, 0x25, 0x96, 0x8D,
  0x64, 0xA0, 0xCA, 0xE8, 0x04, 0xB8, 0xB9, 0xFC, 0xF0, 0x18,
  0x36, 0x81, 0x37, 0xF2, 0x3A, 0x1E, 0x03, 0x0E, 0xEF, 0x0B,
  0xEE, 0x1D, 0x28, 0x7F, 0x63, 0x0A, 0x5D, 0x53, 0x1B, 0xE5,
  0xF5, 0xDD, 0xEE, 0xEB, 0x05, 0xB4, 0xBC, 0x24, 0xCF, 0xF8,
  0xE7, 0x71, 0x4D, 0xA5, 0xB9, 0x5B, 0x92, 0x85, 0x7C, 0x0B,
  0xC9, 0xEC, 0x57, 0x19, 0xE6, 0x81, 0x0F, 0xC4, 0x95, 0x96,
  0x3F, 0xC8, 0xB8, 0xE7, 0xFF, 0xFF, 0x36, 0xFF, 0xFF, 0xFF,
  0x04, 0x00, 0x00, 0x00, 0x10, 0x00, 0x00, 0x00, 0x01, 0x00,
  0x00, 0x00, 0x32, 0x00, 0x00, 0x00, 0x01, 0x00, 0x00, 0x00,
  0x03, 0x00, 0x00, 0x00, 0x52, 0xFF, 0xFF, 0xFF, 0x04, 0x00,
  0x00, 0x00, 0x08, 0x00, 0x00, 0x00, 0x01, 0x00, 0x00, 0x00,
  0x02, 0x00, 0x00, 0x00, 0xEC, 0xE7, 0xFF, 0xFF, 0xF0, 0xE7,
  0xFF, 0xFF, 0x0F, 0x00, 0x00, 0x00, 0x4D, 0x4C, 0x49, 0x52,
  0x20, 0x43, 0x6F, 0x6E, 0x76, 0x65, 0x72, 0x74, 0x65, 0x64,
  0x2E, 0x00, 0x01, 0x00, 0x00, 0x00, 0x14, 0x00, 0x00, 0x00,
  0x00, 0x00, 0x0E, 0x00, 0x18, 0x00, 0x14, 0x00, 0x10, 0x00,
  0x0C, 0x00, 0x08, 0x00, 0x04, 0x00, 0x0E, 0x00, 0x00, 0x00,
  0x14, 0x00, 0x00, 0x00, 0x1C, 0x00, 0x00, 0x00, 0x84, 0x02,
  0x00, 0x00, 0x88, 0x02, 0x00, 0x00, 0x8C, 0x02, 0x00, 0x00,
  0x04, 0x00, 0x00, 0x00, 0x6D, 0x61, 0x69, 0x6E, 0x00, 0x00,
  0x00, 0x00, 0x09, 0x00, 0x00, 0x00, 0x48, 0x02, 0x00, 0x00,
  0xEC, 0x01, 0x00, 0x00, 0x88, 0x01, 0x00, 0x00, 0x34, 0x01,
  0x00, 0x00, 0xF0, 0x00, 0x00, 0x00, 0xBC, 0x00, 0x00, 0x00,
  0x78, 0x00, 0x00, 0x00, 0x40, 0x00, 0x00, 0x00, 0x04, 0x00,
  0x00, 0x00, 0xA2, 0xFE, 0xFF, 0xFF, 0x1C, 0x00, 0x00, 0x00,
  0x00, 0x00, 0x00, 0x09, 0x1C, 0x00, 0x00, 0x00, 0x20, 0x00,
  0x00, 0x00, 0x05, 0x00, 0x00, 0x00, 0x00, 0x00, 0x06, 0x00,
  0x08, 0x00, 0x04, 0x00, 0x06, 0x00, 0x00, 0x00, 0x00, 0x00,
  0x80, 0x3F, 0x01, 0x00, 0x00, 0x00, 0x13, 0x00, 0x00, 0x00,
  0x01, 0x00, 0x00, 0x00, 0x12, 0x00, 0x00, 0x00, 0x7A, 0xFE,
  0xFF, 0xFF, 0x14, 0x00, 0x00, 0x00, 0x00, 0x00, 0x00, 0x08,
  0x10, 0x00, 0x00, 0x00, 0x14, 0x00, 0x00, 0x00, 0x04, 0x00,
  0x00, 0x00, 0xBC, 0xE8, 0xFF, 0xFF, 0x01, 0x00, 0x00, 0x00,
  0x12, 0x00, 0x00, 0x00, 0x03, 0x00, 0x00, 0x00, 0x0F, 0x00,
  0x00, 0x00, 0x10, 0x00, 0x00, 0x00, 0x11, 0x00, 0x00, 0x00,
  0x0E, 0xFF, 0xFF, 0xFF, 0x1C, 0x00, 0x00, 0x00, 0x00, 0x00,
  0x00, 0x08, 0x1C, 0x00, 0x00, 0x00, 0x20, 0x00, 0x00, 0x00,
  0x04, 0x00, 0x00, 0x00, 0x00, 0x00, 0x06, 0x00, 0x08, 0x00,
  0x07, 0x00, 0x06, 0x00, 0x00, 0x00, 0x00, 0x00, 0x00, 0x01,
  0x01, 0x00, 0x00, 0x00, 0x0F, 0x00, 0x00, 0x00, 0x03, 0x00,
  0x00, 0x00, 0x0C, 0x00, 0x00, 0x00, 0x0D, 0x00, 0x00, 0x00,
  0x0E, 0x00, 0x00, 0x00, 0xEE, 0xFE, 0xFF, 0xFF, 0x14, 0x00,
  0x00, 0x00, 0x00, 0x00, 0x00, 0x1B, 0x10, 0x00, 0x00, 0x00,
  0x14, 0x00, 0x00, 0x00, 0x03, 0x00, 0x00, 0x00, 0x30, 0xE9,
  0xFF, 0xFF, 0x01, 0x00, 0x00, 0x00, 0x0C, 0x00, 0x00, 0x00,
  0x02, 0x00, 0x00, 0x00, 0x0B, 0x00, 0x00, 0x00, 0x01, 0x00,
  0x00, 0x00, 0x1E, 0xFF, 0xFF, 0xFF, 0x14, 0x00, 0x00, 0x00,
  0x00, 0x00, 0x00, 0x05, 0x24, 0x00, 0x00, 0x00, 0x28, 0x00,
  0x00, 0x00, 0x02, 0x00, 0x00, 0x00, 0x6E, 0xFF, 0xFF, 0xFF,
  0x02, 0x00, 0x00, 0x00, 0x01, 0x00, 0x00, 0x00, 0x02, 0x00,
  0x00, 0x00, 0x01, 0x00, 0x00, 0x00, 0x00, 0x00, 0x00, 0x01,
  0x01, 0x00, 0x00, 0x00, 0x0B, 0x00, 0x00, 0x00, 0x01, 0x00,
  0x00, 0x00, 0x0A, 0x00, 0x00, 0x00, 0x5E, 0xFF, 0xFF, 0xFF,
  0x14, 0x00, 0x00, 0x00, 0x00, 0x00, 0x00, 0x01, 0x1C, 0x00,
  0x00, 0x00, 0x20, 0x00, 0x00, 0x00, 0x01, 0x00, 0x00, 0x00,
  0x50, 0xFF, 0xFF, 0xFF, 0x00, 0x00, 0x00, 0x01, 0x01, 0x00,
  0x00, 0x00, 0x01, 0x00, 0x00, 0x00, 0x01, 0x00, 0x00, 0x00,
  0x0A, 0x00, 0x00, 0x00, 0x03, 0x00, 0x00, 0x00, 0x07, 0x00,
  0x00, 0x00, 0x08, 0x00, 0x00, 0x00, 0x09, 0x00, 0x00, 0x00,
  0x00, 0x00, 0x0E, 0x00, 0x1A, 0x00, 0x14, 0x00, 0x10, 0x00,
  0x0C, 0x00, 0x0B, 0x00, 0x04, 0x00, 0x0E, 0x00, 0x00, 0x00,
  0x24, 0x00, 0x00, 0x00, 0x00, 0x00, 0x00, 0x05, 0x34, 0x00,
  0x00, 0x00, 0x38, 0x00, 0x00, 0x00, 0x02, 0x00, 0x00, 0x00,
  0x00, 0x00, 0x0E, 0x00, 0x18, 0x00, 0x17, 0x00, 0x10, 0x00,
  0x0C, 0x00, 0x08, 0x00, 0x04, 0x00, 0x0E, 0x00, 0x00, 0x00,
  0x02, 0x00, 0x00, 0x00, 0x01, 0x00, 0x00, 0x00, 0x02, 0x00,
  0x00, 0x00, 0x01, 0x00, 0x00, 0x00, 0x00, 0x00, 0x00, 0x01,
  0x01, 0x00, 0x00, 0x00, 0x07, 0x00, 0x00, 0x00, 0x01, 0x00,
  0x00, 0x00, 0x06, 0x00, 0x00, 0x00, 0x00, 0x00, 0x0E, 0x00,
  0x18, 0x00, 0x14, 0x00, 0x10, 0x00, 0x0C, 0x00, 0x0B, 0x00,
  0x04, 0x00, 0x0E, 0x00, 0x00, 0x00, 0x20, 0x00, 0x00, 0x00,
  0x00, 0x00, 0x00, 0x01, 0x28, 0x00, 0x00, 0x00, 0x2C, 0x00,
  0x00, 0x00, 0x01, 0x00, 0x00, 0x00, 0x0C, 0x00, 0x10, 0x00,
  0x00, 0x00, 0x0C, 0x00, 0x08, 0x00, 0x07, 0x00, 0x0C, 0x00,
  0x00, 0x00, 0x00, 0x00, 0x00, 0x01, 0x01, 0x00, 0x00, 0x00,
  0x01, 0x00, 0x00, 0x00, 0x01, 0x00, 0x00, 0x00, 0x06, 0x00,
  0x00, 0x00, 0x03, 0x00, 0x00, 0x00, 0x03, 0x00, 0x00, 0x00,
  0x04, 0x00, 0x00, 0x00, 0x05, 0x00, 0x00, 0x00, 0x00, 0x00,
  0x0A, 0x00, 0x0C, 0x00, 0x00, 0x00, 0x08, 0x00, 0x04, 0x00,
  0x0A, 0x00, 0x00, 0x00, 0x08, 0x00, 0x00, 0x00, 0x0C, 0x00,
  0x00, 0x00, 0x01, 0x00, 0x00, 0x00, 0x03, 0x00, 0x00, 0x00,
  0x02, 0x00, 0x00, 0x00, 0x00, 0x00, 0x00, 0x00, 0x02, 0x00,
  0x00, 0x00, 0x01, 0x00, 0x00, 0x00, 0x13, 0x00, 0x00, 0x00,
  0x01, 0x00, 0x00, 0x00, 0x00, 0x00, 0x00, 0x00, 0x14, 0x00,
  0x00, 0x00, 0xA4, 0x15, 0x00, 0x00, 0x1C, 0x15, 0x00, 0x00,
  0xB0, 0x14, 0x00, 0x00, 0xCC, 0x13, 0x00, 0x00, 0x78, 0x11,
  0x00, 0x00, 0x7C, 0x0F, 0x00, 0x00, 0x90, 0x0E, 0x00, 0x00,
  0x04, 0x0E, 0x00, 0x00, 0x30, 0x0A, 0x00, 0x00, 0xB4, 0x06,
  0x00, 0x00, 0xC8, 0x05, 0x00, 0x00, 0x3C, 0x05, 0x00, 0x00,
  0xC0, 0x04, 0x00, 0x00, 0xF4, 0x03, 0x00, 0x00, 0x68, 0x03,
  0x00, 0x00, 0x94, 0x02, 0x00, 0x00, 0xC0, 0x01, 0x00, 0x00,
  0x2C, 0x01, 0x00, 0x00, 0x70, 0x00, 0x00, 0x00, 0x04, 0x00,
  0x00, 0x00, 0xC2, 0xEA, 0xFF, 0xFF, 0x00, 0x00, 0x00, 0x01,
  0x14, 0x00, 0x00, 0x00, 0x30, 0x00, 0x00, 0x00, 0x14, 0x00,
  0x00, 0x00, 0x00, 0x00, 0x00, 0x09, 0x44, 0x00, 0x00, 0x00,
  0xAC, 0xEA, 0xFF, 0xFF, 0x08, 0x00, 0x00, 0x00, 0x10, 0x00,
  0x00, 0x00, 0x01, 0x00, 0x00, 0x00, 0x80, 0xFF, 0xFF, 0xFF,
  0xFF, 0xFF, 0xFF, 0xFF, 0x01, 0x00, 0x00, 0x00, 0x00, 0x00,
  0x80, 0x3B, 0x19, 0x00, 0x00, 0x00, 0x53, 0x74, 0x61, 0x74,
  0x65, 0x66, 0x75, 0x6C, 0x50, 0x61, 0x72, 0x74, 0x69, 0x74,
  0x69, 0x6F, 0x6E, 0x65, 0x64, 0x43, 0x61, 0x6C, 0x6C, 0x3A,
  0x30, 0x00, 0x00, 0x00, 0x02, 0x00, 0x00, 0x00, 0x01, 0x00,
  0x00, 0x00, 0x06, 0x00, 0x00, 0x00, 0x2A, 0xEB, 0xFF, 0xFF,
  0x00, 0x00, 0x00, 0x01, 0x14, 0x00, 0x00, 0x00, 0x34, 0x00,
  0x00, 0x00, 0x13, 0x00, 0x00, 0x00, 0x00, 0x00, 0x00, 0x09,
  0x94, 0x00, 0x00, 0x00, 0x14, 0xEB, 0xFF, 0xFF, 0x08, 0x00,
  0x00, 0x00, 0x14, 0x00, 0x00, 0x00, 0x01, 0x00, 0x00, 0x00,
  0x0A, 0x00, 0x00, 0x00, 0x00, 0x00, 0x00, 0x00, 0x00, 0x00,
  0x00, 0x00, 0x01, 0x00, 0x00, 0x00, 0xF5, 0x8E, 0x09, 0x3E,
  0x64, 0x00, 0x00, 0x00, 0x64, 0x61, 0x67, 0x68, 0x65, 0x72,
  0x6F, 0x5F, 0x63, 0x6E, 0x6E, 0x5F, 0x32, 0x6C, 0x61, 0x79,
  0x65, 0x72, 0x5F, 0x63, 0x6F, 0x6E, 0x76, 0x32, 0x64, 0x2F,
  0x71, 0x75, 0x61, 0x6E, 0x74, 0x5F, 0x63, 0x6C, 0x61, 0x73,
  0x73, 0x69, 0x66, 0x69, 0x65, 0x72, 0x2F, 0x4D, 0x61, 0x74,
  0x4D, 0x75, 0x6C, 0x3B, 0x64, 0x61, 0x67, 0x68, 0x65, 0x72,
  0x6F, 0x5F, 0x63, 0x6E, 0x6E, 0x5F, 0x32, 0x6C, 0x61, 0x79,
  0x65, 0x72, 0x5F, 0x63, 0x6F, 0x6E, 0x76, 0x32, 0x64, 0x2F,
  0x71, 0x75, 0x61, 0x6E, 0x74, 0x5F, 0x63, 0x6C, 0x61, 0x73,
  0x73, 0x69, 0x66, 0x69, 0x65, 0x72, 0x2F, 0x42, 0x69, 0x61,
  0x73, 0x41, 0x64, 0x64, 0x00, 0x00, 0x00, 0x00, 0x02, 0x00,
  0x00, 0x00, 0x01, 0x00, 0x00, 0x00, 0x06, 0x00, 0x00, 0x00,
  0xE2, 0xEB, 0xFF, 0xFF, 0x00, 0x00, 0x00, 0x01, 0x14, 0x00,
  0x00, 0x00, 0x34, 0x00, 0x00, 0x00, 0x12, 0x00, 0x00, 0x00,
  0x00, 0x00, 0x00, 0x02, 0x70, 0x00, 0x00, 0x00, 0xCC, 0xEB,
  0xFF, 0xFF, 0x08, 0x00, 0x00, 0x00, 0x14, 0x00, 0x00, 0x00,
  0x01, 0x00, 0x00, 0x00, 0x00, 0x00, 0x00, 0x00, 0x00, 0x00,
  0x00, 0x00, 0x00, 0x00, 0x00, 0x00, 0x01, 0x00, 0x00, 0x00,
  0x3A, 0xF8, 0x80, 0x39, 0x41, 0x00, 0x00, 0x00, 0x64, 0x61,
  0x67, 0x68, 0x65, 0x72, 0x6F, 0x5F, 0x63, 0x6E, 0x6E, 0x5F,
  0x32, 0x6C, 0x61, 0x79, 0x65, 0x72, 0x5F, 0x63, 0x6F, 0x6E,
  0x76, 0x32, 0x64, 0x2F, 0x71, 0x75, 0x61, 0x6E, 0x74, 0x5F,
  0x63, 0x6C, 0x61, 0x73, 0x73, 0x69, 0x66, 0x69, 0x65, 0x72,
  0x2F, 0x42, 0x69, 0x61, 0x73, 0x41, 0x64, 0x64, 0x2F, 0x52,
  0x65, 0x61, 0x64, 0x56, 0x61, 0x72, 0x69, 0x61, 0x62, 0x6C,
  0x65, 0x4F, 0x70, 0x00, 0x00, 0x00, 0x01, 0x00, 0x00, 0x00,
  0x06, 0x00, 0x00, 0x00, 0x72, 0xEC, 0xFF, 0xFF, 0x00, 0x00,
  0x00, 0x01, 0x14, 0x00, 0x00, 0x00, 0x30, 0x00, 0x00, 0x00,
  0x11, 0x00, 0x00, 0x00, 0x00, 0x00, 0x00, 0x09, 0xAC, 0x00,
  0x00, 0x00, 0x5C, 0xEC, 0xFF, 0xFF, 0x08, 0x00, 0x00, 0x00,
  0x10, 0x00, 0x00, 0x00, 0x01, 0x00, 0x00, 0x00, 0x00, 0x00,
  0x00, 0x00, 0x00, 0x00, 0x00, 0x00, 0x01, 0x00, 0x00, 0x00,
  0x20, 0x98, 0xB4, 0x3B, 0x83, 0x00, 0x00, 0x00, 0x64, 0x61,
  0x67, 0x68, 0x65, 0x72, 0x6F, 0x5F, 0x63, 0x6E, 0x6E, 0x5F,
  0x32, 0x6C, 0x61, 0x79, 0x65, 0x72, 0x5F, 0x63, 0x6F, 0x6E,
  0x76, 0x32, 0x64, 0x2F, 0x71, 0x75, 0x61, 0x6E, 0x74, 0x5F,
  0x63, 0x6C, 0x61, 0x73, 0x73, 0x69, 0x66, 0x69, 0x65, 0x72,
  0x2F, 0x4D, 0x61, 0x74, 0x4D, 0x75, 0x6C, 0x3B, 0x64, 0x61,
  0x67, 0x68, 0x65, 0x72, 0x6F, 0x5F, 0x63, 0x6E, 0x6E, 0x5F,
  0x32, 0x6C, 0x61, 0x79, 0x65, 0x72, 0x5F, 0x63, 0x6F, 0x6E,
  0x76, 0x32, 0x64, 0x2F, 0x71, 0x75, 0x61, 0x6E, 0x74, 0x5F,
  0x63, 0x6C, 0x61, 0x73, 0x73, 0x69, 0x66, 0x69, 0x65, 0x72,
  0x2F, 0x4C, 0x61, 0x73, 0x74, 0x56, 0x61, 0x6C, 0x75, 0x65,
  0x51, 0x75, 0x61, 0x6E, 0x74, 0x2F, 0x46, 0x61, 0x6B, 0x65,
  0x51, 0x75, 0x61, 0x6E, 0x74, 0x57, 0x69, 0x74, 0x68, 0x4D,
  0x69, 0x6E, 0x4D, 0x61, 0x78, 0x56, 0x61, 0x72, 0x73, 0x00,
  0x02, 0x00, 0x00, 0x00, 0x06, 0x00, 0x00, 0x00, 0x40, 0x00,
  0x00, 0x00, 0x42, 0xED, 0xFF, 0xFF, 0x00, 0x00, 0x00, 0x01,
  0x14, 0x00, 0x00, 0x00, 0x34, 0x00, 0x00, 0x00, 0x10, 0x00,
  0x00, 0x00, 0x00, 0x00, 0x00, 0x09, 0xAC, 0x00, 0x00, 0x00,
  0x2C, 0xED, 0xFF, 0xFF, 0x08, 0x00, 0x00, 0x00, 0x14, 0x00,
  0x00, 0x00, 0x01, 0x00, 0x00, 0x00, 0xBC, 0xFF, 0xFF, 0xFF,
  0xFF, 0xFF, 0xFF, 0xFF, 0x00, 0x00, 0x00, 0x00, 0x01, 0x00,
  0x00, 0x00, 0xE7, 0xD1, 0x36, 0x3D, 0x7F, 0x00, 0x00, 0x00,
  0x64, 0x61, 0x67, 0x68, 0x65, 0x72, 0x6F, 0x5F, 0x63, 0x6E,
  0x6E, 0x5F, 0x32, 0x6C, 0x61, 0x79, 0x65, 0x72, 0x5F, 0x63,
  0x6F, 0x6E, 0x76, 0x32, 0x64, 0x2F, 0x71, 0x75, 0x61, 0x6E,
  0x74, 0x5F, 0x66, 0x63, 0x31, 0x2F, 0x4D, 0x61, 0x74, 0x4D,
  0x75, 0x6C, 0x3B, 0x64, 0x61, 0x67, 0x68, 0x65, 0x72, 0x6F,
  0x5F, 0x63, 0x6E, 0x6E, 0x5F, 0x32, 0x6C, 0x61, 0x79, 0x65,
  0x72, 0x5F, 0x63, 0x6F, 0x6E, 0x76, 0x32, 0x64, 0x2F, 0x71,
  0x75, 0x61, 0x6E, 0x74, 0x5F, 0x66, 0x63, 0x31, 0x2F, 0x52,
  0x65, 0x6C, 0x75, 0x3B, 0x64, 0x61, 0x67, 0x68, 0x65, 0x72,
  0x6F, 0x5F, 0x63, 0x6E, 0x6E, 0x5F, 0x32, 0x6C, 0x61, 0x79,
  0x65, 0x72, 0x5F, 0x63, 0x6F, 0x6E, 0x76, 0x32, 0x64, 0x2F,
  0x71, 0x75, 0x61, 0x6E, 0x74, 0x5F, 0x66, 0x63, 0x31, 0x2F,
  0x42, 0x69, 0x61, 0x73, 0x41, 0x64, 0x64, 0x00, 0x02, 0x00,
  0x00, 0x00, 0x01, 0x00, 0x00, 0x00, 0x40, 0x00, 0x00, 0x00,
  0x12, 0xEE, 0xFF, 0xFF, 0x00, 0x00, 0x00, 0x01, 0x14, 0x00,
  0x00, 0x00, 0x34, 0x00, 0x00, 0x00, 0x0F, 0x00, 0x00, 0x00,
  0x00, 0x00, 0x00, 0x02, 0x68, 0x00, 0x00, 0x00, 0xFC, 0xED,
  0xFF, 0xFF, 0x08, 0x00, 0x00, 0x00, 0x14, 0x00, 0x00, 0x00,
  0x01, 0x00, 0x00, 0x00, 0x00, 0x00, 0x00, 0x00, 0x00, 0x00,
  0x00, 0x00, 0x00, 0x00, 0x00, 0x00, 0x01, 0x00, 0x00, 0x00,
  0x1F, 0xE6, 0xF3, 0x38, 0x3A, 0x00, 0x00, 0x00, 0x64, 0x61,
  0x67, 0x68, 0x65, 0x72, 0x6F, 0x5F, 0x63, 0x6E, 0x6E, 0x5F,
  0x32, 0x6C, 0x61, 0x79, 0x65, 0x72, 0x5F, 0x63, 0x6F, 0x6E,
  0x76, 0x32, 0x64, 0x2F, 0x71, 0x75, 0x61, 0x6E, 0x74, 0x5F,
  0x66, 0x63, 0x31, 0x2F, 0x42, 0x69, 0x61, 0x73, 0x41, 0x64,
  0x64, 0x2F, 0x52, 0x65, 0x61, 0x64, 0x56, 0x61, 0x72, 0x69,
  0x61, 0x62, 0x6C, 0x65, 0x4F, 0x70, 0x00, 0x00, 0x01, 0x00,
  0x00, 0x00, 0x40, 0x00, 0x00, 0x00, 0x9A, 0xEE, 0xFF, 0xFF,
  0x00, 0x00, 0x00, 0x01, 0x14, 0x00, 0x00, 0x00, 0x34, 0x00,
  0x00, 0x00, 0x0E, 0x00, 0x00, 0x00, 0x00, 0x00, 0x00, 0x09,
  0xA4, 0x00, 0x00, 0x00, 0x84, 0xEE, 0xFF, 0xFF, 0x08, 0x00,
  0x00, 0x00, 0x14, 0x00, 0x00, 0x00, 0x01, 0x00, 0x00, 0x00,
  0x00, 0x00, 0x00, 0x00, 0x00, 0x00, 0x00, 0x00, 0x00, 0x00,
  0x00, 0x00, 0x01, 0x00, 0x00, 0x00, 0x74, 0xC4, 0x85, 0x3B,
  0x75, 0x00, 0x00, 0x00, 0x64, 0x61, 0x67, 0x68, 0x65, 0x72,
  0x6F, 0x5F, 0x63, 0x6E, 0x6E, 0x5F, 0x32, 0x6C, 0x61, 0x79,
  0x65, 0x72, 0x5F, 0x63, 0x6F, 0x6E, 0x76, 0x32, 0x64, 0x2F,
  0x71, 0x75, 0x61, 0x6E, 0x74, 0x5F, 0x66, 0x63, 0x31, 0x2F,
  0x4D, 0x61, 0x74, 0x4D, 0x75, 0x6C, 0x3B, 0x64, 0x61, 0x67,
  0x68, 0x65, 0x72, 0x6F, 0x5F, 0x63, 0x6E, 0x6E, 0x5F, 0x32,
  0x6C, 0x61, 0x79, 0x65, 0x72, 0x5F, 0x63, 0x6F, 0x6E, 0x76,
  0x32, 0x64, 0x2F, 0x71, 0x75, 0x61, 0x6E, 0x74, 0x5F, 0x66,
  0x63, 0x31, 0x2F, 0x4C, 0x61, 0x73, 0x74, 0x56, 0x61, 0x6C,
  0x75, 0x65, 0x51, 0x75, 0x61, 0x6E, 0x74, 0x2F, 0x46, 0x61,
  0x6B, 0x65, 0x51, 0x75, 0x61, 0x6E, 0x74, 0x57, 0x69, 0x74,
  0x68, 0x4D, 0x69, 0x6E, 0x4D, 0x61, 0x78, 0x56, 0x61, 0x72,
  0x73, 0x00, 0x00, 0x00, 0x02, 0x00, 0x00, 0x00, 0x40, 0x00,
  0x00, 0x00, 0x40, 0x00, 0x00, 0x00, 0x62, 0xEF, 0xFF, 0xFF,
  0x00, 0x00, 0x00, 0x01, 0x14, 0x00, 0x00, 0x00, 0x30, 0x00,
  0x00, 0x00, 0x0D, 0x00, 0x00, 0x00, 0x00, 0x00, 0x00, 0x09,
  0x54, 0x00, 0x00, 0x00, 0x4C, 0xEF, 0xFF, 0xFF, 0x08, 0x00,
  0x00, 0x00, 0x10, 0x00, 0x00, 0x00, 0x01, 0x00, 0x00, 0x00,
  0xDE, 0xFF, 0xFF, 0xFF, 0xFF, 0xFF, 0xFF, 0xFF, 0x01, 0x00,
  0x00, 0x00, 0x19, 0x62, 0xE9, 0x3C, 0x28, 0x00, 0x00, 0x00,
  0x64, 0x61, 0x67, 0x68, 0x65, 0x72, 0x6F, 0x5F, 0x63, 0x6E,
  0x6E, 0x5F, 0x32, 0x6C, 0x61, 0x79, 0x65, 0x72, 0x5F, 0x63,
  0x6F, 0x6E, 0x76, 0x32, 0x64, 0x2F, 0x71, 0x75, 0x61, 0x6E,
  0x74, 0x5F, 0x67, 0x61, 0x70, 0x2F, 0x4D, 0x65, 0x61, 0x6E,
  0x00, 0x00, 0x00, 0x00, 0x02, 0x00, 0x00, 0x00, 0x01, 0x00,
  0x00, 0x00, 0x40, 0x00, 0x00, 0x00, 0xDA, 0xEF, 0xFF, 0xFF,
  0x00, 0x00, 0x00, 0x01, 0x14, 0x00, 0x00, 0x00, 0x34, 0x00,
  0x00, 0x00, 0x0C, 0x00, 0x00, 0x00, 0x00, 0x00, 0x00, 0x09,
  0x5C, 0x00, 0x00, 0x00, 0xC4, 0xEF, 0xFF, 0xFF, 0x08, 0x00,
  0x00, 0x00, 0x14, 0x00, 0x00, 0x00, 0x01, 0x00, 0x00, 0x00,
  0xBF, 0xFF, 0xFF, 0xFF, 0xFF, 0xFF, 0xFF, 0xFF, 0x00, 0x00,
  0x00, 0x00, 0x01, 0x00, 0x00, 0x00, 0x90, 0x95, 0x2D, 0x3D,
  0x2D, 0x00, 0x00, 0x00, 0x64, 0x61, 0x67, 0x68, 0x65, 0x72,
  0x6F, 0x5F, 0x63, 0x6E, 0x6E, 0x5F, 0x32, 0x6C, 0x61, 0x79,
  0x65, 0x72, 0x5F, 0x63, 0x6F, 0x6E, 0x76, 0x32, 0x64, 0x2F,
  0x71, 0x75, 0x61, 0x6E, 0x74, 0x5F, 0x70, 0x6F, 0x6F, 0x6C,
  0x32, 0x2F, 0x4D, 0x61, 0x78, 0x50, 0x6F, 0x6F, 0x6C, 0x00,
  0x00, 0x00, 0x04, 0x00, 0x00, 0x00, 0x01, 0x00, 0x00, 0x00,
  0x0C, 0x00, 0x00, 0x00, 0x01, 0x00, 0x00, 0x00, 0x40, 0x00,
  0x00, 0x00, 0x62, 0xF0, 0xFF, 0xFF, 0x00, 0x00, 0x00, 0x01,
  0x14, 0x00, 0x00, 0x00, 0x34, 0x00, 0x00, 0x00, 0x0B, 0x00,
  0x00, 0x00, 0x00, 0x00, 0x00, 0x09, 0xBC, 0x00, 0x00, 0x00,
  0x4C, 0xF0, 0xFF, 0xFF, 0x08, 0x00, 0x00, 0x00, 0x14, 0x00,
  0x00, 0x00, 0x01, 0x00, 0x00, 0x00, 0xBF, 0xFF, 0xFF, 0xFF,
  0xFF, 0xFF, 0xFF, 0xFF, 0x00, 0x00, 0x00, 0x00, 0x01, 0x00,
  0x00, 0x00, 0x90, 0x95, 0x2D, 0x3D, 0x8C, 0x00, 0x00, 0x00,
  0x64, 0x61, 0x67, 0x68, 0x65, 0x72, 0x6F, 0x5F, 0x63, 0x6E,
  0x6E, 0x5F, 0x32, 0x6C, 0x61, 0x79, 0x65, 0x72, 0x5F, 0x63,
  0x6F, 0x6E, 0x76, 0x32, 0x64, 0x2F, 0x71, 0x75, 0x61, 0x6E,
  0x74, 0x5F, 0x72, 0x65, 0x6C, 0x75, 0x32, 0x2F, 0x52, 0x65,
  0x6C, 0x75, 0x3B, 0x64, 0x61, 0x67, 0x68, 0x65, 0x72, 0x6F,
  0x5F, 0x63, 0x6E, 0x6E, 0x5F, 0x32, 0x6C, 0x61, 0x79, 0x65,
  0x72, 0x5F, 0x63, 0x6F, 0x6E, 0x76, 0x32, 0x64, 0x2F, 0x71,
  0x75, 0x61, 0x6E, 0x74, 0x5F, 0x62, 0x6E, 0x32, 0x2F, 0x46,
  0x75, 0x73, 0x65, 0x64, 0x42, 0x61, 0x74, 0x63, 0x68, 0x4E,
  0x6F, 0x72, 0x6D, 0x56, 0x33, 0x3B, 0x64, 0x61, 0x67, 0x68,
  0x65, 0x72, 0x6F, 0x5F, 0x63, 0x6E, 0x6E, 0x5F, 0x32, 0x6C,
  0x61, 0x79, 0x65, 0x72, 0x5F, 0x63, 0x6F, 0x6E, 0x76, 0x32,
  0x64, 0x2F, 0x71, 0x75, 0x61, 0x6E, 0x74, 0x5F, 0x63, 0x6F,
  0x6E, 0x76, 0x32, 0x2F, 0x43, 0x6F, 0x6E, 0x76, 0x32, 0x44,
  0x00, 0x00, 0x00, 0x00, 0x04, 0x00, 0x00, 0x00, 0x01, 0x00,
  0x00, 0x00, 0x19, 0x00, 0x00, 0x00, 0x01, 0x00, 0x00, 0x00,
  0x40, 0x00, 0x00, 0x00, 0x4A, 0xF1, 0xFF, 0xFF, 0x00, 0x00,
  0x00, 0x01, 0x14, 0x00, 0x00, 0x00, 0x28, 0x03, 0x00, 0x00,
  0x0A, 0x00, 0x00, 0x00, 0x00, 0x00, 0x00, 0x02, 0x58, 0x03,
  0x00, 0x00, 0x34, 0xF1, 0xFF, 0xFF, 0x08, 0x00, 0x00, 0x00,
  0x0C, 0x02, 0x00, 0x00, 0x40, 0x00, 0x00, 0x00, 0x00, 0x00,
  0x00, 0x00, 0x00, 0x00, 0x00, 0x00, 0x00, 0x00, 0x00, 0x00,
  0x00, 0x00, 0x00, 0x00, 0x00, 0x00, 0x00, 0x00, 0x00, 0x00,
  0x00, 0x00, 0x00, 0x00, 0x00, 0x00, 0x00, 0x00, 0x00, 0x00,
  0x00, 0x00, 0x00, 0x00, 0x00, 0x00, 0x00, 0x00, 0x00, 0x00,
  0x00, 0x00, 0x00, 0x00, 0x00, 0x00, 0x00, 0x00, 0x00, 0x00,
  0x00, 0x00, 0x00, 0x00, 0x00, 0x00, 0x00, 0x00, 0x00, 0x00,
  0x00, 0x00, 0x00, 0x00, 0x00, 0x00, 0x00, 0x00, 0x00, 0x00,
  0x00, 0x00, 0x00, 0x00, 0x00, 0x00, 0x00, 0x00, 0x00, 0x00,
  0x00, 0x00, 0x00, 0x00, 0x00, 0x00, 0x00, 0x00, 0x00, 0x00,
  0x00, 0x00, 0x00, 0x00, 0x00, 0x00, 0x00, 0x00, 0x00, 0x00,
  0x00, 0x00, 0x00, 0x00, 0x00, 0x00, 0x00, 0x00, 0x00, 0x00,
  0x00, 0x00, 0x00, 0x00, 0x00, 0x00, 0x00, 0x00, 0x00, 0x00,
  0x00, 0x00, 0x00, 0x00, 0x00, 0x00, 0x00, 0x00, 0x00, 0x00,
  0x00, 0x00, 0x00, 0x00, 0x00, 0x00, 0x00, 0x00, 0x00, 0x00,
  0x00, 0x00, 0x00, 0x00, 0x00, 0x00, 0x00, 0x00, 0x00, 0x00,
  0x00, 0x00, 0x00, 0x00, 0x00, 0x00, 0x00, 0x00, 0x00, 0x00,
  0x00, 0x00, 0x00, 0x00, 0x00, 0x00, 0x00, 0x00, 0x00, 0x00,
  0x00, 0x00, 0x00, 0x00, 0x00, 0x00, 0x00, 0x00, 0x00, 0x00,
  0x00, 0x00, 0x00, 0x00, 0x00, 0x00, 0x00, 0x00, 0x00, 0x00,
  0x00, 0x00, 0x00, 0x00, 0x00, 0x00, 0x00, 0x00, 0x00, 0x00,
  0x00, 0x00, 0x00, 0x00, 0x00, 0x00, 0x00, 0x00, 0x00, 0x00,
  0x00, 0x00, 0x00, 0x00, 0x00, 0x00, 0x00, 0x00, 0x00, 0x00,
  0x00, 0x00, 0x00, 0x00, 0x00, 0x00, 0x00, 0x00, 0x00, 0x00,
  0x00, 0x00, 0x00, 0x00, 0x00, 0x00, 0x00, 0x00, 0x00, 0x00,
  0x00, 0x00, 0x00, 0x00, 0x00, 0x00, 0x00, 0x00, 0x00, 0x00,
  0x00, 0x00, 0x00, 0x00, 0x00, 0x00, 0x00, 0x00, 0x00, 0x00,
  0x00, 0x00, 0x00, 0x00, 0x00, 0x00, 0x00, 0x00, 0x00, 0x00,
  0x00, 0x00, 0x00, 0x00, 0x00, 0x00, 0x00, 0x00, 0x00, 0x00,
  0x00, 0x00, 0x00, 0x00, 0x00, 0x00, 0x00, 0x00, 0x00, 0x00,
  0x00, 0x00, 0x00, 0x00, 0x00, 0x00, 0x00, 0x00, 0x00, 0x00,
  0x00, 0x00, 0x00, 0x00, 0x00, 0x00, 0x00, 0x00, 0x00, 0x00,
  0x00, 0x00, 0x00, 0x00, 0x00, 0x00, 0x00, 0x00, 0x00, 0x00,
  0x00, 0x00, 0x00, 0x00, 0x00, 0x00, 0x00, 0x00, 0x00, 0x00,
  0x00, 0x00, 0x00, 0x00, 0x00, 0x00, 0x00, 0x00, 0x00, 0x00,
  0x00, 0x00, 0x00, 0x00, 0x00, 0x00, 0x00, 0x00, 0x00, 0x00,
  0x00, 0x00, 0x00, 0x00, 0x00, 0x00, 0x00, 0x00, 0x00, 0x00,
  0x00, 0x00, 0x00, 0x00, 0x00, 0x00, 0x00, 0x00, 0x00, 0x00,
  0x00, 0x00, 0x00, 0x00, 0x00, 0x00, 0x00, 0x00, 0x00, 0x00,
  0x00, 0x00, 0x00, 0x00, 0x00, 0x00, 0x00, 0x00, 0x00, 0x00,
  0x00, 0x00, 0x00, 0x00, 0x00, 0x00, 0x00, 0x00, 0x00, 0x00,
  0x00, 0x00, 0x00, 0x00, 0x00, 0x00, 0x00, 0x00, 0x00, 0x00,
  0x00, 0x00, 0x00, 0x00, 0x00, 0x00, 0x00, 0x00, 0x00, 0x00,
  0x00, 0x00, 0x00, 0x00, 0x00, 0x00, 0x00, 0x00, 0x00, 0x00,
  0x00, 0x00, 0x00, 0x00, 0x00, 0x00, 0x00, 0x00, 0x00, 0x00,
  0x00, 0x00, 0x00, 0x00, 0x00, 0x00, 0x00, 0x00, 0x00, 0x00,
  0x00, 0x00, 0x00, 0x00, 0x00, 0x00, 0x00, 0x00, 0x00, 0x00,
  0x00, 0x00, 0x00, 0x00, 0x00, 0x00, 0x00, 0x00, 0x00, 0x00,
  0x00, 0x00, 0x00, 0x00, 0x00, 0x00, 0x00, 0x00, 0x00, 0x00,
  0x00, 0x00, 0x00, 0x00, 0x00, 0x00, 0x00, 0x00, 0x00, 0x00,
  0x00, 0x00, 0x00, 0x00, 0x00, 0x00, 0x00, 0x00, 0x00, 0x00,
  0x00, 0x00, 0x00, 0x00, 0x00, 0x00, 0x00, 0x00, 0x00, 0x00,
  0x00, 0x00, 0x00, 0x00, 0x40, 0x00, 0x00, 0x00, 0x95, 0x3F,
  0x2D, 0x39, 0xC4, 0x94, 0xFB, 0x38, 0x34, 0x6D, 0xEA, 0x38,
  0x00, 0xB6, 0xDD, 0x38, 0x54, 0x5F, 0xD9, 0x38, 0x77, 0x07,
  0x05, 0x39, 0xAD, 0x0B, 0x16, 0x39, 0xCC, 0x13, 0x04, 0x39,
  0x1B, 0x62, 0x00, 0x39, 0x57, 0x85, 0xD4, 0x38, 0x38, 0x14,
  0x9D, 0x38, 0xDE, 0x8A, 0xD6, 0x38, 0x07, 0xC4, 0xF9, 0x38,
  0x70, 0xA9, 0x7D, 0x38, 0xE4, 0xBC, 0xCE, 0x38, 0x03, 0x8C,
  0x10, 0x39, 0x73, 0x8E, 0xF2, 0x38, 0xD7, 0x20, 0xCB, 0x38,
  0x95, 0x00, 0xC5, 0x38, 0x4D, 0xB7, 0x03, 0x39, 0xC5, 0x06,
  0xF6, 0x38, 0x40, 0x4B, 0xBA, 0x38, 0x95, 0x2E, 0xEE, 0x38,
  0xC1, 0x05, 0xFD, 0x38, 0x0A, 0x91, 0xE3, 0x38, 0x70, 0xF5,
  0xFF, 0x38, 0x81, 0x9D, 0xFD, 0x38, 0x2E, 0x4D, 0xC1, 0x38,
  0x84, 0xBD, 0x14, 0x39, 0xA5, 0x23, 0xC3, 0x38, 0x9F, 0x87,
  0xD9, 0x38, 0xE6, 0x1A, 0xF0, 0x38, 0x8F, 0x5B, 0xEA, 0x38,
  0xF5, 0x0A, 0xEE, 0x38, 0x54, 0xA1, 0xA9, 0x38, 0x2B, 0x0F,
  0xA0, 0x38, 0xC5, 0x72, 0xF0, 0x38, 0xCA, 0x6F, 0x21, 0x39,
  0x3B, 0xA0, 0x00, 0x39, 0xFB, 0x95, 0x1E, 0x39, 0x98, 0x37,
  0xD6, 0x38, 0x06, 0x03, 0xF9, 0x38, 0x78, 0xA5, 0x0B, 0x39,
  0xED, 0xC3, 0xE8, 0x38, 0x24, 0x45, 0x00, 0x39, 0xA5, 0xA1,
  0xCA, 0x38, 0x21, 0xAD, 0xBC, 0x38, 0xF4, 0x0A, 0xFC, 0x38,
  0x9C, 0x73, 0xDC, 0x38, 0x1C, 0xC8, 0x95, 0x38, 0xF5, 0xE5,
  0xBE, 0x38, 0x45, 0xEA, 0xC5, 0x38, 0xA4, 0xA1, 0xDF, 0x38,
  0x3A, 0x1F, 0xE1, 0x38, 0x32, 0x3B, 0xF2, 0x38, 0x50, 0xF8,
  0xF1, 0x38, 0x7D, 0x5B, 0x8A, 0x38, 0x19, 0x31, 0x0B, 0x39,
  0x1B, 0x87, 0xD8, 0x38, 0x82, 0x5E, 0x04, 0x39, 0x31, 0x46,
  0xF2, 0x38, 0x52, 0xCA, 0x02, 0x39, 0x0C, 0x72, 0x0F, 0x39,
  0x48, 0xF7, 0xBE, 0x38, 0x34, 0x00, 0x00, 0x00, 0x64, 0x61,
  0x67, 0x68, 0x65, 0x72, 0x6F, 0x5F, 0x63, 0x6E, 0x6E, 0x5F,
  0x32, 0x6C, 0x61, 0x79, 0x65, 0x72, 0x5F, 0x63, 0x6F, 0x6E,
  0x76, 0x32, 0x64, 0x2F, 0x71, 0x75, 0x61, 0x6E, 0x74, 0x5F,
  0x62, 0x6E, 0x32, 0x2F, 0x46, 0x75, 0x73, 0x65, 0x64, 0x42,
  0x61, 0x74, 0x63, 0x68, 0x4E, 0x6F, 0x72, 0x6D, 0x56, 0x33,
  0x00, 0x00, 0x00, 0x00, 0x01, 0x00, 0x00, 0x00, 0x40, 0x00,
  0x00, 0x00, 0xC2, 0xF4, 0xFF, 0xFF, 0x00, 0x00, 0x00, 0x01,
  0x14, 0x00, 0x00, 0x00, 0x28, 0x03, 0x00, 0x00, 0x09, 0x00,
  0x00, 0x00, 0x00, 0x00, 0x00, 0x09, 0xA4, 0x03, 0x00, 0x00,
  0xAC, 0xF4, 0xFF, 0xFF, 0x08, 0x00, 0x00, 0x00, 0x0C, 0x02,
  0x00, 0x00, 0x40, 0x00, 0x00, 0x00, 0x00, 0x00, 0x00, 0x00,
  0x00, 0x00, 0x00, 0x00, 0x00, 0x00, 0x00, 0x00, 0x00, 0x00,
  0x00, 0x00, 0x00, 0x00, 0x00, 0x00, 0x00, 0x00, 0x00, 0x00,
  0x00, 0x00, 0x00, 0x00, 0x00, 0x00, 0x00, 0x00, 0x00, 0x00,
  0x00, 0x00, 0x00, 0x00, 0x00, 0x00, 0x00, 0x00, 0x00, 0x00,
  0x00, 0x00, 0x00, 0x00, 0x00, 0x00, 0x00, 0x00, 0x00, 0x00,
  0x00, 0x00, 0x00, 0x00, 0x00, 0x00, 0x00, 0x00, 0x00, 0x00,
  0x00, 0x00, 0x00, 0x00, 0x00, 0x00, 0x00, 0x00, 0x00, 0x00,
  0x00, 0x00, 0x00, 0x00, 0x00, 0x00, 0x00, 0x00, 0x00, 0x00,
  0x00, 0x00, 0x00, 0x00, 0x00, 0x00, 0x00, 0x00, 0x00, 0x00,
  0x00, 0x00, 0x00, 0x00, 0x00, 0x00, 0x00, 0x00, 0x00, 0x00,
  0x00, 0x00, 0x00, 0x00, 0x00, 0x00, 0x00, 0x00, 0x00, 0x00,
  0x00, 0x00, 0x00, 0x00, 0x00, 0x00, 0x00, 0x00, 0x00, 0x00,
  0x00, 0x00, 0x00, 0x00, 0x00, 0x00, 0x00, 0x00, 0x00, 0x00,
  0x00, 0x00, 0x00, 0x00, 0x00, 0x00, 0x00, 0x00, 0x00, 0x00,
  0x00, 0x00, 0x00, 0x00, 0x00, 0x00, 0x00, 0x00, 0x00, 0x00,
  0x00, 0x00, 0x00, 0x00, 0x00, 0x00, 0x00, 0x00, 0x00, 0x00,
  0x00, 0x00, 0x00, 0x00, 0x00, 0x00, 0x00, 0x00, 0x00, 0x00,
  0x00, 0x00, 0x00, 0x00, 0x00, 0x00, 0x00, 0x00, 0x00, 0x00,
  0x00, 0x00, 0x00, 0x00, 0x00, 0x00, 0x00, 0x00, 0x00, 0x00,
  0x00, 0x00, 0x00, 0x00, 0x00, 0x00, 0x00, 0x00, 0x00, 0x00,
  0x00, 0x00, 0x00, 0x00, 0x00, 0x00, 0x00, 0x00, 0x00, 0x00,
  0x00, 0x00, 0x00, 0x00, 0x00, 0x00, 0x00, 0x00, 0x00, 0x00,
  0x00, 0x00, 0x00, 0x00, 0x00, 0x00, 0x00, 0x00, 0x00, 0x00,
  0x00, 0x00, 0x00, 0x00, 0x00, 0x00, 0x00, 0x00, 0x00, 0x00,
  0x00, 0x00, 0x00, 0x00, 0x00, 0x00, 0x00, 0x00, 0x00, 0x00,
  0x00, 0x00, 0x00, 0x00, 0x00, 0x00, 0x00, 0x00, 0x00, 0x00,
  0x00, 0x00, 0x00, 0x00, 0x00, 0x00, 0x00, 0x00, 0x00, 0x00,
  0x00, 0x00, 0x00, 0x00, 0x00, 0x00, 0x00, 0x00, 0x00, 0x00,
  0x00, 0x00, 0x00, 0x00, 0x00, 0x00, 0x00, 0x00, 0x00, 0x00,
  0x00, 0x00, 0x00, 0x00, 0x00, 0x00, 0x00, 0x00, 0x00, 0x00,
  0x00, 0x00, 0x00, 0x00, 0x00, 0x00, 0x00, 0x00, 0x00, 0x00,
  0x00, 0x00, 0x00, 0x00, 0x00, 0x00, 0x00, 0x00, 0x00, 0x00,
  0x00, 0x00, 0x00, 0x00, 0x00, 0x00, 0x00, 0x00, 0x00, 0x00,
  0x00, 0x00, 0x00, 0x00, 0x00, 0x00, 0x00, 0x00, 0x00, 0x00,
  0x00, 0x00, 0x00, 0x00, 0x00, 0x00, 0x00, 0x00, 0x00, 0x00,
  0x00, 0x00, 0x00, 0x00, 0x00, 0x00, 0x00, 0x00, 0x00, 0x00,
  0x00, 0x00, 0x00, 0x00, 0x00, 0x00, 0x00, 0x00, 0x00, 0x00,
  0x00, 0x00, 0x00, 0x00, 0x00, 0x00, 0x00, 0x00, 0x00, 0x00,
  0x00, 0x00, 0x00, 0x00, 0x00, 0x00, 0x00, 0x00, 0x00, 0x00,
  0x00, 0x00, 0x00, 0x00, 0x00, 0x00, 0x00, 0x00, 0x00, 0x00,
  0x00, 0x00, 0x00, 0x00, 0x00, 0x00, 0x00, 0x00, 0x00, 0x00,
  0x00, 0x00, 0x00, 0x00, 0x00, 0x00, 0x00, 0x00, 0x00, 0x00,
  0x00, 0x00, 0x00, 0x00, 0x00, 0x00, 0x00, 0x00, 0x00, 0x00,
  0x00, 0x00, 0x00, 0x00, 0x00, 0x00, 0x00, 0x00, 0x00, 0x00,
  0x00, 0x00, 0x00, 0x00, 0x00, 0x00, 0x00, 0x00, 0x00, 0x00,
  0x00, 0x00, 0x00, 0x00, 0x00, 0x00, 0x00, 0x00, 0x00, 0x00,
  0x00, 0x00, 0x00, 0x00, 0x00, 0x00, 0x00, 0x00, 0x00, 0x00,
  0x00, 0x00, 0x00, 0x00, 0x00, 0x00, 0x00, 0x00, 0x00, 0x00,
  0x00, 0x00, 0x00, 0x00, 0x00, 0x00, 0x00, 0x00, 0x00, 0x00,
  0x00, 0x00, 0x00, 0x00, 0x00, 0x00, 0x00, 0x00, 0x00, 0x00,
  0x00, 0x00, 0x00, 0x00, 0x00, 0x00, 0x00, 0x00, 0x00, 0x00,
  0x00, 0x00, 0x40, 0x00, 0x00, 0x00, 0x53, 0xBC, 0x8A, 0x3B,
  0xB9, 0x76, 0x49, 0x3B, 0x01, 0xBA, 0x3B, 0x3B, 0x44, 0x8B,
  0x31, 0x3B, 0xDA, 0x11, 0x2E, 0x3B, 0x95, 0x0E, 0x55, 0x3B,
  0x69, 0x4F, 0x70, 0x3B, 0x54, 0x88, 0x53, 0x3B, 0xBA, 0x9D,
  0x4D, 0x3B, 0x47, 0x2F, 0x2A, 0x3B, 0x20, 0x93, 0xFB, 0x3A,
  0xB6, 0xCD, 0x2B, 0x3B, 0x90, 0x02, 0x48, 0x3B, 0x48, 0x21,
  0xCB, 0x3A, 0xC0, 0x8D, 0x25, 0x3B, 0xEB, 0x80, 0x67, 0x3B,
  0xA4, 0x3C, 0x42, 0x3B, 0xC7, 0xA9, 0x22, 0x3B, 0xEE, 0xC1,
  0x1D, 0x3B, 0x30, 0xF4, 0x52, 0x3B, 0x01, 0x04, 0x45, 0x3B,
  0xB3, 0x2E, 0x15, 0x3B, 0xDE, 0xBB, 0x3E, 0x3B, 0x35, 0x9E,
  0x4A, 0x3B, 0xAF, 0x3B, 0x36, 0x3B, 0x25, 0xF8, 0x4C, 0x3B,
  0xB9, 0x17, 0x4B, 0x3B, 0x43, 0xCB, 0x1A, 0x3B, 0x39, 0x38,
  0x6E, 0x3B, 0x01, 0x44, 0x1C, 0x3B, 0x1E, 0x32, 0x2E, 0x3B,
  0x1C, 0x46, 0x40, 0x3B, 0xDF, 0xAB, 0x3B, 0x3B, 0x56, 0x9F,
  0x3E, 0x3B, 0x97, 0xD6, 0x07, 0x3B, 0x86, 0x2C, 0x00, 0x3B,
  0x79, 0x8C, 0x40, 0x3B, 0xE6, 0x46, 0x81, 0x3B, 0x3A, 0x01,
  0x4E, 0x3B, 0xF4, 0xFC, 0x7D, 0x3B, 0x06, 0x8B, 0x2B, 0x3B,
  0x02, 0x68, 0x47, 0x3B, 0xAB, 0xA7, 0x5F, 0x3B, 0x72, 0x65,
  0x3A, 0x3B, 0x57, 0x6F, 0x4D, 0x3B, 0xEB, 0x43, 0x22, 0x3B,
  0x16, 0x17, 0x17, 0x3B, 0x5E, 0xD5, 0x49, 0x3B, 0x19, 0x89,
  0x30, 0x3B, 0x32, 0xE3, 0xEF, 0x3A, 0x99, 0xDE, 0x18, 0x3B,
  0x11, 0x7D, 0x1E, 0x3B, 0xF7, 0x14, 0x33, 0x3B, 0x89, 0x46,
  0x34, 0x3B, 0xFA, 0xF9, 0x41, 0x3B, 0x6B, 0xC4, 0x41, 0x3B,
  0x2E, 0x97, 0xDD, 0x3A, 0x4B, 0xED, 0x5E, 0x3B, 0xB4, 0x64,
  0x2D, 0x3B, 0xFD, 0xFF, 0x53, 0x3B, 0xC8, 0x02, 0x42, 0x3B,
  0xA5, 0x78, 0x51, 0x3B, 0x55, 0xBD, 0x65, 0x3B, 0x78, 0xEC,
  0x18, 0x3B, 0x83, 0x00, 0x00, 0x00, 0x64, 0x61, 0x67, 0x68,
  0x65, 0x72, 0x6F, 0x5F, 0x63, 0x6E, 0x6E, 0x5F, 0x32, 0x6C,
  0x61, 0x79, 0x65, 0x72, 0x5F, 0x63, 0x6F, 0x6E, 0x76, 0x32,
  0x64, 0x2F, 0x71, 0x75, 0x61, 0x6E, 0x74, 0x5F, 0x63, 0x6F,
  0x6E, 0x76, 0x32, 0x2F, 0x43, 0x6F, 0x6E, 0x76, 0x32, 0x44,
  0x3B, 0x64, 0x61, 0x67, 0x68, 0x65, 0x72, 0x6F, 0x5F, 0x63,
  0x6E, 0x6E, 0x5F, 0x32, 0x6C, 0x61, 0x79, 0x65, 0x72, 0x5F,
  0x63, 0x6F, 0x6E, 0x76, 0x32, 0x64, 0x2F, 0x71, 0x75, 0x61,
  0x6E, 0x74, 0x5F, 0x63, 0x6F, 0x6E, 0x76, 0x32, 0x2F, 0x4C,
  0x61, 0x73, 0x74, 0x56, 0x61, 0x6C, 0x75, 0x65, 0x51, 0x75,
  0x61, 0x6E, 0x74, 0x2F, 0x46, 0x61, 0x6B, 0x65, 0x51, 0x75,
  0x61, 0x6E, 0x74, 0x57, 0x69, 0x74, 0x68, 0x4D, 0x69, 0x6E,
  0x4D, 0x61, 0x78, 0x56, 0x61, 0x72, 0x73, 0x50, 0x65, 0x72,
  0x43, 0x68, 0x61, 0x6E, 0x6E, 0x65, 0x6C, 0x00, 0x04, 0x00,
  0x00, 0x00, 0x40, 0x00, 0x00, 0x00, 0x07, 0x00, 0x00, 0x00,
  0x01, 0x00, 0x00, 0x00, 0x20, 0x00, 0x00, 0x00, 0x92, 0xF8,
  0xFF, 0xFF, 0x00, 0x00, 0x00, 0x01, 0x14, 0x00, 0x00, 0x00,
  0x34, 0x00, 0x00, 0x00, 0x08, 0x00, 0x00, 0x00, 0x00, 0x00,
  0x00, 0x09, 0x5C, 0x00, 0x00, 0x00, 0x7C, 0xF8, 0xFF, 0xFF,
  0x08, 0x00, 0x00, 0x00, 0x14, 0x00, 0x00, 0x00, 0x01, 0x00,
  0x00, 0x00, 0xC4, 0xFF, 0xFF, 0xFF, 0xFF, 0xFF, 0xFF, 0xFF,
  0x00, 0x00, 0x00, 0x00, 0x01, 0x00, 0x00, 0x00, 0x91, 0xD7,
  0x1F, 0x3D, 0x2D, 0x00, 0x00, 0x00, 0x64, 0x61, 0x67, 0x68,
  0x65, 0x72, 0x6F, 0x5F, 0x63, 0x6E, 0x6E, 0x5F, 0x32, 0x6C,
  0x61, 0x79, 0x65, 0x72, 0x5F, 0x63, 0x6F, 0x6E, 0x76, 0x32,
  0x64, 0x2F, 0x71, 0x75, 0x61, 0x6E, 0x74, 0x5F, 0x70, 0x6F,
  0x6F, 0x6C, 0x31, 0x2F, 0x4D, 0x61, 0x78, 0x50, 0x6F, 0x6F,
  0x6C, 0x00, 0x00, 0x00, 0x04, 0x00, 0x00, 0x00, 0x01, 0x00,
  0x00, 0x00, 0x19, 0x00, 0x00, 0x00, 0x01, 0x00, 0x00, 0x00,
  0x20, 0x00, 0x00, 0x00, 0x1A, 0xF9, 0xFF, 0xFF, 0x00, 0x00,
  0x00, 0x01, 0x14, 0x00, 0x00, 0x00, 0x34, 0x00, 0x00, 0x00,
  0x07, 0x00, 0x00, 0x00, 0x00, 0x00, 0x00, 0x09, 0xBC, 0x00,
  0x00, 0x00, 0x04, 0xF9, 0xFF, 0xFF, 0x08, 0x00, 0x00, 0x00,
  0x14, 0x00, 0x00, 0x00, 0x01, 0x00, 0x00, 0x00, 0xC4, 0xFF,
  0xFF, 0xFF, 0xFF, 0xFF, 0xFF, 0xFF, 0x00, 0x00, 0x00, 0x00,
  0x01, 0x00, 0x00, 0x00, 0x91, 0xD7, 0x1F, 0x3D, 0x8C, 0x00,
  0x00, 0x00, 0x64, 0x61, 0x67, 0x68, 0x65, 0x72, 0x6F, 0x5F,
  0x63, 0x6E, 0x6E, 0x5F, 0x32, 0x6C, 0x61, 0x79, 0x65, 0x72,
  0x5F, 0x63, 0x6F, 0x6E, 0x76, 0x32, 0x64, 0x2F, 0x71, 0x75,
  0x61, 0x6E, 0x74, 0x5F, 0x72, 0x65, 0x6C, 0x75, 0x31, 0x2F,
  0x52, 0x65, 0x6C, 0x75, 0x3B, 0x64, 0x61, 0x67, 0x68, 0x65,
  0x72, 0x6F, 0x5F, 0x63, 0x6E, 0x6E, 0x5F, 0x32, 0x6C, 0x61,
  0x79, 0x65, 0x72, 0x5F, 0x63, 0x6F, 0x6E, 0x76, 0x32, 0x64,
  0x2F, 0x71, 0x75, 0x61, 0x6E, 0x74, 0x5F, 0x62, 0x6E, 0x31,
  0x2F, 0x46, 0x75, 0x73, 0x65, 0x64, 0x42, 0x61, 0x74, 0x63,
  0x68, 0x4E, 0x6F, 0x72, 0x6D, 0x56, 0x33, 0x3B, 0x64, 0x61,
  0x67, 0x68, 0x65, 0x72, 0x6F, 0x5F, 0x63, 0x6E, 0x6E, 0x5F,
  0x32, 0x6C, 0x61, 0x79, 0x65, 0x72, 0x5F, 0x63, 0x6F, 0x6E,
  0x76, 0x32, 0x64, 0x2F, 0x71, 0x75, 0x61, 0x6E, 0x74, 0x5F,
  0x63, 0x6F, 0x6E, 0x76, 0x31, 0x2F, 0x43, 0x6F, 0x6E, 0x76,
  0x32, 0x44, 0x00, 0x00, 0x00, 0x00, 0x04, 0x00, 0x00, 0x00,
  0x01, 0x00, 0x00, 0x00, 0x32, 0x00, 0x00, 0x00, 0x01, 0x00,
  0x00, 0x00, 0x20, 0x00, 0x00, 0x00, 0x02, 0xFA, 0xFF, 0xFF,
  0x00, 0x00, 0x00, 0x01, 0x14, 0x00, 0x00, 0x00, 0xA8, 0x01,
  0x00, 0x00, 0x06, 0x00, 0x00, 0x00, 0x00, 0x00, 0x00, 0x02,
  0xD8, 0x01, 0x00, 0x00, 0xEC, 0xF9, 0xFF, 0xFF, 0x08, 0x00,
  0x00, 0x00, 0x0C, 0x01, 0x00, 0x00, 0x20, 0x00, 0x00, 0x00,
  0x00, 0x00, 0x00, 0x00, 0x00, 0x00, 0x00, 0x00, 0x00, 0x00,
  0x00, 0x00, 0x00, 0x00, 0x00, 0x00, 0x00, 0x00, 0x00, 0x00,
  0x00, 0x00, 0x00, 0x00, 0x00, 0x00, 0x00, 0x00, 0x00, 0x00,
  0x00, 0x00, 0x00, 0x00, 0x00, 0x00, 0x00, 0x00, 0x00, 0x00,
  0x00, 0x00, 0x00, 0x00, 0x00, 0x00, 0x00, 0x00, 0x00, 0x00,
  0x00, 0x00, 0x00, 0x00, 0x00, 0x00, 0x00, 0x00, 0x00, 0x00,
  0x00, 0x00, 0x00, 0x00, 0x00, 0x00, 0x00, 0x00, 0x00, 0x00,
  0x00, 0x00, 0x00, 0x00, 0x00, 0x00, 0x00, 0x00, 0x00, 0x00,
  0x00, 0x00, 0x00, 0x00, 0x00, 0x00, 0x00, 0x00, 0x00, 0x00,
  0x00, 0x00, 0x00, 0x00, 0x00, 0x00, 0x00, 0x00, 0x00, 0x00,
  0x00, 0x00, 0x00, 0x00, 0x00, 0x00, 0x00, 0x00, 0x00, 0x00,
  0x00, 0x00, 0x00, 0x00, 0x00, 0x00, 0x00, 0x00, 0x00, 0x00,
  0x00, 0x00, 0x00, 0x00, 0x00, 0x00, 0x00, 0x00, 0x00, 0x00,
  0x00, 0x00, 0x00, 0x00, 0x00, 0x00, 0x00, 0x00, 0x00, 0x00,
  0x00, 0x00, 0x00, 0x00, 0x00, 0x00, 0x00, 0x00, 0x00, 0x00,
  0x00, 0x00, 0x00, 0x00, 0x00, 0x00, 0x00, 0x00, 0x00, 0x00,
  0x00, 0x00, 0x00, 0x00, 0x00, 0x00, 0x00, 0x00, 0x00, 0x00,
  0x00, 0x00, 0x00, 0x00, 0x00, 0x00, 0x00, 0x00, 0x00, 0x00,
  0x00, 0x00, 0x00, 0x00, 0x00, 0x00, 0x00, 0x00, 0x00, 0x00,
  0x00, 0x00, 0x00, 0x00, 0x00, 0x00, 0x00, 0x00, 0x00, 0x00,
  0x00, 0x00, 0x00, 0x00, 0x00, 0x00, 0x00, 0x00, 0x00, 0x00,
  0x00, 0x00, 0x00, 0x00, 0x00, 0x00, 0x00, 0x00, 0x00, 0x00,
  0x00, 0x00, 0x00, 0x00, 0x00, 0x00, 0x00, 0x00, 0x00, 0x00,
  0x00, 0x00, 0x00, 0x00, 0x00, 0x00, 0x00, 0x00, 0x00, 0x00,
  0x00, 0x00, 0x00, 0x00, 0x00, 0x00, 0x00, 0x00, 0x00, 0x00,
  0x00, 0x00, 0x00, 0x00, 0x00, 0x00, 0x00, 0x00, 0x00, 0x00,
  0x20, 0x00, 0x00, 0x00, 0xA2, 0xF3, 0x38, 0x39, 0x09, 0xBA,
  0x86, 0x39, 0x4C, 0x94, 0xC2, 0x39, 0x11, 0x83, 0x88, 0x39,
  0x85, 0xF1, 0x25, 0x39, 0xFA, 0xE6, 0x28, 0x39, 0x17, 0x55,
  0x17, 0x39, 0xFC, 0x99, 0x5D, 0x39, 0xB2, 0x7E, 0x88, 0x39,
  0xC6, 0x5B, 0x67, 0x39, 0xBA, 0x49, 0xE7, 0x38, 0xAE, 0x84,
  0x59, 0x39, 0xCC, 0x8F, 0x1F, 0x39, 0xDF, 0x40, 0x5B, 0x39,
  0x0C, 0x48, 0x73, 0x39, 0x09, 0x2A, 0x35, 0x39, 0xF1, 0x04,
  0xA1, 0x39, 0x23, 0xF1, 0x91, 0x39, 0xD9, 0xC6, 0x88, 0x39,
  0xC8, 0x11, 0x26, 0x39, 0xB3, 0xAF, 0x84, 0x39, 0x0D, 0x0B,
  0x70, 0x39, 0x78, 0x6C, 0x30, 0x39, 0x82, 0xF0, 0x4B, 0x39,
  0xA0, 0x26, 0x5F, 0x39, 0x55, 0xC2, 0x19, 0x39, 0x51, 0xE8,
  0x35, 0x39, 0x46, 0x05, 0x5C, 0x39, 0x0E, 0x01, 0x34, 0x39,
  0x5B, 0x96, 0x43, 0x39, 0x42, 0xD6, 0x7B, 0x39, 0xD0, 0xED,
  0x05, 0x39, 0x34, 0x00, 0x00, 0x00, 0x64, 0x61, 0x67, 0x68,
  0x65, 0x72, 0x6F, 0x5F, 0x63, 0x6E, 0x6E, 0x5F, 0x32, 0x6C,
  0x61, 0x79, 0x65, 0x72, 0x5F, 0x63, 0x6F, 0x6E, 0x76, 0x32,
  0x64, 0x2F, 0x71, 0x75, 0x61, 0x6E, 0x74, 0x5F, 0x62, 0x6E,
  0x31, 0x2F, 0x46, 0x75, 0x73, 0x65, 0x64, 0x42, 0x61, 0x74,
  0x63, 0x68, 0x4E, 0x6F, 0x72, 0x6D, 0x56, 0x33, 0x00, 0x00,
  0x00, 0x00, 0x01, 0x00, 0x00, 0x00, 0x20, 0x00, 0x00, 0x00,
  0xFA, 0xFB, 0xFF, 0xFF, 0x00, 0x00, 0x00, 0x01, 0x14, 0x00,
  0x00, 0x00, 0xA8, 0x01, 0x00, 0x00, 0x05, 0x00, 0x00, 0x00,
  0x00, 0x00, 0x00, 0x09, 0x24, 0x02, 0x00, 0x00, 0xE4, 0xFB,
  0xFF, 0xFF, 0x08, 0x00, 0x00, 0x00, 0x0C, 0x01, 0x00, 0x00,
  0x20, 0x00, 0x00, 0x00, 0x00, 0x00, 0x00, 0x00, 0x00, 0x00,
  0x00, 0x00, 0x00, 0x00, 0x00, 0x00, 0x00, 0x00, 0x00, 0x00,
  0x00, 0x00, 0x00, 0x00, 0x00, 0x00, 0x00, 0x00, 0x00, 0x00,
  0x00, 0x00, 0x00, 0x00, 0x00, 0x00, 0x00, 0x00, 0x00, 0x00,
  0x00, 0x00, 0x00, 0x00, 0x00, 0x00, 0x00, 0x00, 0x00, 0x00,
  0x00, 0x00, 0x00, 0x00, 0x00, 0x00, 0x00, 0x00, 0x00, 0x00,
  0x00, 0x00, 0x00, 0x00, 0x00, 0x00, 0x00, 0x00, 0x00, 0x00,
  0x00, 0x00, 0x00, 0x00, 0x00, 0x00, 0x00, 0x00, 0x00, 0x00,
  0x00, 0x00, 0x00, 0x00, 0x00, 0x00, 0x00, 0x00, 0x00, 0x00,
  0x00, 0x00, 0x00, 0x00, 0x00, 0x00, 0x00, 0x00, 0x00, 0x00,
  0x00, 0x00, 0x00, 0x00, 0x00, 0x00, 0x00, 0x00, 0x00, 0x00,
  0x00, 0x00, 0x00, 0x00, 0x00, 0x00, 0x00, 0x00, 0x00, 0x00,
  0x00, 0x00, 0x00, 0x00, 0x00, 0x00, 0x00, 0x00, 0x00, 0x00,
  0x00, 0x00, 0x00, 0x00, 0x00, 0x00, 0x00, 0x00, 0x00, 0x00,
  0x00, 0x00, 0x00, 0x00, 0x00, 0x00, 0x00, 0x00, 0x00, 0x00,
  0x00, 0x00, 0x00, 0x00, 0x00, 0x00, 0x00, 0x00, 0x00, 0x00,
  0x00, 0x00, 0x00, 0x00, 0x00, 0x00, 0x00, 0x00, 0x00, 0x00,
  0x00, 0x00, 0x00, 0x00, 0x00, 0x00, 0x00, 0x00, 0x00, 0x00,
  0x00, 0x00, 0x00, 0x00, 0x00, 0x00, 0x00, 0x00, 0x00, 0x00,
  0x00, 0x00, 0x00, 0x00, 0x00, 0x00, 0x00, 0x00, 0x00, 0x00,
  0x00, 0x00, 0x00, 0x00, 0x00, 0x00, 0x00, 0x00, 0x00, 0x00,
  0x00, 0x00, 0x00, 0x00, 0x00, 0x00, 0x00, 0x00, 0x00, 0x00,
  0x00, 0x00, 0x00, 0x00, 0x00, 0x00, 0x00, 0x00, 0x00, 0x00,
  0x00, 0x00, 0x00, 0x00, 0x00, 0x00, 0x00, 0x00, 0x00, 0x00,
  0x00, 0x00, 0x00, 0x00, 0x00, 0x00, 0x00, 0x00, 0x00, 0x00,
  0x00, 0x00, 0x00, 0x00, 0x00, 0x00, 0x00, 0x00, 0x00, 0x00,
  0x00, 0x00, 0x00, 0x00, 0x20, 0x00, 0x00, 0x00, 0xDB, 0x4E,
  0x42, 0x3B, 0xD1, 0x8A, 0x8D, 0x3B, 0x33, 0x6C, 0xCC, 0x3B,
  0xF8, 0x6A, 0x8F, 0x3B, 0x93, 0x56, 0x2E, 0x3B, 0x59, 0x72,
  0x31, 0x3B, 0xEC, 0xFC, 0x1E, 0x3B, 0xD7, 0xCF, 0x68, 0x3B,
  0x60, 0x66, 0x8F, 0x3B, 0xFD, 0x0F, 0x73, 0x3B, 0x07, 0xFD,
  0xF2, 0x3A, 0xA8, 0x85, 0x64, 0x3B, 0x34, 0xA2, 0x27, 0x3B,
  0x52, 0x58, 0x66, 0x3B, 0xAB, 0x96, 0x7F, 0x3B, 0x34, 0x54,
  0x3E, 0x3B, 0x3A, 0x2A, 0xA9, 0x3B, 0x29, 0x53, 0x99, 0x3B,
  0x2E, 0xB2, 0x8F, 0x3B, 0x78, 0x78, 0x2E, 0x3B, 0x0E, 0x66,
  0x8B, 0x3B, 0xBC, 0x2F, 0x7C, 0x3B, 0x40, 0x59, 0x39, 0x3B,
  0xA2, 0x41, 0x56, 0x3B, 0x8C, 0x70, 0x6A, 0x3B, 0x98, 0x89,
  0x21, 0x3B, 0x1D, 0x1C, 0x3F, 0x3B, 0xA8, 0x26, 0x67, 0x3B,
  0x34, 0x1C, 0x3D, 0x3B, 0x50, 0x7B, 0x4D, 0x3B, 0xD7, 0x49,
  0x84, 0x3B, 0x43, 0xB4, 0x0C, 0x3B, 0x83, 0x00, 0x00, 0x00,
  0x64, 0x61, 0x67, 0x68, 0x65, 0x72, 0x6F, 0x5F, 0x63, 0x6E,
  0x6E, 0x5F, 0x32, 0x6C, 0x61, 0x79, 0x65, 0x72, 0x5F, 0x63,
  0x6F, 0x6E, 0x76, 0x32, 0x64, 0x2F, 0x71, 0x75, 0x61, 0x6E,
  0x74, 0x5F, 0x63, 0x6F, 0x6E, 0x76, 0x31, 0x2F, 0x43, 0x6F,
  0x6E, 0x76, 0x32, 0x44, 0x3B, 0x64, 0x61, 0x67, 0x68, 0x65,
  0x72, 0x6F, 0x5F, 0x63, 0x6E, 0x6E, 0x5F, 0x32, 0x6C, 0x61,
  0x79, 0x65, 0x72, 0x5F, 0x63, 0x6F, 0x6E, 0x76, 0x32, 0x64,
  0x2F, 0x71, 0x75, 0x61, 0x6E, 0x74, 0x5F, 0x63, 0x6F, 0x6E,
  0x76, 0x31, 0x2F, 0x4C, 0x61, 0x73, 0x74, 0x56, 0x61, 0x6C,
  0x75, 0x65, 0x51, 0x75, 0x61, 0x6E, 0x74, 0x2F, 0x46, 0x61,
  0x6B, 0x65, 0x51, 0x75, 0x61, 0x6E, 0x74, 0x57, 0x69, 0x74,
  0x68, 0x4D, 0x69, 0x6E, 0x4D, 0x61, 0x78, 0x56, 0x61, 0x72,
  0x73, 0x50, 0x65, 0x72, 0x43, 0x68, 0x61, 0x6E, 0x6E, 0x65,
  0x6C, 0x00, 0x04, 0x00, 0x00, 0x00, 0x20, 0x00, 0x00, 0x00,
  0x07, 0x00, 0x00, 0x00, 0x01, 0x00, 0x00, 0x00, 0x03, 0x00,
  0x00, 0x00, 0x4A, 0xFE, 0xFF, 0xFF, 0x00, 0x00, 0x00, 0x01,
  0x14, 0x00, 0x00, 0x00, 0x34, 0x00, 0x00, 0x00, 0x04, 0x00,
  0x00, 0x00, 0x00, 0x00, 0x00, 0x09, 0xB4, 0x00, 0x00, 0x00,
  0x34, 0xFE, 0xFF, 0xFF, 0x08, 0x00, 0x00, 0x00, 0x14, 0x00,
  0x00, 0x00, 0x01, 0x00, 0x00, 0x00, 0x03, 0x00, 0x00, 0x00,
  0x00, 0x00, 0x00, 0x00, 0x00, 0x00, 0x00, 0x00, 0x01, 0x00,
  0x00, 0x00, 0x4E, 0xAC, 0x73, 0x3D, 0x85, 0x00, 0x00, 0x00,
  0x64, 0x61, 0x67, 0x68, 0x65, 0x72, 0x6F, 0x5F, 0x63, 0x6E,
  0x6E, 0x5F, 0x32, 0x6C, 0x61, 0x79, 0x65, 0x72, 0x5F, 0x63,
  0x6F, 0x6E, 0x76, 0x32, 0x64, 0x2F, 0x71, 0x75, 0x61, 0x6E,
  0x74, 0x5F, 0x72, 0x65, 0x73, 0x68, 0x61, 0x70, 0x65, 0x5F,
  0x69, 0x6E, 0x2F, 0x52, 0x65, 0x73, 0x68, 0x61, 0x70, 0x65,
  0x3B, 0x64, 0x61, 0x67, 0x68, 0x65, 0x72, 0x6F, 0x5F, 0x63,
  0x6E, 0x6E, 0x5F, 0x32, 0x6C, 0x61, 0x79, 0x65, 0x72, 0x5F,
  0x63, 0x6F, 0x6E, 0x76, 0x32, 0x64, 0x2F, 0x71, 0x75, 0x61,
  0x6E, 0x74, 0x69, 0x7A, 0x65, 0x5F, 0x6C, 0x61, 0x79, 0x65,
  0x72, 0x2F, 0x41, 0x6C, 0x6C, 0x56, 0x61, 0x6C, 0x75, 0x65,
  0x73, 0x51, 0x75, 0x61, 0x6E, 0x74, 0x69, 0x7A, 0x65, 0x2F,
  0x46, 0x61, 0x6B, 0x65, 0x51, 0x75, 0x61, 0x6E, 0x74, 0x57,
  0x69, 0x74, 0x68, 0x4D, 0x69, 0x6E, 0x4D, 0x61, 0x78, 0x56,
  0x61, 0x72, 0x73, 0x00, 0x00, 0x00, 0x04, 0x00, 0x00, 0x00,
  0x01, 0x00, 0x00, 0x00, 0x32, 0x00, 0x00, 0x00, 0x01, 0x00,
  0x00, 0x00, 0x03, 0x00, 0x00, 0x00, 0x2A, 0xFF, 0xFF, 0xFF,
  0x00, 0x00, 0x00, 0x01, 0x14, 0x00, 0x00, 0x00, 0x14, 0x00,
  0x00, 0x00, 0x03, 0x00, 0x00, 0x00, 0x00, 0x00, 0x00, 0x02,
  0x48, 0x00, 0x00, 0x00, 0x98, 0xFF, 0xFF, 0xFF, 0x38, 0x00,
  0x00, 0x00, 0x64, 0x61, 0x67, 0x68, 0x65, 0x72, 0x6F, 0x5F,
  0x63, 0x6E, 0x6E, 0x5F, 0x32, 0x6C, 0x61, 0x79, 0x65, 0x72,
  0x5F, 0x63, 0x6F, 0x6E, 0x76, 0x32, 0x64, 0x2F, 0x71, 0x75,
  0x61, 0x6E, 0x74, 0x5F, 0x72, 0x65, 0x73, 0x68, 0x61, 0x70,
  0x65, 0x5F, 0x69, 0x6E, 0x2F, 0x52, 0x65, 0x73, 0x68, 0x61,
  0x70, 0x65, 0x2F, 0x73, 0x68, 0x61, 0x70, 0x65, 0x00, 0x00,
  0x00, 0x00, 0x01, 0x00, 0x00, 0x00, 0x04, 0x00, 0x00, 0x00,
  0x92, 0xFF, 0xFF, 0xFF, 0x00, 0x00, 0x00, 0x01, 0x18, 0x00,
  0x00, 0x00, 0x18, 0x00, 0x00, 0x00, 0x02, 0x00, 0x00, 0x00,
  0x00, 0x00, 0x00, 0x02, 0x4C, 0x00, 0x00, 0x00, 0x04, 0x00,
  0x04, 0x00, 0x04, 0x00, 0x00, 0x00, 0x3A, 0x00, 0x00, 0x00,
  0x64, 0x61, 0x67, 0x68, 0x65, 0x72, 0x6F, 0x5F, 0x63, 0x6E,
  0x6E, 0x5F, 0x32, 0x6C, 0x61, 0x79, 0x65, 0x72, 0x5F, 0x63,
  0x6F, 0x6E, 0x76, 0x32, 0x64, 0x2F, 0x71, 0x75, 0x61, 0x6E,
  0x74, 0x5F, 0x67, 0x61, 0x70, 0x2F, 0x4D, 0x65, 0x61, 0x6E,
  0x2F, 0x72, 0x65, 0x64, 0x75, 0x63, 0x74, 0x69, 0x6F, 0x6E,
  0x5F, 0x69, 0x6E, 0x64, 0x69, 0x63, 0x65, 0x73, 0x00, 0x00,
  0x01, 0x00, 0x00, 0x00, 0x02, 0x00, 0x00, 0x00, 0x00, 0x00,
  0x16, 0x00, 0x1C, 0x00, 0x18, 0x00, 0x17, 0x00, 0x10, 0x00,
  0x0C, 0x00, 0x08, 0x00, 0x00, 0x00, 0x00, 0x00, 0x00, 0x00,
  0x07, 0x00, 0x16, 0x00, 0x00, 0x00, 0x00, 0x00, 0x00, 0x01,
  0x20, 0x00, 0x00, 0x00, 0x40, 0x00, 0x00, 0x00, 0x01, 0x00,
  0x00, 0x00, 0x00, 0x00, 0x00, 0x09, 0x50, 0x00, 0x00, 0x00,
  0x0C, 0x00, 0x0C, 0x00, 0x00, 0x00, 0x00, 0x00, 0x08, 0x00,
  0x04, 0x00, 0x0C, 0x00, 0x00, 0x00, 0x08, 0x00, 0x00, 0x00,
  0x14, 0x00, 0x00, 0x00, 0x01, 0x00, 0x00, 0x00, 0x03, 0x00,
  0x00, 0x00, 0x00, 0x00, 0x00, 0x00, 0x00, 0x00, 0x00, 0x00,
  0x01, 0x00, 0x00, 0x00, 0x4E, 0xAC, 0x73, 0x3D, 0x17, 0x00,
  0x00, 0x00, 0x73, 0x65, 0x72, 0x76, 0x69, 0x6E, 0x67, 0x5F,
  0x64, 0x65, 0x66, 0x61, 0x75, 0x6C, 0x74, 0x5F, 0x69, 0x6E,
  0x70, 0x75, 0x74, 0x3A, 0x30, 0x00, 0x03, 0x00, 0x00, 0x00,
  0x01, 0x00, 0x00, 0x00, 0x32, 0x00, 0x00, 0x00, 0x03, 0x00,
  0x00, 0x00, 0x06, 0x00, 0x00, 0x00, 0x80, 0x00, 0x00, 0x00,
  0x60, 0x00, 0x00, 0x00, 0x40, 0x00, 0x00, 0x00, 0x2C, 0x00,
  0x00, 0x00, 0x18, 0x00, 0x00, 0x00, 0x04, 0x00, 0x00, 0x00,
  0xC0, 0xFF, 0xFF, 0xFF, 0x19, 0x00, 0x00, 0x00, 0x02, 0x00,
  0x00, 0x00, 0x00, 0x00, 0x00, 0x19, 0xD0, 0xFF, 0xFF, 0xFF,
  0x09, 0x00, 0x00, 0x00, 0x04, 0x00, 0x00, 0x00, 0x00, 0x00,
  0x00, 0x09, 0xE0, 0xFF, 0xFF, 0xFF, 0x28, 0x00, 0x00, 0x00,
  0x02, 0x00, 0x00, 0x00, 0x00, 0x00, 0x00, 0x28, 0xF0, 0xFF,
  0xFF, 0xFF, 0x11, 0x00, 0x00, 0x00, 0x02, 0x00, 0x00, 0x00,
  0x00, 0x00, 0x00, 0x11, 0x0C, 0x00, 0x10, 0x00, 0x0F, 0x00,
  0x00, 0x00, 0x08, 0x00, 0x04, 0x00, 0x0C, 0x00, 0x00, 0x00,
  0x03, 0x00, 0x00, 0x00, 0x03, 0x00, 0x00, 0x00, 0x00, 0x00,
  0x00, 0x03, 0x0C, 0x00, 0x0C, 0x00, 0x0B, 0x00, 0x00, 0x00,
  0x00, 0x00, 0x04, 0x00, 0x0C, 0x00, 0x00, 0x00, 0x16, 0x00,
  0x00, 0x00, 0x00, 0x00, 0x00, 0x16
};
unsigned int daghero_no_accel_rotation_t50_qat_len = 27376;
