/* Converted from E04_wisdm_to_g_arduino_g/no_accel_rotation_v2/daghero_cnn_2layer_conv2d/e04/daghero_cnn_2layer_conv2d_T100_Prandom_stratified_E04_daghero_cnn_2layer_conv2d_r0_ptq_int8.tflite */
const unsigned char daghero_no_accel_rotation_v2_t100_ptq[] = {
  0x1C, 0x00, 0x00, 0x00, 0x54, 0x46, 0x4C, 0x33, 0x14, 0x00,
  0x20, 0x00, 0x1C, 0x00, 0x18, 0x00, 0x14, 0x00, 0x10, 0x00,
  0x0C, 0x00, 0x00, 0x00, 0x08, 0x00, 0x04, 0x00, 0x14, 0x00,
  0x00, 0x00, 0x1C, 0x00, 0x00, 0x00, 0x90, 0x00, 0x00, 0x00,
  0xE8, 0x00, 0x00, 0x00, 0x38, 0x51, 0x00, 0x00, 0x48, 0x51,
  0x00, 0x00, 0xC4, 0x67, 0x00, 0x00, 0x03, 0x00, 0x00, 0x00,
  0x01, 0x00, 0x00, 0x00, 0x10, 0x00, 0x00, 0x00, 0x00, 0x00,
  0x0A, 0x00, 0x10, 0x00, 0x0C, 0x00, 0x08, 0x00, 0x04, 0x00,
  0x0A, 0x00, 0x00, 0x00, 0x0C, 0x00, 0x00, 0x00, 0x1C, 0x00,
  0x00, 0x00, 0x3C, 0x00, 0x00, 0x00, 0x0F, 0x00, 0x00, 0x00,
  0x73, 0x65, 0x72, 0x76, 0x69, 0x6E, 0x67, 0x5F, 0x64, 0x65,
  0x66, 0x61, 0x75, 0x6C, 0x74, 0x00, 0x01, 0x00, 0x00, 0x00,
  0x04, 0x00, 0x00, 0x00, 0x98, 0xFF, 0xFF, 0xFF, 0x13, 0x00,
  0x00, 0x00, 0x04, 0x00, 0x00, 0x00, 0x0A, 0x00, 0x00, 0x00,
  0x63, 0x6C, 0x61, 0x73, 0x73, 0x69, 0x66, 0x69, 0x65, 0x72,
  0x00, 0x00, 0x01, 0x00, 0x00, 0x00, 0x04, 0x00, 0x00, 0x00,
  0xAA, 0xAE, 0xFF, 0xFF, 0x04, 0x00, 0x00, 0x00, 0x05, 0x00,
  0x00, 0x00, 0x69, 0x6E, 0x70, 0x75, 0x74, 0x00, 0x00, 0x00,
  0x02, 0x00, 0x00, 0x00, 0x34, 0x00, 0x00, 0x00, 0x04, 0x00,
  0x00, 0x00, 0xDC, 0xFF, 0xFF, 0xFF, 0x16, 0x00, 0x00, 0x00,
  0x04, 0x00, 0x00, 0x00, 0x13, 0x00, 0x00, 0x00, 0x43, 0x4F,
  0x4E, 0x56, 0x45, 0x52, 0x53, 0x49, 0x4F, 0x4E, 0x5F, 0x4D,
  0x45, 0x54, 0x41, 0x44, 0x41, 0x54, 0x41, 0x00, 0x08, 0x00,
  0x0C, 0x00, 0x08, 0x00, 0x04, 0x00, 0x08, 0x00, 0x00, 0x00,
  0x15, 0x00, 0x00, 0x00, 0x04, 0x00, 0x00, 0x00, 0x13, 0x00,
  0x00, 0x00, 0x6D, 0x69, 0x6E, 0x5F, 0x72, 0x75, 0x6E, 0x74,
  0x69, 0x6D, 0x65, 0x5F, 0x76, 0x65, 0x72, 0x73, 0x69, 0x6F,
  0x6E, 0x00, 0x17, 0x00, 0x00, 0x00, 0x4C, 0x50, 0x00, 0x00,
  0x44, 0x50, 0x00, 0x00, 0x24, 0x50, 0x00, 0x00, 0x0C, 0x50,
  0x00, 0x00, 0xE4, 0x4F, 0x00, 0x00, 0x54, 0x4E, 0x00, 0x00,
  0x44, 0x4D, 0x00, 0x00, 0x34, 0x3D, 0x00, 0x00, 0x24, 0x3C,
  0x00, 0x00, 0x14, 0x04, 0x00, 0x00, 0x84, 0x03, 0x00, 0x00,
  0xD4, 0x00, 0x00, 0x00, 0xCC, 0x00, 0x00, 0x00, 0xC4, 0x00,
  0x00, 0x00, 0xBC, 0x00, 0x00, 0x00, 0xB4, 0x00, 0x00, 0x00,
  0xAC, 0x00, 0x00, 0x00, 0xA4, 0x00, 0x00, 0x00, 0x9C, 0x00,
  0x00, 0x00, 0x94, 0x00, 0x00, 0x00, 0x8C, 0x00, 0x00, 0x00,
  0x6C, 0x00, 0x00, 0x00, 0x04, 0x00, 0x00, 0x00, 0x7A, 0xAF,
  0xFF, 0xFF, 0x04, 0x00, 0x00, 0x00, 0x58, 0x00, 0x00, 0x00,
  0x0C, 0x00, 0x00, 0x00, 0x08, 0x00, 0x0E, 0x00, 0x08, 0x00,
  0x04, 0x00, 0x08, 0x00, 0x00, 0x00, 0x10, 0x00, 0x00, 0x00,
  0x28, 0x00, 0x00, 0x00, 0x00, 0x00, 0x06, 0x00, 0x08, 0x00,
  0x04, 0x00, 0x06, 0x00, 0x00, 0x00, 0x04, 0x00, 0x00, 0x00,
  0x01, 0x00, 0x00, 0x00, 0xEB, 0x03, 0x00, 0x00, 0x00, 0x00,
  0x0A, 0x00, 0x10, 0x00, 0x0C, 0x00, 0x08, 0x00, 0x04, 0x00,
  0x0A, 0x00, 0x00, 0x00, 0x02, 0x00, 0x00, 0x00, 0x02, 0x00,
  0x00, 0x00, 0x04, 0x00, 0x00, 0x00, 0x06, 0x00, 0x00, 0x00,
  0x32, 0x2E, 0x31, 0x34, 0x2E, 0x31, 0x00, 0x00, 0xDE, 0xAF,
  0xFF, 0xFF, 0x04, 0x00, 0x00, 0x00, 0x10, 0x00, 0x00, 0x00,
  0x31, 0x2E, 0x31, 0x34, 0x2E, 0x30, 0x00, 0x00, 0x00, 0x00,
  0x00, 0x00, 0x00, 0x00, 0x00, 0x00, 0xD0, 0x9A, 0xFF, 0xFF,
  0xD4, 0x9A, 0xFF, 0xFF, 0xD8, 0x9A, 0xFF, 0xFF, 0xDC, 0x9A,
  0xFF, 0xFF, 0xE0, 0x9A, 0xFF, 0xFF, 0xE4, 0x9A, 0xFF, 0xFF,
  0xE8, 0x9A, 0xFF, 0xFF, 0xEC, 0x9A, 0xFF, 0xFF, 0xF0, 0x9A,
  0xFF, 0xFF, 0x1E, 0xB0, 0xFF, 0xFF, 0x04, 0x00, 0x00, 0x00,
  0xA0, 0x02, 0x00, 0x00, 0x51, 0xAA, 0x06, 0x29, 0xF6, 0xF1,
  0xFF, 0xFA, 0x40, 0x23, 0x03, 0x4C, 0x17, 0xE4, 0x2F, 0x92,
  0x7F, 0xD9, 0xDA, 0xE5, 0x39, 0x04, 0x08, 0x23, 0x68, 0xDF,
  0x27, 0x0E, 0xEC, 0x09, 0x10, 0x38, 0xFF, 0xDF, 0xA4, 0xAA,
  0x24, 0x7F, 0x03, 0xA6, 0xC7, 0x00, 0xC0, 0xFC, 0xEC, 0xEA,
  0x13, 0xE0, 0x74, 0x04, 0x1A, 0x5F, 0x0A, 0x22, 0xC3, 0x50,
  0x02, 0xCB, 0xF6, 0x3D, 0xAC, 0x81, 0xFC, 0x2A, 0x8C, 0x44,
  0xD8, 0xD9, 0x0C, 0x0B, 0x3D, 0xFA, 0xE0, 0xE8, 0xD0, 0xD4,
  0xF6, 0xFE, 0x30, 0x41, 0x40, 0xC2, 0xAC, 0x7F, 0xC7, 0x65,
  0x6A, 0x29, 0x38, 0x7F, 0xDD, 0x09, 0x22, 0x3B, 0xEB, 0xE3,
  0x4F, 0x27, 0x3F, 0xFF, 0xBB, 0x59, 0xFF, 0xC7, 0x2A, 0x0E,
  0xCA, 0x2D, 0x39, 0x13, 0xD5, 0xE8, 0xE5, 0xF5, 0xDE, 0xD3,
  0x1E, 0x0A, 0x0D, 0x26, 0x23, 0xA5, 0xEF, 0xBE, 0x7F, 0x18,
  0x36, 0x55, 0x50, 0x25, 0xDE, 0x12, 0x2E, 0xD8, 0x33, 0x15,
  0x81, 0xD1, 0xCC, 0xE5, 0xDA, 0xD5, 0x28, 0xED, 0xFD, 0x27,
  0x35, 0xF5, 0x2F, 0x3A, 0xD1, 0xF2, 0x11, 0x3D, 0x0F, 0x04,
  0x13, 0x7F, 0xEA, 0xE2, 0x30, 0x90, 0x4B, 0x62, 0x01, 0x11,
  0xEE, 0xDD, 0xFA, 0xE2, 0x2E, 0xD0, 0xC5, 0x0C, 0xEA, 0x27,
  0xAA, 0x33, 0x7F, 0xE2, 0x2D, 0xB1, 0x30, 0xE1, 0xED, 0x0E,
  0xF9, 0x3C, 0x1F, 0x24, 0x3F, 0xD0, 0x4C, 0x39, 0x1A, 0x38,
  0x0D, 0x24, 0xFB, 0xDE, 0xF7, 0xEB, 0xDF, 0x8A, 0x45, 0x01,
  0x81, 0xE0, 0x58, 0xB0, 0xEF, 0x2E, 0x04, 0xBB, 0x57, 0xEE,
  0xD6, 0x33, 0x11, 0xAA, 0x7F, 0x4A, 0xD6, 0x7A, 0x3D, 0xFE,
  0x7E, 0xC9, 0xA6, 0x15, 0xCB, 0xE1, 0xDA, 0xC0, 0xAD, 0xDD,
  0x19, 0x30, 0xC0, 0x52, 0x54, 0x9E, 0xFA, 0x1E, 0xA2, 0x7F,
  0xC1, 0x54, 0x47, 0xE6, 0x64, 0xE7, 0x4E, 0x78, 0x5D, 0x14,
  0xD4, 0x15, 0xCB, 0xD2, 0x1B, 0xEC, 0xBF, 0x31, 0x21, 0xAE,
  0x1F, 0x46, 0x12, 0x17, 0x1F, 0x7F, 0xE0, 0xFE, 0xBF, 0x22,
  0xF9, 0xE6, 0x01, 0xBD, 0x7C, 0xF8, 0xF4, 0x22, 0xEE, 0xF4,
  0x81, 0xCE, 0x77, 0x79, 0x3F, 0xC9, 0x1F, 0x52, 0xC3, 0x1C,
  0xB8, 0xEE, 0x41, 0xC2, 0xAD, 0xAE, 0x87, 0x25, 0x2D, 0xB2,
  0x40, 0xCC, 0xB4, 0xEE, 0x0E, 0x65, 0x63, 0x25, 0x7F, 0x43,
  0x00, 0x1F, 0x18, 0x44, 0x1B, 0xFF, 0x16, 0x2E, 0x19, 0x5C,
  0x33, 0xC1, 0x81, 0x23, 0xEA, 0x1C, 0xF5, 0xAB, 0xEB, 0xD9,
  0xCE, 0xE8, 0xE8, 0x14, 0x60, 0x1C, 0xD6, 0x5B, 0xFA, 0x88,
  0x81, 0x82, 0xC7, 0x21, 0xA2, 0x2A, 0x4E, 0xE7, 0xD1, 0x0E,
  0xE0, 0xD2, 0x35, 0x7F, 0x22, 0xFD, 0x0F, 0x1D, 0xFB, 0x3D,
  0xD6, 0xF0, 0x0F, 0xFC, 0x10, 0xD0, 0x00, 0xF0, 0xB8, 0x24,
  0xD9, 0x9C, 0x04, 0x48, 0xEA, 0xF7, 0x27, 0xF6, 0x10, 0xDD,
  0x0A, 0x44, 0xDF, 0xEB, 0xCD, 0xE5, 0x45, 0xF6, 0x34, 0x93,
  0x98, 0x7F, 0xC2, 0xA5, 0x0B, 0xCB, 0xCE, 0x51, 0xDB, 0xC1,
  0x7F, 0x2B, 0x3C, 0x46, 0x1E, 0xE2, 0xAA, 0x35, 0x32, 0x30,
  0xFF, 0x32, 0xE3, 0x03, 0x9A, 0xB7, 0xF1, 0x7F, 0xFE, 0x24,
  0x9C, 0x41, 0x01, 0x4C, 0x30, 0x0A, 0x29, 0x3F, 0xE0, 0xA4,
  0xC5, 0x03, 0x5C, 0xB2, 0xEB, 0x42, 0xB3, 0xF6, 0xB4, 0x03,
  0x6A, 0x12, 0x37, 0x21, 0xFB, 0xD7, 0xDF, 0xD4, 0x57, 0xA6,
  0x58, 0xD3, 0xCD, 0x1E, 0x7F, 0xF0, 0x3C, 0x64, 0xF7, 0xA9,
  0x36, 0xA9, 0xFD, 0xEB, 0x52, 0xFF, 0x81, 0x19, 0xEF, 0x05,
  0x35, 0x31, 0x4F, 0x2E, 0x22, 0xBD, 0x19, 0xE3, 0x3C, 0x2E,
  0xE9, 0x7F, 0xEA, 0xBE, 0x51, 0xE3, 0x43, 0xE9, 0xD5, 0xE1,
  0xB0, 0xFC, 0x02, 0xE6, 0x04, 0xD6, 0xCD, 0xBE, 0x55, 0xF0,
  0x7F, 0x06, 0x93, 0xF0, 0x0C, 0x70, 0x2F, 0x5B, 0xA7, 0x13,
  0xDD, 0x18, 0xB8, 0xF4, 0x39, 0xEF, 0x81, 0x76, 0xA2, 0xCF,
  0xB1, 0xCD, 0xD6, 0xED, 0xCB, 0xC4, 0xD8, 0x0D, 0xD4, 0x29,
  0xDF, 0x09, 0xFE, 0xB1, 0x4C, 0x04, 0x81, 0x22, 0x5D, 0xA7,
  0xF6, 0xCF, 0x37, 0x81, 0xB6, 0xEA, 0x08, 0x2B, 0x3B, 0x2F,
  0x02, 0x0A, 0xFD, 0x6D, 0xE6, 0x1B, 0x0A, 0x05, 0x23, 0xDC,
  0x1A, 0xF8, 0x00, 0x3B, 0x3F, 0xB8, 0xCB, 0xF4, 0x32, 0xEA,
  0x77, 0x70, 0x3E, 0x28, 0xAC, 0x77, 0x81, 0xC6, 0x43, 0x1F,
  0xD4, 0xD1, 0x0E, 0x52, 0x31, 0x7F, 0x3B, 0xF7, 0x33, 0x16,
  0xB6, 0x5A, 0xF9, 0xCB, 0xC8, 0x35, 0xF7, 0x36, 0x32, 0x3C,
  0xFF, 0x41, 0xEB, 0xBF, 0x11, 0xC9, 0xEC, 0x81, 0xF2, 0xCD,
  0xA3, 0x2A, 0x27, 0x1D, 0x4A, 0xCE, 0x20, 0xDD, 0x67, 0x36,
  0x26, 0x3A, 0x1C, 0x02, 0xE7, 0xC5, 0x31, 0x58, 0x30, 0xE7,
  0x4B, 0x7F, 0xFF, 0xF9, 0x1E, 0x07, 0xE4, 0x14, 0x3C, 0xC2,
  0xFB, 0xF4, 0x01, 0x17, 0xC9, 0x2C, 0x35, 0x00, 0xD6, 0x25,
  0xE0, 0xCD, 0x43, 0xDC, 0x12, 0xE1, 0x24, 0x50, 0xD4, 0x06,
  0x2C, 0x81, 0xA1, 0xBF, 0x01, 0xE9, 0xCA, 0xB2, 0xFF, 0xFF,
  0x04, 0x00, 0x00, 0x00, 0x80, 0x00, 0x00, 0x00, 0x46, 0xFA,
  0xFF, 0xFF, 0xAA, 0xFA, 0xFF, 0xFF, 0x80, 0xF9, 0xFF, 0xFF,
  0xBB, 0xF8, 0xFF, 0xFF, 0xFA, 0xFE, 0xFF, 0xFF, 0x30, 0xFC,
  0xFF, 0xFF, 0x8C, 0xF3, 0xFF, 0xFF, 0xA7, 0xFA, 0xFF, 0xFF,
  0x86, 0xFB, 0xFF, 0xFF, 0x29, 0xF8, 0xFF, 0xFF, 0x30, 0xFC,
  0xFF, 0xFF, 0xE7, 0xF5, 0xFF, 0xFF, 0x47, 0xFC, 0xFF, 0xFF,
  0xF1, 0xF6, 0xFF, 0xFF, 0xC0, 0x00, 0x00, 0x00, 0x60, 0xF4,
  0xFF, 0xFF, 0xD8, 0xF6, 0xFF, 0xFF, 0x63, 0xFF, 0xFF, 0xFF,
  0x74, 0xFF, 0xFF, 0xFF, 0x19, 0xFF, 0xFF, 0xFF, 0xFB, 0xEF,
  0xFF, 0xFF, 0x99, 0xFD, 0xFF, 0xFF, 0x8B, 0xFA, 0xFF, 0xFF,
  0x93, 0xF3, 0xFF, 0xFF, 0x47, 0xFE, 0xFF, 0xFF, 0x29, 0xEE,
  0xFF, 0xFF, 0xDB, 0xF4, 0xFF, 0xFF, 0xAF, 0xFF, 0xFF, 0xFF,
  0x8C, 0xFC, 0xFF, 0xFF, 0xDC, 0xFD, 0xFF, 0xFF, 0x2B, 0xFC,
  0xFF, 0xFF, 0xE9, 0xF6, 0xFF, 0xFF, 0x56, 0xB3, 0xFF, 0xFF,
  0x04, 0x00, 0x00, 0x00, 0x00, 0x38, 0x00, 0x00, 0x4D, 0x0A,
  0xDC, 0xE9, 0x2D, 0xD5, 0xD5, 0x0E, 0xE0, 0x26, 0xF3, 0xC9,
  0xDA, 0xFC, 0xD6, 0x3B, 0xEA, 0x20, 0x00, 0xB8, 0xE5, 0x27,
  0x42, 0xED, 0x00, 0x13, 0xE7, 0xFF, 0xBD, 0x1B, 0x07, 0xFE,
  0x2E, 0xEB, 0x01, 0x0D, 0x13, 0x17, 0xEF, 0x40, 0xE8, 0xF9,
  0x0B, 0xDF, 0xDF, 0x20, 0xEB, 0x43, 0x2C, 0x29, 0x17, 0xE7,
  0x0D, 0xF9, 0x23, 0xE9, 0xD7, 0xF5, 0xD7, 0x0D, 0x01, 0xFD,
  0x18, 0x01, 0x06, 0xF8, 0xD7, 0x01, 0xED, 0xFC, 0xF0, 0xF8,
  0xFD, 0x05, 0x11, 0x50, 0x31, 0x0F, 0x4C, 0x17, 0x0D, 0x41,
  0xDE, 0x0D, 0x10, 0x06, 0x0A, 0x14, 0x0E, 0x1C, 0x09, 0xFA,
  0x24, 0x0E, 0x07, 0x05, 0x50, 0x04, 0xDE, 0xF4, 0x0B, 0xE7,
  0x05, 0xC4, 0xE8, 0x0E, 0xF5, 0xE1, 0xF1, 0xEC, 0x28, 0x26,
  0xFC, 0xF1, 0xDD, 0xFE, 0xCB, 0xDE, 0xF4, 0x0E, 0xBF, 0xFF,
  0x11, 0x1A, 0xB3, 0x1B, 0x0F, 0x1E, 0xF2, 0xE3, 0xE3, 0xFA,
  0x1E, 0xE8, 0xCA, 0xFF, 0xDD, 0xDC, 0x27, 0xE3, 0xDC, 0xF7,
  0x12, 0x13, 0x06, 0xF0, 0x25, 0x08, 0xF2, 0x03, 0x08, 0xFD,
  0x2B, 0x00, 0xDE, 0x11, 0xD2, 0x02, 0x01, 0x12, 0xD0, 0xDD,
  0x2A, 0xBE, 0xE3, 0xD1, 0xD2, 0x33, 0xFF, 0x10, 0xED, 0xCB,
  0xD3, 0x0E, 0xE2, 0x36, 0x0C, 0x7F, 0x24, 0xE7, 0x27, 0x21,
  0x0D, 0xF0, 0x33, 0xDE, 0xEA, 0xD6, 0xED, 0x1C, 0xCB, 0xD3,
  0xDA, 0x1C, 0xF9, 0x00, 0x01, 0x1A, 0x07, 0x38, 0xDF, 0xF2,
  0xE7, 0xFD, 0xE6, 0x07, 0xEA, 0x01, 0xF8, 0x29, 0x08, 0xC5,
  0x07, 0x17, 0x23, 0x42, 0x0B, 0xE4, 0xD7, 0xEC, 0x01, 0x24,
  0x11, 0xE2, 0x00, 0xFB, 0xEB, 0x15, 0xED, 0xD7, 0x43, 0x17,
  0xE3, 0x23, 0xC8, 0xCE, 0xDB, 0x04, 0xFB, 0xF1, 0x0F, 0x08,
  0xFA, 0x06, 0xC9, 0xD3, 0xDC, 0x08, 0xDD, 0x1F, 0xF9, 0x1B,
  0x3D, 0xF8, 0x1E, 0x49, 0xFC, 0xF4, 0x33, 0x2B, 0x15, 0xF0,
  0x4C, 0x4C, 0xD7, 0x52, 0xFD, 0xE9, 0xCC, 0xD9, 0xD6, 0x04,
  0x13, 0x41, 0xF5, 0x1A, 0xCA, 0xDE, 0xF7, 0xEB, 0xE3, 0x23,
  0xEF, 0xF8, 0x1B, 0xE9, 0xFE, 0x1E, 0x0D, 0xFD, 0x0A, 0x38,
  0x4F, 0xF6, 0xED, 0x08, 0xF4, 0x45, 0xA0, 0x04, 0x0C, 0xF0,
  0x19, 0x19, 0x17, 0x2A, 0x1C, 0x04, 0x13, 0xED, 0x11, 0x3E,
  0xAD, 0x18, 0x15, 0xFB, 0x3A, 0x1D, 0x1D, 0xF3, 0x06, 0xE7,
  0xF2, 0x18, 0x3B, 0xF9, 0xEB, 0x38, 0x02, 0xDC, 0x9F, 0x02,
  0xFF, 0x0F, 0x29, 0x04, 0x4A, 0xE2, 0x2C, 0xFF, 0xF3, 0x1E,
  0xF3, 0x27, 0xD8, 0xF6, 0x24, 0xEB, 0x48, 0x2E, 0xF6, 0x14,
  0xFA, 0xCD, 0x0B, 0xEB, 0x1F, 0x08, 0x47, 0x26, 0xEC, 0xF7,
  0xCB, 0x0D, 0xE9, 0xDB, 0xDE, 0xD2, 0x45, 0xF8, 0x2D, 0x31,
  0xB2, 0x02, 0x10, 0xE1, 0xEA, 0xE3, 0x09, 0xF0, 0x14, 0xF6,
  0xC9, 0xF5, 0x0B, 0xE0, 0x3C, 0x18, 0x26, 0x1E, 0x20, 0x29,
  0xF0, 0x05, 0xD8, 0x1E, 0x46, 0xD0, 0xD7, 0xE9, 0x4C, 0xBD,
  0x3D, 0x2D, 0xD0, 0x06, 0x23, 0xF5, 0xDE, 0x03, 0x11, 0xFE,
  0xCE, 0x0E, 0xE4, 0x28, 0x13, 0xEE, 0xD2, 0x04, 0x30, 0xDD,
  0x00, 0xF4, 0xE7, 0xB8, 0xE2, 0xD3, 0x37, 0x1B, 0x0C, 0x15,
  0x3D, 0x81, 0x31, 0x08, 0x1E, 0xF0, 0xFF, 0xEF, 0x00, 0x10,
  0x3A, 0x04, 0x13, 0x41, 0xF5, 0x3A, 0x24, 0x0A, 0xDE, 0x04,
  0x49, 0xEC, 0xD1, 0xDE, 0xBE, 0x11, 0xD4, 0xE6, 0x26, 0xAA,
  0x35, 0x0E, 0xED, 0x11, 0x2C, 0x12, 0xAD, 0xF4, 0x22, 0xD7,
  0xDF, 0x32, 0x12, 0xE2, 0xED, 0x24, 0x1D, 0xE6, 0x00, 0xF2,
  0x10, 0x0B, 0x3E, 0xE7, 0x05, 0xE9, 0xE2, 0x28, 0xBF, 0xF8,
  0x16, 0x3B, 0xCB, 0xF1, 0xD5, 0x19, 0x14, 0x28, 0xE8, 0x04,
  0x57, 0x26, 0x9A, 0x05, 0x1E, 0x11, 0xF0, 0x26, 0x13, 0xDE,
  0xFB, 0x01, 0xE3, 0x3F, 0x3F, 0x23, 0xFD, 0x09, 0x06, 0xEB,
  0xA4, 0xF6, 0xB0, 0x0B, 0x8B, 0xDA, 0x14, 0xEC, 0x40, 0x2F,
  0x9F, 0x20, 0x0F, 0xFB, 0x46, 0xF4, 0xFA, 0x12, 0xC7, 0xF7,
  0xF0, 0x2F, 0xEE, 0x17, 0x16, 0x57, 0x34, 0xFD, 0xFB, 0xFE,
  0x2A, 0xF2, 0x98, 0x09, 0x32, 0xE9, 0xE2, 0xC8, 0x35, 0xBA,
  0x2B, 0x0D, 0xAD, 0x1B, 0x1F, 0x1F, 0xFF, 0x12, 0xD6, 0xFF,
  0xCA, 0xE6, 0xEB, 0x2D, 0xB2, 0xCC, 0xEB, 0x4A, 0xE3, 0x14,
  0x14, 0x5A, 0x7F, 0x38, 0xB1, 0x0B, 0x2B, 0x6C, 0xBD, 0xFD,
  0x33, 0xC5, 0x69, 0x2C, 0xD3, 0x21, 0xB9, 0x03, 0xE8, 0x37,
  0x5A, 0x3A, 0x15, 0x17, 0x21, 0x1C, 0x24, 0xE2, 0xF3, 0x38,
  0x20, 0xF4, 0xD3, 0xF7, 0xF7, 0x6B, 0xD6, 0xF4, 0x22, 0xE9,
  0xDE, 0xC9, 0x57, 0x04, 0x40, 0x11, 0xA4, 0xFE, 0xEC, 0x02,
  0xDB, 0x03, 0xED, 0xF6, 0xF0, 0xF4, 0xA5, 0x47, 0xEC, 0x1C,
  0x26, 0x02, 0xEF, 0xDD, 0x28, 0x2B, 0x3D, 0x37, 0x30, 0xD2,
  0xE2, 0x01, 0x07, 0xD4, 0x31, 0xC9, 0x58, 0x11, 0x55, 0xD7,
  0xFE, 0xE5, 0xB1, 0x12, 0x3C, 0x06, 0x25, 0xDD, 0xFC, 0xF6,
  0x31, 0x4A, 0xF8, 0x1F, 0x04, 0x0E, 0x61, 0xF1, 0xD8, 0xE1,
  0xB4, 0x37, 0xDF, 0x0E, 0xF9, 0x28, 0x16, 0x31, 0xCF, 0x37,
  0x2E, 0xA5, 0xFB, 0x02, 0xCC, 0x0B, 0x31, 0xE3, 0xCF, 0x06,
  0x5D, 0x02, 0x2E, 0x3A, 0x57, 0x07, 0xEE, 0xCE, 0x42, 0x81,
  0xB5, 0xE7, 0xE0, 0x0D, 0xFB, 0xE5, 0x06, 0xD1, 0x00, 0xD6,
  0x32, 0x48, 0x4C, 0x24, 0x01, 0xE3, 0xF4, 0xB5, 0x28, 0x2B,
  0x05, 0x04, 0x28, 0x3E, 0xE1, 0x1E, 0x65, 0xC9, 0x08, 0xEC,
  0x34, 0xD5, 0x18, 0xDF, 0xD3, 0xFD, 0xD5, 0x43, 0xC7, 0x00,
  0xED, 0xCF, 0xE6, 0x04, 0x14, 0x2F, 0x19, 0xB1, 0xD2, 0xC7,
  0x1A, 0x1B, 0xE6, 0xF3, 0x0D, 0x0E, 0xEE, 0x06, 0x00, 0xE8,
  0x07, 0x3F, 0xFE, 0xEA, 0x2C, 0xDA, 0xF8, 0xFF, 0x9F, 0x13,
  0xB4, 0x0D, 0x28, 0xFF, 0xB2, 0x34, 0xF2, 0xF8, 0xF3, 0x1A,
  0xDB, 0xB6, 0xE1, 0x32, 0xCF, 0xBB, 0x34, 0x0C, 0x04, 0x49,
  0xC0, 0xE9, 0x2B, 0xEF, 0xCA, 0x3D, 0x27, 0xCC, 0xE9, 0x11,
  0x44, 0xFB, 0xD9, 0xBD, 0x20, 0xB2, 0xE0, 0xEE, 0xF4, 0x1A,
  0xD1, 0x0E, 0x07, 0xD1, 0xD0, 0x1F, 0x05, 0x2A, 0x46, 0x7E,
  0xC3, 0x57, 0x2C, 0xF0, 0xA5, 0x06, 0x09, 0x40, 0x1F, 0x14,
  0x08, 0x30, 0xC3, 0x0F, 0xDA, 0x1C, 0x20, 0xD9, 0x46, 0x52,
  0x4F, 0x10, 0x0A, 0x00, 0xFD, 0xC9, 0x36, 0x01, 0x12, 0x31,
  0x35, 0xEF, 0x19, 0xF7, 0xDC, 0x43, 0xF5, 0xD8, 0xDF, 0x94,
  0xE6, 0x03, 0xE9, 0xDE, 0x18, 0xF5, 0x33, 0xE1, 0xDD, 0x75,
  0xE3, 0x3B, 0x27, 0xFE, 0x64, 0x14, 0xA5, 0x48, 0xF5, 0xDE,
  0xFA, 0xDF, 0x54, 0x07, 0x42, 0x24, 0xBB, 0x0E, 0x0D, 0x15,
  0x24, 0xCF, 0xFA, 0xD5, 0x22, 0x03, 0x3C, 0xDA, 0xE9, 0x50,
  0x04, 0x25, 0x30, 0x09, 0x17, 0x40, 0xED, 0xFD, 0x0B, 0xE7,
  0xF5, 0x23, 0xDC, 0xFF, 0xFA, 0xCD, 0x0C, 0x10, 0xB8, 0x13,
  0x1E, 0xE4, 0x39, 0xF2, 0xBD, 0x2A, 0xCC, 0x02, 0x0B, 0x02,
  0xE2, 0xFA, 0x28, 0xFB, 0xE0, 0x0A, 0x06, 0xF7, 0xD3, 0x40,
  0xED, 0x06, 0x0E, 0x34, 0xED, 0x19, 0x02, 0xFC, 0x2F, 0xE2,
  0xF5, 0x13, 0x19, 0x0D, 0x57, 0xFB, 0xC7, 0x3D, 0xDB, 0x06,
  0x1F, 0x40, 0xFD, 0xFD, 0x26, 0x0B, 0x2A, 0xCF, 0xFF, 0xA8,
  0xD1, 0xE3, 0xA4, 0x0C, 0xE6, 0xFA, 0xE0, 0x28, 0xF6, 0x25,
  0x02, 0xFB, 0xF1, 0x18, 0x08, 0x1E, 0x3D, 0x25, 0x0C, 0x39,
  0x12, 0x05, 0xCA, 0x28, 0xFC, 0x40, 0x1A, 0x17, 0x29, 0x23,
  0xE2, 0xA2, 0x14, 0x00, 0xDA, 0xEE, 0xEF, 0x10, 0xF5, 0xF7,
  0x1E, 0x16, 0xEE, 0xD8, 0x06, 0xEE, 0x2C, 0x0E, 0x1D, 0x43,
  0x2C, 0xEE, 0x04, 0x26, 0x14, 0xE0, 0xFB, 0x36, 0xC6, 0xF3,
  0x62, 0x1A, 0xDC, 0x23, 0x34, 0xDA, 0xDB, 0xCE, 0x08, 0xD4,
  0xD0, 0x12, 0xF1, 0xE4, 0x0E, 0x28, 0x09, 0xE6, 0x1D, 0xF7,
  0x06, 0xD5, 0xD9, 0x1A, 0xF6, 0xF9, 0x37, 0x98, 0x07, 0x38,
  0xE5, 0xE3, 0x3C, 0x18, 0xE0, 0x34, 0x30, 0x08, 0x44, 0x05,
  0xEE, 0xC3, 0x27, 0xF3, 0xFB, 0xA9, 0x26, 0xF0, 0xEE, 0x01,
  0x04, 0xEB, 0x05, 0xCF, 0xC0, 0xF8, 0xC6, 0x00, 0x09, 0x91,
  0xE7, 0x21, 0x04, 0xF4, 0x42, 0xF2, 0x09, 0xF1, 0xF6, 0xF1,
  0x14, 0x09, 0x81, 0xE5, 0x34, 0xCD, 0xDA, 0x01, 0xF7, 0x22,
  0x0D, 0xEF, 0xE4, 0x19, 0x2B, 0x12, 0xEE, 0xD2, 0x25, 0xBB,
  0x41, 0xD0, 0xC9, 0x34, 0x36, 0x8A, 0x3F, 0x42, 0xF3, 0xFB,
  0x03, 0xF3, 0x11, 0xC6, 0xDC, 0xD4, 0x35, 0xBE, 0x27, 0xC5,
  0xF8, 0x40, 0x17, 0xC6, 0xAC, 0xE1, 0x4B, 0x11, 0xFB, 0xF7,
  0xE0, 0xC3, 0x1B, 0xED, 0xC7, 0x38, 0x00, 0x81, 0x10, 0x5F,
  0x02, 0x04, 0xD4, 0x2A, 0x09, 0xF1, 0xD7, 0xFB, 0x1F, 0xF1,
  0x02, 0x4F, 0xB5, 0x09, 0xFF, 0xB8, 0xD6, 0xD6, 0x3B, 0x0C,
  0x38, 0xEC, 0xC5, 0x09, 0xFB, 0x08, 0xD6, 0x3A, 0x2B, 0xB8,
  0xF8, 0xF8, 0x0E, 0x05, 0x1B, 0xFF, 0x0D, 0xE8, 0xF8, 0x1E,
  0x13, 0x2C, 0x0F, 0x39, 0xFD, 0x21, 0xEA, 0x4F, 0xE8, 0x0C,
  0x5D, 0x3C, 0x1A, 0x05, 0xF6, 0xE4, 0xFC, 0x17, 0x16, 0x7C,
  0x18, 0x0A, 0xA5, 0x16, 0x2D, 0x14, 0x03, 0x37, 0x25, 0xF4,
  0x05, 0x1C, 0xDC, 0x4D, 0xE3, 0x33, 0x50, 0x2A, 0xD5, 0x25,
  0xE7, 0xF8, 0xF7, 0x10, 0xAE, 0x10, 0x3A, 0x2C, 0x21, 0xEE,
  0x2D, 0x0E, 0x19, 0xE7, 0x9D, 0x10, 0x5C, 0x2B, 0xD9, 0x18,
  0xF5, 0xE5, 0x01, 0x17, 0x2E, 0x31, 0xD3, 0x41, 0x0E, 0x20,
  0x0E, 0xD3, 0x1C, 0xFB, 0xFF, 0xD6, 0xBA, 0xD4, 0x10, 0x31,
  0x03, 0x4B, 0x44, 0x24, 0xF5, 0x20, 0xB7, 0x2B, 0x04, 0x42,
  0xB7, 0x20, 0xF1, 0x17, 0x7B, 0xF0, 0x1D, 0xE8, 0xD2, 0x29,
  0x0B, 0x37, 0xDF, 0xF2, 0x07, 0xFC, 0xE3, 0xF8, 0xCF, 0xDD,
  0xD0, 0x0A, 0xFD, 0x09, 0x0F, 0x32, 0xEC, 0x0A, 0xF8, 0x15,
  0x37, 0x34, 0xBA, 0x0C, 0xFB, 0xE7, 0x31, 0xD8, 0x00, 0x13,
  0xCC, 0xC6, 0xBF, 0x05, 0xD5, 0xB6, 0xC0, 0xBA, 0xE6, 0x4C,
  0xFC, 0xFB, 0x08, 0xBF, 0x24, 0xD8, 0xAA, 0x3A, 0x15, 0xA8,
  0xF6, 0x28, 0xC2, 0xD3, 0xFD, 0x3C, 0x20, 0xFB, 0x2E, 0x00,
  0x03, 0xF4, 0x1F, 0x4B, 0xD2, 0xF3, 0x22, 0x1F, 0xE2, 0x11,
  0x5B, 0x18, 0x22, 0x0E, 0x1E, 0xE1, 0x17, 0xF0, 0xD3, 0x4A,
  0xE4, 0xCD, 0x20, 0x01, 0x0D, 0xF3, 0x17, 0xFF, 0x20, 0x0D,
  0xFB, 0xCA, 0xF6, 0xF2, 0x52, 0xE2, 0x10, 0xE3, 0xFC, 0x2A,
  0xDC, 0x0F, 0x0A, 0x2E, 0xCF, 0xFF, 0xE7, 0x08, 0x19, 0x08,
  0xBE, 0x7D, 0x0D, 0xBC, 0xC5, 0x30, 0xDC, 0xE4, 0xBD, 0x45,
  0x0E, 0x27, 0xEC, 0x62, 0xE3, 0x16, 0xDD, 0x43, 0xCB, 0x23,
  0x06, 0xC5, 0xB9, 0xD2, 0x4F, 0x0D, 0xFD, 0xEF, 0xF1, 0x1B,
  0x46, 0x27, 0x33, 0x11, 0xF4, 0xE8, 0xDA, 0x35, 0x02, 0x46,
  0xC9, 0x10, 0x31, 0xD7, 0x7F, 0x22, 0x3B, 0x21, 0x26, 0x6F,
  0x32, 0x29, 0x0C, 0x62, 0x01, 0x37, 0x0B, 0xC0, 0xD0, 0x0D,
  0xF4, 0x02, 0x20, 0x3B, 0x14, 0x20, 0xF9, 0x4C, 0xF4, 0x4E,
  0x1C, 0x2E, 0x07, 0x35, 0x42, 0x2B, 0xED, 0xFF, 0xFA, 0xF4,
  0xF1, 0x0B, 0x50, 0xF6, 0xCE, 0xF2, 0x12, 0x29, 0xF1, 0xFF,
  0x91, 0xDF, 0x14, 0x16, 0x0B, 0xDF, 0x04, 0x30, 0xFF, 0xE2,
  0xD1, 0x02, 0x3D, 0x08, 0xC8, 0x20, 0xCB, 0xF2, 0x32, 0xEF,
  0xF3, 0x08, 0xD3, 0xF4, 0xDC, 0x30, 0x08, 0xDE, 0xE7, 0xE3,
  0xFF, 0x1E, 0xD0, 0xCB, 0xBF, 0x03, 0x4B, 0xDE, 0x24, 0x05,
  0x06, 0x0D, 0xD5, 0x17, 0x57, 0x27, 0xC8, 0xC1, 0xFF, 0x0D,
  0x3A, 0xD9, 0x18, 0xD3, 0xDD, 0xBF, 0x46, 0xF9, 0x3C, 0x36,
  0x23, 0x13, 0x0D, 0xE8, 0xCE, 0x03, 0xAF, 0x20, 0x5E, 0x0B,
  0x15, 0xDC, 0xF8, 0x08, 0x0F, 0xC8, 0x44, 0xF3, 0xFE, 0x0F,
  0x14, 0x2E, 0x70, 0x15, 0xE2, 0x37, 0x0D, 0x30, 0x0F, 0xFF,
  0x09, 0x13, 0x0F, 0xE3, 0xF9, 0xC0, 0x18, 0x06, 0x00, 0xFD,
  0x69, 0x22, 0x2A, 0x03, 0x32, 0xF8, 0x23, 0xBE, 0x32, 0xE1,
  0x2E, 0x03, 0x11, 0xFA, 0x7F, 0x35, 0xEE, 0x2F, 0xB7, 0x15,
  0xDC, 0xE1, 0x17, 0xF4, 0xD1, 0xD0, 0x0E, 0xCD, 0x24, 0x16,
  0x30, 0xC4, 0x25, 0xF4, 0x06, 0xE0, 0xFE, 0x03, 0xBE, 0xCF,
  0xF7, 0x03, 0xF0, 0xEC, 0x2E, 0x02, 0x3B, 0xF2, 0xE3, 0x17,
  0xDF, 0x04, 0xD5, 0xD0, 0x06, 0xD8, 0x9D, 0xC4, 0x13, 0xF2,
  0xF5, 0xEE, 0x38, 0xD1, 0x2C, 0xBE, 0x08, 0xE2, 0xCE, 0x0C,
  0xE4, 0xD4, 0xE7, 0xF2, 0xB2, 0xC4, 0x10, 0xE6, 0x06, 0xD6,
  0xF7, 0x1B, 0xD3, 0x06, 0xC4, 0xD4, 0x2B, 0x19, 0xD6, 0xE6,
  0x32, 0x05, 0xD8, 0xFC, 0x22, 0xCF, 0xED, 0xB4, 0x2C, 0x14,
  0xD8, 0xDA, 0x0F, 0xE9, 0xF4, 0xF7, 0xAA, 0x04, 0xDC, 0xE6,
  0xC9, 0xCE, 0x04, 0xFC, 0x03, 0xE2, 0xDF, 0xF3, 0x08, 0x04,
  0x24, 0x08, 0x19, 0x25, 0xD8, 0xFA, 0x47, 0xE8, 0xF4, 0x09,
  0x2D, 0x2A, 0xD0, 0x11, 0x34, 0xF5, 0x03, 0x17, 0xBE, 0x2C,
  0xDE, 0xEF, 0xB5, 0xEA, 0x2B, 0xED, 0x37, 0xCA, 0x05, 0x0C,
  0xEB, 0x1B, 0x40, 0x0D, 0x0E, 0x57, 0xE4, 0xEF, 0x5F, 0x21,
  0x08, 0x13, 0x38, 0x4F, 0xEF, 0x10, 0x40, 0x22, 0x13, 0xE5,
  0x1E, 0x40, 0xE5, 0xEC, 0x07, 0x23, 0x55, 0x01, 0x34, 0xF3,
  0xCE, 0xB8, 0xC8, 0x23, 0xF0, 0x15, 0xC4, 0xEF, 0x5F, 0x29,
  0x0D, 0xE8, 0xF2, 0xF4, 0xEA, 0x88, 0x45, 0x39, 0xC7, 0x04,
  0xBA, 0x0B, 0xC5, 0x4F, 0x40, 0x11, 0x21, 0x05, 0x27, 0x48,
  0xBB, 0xF7, 0x3C, 0xDA, 0xFA, 0x38, 0x39, 0x1B, 0x86, 0xFC,
  0x12, 0x23, 0xE0, 0xFC, 0x4A, 0x55, 0x2E, 0xF5, 0x14, 0x42,
  0x3E, 0xB1, 0x07, 0x4B, 0xF5, 0x26, 0x2A, 0x02, 0x36, 0xCF,
  0xD0, 0x0E, 0xE8, 0xBD, 0x17, 0x9B, 0x12, 0x09, 0x09, 0x14,
  0xED, 0xDF, 0x24, 0xF5, 0xC8, 0x50, 0x23, 0xEA, 0xD6, 0xBC,
  0xC4, 0xFC, 0x6E, 0xC2, 0x23, 0x2F, 0xF7, 0xFB, 0xDD, 0xBA,
  0xFB, 0x2B, 0x8F, 0x55, 0xA6, 0x02, 0x97, 0xD5, 0x00, 0x0D,
  0x28, 0x01, 0x4A, 0xF8, 0x7F, 0x16, 0x29, 0xD0, 0x29, 0x34,
  0xF8, 0xD0, 0x95, 0x30, 0x1D, 0xAA, 0x17, 0x29, 0x3D, 0xF5,
  0xD4, 0x0A, 0x3D, 0x30, 0x27, 0x1C, 0xE3, 0x07, 0xBA, 0xC0,
  0x23, 0x14, 0xFE, 0xEF, 0xEF, 0x01, 0xF6, 0xF2, 0x7A, 0xD1,
  0x24, 0xED, 0xED, 0xFB, 0xCB, 0xF5, 0xB7, 0xD5, 0xE1, 0xF1,
  0x1B, 0xC7, 0x1C, 0x92, 0x26, 0xE3, 0x4E, 0x7E, 0x17, 0x17,
  0xE2, 0xAF, 0xEF, 0x36, 0xFC, 0xC3, 0xE9, 0xEC, 0x23, 0x58,
  0x5A, 0xC1, 0x21, 0xCE, 0xE1, 0xB1, 0xD0, 0x49, 0xDF, 0xC2,
  0xD3, 0x22, 0x96, 0x46, 0xEC, 0x24, 0x9F, 0xCF, 0xF6, 0x13,
  0xD5, 0xFD, 0xDF, 0xFE, 0xF3, 0x06, 0xCF, 0xF5, 0xC1, 0x37,
  0xDF, 0x3D, 0x67, 0xEE, 0x21, 0xFF, 0x13, 0xF5, 0xF2, 0x3E,
  0x0E, 0x37, 0xEF, 0xDD, 0xCF, 0x31, 0xEA, 0x08, 0x00, 0x20,
  0x04, 0x31, 0x44, 0xF5, 0x34, 0xFF, 0xF6, 0x12, 0x08, 0x27,
  0x27, 0x1F, 0xDA, 0x08, 0xBE, 0x31, 0xFA, 0x13, 0x0D, 0xDB,
  0xFE, 0x1A, 0x09, 0xED, 0x20, 0x1B, 0x1C, 0x43, 0x19, 0x1C,
  0x5B, 0x29, 0xDC, 0x37, 0xD1, 0x3F, 0x2C, 0xDD, 0x20, 0x07,
  0x04, 0xF0, 0x04, 0xC0, 0xFE, 0x2A, 0xAE, 0x14, 0x02, 0x08,
  0x45, 0xEA, 0x11, 0x07, 0xDB, 0xCD, 0x30, 0x2A, 0x35, 0x0D,
  0x09, 0x01, 0x7F, 0xE2, 0xDA, 0x35, 0xD1, 0x2E, 0xFE, 0xF4,
  0x33, 0x15, 0x20, 0xFB, 0xFD, 0xCA, 0xDE, 0xD3, 0x18, 0x0A,
  0x1C, 0x17, 0x23, 0xF5, 0xED, 0x54, 0xD3, 0xDE, 0x29, 0x24,
  0x1C, 0x01, 0x1A, 0x03, 0x44, 0xEE, 0xD3, 0x12, 0xB0, 0x03,
  0xF2, 0xED, 0xEE, 0xF8, 0xF6, 0xFA, 0xEB, 0xC6, 0xE8, 0xE1,
  0x16, 0xD6, 0x17, 0xD7, 0x34, 0xD8, 0xE2, 0xD4, 0xEB, 0xC0,
  0x13, 0xFC, 0xCB, 0xDF, 0xF9, 0xB2, 0x43, 0xD0, 0xEF, 0x27,
  0xDA, 0xC9, 0xBD, 0xDF, 0x18, 0x12, 0xCF, 0xCE, 0x06, 0x0A,
  0xE7, 0xF8, 0x12, 0xC1, 0x38, 0xF1, 0x38, 0x24, 0xD4, 0xE4,
  0x33, 0xE3, 0x2A, 0xF9, 0x05, 0xE4, 0xE4, 0x21, 0x1D, 0xC8,
  0x0A, 0x1A, 0x01, 0xB9, 0xC5, 0xC1, 0xF4, 0xD5, 0xEE, 0xC1,
  0x41, 0x1B, 0xD6, 0xF7, 0x40, 0xE3, 0xE3, 0xE1, 0x10, 0x0F,
  0xC3, 0xA6, 0x54, 0xF4, 0xFD, 0xE1, 0xFA, 0x05, 0x1B, 0xCB,
  0xCC, 0xF1, 0x1F, 0x37, 0x40, 0xD1, 0xD4, 0xCB, 0x01, 0x14,
  0xF8, 0xEE, 0x4F, 0x0E, 0x17, 0x09, 0x44, 0xD3, 0xFA, 0x0A,
  0x02, 0x25, 0xE7, 0xAE, 0x2E, 0x32, 0xD5, 0xFA, 0xF7, 0xEC,
  0x48, 0xF2, 0xE3, 0x07, 0x32, 0x39, 0x36, 0x31, 0xCA, 0x13,
  0xF1, 0xDA, 0x08, 0xF8, 0x3B, 0xE4, 0x00, 0xD1, 0xD4, 0x4D,
  0x45, 0xFB, 0x0C, 0x2E, 0xA6, 0x14, 0x17, 0x18, 0xCF, 0xAF,
  0xE8, 0xF3, 0x0F, 0xE9, 0x06, 0xEB, 0x30, 0xFF, 0x36, 0xFB,
  0xF6, 0x06, 0x09, 0xB9, 0x3C, 0xD9, 0x11, 0xAF, 0x58, 0xFF,
  0xDD, 0xEF, 0x0E, 0x4C, 0x11, 0xE6, 0x81, 0x16, 0xE2, 0x24,
  0xF2, 0x99, 0x1A, 0x1F, 0xF8, 0xC1, 0x1A, 0x02, 0xF3, 0x00,
  0x2A, 0xEC, 0x06, 0xEA, 0x40, 0xE8, 0xFF, 0xE4, 0xFB, 0xD9,
  0x3C, 0xCC, 0xF5, 0xEA, 0xE2, 0x16, 0x21, 0x08, 0xB4, 0xAA,
  0x2D, 0x31, 0x05, 0xC5, 0xD1, 0xBD, 0xEF, 0xE8, 0xDB, 0x02,
  0xDA, 0x00, 0x20, 0x10, 0xFC, 0xE3, 0x41, 0xD9, 0xF2, 0xE8,
  0x10, 0x15, 0x3F, 0xC9, 0xF5, 0x03, 0xF9, 0xF8, 0xE4, 0xFD,
  0xA3, 0xB3, 0x1F, 0x1C, 0xF1, 0xA7, 0xCB, 0xF2, 0xFC, 0xDB,
  0xEE, 0xEE, 0xE8, 0xFC, 0x42, 0x26, 0xEB, 0x03, 0x43, 0xF2,
  0xE8, 0xEB, 0x07, 0xA7, 0x3A, 0xD3, 0xEC, 0xF4, 0xFA, 0x33,
  0xD8, 0xFD, 0xDA, 0xB9, 0xE7, 0xDD, 0x2F, 0xA3, 0x1E, 0xC2,
  0xD8, 0xBC, 0x15, 0x12, 0xF6, 0x24, 0x4B, 0x26, 0xE7, 0xE9,
  0xE8, 0xC6, 0x00, 0xEB, 0xE9, 0xD1, 0x4E, 0x05, 0xE1, 0xC4,
  0xCF, 0xFF, 0xC4, 0x09, 0xCA, 0xDE, 0x24, 0x16, 0xFC, 0xC8,
  0x19, 0xE1, 0xF6, 0x05, 0xF5, 0x2F, 0xE2, 0x0A, 0x45, 0xE7,
  0x13, 0xDF, 0x0A, 0xDE, 0xEA, 0x18, 0xFF, 0xE0, 0x2E, 0xAC,
  0x1A, 0xE5, 0x4A, 0x0B, 0x05, 0x07, 0xCC, 0xD8, 0x07, 0x33,
  0xD6, 0xF5, 0x18, 0xC8, 0x2A, 0x11, 0xCB, 0xE2, 0xFD, 0x12,
  0x58, 0x15, 0xC4, 0x4D, 0xF9, 0x02, 0xE9, 0x19, 0xEA, 0x37,
  0x2B, 0x4B, 0x28, 0x05, 0xF2, 0xE6, 0x11, 0xB2, 0x32, 0xD5,
  0x24, 0x36, 0x68, 0x11, 0xEC, 0xFA, 0xD7, 0xD8, 0xF9, 0xFE,
  0xDA, 0x11, 0x07, 0x09, 0xAB, 0x2C, 0xC2, 0x14, 0xDA, 0xFC,
  0x36, 0x49, 0x19, 0x05, 0x0C, 0xF3, 0xFD, 0xF5, 0xFB, 0xCD,
  0x3B, 0xDF, 0xEC, 0x70, 0x56, 0xEF, 0xEA, 0xAC, 0xD5, 0x09,
  0x2D, 0x19, 0x0D, 0x27, 0x2D, 0xB8, 0xC9, 0x24, 0xD7, 0x3D,
  0xF6, 0xD5, 0x37, 0xE1, 0xD7, 0x32, 0xCC, 0xF3, 0x1F, 0xE8,
  0x19, 0xAA, 0x05, 0x09, 0xEA, 0x7F, 0x36, 0xFA, 0x0A, 0xD6,
  0xE3, 0x2A, 0x1C, 0x11, 0x0B, 0x07, 0x33, 0xCF, 0xC1, 0x12,
  0x32, 0xE7, 0x20, 0xCA, 0xD5, 0xBC, 0xFB, 0x0A, 0xD6, 0x03,
  0x00, 0x06, 0x1A, 0xCE, 0x13, 0x39, 0x1D, 0x4A, 0xFF, 0xFB,
  0x07, 0xE1, 0xED, 0xDF, 0x27, 0x15, 0xDC, 0xE5, 0xD6, 0xC9,
  0xE1, 0x39, 0x1B, 0x15, 0x16, 0x01, 0xB5, 0x13, 0x14, 0xF4,
  0xCD, 0x01, 0xAF, 0x1E, 0xF3, 0xBD, 0x12, 0x0F, 0x0F, 0x41,
  0xDA, 0x2A, 0x2E, 0xDE, 0xDD, 0xE3, 0xFF, 0x02, 0xBD, 0xE4,
  0xF6, 0x37, 0x3B, 0x0A, 0x0E, 0x28, 0x51, 0x1F, 0xCC, 0x35,
  0xFF, 0xC8, 0xC9, 0xCD, 0xBB, 0x1A, 0xEA, 0x13, 0x38, 0xB8,
  0xEE, 0xE0, 0xB1, 0x0B, 0x1A, 0xF2, 0x2D, 0xEA, 0xF3, 0x13,
  0xB7, 0xD8, 0x07, 0x16, 0xD7, 0x2D, 0x43, 0x26, 0x2E, 0x42,
  0x0C, 0xE0, 0xE6, 0xF2, 0xE2, 0xCD, 0x2C, 0x06, 0x13, 0xF5,
  0x13, 0xC3, 0xEC, 0xEF, 0xC4, 0xF5, 0x0D, 0xE3, 0x1C, 0xF8,
  0x16, 0x35, 0xEC, 0x05, 0x1C, 0x30, 0xDC, 0xFA, 0x05, 0x2B,
  0x04, 0x04, 0x08, 0x0F, 0x07, 0x1A, 0xC5, 0xF1, 0xD4, 0x02,
  0x04, 0x27, 0x41, 0xB8, 0x2E, 0xFD, 0x11, 0xF7, 0xE2, 0x3B,
  0xA4, 0x36, 0xFD, 0x3C, 0x41, 0x0A, 0xF1, 0x11, 0xEE, 0xCD,
  0xFA, 0x23, 0x06, 0xF4, 0x1F, 0x4F, 0x27, 0x46, 0xCA, 0xEF,
  0xEA, 0x36, 0x09, 0x0B, 0xF6, 0xDD, 0xFD, 0x45, 0x16, 0xEF,
  0xCF, 0x19, 0xBF, 0x0D, 0xE1, 0xFA, 0x3C, 0xEA, 0x4D, 0x30,
  0xC6, 0xDC, 0xF6, 0x38, 0x10, 0x16, 0x13, 0x41, 0xDF, 0xF8,
  0xDB, 0xE8, 0x00, 0x28, 0xF2, 0xFC, 0x48, 0x08, 0x13, 0x34,
  0x09, 0x06, 0xC3, 0xE4, 0xBE, 0x37, 0xD2, 0xFA, 0x21, 0xFF,
  0x20, 0x21, 0xD3, 0xF2, 0x11, 0x09, 0x24, 0xE4, 0xDD, 0x2F,
  0x00, 0x11, 0xBD, 0x03, 0xE3, 0xFA, 0x0E, 0x10, 0x47, 0x31,
  0xE5, 0x0E, 0x08, 0x0E, 0xC0, 0x2B, 0xC0, 0x04, 0xD6, 0x1A,
  0x52, 0xE9, 0xF8, 0xFF, 0xE1, 0xE8, 0xEF, 0x13, 0x5B, 0xE6,
  0xD1, 0x4F, 0x07, 0xEC, 0xE1, 0x11, 0xD4, 0x1D, 0xD7, 0x22,
  0x28, 0xF6, 0xD1, 0xD6, 0xAF, 0x02, 0xC0, 0x23, 0xCD, 0x27,
  0x00, 0x39, 0x07, 0x23, 0x01, 0x15, 0x1D, 0xE7, 0xF9, 0x41,
  0x0D, 0x2F, 0x1A, 0x7F, 0xC2, 0xBF, 0x96, 0x04, 0xEA, 0xE1,
  0xA3, 0xDE, 0x21, 0xFA, 0xF8, 0xD9, 0xE3, 0xF3, 0xD7, 0xFD,
  0xF2, 0x23, 0xE8, 0x36, 0x19, 0xEF, 0xFF, 0x1A, 0xEB, 0x14,
  0x28, 0x00, 0x64, 0x40, 0x25, 0x56, 0xAD, 0xC3, 0x8F, 0x25,
  0x3F, 0xDF, 0xD5, 0x1E, 0x0E, 0xE9, 0x1E, 0xF4, 0x07, 0xDA,
  0x12, 0x13, 0x0C, 0x3B, 0x23, 0x29, 0xE0, 0xD0, 0x24, 0x37,
  0x21, 0xF2, 0xE0, 0xDE, 0xFC, 0x2B, 0x46, 0x37, 0x12, 0x34,
  0xD6, 0x0B, 0xF7, 0x1A, 0xF8, 0xBB, 0xDA, 0x05, 0x1B, 0xCC,
  0xD0, 0xE2, 0x02, 0xED, 0xE2, 0xD9, 0x12, 0x08, 0x18, 0x34,
  0x09, 0xFA, 0xD8, 0xFB, 0xB9, 0x24, 0x12, 0xF3, 0x30, 0x12,
  0x4A, 0x4E, 0x35, 0xF8, 0xA5, 0x19, 0x0C, 0xCB, 0xB9, 0xF6,
  0x2D, 0x1F, 0xF5, 0x00, 0x0D, 0xCE, 0xC5, 0xB1, 0xE1, 0xEE,
  0x24, 0x20, 0xD2, 0xF5, 0xCB, 0xF8, 0xF2, 0x1C, 0x11, 0xE7,
  0x21, 0xF1, 0x4B, 0x29, 0x24, 0xFA, 0xF3, 0xF5, 0x05, 0x01,
  0xDE, 0x02, 0x15, 0xEC, 0xC5, 0xEB, 0x16, 0xE2, 0xF6, 0xF9,
  0xE2, 0xDB, 0x28, 0xFD, 0xFD, 0xE8, 0xF0, 0xE1, 0xB8, 0xDF,
  0x2E, 0xBA, 0xBF, 0xD5, 0xCF, 0xEE, 0x17, 0x09, 0xDA, 0x2B,
  0xD0, 0xC0, 0xFE, 0x0A, 0x10, 0xB6, 0xCB, 0xFD, 0xC1, 0x05,
  0xDB, 0x18, 0xCF, 0x04, 0x73, 0xFC, 0x09, 0xFC, 0x05, 0xE2,
  0xB3, 0xFD, 0x19, 0xEA, 0xE4, 0xD3, 0xC9, 0x34, 0x26, 0x26,
  0xD2, 0x12, 0x1E, 0xF0, 0xF3, 0x0A, 0x23, 0xF7, 0xCD, 0xE0,
  0xE5, 0x37, 0xDA, 0xE0, 0xE1, 0xF8, 0x40, 0x26, 0xD9, 0x1E,
  0x19, 0xEC, 0xDC, 0xF5, 0x15, 0x40, 0xEE, 0xDF, 0xF3, 0x1F,
  0x14, 0xDB, 0x1A, 0x13, 0x04, 0xFF, 0xC3, 0x16, 0x2B, 0xF4,
  0xDE, 0xF2, 0xA3, 0x05, 0xEC, 0xCB, 0xEA, 0xF0, 0x2C, 0x2D,
  0xDF, 0x00, 0xE5, 0xED, 0xEE, 0x0A, 0x35, 0x3B, 0x60, 0x04,
  0x32, 0xEE, 0xE2, 0x0F, 0x13, 0x49, 0xF8, 0xB3, 0xC8, 0x0C,
  0x7F, 0x40, 0xE4, 0xE5, 0xF9, 0xA9, 0xF5, 0xFE, 0x0C, 0xE8,
  0x28, 0xF8, 0xE6, 0x2A, 0x35, 0xEF, 0xED, 0x9B, 0xE6, 0x00,
  0x48, 0x8F, 0xF0, 0xFF, 0xF6, 0xFF, 0x3B, 0xE4, 0x59, 0x6C,
  0xCB, 0x05, 0xF8, 0x3B, 0x00, 0xAC, 0x42, 0xDD, 0xC0, 0x04,
  0xBD, 0xD8, 0x6B, 0x41, 0x66, 0x3E, 0x50, 0xEF, 0xD6, 0x0E,
  0x2A, 0xF9, 0x15, 0xCF, 0xF0, 0xC6, 0x16, 0xE8, 0xFF, 0xBF,
  0x0D, 0x5E, 0xBA, 0x08, 0x3D, 0xEC, 0xDF, 0xA5, 0x05, 0xED,
  0xD7, 0x28, 0xC5, 0xE9, 0xDB, 0x3C, 0x44, 0x13, 0xFD, 0x05,
  0x9D, 0x98, 0x11, 0x15, 0x11, 0xF3, 0x2E, 0x06, 0x23, 0x31,
  0xFB, 0xB2, 0xE2, 0x11, 0xE5, 0xC5, 0x35, 0xEC, 0x04, 0xEE,
  0xE7, 0x0F, 0x18, 0x1D, 0xFA, 0xD2, 0xFB, 0x06, 0xDC, 0xE6,
  0x2A, 0x1D, 0x18, 0xE3, 0x15, 0x0C, 0xDA, 0x20, 0x09, 0x28,
  0x0E, 0x40, 0x32, 0xE8, 0xD6, 0x2A, 0x2B, 0xD6, 0x47, 0x1A,
  0x4A, 0x2C, 0x10, 0xED, 0x1B, 0xE1, 0xAE, 0xF9, 0x05, 0x2C,
  0xE1, 0x12, 0x46, 0x26, 0x17, 0x9C, 0xEB, 0x17, 0xE2, 0x0F,
  0x70, 0xDC, 0xED, 0x1E, 0x08, 0xF9, 0x09, 0x1A, 0x1B, 0xFC,
  0xD6, 0xD7, 0x2A, 0x06, 0x68, 0x14, 0xE7, 0x15, 0xAE, 0x14,
  0x14, 0xEA, 0xF8, 0xF0, 0x16, 0xEB, 0xE4, 0x8A, 0xC9, 0x0C,
  0x23, 0x1D, 0x35, 0x06, 0xFA, 0xAF, 0xAB, 0xE9, 0x28, 0x1B,
  0x13, 0x16, 0x81, 0x28, 0xF7, 0xD2, 0x3B, 0x2A, 0xBD, 0xE3,
  0xAF, 0xF7, 0xE7, 0xED, 0x72, 0xD1, 0x04, 0xC6, 0xCA, 0x38,
  0x2C, 0xC7, 0xDA, 0xD0, 0xE9, 0xD4, 0x2B, 0xAB, 0x17, 0xDE,
  0x3B, 0x42, 0xE6, 0xE5, 0xCE, 0xEB, 0xBC, 0x8D, 0x13, 0xD1,
  0x25, 0x20, 0x03, 0x29, 0x14, 0x1D, 0x67, 0x23, 0xE1, 0x0C,
  0xCB, 0xD9, 0x34, 0xFC, 0xFF, 0xFA, 0xD3, 0x13, 0x03, 0xCE,
  0x19, 0x33, 0x3D, 0xE9, 0xF0, 0xA7, 0x12, 0x2A, 0x3F, 0x0B,
  0xFA, 0x00, 0xCE, 0xFE, 0xF0, 0x0E, 0x01, 0xE9, 0x2D, 0xD1,
  0x13, 0xF6, 0x1F, 0xF4, 0x0A, 0xEC, 0x3C, 0x12, 0xE6, 0x24,
  0x05, 0x15, 0xD7, 0x2B, 0xF0, 0xC6, 0x06, 0xB8, 0x30, 0x22,
  0xFF, 0xCC, 0xEB, 0x1C, 0xB3, 0xE3, 0x48, 0x26, 0x4C, 0x21,
  0x19, 0xE4, 0x20, 0x1D, 0x3E, 0xFB, 0x42, 0x0D, 0x17, 0x1A,
  0xFB, 0x21, 0xC0, 0x11, 0x0A, 0xF8, 0xC8, 0xE1, 0x17, 0xDB,
  0x25, 0xFD, 0xEF, 0xC2, 0x20, 0x00, 0xD6, 0x09, 0x06, 0x01,
  0xE4, 0xEA, 0xEF, 0x02, 0x3B, 0x18, 0x09, 0x42, 0x1A, 0xF3,
  0x41, 0xFD, 0x1B, 0xD7, 0xD5, 0xE7, 0xE4, 0x2B, 0xC8, 0x12,
  0xDA, 0x96, 0x1F, 0xE7, 0xFB, 0x04, 0x18, 0x05, 0xEB, 0x13,
  0x52, 0x09, 0x1D, 0x12, 0x18, 0x38, 0x08, 0xEA, 0xE2, 0x34,
  0x05, 0xD3, 0x2C, 0xDD, 0x1D, 0xFD, 0xCF, 0xCC, 0x1C, 0x74,
  0xB6, 0xCE, 0xF1, 0x8F, 0xFD, 0x19, 0xEB, 0x05, 0xEE, 0x10,
  0xFA, 0xB8, 0x48, 0x22, 0x0D, 0xC8, 0xD2, 0x05, 0xDC, 0xF0,
  0x39, 0x0C, 0xD6, 0xE3, 0x58, 0xE2, 0x19, 0x2E, 0x12, 0x07,
  0x1B, 0x28, 0xC9, 0x81, 0x09, 0xBB, 0x2D, 0xD1, 0xC1, 0x47,
  0xAB, 0xD9, 0x04, 0x17, 0x26, 0x2A, 0xF7, 0x9E, 0xD7, 0xFF,
  0x01, 0x39, 0x1F, 0xF6, 0xC9, 0xFF, 0x5D, 0xD8, 0x06, 0x13,
  0x11, 0xE9, 0x35, 0x10, 0xF6, 0xB9, 0x4A, 0xB6, 0x75, 0xF0,
  0x37, 0x06, 0xD1, 0x0E, 0xE2, 0x2D, 0x00, 0xFF, 0xCE, 0xD5,
  0x03, 0x2E, 0xF4, 0x1B, 0xC4, 0x15, 0xC3, 0xD1, 0x22, 0x24,
  0x28, 0x4F, 0x20, 0xE9, 0xB0, 0x3A, 0x07, 0xE3, 0xD3, 0xD0,
  0x36, 0x2A, 0x15, 0xAA, 0xB5, 0xF9, 0xD9, 0xC1, 0x23, 0x2C,
  0x28, 0x0B, 0xF6, 0xEA, 0xFD, 0xFC, 0xE1, 0x39, 0xFC, 0xEE,
  0x18, 0x0B, 0xEE, 0x33, 0x2C, 0x4F, 0x02, 0x12, 0xDB, 0xDB,
  0x00, 0x0C, 0x25, 0x1E, 0x39, 0xC4, 0xE4, 0x04, 0xE9, 0x22,
  0xDA, 0x3A, 0xDD, 0xBE, 0x0B, 0xDD, 0x26, 0x5A, 0x49, 0xE0,
  0x1F, 0xEE, 0xF6, 0xDA, 0xF3, 0x10, 0x05, 0xED, 0x1E, 0x36,
  0x45, 0xBA, 0x04, 0x05, 0x36, 0xF6, 0x1F, 0xE4, 0x0C, 0xA5,
  0xAA, 0xDC, 0x1C, 0x47, 0x10, 0xC9, 0x08, 0xF5, 0xEA, 0x25,
  0x00, 0x2A, 0xFE, 0xDC, 0xE0, 0xAE, 0x15, 0x2A, 0x22, 0xE1,
  0x04, 0x22, 0x24, 0xA8, 0xD8, 0xC4, 0x4B, 0x31, 0x1B, 0xEE,
  0x21, 0xAB, 0xB6, 0xB3, 0x1D, 0x4B, 0xE8, 0xEB, 0xFC, 0xDE,
  0x09, 0xFB, 0x0D, 0x08, 0x05, 0x11, 0x23, 0xF4, 0x34, 0xE6,
  0x48, 0xE7, 0x11, 0x40, 0xE9, 0xE6, 0xE7, 0xD7, 0x27, 0xED,
  0xF9, 0x23, 0xFA, 0x02, 0xE3, 0x35, 0x23, 0x3E, 0xC5, 0x9C,
  0xEA, 0xDC, 0xF7, 0x24, 0x2B, 0x2D, 0xF6, 0x2E, 0xF8, 0xD0,
  0x0D, 0xEA, 0x13, 0x01, 0x33, 0xEE, 0xFA, 0x81, 0xDD, 0x92,
  0x34, 0x03, 0x24, 0x27, 0x14, 0xC5, 0xBF, 0xCB, 0x51, 0xF9,
  0xFC, 0xEC, 0x15, 0x25, 0xBD, 0x28, 0x05, 0x2D, 0xCE, 0x9E,
  0x2C, 0xBF, 0x2D, 0x35, 0xE3, 0xB0, 0xC2, 0x2D, 0xD5, 0xB8,
  0xF7, 0xD1, 0x4F, 0xE0, 0x49, 0xE5, 0xF3, 0x3A, 0xC3, 0xF6,
  0x2D, 0x21, 0x22, 0x2F, 0xEF, 0x0D, 0x3D, 0x00, 0x0F, 0xCD,
  0xE6, 0xD5, 0xEC, 0x00, 0x46, 0x59, 0x22, 0x1E, 0xE5, 0x0A,
  0xF9, 0x98, 0x06, 0xFE, 0x71, 0xCC, 0xD9, 0x06, 0xA7, 0x27,
  0xBD, 0x14, 0xEF, 0x2C, 0x4F, 0xE5, 0xB7, 0x22, 0xCE, 0xF9,
  0x06, 0xDA, 0x23, 0x14, 0x0B, 0xF9, 0x32, 0x7F, 0x23, 0xED,
  0x27, 0x35, 0xE9, 0xC6, 0xFE, 0xB7, 0x23, 0xCB, 0xEA, 0xF2,
  0xC6, 0x09, 0x11, 0xC4, 0x02, 0x07, 0x35, 0xE6, 0xF5, 0x02,
  0xDD, 0xE4, 0x61, 0x05, 0xE1, 0xFC, 0x4C, 0x23, 0x17, 0x18,
  0x0B, 0x37, 0xF0, 0x1C, 0xE2, 0xEF, 0xCA, 0x1B, 0x5B, 0xB2,
  0x12, 0xFC, 0x05, 0xD2, 0xCA, 0xFD, 0xF4, 0x09, 0x23, 0xD9,
  0xE3, 0x1E, 0x26, 0xEB, 0xE7, 0xF0, 0x43, 0xF8, 0x2F, 0xD5,
  0x3A, 0x33, 0x1C, 0xEE, 0xD4, 0x13, 0x20, 0xAC, 0xC0, 0x26,
  0x3E, 0xAF, 0x05, 0xD2, 0xCF, 0x12, 0xA2, 0x16, 0x00, 0x19,
  0x20, 0xCA, 0x18, 0xD4, 0xCF, 0x30, 0xE0, 0x0C, 0x5F, 0xC8,
  0x27, 0xF5, 0x28, 0x06, 0x64, 0x9E, 0xF2, 0x1B, 0xF4, 0xB6,
  0xFB, 0xFF, 0x2C, 0x1B, 0xE8, 0xE8, 0xC4, 0xE0, 0xD9, 0xCF,
  0x08, 0x01, 0x14, 0xEF, 0xDB, 0x27, 0x21, 0xD3, 0x09, 0x1F,
  0xF3, 0xEA, 0xB1, 0xD2, 0x11, 0x3E, 0x31, 0xBA, 0xFA, 0x09,
  0x23, 0xD8, 0x2D, 0x2D, 0x09, 0xC0, 0xE1, 0xD4, 0xDC, 0xC3,
  0xE3, 0x18, 0xC2, 0x18, 0x1A, 0xA4, 0xFD, 0xFF, 0x29, 0x2A,
  0x43, 0xE3, 0x17, 0x2E, 0xE0, 0x13, 0xB0, 0x32, 0x64, 0xFC,
  0xED, 0x0E, 0x18, 0xE3, 0x17, 0x02, 0x35, 0x99, 0xF3, 0x24,
  0xAA, 0x3A, 0xB2, 0x38, 0x1B, 0x1B, 0x17, 0xA9, 0xF0, 0x29,
  0xE5, 0x11, 0xD2, 0xB4, 0xD5, 0xFB, 0x3D, 0x23, 0xCF, 0xDB,
  0x21, 0x01, 0x14, 0xF0, 0xB7, 0x3A, 0x14, 0x81, 0xF4, 0x08,
  0xFD, 0xF4, 0x44, 0x24, 0x17, 0xE2, 0xAA, 0x0C, 0x09, 0x25,
  0xD2, 0x51, 0xCF, 0xEB, 0x04, 0xED, 0xC2, 0xEE, 0x09, 0x3B,
  0xEA, 0xE8, 0xDD, 0xBB, 0x33, 0xF2, 0xB9, 0x35, 0x2F, 0xA9,
  0x00, 0x3E, 0xEE, 0xE3, 0xFC, 0x1E, 0x58, 0x16, 0xF7, 0x12,
  0xF8, 0xEA, 0x3A, 0x36, 0xC1, 0xF1, 0xCE, 0x1E, 0xD4, 0xF9,
  0x3B, 0x11, 0x05, 0x12, 0x19, 0xB6, 0x14, 0xFE, 0x06, 0x3C,
  0x46, 0xB0, 0xEB, 0x0D, 0xE7, 0xF5, 0xE0, 0x0F, 0x0A, 0xFA,
  0xFF, 0x12, 0x27, 0x3E, 0x12, 0x29, 0xF5, 0x44, 0x17, 0x20,
  0xE7, 0x11, 0x27, 0xEE, 0xE1, 0xF1, 0xE9, 0x23, 0x1D, 0xEF,
  0x05, 0x5C, 0x05, 0x00, 0xD6, 0x15, 0x39, 0x42, 0xBD, 0x3D,
  0x16, 0x14, 0x0E, 0x23, 0x13, 0x07, 0x16, 0x1B, 0x13, 0x0A,
  0x0C, 0x18, 0xFC, 0xFA, 0x04, 0xF3, 0xFA, 0xD7, 0x06, 0x25,
  0x04, 0x21, 0x17, 0x4A, 0xB3, 0xFF, 0x13, 0x35, 0x7F, 0x67,
  0xE8, 0xF8, 0x15, 0xE5, 0x33, 0xF4, 0x02, 0xEA, 0xF0, 0x05,
  0xFC, 0x2E, 0xE2, 0xFE, 0xFA, 0x20, 0xD1, 0x0B, 0xD0, 0xF5,
  0x13, 0x2A, 0xEC, 0x38, 0x25, 0x7A, 0xC4, 0x17, 0xE2, 0xF7,
  0x75, 0x0D, 0x15, 0x58, 0xFD, 0x17, 0xCD, 0x2A, 0x2A, 0x0B,
  0xC2, 0xDE, 0x2C, 0x07, 0xD1, 0xFC, 0xB8, 0xCF, 0x29, 0x1D,
  0xB6, 0xCA, 0xFA, 0xC8, 0xB7, 0xDB, 0x1F, 0x41, 0x07, 0xE3,
  0xCC, 0x05, 0x4D, 0x5D, 0xC8, 0xE2, 0x01, 0xE2, 0x31, 0x1C,
  0xDA, 0xC9, 0xDE, 0xBE, 0x1C, 0x43, 0xB3, 0xC1, 0x1F, 0xEE,
  0xE7, 0xF1, 0x2D, 0x00, 0xDE, 0x10, 0x16, 0xCB, 0xDC, 0xC4,
  0xCE, 0x33, 0x26, 0xD7, 0x11, 0xE8, 0xEC, 0xFD, 0x04, 0x08,
  0x02, 0xF4, 0x08, 0x10, 0x0A, 0xCA, 0x2C, 0x26, 0x02, 0xC4,
  0x0E, 0x13, 0xF8, 0xD3, 0x24, 0x06, 0x0F, 0xC1, 0xB0, 0x28,
  0xE3, 0xC1, 0x03, 0xCE, 0x38, 0xEF, 0x45, 0x06, 0x33, 0xEE,
  0x03, 0xFF, 0xDC, 0x14, 0xDD, 0x05, 0xCD, 0xDB, 0x4A, 0x2D,
  0x16, 0x81, 0x24, 0xFA, 0xE3, 0xE2, 0x12, 0xF5, 0x4D, 0xF5,
  0xEA, 0xFB, 0x06, 0xF4, 0xF0, 0x25, 0x2F, 0x16, 0x12, 0xE9,
  0x52, 0x12, 0xCB, 0x0B, 0xE3, 0xEF, 0x1A, 0xF0, 0xF4, 0xF6,
  0x12, 0x17, 0xF2, 0xC4, 0xF5, 0xFF, 0xF7, 0xBD, 0x02, 0xE3,
  0x24, 0xC4, 0x00, 0xE2, 0x22, 0xF2, 0x00, 0x14, 0x04, 0xE5,
  0xF0, 0xA9, 0x4D, 0xEF, 0xCA, 0x21, 0xE1, 0x32, 0x16, 0xFC,
  0x38, 0x1E, 0x45, 0xF6, 0xCD, 0xC1, 0x0F, 0x17, 0xE9, 0xE7,
  0xF7, 0xE2, 0x24, 0xB3, 0x0A, 0xD0, 0x31, 0x07, 0xFA, 0x07,
  0x25, 0xE7, 0xCF, 0xD4, 0x03, 0xEA, 0xFA, 0xEC, 0xFD, 0x0C,
  0x1A, 0x3A, 0x08, 0x0C, 0x11, 0xF9, 0xE9, 0xAB, 0x25, 0x0B,
  0x30, 0x08, 0xED, 0x2E, 0xF6, 0xFF, 0x42, 0xCD, 0xEE, 0x09,
  0xDA, 0xF6, 0x66, 0x13, 0xFA, 0xDC, 0x88, 0x1D, 0xE7, 0xD2,
  0xC0, 0xC6, 0xF5, 0x36, 0xCF, 0x0B, 0x25, 0x2D, 0xE1, 0xCD,
  0x20, 0x08, 0x14, 0x1E, 0x64, 0x4F, 0x22, 0xE7, 0x0D, 0x0C,
  0xF2, 0xE9, 0x05, 0x02, 0x5B, 0xDF, 0x20, 0xED, 0x2A, 0xF1,
  0x01, 0xF6, 0xDC, 0xFB, 0xF7, 0x1F, 0xD3, 0xE2, 0xE8, 0x15,
  0x13, 0xFE, 0xD8, 0xD7, 0x3B, 0xD1, 0xED, 0xE4, 0x13, 0xE1,
  0xE5, 0x0A, 0x37, 0xDC, 0x06, 0xFE, 0x06, 0x2E, 0x73, 0xE2,
  0xEB, 0xB3, 0x18, 0x16, 0x42, 0x0B, 0xEF, 0x11, 0xD6, 0x41,
  0xF9, 0x15, 0x17, 0x00, 0xFB, 0xD3, 0x2C, 0xDD, 0xCC, 0xD3,
  0xD4, 0xF3, 0x27, 0xBD, 0x21, 0xEC, 0x21, 0x02, 0xE9, 0x58,
  0x33, 0xFA, 0xFD, 0xFE, 0xE0, 0x54, 0x53, 0x0E, 0x1B, 0xEB,
  0x22, 0x0A, 0xE2, 0x36, 0x36, 0xFF, 0x08, 0xED, 0x50, 0xE4,
  0xE4, 0xE0, 0x0C, 0xD1, 0x1F, 0xCE, 0x12, 0x17, 0x28, 0x17,
  0x11, 0x7F, 0x34, 0x01, 0xDF, 0xE8, 0xC8, 0x0C, 0x15, 0x09,
  0xDF, 0xEB, 0x24, 0xFA, 0xD7, 0x2C, 0x14, 0x0A, 0xFE, 0xE9,
  0x20, 0xF2, 0xFE, 0x06, 0x08, 0xED, 0x04, 0xFC, 0x33, 0x06,
  0x1E, 0x18, 0xE4, 0x59, 0x27, 0xE4, 0xEE, 0x0E, 0xE7, 0xC5,
  0x14, 0xE5, 0xCB, 0x39, 0xFB, 0x0B, 0xF6, 0x1E, 0x00, 0xCD,
  0x1F, 0xD2, 0xD6, 0x1C, 0xDD, 0xCE, 0xE3, 0x15, 0xEC, 0xCD,
  0x0D, 0xEA, 0x11, 0x07, 0xCA, 0x24, 0xE1, 0x08, 0x20, 0x0F,
  0x45, 0xC9, 0x26, 0xC2, 0xF4, 0x1C, 0x15, 0x13, 0x29, 0x35,
  0x18, 0x01, 0x21, 0x09, 0x09, 0xEF, 0xBE, 0xD2, 0x01, 0x1A,
  0xE0, 0xAE, 0xEA, 0xE3, 0xD8, 0x0F, 0x06, 0x20, 0xBC, 0xEA,
  0x2C, 0x0D, 0x14, 0xE4, 0x10, 0xE1, 0xEA, 0xFF, 0x0C, 0xFF,
  0x31, 0x19, 0x3D, 0x14, 0x3C, 0x38, 0x0F, 0x0C, 0xD5, 0xE4,
  0xBF, 0x1B, 0x29, 0xBF, 0x4F, 0x27, 0xF1, 0xF3, 0xE7, 0x1E,
  0xDB, 0xD8, 0x37, 0x37, 0xF1, 0xE9, 0x1F, 0xDA, 0xCC, 0x1A,
  0x32, 0x17, 0xC2, 0xEF, 0x03, 0x21, 0xEC, 0xF3, 0x36, 0x27,
  0xBD, 0xE8, 0x54, 0xA7, 0x19, 0xC5, 0x1D, 0x1E, 0xED, 0xC9,
  0x03, 0x3F, 0x08, 0xDA, 0xD1, 0xFA, 0xF5, 0xD2, 0xB4, 0xE0,
  0x48, 0x10, 0x06, 0x0C, 0xB2, 0x01, 0xF4, 0xE5, 0xED, 0xFC,
  0x41, 0x52, 0xA0, 0x02, 0x1E, 0xDA, 0xFC, 0xFB, 0xEA, 0xE5,
  0xED, 0xC2, 0xF5, 0x37, 0xF5, 0x12, 0xC3, 0x2C, 0x0F, 0x04,
  0xFD, 0xEF, 0x50, 0xD3, 0xEC, 0xD0, 0x24, 0x16, 0x04, 0xEE,
  0x38, 0xF7, 0x2E, 0x56, 0xB6, 0x34, 0xD1, 0x0E, 0x28, 0x06,
  0xB8, 0x0A, 0x16, 0xDE, 0x11, 0x3C, 0xFD, 0x28, 0x27, 0x55,
  0xE5, 0xED, 0x0F, 0x0E, 0xEA, 0xED, 0x01, 0xEB, 0xFD, 0x01,
  0x25, 0x20, 0x26, 0xFB, 0x1F, 0x1C, 0xF6, 0x01, 0xD2, 0xDF,
  0xF1, 0x30, 0x0B, 0x0F, 0x4E, 0xFA, 0xFE, 0xFE, 0xE3, 0x1F,
  0x42, 0x27, 0x1C, 0x06, 0x10, 0x07, 0xE8, 0x56, 0xF4, 0x11,
  0x18, 0x25, 0x13, 0x25, 0x10, 0xE1, 0xDA, 0x07, 0xF9, 0xF2,
  0xCC, 0x0B, 0x12, 0x15, 0xF4, 0xD6, 0x26, 0x0F, 0xAF, 0x00,
  0xEB, 0x32, 0x35, 0x09, 0x66, 0xCB, 0x37, 0xEC, 0xDF, 0x16,
  0xBA, 0x2B, 0x1F, 0x1D, 0xFD, 0x23, 0x17, 0x15, 0x09, 0xD1,
  0xC0, 0xF2, 0xEC, 0x01, 0x05, 0xE0, 0xE8, 0xBB, 0x0D, 0x26,
  0xDC, 0xD8, 0xF6, 0x27, 0xFE, 0x35, 0x2E, 0x06, 0x7F, 0xEA,
  0xDF, 0x10, 0xB0, 0x33, 0xFE, 0xE6, 0x1A, 0x01, 0xEE, 0x22,
  0xF1, 0xB8, 0xA9, 0x19, 0xF5, 0xD6, 0x4D, 0xF1, 0x14, 0xCB,
  0xFB, 0x24, 0x15, 0xFE, 0x09, 0x1C, 0xE3, 0x09, 0xF0, 0x11,
  0x60, 0x12, 0xEB, 0xF2, 0xB7, 0xEE, 0xF5, 0xA5, 0x16, 0xF0,
  0xEE, 0x01, 0x0B, 0x44, 0x3F, 0x2C, 0xF6, 0x2F, 0x1A, 0x28,
  0x24, 0x16, 0x28, 0x1F, 0x59, 0xD2, 0x23, 0x08, 0x28, 0x0D,
  0xC1, 0xE5, 0x15, 0x18, 0x1E, 0xF3, 0x16, 0xF9, 0xF0, 0xF9,
  0x27, 0x1A, 0x10, 0xF3, 0x1E, 0x0E, 0x1B, 0x16, 0x0D, 0x3E,
  0x2A, 0xC7, 0xEA, 0xE0, 0xDC, 0x21, 0x0E, 0xC7, 0xFB, 0xF9,
  0x08, 0x27, 0xF1, 0xDA, 0x06, 0xDE, 0x4B, 0x58, 0x01, 0x31,
  0xBF, 0xE1, 0x81, 0xF0, 0xCA, 0xC1, 0xED, 0x01, 0x3C, 0xF9,
  0x43, 0xDA, 0xFA, 0x9F, 0xFC, 0xE7, 0xC5, 0x5C, 0xCC, 0xDB,
  0x99, 0x13, 0xB9, 0x38, 0x26, 0x17, 0xDF, 0xFF, 0x46, 0x21,
  0xDC, 0x05, 0x04, 0xC5, 0x0D, 0xC5, 0xFF, 0x09, 0xD2, 0xD2,
  0x16, 0x45, 0x46, 0xE4, 0xF2, 0xC7, 0x06, 0xCE, 0x16, 0x3A,
  0x2A, 0xC4, 0xB4, 0x0E, 0xA4, 0xF8, 0x14, 0xD5, 0xA1, 0xF7,
  0x08, 0x46, 0xDF, 0xB4, 0xE5, 0xE1, 0xFB, 0xEA, 0x08, 0x27,
  0xDB, 0xF8, 0xED, 0xD4, 0xE3, 0x23, 0xDE, 0xCC, 0x1A, 0x54,
  0xD2, 0x22, 0x40, 0xBC, 0xCB, 0xFA, 0xA6, 0x4E, 0x15, 0x1C,
  0xC8, 0xD0, 0x18, 0x43, 0xEA, 0x04, 0x12, 0xC2, 0x17, 0x1B,
  0x2A, 0x4B, 0xD7, 0x0E, 0xF1, 0x2D, 0xF7, 0x09, 0xEA, 0x32,
  0xE1, 0x14, 0xC7, 0x14, 0x61, 0xEA, 0xFA, 0xE0, 0x08, 0x1B,
  0xC1, 0xF9, 0xE3, 0x28, 0x04, 0xEA, 0xDC, 0xE4, 0xFF, 0xE1,
  0xF6, 0x13, 0x31, 0x04, 0x18, 0xD8, 0x0F, 0xD3, 0x35, 0x33,
  0xF6, 0xF9, 0xD7, 0xEB, 0x15, 0x0E, 0x1E, 0xE8, 0x0E, 0xE8,
  0x58, 0x09, 0x24, 0x90, 0xFE, 0x28, 0x33, 0x6F, 0x16, 0xCD,
  0x4A, 0xE6, 0xD0, 0xD7, 0x1B, 0xDB, 0xC3, 0xFE, 0x2F, 0x14,
  0x37, 0x20, 0x0E, 0x07, 0xC8, 0x35, 0xB2, 0x4D, 0xFE, 0x81,
  0xD4, 0x5A, 0xE2, 0xAB, 0x0E, 0xE1, 0x19, 0xFC, 0xD2, 0x0E,
  0xE1, 0xBE, 0x14, 0xEB, 0xFC, 0x1D, 0x3C, 0xF5, 0xA6, 0x1E,
  0x0F, 0x20, 0x0F, 0xD8, 0xEF, 0x2E, 0x13, 0x0F, 0x2B, 0x66,
  0x45, 0xE6, 0xD3, 0x18, 0x21, 0xFB, 0x6B, 0xE7, 0xBA, 0x04,
  0x0E, 0x0E, 0xF2, 0xB4, 0x2B, 0x1C, 0xE3, 0xEE, 0xFE, 0xE5,
  0xE4, 0x0A, 0x16, 0xF8, 0x1E, 0x3A, 0xF1, 0x11, 0x04, 0xD7,
  0x26, 0x50, 0xD0, 0x07, 0xFE, 0x17, 0x15, 0x38, 0x0B, 0xD8,
  0xCD, 0xC2, 0x25, 0xE2, 0x1F, 0xC6, 0x01, 0xDA, 0xF0, 0x13,
  0xE6, 0xDF, 0x04, 0xCC, 0xE9, 0xD0, 0xDB, 0x31, 0xCF, 0x1B,
  0x28, 0x0B, 0x39, 0x36, 0xD6, 0xF9, 0xED, 0xF7, 0x08, 0x1B,
  0xEA, 0x14, 0xE4, 0xE8, 0xE9, 0x1A, 0x2D, 0x00, 0x34, 0xD9,
  0xD1, 0x38, 0x0F, 0xE0, 0xB6, 0x0D, 0xFD, 0x26, 0x0E, 0x0B,
  0xD4, 0xE5, 0xFE, 0x1F, 0xFA, 0x32, 0xD3, 0xCA, 0xAA, 0xC5,
  0x06, 0x02, 0xF1, 0xDF, 0xDD, 0xED, 0x9E, 0x15, 0x12, 0x15,
  0x2E, 0xAA, 0xF4, 0xF6, 0xF6, 0x26, 0xD4, 0x25, 0xFA, 0xF3,
  0x16, 0xEC, 0x2D, 0xCF, 0x11, 0xFE, 0xC4, 0x2C, 0x36, 0xAE,
  0xE2, 0xFE, 0xDB, 0xB1, 0x0E, 0x11, 0xCD, 0x19, 0xB7, 0xE8,
  0xC2, 0x0C, 0x21, 0xF6, 0x20, 0xC3, 0xDC, 0xEB, 0xD8, 0x3E,
  0x1C, 0x28, 0x3D, 0x15, 0x13, 0xB8, 0xE6, 0x2A, 0xD7, 0x6E,
  0x4F, 0xE5, 0xE8, 0x2C, 0x1F, 0x31, 0x54, 0xE4, 0xFB, 0x02,
  0x2E, 0x27, 0xFB, 0xCE, 0x4E, 0x08, 0xD7, 0x04, 0xEB, 0xF8,
  0x06, 0xED, 0xD0, 0xEB, 0xDB, 0xDB, 0x23, 0xD7, 0xE3, 0x38,
  0x0E, 0xF7, 0xFB, 0x0A, 0x41, 0x4C, 0x23, 0xEA, 0x13, 0xA9,
  0x0E, 0x09, 0xE3, 0x22, 0xF2, 0xB9, 0x12, 0xE4, 0xC4, 0xE0,
  0xE9, 0xE0, 0x4D, 0x1C, 0xB9, 0x04, 0xFB, 0xD8, 0x07, 0x0E,
  0xEC, 0xF5, 0x06, 0xEE, 0xEB, 0x18, 0x1E, 0x00, 0xEE, 0x15,
  0xEF, 0x23, 0xDC, 0xF6, 0x4D, 0x0F, 0x03, 0x09, 0x2B, 0xF9,
  0xBE, 0x26, 0xE0, 0x18, 0x13, 0x46, 0xFE, 0xFF, 0x36, 0x3C,
  0xB9, 0x0F, 0xD4, 0x1B, 0x44, 0xFC, 0xE5, 0xDB, 0xE6, 0xDA,
  0xDF, 0xF0, 0xEF, 0x4B, 0xAE, 0x47, 0x14, 0x54, 0xD1, 0x4F,
  0xF9, 0xEC, 0x13, 0xE9, 0x05, 0x15, 0x0C, 0x21, 0x1A, 0xED,
  0xFA, 0x2A, 0xE9, 0xE3, 0x15, 0x3B, 0xF9, 0xF0, 0xD5, 0x3A,
  0xF3, 0xD9, 0xFB, 0x11, 0x01, 0x0C, 0x34, 0x14, 0xB6, 0x1D,
  0xF7, 0x3E, 0xB9, 0xF3, 0x1E, 0x19, 0x00, 0xDE, 0x41, 0x3B,
  0x34, 0xF1, 0x01, 0x22, 0x27, 0xE2, 0xE8, 0x22, 0xED, 0xF3,
  0x30, 0xEF, 0x05, 0x34, 0x1C, 0x23, 0x02, 0xE6, 0x21, 0xC0,
  0xF5, 0x1C, 0xFD, 0xBB, 0x29, 0x48, 0xF1, 0x18, 0xF2, 0x17,
  0xEC, 0xD0, 0xE1, 0x19, 0x3C, 0xF7, 0xFF, 0xCA, 0xF6, 0x39,
  0x10, 0xEC, 0x34, 0xF5, 0x1C, 0x3E, 0x1A, 0x56, 0x05, 0xEB,
  0xED, 0xCC, 0xEF, 0xEF, 0x0D, 0x81, 0x28, 0x19, 0xE5, 0xD4,
  0xD3, 0x04, 0xE8, 0x1A, 0x8A, 0xF2, 0xCA, 0xFD, 0x16, 0xAB,
  0xFB, 0x2C, 0x05, 0xFD, 0x32, 0xE1, 0x3F, 0xF1, 0x1C, 0xE5,
  0x0F, 0xE1, 0xD4, 0x22, 0x04, 0xE7, 0x00, 0xF8, 0xE5, 0x13,
  0xE1, 0x11, 0xC8, 0x23, 0x6B, 0x12, 0xDE, 0x2C, 0x0B, 0xBE,
  0xFF, 0xCD, 0x4E, 0x1A, 0x32, 0x37, 0xD9, 0x40, 0xE7, 0xF9,
  0x01, 0xF7, 0xCB, 0xFD, 0x3F, 0x07, 0x28, 0x47, 0x1F, 0xF2,
  0xEC, 0x29, 0x55, 0xBD, 0xE5, 0x0B, 0xDB, 0x2F, 0x9F, 0x0D,
  0xD3, 0xFD, 0xE5, 0xE4, 0x78, 0x54, 0x10, 0x2D, 0xF7, 0x6E,
  0x06, 0x06, 0xB0, 0x1B, 0xF8, 0x74, 0x52, 0xBB, 0xE3, 0x64,
  0xD2, 0xEC, 0x4D, 0xFD, 0x25, 0xA9, 0xF8, 0xE4, 0x67, 0x0C,
  0xD5, 0xCE, 0xEF, 0x1F, 0xEE, 0xC5, 0x41, 0xF5, 0x12, 0xFB,
  0xFF, 0x50, 0xFC, 0xE2, 0xEF, 0x4A, 0xFF, 0x0A, 0x36, 0xB9,
  0xA1, 0x16, 0xDA, 0x04, 0x26, 0x43, 0x14, 0x33, 0x08, 0xFE,
  0x69, 0x0E, 0x07, 0xD7, 0xE6, 0x12, 0xD5, 0xB5, 0x10, 0xF8,
  0x0E, 0xE1, 0xD2, 0x72, 0x46, 0xDC, 0x44, 0xFF, 0x09, 0xB1,
  0x0B, 0xEA, 0xD2, 0x12, 0xE3, 0x1F, 0xE9, 0x12, 0x05, 0x21,
  0x0F, 0xE4, 0x33, 0x25, 0xED, 0xFB, 0xB9, 0xF0, 0x6F, 0xC1,
  0x18, 0xFF, 0x32, 0xCB, 0xAB, 0x3F, 0x32, 0xEE, 0x01, 0x01,
  0x05, 0xE0, 0x2E, 0xEB, 0x07, 0x45, 0x19, 0x01, 0x19, 0x0F,
  0xF4, 0xAB, 0x0A, 0xC1, 0xD2, 0x2D, 0xAD, 0x8E, 0x08, 0xEF,
  0x44, 0xEB, 0x05, 0x04, 0x1F, 0xCB, 0xC0, 0x2F, 0xDE, 0xD6,
  0xD2, 0x12, 0x69, 0x25, 0x56, 0x25, 0x32, 0x1C, 0x0F, 0x38,
  0x7F, 0x4E, 0x41, 0x20, 0x1D, 0xDD, 0x21, 0xBC, 0x92, 0xA3,
  0xFB, 0x07, 0x3C, 0x03, 0x02, 0xFC, 0xC3, 0x07, 0xDD, 0x46,
  0xA4, 0xDB, 0xDB, 0x0B, 0x1C, 0xC6, 0x15, 0x45, 0xE2, 0xDE,
  0xF7, 0x35, 0x21, 0xC8, 0x20, 0x14, 0xB7, 0xFF, 0x11, 0xDA,
  0xF1, 0x12, 0x1E, 0xE7, 0xE1, 0xE5, 0x27, 0x00, 0x13, 0xD2,
  0xE3, 0xD1, 0x43, 0x26, 0xEC, 0xD8, 0x01, 0xB7, 0x37, 0xD4,
  0x22, 0x6E, 0xC9, 0x06, 0x12, 0xF1, 0x0A, 0x13, 0x9E, 0x05,
  0x36, 0x04, 0xD4, 0x01, 0x01, 0x32, 0x25, 0x37, 0xF0, 0x5F,
  0xFF, 0x40, 0xFA, 0xB5, 0x12, 0x0D, 0x3C, 0x30, 0xF8, 0x2C,
  0x05, 0xE5, 0x1C, 0x35, 0xBC, 0xCE, 0x46, 0xD8, 0x0E, 0x1D,
  0xA3, 0x17, 0x5B, 0xD8, 0x10, 0x35, 0x48, 0x50, 0xD7, 0xDA,
  0x38, 0xE2, 0xE7, 0xC5, 0xD9, 0xB3, 0x1B, 0x16, 0x32, 0x22,
  0xB7, 0x90, 0x2F, 0xE4, 0x03, 0x65, 0xBF, 0xD8, 0xF8, 0xDA,
  0xF1, 0xE7, 0xCF, 0x42, 0x1A, 0x02, 0x09, 0x03, 0x2F, 0x03,
  0x14, 0xF6, 0x2D, 0x3B, 0xF9, 0x01, 0xE6, 0xB0, 0x2E, 0x0A,
  0x1A, 0x07, 0x17, 0xDF, 0x02, 0x9B, 0x39, 0xE3, 0xBE, 0xD1,
  0x45, 0xE0, 0xE8, 0x05, 0xEA, 0xF1, 0x3A, 0x12, 0xCA, 0x05,
  0x50, 0xE7, 0x15, 0xC4, 0xD6, 0xFA, 0xD8, 0xC8, 0x0F, 0xFD,
  0xE2, 0x17, 0xEE, 0x0B, 0xE7, 0xA4, 0xAD, 0xE3, 0x2D, 0x4C,
  0xC1, 0xC4, 0xF4, 0xF1, 0x07, 0xF2, 0x81, 0xDB, 0x1D, 0x2E,
  0xD2, 0x03, 0x54, 0xF1, 0xE9, 0xBC, 0x26, 0x42, 0xF0, 0xA0,
  0x16, 0x06, 0xCF, 0x03, 0xCF, 0x10, 0xF9, 0xE5, 0xF6, 0xD3,
  0x1F, 0xF8, 0xBB, 0x25, 0xFD, 0xE6, 0x29, 0x0F, 0xD9, 0xEF,
  0x3B, 0x0C, 0xE3, 0xE0, 0x14, 0x1F, 0x06, 0x52, 0x48, 0x5C,
  0xDE, 0x09, 0x33, 0xCF, 0x33, 0xE9, 0x23, 0xF4, 0x04, 0xE9,
  0xFA, 0xE1, 0x40, 0x32, 0x0F, 0xA0, 0xFC, 0xF5, 0xC2, 0xF7,
  0x09, 0x18, 0x09, 0x37, 0xB8, 0x97, 0xAA, 0x1A, 0x0D, 0xDB,
  0x0B, 0x27, 0x19, 0x2D, 0xDD, 0x09, 0xD4, 0xDE, 0xE1, 0x25,
  0x1C, 0x21, 0xFA, 0x04, 0x16, 0x3D, 0x29, 0x00, 0x0B, 0xEF,
  0x03, 0x2D, 0x16, 0x18, 0x17, 0x7F, 0xFD, 0xB7, 0xCF, 0x0E,
  0x1D, 0xF4, 0xD9, 0x17, 0x18, 0x1A, 0x2E, 0xDB, 0x16, 0xE2,
  0xB9, 0xFE, 0xD7, 0xE8, 0x32, 0xB3, 0xF5, 0x42, 0x22, 0xFD,
  0xF3, 0x1C, 0x05, 0xEA, 0x19, 0x0F, 0x09, 0x49, 0x03, 0xC3,
  0xBF, 0x2E, 0x02, 0xE0, 0xC6, 0xFB, 0x27, 0xF8, 0xFA, 0x0E,
  0xFE, 0x2F, 0xF7, 0xF9, 0x28, 0xFF, 0xF6, 0xF6, 0xF5, 0xC9,
  0x1C, 0xF5, 0xEE, 0xFD, 0x0C, 0x1B, 0x14, 0x0D, 0xD6, 0x27,
  0xF3, 0xBE, 0xE5, 0x41, 0xD2, 0x22, 0xDB, 0x23, 0x35, 0x0B,
  0xCE, 0x2A, 0xFC, 0x1C, 0x2B, 0x0B, 0x04, 0x09, 0xCD, 0x2D,
  0x38, 0xCA, 0x01, 0xE4, 0xE9, 0xD0, 0xF9, 0x2C, 0xDB, 0x1B,
  0xE3, 0x3F, 0xF8, 0xB2, 0xDF, 0x24, 0xFB, 0x01, 0xC6, 0x34,
  0x2F, 0xEA, 0xB9, 0xF8, 0x09, 0xD8, 0x13, 0x19, 0xF9, 0xE3,
  0xDC, 0xEC, 0x4F, 0xE3, 0x45, 0xE8, 0x13, 0xAE, 0xE1, 0x1D,
  0xDB, 0x39, 0x26, 0x3E, 0xDB, 0x9B, 0xA3, 0x1D, 0x0F, 0x07,
  0x09, 0x18, 0x3B, 0x1B, 0xB1, 0x23, 0xF0, 0xC8, 0xD7, 0x3A,
  0x1D, 0xF3, 0xF3, 0x13, 0x34, 0xEB, 0x3B, 0x31, 0xD6, 0xB5,
  0xB4, 0x21, 0x04, 0x11, 0x21, 0x30, 0xD9, 0xF1, 0x9A, 0x2D,
  0x3B, 0xFC, 0xE7, 0x24, 0x02, 0xD9, 0x0C, 0x0E, 0xF9, 0xCF,
  0xB2, 0x0D, 0x13, 0x12, 0xF2, 0xFE, 0x06, 0x20, 0x33, 0x28,
  0x42, 0xFE, 0x02, 0x25, 0xF0, 0xEF, 0xD9, 0xE9, 0xD0, 0x0D,
  0x17, 0xF5, 0x0E, 0xE8, 0x02, 0x37, 0xE3, 0xDC, 0x4E, 0xFC,
  0xFB, 0x24, 0x08, 0xFC, 0x33, 0xF6, 0xF7, 0xFA, 0xF6, 0x28,
  0xFB, 0xA7, 0xDA, 0x3D, 0xEF, 0xD9, 0xF4, 0xD5, 0x11, 0xE2,
  0xC9, 0xEC, 0x0D, 0x2D, 0xDA, 0xD7, 0xEC, 0x4C, 0x08, 0xE3,
  0xF9, 0x2D, 0x35, 0x3E, 0x47, 0x05, 0x48, 0x01, 0xBC, 0x15,
  0x2F, 0xE2, 0xD5, 0xEB, 0xEE, 0x17, 0xD9, 0xF6, 0xF9, 0xF0,
  0x1C, 0x40, 0xFB, 0x16, 0x0B, 0xF6, 0xFB, 0x01, 0xF9, 0x15,
  0x0B, 0xCC, 0xD7, 0xDB, 0x38, 0xD8, 0x0A, 0xF7, 0x08, 0x26,
  0xD0, 0x0E, 0xF4, 0x1A, 0xDB, 0x2C, 0x0F, 0xF8, 0x16, 0x1D,
  0xE9, 0x36, 0x33, 0x26, 0x09, 0xF6, 0xF2, 0x29, 0x2E, 0x0C,
  0xEB, 0x2C, 0xE9, 0xF6, 0xB9, 0xE4, 0x34, 0xBA, 0xD7, 0xFB,
  0x06, 0x06, 0x1B, 0xDC, 0xCE, 0x53, 0x25, 0x51, 0x1F, 0xD7,
  0xF4, 0x0E, 0xEE, 0x0F, 0x28, 0xE6, 0x06, 0x18, 0x18, 0xF9,
  0x17, 0xD5, 0x01, 0x22, 0xEE, 0x19, 0x0A, 0xFB, 0xDB, 0xBB,
  0xEA, 0x2B, 0x0C, 0x12, 0xFC, 0xE9, 0x06, 0x2B, 0x22, 0xFB,
  0x10, 0x00, 0x08, 0x11, 0x00, 0xC7, 0xFF, 0xEE, 0xBB, 0xE9,
  0x1E, 0x1B, 0xF6, 0xDE, 0x13, 0x1B, 0xE8, 0x05, 0x34, 0x27,
  0xFF, 0x2B, 0x07, 0xE6, 0xE7, 0x04, 0xED, 0xC4, 0xC6, 0x04,
  0x0D, 0xD6, 0xF9, 0x30, 0x0A, 0xEE, 0x10, 0xD6, 0x0E, 0xF4,
  0x81, 0x0A, 0xDF, 0x15, 0x03, 0xD3, 0xD8, 0x2C, 0x1F, 0x18,
  0x3C, 0xE5, 0x3E, 0x1A, 0x1A, 0xFC, 0x25, 0x04, 0xB8, 0xDA,
  0x47, 0xFB, 0xE6, 0xE4, 0x40, 0x0C, 0x2A, 0x22, 0x0D, 0xFF,
  0x17, 0x0F, 0xBB, 0x26, 0xB6, 0x24, 0x1A, 0x0B, 0x19, 0x3C,
  0xC0, 0xF7, 0x49, 0xAF, 0x2D, 0xD6, 0x12, 0x36, 0x00, 0x46,
  0x12, 0xD7, 0xC2, 0x34, 0xBF, 0x1B, 0x22, 0xD9, 0x15, 0x18,
  0xCB, 0xCB, 0x14, 0xBE, 0xF0, 0x04, 0x0B, 0x00, 0x33, 0xFA,
  0x3B, 0x35, 0x27, 0x39, 0x0F, 0xE3, 0x57, 0x07, 0x62, 0x4D,
  0x09, 0xD8, 0x4D, 0x0B, 0x32, 0x7F, 0xB5, 0x77, 0x04, 0xEB,
  0xFA, 0x0D, 0x08, 0xF5, 0x14, 0xB8, 0x0D, 0xE4, 0x18, 0xF0,
  0xFE, 0xD5, 0x27, 0x01, 0x17, 0x31, 0xA7, 0xBD, 0xF7, 0x41,
  0x2C, 0x3F, 0x1F, 0xF8, 0x54, 0xD2, 0x18, 0x41, 0xF8, 0xEF,
  0x26, 0xF3, 0xF5, 0xE2, 0xCB, 0xF1, 0xE5, 0xBD, 0xE5, 0xEF,
  0x12, 0xD2, 0x34, 0xA4, 0x01, 0xF4, 0xC8, 0x0B, 0xD3, 0xEE,
  0xE3, 0x20, 0xA8, 0x01, 0x26, 0xFF, 0x2B, 0x84, 0x11, 0xD3,
  0xC5, 0xE6, 0xF3, 0xAF, 0x08, 0xCA, 0xAA, 0xE5, 0xE2, 0x19,
  0xD5, 0xD5, 0x1C, 0xB4, 0x0D, 0xB3, 0x15, 0xFF, 0x9C, 0xD1,
  0x1F, 0x28, 0x2B, 0x02, 0xC2, 0xC4, 0xF7, 0xD4, 0x2F, 0xC7,
  0xEE, 0x08, 0xE3, 0x01, 0xB4, 0xCC, 0x14, 0x20, 0xEC, 0xE0,
  0x18, 0x4B, 0x09, 0xF1, 0x35, 0xDC, 0xE7, 0xE7, 0x3B, 0x7D,
  0x93, 0xB7, 0x5E, 0xC1, 0x35, 0xFD, 0x19, 0xD8, 0x24, 0xFC,
  0xEA, 0xEB, 0xF6, 0x6F, 0x2B, 0xBB, 0xE1, 0x98, 0xEA, 0x48,
  0x1D, 0xBF, 0x01, 0x07, 0x1D, 0xF1, 0x55, 0xF6, 0x19, 0xFE,
  0xE7, 0x71, 0xE1, 0xB3, 0x23, 0xEA, 0xF3, 0x07, 0x42, 0xEF,
  0x2E, 0xC1, 0x9E, 0xDC, 0x1E, 0x7E, 0x5B, 0xFA, 0xF7, 0x20,
  0x27, 0xF2, 0xD2, 0x3D, 0xEE, 0x38, 0x04, 0xFD, 0x0F, 0x16,
  0xEC, 0xD6, 0x60, 0x44, 0x3B, 0xDA, 0xB2, 0x1F, 0xFF, 0xBE,
  0x2F, 0x0B, 0x15, 0x00, 0xBF, 0x4A, 0x25, 0xD8, 0x05, 0x1B,
  0x08, 0xDB, 0x0F, 0xFF, 0xCC, 0x15, 0x5F, 0x2E, 0x18, 0xD4,
  0x24, 0x10, 0x1D, 0xCE, 0x47, 0x62, 0x18, 0xE4, 0x9C, 0x45,
  0xD9, 0xAF, 0x6F, 0xDE, 0xFC, 0xFD, 0xDB, 0xE7, 0xF7, 0xF2,
  0x55, 0x24, 0x17, 0xC9, 0x02, 0x45, 0xF3, 0xED, 0xCF, 0xE2,
  0xFB, 0xBA, 0xFF, 0x22, 0x06, 0xCE, 0xC9, 0x33, 0xD2, 0x1B,
  0x35, 0xE2, 0xDA, 0xC7, 0xC5, 0xBF, 0xF7, 0xF0, 0xE4, 0xDA,
  0x0A, 0x24, 0x4C, 0xF2, 0xF7, 0xF9, 0xEF, 0xE1, 0xC1, 0x2C,
  0xF4, 0x09, 0xF5, 0x01, 0xC5, 0xFE, 0x01, 0x9A, 0xF4, 0xFF,
  0xEC, 0xF2, 0x44, 0xE5, 0x22, 0xEB, 0xE9, 0x01, 0x19, 0xD2,
  0x07, 0xF0, 0xF7, 0x29, 0x32, 0xF6, 0x49, 0x74, 0x1C, 0xEA,
  0xBF, 0xEF, 0xF2, 0x14, 0xDA, 0x16, 0xB8, 0x21, 0xF5, 0x20,
  0x04, 0xD7, 0x2A, 0x06, 0x05, 0xDE, 0x42, 0x07, 0x37, 0x33,
  0xD4, 0x16, 0xC9, 0xF8, 0xE9, 0x07, 0xEE, 0xCC, 0x34, 0x2C,
  0x01, 0xF2, 0xF1, 0xC4, 0xCF, 0xEC, 0x22, 0x32, 0x2F, 0x3F,
  0xCC, 0xDA, 0xE8, 0x60, 0xFD, 0xFB, 0xD7, 0xF2, 0x26, 0xFF,
  0x69, 0x2E, 0xEA, 0x1F, 0xD4, 0x14, 0x2F, 0xE6, 0xEE, 0xF6,
  0x1F, 0xD5, 0xEB, 0xE8, 0x1B, 0x0C, 0x34, 0x3D, 0x0B, 0xB7,
  0x29, 0x03, 0xEC, 0xF1, 0x4B, 0x3F, 0x00, 0xF0, 0x81, 0x1B,
  0x1F, 0xCE, 0x2C, 0xEC, 0xC3, 0xB0, 0xD8, 0xE9, 0xCC, 0xFA,
  0x29, 0xD3, 0x21, 0xC1, 0x13, 0x09, 0xB3, 0xE2, 0x15, 0xDD,
  0x0B, 0x62, 0x64, 0xFB, 0xAF, 0x15, 0x02, 0x2E, 0x12, 0xF8,
  0x43, 0xF5, 0x25, 0xF5, 0x1E, 0xF9, 0xB0, 0xE9, 0xFA, 0x08,
  0xEB, 0xF2, 0x5C, 0x0D, 0x10, 0x00, 0x13, 0xB5, 0x03, 0xDC,
  0x02, 0xDA, 0x31, 0xE7, 0x5A, 0x2B, 0x12, 0x08, 0xF5, 0xF0,
  0xC8, 0x58, 0x32, 0xDB, 0xDB, 0xE6, 0x28, 0xF8, 0xA1, 0xED,
  0xD1, 0x16, 0x07, 0xDB, 0x00, 0xE5, 0x24, 0xF7, 0xDA, 0xEB,
  0x16, 0x37, 0x9C, 0x9E, 0x0B, 0x64, 0x52, 0xE2, 0x13, 0xD4,
  0x36, 0xF1, 0xB6, 0x23, 0x48, 0xB7, 0xF6, 0xC3, 0x1A, 0xF5,
  0xAE, 0xAB, 0x05, 0x23, 0x13, 0x2B, 0xD0, 0xDA, 0xE9, 0x11,
  0x03, 0xE9, 0xB9, 0xD7, 0x0A, 0x0B, 0x64, 0x6A, 0x73, 0xC6,
  0x17, 0xD3, 0x22, 0x01, 0xAB, 0x3F, 0x12, 0xC1, 0xEF, 0xBC,
  0xF8, 0xF1, 0xDD, 0xB2, 0xD2, 0x25, 0x00, 0xFD, 0xBE, 0xDE,
  0x14, 0xFC, 0x42, 0xE0, 0x09, 0x00, 0x17, 0x08, 0x4B, 0x28,
  0x2A, 0x0F, 0x33, 0xF8, 0x15, 0xAC, 0xA3, 0xFA, 0x45, 0xDD,
  0xC4, 0xF5, 0xE3, 0xE1, 0xD0, 0x90, 0x13, 0xD8, 0xBF, 0x06,
  0x0D, 0x23, 0x25, 0xFA, 0xCD, 0xDD, 0x0F, 0xD0, 0xCC, 0x24,
  0x53, 0x21, 0x4D, 0x03, 0xC7, 0x0C, 0x08, 0xFF, 0xEB, 0x3D,
  0xF2, 0xD0, 0xD4, 0xDE, 0x66, 0xE8, 0x81, 0xC3, 0x68, 0x2F,
  0x23, 0xDF, 0x08, 0xE4, 0x2C, 0xC2, 0xF5, 0x25, 0xCE, 0xE8,
  0xB9, 0xE5, 0x29, 0x15, 0x6B, 0xB5, 0xAF, 0xDB, 0x35, 0x02,
  0x3C, 0x3A, 0x19, 0x0D, 0x09, 0xD1, 0x2C, 0xE8, 0xC3, 0xDE,
  0xFD, 0x09, 0x11, 0xF3, 0x1D, 0xCF, 0x30, 0x1D, 0xB8, 0x08,
  0x22, 0xFD, 0x09, 0xCB, 0x16, 0xF5, 0x18, 0xE0, 0x14, 0xD9,
  0xD1, 0x09, 0x01, 0xD7, 0xDF, 0x2F, 0x88, 0x21, 0xC5, 0xBF,
  0x3F, 0xC7, 0x18, 0x11, 0xFC, 0xF7, 0x0D, 0xDC, 0xFC, 0x73,
  0xC0, 0x4F, 0x1B, 0xFD, 0x4D, 0xFE, 0x1A, 0xE1, 0x16, 0xE1,
  0xE0, 0xF3, 0x0B, 0x2F, 0xE5, 0xCA, 0x1B, 0x23, 0x22, 0x36,
  0xEB, 0xE7, 0xE2, 0xE8, 0x15, 0xEC, 0xD3, 0x2D, 0xD9, 0xE2,
  0xBC, 0x1F, 0x0E, 0x1F, 0xF2, 0x9F, 0x08, 0xE5, 0xFA, 0xE5,
  0xC7, 0xF4, 0x29, 0x51, 0xE3, 0xC1, 0xF1, 0xCD, 0x51, 0x28,
  0xF9, 0x26, 0x81, 0xD8, 0xF2, 0x0B, 0xFA, 0x34, 0x54, 0xDC,
  0x07, 0x1B, 0xEC, 0xF1, 0xFA, 0x1C, 0x0D, 0xE6, 0x0F, 0x09,
  0x28, 0x27, 0xDE, 0xEC, 0xB2, 0x42, 0x99, 0x87, 0x5A, 0x4C,
  0x0D, 0xC6, 0xE0, 0x74, 0x16, 0xE8, 0x0D, 0xF9, 0x3D, 0x48,
  0xF0, 0xBD, 0xA4, 0xDF, 0x0C, 0x28, 0xE4, 0x3E, 0xF8, 0x45,
  0x1B, 0x4E, 0x4D, 0x46, 0x17, 0xB3, 0xD8, 0x39, 0xD4, 0xC7,
  0x43, 0xC8, 0x1F, 0x5C, 0x59, 0x7D, 0xDC, 0x10, 0x0C, 0x14,
  0xEC, 0xEF, 0xBB, 0x1E, 0xB8, 0xBE, 0xE4, 0x00, 0xD6, 0x27,
  0x03, 0x2B, 0xE8, 0x77, 0xC2, 0xD9, 0x1C, 0x18, 0x4D, 0x4E,
  0x15, 0xBE, 0x05, 0xD2, 0x04, 0x28, 0x53, 0x1E, 0xC6, 0xCF,
  0xF1, 0x17, 0xEF, 0x20, 0xFF, 0x48, 0xE6, 0x12, 0xCB, 0x3B,
  0xD6, 0x2D, 0xC1, 0xAB, 0x17, 0x0A, 0xE5, 0xEE, 0xE5, 0xF5,
  0x1F, 0xDB, 0xDF, 0xC2, 0x1B, 0x1A, 0x0C, 0x4E, 0x10, 0x0B,
  0x00, 0x17, 0xD9, 0x1C, 0x47, 0xF9, 0x44, 0x1C, 0xDB, 0xE5,
  0x5A, 0x33, 0xE7, 0x35, 0xE9, 0x24, 0xE4, 0x44, 0xEE, 0x25,
  0xFC, 0x17, 0xF9, 0xD3, 0x43, 0xEF, 0xE6, 0xAD, 0x1D, 0xF6,
  0x3A, 0xE2, 0x33, 0xED, 0x16, 0xDA, 0xC3, 0x17, 0xC5, 0x1C,
  0x5B, 0xE6, 0x5B, 0xE1, 0x1E, 0x98, 0xE2, 0x05, 0xD6, 0xB8,
  0xF3, 0x01, 0xCC, 0xFC, 0x17, 0xC6, 0xF4, 0xFD, 0x43, 0x96,
  0x49, 0x03, 0x1F, 0x13, 0xF7, 0xFA, 0x13, 0xC8, 0x01, 0x2F,
  0xC7, 0xFF, 0xEB, 0xEF, 0xA4, 0x0D, 0xC1, 0xB3, 0xDD, 0xB2,
  0x15, 0xE3, 0x20, 0xD3, 0x06, 0x37, 0x09, 0xFD, 0xEB, 0x62,
  0x44, 0xD1, 0x29, 0x03, 0x23, 0xFD, 0x34, 0x43, 0x05, 0xD7,
  0x37, 0xD8, 0x05, 0xF6, 0xFC, 0x35, 0x5B, 0x5B, 0xA9, 0x34,
  0x42, 0x5D, 0xE2, 0x14, 0xB7, 0x20, 0x28, 0xB5, 0xB7, 0xD5,
  0x12, 0x0A, 0x2E, 0xA4, 0x5D, 0xA2, 0x58, 0x4C, 0x07, 0xBA,
  0x01, 0xE8, 0xB6, 0x1A, 0x49, 0x61, 0x3E, 0xAF, 0x56, 0x06,
  0xC8, 0x91, 0xCC, 0x54, 0xE2, 0x10, 0xDA, 0xC5, 0x01, 0x33,
  0xE2, 0xBB, 0xED, 0x2F, 0x46, 0x96, 0xCD, 0x17, 0x14, 0x26,
  0x6C, 0x13, 0x48, 0xFD, 0xD2, 0x29, 0xED, 0xF5, 0xC0, 0x7F,
  0x03, 0x27, 0xF6, 0xA5, 0xCE, 0xE1, 0x24, 0x4F, 0x0F, 0x86,
  0x37, 0x55, 0x39, 0xB6, 0x40, 0x1A, 0x01, 0xCA, 0xB9, 0x33,
  0x65, 0xEC, 0xEA, 0x13, 0xED, 0x0B, 0x3D, 0x26, 0xE8, 0x04,
  0xF1, 0x52, 0xDB, 0x14, 0xF5, 0xE0, 0xF7, 0x2F, 0x1D, 0xEA,
  0x48, 0xFC, 0xFD, 0x99, 0x19, 0x20, 0x61, 0x45, 0xFB, 0xC9,
  0xDA, 0xC6, 0xF7, 0x35, 0xD8, 0x02, 0x03, 0xCD, 0x08, 0x0F,
  0x25, 0x27, 0x3A, 0xC8, 0x0A, 0xF5, 0x1C, 0x14, 0xCE, 0x09,
  0x02, 0x15, 0xF9, 0xFD, 0xE6, 0x25, 0x0C, 0xFE, 0x33, 0xE3,
  0x01, 0xD7, 0x5B, 0xAC, 0x0E, 0xCA, 0xE5, 0x0E, 0xBF, 0x03,
  0x0D, 0x04, 0x0B, 0x2E, 0xF0, 0x1A, 0xF4, 0xCC, 0x32, 0x45,
  0xFA, 0xF8, 0xBB, 0x1E, 0x18, 0x01, 0x1B, 0x1D, 0x0E, 0x32,
  0x25, 0x1D, 0xF9, 0xD5, 0x7F, 0xC2, 0x43, 0xC8, 0x57, 0x11,
  0xC3, 0xB9, 0x12, 0x1A, 0xF7, 0x2A, 0xDB, 0xDC, 0x1C, 0x8D,
  0xED, 0x0D, 0xFF, 0x15, 0xE8, 0xF2, 0x29, 0xE7, 0x37, 0xD6,
  0x28, 0x06, 0xFD, 0x04, 0x28, 0xE2, 0x14, 0xC1, 0x2A, 0xE7,
  0x4A, 0xEF, 0xE5, 0xB7, 0xF6, 0xE1, 0x2A, 0x1C, 0xE9, 0xB6,
  0xE8, 0xAC, 0xC3, 0xFA, 0xED, 0xCB, 0xD1, 0xE1, 0xBF, 0xEC,
  0x25, 0xF1, 0x24, 0xE5, 0x0D, 0x24, 0x19, 0xDB, 0xF4, 0xBA,
  0xE7, 0xEB, 0xFC, 0xFD, 0xFA, 0x09, 0xC6, 0x04, 0x47, 0xFB,
  0x09, 0xBC, 0x25, 0xD5, 0x0D, 0xED, 0x06, 0xE1, 0xBF, 0x07,
  0xB4, 0xFE, 0x03, 0xDE, 0x09, 0x0A, 0x20, 0x1D, 0x23, 0xA4,
  0x0F, 0xCA, 0xDC, 0xF7, 0xED, 0x2C, 0xA5, 0xDD, 0xAF, 0x04,
  0x08, 0xF6, 0xCF, 0xE1, 0x3E, 0xD2, 0xF0, 0xF0, 0xFB, 0x06,
  0x03, 0x32, 0xC7, 0xFA, 0xE1, 0xD3, 0x03, 0x35, 0x38, 0x08,
  0x2E, 0xD7, 0x25, 0xE7, 0xEE, 0xF8, 0xE8, 0x3F, 0xBD, 0x00,
  0xFE, 0x12, 0x0D, 0x23, 0xE2, 0xE4, 0x2B, 0xE0, 0xF2, 0x14,
  0x1E, 0x28, 0x12, 0x15, 0xFC, 0x37, 0xD7, 0xF7, 0x39, 0x4C,
  0x24, 0x08, 0x27, 0xBE, 0x1B, 0xE1, 0xDD, 0xEF, 0x24, 0x11,
  0xC5, 0xC9, 0x3B, 0x26, 0x1C, 0x26, 0x09, 0xDB, 0xE2, 0x21,
  0xEA, 0x3B, 0x34, 0xE0, 0x14, 0xDE, 0xDA, 0xFC, 0xFA, 0xD6,
  0x0B, 0xDF, 0xFD, 0x47, 0x32, 0xE9, 0xE7, 0xE5, 0x1C, 0xEA,
  0xFE, 0x2A, 0x20, 0xDF, 0xF7, 0xDE, 0xEB, 0x06, 0xE4, 0x06,
  0x05, 0x31, 0x02, 0x51, 0x33, 0x05, 0x0D, 0xFA, 0xE7, 0x40,
  0x0A, 0xCB, 0xED, 0xF0, 0xFA, 0x28, 0x22, 0xC6, 0x37, 0xAD,
  0x38, 0x2C, 0xE8, 0x1E, 0x09, 0xF6, 0xD7, 0x4D, 0xCA, 0x00,
  0xF3, 0xE0, 0x3D, 0x35, 0x15, 0xC7, 0xF2, 0xB7, 0xCA, 0x49,
  0xF0, 0xF0, 0x16, 0x12, 0x18, 0xC5, 0x2C, 0x20, 0x2B, 0xBB,
  0x19, 0x33, 0x2E, 0x3C, 0x0A, 0xDC, 0x2A, 0xCD, 0xB6, 0x34,
  0xE0, 0xE7, 0xCD, 0x14, 0xFE, 0x3C, 0x04, 0xB4, 0x18, 0xB9,
  0x27, 0x7F, 0x0E, 0xAB, 0x06, 0x42, 0x08, 0xCE, 0x05, 0x1D,
  0xF4, 0xD6, 0xDA, 0x40, 0x18, 0x0D, 0x1F, 0xF7, 0x03, 0xFE,
  0xF2, 0xD1, 0xE5, 0xF4, 0xFA, 0xF5, 0xDC, 0x37, 0xB0, 0xFB,
  0x0D, 0x25, 0x4F, 0x37, 0xF6, 0xBF, 0x1E, 0x17, 0xBE, 0xF7,
  0x21, 0x19, 0xEA, 0xEE, 0xD3, 0xFD, 0x16, 0x1B, 0x10, 0xDD,
  0x07, 0xF4, 0xF1, 0xF7, 0x18, 0x40, 0x37, 0xDF, 0xFF, 0x3C,
  0xEF, 0x17, 0xE1, 0xEB, 0xFE, 0xF5, 0xE6, 0xED, 0x0E, 0xEF,
  0xFF, 0x19, 0x1A, 0x08, 0x20, 0xD4, 0xFD, 0x04, 0x25, 0x2B,
  0x08, 0xDA, 0x07, 0x3F, 0xDE, 0x05, 0x07, 0x36, 0xF9, 0xDA,
  0x17, 0x16, 0x16, 0xE9, 0xDF, 0xD4, 0xA8, 0x18, 0xC0, 0xEA,
  0x1C, 0x37, 0x4B, 0xDA, 0xE7, 0x04, 0x30, 0xF6, 0xF7, 0xF9,
  0x19, 0x19, 0xD2, 0x11, 0x0D, 0x1E, 0x19, 0x04, 0x0E, 0x29,
  0xD2, 0xD4, 0x97, 0x20, 0x43, 0xF2, 0xC8, 0x14, 0x73, 0xE1,
  0xE3, 0x2A, 0x7C, 0xC9, 0x1A, 0xE8, 0x40, 0x37, 0xF8, 0xDB,
  0xE6, 0x49, 0x10, 0x01, 0xE4, 0x0B, 0x98, 0x20, 0xDB, 0xF3,
  0x18, 0x2A, 0xE6, 0xE7, 0x81, 0x00, 0x21, 0xDC, 0xCA, 0x06,
  0x4E, 0xE0, 0xE5, 0x02, 0x4C, 0x0B, 0xFB, 0x1B, 0x26, 0x1F,
  0x18, 0xDB, 0x1E, 0x1C, 0x2E, 0x1D, 0xD9, 0x16, 0xD2, 0x2D,
  0x2E, 0xC2, 0x12, 0x13, 0xEB, 0xE1, 0xDE, 0xEE, 0x07, 0xE6,
  0xF0, 0xD6, 0x47, 0x0B, 0xCD, 0xBA, 0x18, 0x03, 0x1B, 0xF6,
  0x0A, 0x0D, 0x16, 0xEA, 0xEC, 0x5C, 0x0C, 0x3C, 0x36, 0x1E,
  0x0A, 0xF3, 0xC9, 0xBB, 0xDF, 0xDA, 0xE0, 0xDB, 0xE4, 0x18,
  0xDD, 0x4A, 0x28, 0x2E, 0x2F, 0x4A, 0xC9, 0xE6, 0xF5, 0xF5,
  0x1F, 0xC5, 0x26, 0xFE, 0x16, 0xCE, 0x24, 0x66, 0x07, 0x46,
  0x47, 0xE9, 0xEF, 0xB5, 0x07, 0xF4, 0xE0, 0x1C, 0x15, 0xDF,
  0xF8, 0xED, 0xC7, 0x56, 0x08, 0xD9, 0xF0, 0x2E, 0x90, 0x05,
  0xE0, 0x13, 0x47, 0xC7, 0x02, 0xE2, 0x0D, 0xC0, 0xC2, 0x48,
  0x06, 0x21, 0x47, 0xEB, 0x24, 0x07, 0xFE, 0xE3, 0x1D, 0x23,
  0xFB, 0x1A, 0x35, 0x24, 0xE7, 0x11, 0x58, 0xDA, 0xE6, 0xF5,
  0xBD, 0xFF, 0xCA, 0x17, 0xEE, 0xF5, 0xD2, 0xBE, 0x04, 0xF7,
  0xC7, 0x0D, 0xCA, 0x30, 0x4A, 0x51, 0x28, 0x24, 0x57, 0xF8,
  0x5F, 0x2C, 0xA9, 0x04, 0x3C, 0x3F, 0x0B, 0x4A, 0x27, 0xFC,
  0xD0, 0xAE, 0x98, 0xFF, 0xD0, 0x10, 0x1F, 0xD1, 0xF4, 0xE8,
  0xD3, 0x2A, 0xAB, 0x11, 0xE6, 0x5A, 0x37, 0x24, 0x12, 0xE8,
  0x3B, 0x11, 0xE4, 0xE5, 0xB9, 0x35, 0xDD, 0xCB, 0x43, 0x1D,
  0xCB, 0xE1, 0x0D, 0xF8, 0xA7, 0x13, 0x5E, 0xC8, 0x52, 0xD3,
  0x2D, 0x4B, 0x1B, 0xEC, 0x1A, 0x00, 0x17, 0xDD, 0xE4, 0x0F,
  0xC1, 0xFB, 0xFF, 0x2B, 0x06, 0xD9, 0xC6, 0xC7, 0xD0, 0xE7,
  0x1B, 0x02, 0xDE, 0xC0, 0x71, 0x0C, 0xD4, 0x2A, 0x7E, 0xAE,
  0x2C, 0xB5, 0x1E, 0x47, 0x2A, 0xED, 0xF9, 0x04, 0xE3, 0xDC,
  0xE5, 0x3D, 0xE3, 0xAC, 0xD3, 0x14, 0x57, 0x04, 0x1D, 0xE4,
  0xEA, 0xF9, 0xE9, 0x08, 0x0B, 0xE9, 0x53, 0x04, 0xD6, 0x00,
  0x53, 0xDE, 0x22, 0xD9, 0xFE, 0x49, 0x08, 0xF2, 0xF4, 0x0D,
  0xD2, 0xF3, 0xF3, 0x20, 0x4D, 0xDD, 0xEB, 0x0B, 0x79, 0xD8,
  0x18, 0xB8, 0xF5, 0xFE, 0xE4, 0xD2, 0x1E, 0xE1, 0x36, 0x12,
  0xBE, 0x29, 0xFD, 0xD7, 0xDE, 0xED, 0xC2, 0x34, 0xFC, 0xD4,
  0xE1, 0x0B, 0xBD, 0xEB, 0xC7, 0x71, 0x2D, 0xE2, 0xC7, 0xE2,
  0x43, 0xE7, 0x0B, 0x04, 0x11, 0xEE, 0xD7, 0xE5, 0xFF, 0x25,
  0x3D, 0x5B, 0xA6, 0x21, 0xDF, 0x1A, 0xDF, 0x06, 0xCC, 0x2B,
  0xE8, 0x07, 0xFE, 0x30, 0xDF, 0xF5, 0xBC, 0x6C, 0x22, 0x2C,
  0x1F, 0x11, 0x5B, 0x11, 0xEA, 0x2D, 0x68, 0x01, 0x0F, 0x11,
  0x01, 0x54, 0x0F, 0x2B, 0xC6, 0x43, 0x83, 0x40, 0xEA, 0x1B,
  0xA5, 0xFD, 0x24, 0x11, 0x3D, 0x0B, 0x09, 0x0C, 0x38, 0x23,
  0xFD, 0xFC, 0x22, 0x3C, 0xE8, 0xFD, 0xBA, 0x25, 0x30, 0x0A,
  0x44, 0x26, 0x2E, 0x63, 0xF8, 0xCD, 0xCA, 0xE8, 0x81, 0x35,
  0x23, 0xFF, 0xC0, 0x17, 0x13, 0x33, 0x02, 0x0D, 0x3A, 0x07,
  0x3F, 0x0C, 0xFB, 0x0E, 0x36, 0xF7, 0xFF, 0xE3, 0xB2, 0x44,
  0x27, 0x45, 0xC6, 0xD4, 0x01, 0xEC, 0x5F, 0x01, 0x17, 0x97,
  0x1D, 0x0B, 0xE3, 0xC6, 0x07, 0x27, 0xEF, 0xF6, 0x2A, 0x41,
  0x79, 0xEF, 0x31, 0x07, 0xEF, 0xF9, 0xE4, 0x6E, 0x12, 0x1E,
  0x39, 0xEF, 0x3A, 0x20, 0xC8, 0x0E, 0x2B, 0xBF, 0x1A, 0x0F,
  0xF0, 0xA7, 0xE6, 0xD9, 0x1A, 0xFE, 0xFB, 0xCF, 0x50, 0xCF,
  0xEE, 0x39, 0x35, 0xFF, 0x35, 0xDF, 0x0A, 0x2F, 0xF9, 0x0E,
  0x00, 0x0B, 0x3D, 0x1E, 0xE5, 0x21, 0xE2, 0x56, 0x74, 0x20,
  0xBE, 0xC7, 0x07, 0xD8, 0xE4, 0xFF, 0xDE, 0x41, 0xF1, 0x0E,
  0x20, 0x8F, 0x51, 0xAC, 0x1F, 0x03, 0xEF, 0xFA, 0xEC, 0x26,
  0xC4, 0x48, 0xC8, 0x26, 0x56, 0xC0, 0x1A, 0x34, 0xB6, 0xC3,
  0xB3, 0xC9, 0x81, 0x2F, 0xDB, 0xFA, 0xA9, 0xF9, 0xC8, 0x3B,
  0x1C, 0xF5, 0x2B, 0xD7, 0x22, 0x22, 0x0C, 0x0A, 0xFE, 0x2A,
  0x19, 0xFD, 0xB2, 0x5D, 0xE7, 0xF1, 0xD6, 0x2B, 0x34, 0x66,
  0x03, 0xE1, 0x29, 0xC3, 0xA9, 0x6F, 0x47, 0xE7, 0xEB, 0xC7,
  0xFC, 0x08, 0xFB, 0xD2, 0x6B, 0xC2, 0xF0, 0xDA, 0x4D, 0xC4,
  0x5C, 0x1B, 0x15, 0xDC, 0xFD, 0xF4, 0xC2, 0xED, 0xF2, 0x16,
  0xFA, 0x46, 0xD5, 0xCB, 0x12, 0xF3, 0x3A, 0x3B, 0xEA, 0xF4,
  0xA9, 0xE2, 0xB0, 0x38, 0x5B, 0x07, 0x48, 0xDC, 0x15, 0x31,
  0x73, 0x34, 0x09, 0x51, 0x2E, 0xDF, 0x08, 0xEB, 0xED, 0x35,
  0x4E, 0xB9, 0xE9, 0x30, 0x91, 0xEF, 0x1F, 0xC7, 0x19, 0x91,
  0x11, 0xC8, 0xE7, 0xE7, 0xF1, 0xDF, 0x45, 0xD6, 0xE9, 0xD7,
  0xCF, 0xE7, 0x24, 0x1F, 0x6F, 0xBC, 0xE2, 0x44, 0x09, 0x09,
  0x01, 0xE0, 0x50, 0xFE, 0xFC, 0xFA, 0xEA, 0xFC, 0xE9, 0x11,
  0x0D, 0x5C, 0x15, 0x23, 0x04, 0x00, 0xF2, 0x00, 0x05, 0xF1,
  0x22, 0xFA, 0xDB, 0x54, 0xBD, 0xAC, 0x27, 0x04, 0x05, 0xF0,
  0x0B, 0xE2, 0x19, 0x3A, 0x21, 0x47, 0xDB, 0xE1, 0x29, 0x33,
  0x01, 0x20, 0x1B, 0x07, 0x0A, 0xE6, 0xFC, 0x17, 0x04, 0x0E,
  0x0D, 0x20, 0xF8, 0xF6, 0xDD, 0x01, 0xBF, 0xC2, 0xD3, 0xBE,
  0xF1, 0x02, 0xF7, 0xCE, 0xF4, 0x24, 0x3F, 0x37, 0x03, 0xC1,
  0xFA, 0x18, 0xE0, 0x0C, 0xEF, 0xFA, 0xBE, 0xDA, 0xFA, 0x3C,
  0x30, 0x03, 0x37, 0x5A, 0xF5, 0x2D, 0x2F, 0xE0, 0xF8, 0xE7,
  0xD2, 0xDE, 0x0B, 0xDF, 0xE1, 0xCB, 0xEA, 0x18, 0x27, 0xD3,
  0x20, 0x11, 0xFF, 0x1A, 0xE2, 0xF2, 0xE5, 0xE8, 0xED, 0x22,
  0x07, 0x10, 0x36, 0x02, 0x19, 0x2F, 0xD8, 0x0A, 0x4D, 0xD1,
  0x5A, 0x4F, 0x03, 0x16, 0x13, 0xCE, 0xE0, 0xE1, 0xFB, 0xCB,
  0x2C, 0x81, 0x22, 0x3C, 0xE5, 0x1A, 0xEB, 0x10, 0xDB, 0x02,
  0xD6, 0xFE, 0x0C, 0x1B, 0xC8, 0xEA, 0x1F, 0x15, 0xFE, 0xEC,
  0x2C, 0xC7, 0x45, 0x20, 0x4F, 0x03, 0xFA, 0x07, 0xBE, 0x02,
  0x2A, 0x03, 0xBB, 0xD2, 0xF4, 0x69, 0x9C, 0xE0, 0xE3, 0xE6,
  0xF3, 0x15, 0xEE, 0xE0, 0x23, 0x33, 0x09, 0xC3, 0x1C, 0x0B,
  0x10, 0xF2, 0xE4, 0xD5, 0x07, 0xB9, 0x58, 0xFD, 0xF6, 0xF7,
  0x10, 0x33, 0xCE, 0xF8, 0xE4, 0x35, 0x00, 0x3A, 0x99, 0xF5,
  0xEC, 0xE5, 0x64, 0x1A, 0x12, 0xA0, 0xE6, 0xD2, 0xE3, 0x08,
  0x3F, 0x04, 0x23, 0xC2, 0xCE, 0x2F, 0xF7, 0xDF, 0x15, 0xE5,
  0xF7, 0xCF, 0x0E, 0x03, 0x0D, 0x11, 0x27, 0x1B, 0xF9, 0x53,
  0x7C, 0x26, 0xBA, 0xD4, 0x79, 0x2B, 0x16, 0xC4, 0xEB, 0xD2,
  0xE7, 0xEF, 0xB5, 0xE9, 0xB3, 0x1C, 0x03, 0x13, 0x31, 0xE2,
  0x13, 0xB3, 0x23, 0xB7, 0x6E, 0xFC, 0x90, 0xB0, 0xE9, 0x08,
  0xE0, 0x23, 0x21, 0x0E, 0xE8, 0x2A, 0x03, 0xB3, 0x12, 0x0C,
  0x16, 0x2C, 0xC3, 0x03, 0xDB, 0x04, 0xDB, 0x4E, 0x94, 0x21,
  0x54, 0xE5, 0x24, 0xB2, 0xF7, 0xF3, 0x26, 0xEB, 0x92, 0xBB,
  0x55, 0xE1, 0xE3, 0x49, 0x66, 0x03, 0x33, 0xF4, 0xD9, 0xB9,
  0x1D, 0xD8, 0xF2, 0x17, 0x4C, 0x0E, 0x5F, 0xEA, 0xD4, 0xD8,
  0xBE, 0x3F, 0x27, 0x45, 0x05, 0x0D, 0xCE, 0xC4, 0x11, 0x26,
  0xE6, 0x0A, 0x65, 0x21, 0xF5, 0x2A, 0x2F, 0xC8, 0xE3, 0xD8,
  0x13, 0x20, 0x2B, 0xCD, 0x18, 0xED, 0x1C, 0x1E, 0x14, 0xD7,
  0xF5, 0x81, 0xF8, 0xF9, 0x4D, 0x28, 0x16, 0xEA, 0xF8, 0x09,
  0x1C, 0x26, 0x97, 0x13, 0x19, 0xBC, 0x2E, 0x0F, 0x43, 0xE8,
  0xA6, 0xE4, 0x19, 0xC6, 0x0E, 0xF5, 0x40, 0xEA, 0xD4, 0x42,
  0xD7, 0x22, 0xC3, 0xEA, 0xC1, 0x38, 0xE3, 0xA8, 0x03, 0xE7,
  0x67, 0x0D, 0xB9, 0xF5, 0xA2, 0xD1, 0x28, 0xFF, 0xF4, 0x09,
  0xCE, 0xCF, 0xEB, 0x36, 0xF1, 0xCA, 0x21, 0xDD, 0xE0, 0x0C,
  0x13, 0x0E, 0x21, 0xE9, 0xE7, 0xDB, 0xF4, 0x19, 0x24, 0x01,
  0x61, 0x06, 0xDD, 0xCE, 0xFF, 0xF9, 0xEB, 0x1F, 0x46, 0x1C,
  0xB3, 0x16, 0x53, 0xF5, 0xF1, 0x13, 0x2A, 0x0B, 0x3B, 0xFD,
  0xD3, 0x18, 0x21, 0x1C, 0x18, 0x14, 0xE8, 0xB9, 0xF6, 0x12,
  0x6C, 0x07, 0x05, 0xD4, 0xF2, 0xB9, 0x7F, 0x3C, 0xD3, 0x1C,
  0x55, 0x10, 0x63, 0x38, 0x0D, 0x12, 0xB8, 0xF9, 0x45, 0xF5,
  0xA6, 0xCF, 0xF5, 0xE7, 0xD8, 0xC4, 0xF3, 0x66, 0x53, 0xD5,
  0xC4, 0x7F, 0x0A, 0x0D, 0x00, 0x02, 0x50, 0x94, 0x20, 0x21,
  0xAF, 0xDF, 0xFA, 0xB2, 0x2A, 0x3D, 0xBB, 0x41, 0x53, 0xE8,
  0x31, 0xFC, 0xEC, 0xEC, 0xBD, 0xEA, 0xC7, 0x99, 0x2D, 0x14,
  0x39, 0xC7, 0xF1, 0xF0, 0x32, 0x1B, 0x24, 0xD4, 0xDA, 0xDA,
  0xCD, 0x11, 0x05, 0xDA, 0x1E, 0x21, 0xFB, 0xE9, 0x03, 0x33,
  0x3A, 0xAA, 0x21, 0x57, 0xF0, 0xE8, 0xCD, 0xCE, 0xF7, 0x0C,
  0x3C, 0x60, 0x48, 0xCC, 0x0A, 0xDB, 0x2D, 0x34, 0xB8, 0xF2,
  0x1B, 0xEA, 0xB2, 0x53, 0xC3, 0x46, 0x28, 0xF1, 0xFB, 0x50,
  0xDE, 0xB7, 0xE5, 0xAD, 0xEF, 0x4B, 0xC9, 0xF4, 0x2A, 0x5C,
  0x18, 0xDB, 0x14, 0xF2, 0x49, 0xD9, 0xD1, 0x14, 0xF4, 0x16,
  0x0A, 0x44, 0x1D, 0xE6, 0x31, 0x36, 0x0E, 0xA0, 0xA2, 0xEE,
  0x13, 0x4E, 0x92, 0x0D, 0x17, 0x0C, 0xDE, 0x7B, 0x12, 0xC1,
  0x47, 0xC7, 0xE0, 0xCD, 0x04, 0x29, 0x07, 0xAB, 0x0E, 0x71,
  0x4C, 0x51, 0x2E, 0x01, 0x44, 0xD0, 0x02, 0xDB, 0xA1, 0x09,
  0xFD, 0xB0, 0xED, 0x3F, 0xE1, 0xF6, 0x32, 0xCC, 0xCA, 0x05,
  0xD0, 0xDC, 0xD0, 0xD9, 0xBA, 0x04, 0x2C, 0xD6, 0x29, 0x12,
  0xDD, 0xCF, 0x65, 0x1D, 0x4F, 0xF6, 0x23, 0x24, 0xE9, 0x31,
  0xFA, 0x39, 0xD9, 0x16, 0xBD, 0x31, 0xDD, 0x23, 0xD6, 0xCC,
  0xDF, 0x5B, 0xFD, 0x06, 0x0D, 0x21, 0x1C, 0x26, 0xB5, 0x0F,
  0x22, 0xC3, 0xE7, 0xD1, 0x06, 0x45, 0x3D, 0xBA, 0x05, 0x61,
  0x16, 0xFE, 0xFC, 0x16, 0xE5, 0xC9, 0xC4, 0xFB, 0x28, 0xF7,
  0x36, 0x00, 0xEC, 0x9D, 0x40, 0xF2, 0xAB, 0xC2, 0x1F, 0x33,
  0xDA, 0xC5, 0xEE, 0xE6, 0x15, 0xBB, 0x06, 0x4D, 0x14, 0xDD,
  0x4F, 0x0F, 0x06, 0x69, 0xD4, 0xD1, 0xE2, 0x0A, 0xD1, 0x1C,
  0xEC, 0xCD, 0x2A, 0x23, 0xB4, 0x4F, 0x3F, 0xCD, 0xF8, 0x28,
  0xE8, 0x26, 0xB0, 0xCC, 0x13, 0xF6, 0x0E, 0x06, 0x01, 0x49,
  0xC7, 0xCB, 0x03, 0x1F, 0xE7, 0x46, 0xD9, 0xF1, 0xC4, 0xF7,
  0x1B, 0x47, 0x01, 0xF2, 0x30, 0xEB, 0x0D, 0x67, 0x18, 0xBE,
  0xE8, 0x44, 0xEB, 0xE7, 0xFD, 0xD9, 0x67, 0xB5, 0xCA, 0x5C,
  0x09, 0xEB, 0xDA, 0x3C, 0x02, 0xF2, 0x04, 0xD5, 0x18, 0x51,
  0x04, 0x52, 0xE8, 0x7F, 0x18, 0x21, 0xD3, 0xC1, 0xE2, 0x01,
  0x01, 0x1A, 0xE0, 0x0F, 0xE2, 0xC8, 0x11, 0xBD, 0x05, 0xF1,
  0x1A, 0x57, 0x3A, 0xFC, 0xEC, 0xE4, 0xEC, 0xF8, 0x2E, 0x01,
  0x2B, 0x2B, 0x3A, 0xD7, 0x07, 0xF9, 0x3B, 0x06, 0x0B, 0x96,
  0xE0, 0xA7, 0x05, 0xD7, 0x15, 0x07, 0xF7, 0xF3, 0x1C, 0xBF,
  0xE8, 0x41, 0x06, 0x3B, 0x32, 0xE8, 0x23, 0x18, 0xDA, 0x36,
  0x21, 0x22, 0x3B, 0xFC, 0x68, 0xB3, 0x03, 0x06, 0x2A, 0x35,
  0x3C, 0x17, 0xC9, 0x10, 0x17, 0x22, 0xA2, 0x13, 0xA4, 0x0D,
  0xF5, 0xCC, 0x1D, 0x23, 0x27, 0x12, 0x01, 0x22, 0x53, 0xAC,
  0x07, 0x32, 0xF9, 0xFA, 0xDD, 0x8F, 0xCC, 0xF4, 0xF9, 0x18,
  0x05, 0xF3, 0x41, 0x2F, 0xAD, 0x00, 0x1B, 0x3A, 0x05, 0xF4,
  0x15, 0x20, 0xFB, 0x04, 0x25, 0xB5, 0x00, 0x05, 0x25, 0x31,
  0xCB, 0xFA, 0xF0, 0xE2, 0xE5, 0x12, 0xF5, 0xD9, 0xCF, 0x07,
  0x3D, 0x27, 0xD2, 0xE4, 0x27, 0xE3, 0x12, 0xEB, 0xC8, 0xF9,
  0xBE, 0xAB, 0xEB, 0xD3, 0x08, 0x22, 0xA3, 0x32, 0x20, 0x87,
  0x19, 0x55, 0xFA, 0x31, 0x2E, 0xC4, 0xFC, 0xF9, 0xE6, 0xE6,
  0xEF, 0x8B, 0x2F, 0x26, 0xB4, 0xD3, 0x10, 0x18, 0x2D, 0x29,
  0xCF, 0xDD, 0x24, 0x0E, 0xC3, 0x58, 0xF0, 0xAB, 0x2A, 0x33,
  0xF3, 0x09, 0xCB, 0xCB, 0x1A, 0x38, 0xC1, 0x0F, 0xDC, 0xFA,
  0x1C, 0xE7, 0x41, 0x4B, 0x40, 0x59, 0xC9, 0xCD, 0x27, 0x23,
  0x3C, 0xB2, 0x08, 0xDE, 0xF0, 0xF4, 0xF4, 0x13, 0xDC, 0x46,
  0x42, 0xF9, 0xA9, 0x0A, 0x1C, 0x96, 0xED, 0x0D, 0xA9, 0x0B,
  0xEE, 0x3C, 0xEC, 0x43, 0x72, 0x4C, 0x68, 0xC2, 0xF4, 0xA9,
  0x16, 0x23, 0xEB, 0xE6, 0x23, 0xF6, 0xFD, 0xB7, 0xDC, 0x88,
  0xE3, 0x64, 0x28, 0xF9, 0x12, 0xF9, 0xAB, 0xA5, 0x31, 0x1A,
  0xED, 0x2D, 0x30, 0x0A, 0x81, 0x10, 0x47, 0x15, 0x0B, 0xA7,
  0x00, 0xE7, 0x14, 0x13, 0xBF, 0x26, 0x47, 0x39, 0xF8, 0xC9,
  0x5D, 0xBC, 0xAC, 0x46, 0xB0, 0xF7, 0x3A, 0x18, 0x14, 0x12,
  0x16, 0xAD, 0xCE, 0xF6, 0xA9, 0xC3, 0x08, 0xD4, 0x0D, 0xDF,
  0x58, 0x62, 0xD7, 0x97, 0x20, 0xF5, 0x41, 0xE9, 0xD7, 0x43,
  0xFB, 0x54, 0x10, 0x90, 0x27, 0x39, 0xD3, 0x30, 0x79, 0xF2,
  0xFE, 0xF9, 0x22, 0x44, 0x2E, 0x03, 0x8D, 0xE4, 0x5B, 0xC4,
  0x52, 0xA8, 0x67, 0x29, 0xD9, 0xA9, 0x44, 0xFC, 0xEF, 0xD9,
  0x15, 0xB6, 0xCD, 0x13, 0x00, 0x16, 0xF4, 0xF9, 0x41, 0x49,
  0x03, 0xFA, 0x1E, 0x12, 0x40, 0x62, 0x02, 0xCE, 0xA5, 0xF1,
  0xE1, 0xA8, 0xD8, 0xF3, 0x40, 0x42, 0x20, 0x2B, 0x19, 0x03,
  0xD8, 0xF1, 0xD2, 0xFB, 0x18, 0x57, 0x1B, 0x02, 0x05, 0x4E,
  0x55, 0xB7, 0x30, 0x07, 0x47, 0x47, 0xEA, 0xD7, 0x1C, 0xCB,
  0xCC, 0x4C, 0x08, 0x15, 0xD6, 0xE4, 0x00, 0x48, 0x39, 0x9E,
  0xD8, 0xA2, 0x0D, 0x01, 0x05, 0xF6, 0xFE, 0x03, 0x05, 0x08,
  0xF9, 0x2A, 0x15, 0xE1, 0x20, 0x42, 0x0B, 0x4A, 0xD5, 0x24,
  0xF3, 0xD1, 0x11, 0xFB, 0x05, 0xFE, 0xE3, 0xF5, 0xD9, 0x68,
  0xF8, 0x05, 0x24, 0xF3, 0x33, 0xFA, 0x00, 0x03, 0xF3, 0xF6,
  0xD4, 0xE5, 0x07, 0x13, 0x25, 0x09, 0x1A, 0xCA, 0x33, 0xD6,
  0x1A, 0x12, 0x09, 0xB8, 0x3A, 0x12, 0x08, 0x09, 0x2B, 0x81,
  0x3A, 0x64, 0xC8, 0x79, 0x0B, 0x5A, 0xE7, 0x21, 0x2D, 0xFC,
  0x09, 0x0E, 0xB9, 0x39, 0x39, 0x5E, 0x3E, 0xBB, 0x38, 0xDF,
  0x35, 0x09, 0x3B, 0xEC, 0x38, 0xBF, 0xBC, 0x1F, 0x02, 0x21,
  0x23, 0xC6, 0x0F, 0x20, 0xDF, 0xC3, 0x00, 0xBE, 0xEA, 0x38,
  0xE9, 0xE7, 0x01, 0x21, 0x1F, 0x16, 0x06, 0xF6, 0x06, 0xD3,
  0x24, 0xB7, 0x06, 0x19, 0xFB, 0x12, 0x25, 0x21, 0xC7, 0x36,
  0x0E, 0x07, 0xB9, 0x2C, 0xB4, 0x57, 0x10, 0xD9, 0x4A, 0xBE,
  0xF7, 0x5B, 0xFF, 0xCE, 0xD3, 0xF7, 0x08, 0x12, 0xC8, 0xFC,
  0x20, 0xE5, 0x27, 0xB6, 0xF5, 0x23, 0x28, 0xEE, 0xF4, 0x01,
  0x00, 0xE0, 0x1E, 0x13, 0xD2, 0xB6, 0xCE, 0x3B, 0xAD, 0x2C,
  0x0B, 0x4E, 0xED, 0xE6, 0xCD, 0xEB, 0xEB, 0x11, 0xF6, 0xBB,
  0x03, 0x08, 0x2E, 0xFB, 0x27, 0xFF, 0xF3, 0x3E, 0xFE, 0x41,
  0x26, 0x0C, 0xBD, 0x0A, 0x36, 0xEB, 0xC5, 0x95, 0x7F, 0x17,
  0xE0, 0x1F, 0xFA, 0x04, 0x52, 0xE1, 0xE6, 0xC6, 0x11, 0x23,
  0x1B, 0x24, 0x1B, 0x0C, 0xBA, 0x17, 0xCD, 0xF2, 0x27, 0xC1,
  0xC5, 0x10, 0xFB, 0xAD, 0x57, 0x4A, 0xE4, 0x0B, 0x3F, 0xE3,
  0x42, 0x2F, 0x01, 0xF0, 0xE9, 0x0F, 0x0C, 0xC3, 0x36, 0x0B,
  0xC1, 0x06, 0x0B, 0x0E, 0xCD, 0xEB, 0xDE, 0x01, 0x15, 0x1D,
  0xEF, 0x07, 0x13, 0xD2, 0x14, 0xA9, 0xE5, 0x1B, 0xB1, 0xD3,
  0x23, 0x02, 0xFA, 0xF6, 0x29, 0x11, 0xF0, 0x2F, 0x12, 0xF2,
  0x1B, 0xC0, 0xE2, 0xF3, 0xFF, 0x41, 0xC0, 0x03, 0xCC, 0xC3,
  0xDF, 0x13, 0x25, 0x19, 0xDB, 0xE0, 0x2F, 0xB6, 0xF1, 0x5D,
  0xBA, 0xC0, 0x0C, 0xFA, 0x3B, 0x14, 0x0D, 0x0F, 0xF2, 0xDD,
  0xED, 0xF4, 0xF1, 0xEF, 0xE2, 0x06, 0x2C, 0x70, 0x12, 0xD1,
  0xF7, 0x97, 0xFA, 0x10, 0xE1, 0x30, 0x96, 0x34, 0xDE, 0xD1,
  0xF4, 0x3F, 0x37, 0xCD, 0x06, 0xF3, 0x10, 0x12, 0x1A, 0x22,
  0xE5, 0xD9, 0x02, 0xF7, 0x34, 0xFB, 0x08, 0xFF, 0xFB, 0x33,
  0xAB, 0xD8, 0x17, 0x04, 0xF8, 0xF8, 0xB8, 0x37, 0xC3, 0x1C,
  0xFE, 0x39, 0xE1, 0x27, 0xD1, 0xB7, 0x44, 0x25, 0x00, 0x2A,
  0xFD, 0x25, 0xC5, 0x3B, 0x0F, 0x23, 0x38, 0xE8, 0xF3, 0x1C,
  0xE9, 0x00, 0xDE, 0x27, 0x0B, 0xEB, 0x3C, 0xF8, 0x4A, 0x10,
  0x29, 0xE3, 0xE1, 0x22, 0x34, 0xF9, 0xE3, 0xE4, 0x4B, 0xF1,
  0x05, 0x31, 0xA4, 0xEF, 0xE6, 0x11, 0x04, 0xCC, 0x03, 0x1D,
  0xF8, 0xE4, 0x07, 0x28, 0x35, 0xDF, 0x13, 0xE4, 0x06, 0x31,
  0x61, 0x35, 0x28, 0x40, 0x9A, 0xDE, 0x3E, 0x0F, 0xDE, 0x15,
  0x39, 0xF3, 0xC0, 0xE1, 0x16, 0xF0, 0xB1, 0xEB, 0x18, 0x3B,
  0xCE, 0xD3, 0x32, 0x1D, 0x1E, 0x2E, 0xF3, 0x39, 0x35, 0xC5,
  0xFE, 0xCA, 0x28, 0x22, 0x29, 0x3F, 0xEE, 0xC5, 0xC7, 0x00,
  0xD1, 0xF0, 0xC5, 0x21, 0x3C, 0x63, 0x20, 0xCE, 0x9C, 0xE1,
  0x16, 0xEF, 0xC2, 0x32, 0x19, 0xCF, 0x38, 0xF6, 0x49, 0x44,
  0x3B, 0xD9, 0x17, 0xF0, 0x2E, 0x57, 0x25, 0xFC, 0x2F, 0x9E,
  0x11, 0x30, 0xEA, 0xEC, 0x07, 0xD6, 0x09, 0x33, 0x0B, 0xB2,
  0xD1, 0xE5, 0x32, 0xF4, 0xF3, 0xE3, 0xC5, 0xD5, 0x25, 0x2E,
  0xEA, 0x18, 0x2B, 0xD1, 0xEF, 0x77, 0x2B, 0x4B, 0x37, 0xD2,
  0x1F, 0x81, 0xFC, 0xF6, 0x2C, 0xD9, 0xED, 0xA8, 0x33, 0x49,
  0xAA, 0xF5, 0xD0, 0xF2, 0xFB, 0x28, 0xF6, 0xF4, 0x22, 0x07,
  0xD0, 0xFB, 0x09, 0x44, 0xF6, 0xA6, 0x00, 0xC4, 0x47, 0xFE,
  0x20, 0x43, 0xFF, 0xF7, 0xEA, 0x15, 0x10, 0x4F, 0x9E, 0x4A,
  0x24, 0x13, 0xCB, 0xEC, 0x86, 0xE5, 0x39, 0x6B, 0xD9, 0xE1,
  0xF7, 0x01, 0x30, 0x29, 0xEE, 0x10, 0xE0, 0xDE, 0xDB, 0x3D,
  0x0A, 0x29, 0xDD, 0x20, 0x15, 0x17, 0xE7, 0xFC, 0x21, 0x73,
  0x25, 0x11, 0xC0, 0x0B, 0x02, 0x2A, 0xD0, 0x05, 0xEC, 0xE8,
  0xFD, 0xFC, 0x6F, 0x10, 0x32, 0x0D, 0x19, 0x2D, 0x18, 0x2A,
  0xEB, 0xBC, 0x15, 0x09, 0x45, 0x20, 0xE0, 0x13, 0xEF, 0x10,
  0x1D, 0x43, 0xC0, 0xF9, 0x49, 0x31, 0xFF, 0xE5, 0xCD, 0xE7,
  0xFE, 0x24, 0xB7, 0xBC, 0x07, 0x3E, 0x56, 0xFB, 0xF1, 0x0A,
  0x21, 0x0C, 0xEB, 0x56, 0x1E, 0x63, 0x9F, 0x1C, 0x04, 0xEE,
  0x01, 0xF9, 0xD6, 0x2F, 0xD7, 0xA4, 0xCC, 0xE6, 0x21, 0xEE,
  0xE3, 0xDD, 0x22, 0xE9, 0xCC, 0x25, 0x75, 0xE0, 0x2B, 0xDA,
  0x26, 0x44, 0xEC, 0x09, 0xF5, 0x03, 0x02, 0xE3, 0xDD, 0x17,
  0xD6, 0xD3, 0xE2, 0x0D, 0x16, 0xF9, 0xF7, 0xCC, 0xC5, 0xEC,
  0xEC, 0x19, 0xDF, 0xDE, 0x57, 0xED, 0xC7, 0xEF, 0x6A, 0xDD,
  0x0C, 0xC5, 0x10, 0x3A, 0xF5, 0x0C, 0xFB, 0x1E, 0xB0, 0x01,
  0xE4, 0x18, 0x09, 0xDF, 0xFF, 0xFC, 0x54, 0xF9, 0x35, 0xDE,
  0xE8, 0xE6, 0x19, 0xEB, 0xFA, 0x0A, 0x27, 0x07, 0xC0, 0x08,
  0x09, 0xCB, 0x17, 0xB7, 0xDE, 0x25, 0x1C, 0xCC, 0x0A, 0x04,
  0xB9, 0x0F, 0xE0, 0x5B, 0x05, 0xE5, 0xA3, 0xD6, 0x40, 0x0A,
  0x2C, 0xD1, 0xEF, 0xC6, 0xE2, 0xF1, 0x17, 0x2A, 0x21, 0x55,
  0x9B, 0x0D, 0x0A, 0x01, 0xED, 0x16, 0xE6, 0x38, 0x14, 0x13,
  0x2D, 0x2F, 0xD6, 0xF6, 0xDC, 0x7F, 0x39, 0xE6, 0xD6, 0x25,
  0x4A, 0x18, 0xE2, 0xFB, 0x37, 0x00, 0xD1, 0x34, 0xEC, 0x40,
  0x31, 0x2B, 0xD4, 0x43, 0xA0, 0x17, 0xD3, 0xE7, 0x05, 0xFC,
  0x1F, 0x0D, 0x16, 0x35, 0xEE, 0x0D, 0x3E, 0x20, 0x0E, 0x05,
  0x30, 0x10, 0x2A, 0x04, 0xBD, 0x20, 0x4D, 0x17, 0x1F, 0x01,
  0x1F, 0x36, 0x36, 0xFA, 0xD4, 0x28, 0x8B, 0x4A, 0x23, 0xE1,
  0xDC, 0xC1, 0x31, 0x42, 0xF1, 0xE9, 0x2E, 0x01, 0x3D, 0x26,
  0x09, 0xEF, 0x43, 0xD5, 0xF6, 0xE9, 0x95, 0x1A, 0x25, 0x15,
  0x21, 0x05, 0x21, 0x19, 0xF4, 0xF2, 0xBD, 0xE8, 0xF3, 0x03,
  0x64, 0xCC, 0xEE, 0x10, 0x08, 0x3B, 0xD7, 0xF4, 0x0E, 0x13,
  0x03, 0x20, 0x0B, 0xF5, 0x50, 0xFE, 0xFF, 0xDE, 0xBF, 0x10,
  0xF7, 0x18, 0xD4, 0x1F, 0xF8, 0x4D, 0x30, 0x04, 0x0F, 0xC8,
  0xFB, 0x37, 0xF4, 0x00, 0xCB, 0xFC, 0xF7, 0x0E, 0xC7, 0xFA,
  0xF8, 0xF0, 0x1C, 0xD6, 0xE8, 0x3E, 0x12, 0x3C, 0xBB, 0xC6,
  0x2B, 0xD0, 0xF9, 0xDE, 0xF8, 0x1A, 0x1D, 0x0F, 0x0E, 0xF3,
  0xFE, 0xFF, 0xCD, 0x2D, 0x18, 0x0F, 0x1E, 0x14, 0x24, 0x03,
  0xD4, 0x38, 0xFA, 0xFF, 0x1D, 0xFC, 0xF0, 0xDE, 0x19, 0x0E,
  0xE6, 0xF7, 0x1B, 0x3B, 0xE5, 0x00, 0x42, 0xB7, 0x14, 0xF8,
  0x00, 0x05, 0xF0, 0xD7, 0xDC, 0xE9, 0x16, 0x21, 0xD8, 0xA4,
  0x19, 0x81, 0x05, 0x09, 0xFC, 0x2C, 0xFC, 0xEC, 0x1B, 0xD7,
  0x5E, 0x23, 0x9F, 0x1D, 0x18, 0x1E, 0x01, 0x26, 0x08, 0xCB,
  0xCD, 0xFA, 0x47, 0xDF, 0x28, 0xD3, 0xFC, 0xF2, 0xED, 0x29,
  0xCD, 0x21, 0xCF, 0xD8, 0xFF, 0x2F, 0x2B, 0xCC, 0xFB, 0xEB,
  0x19, 0x13, 0xFF, 0x10, 0xEB, 0x11, 0xF6, 0xFF, 0x22, 0x1A,
  0xE3, 0xF8, 0x02, 0x01, 0x0F, 0x9F, 0x09, 0xC5, 0xDB, 0x0E,
  0x49, 0x0E, 0x0D, 0x2A, 0x18, 0xDE, 0xF7, 0x4D, 0x12, 0x0C,
  0x2D, 0x24, 0x1B, 0xFB, 0x04, 0xFE, 0xC5, 0xDB, 0x38, 0x36,
  0xBB, 0x12, 0x14, 0xE3, 0x0E, 0x1C, 0x18, 0x36, 0x44, 0xDF,
  0x0D, 0x04, 0x05, 0x27, 0xF2, 0xD0, 0xED, 0xAA, 0x1C, 0x1E,
  0x36, 0x06, 0xEF, 0xD5, 0x2C, 0xDD, 0x13, 0x47, 0x9C, 0x08,
  0x0A, 0xF1, 0x19, 0x36, 0x0D, 0x16, 0xDC, 0x04, 0x3C, 0x22,
  0xE4, 0xFA, 0x09, 0x27, 0x1A, 0xE9, 0xFE, 0xCD, 0x12, 0xCF,
  0x13, 0x1C, 0xF5, 0xED, 0xB3, 0x27, 0xE8, 0xF9, 0xF5, 0x2A,
  0xE4, 0xD8, 0x31, 0x26, 0xE6, 0x25, 0x39, 0x11, 0xEC, 0x28,
  0xDA, 0xF1, 0x17, 0x09, 0xE4, 0x48, 0x35, 0xEA, 0x17, 0xEE,
  0xA3, 0x8A, 0x12, 0xD5, 0x1D, 0xD9, 0xF9, 0x0A, 0xDF, 0xF1,
  0x11, 0xE2, 0xFE, 0x20, 0x09, 0xD4, 0xA8, 0xDA, 0xE5, 0x1F,
  0x22, 0x08, 0xE4, 0xC6, 0x63, 0x13, 0xDE, 0x16, 0x2D, 0x7F,
  0xFA, 0x2B, 0x1A, 0xB2, 0xF7, 0xC5, 0x41, 0xDB, 0xF2, 0xD3,
  0xA9, 0xCC, 0xE7, 0x17, 0xF7, 0xF6, 0xDA, 0xE2, 0xF4, 0xCE,
  0x16, 0x2D, 0xD1, 0xD8, 0x23, 0xFC, 0x23, 0xDD, 0xED, 0xED,
  0xFB, 0x25, 0xFB, 0x24, 0x19, 0xA8, 0x16, 0xE4, 0x17, 0x9D,
  0xE8, 0x06, 0xAD, 0xFF, 0xDE, 0x0E, 0x0A, 0xE6, 0x34, 0xC6,
  0xEF, 0xCA, 0xEB, 0x16, 0x0A, 0xB6, 0x08, 0xE4, 0x0F, 0x10,
  0x11, 0xEC, 0x37, 0xF1, 0x05, 0x16, 0xEC, 0x8F, 0x06, 0xB6,
  0x3A, 0xE3, 0xCA, 0xB1, 0xA4, 0xEB, 0x1A, 0x22, 0xEC, 0xFF,
  0xFC, 0xB5, 0xB7, 0x02, 0x1B, 0x35, 0xDE, 0xCE, 0xF0, 0xD4,
  0x03, 0x41, 0xFC, 0x21, 0x12, 0x20, 0x09, 0x06, 0xC2, 0x9A,
  0x11, 0x94, 0x46, 0xEB, 0xE9, 0xF6, 0xAD, 0xD5, 0xD3, 0x28,
  0x16, 0x09, 0x13, 0xDB, 0xBD, 0xD6, 0xC1, 0x2D, 0x15, 0xEA,
  0x0F, 0x17, 0x03, 0x0C, 0x2A, 0xC8, 0x3F, 0x3F, 0x31, 0x10,
  0xE3, 0x96, 0x09, 0xD9, 0x02, 0x07, 0xBE, 0xE7, 0xBA, 0xD0,
  0xC2, 0xF4, 0x2D, 0x08, 0xD6, 0xD6, 0xB5, 0xF9, 0xE8, 0x26,
  0xFE, 0xB8, 0x12, 0x12, 0x1C, 0x29, 0xFD, 0xF3, 0x04, 0x17,
  0xEF, 0x1E, 0xFE, 0xC8, 0x3A, 0xE2, 0xF8, 0xFC, 0xF3, 0xCA,
  0x04, 0xE4, 0xDD, 0xF3, 0x37, 0x0C, 0x43, 0xC0, 0x60, 0xAD,
  0x21, 0x1B, 0xA5, 0x0F, 0x2B, 0x0A, 0xF1, 0x1D, 0xEA, 0xE2,
  0x10, 0xF4, 0xDD, 0x6F, 0xCA, 0xB7, 0x31, 0xF8, 0xE0, 0xCE,
  0x54, 0xAA, 0xFC, 0xFD, 0xE7, 0x81, 0xF7, 0x14, 0x01, 0x14,
  0x45, 0xF7, 0xFD, 0x00, 0xF1, 0x13, 0xC7, 0x26, 0xC5, 0x08,
  0x1C, 0xF6, 0x15, 0xAF, 0x04, 0x6D, 0x14, 0xF7, 0x0F, 0xEA,
  0xC1, 0xC4, 0x09, 0x69, 0x2D, 0xF6, 0xA3, 0xC1, 0xC3, 0x4E,
  0x24, 0x5F, 0xDF, 0xF5, 0x08, 0xC2, 0xE4, 0xF3, 0x1B, 0xF1,
  0x0A, 0x25, 0x37, 0xF1, 0x04, 0xAA, 0x44, 0x22, 0xF0, 0xBB,
  0xED, 0xF0, 0x1B, 0x3E, 0x00, 0xCF, 0x33, 0xCF, 0x46, 0xAC,
  0xE7, 0x0C, 0x72, 0x16, 0xF8, 0x28, 0xFA, 0x44, 0xF2, 0xEA,
  0x31, 0xE2, 0xCC, 0x15, 0x25, 0x15, 0x14, 0xF6, 0xD3, 0x22,
  0xC4, 0x16, 0xE1, 0xC6, 0x1B, 0xF9, 0x34, 0xEC, 0x24, 0xDF,
  0xF3, 0xEB, 0x3F, 0x0F, 0x26, 0x02, 0x52, 0xF9, 0x1C, 0x19,
  0x8E, 0x3E, 0xE4, 0xF4, 0x09, 0x2B, 0xE1, 0x18, 0xF0, 0x05,
  0x0C, 0x78, 0x1F, 0x05, 0xB9, 0xFD, 0x29, 0xDE, 0xF9, 0x0A,
  0x04, 0xCA, 0xEE, 0x60, 0x09, 0x38, 0xE1, 0x3B, 0x1B, 0xE9,
  0x63, 0x0D, 0x92, 0xED, 0x2A, 0xEB, 0xFD, 0xDA, 0x27, 0x02,
  0x13, 0x17, 0x20, 0x76, 0xE3, 0x0D, 0xA7, 0x43, 0x26, 0xE0,
  0xE3, 0xE3, 0x0C, 0xDE, 0x00, 0xAA, 0xFB, 0x17, 0x2D, 0x1C,
  0x02, 0xD9, 0xD4, 0x33, 0xD3, 0xC9, 0x21, 0x01, 0x92, 0xFC,
  0x1C, 0x2E, 0x04, 0xC7, 0x0C, 0x31, 0xE5, 0x00, 0xF9, 0xD1,
  0xE4, 0xA3, 0x11, 0x54, 0x1D, 0x0D, 0xC4, 0x1C, 0x14, 0x78,
  0x13, 0xC6, 0xE7, 0x54, 0xF2, 0x47, 0x11, 0x15, 0x2F, 0xA8,
  0x22, 0x23, 0xBD, 0xFE, 0x20, 0x15, 0xC0, 0xA0, 0x00, 0xCC,
  0x2F, 0xF7, 0x2E, 0x17, 0x42, 0xC8, 0xC3, 0xCA, 0x22, 0x67,
  0x83, 0xA2, 0xDE, 0xCD, 0xB4, 0xC9, 0xC8, 0x53, 0x12, 0x4D,
  0x15, 0xDF, 0x5C, 0xFE, 0x09, 0xB3, 0xE1, 0x6F, 0xC8, 0xE3,
  0x14, 0xD2, 0x56, 0x1E, 0x3A, 0x59, 0xDB, 0x1F, 0xFB, 0x39,
  0xCE, 0x44, 0xF3, 0xE9, 0xFF, 0x1B, 0x12, 0x61, 0xE2, 0xF0,
  0x0E, 0xF4, 0x14, 0x23, 0xEC, 0xFB, 0xF9, 0x24, 0x28, 0x5F,
  0xE8, 0xAC, 0x1B, 0x85, 0xD8, 0x27, 0x06, 0x2E, 0x9D, 0x06,
  0xD8, 0xAF, 0x06, 0x5C, 0x08, 0xE8, 0xED, 0x6D, 0xDE, 0x02,
  0x0F, 0x11, 0xD7, 0x03, 0x3D, 0x7F, 0x25, 0x2E, 0xF1, 0xF0,
  0xED, 0x3E, 0x20, 0xF7, 0x3B, 0xB1, 0x54, 0x66, 0xF1, 0xBA,
  0xAF, 0xC1, 0xBF, 0xFA, 0x1E, 0x31, 0xF4, 0x21, 0x2D, 0x00,
  0x43, 0x13, 0xD2, 0x7D, 0xFB, 0x03, 0x04, 0xD5, 0xF2, 0x33,
  0xC9, 0x0A, 0xE6, 0xE8, 0xCD, 0x0D, 0x00, 0x04, 0xE7, 0x71,
  0xEC, 0xD8, 0x04, 0x31, 0xB1, 0x35, 0x29, 0x23, 0x03, 0xD8,
  0x52, 0x2B, 0xDC, 0xE9, 0x08, 0x28, 0x0B, 0x32, 0xBF, 0x30,
  0x19, 0xF0, 0xB2, 0xD5, 0x9A, 0x19, 0x12, 0xBE, 0x29, 0xD3,
  0x3D, 0x0A, 0xEA, 0x27, 0x45, 0xDA, 0xC4, 0xFB, 0x36, 0x44,
  0x0C, 0xDB, 0x1B, 0xBA, 0xA7, 0x2A, 0xF4, 0x18, 0x3B, 0x02,
  0xF0, 0x11, 0xC4, 0x36, 0xC5, 0x12, 0x9E, 0x24, 0xC9, 0xE5,
  0xCB, 0x09, 0x16, 0x1E, 0xF0, 0xFA, 0xFC, 0xE4, 0xBA, 0x04,
  0xED, 0x3C, 0x2C, 0xB7, 0xED, 0x19, 0xFA, 0xF4, 0x0E, 0x04,
  0x14, 0xF8, 0xFB, 0x16, 0x3E, 0x28, 0xAD, 0x0A, 0xB7, 0x3A,
  0xF5, 0xBB, 0x4D, 0xEC, 0x38, 0xDE, 0x10, 0x1C, 0x1D, 0xF2,
  0xF3, 0x2C, 0x11, 0x16, 0xA6, 0xFE, 0xF3, 0x17, 0xAB, 0x26,
  0xD1, 0x03, 0x46, 0x00, 0x0B, 0x56, 0x21, 0xFD, 0xFD, 0xDB,
  0x21, 0x24, 0xFB, 0xE8, 0x1C, 0xB9, 0xE6, 0xF9, 0x31, 0x46,
  0x0A, 0xCB, 0xD9, 0xF0, 0xF7, 0x03, 0xC3, 0x45, 0xE8, 0x15,
  0x1D, 0x0E, 0xC4, 0x22, 0xEC, 0xF2, 0x4C, 0x3C, 0xEA, 0x08,
  0xFF, 0x27, 0xF7, 0xF3, 0x18, 0xB7, 0x39, 0xC0, 0x07, 0x4B,
  0x43, 0xBC, 0xC6, 0xF0, 0x1B, 0xEA, 0x34, 0x30, 0x4C, 0x28,
  0x50, 0x0A, 0x0F, 0xF7, 0xFF, 0xFB, 0x0F, 0xA8, 0xD9, 0xCF,
  0x25, 0x2C, 0xAB, 0x01, 0xDD, 0x01, 0xF5, 0x89, 0x35, 0x30,
  0xE9, 0x58, 0xE1, 0xC9, 0x12, 0x12, 0x0D, 0xF2, 0x20, 0x09,
  0xFE, 0x2E, 0x02, 0x18, 0x0A, 0xF8, 0x39, 0x0B, 0x44, 0x00,
  0xDB, 0x0B, 0xFD, 0x01, 0xC2, 0xBD, 0x8D, 0x5E, 0xFE, 0xF8,
  0x3E, 0xF9, 0x17, 0x06, 0x2B, 0x21, 0xFF, 0xF9, 0xB7, 0xDE,
  0x1A, 0x41, 0xC4, 0x05, 0x28, 0xBF, 0x3B, 0x0F, 0x05, 0x36,
  0x0D, 0xEA, 0xEE, 0xED, 0xB8, 0xE5, 0x96, 0xF3, 0xB9, 0x59,
  0xE8, 0x15, 0x15, 0xF0, 0xF1, 0xE6, 0xF8, 0x03, 0x1B, 0xF2,
  0xF9, 0x21, 0xC1, 0x10, 0x08, 0xBC, 0x04, 0x23, 0xFC, 0x2D,
  0x47, 0x37, 0x47, 0xE2, 0x01, 0x27, 0xF3, 0x2E, 0xEE, 0xE9,
  0x00, 0x09, 0x27, 0x27, 0x26, 0xD5, 0xFA, 0xFE, 0xD4, 0xE3,
  0xF1, 0xDA, 0x26, 0x29, 0x02, 0x31, 0x01, 0x81, 0x2A, 0x0B,
  0x08, 0x10, 0xFE, 0xDC, 0xE4, 0xFC, 0xFC, 0xF3, 0xFD, 0x05,
  0x17, 0x23, 0x00, 0x46, 0xEA, 0xF6, 0xBC, 0x19, 0xFA, 0x39,
  0x23, 0xD0, 0xD0, 0xCC, 0xD7, 0xD4, 0x38, 0x08, 0x81, 0x35,
  0x1B, 0x0F, 0x5F, 0x20, 0x27, 0x12, 0xC9, 0x0F, 0x42, 0x06,
  0xE9, 0xD7, 0xD8, 0x1E, 0xE5, 0x0F, 0x01, 0xF3, 0xE7, 0xEE,
  0x32, 0xFB, 0x28, 0xCF, 0x24, 0xC1, 0xF7, 0xDC, 0x1C, 0x3C,
  0x9F, 0xD0, 0x21, 0x29, 0x27, 0x1D, 0x23, 0x09, 0xE8, 0x0F,
  0x28, 0xA8, 0x08, 0x02, 0x0E, 0x05, 0x42, 0xE3, 0x1D, 0x01,
  0xE7, 0xC1, 0x00, 0x5B, 0x34, 0x01, 0x32, 0xD0, 0xD2, 0xCF,
  0x37, 0xFC, 0xFA, 0xD0, 0x57, 0x39, 0xF7, 0x03, 0xE0, 0x09,
  0x3D, 0x18, 0x17, 0xC8, 0x27, 0xF6, 0xB2, 0x1D, 0x0C, 0x02,
  0xE8, 0xD2, 0xF2, 0xA2, 0x08, 0x0F, 0x17, 0xF1, 0xF6, 0xB7,
  0xEA, 0xCA, 0xED, 0x62, 0xC1, 0xDA, 0x59, 0xEF, 0x0F, 0xF6,
  0x2B, 0xF3, 0xBC, 0xEB, 0x2D, 0xF5, 0x58, 0xC2, 0xD4, 0x0F,
  0x27, 0x6F, 0x87, 0xE9, 0xD8, 0x94, 0xCF, 0xFF, 0xFF, 0x17,
  0xC2, 0x5C, 0x17, 0xB2, 0xBD, 0x22, 0xCF, 0xD7, 0x20, 0x39,
  0x06, 0xFA, 0xF0, 0xFC, 0xE2, 0x31, 0xD7, 0x63, 0x1C, 0x06,
  0xD2, 0xFB, 0xF1, 0x0E, 0xC2, 0xDF, 0xF9, 0xF3, 0x4B, 0xE2,
  0xDC, 0xE2, 0xE8, 0xDE, 0x03, 0x0A, 0x2C, 0xF3, 0xD7, 0xC0,
  0x09, 0x3B, 0xCC, 0x40, 0xE3, 0x32, 0xBD, 0xF1, 0xF7, 0x10,
  0x26, 0x5D, 0x07, 0x2C, 0xEC, 0x0A, 0x24, 0x31, 0xC8, 0x07,
  0x1F, 0x34, 0x1D, 0xE8, 0x05, 0x24, 0xE3, 0xE3, 0xF7, 0x05,
  0x0F, 0x47, 0x61, 0x25, 0x29, 0x19, 0x50, 0x34, 0xE0, 0xFE,
  0xB1, 0xB1, 0x01, 0xDC, 0xCB, 0xE8, 0xF5, 0x42, 0x25, 0xE3,
  0x03, 0xF0, 0xFF, 0xBE, 0xFA, 0x2D, 0xDB, 0x3B, 0x0A, 0xD3,
  0x2E, 0xFF, 0xC6, 0x18, 0x0F, 0x0C, 0xEB, 0xDD, 0x09, 0xE7,
  0x34, 0xF1, 0xBC, 0x2B, 0xF5, 0xD2, 0xB3, 0xF5, 0x39, 0x3E,
  0xDB, 0xC3, 0x2A, 0xA2, 0x40, 0xC7, 0x05, 0x1C, 0xD1, 0xFF,
  0x2B, 0xEB, 0x27, 0x40, 0xD8, 0xE8, 0xED, 0x02, 0xFE, 0xDE,
  0x0F, 0x1E, 0x08, 0x25, 0x3E, 0x1F, 0x18, 0xEB, 0xBE, 0x01,
  0x3E, 0x09, 0x81, 0xB5, 0xFB, 0xB1, 0x1E, 0x19, 0xF9, 0x14,
  0xFE, 0xCE, 0x3C, 0xE5, 0x23, 0x14, 0xFD, 0xD8, 0x27, 0x29,
  0xDD, 0xF6, 0xD8, 0x36, 0xFF, 0xFA, 0x0F, 0xDB, 0x23, 0x38,
  0x00, 0xB3, 0x70, 0x27, 0xE9, 0xE5, 0xCC, 0xB0, 0x12, 0x12,
  0x08, 0x2C, 0xEC, 0xFF, 0xF0, 0xF7, 0x56, 0x1B, 0x2F, 0x11,
  0x3B, 0x55, 0xC2, 0x16, 0x25, 0x52, 0x0E, 0xA6, 0x05, 0xD8,
  0x2C, 0x47, 0x07, 0x93, 0x41, 0x15, 0x1D, 0xB4, 0x08, 0xF2,
  0x0E, 0x16, 0x22, 0xFF, 0x93, 0x39, 0xF2, 0xDF, 0x39, 0x59,
  0x0B, 0x1A, 0xF9, 0x1D, 0xAF, 0x0C, 0x1C, 0x27, 0xC0, 0xB5,
  0x06, 0x02, 0x09, 0x30, 0x66, 0x00, 0xE2, 0x0E, 0xDD, 0x8F,
  0xE3, 0x73, 0x19, 0xFD, 0xF7, 0xF7, 0x9F, 0xDD, 0xDD, 0xE6,
  0x24, 0x0C, 0xF6, 0xE1, 0xDD, 0x13, 0x24, 0x09, 0x09, 0x22,
  0x26, 0xE6, 0xE4, 0xFA, 0xF9, 0x1A, 0x4E, 0xDD, 0xA3, 0x06,
  0x0B, 0xFC, 0xFE, 0x63, 0x12, 0x19, 0x07, 0xF5, 0xDB, 0xFA,
  0xE8, 0xE4, 0x0F, 0xF1, 0xD1, 0xE7, 0xFE, 0xCA, 0x24, 0xFA,
  0x2F, 0xCE, 0x18, 0xD5, 0x25, 0xE6, 0x17, 0x3D, 0xF5, 0x0B,
  0x39, 0x12, 0x29, 0xE3, 0xC4, 0x05, 0x0E, 0xD3, 0xE4, 0xED,
  0x07, 0x1A, 0xCD, 0xBD, 0xE6, 0xF8, 0x1A, 0x1D, 0x49, 0x25,
  0xF4, 0x12, 0xCE, 0x01, 0x0E, 0xB0, 0xC3, 0xC9, 0x59, 0x25,
  0x3E, 0xD0, 0xC8, 0x51, 0xED, 0xB6, 0xE8, 0x0D, 0x33, 0xD6,
  0x10, 0xE1, 0x0F, 0x0F, 0x81, 0xAC, 0x4E, 0x1E, 0xF1, 0xFE,
  0x08, 0x2B, 0xDD, 0xD7, 0xF2, 0x19, 0xD1, 0xEF, 0xD0, 0xCF,
  0x30, 0x30, 0x51, 0x07, 0xBE, 0xF9, 0x01, 0xEC, 0xEB, 0x1C,
  0x2E, 0x48, 0x18, 0xCE, 0xF0, 0xB1, 0xF7, 0xEC, 0xBB, 0x0E,
  0x28, 0x05, 0x1A, 0xCA, 0xD3, 0xF6, 0xFE, 0xE7, 0x14, 0xED,
  0x08, 0xDE, 0x15, 0xF4, 0xFB, 0x3B, 0xE3, 0x29, 0xFB, 0xE5,
  0xFB, 0x11, 0x37, 0xDD, 0xDE, 0xF8, 0xE5, 0xF1, 0xC2, 0xF8,
  0xCC, 0x26, 0xD4, 0xE9, 0x3A, 0x1A, 0xE2, 0xF9, 0x02, 0x15,
  0x16, 0xF4, 0x20, 0xF7, 0x00, 0x17, 0x1F, 0x35, 0x07, 0x41,
  0xDF, 0xCF, 0xE3, 0x04, 0x4F, 0xD9, 0x06, 0xC7, 0xF3, 0xF5,
  0x9D, 0xD3, 0x05, 0x22, 0x01, 0xFA, 0x3D, 0x17, 0xDB, 0xFA,
  0x0F, 0xF3, 0x13, 0xEF, 0x1E, 0xD2, 0x4E, 0x53, 0x24, 0xC1,
  0x16, 0x18, 0xFB, 0x00, 0xDE, 0x4A, 0x3C, 0xCB, 0x0E, 0xD2,
  0x0C, 0x33, 0xD1, 0xBF, 0xDB, 0x06, 0xE1, 0x33, 0x0D, 0xD7,
  0x04, 0x09, 0xA6, 0xF0, 0x17, 0x27, 0xED, 0xF0, 0x42, 0x46,
  0x51, 0x0F, 0x12, 0x0B, 0x14, 0xA3, 0xFF, 0xF9, 0x3D, 0xDB,
  0xDA, 0x17, 0xE4, 0xB4, 0xD5, 0xEC, 0x11, 0x08, 0x00, 0xDC,
  0x00, 0x05, 0x2F, 0x08, 0x1B, 0xF1, 0x01, 0xF5, 0x35, 0x29,
  0xE1, 0x2B, 0xAF, 0x5E, 0x43, 0x0C, 0x23, 0xD2, 0x97, 0xD5,
  0x3E, 0xC2, 0xF8, 0x08, 0x96, 0xFE, 0xE6, 0xF9, 0xCB, 0x05,
  0xF8, 0xF8, 0xF5, 0x28, 0xF6, 0xD6, 0x37, 0xF1, 0x0A, 0x03,
  0xF9, 0xF2, 0x04, 0x1D, 0x07, 0xF9, 0x05, 0x7F, 0xE5, 0x19,
  0xA2, 0xE2, 0x48, 0xD2, 0x0D, 0xE2, 0xBB, 0x00, 0xCB, 0x8F,
  0x19, 0x32, 0x1C, 0x30, 0xE0, 0x33, 0xCB, 0xAB, 0xDC, 0x0A,
  0x10, 0xFB, 0xFD, 0x09, 0x3B, 0xEF, 0x0F, 0xED, 0xBC, 0x5F,
  0xCC, 0xD8, 0x37, 0xDB, 0x2E, 0xEF, 0xEE, 0xAC, 0x41, 0xB3,
  0xB5, 0xD9, 0xAC, 0x28, 0x11, 0x0E, 0xE0, 0xE7, 0xD9, 0xDE,
  0x11, 0x25, 0x44, 0xF0, 0xC2, 0x1D, 0xD6, 0xD0, 0x0E, 0xFD,
  0xEE, 0xE9, 0xB7, 0xF6, 0x30, 0xBC, 0x0F, 0xBC, 0x1C, 0xB6,
  0x11, 0xF2, 0xE7, 0x30, 0xA8, 0xF1, 0x66, 0xCC, 0x07, 0xC7,
  0xF4, 0xB1, 0xE1, 0x09, 0x2E, 0xCB, 0x08, 0x05, 0xC0, 0x05,
  0x0E, 0x1B, 0x05, 0x26, 0x06, 0xF4, 0x1C, 0x28, 0xE7, 0xBE,
  0xF2, 0xC9, 0xFD, 0x20, 0x08, 0x37, 0xD6, 0x0B, 0x59, 0xEA,
  0xD0, 0xFD, 0x18, 0x02, 0xF9, 0x0E, 0x0A, 0xF8, 0x04, 0x14,
  0xB6, 0x23, 0xEC, 0x01, 0x33, 0xF1, 0x31, 0x0C, 0x29, 0xFD,
  0x02, 0xE1, 0xB8, 0xEA, 0xF1, 0x4B, 0x03, 0xF2, 0xF2, 0x15,
  0x3A, 0xE4, 0xF6, 0x39, 0x11, 0xF8, 0x98, 0xDA, 0x08, 0x17,
  0x13, 0x16, 0xE6, 0x2D, 0xB1, 0xE4, 0x1C, 0x13, 0x07, 0x0B,
  0x05, 0x00, 0x41, 0x05, 0xC1, 0xED, 0xDC, 0x30, 0xF5, 0xEC,
  0x1B, 0xBF, 0x39, 0xE9, 0x18, 0xED, 0x34, 0x04, 0xEC, 0xD0,
  0xDD, 0x15, 0xBC, 0xFE, 0x0A, 0x10, 0x1F, 0x1F, 0xDA, 0xE1,
  0x3F, 0x50, 0x07, 0xD5, 0xF0, 0x14, 0x03, 0x11, 0x67, 0x20,
  0xF1, 0xDD, 0xB9, 0xF3, 0x0A, 0x04, 0x0B, 0x1E, 0x17, 0xFB,
  0x11, 0xE7, 0xCC, 0x00, 0x31, 0xFA, 0xBD, 0xCC, 0x16, 0xD8,
  0x3E, 0xE9, 0x55, 0x15, 0x1B, 0xFE, 0xC0, 0x0C, 0xFC, 0xAA,
  0x10, 0x1A, 0xE7, 0x15, 0xB8, 0x19, 0xEE, 0x35, 0x33, 0x6A,
  0xDB, 0xF1, 0xEA, 0x14, 0xFC, 0x39, 0xE6, 0x15, 0xC6, 0xF4,
  0xF6, 0x2F, 0xEF, 0xD8, 0x20, 0xF9, 0xFC, 0x18, 0xF3, 0xD5,
  0xFE, 0xAE, 0xE7, 0xD3, 0xE2, 0xF9, 0x03, 0xE2, 0x0E, 0x5F,
  0x4D, 0x2C, 0x05, 0xEA, 0x03, 0x0E, 0xF8, 0x05, 0x0A, 0xDA,
  0xE8, 0x1B, 0xEE, 0xFD, 0x28, 0xA1, 0xCC, 0xFF, 0xC8, 0x14,
  0x08, 0xCE, 0x11, 0xDB, 0xD1, 0xDF, 0xE6, 0xE8, 0xE0, 0xDE,
  0x0C, 0x05, 0xFB, 0x1B, 0x26, 0xFB, 0x36, 0xF7, 0xFE, 0x2E,
  0xC3, 0xFA, 0x41, 0x3A, 0xF9, 0x31, 0xD9, 0xEA, 0xFA, 0xE4,
  0xC3, 0x11, 0x59, 0xE7, 0x3F, 0x28, 0x2E, 0x06, 0xF6, 0x08,
  0xF3, 0xF3, 0x0E, 0x08, 0xED, 0x15, 0x1C, 0x23, 0x0B, 0x98,
  0xEF, 0x08, 0xB3, 0x45, 0x25, 0xFE, 0x0D, 0x39, 0xEF, 0xE8,
  0x02, 0x08, 0x2A, 0x13, 0xEB, 0xF9, 0xEC, 0xF0, 0x71, 0x24,
  0xE8, 0xD0, 0xDD, 0xFE, 0x08, 0xDE, 0x15, 0xD8, 0xFC, 0xFD,
  0xC1, 0xD3, 0x21, 0x1F, 0x16, 0x37, 0xF2, 0xBE, 0x4B, 0x39,
  0xD2, 0xE0, 0x44, 0x4C, 0x21, 0xFD, 0x81, 0x17, 0xF4, 0xC8,
  0x5B, 0x2B, 0x00, 0xC8, 0xC8, 0xD5, 0xD9, 0xF7, 0x08, 0xD9,
  0x20, 0x38, 0xCA, 0xB0, 0xE5, 0x06, 0xBE, 0x46, 0x16, 0xDF,
  0xF1, 0xC5, 0xBB, 0xEA, 0x20, 0x3A, 0x24, 0x0C, 0x04, 0xC7,
  0x32, 0x1D, 0x18, 0xC7, 0x19, 0x02, 0xF7, 0x1F, 0xC9, 0x06,
  0xB4, 0x0A, 0x2A, 0x58, 0xE5, 0xB5, 0xFD, 0x39, 0x22, 0x00,
  0x23, 0x81, 0xF8, 0x50, 0x1D, 0xB0, 0x1E, 0x42, 0xE2, 0xFF,
  0xCB, 0x49, 0xDE, 0x9E, 0x25, 0x29, 0xF9, 0x0F, 0xDB, 0xFB,
  0x0B, 0x31, 0x5C, 0x3D, 0x44, 0x2F, 0xE0, 0xF5, 0xF7, 0x08,
  0x6A, 0xDD, 0x01, 0xCA, 0x0A, 0x0E, 0x05, 0xDF, 0x3F, 0x05,
  0xFE, 0xCD, 0xC9, 0x46, 0xF0, 0xAD, 0x2D, 0xFA, 0xE0, 0x11,
  0x16, 0x2C, 0x02, 0x19, 0x74, 0x0B, 0x31, 0xFA, 0xFA, 0x30,
  0xE2, 0xE7, 0xEE, 0x95, 0xF7, 0xF4, 0x10, 0xDD, 0x03, 0xBF,
  0xE9, 0x54, 0xF5, 0xB0, 0x03, 0x05, 0x07, 0xA9, 0xD2, 0x2C,
  0xBF, 0xEA, 0xBF, 0x0D, 0xC1, 0xE8, 0x4D, 0xF3, 0x3E, 0xE5,
  0xF8, 0xF7, 0x04, 0xFF, 0xF0, 0x0D, 0xFF, 0x13, 0xE7, 0xE3,
  0x09, 0xD4, 0xEF, 0x31, 0xBE, 0xE4, 0x4E, 0xC0, 0x2B, 0xED,
  0xC1, 0xE5, 0xE4, 0x21, 0xFD, 0xDE, 0xDE, 0xF7, 0xF4, 0x1D,
  0x20, 0x4B, 0x11, 0x9D, 0xF6, 0xDF, 0xDD, 0x1D, 0xDE, 0x4A,
  0x25, 0x42, 0x13, 0x20, 0xEF, 0x3A, 0xEA, 0x1A, 0x40, 0xC4,
  0x1A, 0xE9, 0x07, 0x43, 0xF0, 0xCC, 0xF0, 0xF6, 0x62, 0x3D,
  0x14, 0x33, 0x0D, 0x50, 0xCC, 0xC3, 0x01, 0x1F, 0x19, 0x45,
  0xEA, 0xD4, 0x2F, 0x43, 0x02, 0xD2, 0x57, 0x21, 0xEE, 0x0B,
  0xCA, 0x05, 0x18, 0xF7, 0x3A, 0x3D, 0xDD, 0xB6, 0x2E, 0xD5,
  0xC5, 0x32, 0x20, 0xCC, 0x0B, 0x3E, 0x03, 0x54, 0x24, 0x1D,
  0x32, 0x31, 0xED, 0xC9, 0xB0, 0x88, 0x30, 0xC7, 0x5B, 0x0E,
  0xD3, 0xD7, 0x1C, 0xD2, 0x36, 0x3D, 0x3C, 0xFD, 0x17, 0x03,
  0xF6, 0x45, 0x00, 0x59, 0x0F, 0xD8, 0xC8, 0x26, 0x1F, 0x08,
  0x28, 0xDB, 0xE7, 0x6A, 0xA4, 0x01, 0xD4, 0x27, 0xFA, 0x7F,
  0x23, 0x35, 0x24, 0xF1, 0x40, 0xF2, 0x02, 0x0D, 0xF5, 0x37,
  0xC7, 0x14, 0x1B, 0x27, 0x27, 0x53, 0xE8, 0x37, 0xFC, 0xF0,
  0x0D, 0xFF, 0xDD, 0xC6, 0x4C, 0x27, 0xB6, 0xA3, 0xA6, 0x17,
  0xDC, 0x5F, 0xFB, 0x1D, 0x03, 0xFD, 0x24, 0xEF, 0xF3, 0xEE,
  0xEC, 0xE2, 0x37, 0xDE, 0x0B, 0x09, 0x26, 0xEC, 0xCC, 0x1B,
  0xF9, 0x1A, 0xE7, 0x15, 0x40, 0x23, 0xEF, 0x09, 0x11, 0xAB,
  0xC0, 0xD9, 0x06, 0x2C, 0x00, 0x06, 0x42, 0xAC, 0x28, 0x49,
  0xFC, 0x10, 0x3C, 0xEC, 0x52, 0xF3, 0xE0, 0x1D, 0x37, 0x23,
  0xDF, 0xC9, 0xE9, 0x1B, 0xFC, 0x43, 0xCF, 0x13, 0xD7, 0x11,
  0x02, 0x40, 0xCA, 0xAF, 0x5A, 0x57, 0x19, 0x57, 0x5B, 0xCB,
  0xB8, 0x13, 0xF1, 0x0C, 0xA5, 0x2D, 0x30, 0x46, 0xC9, 0x0C,
  0x6D, 0x75, 0xDB, 0x1C, 0xCE, 0x0D, 0x1F, 0xDA, 0xD5, 0xC3,
  0x20, 0x13, 0xBB, 0xEA, 0xEB, 0x59, 0x3C, 0x46, 0x39, 0x02,
  0x5D, 0xCD, 0x29, 0xEB, 0x3D, 0xEA, 0xB7, 0x26, 0xD6, 0x29,
  0x34, 0xFC, 0x55, 0x39, 0x09, 0x20, 0x25, 0x4C, 0xEB, 0xDB,
  0x2E, 0x0F, 0x3E, 0xF5, 0xBE, 0x07, 0xF9, 0xD1, 0xD5, 0x28,
  0x44, 0x4B, 0xD6, 0x02, 0x52, 0x6B, 0x0A, 0x14, 0x04, 0x5B,
  0x3A, 0xF8, 0x6A, 0x26, 0xDD, 0xF9, 0x15, 0xE9, 0x1C, 0x2E,
  0xD4, 0x2B, 0xD2, 0xE3, 0x2C, 0xC7, 0x0E, 0xE2, 0x1F, 0xBE,
  0x15, 0xB3, 0xD3, 0x06, 0x07, 0x0B, 0xBA, 0x3A, 0xBD, 0x5D,
  0x34, 0x06, 0x47, 0x83, 0x2C, 0xBA, 0xF0, 0xF2, 0x51, 0x17,
  0x0C, 0xBD, 0xCC, 0x16, 0x06, 0x11, 0x3B, 0x19, 0x91, 0xF1,
  0xDF, 0xE7, 0xF6, 0xCF, 0xC8, 0x18, 0x03, 0x08, 0xC9, 0x36,
  0xA7, 0x06, 0xAB, 0x37, 0x0F, 0x22, 0xEC, 0xD4, 0x33, 0xE4,
  0xE0, 0x46, 0x1B, 0xD8, 0x14, 0x12, 0x07, 0x07, 0x01, 0x52,
  0xBE, 0x2A, 0xBB, 0xF2, 0xE8, 0xE5, 0xD9, 0x0A, 0x2A, 0xD4,
  0x13, 0xD8, 0xDB, 0xD5, 0xAA, 0x5A, 0x18, 0x1C, 0x30, 0x03,
  0x0C, 0x52, 0xC6, 0x3D, 0xD3, 0x03, 0x3D, 0x46, 0x03, 0x2D,
  0x26, 0xF8, 0x21, 0x37, 0xC4, 0x1B, 0x32, 0x42, 0x33, 0x5D,
  0xFB, 0x63, 0x37, 0x19, 0x3D, 0xFE, 0x57, 0xF9, 0x13, 0x0A,
  0x1E, 0xE5, 0xF5, 0xF6, 0xBD, 0x34, 0x0B, 0x11, 0x2D, 0x07,
  0x09, 0xF6, 0xEB, 0xD4, 0xEC, 0x13, 0xD3, 0x4E, 0x3F, 0xF9,
  0xFB, 0xE8, 0xF7, 0x20, 0x1A, 0xD4, 0x08, 0x29, 0x53, 0x04,
  0xD6, 0xE6, 0x3F, 0xF1, 0xF8, 0x39, 0x06, 0xE6, 0xCF, 0xEF,
  0x10, 0xE3, 0x12, 0x11, 0x26, 0xB2, 0xD5, 0xFF, 0x3F, 0xD0,
  0x40, 0xC5, 0x26, 0x09, 0xE9, 0x10, 0x13, 0xD3, 0x03, 0x47,
  0x05, 0xDE, 0x3B, 0xCD, 0x4E, 0x81, 0xF3, 0xE1, 0xF3, 0xB1,
  0x2D, 0xDE, 0xF3, 0x02, 0xEC, 0xDC, 0xDE, 0xFE, 0x81, 0xFC,
  0x0D, 0xAE, 0xFF, 0xC2, 0xDD, 0x08, 0x18, 0xF4, 0x0D, 0x12,
  0xCB, 0xDC, 0xCB, 0x04, 0x0D, 0xFE, 0xBD, 0xED, 0x2F, 0x1A,
  0xC1, 0xC9, 0xF4, 0xDC, 0xFF, 0xE8, 0x1C, 0x14, 0x5B, 0x39,
  0x9A, 0xFC, 0x17, 0x09, 0x06, 0x17, 0xB9, 0x17, 0x1D, 0x36,
  0xD9, 0x1E, 0xB8, 0xCD, 0x1F, 0x22, 0x2F, 0xFB, 0xEC, 0xF6,
  0x18, 0xFA, 0x09, 0x1D, 0x32, 0x03, 0x03, 0xC7, 0xBE, 0x14,
  0x1F, 0x33, 0xB6, 0xD5, 0x13, 0xDD, 0xFD, 0xAF, 0xFA, 0xFA,
  0x24, 0xCA, 0xFD, 0x4C, 0xD3, 0xE0, 0xB6, 0x2F, 0xEF, 0xD7,
  0x0A, 0x1C, 0xE8, 0x1F, 0x01, 0x47, 0xC4, 0x00, 0x42, 0xF2,
  0x0C, 0x18, 0x35, 0xFC, 0xF7, 0x35, 0xE5, 0x29, 0x25, 0x42,
  0x22, 0x3D, 0xEF, 0x23, 0x27, 0x43, 0x3C, 0xFB, 0xF5, 0xF8,
  0x0B, 0x12, 0x31, 0xF9, 0x19, 0x1C, 0x09, 0x30, 0x10, 0x1C,
  0xED, 0x0D, 0x0E, 0x19, 0x2D, 0x11, 0xD2, 0x0F, 0x1B, 0xF3,
  0x22, 0xE2, 0xDB, 0x20, 0xF8, 0x22, 0xF4, 0x2B, 0x27, 0x02,
  0xF6, 0x3F, 0x03, 0xDD, 0xCF, 0x16, 0x12, 0x66, 0xF9, 0x17,
  0x10, 0xFF, 0x0D, 0xD8, 0xEF, 0xF4, 0x03, 0xB8, 0xDA, 0x05,
  0x01, 0x35, 0x59, 0xE4, 0x21, 0xF9, 0xC6, 0xF9, 0x0F, 0x15,
  0x18, 0x35, 0x09, 0x18, 0x08, 0xE0, 0x4A, 0xE0, 0xD9, 0x08,
  0xF8, 0xBE, 0xF3, 0x1A, 0x03, 0x15, 0x16, 0xFE, 0xE7, 0xFE,
  0xA1, 0xE2, 0x1B, 0xE4, 0x0D, 0xE7, 0xF7, 0x2C, 0xE0, 0x21,
  0x21, 0x2C, 0x4B, 0xEB, 0x0D, 0x16, 0xF2, 0xDE, 0xF1, 0xF6,
  0x2F, 0x0D, 0xF0, 0xBE, 0x08, 0xF5, 0xF7, 0xDF, 0xE7, 0x03,
  0x07, 0x32, 0xD1, 0xF5, 0xBE, 0xD4, 0xEC, 0xAC, 0xF8, 0x0D,
  0xE7, 0x81, 0x22, 0xDD, 0x2A, 0xE8, 0xAE, 0x33, 0xFC, 0xE8,
  0x0D, 0xFD, 0xCE, 0x3F, 0xD4, 0x1F, 0xCE, 0xD7, 0xF1, 0x59,
  0x06, 0x2A, 0x0E, 0x17, 0xC8, 0xD5, 0x1E, 0x1E, 0xF8, 0x31,
  0x2B, 0x34, 0xE6, 0x42, 0x07, 0xC1, 0x0C, 0x02, 0x2E, 0x10,
  0xF6, 0x2A, 0xCB, 0x0B, 0xFD, 0x37, 0x8D, 0x0E, 0x45, 0x19,
  0xFD, 0xE8, 0xB8, 0x1F, 0x1A, 0x25, 0xCA, 0x2E, 0x2B, 0x22,
  0x11, 0xC9, 0x1C, 0xF3, 0xDF, 0xC8, 0xFB, 0xF6, 0x23, 0x50,
  0x2F, 0xCF, 0x0C, 0xA3, 0xDD, 0xCA, 0xED, 0xD9, 0x03, 0xAD,
  0x01, 0x0C, 0xCD, 0xE1, 0xD2, 0xD8, 0x33, 0xF2, 0xB9, 0xE3,
  0xE2, 0x1E, 0x0E, 0xD8, 0x11, 0x47, 0x14, 0xF4, 0xF3, 0x53,
  0x23, 0x32, 0x78, 0xDF, 0x1A, 0xDC, 0xE8, 0xF0, 0x22, 0xD5,
  0xF8, 0x9E, 0xF2, 0xCB, 0xCF, 0x03, 0x0A, 0xBE, 0x31, 0x3A,
  0xD4, 0xF7, 0xDB, 0x03, 0xC2, 0xBA, 0xCE, 0x20, 0x2F, 0x97,
  0x26, 0xD0, 0xE5, 0xEC, 0xDC, 0x46, 0xE9, 0xB7, 0xD4, 0xDE,
  0x12, 0x4D, 0xEF, 0x1C, 0x4B, 0xED, 0xF9, 0x18, 0xD1, 0x2F,
  0x31, 0x35, 0x29, 0xE8, 0xCA, 0x9D, 0xF0, 0x11, 0x0A, 0x46,
  0x30, 0xCA, 0x06, 0x24, 0xDA, 0xDD, 0xE3, 0xF7, 0x6E, 0x0E,
  0xEC, 0xC8, 0x16, 0x39, 0x43, 0xF6, 0xDF, 0xC5, 0x25, 0x35,
  0xDE, 0x1D, 0x0B, 0x0E, 0xED, 0xF5, 0xE6, 0x3E, 0x4A, 0xF4,
  0xF6, 0x1B, 0xF7, 0xEE, 0xDE, 0xD9, 0x3D, 0xEC, 0x21, 0x1E,
  0xE8, 0x3A, 0xC8, 0x2F, 0xCE, 0x20, 0xD8, 0x6F, 0x0B, 0x06,
  0x45, 0xE1, 0xE1, 0xC8, 0x40, 0x01, 0x01, 0x3C, 0x0A, 0x1F,
  0x1F, 0xD7, 0xF0, 0x2F, 0xD9, 0xDC, 0xDE, 0x34, 0xF3, 0x25,
  0xB0, 0x7F, 0x01, 0xA5, 0x27, 0x27, 0xBC, 0x1E, 0x2C, 0x53,
  0xD1, 0x28, 0x0B, 0x24, 0x0D, 0xE8, 0x12, 0xD5, 0x09, 0x2C,
  0xF2, 0xB5, 0x06, 0x11, 0x12, 0x17, 0xFD, 0xD8, 0xF4, 0x0B,
  0x69, 0x24, 0x41, 0xEE, 0xC7, 0x32, 0x31, 0xFB, 0xFE, 0xE5,
  0x3F, 0xF4, 0xC0, 0xD8, 0x12, 0xD7, 0x0D, 0xDD, 0x02, 0x02,
  0x2B, 0xDD, 0xF6, 0x2A, 0x06, 0x3E, 0x5D, 0xF1, 0x10, 0xF8,
  0xE5, 0x44, 0x6C, 0x05, 0xE1, 0xDA, 0xC9, 0xF2, 0x1E, 0xEA,
  0xEC, 0x1D, 0x12, 0xED, 0x07, 0xF5, 0x0C, 0xE2, 0x06, 0x14,
  0x30, 0xFA, 0x1A, 0xE7, 0xFC, 0x4A, 0xF1, 0x13, 0xF8, 0x81,
  0x0F, 0x30, 0x0F, 0x12, 0x1D, 0xEA, 0xEC, 0x09, 0xE9, 0x1B,
  0x2F, 0x05, 0xE0, 0xFF, 0x14, 0xF8, 0x27, 0x1F, 0x14, 0xD0,
  0x1B, 0xD6, 0xDC, 0x1E, 0xFF, 0xEA, 0xE6, 0x00, 0xEB, 0xFD,
  0x35, 0x17, 0xD8, 0xFE, 0xF8, 0x0B, 0x12, 0xDE, 0x6C, 0x17,
  0x0E, 0xFD, 0x28, 0xD3, 0xB6, 0xED, 0xFA, 0x25, 0x36, 0xFF,
  0xF2, 0xCA, 0x41, 0xF0, 0xED, 0xDA, 0xAF, 0xE2, 0x8D, 0x02,
  0x0C, 0x2A, 0x33, 0x43, 0x15, 0xB2, 0xFD, 0x2F, 0x0F, 0x1A,
  0x2B, 0x12, 0xE1, 0xE1, 0x12, 0xE2, 0xFB, 0x64, 0x3E, 0xDB,
  0x3D, 0xE8, 0x52, 0x2A, 0xEF, 0xED, 0x0E, 0xC9, 0xB5, 0xF9,
  0xB2, 0x05, 0x17, 0x26, 0xCD, 0xFE, 0x2C, 0xF4, 0xED, 0x08,
  0xB9, 0xEF, 0x18, 0x44, 0xE2, 0xD6, 0xEB, 0xF5, 0xCF, 0xDA,
  0x29, 0xEE, 0x10, 0x24, 0x6F, 0xF0, 0x21, 0x0F, 0x40, 0xBE,
  0x09, 0xF9, 0xD4, 0xCB, 0xF9, 0x53, 0xA2, 0xE1, 0xFA, 0xC7,
  0x31, 0xC6, 0xCF, 0xE1, 0x12, 0xF5, 0x6A, 0x05, 0xEF, 0x34,
  0xBE, 0xF3, 0x19, 0x1D, 0x62, 0xEB, 0xFF, 0xFF, 0x04, 0x00,
  0x00, 0x00, 0x00, 0x01, 0x00, 0x00, 0x92, 0xF9, 0xFF, 0xFF,
  0xAA, 0xCE, 0xFF, 0xFF, 0xD9, 0xD8, 0xFF, 0xFF, 0x5A, 0xE4,
  0xFF, 0xFF, 0xB9, 0xE7, 0xFF, 0xFF, 0x8B, 0xCD, 0xFF, 0xFF,
  0x16, 0xD3, 0xFF, 0xFF, 0x78, 0xEB, 0xFF, 0xFF, 0x61, 0xEC,
  0xFF, 0xFF, 0x5C, 0xF8, 0xFF, 0xFF, 0x83, 0x4D, 0x00, 0x00,
  0xFB, 0xEF, 0xFF, 0xFF, 0x01, 0xE9, 0xFF, 0xFF, 0x23, 0x23,
  0x00, 0x00, 0x97, 0xF8, 0xFF, 0xFF, 0xA8, 0x12, 0x00, 0x00,
  0xF9, 0x0C, 0x00, 0x00, 0x8A, 0x0E, 0x00, 0x00, 0xE8, 0xD8,
  0xFF, 0xFF, 0xE6, 0x03, 0x00, 0x00, 0x8D, 0xD0, 0xFF, 0xFF,
  0x5E, 0xE2, 0xFF, 0xFF, 0x7D, 0xEE, 0xFF, 0xFF, 0xF4, 0xF7,
  0xFF, 0xFF, 0x4C, 0xEC, 0xFF, 0xFF, 0x82, 0xB4, 0xFF, 0xFF,
  0xF2, 0x18, 0x00, 0x00, 0x6A, 0xFA, 0xFF, 0xFF, 0x36, 0xF3,
  0xFF, 0xFF, 0x84, 0xFB, 0xFF, 0xFF, 0x4D, 0xF9, 0xFF, 0xFF,
  0xDA, 0x16, 0x00, 0x00, 0x37, 0xE4, 0xFF, 0xFF, 0x62, 0xD2,
  0xFF, 0xFF, 0x9B, 0x2A, 0x00, 0x00, 0x18, 0xE1, 0xFF, 0xFF,
  0x3D, 0xDA, 0xFF, 0xFF, 0x02, 0xD0, 0xFF, 0xFF, 0x41, 0xD4,
  0xFF, 0xFF, 0xE7, 0xF2, 0xFF, 0xFF, 0x43, 0xFA, 0xFF, 0xFF,
  0x58, 0xE5, 0xFF, 0xFF, 0xD6, 0xE1, 0xFF, 0xFF, 0x49, 0xF9,
  0xFF, 0xFF, 0x1A, 0xB8, 0xFF, 0xFF, 0xF3, 0xEF, 0xFF, 0xFF,
  0x4B, 0xC4, 0xFF, 0xFF, 0xA2, 0xCF, 0xFF, 0xFF, 0xF0, 0xF2,
  0xFF, 0xFF, 0x85, 0x8C, 0x00, 0x00, 0x0A, 0xF3, 0xFF, 0xFF,
  0x1A, 0xEF, 0xFF, 0xFF, 0x95, 0xE4, 0xFF, 0xFF, 0x46, 0x02,
  0x00, 0x00, 0x3E, 0xF8, 0xFF, 0xFF, 0xAB, 0x0A, 0x00, 0x00,
  0xBA, 0x41, 0x00, 0x00, 0x3E, 0xFE, 0xFF, 0xFF, 0x7F, 0xF2,
  0xFF, 0xFF, 0xFD, 0x63, 0xFF, 0xFF, 0x89, 0xF9, 0xFF, 0xFF,
  0x96, 0xD9, 0xFF, 0xFF, 0xA9, 0xF2, 0xFF, 0xFF, 0xD3, 0xED,
  0xFF, 0xFF, 0x6E, 0xEC, 0xFF, 0xFF, 0x04, 0x00, 0x00, 0x00,
  0x00, 0x10, 0x00, 0x00, 0x21, 0xBB, 0xC9, 0xD2, 0xFF, 0x27,
  0x1C, 0x08, 0xED, 0xFA, 0x15, 0x02, 0xF2, 0x17, 0xF6, 0xD8,
  0xD2, 0x01, 0x2D, 0xFE, 0xE5, 0xF0, 0x17, 0xEB, 0x05, 0xEE,
  0xFB, 0x07, 0x2B, 0x0C, 0xF6, 0x11, 0xE6, 0x2F, 0x01, 0xFE,
  0xF8, 0x09, 0x1F, 0x0D, 0xF5, 0xF7, 0xF8, 0x17, 0x2A, 0xC2,
  0x10, 0x07, 0xBB, 0x1E, 0xFD, 0xCA, 0xE1, 0xF4, 0xE5, 0x06,
  0x0A, 0x1E, 0xF7, 0xDB, 0x1F, 0x17, 0x3B, 0xD8, 0x0A, 0xAD,
  0xBD, 0xD9, 0xF8, 0x36, 0x31, 0xE9, 0xEC, 0xF3, 0x15, 0xDC,
  0xE8, 0xF9, 0x1E, 0x17, 0xE5, 0xFD, 0x51, 0x10, 0xC2, 0x09,
  0xEE, 0x0B, 0x3C, 0xF0, 0x23, 0xED, 0x09, 0x1C, 0x2E, 0x27,
  0x08, 0x19, 0x17, 0x1B, 0xE0, 0xFE, 0xFB, 0x29, 0xD2, 0x36,
  0xED, 0x29, 0xFA, 0xD6, 0x31, 0xED, 0xE8, 0x24, 0x18, 0xC3,
  0xEE, 0xD4, 0xD4, 0x03, 0x08, 0xF5, 0x2B, 0xF4, 0xFA, 0x0B,
  0x0B, 0xF7, 0xF4, 0xEA, 0xF9, 0x2E, 0x06, 0x2B, 0x2C, 0x0F,
  0x03, 0x05, 0xF9, 0x0B, 0xDF, 0xDC, 0xFC, 0xD2, 0xFA, 0xC1,
  0x23, 0xEC, 0x1B, 0xF2, 0xFC, 0x01, 0x16, 0x32, 0x08, 0xE3,
  0x0A, 0x0C, 0x18, 0xEC, 0xED, 0x22, 0xDD, 0x18, 0x0A, 0xED,
  0x25, 0xF5, 0x3C, 0x12, 0x1D, 0x0E, 0x09, 0x08, 0x1E, 0x02,
  0x23, 0xFB, 0x09, 0xFF, 0xF3, 0x1F, 0xD0, 0xE2, 0xC9, 0xEC,
  0x21, 0x3B, 0xFB, 0xF8, 0xFF, 0x0A, 0xF5, 0x0C, 0x19, 0xB1,
  0xFF, 0x09, 0x42, 0xE0, 0x1C, 0x14, 0x0E, 0xC7, 0x23, 0x20,
  0xE0, 0xFF, 0x15, 0xFB, 0x0A, 0xF5, 0xD0, 0x05, 0x1B, 0x1C,
  0xEE, 0xE4, 0xF2, 0x18, 0xE5, 0x2E, 0xFB, 0x24, 0xC9, 0xD8,
  0x2C, 0xF3, 0x06, 0x1D, 0xEB, 0xF5, 0xD2, 0xDD, 0xCC, 0x26,
  0xF0, 0x0C, 0xFA, 0x1C, 0x06, 0x2A, 0x0C, 0xE2, 0xD6, 0xF8,
  0xD8, 0x1F, 0xF8, 0xFE, 0xE3, 0xE6, 0x27, 0xF7, 0x26, 0xF1,
  0xF7, 0x37, 0x1F, 0x04, 0xFD, 0x1A, 0xFB, 0x09, 0xEE, 0x09,
  0x24, 0x06, 0x31, 0x03, 0xE6, 0x25, 0x06, 0xF6, 0xE6, 0x04,
  0x13, 0x16, 0xF8, 0xF8, 0x06, 0x07, 0xF3, 0xDD, 0xE3, 0xFF,
  0xD9, 0x25, 0xFF, 0xF0, 0x0B, 0xFC, 0x33, 0x1C, 0x04, 0xE2,
  0x21, 0x03, 0xF6, 0x02, 0xDB, 0x24, 0xCF, 0x06, 0x1D, 0x0B,
  0x01, 0x00, 0x1A, 0x2A, 0xFA, 0xFF, 0x28, 0x00, 0xEE, 0xE7,
  0x10, 0x11, 0x10, 0x1B, 0xE1, 0x0E, 0x19, 0xDC, 0xE5, 0x08,
  0xD7, 0x94, 0xAA, 0xA3, 0x17, 0xC8, 0x19, 0x1A, 0x19, 0x20,
  0x15, 0x23, 0xDA, 0xF1, 0xDB, 0xAC, 0xD9, 0xA1, 0xFE, 0xE3,
  0x1E, 0x21, 0xD9, 0xE2, 0xB8, 0xFE, 0xB8, 0xC8, 0x2F, 0xC9,
  0xE6, 0xD1, 0xFA, 0xF0, 0xDD, 0xD2, 0xB2, 0xE1, 0xEB, 0x23,
  0x0F, 0xAC, 0x14, 0x26, 0xDA, 0x11, 0x00, 0x1B, 0xC9, 0x1C,
  0x02, 0xD3, 0xE7, 0xEE, 0xCE, 0xDF, 0xCB, 0x14, 0xF5, 0x37,
  0x38, 0x01, 0xFD, 0xC8, 0xCF, 0x10, 0xF4, 0x0E, 0x29, 0x3E,
  0x35, 0x24, 0xEC, 0xF4, 0x16, 0x04, 0xBD, 0xF1, 0x1D, 0xF0,
  0x01, 0x18, 0x08, 0x13, 0xE5, 0x11, 0x13, 0xEB, 0xF6, 0xFF,
  0x0F, 0xE8, 0x03, 0xE2, 0x0A, 0x27, 0x1E, 0x0B, 0x35, 0xEF,
  0xF9, 0xF5, 0xE8, 0x07, 0xD4, 0x1D, 0x28, 0x18, 0xEF, 0x1A,
  0x1E, 0x29, 0xFC, 0x07, 0x29, 0xFB, 0x11, 0xF2, 0xF6, 0xE8,
  0xE2, 0x19, 0x23, 0xEE, 0x34, 0x3D, 0x00, 0xF6, 0xF0, 0xFD,
  0x32, 0xFA, 0xF2, 0x20, 0x0B, 0xF2, 0x16, 0xE8, 0xF4, 0x0B,
  0xDA, 0x1A, 0x0C, 0xDD, 0x37, 0x3A, 0x29, 0xD8, 0xFE, 0x16,
  0x3C, 0xEF, 0x43, 0x1E, 0x42, 0x06, 0xEF, 0x35, 0x14, 0xFE,
  0x37, 0x37, 0x10, 0x0E, 0x0B, 0x2A, 0x0A, 0x03, 0xFF, 0x00,
  0x18, 0xFB, 0x17, 0x32, 0x1A, 0x16, 0x1F, 0x19, 0xFE, 0x39,
  0x1C, 0x19, 0x0D, 0x0A, 0x39, 0x01, 0x8E, 0xFC, 0xFA, 0xD9,
  0xDF, 0xE5, 0xF3, 0x81, 0xA7, 0xC7, 0x18, 0x9B, 0x00, 0x13,
  0x09, 0x22, 0x1C, 0x06, 0xDD, 0x1A, 0xB7, 0x97, 0xF4, 0x92,
  0xBA, 0xE0, 0x1C, 0x2D, 0xC0, 0xC5, 0x92, 0x27, 0xCF, 0xC6,
  0x0E, 0x87, 0xCE, 0xBE, 0xDC, 0xD0, 0xC8, 0xC2, 0xAE, 0xFE,
  0xD5, 0x10, 0xF7, 0xB1, 0x3D, 0x10, 0xE3, 0x09, 0xC6, 0xEF,
  0xBD, 0x2B, 0x33, 0xAA, 0xD5, 0x1D, 0xBF, 0xDB, 0xF2, 0xCE,
  0xD7, 0xD8, 0xF6, 0xFE, 0x08, 0x00, 0x22, 0xE6, 0x15, 0x09,
  0x03, 0xF8, 0x12, 0x04, 0xCE, 0x10, 0xF6, 0xF3, 0xF2, 0xF8,
  0xE5, 0xF2, 0xF1, 0xEE, 0x06, 0xF7, 0x16, 0x22, 0x18, 0xEE,
  0xF8, 0xE3, 0x06, 0xD8, 0x04, 0xE9, 0xD9, 0x15, 0xD2, 0xF8,
  0xEA, 0x15, 0x0E, 0xE5, 0x11, 0xDF, 0x15, 0x12, 0x19, 0x12,
  0xF8, 0x35, 0xF4, 0x1D, 0x05, 0xF3, 0xF2, 0x01, 0x10, 0x13,
  0x06, 0xEE, 0x04, 0xFE, 0xF0, 0xFC, 0x1D, 0xFE, 0xE9, 0x1F,
  0xFC, 0x03, 0x14, 0x1E, 0xFF, 0x23, 0xEA, 0x05, 0xFF, 0xE8,
  0xF0, 0x11, 0x05, 0xEC, 0x24, 0x1C, 0xE7, 0xF2, 0xE6, 0xF7,
  0x1A, 0xFD, 0xFF, 0x11, 0xF9, 0xE5, 0x10, 0x1C, 0xCB, 0x05,
  0x0F, 0x1C, 0x22, 0x02, 0x03, 0x02, 0x2C, 0xE2, 0x20, 0xEC,
  0x17, 0xF4, 0x0E, 0xDC, 0xF3, 0x20, 0x02, 0x1B, 0xF3, 0xF0,
  0xEE, 0x19, 0x12, 0x2E, 0xF1, 0x29, 0xF4, 0xF8, 0x04, 0x08,
  0x01, 0x1D, 0x0A, 0xE6, 0xDE, 0xD8, 0xF7, 0xE3, 0xFE, 0x04,
  0xDD, 0x18, 0xE6, 0x2F, 0x19, 0x1B, 0x19, 0x09, 0x1B, 0xED,
  0x01, 0xD9, 0xEA, 0x00, 0x21, 0xF6, 0xEC, 0xF9, 0xE7, 0x15,
  0x08, 0x25, 0x0C, 0x1E, 0x09, 0xF1, 0x0E, 0xDA, 0x08, 0x06,
  0x0C, 0xF9, 0x11, 0xF1, 0xFC, 0xDD, 0x09, 0xF5, 0x11, 0x26,
  0x16, 0xE9, 0x19, 0xF1, 0xFD, 0xE0, 0xE0, 0x03, 0xD9, 0xD8,
  0xDF, 0x25, 0xED, 0xF8, 0xF5, 0xF3, 0xE2, 0x00, 0xDC, 0xDB,
  0xF5, 0xE1, 0x18, 0xFC, 0x12, 0x20, 0x11, 0x0F, 0x27, 0x13,
  0xEF, 0x14, 0x07, 0xEC, 0xD9, 0xD9, 0xF4, 0xEE, 0x09, 0x0C,
  0x16, 0xB8, 0x0A, 0xF5, 0x27, 0x20, 0x08, 0x1C, 0xF8, 0xEE,
  0x1B, 0xEB, 0x09, 0x00, 0xF0, 0xF4, 0x06, 0x0D, 0xCE, 0xDA,
  0xFE, 0x07, 0xE0, 0x2B, 0x08, 0x1D, 0xEE, 0x17, 0x21, 0xFC,
  0x11, 0xD7, 0xE5, 0xD0, 0x10, 0x07, 0x20, 0x08, 0x1A, 0x18,
  0xDC, 0x23, 0xF6, 0x02, 0xE8, 0x0B, 0x17, 0x2F, 0xF7, 0xDB,
  0xF2, 0xF6, 0xF7, 0xE8, 0xE3, 0xE6, 0x42, 0x02, 0x08, 0x0D,
  0xFF, 0x3C, 0x03, 0xE7, 0x1F, 0x0E, 0x29, 0xEA, 0x20, 0xE1,
  0xFB, 0xEF, 0x22, 0xF0, 0xFD, 0x08, 0x2D, 0xF4, 0x0D, 0xE7,
  0xFD, 0xF9, 0xF9, 0x1B, 0x34, 0xDF, 0x0A, 0xF0, 0x05, 0x1A,
  0x11, 0x10, 0xFC, 0x19, 0x1E, 0x18, 0x15, 0x17, 0xFD, 0x17,
  0x0B, 0x1B, 0x0D, 0x05, 0xFC, 0xE4, 0x08, 0xDF, 0x0E, 0xEA,
  0x10, 0x2C, 0xFE, 0xFB, 0xEA, 0x01, 0xF2, 0xF6, 0xF2, 0xF6,
  0x05, 0x29, 0x1F, 0xF0, 0xFB, 0x29, 0x05, 0xF7, 0x04, 0xF1,
  0x15, 0x18, 0x0D, 0xE7, 0xD5, 0x21, 0x29, 0xFD, 0xEC, 0xFF,
  0x20, 0x08, 0x2C, 0x01, 0x02, 0x25, 0x15, 0x1B, 0x29, 0xF8,
  0xEF, 0xEE, 0x1D, 0xE4, 0x04, 0xE5, 0xCF, 0x20, 0x0E, 0x12,
  0x02, 0xF8, 0x0C, 0x03, 0xEB, 0x28, 0x13, 0x21, 0xEA, 0x12,
  0x20, 0x0E, 0xE7, 0xE4, 0x00, 0x12, 0x03, 0xEA, 0xF2, 0x03,
  0xE2, 0xE0, 0x05, 0xE4, 0x26, 0x06, 0xEE, 0xCB, 0xED, 0x27,
  0xF6, 0xF8, 0x01, 0xEC, 0x03, 0xBE, 0x2A, 0x12, 0xD1, 0x0D,
  0xED, 0x20, 0x10, 0x0E, 0x0F, 0xFF, 0x01, 0xD4, 0x17, 0x18,
  0x23, 0xEF, 0x07, 0xCC, 0x16, 0x1A, 0x1B, 0x03, 0x04, 0x07,
  0xD9, 0xFF, 0xFF, 0xFC, 0xE8, 0x07, 0x09, 0x0D, 0x0C, 0x06,
  0x01, 0x07, 0xFC, 0xE5, 0xD1, 0x10, 0x04, 0xFC, 0xFD, 0x15,
  0xF8, 0x06, 0x00, 0xED, 0x03, 0x10, 0x07, 0x02, 0x03, 0xE5,
  0xF8, 0x26, 0x05, 0xF5, 0x10, 0xF8, 0x03, 0xFC, 0xF5, 0xFC,
  0x27, 0x29, 0xEF, 0xFF, 0xFB, 0x00, 0x2C, 0xFD, 0x2B, 0x24,
  0x2C, 0x12, 0x14, 0x0E, 0x05, 0xF0, 0x1B, 0x16, 0x0E, 0x0A,
  0x25, 0x16, 0x0B, 0xF9, 0x02, 0x2A, 0x1E, 0x11, 0xE9, 0xD3,
  0x12, 0x15, 0xCB, 0x28, 0x25, 0xBE, 0x15, 0xD3, 0x12, 0x90,
  0xA3, 0x90, 0x1B, 0xB6, 0x0C, 0x0B, 0xEC, 0x26, 0x26, 0x21,
  0xE5, 0x01, 0xCD, 0xD3, 0xD5, 0xE1, 0xF0, 0xE7, 0x02, 0x17,
  0xA8, 0xDC, 0xB2, 0xF5, 0xD8, 0xE4, 0x29, 0xBC, 0xD8, 0xD4,
  0x00, 0xA9, 0xEC, 0xD6, 0x9B, 0xE5, 0xFB, 0x09, 0xD8, 0xD7,
  0x1F, 0x19, 0xDA, 0x1D, 0xF9, 0x01, 0xDF, 0x0A, 0x2E, 0xA6,
  0x0D, 0xED, 0xC3, 0xCE, 0xD1, 0x07, 0xFF, 0xEC, 0xFE, 0xE8,
  0xF8, 0x12, 0x46, 0x15, 0x03, 0x33, 0xFA, 0x13, 0xEC, 0xE5,
  0x23, 0xF7, 0xE0, 0xEC, 0x4C, 0xF9, 0x06, 0x3F, 0x16, 0xFD,
  0x0A, 0x01, 0x1D, 0x0A, 0x1A, 0x17, 0xE7, 0x1B, 0x05, 0x05,
  0x0F, 0x1A, 0x27, 0x23, 0xEC, 0x28, 0xE9, 0xFB, 0x01, 0x0F,
  0xFA, 0xEC, 0xF9, 0x38, 0xE7, 0xFD, 0x20, 0xE1, 0xDD, 0x03,
  0x16, 0xF0, 0x06, 0x02, 0x01, 0xFD, 0x1D, 0x1B, 0x1D, 0xE0,
  0x05, 0xEB, 0x19, 0xEE, 0xEE, 0xED, 0xEE, 0x00, 0x1A, 0x04,
  0xF0, 0x1F, 0x23, 0x0C, 0xF8, 0x0F, 0xF5, 0x0E, 0xE9, 0xDB,
  0x10, 0xFD, 0xFD, 0x21, 0xF6, 0xF7, 0xF7, 0xE7, 0xF9, 0x04,
  0xEC, 0x0D, 0x29, 0xFE, 0x0E, 0x18, 0xFB, 0xEC, 0x0B, 0x08,
  0x06, 0x37, 0x1D, 0xF9, 0xF3, 0x1D, 0x1B, 0xE5, 0x19, 0xD3,
  0x07, 0x04, 0x33, 0xF6, 0xF8, 0xDD, 0x09, 0xEB, 0x29, 0x02,
  0xF2, 0xF0, 0xE6, 0x19, 0xF9, 0x34, 0x3E, 0xE7, 0x39, 0xE9,
  0x14, 0xF1, 0xED, 0xF1, 0xF9, 0xDB, 0x31, 0x02, 0xD9, 0x1F,
  0xE5, 0xF5, 0x12, 0xCF, 0xE8, 0x21, 0xD4, 0x1B, 0x07, 0xC3,
  0xC9, 0x47, 0x11, 0x17, 0x1C, 0xDA, 0xCA, 0xC4, 0x17, 0x0A,
  0x07, 0x17, 0x1A, 0xE6, 0xF3, 0x0D, 0xE4, 0xD8, 0xFE, 0x1D,
  0xE9, 0xFD, 0x33, 0x0E, 0xDB, 0x32, 0x19, 0x41, 0xD1, 0xE1,
  0x21, 0xDB, 0x10, 0xCD, 0x05, 0xE5, 0xF6, 0x26, 0x23, 0x25,
  0x1E, 0xF2, 0xEF, 0xD0, 0x11, 0x1C, 0x28, 0xE1, 0x02, 0x0F,
  0x11, 0x33, 0xFB, 0x1B, 0x23, 0x0F, 0xD9, 0xFA, 0x15, 0x0C,
  0x1E, 0x04, 0xF6, 0xF1, 0xE2, 0x08, 0xF4, 0xE8, 0x1C, 0x11,
  0xED, 0xE6, 0x0F, 0xEC, 0xE2, 0xF9, 0x17, 0xE4, 0xFB, 0xDA,
  0xF5, 0xFB, 0xEB, 0x2B, 0xD7, 0x12, 0x1E, 0x28, 0x18, 0x0F,
  0x1E, 0x08, 0x2B, 0x1E, 0x2B, 0x03, 0x23, 0x05, 0xFF, 0xF8,
  0xE5, 0x0D, 0xF5, 0xEB, 0x0F, 0x16, 0x2A, 0x0B, 0xD6, 0xEF,
  0x16, 0xE6, 0x08, 0xDF, 0x17, 0x13, 0x1E, 0xDF, 0x10, 0xFD,
  0x00, 0x18, 0xCF, 0xD6, 0xFF, 0x27, 0x06, 0xBA, 0x05, 0x01,
  0x26, 0xDA, 0x27, 0xFA, 0xEB, 0x2E, 0xFD, 0x1D, 0xF3, 0xED,
  0x34, 0x30, 0xF7, 0x28, 0xF9, 0x16, 0x40, 0xEF, 0x14, 0xE0,
  0x0A, 0xF5, 0xFA, 0x1B, 0xE6, 0xF2, 0xE6, 0x02, 0x05, 0x13,
  0xF7, 0xEA, 0x1B, 0xED, 0x1F, 0xDB, 0xDA, 0xD6, 0xFF, 0xF2,
  0xF2, 0xDD, 0xFB, 0xF3, 0xE9, 0xCC, 0x28, 0xFA, 0x07, 0x18,
  0xF2, 0x0E, 0xF7, 0xFF, 0xF1, 0xE4, 0x0A, 0xE5, 0xFE, 0x0F,
  0xFA, 0x20, 0x26, 0x09, 0xFC, 0xDF, 0xEE, 0x2D, 0x27, 0x17,
  0x07, 0x17, 0xFC, 0xDA, 0x07, 0x09, 0x0E, 0x03, 0x2C, 0x29,
  0x2C, 0x1D, 0x02, 0xD3, 0xFF, 0xFC, 0xE0, 0xD5, 0xF7, 0xED,
  0xE7, 0xEE, 0xF5, 0x15, 0x25, 0x04, 0xD0, 0xF1, 0xE3, 0xF7,
  0xED, 0xD1, 0xE8, 0xDC, 0x21, 0x09, 0x0E, 0x2A, 0x05, 0x0A,
  0x12, 0xD7, 0x01, 0x17, 0x02, 0x03, 0xDC, 0xE2, 0x1A, 0x0F,
  0xDA, 0xF3, 0x08, 0x01, 0x2B, 0xF1, 0x07, 0xEF, 0x0A, 0xED,
  0x21, 0xFB, 0xE6, 0x11, 0x0D, 0x2A, 0x17, 0x00, 0xFE, 0x13,
  0xE1, 0xFC, 0xF6, 0x19, 0x00, 0xFD, 0x28, 0x08, 0xE7, 0x20,
  0x29, 0xE9, 0x06, 0xE1, 0xE3, 0x10, 0xF9, 0x10, 0x1D, 0xE9,
  0x04, 0x34, 0x30, 0xFD, 0x1A, 0xF8, 0xF4, 0xD4, 0x10, 0x0A,
  0x0D, 0x30, 0x28, 0x22, 0xFC, 0xF2, 0xEF, 0x1E, 0xF2, 0xD5,
  0xDC, 0x04, 0x3B, 0x06, 0x16, 0x47, 0x11, 0x17, 0x12, 0xFB,
  0x1D, 0xFA, 0x19, 0x37, 0xFB, 0xF7, 0xF8, 0xE9, 0x18, 0x0B,
  0x1A, 0x22, 0xE0, 0xF6, 0xDC, 0xFF, 0x19, 0xEC, 0x1B, 0xE2,
  0x24, 0x29, 0xE0, 0x0E, 0x1C, 0xFA, 0x00, 0xD1, 0xE1, 0x0F,
  0x0B, 0x12, 0xE0, 0xF7, 0x30, 0x3E, 0x16, 0xD0, 0x0F, 0xFB,
  0xF7, 0xFE, 0x04, 0x1A, 0xF4, 0x1B, 0x10, 0xFD, 0xE8, 0x31,
  0x08, 0xFE, 0xF3, 0x1D, 0xF2, 0x09, 0x14, 0xEE, 0x2F, 0x29,
  0xE4, 0xF5, 0xE7, 0x38, 0x14, 0x05, 0x10, 0x21, 0xE5, 0x06,
  0x19, 0xFC, 0x0E, 0xF8, 0x32, 0x2E, 0xEE, 0xE7, 0xFE, 0x2C,
  0x17, 0x02, 0xFB, 0x13, 0x18, 0x23, 0xF1, 0x04, 0xFA, 0x20,
  0x19, 0x00, 0xF8, 0xE5, 0xF7, 0x1E, 0xEE, 0x0C, 0x01, 0x13,
  0x16, 0x0A, 0x11, 0x10, 0x15, 0x25, 0xF3, 0xC6, 0xC9, 0x00,
  0xEC, 0x1C, 0x18, 0x44, 0x03, 0xF8, 0x0C, 0x11, 0x16, 0xF1,
  0xC8, 0xF5, 0x37, 0x15, 0xE9, 0x1F, 0xE4, 0x38, 0xF5, 0xEE,
  0xFF, 0x1B, 0xFC, 0x19, 0x06, 0xEA, 0x06, 0x0A, 0x2C, 0xDF,
  0xEF, 0x19, 0x31, 0x01, 0x0D, 0x0D, 0x13, 0x44, 0xDD, 0xF6,
  0x2C, 0x00, 0x12, 0x3C, 0xFD, 0x40, 0x19, 0x18, 0xE8, 0x02,
  0x1F, 0x00, 0xF6, 0xD1, 0xD5, 0x41, 0x19, 0x02, 0xE3, 0xF6,
  0x14, 0x1D, 0x23, 0x19, 0x28, 0x43, 0xF6, 0xF0, 0x01, 0x04,
  0xEF, 0x04, 0x05, 0x0F, 0xE4, 0xEE, 0xF8, 0x31, 0x08, 0x26,
  0xE6, 0xFE, 0x0D, 0x23, 0x0A, 0x2D, 0xE5, 0xFB, 0x02, 0xFD,
  0x19, 0x0E, 0x05, 0x3F, 0xF6, 0xF9, 0xF3, 0xE7, 0xDE, 0xEA,
  0xFD, 0xF2, 0xDE, 0x2C, 0xF1, 0x0C, 0xF5, 0x14, 0xF4, 0x03,
  0x15, 0x07, 0x13, 0xFE, 0xE2, 0xE8, 0x33, 0x2A, 0x0C, 0x01,
  0xF9, 0xEC, 0x19, 0x3A, 0xDD, 0xFF, 0xE0, 0xE3, 0x24, 0xEC,
  0xFE, 0x23, 0x11, 0x03, 0x1A, 0xF9, 0x0F, 0xE5, 0xC6, 0x22,
  0x08, 0xEE, 0x19, 0x20, 0xEC, 0xDF, 0x14, 0xF7, 0x26, 0xED,
  0x1D, 0x03, 0x38, 0x03, 0xF8, 0x1B, 0x0E, 0xFF, 0x32, 0x05,
  0x1E, 0x04, 0x15, 0xFC, 0x19, 0x09, 0xF0, 0xF2, 0x01, 0x0E,
  0x1F, 0x1F, 0x21, 0x11, 0x37, 0x15, 0x04, 0xF2, 0x20, 0xF4,
  0xDD, 0xF7, 0xDF, 0x08, 0x22, 0xEC, 0xEA, 0xFC, 0x33, 0xF5,
  0x18, 0xEA, 0x09, 0xF3, 0x04, 0xF6, 0xDB, 0x07, 0x0E, 0xD7,
  0x08, 0x01, 0x01, 0x29, 0xDC, 0xCD, 0x04, 0xF6, 0x28, 0xC6,
  0xE8, 0x04, 0x1F, 0xDA, 0x25, 0x1E, 0x19, 0x20, 0x18, 0x34,
  0xC9, 0x0E, 0x12, 0x2A, 0xE0, 0x05, 0xFC, 0x2E, 0x2F, 0x02,
  0x2E, 0xE7, 0xD4, 0xF7, 0x08, 0xE4, 0xFD, 0xD6, 0xE6, 0x04,
  0x04, 0x0F, 0x37, 0xE3, 0x1D, 0x04, 0x07, 0xE7, 0x19, 0xE7,
  0x1A, 0x28, 0x23, 0xDC, 0xD3, 0xF1, 0xEC, 0xD2, 0x08, 0xF5,
  0x10, 0x38, 0x04, 0x05, 0xFD, 0x07, 0x02, 0xF1, 0x04, 0xF6,
  0x1F, 0xE8, 0x1C, 0xF5, 0xEB, 0x32, 0x04, 0xEA, 0xF1, 0x1C,
  0x03, 0xF2, 0x2B, 0x0C, 0xE4, 0x07, 0x16, 0x0F, 0x19, 0xEB,
  0xF3, 0xFB, 0x04, 0x15, 0xF3, 0xDB, 0x00, 0x2A, 0x08, 0xED,
  0xF6, 0x25, 0xFB, 0xFC, 0x28, 0x22, 0x2D, 0xE8, 0xEF, 0x0D,
  0x19, 0xED, 0xC9, 0xD2, 0xE9, 0xEF, 0x15, 0xFB, 0x09, 0xFC,
  0xDE, 0xCB, 0x1F, 0x0E, 0x03, 0x14, 0x0E, 0x05, 0x2F, 0xF5,
  0x08, 0x02, 0x05, 0xED, 0xEB, 0xDA, 0x13, 0x05, 0xE9, 0xE8,
  0xF7, 0xC7, 0xEA, 0x1A, 0xEB, 0xE4, 0x12, 0x1B, 0x02, 0x05,
  0xF4, 0x0A, 0xF6, 0x22, 0x23, 0x2B, 0xF3, 0x01, 0xDB, 0xF9,
  0x00, 0xD9, 0xFF, 0x12, 0x0E, 0xE3, 0xE4, 0xFF, 0x12, 0xF8,
  0xED, 0x0D, 0x00, 0x1C, 0xDF, 0x14, 0x0E, 0xDA, 0xEC, 0x20,
  0xFB, 0xDB, 0xD0, 0xDF, 0xE3, 0xC1, 0x00, 0x18, 0xC2, 0x0E,
  0x26, 0x0E, 0xEE, 0x19, 0x06, 0x20, 0xE8, 0xB3, 0x09, 0xFA,
  0x09, 0xDE, 0xF9, 0xE9, 0xFF, 0xD7, 0x1F, 0x1B, 0xE9, 0x27,
  0x02, 0x34, 0xD1, 0xB1, 0x06, 0xFB, 0xFC, 0x33, 0x2D, 0x36,
  0x09, 0x0A, 0xF6, 0xD8, 0x0C, 0x28, 0xF8, 0xF0, 0xE9, 0xF1,
  0x00, 0x1C, 0x23, 0x0A, 0x0E, 0xFA, 0xE3, 0x05, 0x0F, 0x12,
  0x25, 0x2C, 0x19, 0xED, 0xF7, 0x13, 0x1D, 0x05, 0x18, 0x0D,
  0xDC, 0x20, 0x14, 0xF4, 0xEB, 0x04, 0x15, 0xDF, 0x20, 0xF0,
  0x0E, 0x1A, 0x08, 0xEA, 0x1B, 0x06, 0xF2, 0xE6, 0xE6, 0xF5,
  0xEA, 0xFD, 0x31, 0x0B, 0xCF, 0x15, 0xED, 0xF9, 0x18, 0x08,
  0xF8, 0x1C, 0xE9, 0xD6, 0x22, 0x09, 0x10, 0xE5, 0x00, 0xE1,
  0xF9, 0x0C, 0x14, 0xFE, 0x29, 0x10, 0xEC, 0xD4, 0xE8, 0x26,
  0x0C, 0xF9, 0x09, 0x1B, 0x15, 0x0D, 0x23, 0x1B, 0x04, 0x10,
  0xEF, 0xED, 0xE4, 0xE6, 0xFF, 0x01, 0x15, 0xEA, 0xEA, 0x2C,
  0xE9, 0xE0, 0x1A, 0xE0, 0x1B, 0xF1, 0xE9, 0xEE, 0x06, 0xEE,
  0xFD, 0x1E, 0xF6, 0xE0, 0xF5, 0xEC, 0x0F, 0xF1, 0xEB, 0x12,
  0x00, 0x19, 0xF9, 0xEC, 0xFE, 0x2B, 0xF5, 0xEB, 0xFF, 0x0A,
  0x26, 0xF6, 0x1C, 0x23, 0xEF, 0x31, 0x11, 0x09, 0x1A, 0xED,
  0x09, 0xF6, 0x18, 0x15, 0xF6, 0xF7, 0xEE, 0x17, 0x1C, 0x3C,
  0x1C, 0x1E, 0xFB, 0xBC, 0xD5, 0xFD, 0x1C, 0xF1, 0x0E, 0x33,
  0x0C, 0x11, 0x0F, 0x24, 0x08, 0x1B, 0xEA, 0x24, 0x0B, 0x04,
  0xEF, 0x0D, 0xE1, 0x28, 0x12, 0x20, 0xEA, 0xFC, 0x1C, 0x00,
  0x20, 0xD5, 0xFA, 0xE5, 0x0F, 0x04, 0xE9, 0x14, 0xFB, 0xEB,
  0x2D, 0x07, 0xD9, 0x11, 0xFC, 0x09, 0x3C, 0xF5, 0xFF, 0x43,
  0x2A, 0x1C, 0x29, 0xF0, 0xEF, 0x22, 0xF0, 0xFF, 0xF3, 0xD2,
  0xDB, 0x31, 0x00, 0x0F, 0x16, 0x04, 0xD4, 0xC3, 0xD8, 0x35,
  0x1B, 0xFD, 0xEE, 0xFD, 0x12, 0x25, 0x0C, 0x26, 0x36, 0xF5,
  0xD9, 0x27, 0x03, 0x0A, 0x11, 0xE5, 0xE4, 0x03, 0x1B, 0xCD,
  0xD7, 0xEB, 0xDB, 0x13, 0x10, 0xDE, 0x14, 0xE5, 0xF5, 0x37,
  0xEA, 0xE3, 0xD7, 0xDF, 0x29, 0xFF, 0xE1, 0xDF, 0xCD, 0x18,
  0xDB, 0x24, 0xE1, 0x24, 0x01, 0xCE, 0x08, 0x13, 0x0F, 0x0A,
  0xBD, 0xD8, 0x03, 0xE4, 0xE2, 0x1F, 0xE7, 0x21, 0x11, 0xCA,
  0xCA, 0xDC, 0xD6, 0x1E, 0x19, 0x17, 0x07, 0x23, 0x16, 0x16,
  0xF5, 0x09, 0x2E, 0x25, 0xD9, 0x18, 0xF5, 0x39, 0x25, 0x14,
  0xCD, 0xF3, 0x2F, 0xD5, 0xD4, 0x09, 0xE1, 0x12, 0x1F, 0xBF,
  0x23, 0xC2, 0x17, 0x2D, 0xEC, 0xE3, 0xBB, 0xBC, 0x01, 0xE2,
  0xC5, 0xD1, 0x00, 0x2C, 0xE7, 0x1E, 0xC5, 0x05, 0xF8, 0xEA,
  0x34, 0x27, 0x08, 0xED, 0xB7, 0xEB, 0x21, 0xE1, 0xF4, 0x0A,
  0xE5, 0xFA, 0xF8, 0x08, 0x05, 0xF3, 0xDF, 0x31, 0x0C, 0x2C,
  0x20, 0xE9, 0xFF, 0x05, 0x0C, 0x2A, 0x2B, 0x20, 0xE5, 0x23,
  0x1E, 0x25, 0x24, 0xFC, 0xDA, 0x13, 0xF7, 0xD6, 0x0E, 0x22,
  0xD9, 0x19, 0xFB, 0xE1, 0xF8, 0xFD, 0xE8, 0x25, 0xEC, 0xD4,
  0xFA, 0xF4, 0x10, 0xE8, 0xDC, 0x0F, 0xE9, 0xF6, 0xF1, 0x22,
  0xD9, 0x02, 0xFA, 0xEC, 0x23, 0x26, 0x16, 0x19, 0xFA, 0x19,
  0x12, 0xED, 0xE1, 0x17, 0x00, 0x2B, 0x37, 0xFE, 0x1D, 0x2B,
  0xEC, 0xFE, 0xF3, 0x05, 0x0A, 0xF3, 0x24, 0xF1, 0xE4, 0x2F,
  0x04, 0x17, 0x1E, 0xE0, 0x0A, 0x2B, 0xD4, 0xE0, 0xEC, 0x00,
  0xDD, 0x06, 0x03, 0xF5, 0xFA, 0xD7, 0xFC, 0x1E, 0xFC, 0x10,
  0x24, 0x19, 0x28, 0xF1, 0xF3, 0xFC, 0x13, 0xFA, 0xF8, 0x22,
  0xFA, 0xE9, 0xFF, 0x16, 0xD5, 0x28, 0x25, 0xF4, 0xF1, 0xFC,
  0xFC, 0xCA, 0xE5, 0xFE, 0x04, 0x1D, 0x03, 0xF6, 0x24, 0xE4,
  0xE3, 0xC8, 0x2B, 0x47, 0x1A, 0x39, 0x27, 0x08, 0xFE, 0xE6,
  0xF0, 0x07, 0x1A, 0xE2, 0x04, 0x0E, 0x26, 0x04, 0xF0, 0x1A,
  0x06, 0x05, 0xFF, 0xFA, 0x05, 0x17, 0x28, 0x05, 0x12, 0x07,
  0x0F, 0x0B, 0x03, 0xE5, 0x19, 0x0D, 0x01, 0xF8, 0xDB, 0x0C,
  0xDB, 0x21, 0xF3, 0xDB, 0x24, 0x36, 0xE2, 0x07, 0x31, 0xFF,
  0xCF, 0xE2, 0xD8, 0xFE, 0xF4, 0xEA, 0x09, 0x13, 0x1E, 0x0B,
  0x2D, 0xE7, 0xED, 0xF7, 0x03, 0xE5, 0xF2, 0x25, 0x3B, 0x0D,
  0x29, 0x29, 0x09, 0x06, 0x19, 0x29, 0x19, 0xEF, 0xED, 0xF3,
  0x04, 0xF0, 0x1B, 0x0E, 0xFD, 0xED, 0xE6, 0x25, 0x09, 0x24,
  0x03, 0x15, 0x02, 0xF6, 0xFD, 0x12, 0x0C, 0xDD, 0x37, 0x48,
  0xF5, 0xEA, 0x10, 0xD1, 0xF8, 0x1B, 0xD5, 0xF4, 0xF4, 0x41,
  0x0A, 0xFF, 0xE8, 0x03, 0x0D, 0xEE, 0xE7, 0x12, 0x0E, 0x1B,
  0x15, 0xE7, 0x15, 0x25, 0x13, 0x06, 0xE4, 0x05, 0x16, 0x33,
  0x1A, 0x10, 0x0E, 0xF0, 0xFD, 0xE1, 0x13, 0x05, 0x07, 0xB7,
  0x0A, 0xFB, 0x0D, 0xBC, 0x09, 0xEC, 0x13, 0xF1, 0xED, 0xD9,
  0x20, 0x3B, 0xE0, 0xE9, 0xFF, 0x23, 0x06, 0xE8, 0xEB, 0x21,
  0xB0, 0x0E, 0xFD, 0x07, 0x03, 0x02, 0x1E, 0xF8, 0x08, 0xEF,
  0x23, 0xFD, 0x1D, 0x0A, 0x18, 0xC6, 0x0A, 0x07, 0x20, 0x12,
  0xF1, 0xED, 0xBC, 0x05, 0x0E, 0x37, 0x08, 0x10, 0x0D, 0xFC,
  0x03, 0xF8, 0xD0, 0xE9, 0x2D, 0x3E, 0x45, 0x24, 0x0B, 0x47,
  0x19, 0x0F, 0x0B, 0x04, 0xF9, 0xEF, 0xFB, 0x07, 0x23, 0xF7,
  0xF2, 0x44, 0x0E, 0x0C, 0x11, 0x1E, 0x2C, 0x08, 0x0F, 0x41,
  0xE3, 0x1B, 0x0B, 0xF5, 0x1F, 0x0C, 0x26, 0x34, 0xDC, 0x08,
  0xDE, 0xEB, 0xD5, 0xEA, 0x02, 0xFD, 0xFA, 0x38, 0xF5, 0xE8,
  0x0F, 0xE6, 0xD9, 0xCC, 0x12, 0xF8, 0x1F, 0xDD, 0xFE, 0xE8,
  0x0C, 0x38, 0xFD, 0x0A, 0x06, 0xC0, 0xEC, 0xD0, 0x11, 0x41,
  0x1B, 0xF5, 0x10, 0x20, 0xF1, 0xD7, 0xF9, 0x16, 0x06, 0xC8,
  0xE7, 0xEE, 0x27, 0x06, 0xF0, 0xFE, 0xF8, 0xF6, 0x17, 0xE5,
  0x30, 0x16, 0x0F, 0x28, 0x01, 0x21, 0xFF, 0x06, 0x25, 0x0F,
  0xFD, 0x1C, 0xEA, 0x1C, 0xCD, 0xE5, 0xDE, 0xF7, 0xF1, 0xE9,
  0x2E, 0x03, 0xB3, 0xF9, 0x34, 0xC7, 0xE6, 0xC4, 0xD7, 0xFF,
  0xF1, 0x2A, 0x1A, 0x17, 0x27, 0x37, 0x20, 0xBB, 0x0E, 0xE3,
  0xF5, 0x24, 0x20, 0xE4, 0xF7, 0xCF, 0xFD, 0xCB, 0x1D, 0xE1,
  0x07, 0x10, 0x22, 0xE6, 0x1B, 0x02, 0xFC, 0x22, 0xC2, 0xD0,
  0x11, 0x27, 0x1E, 0xBF, 0xE0, 0x32, 0x32, 0xD0, 0x2A, 0x02,
  0xEA, 0x13, 0x17, 0x20, 0xE1, 0xE2, 0x29, 0x2E, 0xE4, 0x2A,
  0xFC, 0xFF, 0x03, 0xDF, 0x09, 0xFD, 0x0A, 0x00, 0x0B, 0x06,
  0x0E, 0x19, 0xDD, 0x26, 0x1A, 0x2F, 0x11, 0xDF, 0xE0, 0xFB,
  0x05, 0xEF, 0x0E, 0x2A, 0x23, 0x1E, 0x12, 0x17, 0x0A, 0x1F,
  0xE0, 0xF5, 0xE5, 0x24, 0x1B, 0xD9, 0xDF, 0x1E, 0xFE, 0xD3,
  0xFA, 0xDC, 0x22, 0x1A, 0xE1, 0xDC, 0xF5, 0x1C, 0xFB, 0xEC,
  0x1E, 0xEF, 0xF6, 0xCF, 0xEA, 0xFC, 0xD1, 0x1B, 0x29, 0x0D,
  0x26, 0xE2, 0x19, 0xFF, 0x14, 0xE9, 0xFA, 0x14, 0x26, 0x08,
  0x1B, 0xDB, 0xFB, 0xEB, 0x15, 0x23, 0x1E, 0xCD, 0xCE, 0xE7,
  0x28, 0x26, 0x09, 0x18, 0x01, 0x31, 0x10, 0xEC, 0x0F, 0xD8,
  0x1C, 0x2C, 0x3B, 0xF8, 0x1C, 0x25, 0x07, 0xF5, 0xFB, 0xEF,
  0xF3, 0x0C, 0x02, 0x07, 0x1F, 0xFC, 0xD1, 0x16, 0xFA, 0x01,
  0x17, 0xF4, 0xFD, 0x24, 0x17, 0x30, 0x16, 0xF1, 0x09, 0x1B,
  0x07, 0xE6, 0x0C, 0x04, 0xED, 0x0C, 0xCC, 0xE5, 0xE1, 0x22,
  0xEF, 0xD0, 0xF3, 0x30, 0xED, 0x0C, 0x0C, 0xD6, 0xE5, 0xBD,
  0x07, 0x0F, 0x24, 0x0B, 0x06, 0xE6, 0x04, 0x0E, 0x04, 0xC9,
  0x24, 0xD9, 0xE3, 0xFF, 0x12, 0x0E, 0x1B, 0x21, 0xF4, 0xFB,
  0xE1, 0xFF, 0xF4, 0x0F, 0xEB, 0xF0, 0xF4, 0xFF, 0x18, 0xEB,
  0xFA, 0x14, 0x18, 0x1F, 0x29, 0x14, 0x26, 0xEB, 0x17, 0xF3,
  0x21, 0xE6, 0x12, 0xF8, 0x00, 0x12, 0x20, 0x13, 0x02, 0xF0,
  0xEF, 0x04, 0xEE, 0x1F, 0x15, 0xD4, 0x1E, 0xF8, 0xE9, 0xF7,
  0x1B, 0xEE, 0xFE, 0x06, 0x04, 0x03, 0xFD, 0x23, 0x26, 0xF6,
  0x24, 0x15, 0x2F, 0xDA, 0xEB, 0x1C, 0x36, 0xF7, 0x30, 0xD7,
  0xFA, 0xE0, 0xE8, 0xE5, 0xFC, 0x09, 0x20, 0x0E, 0x10, 0x28,
  0x01, 0xF8, 0xE1, 0xEF, 0xE5, 0xF4, 0xE7, 0x17, 0xF8, 0xF1,
  0xDC, 0x02, 0xF6, 0xC9, 0xDD, 0x01, 0xFD, 0xD7, 0xF6, 0xF3,
  0x17, 0xF7, 0xDD, 0x13, 0xEF, 0x2E, 0x19, 0x11, 0x16, 0x25,
  0xE5, 0xEB, 0x27, 0x16, 0x0F, 0x39, 0x10, 0x10, 0xEC, 0x01,
  0xF9, 0xDC, 0x01, 0x0D, 0xEB, 0xF3, 0xF2, 0x22, 0x05, 0x47,
  0x16, 0xE3, 0xF9, 0x01, 0x15, 0xEF, 0xFE, 0x19, 0xEA, 0xE3,
  0x31, 0x02, 0xFA, 0xE7, 0xB5, 0x13, 0x13, 0x0C, 0x02, 0x06,
  0x00, 0x0B, 0xFF, 0xEB, 0xD8, 0xFA, 0x26, 0xFC, 0x05, 0xC6,
  0xCE, 0x12, 0xEB, 0x0C, 0xF7, 0xF7, 0x01, 0x12, 0xEA, 0x03,
  0x0C, 0x29, 0x01, 0xD2, 0xE8, 0xF7, 0xB2, 0xEC, 0xF4, 0xD3,
  0xFB, 0xDF, 0xDC, 0xE9, 0x02, 0x30, 0xFA, 0x16, 0x30, 0x1D,
  0xE6, 0xDD, 0xF2, 0x09, 0x0B, 0x37, 0xED, 0x39, 0x2D, 0xF1,
  0xD7, 0xFA, 0xEC, 0xF8, 0xDD, 0xC0, 0xF6, 0x04, 0xE6, 0xCF,
  0x23, 0x04, 0x31, 0x04, 0xE4, 0xEB, 0x0F, 0x3C, 0xFE, 0xE0,
  0x07, 0x07, 0xF8, 0xF4, 0xE8, 0x2C, 0xCE, 0x33, 0x02, 0x04,
  0x19, 0x0D, 0x10, 0x20, 0xF6, 0xFB, 0x2A, 0x13, 0xF4, 0xF5,
  0x1D, 0xD9, 0x16, 0x12, 0xF0, 0x12, 0x11, 0xED, 0xD6, 0x19,
  0x31, 0x24, 0xF0, 0x03, 0x0F, 0x2B, 0x17, 0x21, 0x0B, 0x10,
  0xF5, 0xCD, 0xF2, 0x09, 0x09, 0xD4, 0x1B, 0x32, 0x27, 0xF7,
  0x15, 0x00, 0xFD, 0x19, 0xB5, 0x0A, 0x06, 0xD9, 0x13, 0xEE,
  0xEB, 0xFE, 0xD2, 0x2F, 0x15, 0xF8, 0x02, 0xFB, 0x07, 0xDE,
  0x23, 0x1B, 0x0A, 0xE2, 0xFD, 0x1A, 0x14, 0xD9, 0x15, 0x13,
  0x02, 0x29, 0xF2, 0x10, 0x07, 0x03, 0x06, 0x1C, 0x05, 0x2D,
  0x1B, 0x1B, 0x04, 0x17, 0x1B, 0x10, 0xDA, 0xE9, 0x0F, 0x06,
  0xF4, 0xD1, 0xED, 0x30, 0x0D, 0xE4, 0xD3, 0xEC, 0xF3, 0xEB,
  0x25, 0x27, 0xE8, 0x02, 0x1E, 0x23, 0x28, 0xFC, 0xE8, 0x12,
  0xE8, 0xD9, 0xE1, 0xE2, 0x08, 0xE4, 0x21, 0x23, 0xE1, 0xF3,
  0x14, 0x1B, 0xF1, 0x06, 0x21, 0x2F, 0xE0, 0xDC, 0x1A, 0xF2,
  0x2A, 0xFB, 0x0C, 0x24, 0x03, 0x1A, 0xF4, 0xC7, 0x23, 0x1D,
  0x11, 0x16, 0xF9, 0x0B, 0x28, 0x0F, 0xFE, 0x19, 0xFC, 0xE4,
  0xDF, 0xE5, 0xED, 0x21, 0xE2, 0xF3, 0xF9, 0x0D, 0x16, 0x1D,
  0xFF, 0x0A, 0xFF, 0x03, 0x09, 0xF5, 0x01, 0x36, 0x14, 0xF9,
  0x15, 0x16, 0xF6, 0x14, 0xEE, 0xF8, 0x26, 0x09, 0x1B, 0x16,
  0x14, 0x20, 0x19, 0xEB, 0xEC, 0x00, 0x0B, 0xEC, 0x15, 0xE8,
  0xF8, 0x17, 0xE3, 0xEF, 0x03, 0xDF, 0x15, 0x0B, 0x0E, 0xF4,
  0xE0, 0x02, 0xF0, 0x2F, 0xFC, 0x11, 0xEB, 0x0E, 0x0C, 0x2E,
  0x39, 0xE4, 0x16, 0x05, 0x0D, 0x15, 0x0F, 0xFB, 0x23, 0xD5,
  0x18, 0x07, 0x25, 0x06, 0xEF, 0xF2, 0x14, 0x0A, 0x0A, 0x1B,
  0xE4, 0x0C, 0x0D, 0xD9, 0xF2, 0xEE, 0x07, 0xFC, 0xCA, 0xFA,
  0x0E, 0x24, 0x2C, 0xBB, 0x11, 0x05, 0x36, 0x14, 0x11, 0x0D,
  0x21, 0x25, 0xF6, 0x2D, 0xEF, 0xDD, 0x04, 0x3B, 0xEC, 0xF2,
  0x19, 0xF4, 0x12, 0xF0, 0x29, 0x1C, 0xE4, 0x11, 0x13, 0xFA,
  0x0C, 0x27, 0xF8, 0x0E, 0x23, 0x1F, 0x15, 0xFC, 0x24, 0x09,
  0x0C, 0xCC, 0xED, 0xF8, 0x16, 0x0C, 0x1C, 0x05, 0xFA, 0x07,
  0x00, 0x1F, 0x0C, 0x07, 0x05, 0x28, 0x05, 0xEA, 0x00, 0x01,
  0xFB, 0x2C, 0x13, 0x05, 0x2A, 0x00, 0x1A, 0xEB, 0x27, 0x05,
  0x0B, 0x34, 0x26, 0xF7, 0xEA, 0xEB, 0x04, 0xE3, 0x23, 0x3D,
  0xDF, 0x00, 0xD9, 0xEC, 0x18, 0xF3, 0x05, 0xF4, 0xFE, 0x2F,
  0xED, 0x08, 0x2F, 0xF1, 0xFE, 0x0E, 0xF2, 0xF9, 0x15, 0x1F,
  0xFB, 0xFC, 0x1E, 0x04, 0x1C, 0xD6, 0x07, 0x1E, 0x02, 0x15,
  0x14, 0x00, 0x1D, 0x0A, 0x11, 0x0B, 0xDA, 0xE6, 0x26, 0xCC,
  0xD3, 0x2C, 0x1F, 0xD2, 0x20, 0xFB, 0x09, 0xF1, 0x07, 0xDC,
  0x03, 0xF4, 0xDF, 0x10, 0xF8, 0x0B, 0x12, 0xCD, 0x29, 0x13,
  0xCB, 0xF8, 0xF3, 0xFE, 0xF7, 0x07, 0xF4, 0xFB, 0xF7, 0xE8,
  0x2B, 0x06, 0x16, 0x1E, 0x04, 0xCA, 0x06, 0x28, 0x04, 0x28,
  0x1F, 0xE8, 0xCB, 0xEC, 0xFB, 0x32, 0x04, 0xE5, 0x06, 0xF5,
  0x0A, 0x1D, 0x22, 0x14, 0xE6, 0x1A, 0x1E, 0x01, 0xE6, 0x0E,
  0xD2, 0x02, 0x15, 0x07, 0xF9, 0x14, 0x17, 0xE9, 0xEB, 0x18,
  0xF0, 0xEE, 0xF5, 0x10, 0x1C, 0xFB, 0xE3, 0x01, 0x20, 0xFD,
  0xE1, 0xDD, 0x23, 0xF5, 0xED, 0x25, 0x0E, 0xFD, 0x00, 0x1D,
  0x14, 0x32, 0x28, 0xDF, 0x25, 0x0F, 0x08, 0x1F, 0xE9, 0xD3,
  0x1A, 0x11, 0x26, 0x1E, 0xFA, 0x0D, 0xCD, 0x0E, 0x14, 0x1C,
  0x1E, 0xF9, 0x0F, 0x0E, 0x15, 0x0D, 0x16, 0xF1, 0x25, 0xE2,
  0x05, 0x00, 0x1E, 0x02, 0x3F, 0xFB, 0xFB, 0x3B, 0xFD, 0x18,
  0x1D, 0x2B, 0x06, 0xFE, 0x1B, 0xEB, 0x1F, 0x07, 0xDA, 0x08,
  0x21, 0xE0, 0xEB, 0x22, 0x1F, 0x3A, 0x12, 0xE0, 0x15, 0xE2,
  0xF7, 0xF3, 0xEE, 0xE9, 0x0F, 0xCB, 0x12, 0x28, 0xD9, 0xF6,
  0xDA, 0x04, 0x02, 0x19, 0x18, 0xEF, 0x14, 0xF6, 0x04, 0x39,
  0x28, 0xE8, 0x11, 0xDE, 0x16, 0xF5, 0xEF, 0xE9, 0x21, 0x17,
  0x40, 0x01, 0x04, 0xF2, 0xFB, 0x3A, 0x41, 0x39, 0x1B, 0x50,
  0x29, 0x09, 0x11, 0xED, 0xF4, 0xF9, 0x0B, 0x05, 0x08, 0x1E,
  0x2A, 0x36, 0xF2, 0x00, 0x10, 0x37, 0x2D, 0x1B, 0x15, 0x1B,
  0x35, 0xF9, 0x07, 0xFB, 0x20, 0x25, 0xF3, 0x17, 0x27, 0xF3,
  0x25, 0xFF, 0xF5, 0x39, 0xDF, 0x29, 0x2C, 0xF4, 0x30, 0x43,
  0x49, 0x0C, 0x19, 0xFE, 0x06, 0x37, 0x0C, 0xFC, 0x0C, 0xE6,
  0x11, 0x01, 0x06, 0x01, 0xEF, 0xD2, 0x2C, 0xF8, 0x15, 0xEE,
  0xE7, 0x26, 0xFA, 0x03, 0xF6, 0xE8, 0x02, 0xDD, 0xF0, 0xF8,
  0x22, 0x10, 0xF6, 0x17, 0xFC, 0x12, 0x28, 0x0E, 0x06, 0x11,
  0x25, 0x0C, 0x24, 0xF0, 0x14, 0x2F, 0x1D, 0x1D, 0x04, 0xF6,
  0x20, 0x09, 0x06, 0x26, 0x14, 0x14, 0x33, 0x0F, 0x12, 0x29,
  0xDA, 0x04, 0x1D, 0xED, 0xEF, 0xD1, 0x06, 0xE7, 0x02, 0x22,
  0x0A, 0x05, 0x2B, 0x16, 0x12, 0xDF, 0xFF, 0x11, 0xEE, 0xEA,
  0x13, 0xEF, 0x1E, 0xF8, 0xFE, 0x0C, 0x1A, 0xFB, 0xDF, 0x18,
  0x18, 0xE9, 0xD9, 0x18, 0x02, 0x0E, 0xDE, 0x12, 0xED, 0xF9,
  0x2D, 0xF3, 0x11, 0x11, 0x08, 0xFA, 0xF1, 0xF9, 0xFC, 0x32,
  0xFF, 0xF4, 0xE7, 0x05, 0x19, 0x15, 0xF2, 0xFD, 0x0D, 0x10,
  0x32, 0xD5, 0x21, 0xF1, 0xC8, 0x03, 0x01, 0x04, 0xF4, 0xD9,
  0xF5, 0x05, 0x11, 0x17, 0x26, 0x16, 0x04, 0x02, 0x02, 0xCE,
  0x7A, 0xFC, 0xFF, 0xFF, 0x04, 0x00, 0x00, 0x00, 0x00, 0x01,
  0x00, 0x00, 0xE9, 0xFF, 0xFF, 0xFF, 0x29, 0x03, 0x00, 0x00,
  0xF7, 0xFA, 0xFF, 0xFF, 0x13, 0x04, 0x00, 0x00, 0x96, 0x01,
  0x00, 0x00, 0xE1, 0x08, 0x00, 0x00, 0xDC, 0x02, 0x00, 0x00,
  0x69, 0x01, 0x00, 0x00, 0x63, 0x0D, 0x00, 0x00, 0xA7, 0x00,
  0x00, 0x00, 0xD2, 0xFD, 0xFF, 0xFF, 0xD9, 0x01, 0x00, 0x00,
  0xA7, 0x03, 0x00, 0x00, 0x26, 0x00, 0x00, 0x00, 0x18, 0x00,
  0x00, 0x00, 0xDD, 0xFC, 0xFF, 0xFF, 0xA6, 0x00, 0x00, 0x00,
  0x18, 0x09, 0x00, 0x00, 0xB1, 0x00, 0x00, 0x00, 0x79, 0x00,
  0x00, 0x00, 0x42, 0x03, 0x00, 0x00, 0xA8, 0x02, 0x00, 0x00,
  0x77, 0x03, 0x00, 0x00, 0x3B, 0x06, 0x00, 0x00, 0xE2, 0xFF,
  0xFF, 0xFF, 0x70, 0xFF, 0xFF, 0xFF, 0x77, 0x00, 0x00, 0x00,
  0xDA, 0x01, 0x00, 0x00, 0x49, 0x01, 0x00, 0x00, 0x23, 0x01,
  0x00, 0x00, 0xDC, 0x02, 0x00, 0x00, 0x91, 0x03, 0x00, 0x00,
  0xD1, 0x03, 0x00, 0x00, 0xBE, 0x04, 0x00, 0x00, 0x44, 0xFF,
  0xFF, 0xFF, 0xC2, 0x00, 0x00, 0x00, 0x9F, 0x01, 0x00, 0x00,
  0xE6, 0x06, 0x00, 0x00, 0xE2, 0x05, 0x00, 0x00, 0x77, 0x02,
  0x00, 0x00, 0x0E, 0xFF, 0xFF, 0xFF, 0x55, 0x00, 0x00, 0x00,
  0x71, 0x01, 0x00, 0x00, 0x55, 0xFC, 0xFF, 0xFF, 0x2A, 0x00,
  0x00, 0x00, 0x32, 0x01, 0x00, 0x00, 0xA3, 0x01, 0x00, 0x00,
  0xA4, 0xFD, 0xFF, 0xFF, 0x89, 0x01, 0x00, 0x00, 0x73, 0xFF,
  0xFF, 0xFF, 0x99, 0x02, 0x00, 0x00, 0xF3, 0xFF, 0xFF, 0xFF,
  0x4F, 0xFD, 0xFF, 0xFF, 0x15, 0x02, 0x00, 0x00, 0x73, 0x04,
  0x00, 0x00, 0x3B, 0x04, 0x00, 0x00, 0x10, 0x01, 0x00, 0x00,
  0x12, 0x02, 0x00, 0x00, 0x2B, 0xFD, 0xFF, 0xFF, 0x40, 0xFF,
  0xFF, 0xFF, 0x19, 0x05, 0x00, 0x00, 0x58, 0x00, 0x00, 0x00,
  0x45, 0xFF, 0xFF, 0xFF, 0x5C, 0x01, 0x00, 0x00, 0x86, 0xFD,
  0xFF, 0xFF, 0x04, 0x00, 0x00, 0x00, 0x80, 0x01, 0x00, 0x00,
  0x37, 0x36, 0xE9, 0x29, 0xD3, 0xE9, 0xD0, 0x0E, 0xBE, 0x02,
  0x27, 0xE0, 0xB6, 0xD0, 0xD4, 0xF1, 0xFA, 0xD2, 0x29, 0xDD,
  0x2B, 0xE8, 0x0B, 0xF4, 0x2C, 0x1E, 0xEF, 0xBB, 0x07, 0xEE,
  0x30, 0x03, 0xFA, 0xFE, 0xF9, 0xD6, 0xCF, 0xCF, 0xD9, 0xE6,
  0x14, 0x36, 0x13, 0xEA, 0x23, 0x46, 0x1E, 0xE2, 0x35, 0x24,
  0x22, 0x07, 0xF4, 0xEC, 0xE3, 0x0B, 0x1F, 0x1F, 0x08, 0xF1,
  0x00, 0x11, 0x2B, 0x19, 0x08, 0x2B, 0x06, 0xD5, 0xFD, 0xEE,
  0xF0, 0x0E, 0x81, 0x0C, 0x1D, 0x1E, 0x1F, 0x1F, 0x1D, 0x37,
  0x0B, 0xC3, 0x1F, 0x2A, 0xDD, 0xD4, 0xF3, 0xFE, 0xFF, 0x02,
  0x1E, 0x0A, 0xE1, 0x0C, 0xD9, 0xD0, 0xE5, 0x03, 0x37, 0x0A,
  0xF1, 0xD2, 0xD3, 0xE7, 0x2C, 0x18, 0x05, 0x2B, 0x1F, 0x11,
  0xE1, 0x2D, 0xFC, 0x11, 0x08, 0xBD, 0x2E, 0xEE, 0xC5, 0xCA,
  0xEA, 0xE3, 0x35, 0x24, 0xC5, 0x1F, 0x1D, 0xCE, 0xE3, 0xC2,
  0x0D, 0x0E, 0x25, 0xBA, 0x1F, 0x08, 0xB8, 0xF4, 0xFF, 0xEB,
  0xCE, 0x14, 0xFA, 0xF5, 0xF3, 0xD1, 0xFA, 0xE3, 0xD3, 0x26,
  0xBE, 0xD9, 0xED, 0xFF, 0x09, 0x1A, 0x1D, 0x06, 0xD6, 0xF7,
  0xD4, 0xBA, 0xCB, 0xD5, 0x04, 0x43, 0x46, 0x27, 0xD1, 0x02,
  0x24, 0x10, 0x19, 0xE0, 0xCE, 0x07, 0x0E, 0xEF, 0xDC, 0xCD,
  0x26, 0x0F, 0xE3, 0x0B, 0xE2, 0x19, 0xE5, 0xE3, 0x25, 0x25,
  0xEB, 0xDD, 0xFA, 0xFF, 0xB7, 0xD8, 0xDF, 0xC4, 0x0E, 0x26,
  0xA9, 0x1F, 0xD7, 0x0E, 0x2C, 0xF4, 0xFA, 0xE0, 0x1D, 0xBD,
  0xC8, 0x1C, 0xE5, 0x1D, 0x17, 0x18, 0xED, 0xCF, 0xE1, 0x21,
  0xD0, 0x2F, 0x24, 0x22, 0xF3, 0x39, 0x0E, 0xEE, 0x03, 0x00,
  0xCD, 0xE9, 0xDF, 0xE2, 0xDA, 0xD0, 0xBB, 0xD0, 0x32, 0xDC,
  0xDC, 0xEA, 0x06, 0x37, 0xC4, 0x2A, 0x2E, 0xF9, 0x17, 0xE6,
  0xF6, 0xFF, 0xFF, 0x21, 0x00, 0xFA, 0x17, 0xDD, 0xE0, 0x2B,
  0x2E, 0x2F, 0x1D, 0xCC, 0x1C, 0x30, 0xE2, 0xE2, 0x14, 0xE7,
  0xE4, 0xF9, 0xED, 0x2A, 0xD2, 0x2A, 0x3E, 0x24, 0xE7, 0xEE,
  0xEA, 0xF2, 0xDA, 0x16, 0xE3, 0xD1, 0xCA, 0x09, 0xF8, 0xE4,
  0xE6, 0x25, 0xFE, 0xED, 0xE8, 0xDE, 0x3C, 0xF8, 0x0D, 0xD8,
  0xFA, 0xCD, 0x08, 0xFD, 0x08, 0xD5, 0x42, 0xF6, 0xE3, 0x23,
  0x08, 0x03, 0xDD, 0xD3, 0x18, 0xED, 0xFF, 0xF0, 0x05, 0x0B,
  0x0C, 0x26, 0xFB, 0x22, 0x00, 0x41, 0xD6, 0x98, 0x3E, 0x03,
  0x08, 0x1E, 0x1B, 0x16, 0xFD, 0x1B, 0xD1, 0x2C, 0xD0, 0x10,
  0xD2, 0xEF, 0x10, 0x27, 0xFB, 0xD3, 0xE3, 0xC7, 0xCE, 0xD8,
  0xF2, 0xF9, 0x26, 0x30, 0x1B, 0xD9, 0xBD, 0x31, 0x2B, 0x0D,
  0xFA, 0xD8, 0xD2, 0x0E, 0x13, 0xF8, 0x04, 0xDB, 0x11, 0xDE,
  0xF6, 0xD5, 0xF0, 0xD9, 0x23, 0x17, 0xBF, 0xD8, 0x17, 0xEB,
  0x28, 0x9E, 0xFE, 0xF4, 0x12, 0xFF, 0xFF, 0xFF, 0x04, 0x00,
  0x00, 0x00, 0x18, 0x00, 0x00, 0x00, 0xF1, 0xFF, 0xFF, 0xFF,
  0x51, 0xFF, 0xFF, 0xFF, 0x74, 0x00, 0x00, 0x00, 0x70, 0x00,
  0x00, 0x00, 0x43, 0xFF, 0xFF, 0xFF, 0xC5, 0x00, 0x00, 0x00,
  0x36, 0xFF, 0xFF, 0xFF, 0x04, 0x00, 0x00, 0x00, 0x08, 0x00,
  0x00, 0x00, 0x01, 0x00, 0x00, 0x00, 0x02, 0x00, 0x00, 0x00,
  0x4A, 0xFF, 0xFF, 0xFF, 0x04, 0x00, 0x00, 0x00, 0x10, 0x00,
  0x00, 0x00, 0x01, 0x00, 0x00, 0x00, 0x64, 0x00, 0x00, 0x00,
  0x01, 0x00, 0x00, 0x00, 0x03, 0x00, 0x00, 0x00, 0x3C, 0xEA,
  0xFF, 0xFF, 0x40, 0xEA, 0xFF, 0xFF, 0x0F, 0x00, 0x00, 0x00,
  0x4D, 0x4C, 0x49, 0x52, 0x20, 0x43, 0x6F, 0x6E, 0x76, 0x65,
  0x72, 0x74, 0x65, 0x64, 0x2E, 0x00, 0x01, 0x00, 0x00, 0x00,
  0x14, 0x00, 0x00, 0x00, 0x00, 0x00, 0x0E, 0x00, 0x18, 0x00,
  0x14, 0x00, 0x10, 0x00, 0x0C, 0x00, 0x08, 0x00, 0x04, 0x00,
  0x0E, 0x00, 0x00, 0x00, 0x14, 0x00, 0x00, 0x00, 0x1C, 0x00,
  0x00, 0x00, 0x84, 0x02, 0x00, 0x00, 0x88, 0x02, 0x00, 0x00,
  0x8C, 0x02, 0x00, 0x00, 0x04, 0x00, 0x00, 0x00, 0x6D, 0x61,
  0x69, 0x6E, 0x00, 0x00, 0x00, 0x00, 0x09, 0x00, 0x00, 0x00,
  0x48, 0x02, 0x00, 0x00, 0xEC, 0x01, 0x00, 0x00, 0x88, 0x01,
  0x00, 0x00, 0x34, 0x01, 0x00, 0x00, 0xF0, 0x00, 0x00, 0x00,
  0xBC, 0x00, 0x00, 0x00, 0x78, 0x00, 0x00, 0x00, 0x40, 0x00,
  0x00, 0x00, 0x04, 0x00, 0x00, 0x00, 0xA2, 0xFE, 0xFF, 0xFF,
  0x1C, 0x00, 0x00, 0x00, 0x00, 0x00, 0x00, 0x09, 0x1C, 0x00,
  0x00, 0x00, 0x20, 0x00, 0x00, 0x00, 0x05, 0x00, 0x00, 0x00,
  0x00, 0x00, 0x06, 0x00, 0x08, 0x00, 0x04, 0x00, 0x06, 0x00,
  0x00, 0x00, 0x00, 0x00, 0x80, 0x3F, 0x01, 0x00, 0x00, 0x00,
  0x13, 0x00, 0x00, 0x00, 0x01, 0x00, 0x00, 0x00, 0x12, 0x00,
  0x00, 0x00, 0x7A, 0xFE, 0xFF, 0xFF, 0x14, 0x00, 0x00, 0x00,
  0x00, 0x00, 0x00, 0x08, 0x10, 0x00, 0x00, 0x00, 0x14, 0x00,
  0x00, 0x00, 0x04, 0x00, 0x00, 0x00, 0x0C, 0xEB, 0xFF, 0xFF,
  0x01, 0x00, 0x00, 0x00, 0x12, 0x00, 0x00, 0x00, 0x03, 0x00,
  0x00, 0x00, 0x11, 0x00, 0x00, 0x00, 0x04, 0x00, 0x00, 0x00,
  0x03, 0x00, 0x00, 0x00, 0x0E, 0xFF, 0xFF, 0xFF, 0x1C, 0x00,
  0x00, 0x00, 0x00, 0x00, 0x00, 0x08, 0x1C, 0x00, 0x00, 0x00,
  0x20, 0x00, 0x00, 0x00, 0x04, 0x00, 0x00, 0x00, 0x00, 0x00,
  0x06, 0x00, 0x08, 0x00, 0x07, 0x00, 0x06, 0x00, 0x00, 0x00,
  0x00, 0x00, 0x00, 0x01, 0x01, 0x00, 0x00, 0x00, 0x11, 0x00,
  0x00, 0x00, 0x03, 0x00, 0x00, 0x00, 0x10, 0x00, 0x00, 0x00,
  0x06, 0x00, 0x00, 0x00, 0x05, 0x00, 0x00, 0x00, 0xEE, 0xFE,
  0xFF, 0xFF, 0x14, 0x00, 0x00, 0x00, 0x00, 0x00, 0x00, 0x1B,
  0x10, 0x00, 0x00, 0x00, 0x14, 0x00, 0x00, 0x00, 0x03, 0x00,
  0x00, 0x00, 0x80, 0xEB, 0xFF, 0xFF, 0x01, 0x00, 0x00, 0x00,
  0x10, 0x00, 0x00, 0x00, 0x02, 0x00, 0x00, 0x00, 0x0F, 0x00,
  0x00, 0x00, 0x02, 0x00, 0x00, 0x00, 0x1E, 0xFF, 0xFF, 0xFF,
  0x14, 0x00, 0x00, 0x00, 0x00, 0x00, 0x00, 0x05, 0x24, 0x00,
  0x00, 0x00, 0x28, 0x00, 0x00, 0x00, 0x02, 0x00, 0x00, 0x00,
  0x6E, 0xFF, 0xFF, 0xFF, 0x02, 0x00, 0x00, 0x00, 0x01, 0x00,
  0x00, 0x00, 0x02, 0x00, 0x00, 0x00, 0x01, 0x00, 0x00, 0x00,
  0x00, 0x00, 0x00, 0x01, 0x01, 0x00, 0x00, 0x00, 0x0F, 0x00,
  0x00, 0x00, 0x01, 0x00, 0x00, 0x00, 0x0E, 0x00, 0x00, 0x00,
  0x5E, 0xFF, 0xFF, 0xFF, 0x14, 0x00, 0x00, 0x00, 0x00, 0x00,
  0x00, 0x01, 0x1C, 0x00, 0x00, 0x00, 0x20, 0x00, 0x00, 0x00,
  0x01, 0x00, 0x00, 0x00, 0x50, 0xFF, 0xFF, 0xFF, 0x00, 0x00,
  0x00, 0x01, 0x01, 0x00, 0x00, 0x00, 0x01, 0x00, 0x00, 0x00,
  0x01, 0x00, 0x00, 0x00, 0x0E, 0x00, 0x00, 0x00, 0x03, 0x00,
  0x00, 0x00, 0x0D, 0x00, 0x00, 0x00, 0x08, 0x00, 0x00, 0x00,
  0x07, 0x00, 0x00, 0x00, 0x00, 0x00, 0x0E, 0x00, 0x1A, 0x00,
  0x14, 0x00, 0x10, 0x00, 0x0C, 0x00, 0x0B, 0x00, 0x04, 0x00,
  0x0E, 0x00, 0x00, 0x00, 0x24, 0x00, 0x00, 0x00, 0x00, 0x00,
  0x00, 0x05, 0x34, 0x00, 0x00, 0x00, 0x38, 0x00, 0x00, 0x00,
  0x02, 0x00, 0x00, 0x00, 0x00, 0x00, 0x0E, 0x00, 0x18, 0x00,
  0x17, 0x00, 0x10, 0x00, 0x0C, 0x00, 0x08, 0x00, 0x04, 0x00,
  0x0E, 0x00, 0x00, 0x00, 0x02, 0x00, 0x00, 0x00, 0x01, 0x00,
  0x00, 0x00, 0x02, 0x00, 0x00, 0x00, 0x01, 0x00, 0x00, 0x00,
  0x00, 0x00, 0x00, 0x01, 0x01, 0x00, 0x00, 0x00, 0x0D, 0x00,
  0x00, 0x00, 0x01, 0x00, 0x00, 0x00, 0x0C, 0x00, 0x00, 0x00,
  0x00, 0x00, 0x0E, 0x00, 0x18, 0x00, 0x14, 0x00, 0x10, 0x00,
  0x0C, 0x00, 0x0B, 0x00, 0x04, 0x00, 0x0E, 0x00, 0x00, 0x00,
  0x20, 0x00, 0x00, 0x00, 0x00, 0x00, 0x00, 0x01, 0x28, 0x00,
  0x00, 0x00, 0x2C, 0x00, 0x00, 0x00, 0x01, 0x00, 0x00, 0x00,
  0x0C, 0x00, 0x10, 0x00, 0x00, 0x00, 0x0C, 0x00, 0x08, 0x00,
  0x07, 0x00, 0x0C, 0x00, 0x00, 0x00, 0x00, 0x00, 0x00, 0x01,
  0x01, 0x00, 0x00, 0x00, 0x01, 0x00, 0x00, 0x00, 0x01, 0x00,
  0x00, 0x00, 0x0C, 0x00, 0x00, 0x00, 0x03, 0x00, 0x00, 0x00,
  0x0B, 0x00, 0x00, 0x00, 0x0A, 0x00, 0x00, 0x00, 0x09, 0x00,
  0x00, 0x00, 0x00, 0x00, 0x0A, 0x00, 0x0C, 0x00, 0x00, 0x00,
  0x08, 0x00, 0x04, 0x00, 0x0A, 0x00, 0x00, 0x00, 0x08, 0x00,
  0x00, 0x00, 0x0C, 0x00, 0x00, 0x00, 0x01, 0x00, 0x00, 0x00,
  0x0B, 0x00, 0x00, 0x00, 0x02, 0x00, 0x00, 0x00, 0x00, 0x00,
  0x00, 0x00, 0x01, 0x00, 0x00, 0x00, 0x01, 0x00, 0x00, 0x00,
  0x13, 0x00, 0x00, 0x00, 0x01, 0x00, 0x00, 0x00, 0x00, 0x00,
  0x00, 0x00, 0x14, 0x00, 0x00, 0x00, 0x4C, 0x13, 0x00, 0x00,
  0xCC, 0x12, 0x00, 0x00, 0x64, 0x12, 0x00, 0x00, 0xDC, 0x11,
  0x00, 0x00, 0x60, 0x11, 0x00, 0x00, 0xDC, 0x10, 0x00, 0x00,
  0x60, 0x10, 0x00, 0x00, 0xEC, 0x0C, 0x00, 0x00, 0x78, 0x09,
  0x00, 0x00, 0x84, 0x07, 0x00, 0x00, 0x90, 0x05, 0x00, 0x00,
  0x04, 0x05, 0x00, 0x00, 0x30, 0x04, 0x00, 0x00, 0xAC, 0x03,
  0x00, 0x00, 0xD8, 0x02, 0x00, 0x00, 0x54, 0x02, 0x00, 0x00,
  0xE0, 0x01, 0x00, 0x00, 0x1C, 0x01, 0x00, 0x00, 0x70, 0x00,
  0x00, 0x00, 0x04, 0x00, 0x00, 0x00, 0x1A, 0xED, 0xFF, 0xFF,
  0x00, 0x00, 0x00, 0x01, 0x14, 0x00, 0x00, 0x00, 0x30, 0x00,
  0x00, 0x00, 0x14, 0x00, 0x00, 0x00, 0x00, 0x00, 0x00, 0x09,
  0x44, 0x00, 0x00, 0x00, 0x04, 0xED, 0xFF, 0xFF, 0x08, 0x00,
  0x00, 0x00, 0x10, 0x00, 0x00, 0x00, 0x01, 0x00, 0x00, 0x00,
  0x80, 0xFF, 0xFF, 0xFF, 0xFF, 0xFF, 0xFF, 0xFF, 0x01, 0x00,
  0x00, 0x00, 0x00, 0x00, 0x80, 0x3B, 0x19, 0x00, 0x00, 0x00,
  0x53, 0x74, 0x61, 0x74, 0x65, 0x66, 0x75, 0x6C, 0x50, 0x61,
  0x72, 0x74, 0x69, 0x74, 0x69, 0x6F, 0x6E, 0x65, 0x64, 0x43,
  0x61, 0x6C, 0x6C, 0x3A, 0x30, 0x00, 0x00, 0x00, 0x02, 0x00,
  0x00, 0x00, 0x01, 0x00, 0x00, 0x00, 0x06, 0x00, 0x00, 0x00,
  0x82, 0xED, 0xFF, 0xFF, 0x00, 0x00, 0x00, 0x01, 0x14, 0x00,
  0x00, 0x00, 0x30, 0x00, 0x00, 0x00, 0x13, 0x00, 0x00, 0x00,
  0x00, 0x00, 0x00, 0x09, 0x84, 0x00, 0x00, 0x00, 0x6C, 0xED,
  0xFF, 0xFF, 0x08, 0x00, 0x00, 0x00, 0x10, 0x00, 0x00, 0x00,
  0x01, 0x00, 0x00, 0x00, 0x1A, 0x00, 0x00, 0x00, 0x00, 0x00,
  0x00, 0x00, 0x01, 0x00, 0x00, 0x00, 0x2D, 0xAD, 0x96, 0x3E,
  0x58, 0x00, 0x00, 0x00, 0x64, 0x61, 0x67, 0x68, 0x65, 0x72,
  0x6F, 0x5F, 0x63, 0x6E, 0x6E, 0x5F, 0x32, 0x6C, 0x61, 0x79,
  0x65, 0x72, 0x5F, 0x63, 0x6F, 0x6E, 0x76, 0x32, 0x64, 0x2F,
  0x63, 0x6C, 0x61, 0x73, 0x73, 0x69, 0x66, 0x69, 0x65, 0x72,
  0x2F, 0x4D, 0x61, 0x74, 0x4D, 0x75, 0x6C, 0x3B, 0x64, 0x61,
  0x67, 0x68, 0x65, 0x72, 0x6F, 0x5F, 0x63, 0x6E, 0x6E, 0x5F,
  0x32, 0x6C, 0x61, 0x79, 0x65, 0x72, 0x5F, 0x63, 0x6F, 0x6E,
  0x76, 0x32, 0x64, 0x2F, 0x63, 0x6C, 0x61, 0x73, 0x73, 0x69,
  0x66, 0x69, 0x65, 0x72, 0x2F, 0x42, 0x69, 0x61, 0x73, 0x41,
  0x64, 0x64, 0x00, 0x00, 0x00, 0x00, 0x02, 0x00, 0x00, 0x00,
  0x01, 0x00, 0x00, 0x00, 0x06, 0x00, 0x00, 0x00, 0x2A, 0xEE,
  0xFF, 0xFF, 0x00, 0x00, 0x00, 0x01, 0x14, 0x00, 0x00, 0x00,
  0x34, 0x00, 0x00, 0x00, 0x12, 0x00, 0x00, 0x00, 0x00, 0x00,
  0x00, 0x09, 0x9C, 0x00, 0x00, 0x00, 0x14, 0xEE, 0xFF, 0xFF,
  0x08, 0x00, 0x00, 0x00, 0x14, 0x00, 0x00, 0x00, 0x01, 0x00,
  0x00, 0x00, 0x80, 0xFF, 0xFF, 0xFF, 0xFF, 0xFF, 0xFF, 0xFF,
  0x00, 0x00, 0x00, 0x00, 0x01, 0x00, 0x00, 0x00, 0xCB, 0x4C,
  0x5E, 0x3D, 0x6D, 0x00, 0x00, 0x00, 0x64, 0x61, 0x67, 0x68,
  0x65, 0x72, 0x6F, 0x5F, 0x63, 0x6E, 0x6E, 0x5F, 0x32, 0x6C,
  0x61, 0x79, 0x65, 0x72, 0x5F, 0x63, 0x6F, 0x6E, 0x76, 0x32,
  0x64, 0x2F, 0x66, 0x63, 0x31, 0x2F, 0x4D, 0x61, 0x74, 0x4D,
  0x75, 0x6C, 0x3B, 0x64, 0x61, 0x67, 0x68, 0x65, 0x72, 0x6F,
  0x5F, 0x63, 0x6E, 0x6E, 0x5F, 0x32, 0x6C, 0x61, 0x79, 0x65,
  0x72, 0x5F, 0x63, 0x6F, 0x6E, 0x76, 0x32, 0x64, 0x2F, 0x66,
  0x63, 0x31, 0x2F, 0x52, 0x65, 0x6C, 0x75, 0x3B, 0x64, 0x61,
  0x67, 0x68, 0x65, 0x72, 0x6F, 0x5F, 0x63, 0x6E, 0x6E, 0x5F,
  0x32, 0x6C, 0x61, 0x79, 0x65, 0x72, 0x5F, 0x63, 0x6F, 0x6E,
  0x76, 0x32, 0x64, 0x2F, 0x66, 0x63, 0x31, 0x2F, 0x42, 0x69,
  0x61, 0x73, 0x41, 0x64, 0x64, 0x00, 0x00, 0x00, 0x02, 0x00,
  0x00, 0x00, 0x01, 0x00, 0x00, 0x00, 0x40, 0x00, 0x00, 0x00,
  0xEA, 0xEE, 0xFF, 0xFF, 0x00, 0x00, 0x00, 0x01, 0x14, 0x00,
  0x00, 0x00, 0x30, 0x00, 0x00, 0x00, 0x11, 0x00, 0x00, 0x00,
  0x00, 0x00, 0x00, 0x09, 0x4C, 0x00, 0x00, 0x00, 0xD4, 0xEE,
  0xFF, 0xFF, 0x08, 0x00, 0x00, 0x00, 0x10, 0x00, 0x00, 0x00,
  0x01, 0x00, 0x00, 0x00, 0x80, 0xFF, 0xFF, 0xFF, 0xFF, 0xFF,
  0xFF, 0xFF, 0x01, 0x00, 0x00, 0x00, 0x10, 0xF1, 0x84, 0x3C,
  0x22, 0x00, 0x00, 0x00, 0x64, 0x61, 0x67, 0x68, 0x65, 0x72,
  0x6F, 0x5F, 0x63, 0x6E, 0x6E, 0x5F, 0x32, 0x6C, 0x61, 0x79,
  0x65, 0x72, 0x5F, 0x63, 0x6F, 0x6E, 0x76, 0x32, 0x64, 0x2F,
  0x67, 0x61, 0x70, 0x2F, 0x4D, 0x65, 0x61, 0x6E, 0x00, 0x00,
  0x02, 0x00, 0x00, 0x00, 0x01, 0x00, 0x00, 0x00, 0x40, 0x00,
  0x00, 0x00, 0x5A, 0xEF, 0xFF, 0xFF, 0x00, 0x00, 0x00, 0x01,
  0x14, 0x00, 0x00, 0x00, 0x34, 0x00, 0x00, 0x00, 0x10, 0x00,
  0x00, 0x00, 0x00, 0x00, 0x00, 0x09, 0x54, 0x00, 0x00, 0x00,
  0x44, 0xEF, 0xFF, 0xFF, 0x08, 0x00, 0x00, 0x00, 0x14, 0x00,
  0x00, 0x00, 0x01, 0x00, 0x00, 0x00, 0x80, 0xFF, 0xFF, 0xFF,
  0xFF, 0xFF, 0xFF, 0xFF, 0x00, 0x00, 0x00, 0x00, 0x01, 0x00,
  0x00, 0x00, 0x31, 0xFF, 0x1B, 0x3D, 0x27, 0x00, 0x00, 0x00,
  0x64, 0x61, 0x67, 0x68, 0x65, 0x72, 0x6F, 0x5F, 0x63, 0x6E,
  0x6E, 0x5F, 0x32, 0x6C, 0x61, 0x79, 0x65, 0x72, 0x5F, 0x63,
  0x6F, 0x6E, 0x76, 0x32, 0x64, 0x2F, 0x70, 0x6F, 0x6F, 0x6C,
  0x32, 0x2F, 0x4D, 0x61, 0x78, 0x50, 0x6F, 0x6F, 0x6C, 0x00,
  0x04, 0x00, 0x00, 0x00, 0x01, 0x00, 0x00, 0x00, 0x19, 0x00,
  0x00, 0x00, 0x01, 0x00, 0x00, 0x00, 0x40, 0x00, 0x00, 0x00,
  0xDA, 0xEF, 0xFF, 0xFF, 0x00, 0x00, 0x00, 0x01, 0x14, 0x00,
  0x00, 0x00, 0x30, 0x00, 0x00, 0x00, 0x0F, 0x00, 0x00, 0x00,
  0x00, 0x00, 0x00, 0x09, 0xA4, 0x00, 0x00, 0x00, 0xC4, 0xEF,
  0xFF, 0xFF, 0x08, 0x00, 0x00, 0x00, 0x10, 0x00, 0x00, 0x00,
  0x01, 0x00, 0x00, 0x00, 0x80, 0xFF, 0xFF, 0xFF, 0xFF, 0xFF,
  0xFF, 0xFF, 0x01, 0x00, 0x00, 0x00, 0x31, 0xFF, 0x1B, 0x3D,
  0x7A, 0x00, 0x00, 0x00, 0x64, 0x61, 0x67, 0x68, 0x65, 0x72,
  0x6F, 0x5F, 0x63, 0x6E, 0x6E, 0x5F, 0x32, 0x6C, 0x61, 0x79,
  0x65, 0x72, 0x5F, 0x63, 0x6F, 0x6E, 0x76, 0x32, 0x64, 0x2F,
  0x72, 0x65, 0x6C, 0x75, 0x32, 0x2F, 0x52, 0x65, 0x6C, 0x75,
  0x3B, 0x64, 0x61, 0x67, 0x68, 0x65, 0x72, 0x6F, 0x5F, 0x63,
  0x6E, 0x6E, 0x5F, 0x32, 0x6C, 0x61, 0x79, 0x65, 0x72, 0x5F,
  0x63, 0x6F, 0x6E, 0x76, 0x32, 0x64, 0x2F, 0x62, 0x6E, 0x32,
  0x2F, 0x46, 0x75, 0x73, 0x65, 0x64, 0x42, 0x61, 0x74, 0x63,
  0x68, 0x4E, 0x6F, 0x72, 0x6D, 0x56, 0x33, 0x3B, 0x64, 0x61,
  0x67, 0x68, 0x65, 0x72, 0x6F, 0x5F, 0x63, 0x6E, 0x6E, 0x5F,
  0x32, 0x6C, 0x61, 0x79, 0x65, 0x72, 0x5F, 0x63, 0x6F, 0x6E,
  0x76, 0x32, 0x64, 0x2F, 0x63, 0x6F, 0x6E, 0x76, 0x32, 0x2F,
  0x43, 0x6F, 0x6E, 0x76, 0x32, 0x44, 0x00, 0x00, 0x04, 0x00,
  0x00, 0x00, 0x01, 0x00, 0x00, 0x00, 0x32, 0x00, 0x00, 0x00,
  0x01, 0x00, 0x00, 0x00, 0x40, 0x00, 0x00, 0x00, 0xAA, 0xF0,
  0xFF, 0xFF, 0x00, 0x00, 0x00, 0x01, 0x14, 0x00, 0x00, 0x00,
  0x34, 0x00, 0x00, 0x00, 0x0E, 0x00, 0x00, 0x00, 0x00, 0x00,
  0x00, 0x09, 0x54, 0x00, 0x00, 0x00, 0x94, 0xF0, 0xFF, 0xFF,
  0x08, 0x00, 0x00, 0x00, 0x14, 0x00, 0x00, 0x00, 0x01, 0x00,
  0x00, 0x00, 0x80, 0xFF, 0xFF, 0xFF, 0xFF, 0xFF, 0xFF, 0xFF,
  0x00, 0x00, 0x00, 0x00, 0x01, 0x00, 0x00, 0x00, 0x66, 0x05,
  0xE1, 0x3C, 0x27, 0x00, 0x00, 0x00, 0x64, 0x61, 0x67, 0x68,
  0x65, 0x72, 0x6F, 0x5F, 0x63, 0x6E, 0x6E, 0x5F, 0x32, 0x6C,
  0x61, 0x79, 0x65, 0x72, 0x5F, 0x63, 0x6F, 0x6E, 0x76, 0x32,
  0x64, 0x2F, 0x70, 0x6F, 0x6F, 0x6C, 0x31, 0x2F, 0x4D, 0x61,
  0x78, 0x50, 0x6F, 0x6F, 0x6C, 0x00, 0x04, 0x00, 0x00, 0x00,
  0x01, 0x00, 0x00, 0x00, 0x32, 0x00, 0x00, 0x00, 0x01, 0x00,
  0x00, 0x00, 0x20, 0x00, 0x00, 0x00, 0x2A, 0xF1, 0xFF, 0xFF,
  0x00, 0x00, 0x00, 0x01, 0x14, 0x00, 0x00, 0x00, 0x30, 0x00,
  0x00, 0x00, 0x0D, 0x00, 0x00, 0x00, 0x00, 0x00, 0x00, 0x09,
  0xA4, 0x00, 0x00, 0x00, 0x14, 0xF1, 0xFF, 0xFF, 0x08, 0x00,
  0x00, 0x00, 0x10, 0x00, 0x00, 0x00, 0x01, 0x00, 0x00, 0x00,
  0x80, 0xFF, 0xFF, 0xFF, 0xFF, 0xFF, 0xFF, 0xFF, 0x01, 0x00,
  0x00, 0x00, 0x66, 0x05, 0xE1, 0x3C, 0x7A, 0x00, 0x00, 0x00,
  0x64, 0x61, 0x67, 0x68, 0x65, 0x72, 0x6F, 0x5F, 0x63, 0x6E,
  0x6E, 0x5F, 0x32, 0x6C, 0x61, 0x79, 0x65, 0x72, 0x5F, 0x63,
  0x6F, 0x6E, 0x76, 0x32, 0x64, 0x2F, 0x72, 0x65, 0x6C, 0x75,
  0x31, 0x2F, 0x52, 0x65, 0x6C, 0x75, 0x3B, 0x64, 0x61, 0x67,
  0x68, 0x65, 0x72, 0x6F, 0x5F, 0x63, 0x6E, 0x6E, 0x5F, 0x32,
  0x6C, 0x61, 0x79, 0x65, 0x72, 0x5F, 0x63, 0x6F, 0x6E, 0x76,
  0x32, 0x64, 0x2F, 0x62, 0x6E, 0x31, 0x2F, 0x46, 0x75, 0x73,
  0x65, 0x64, 0x42, 0x61, 0x74, 0x63, 0x68, 0x4E, 0x6F, 0x72,
  0x6D, 0x56, 0x33, 0x3B, 0x64, 0x61, 0x67, 0x68, 0x65, 0x72,
  0x6F, 0x5F, 0x63, 0x6E, 0x6E, 0x5F, 0x32, 0x6C, 0x61, 0x79,
  0x65, 0x72, 0x5F, 0x63, 0x6F, 0x6E, 0x76, 0x32, 0x64, 0x2F,
  0x63, 0x6F, 0x6E, 0x76, 0x31, 0x2F, 0x43, 0x6F, 0x6E, 0x76,
  0x32, 0x44, 0x00, 0x00, 0x04, 0x00, 0x00, 0x00, 0x01, 0x00,
  0x00, 0x00, 0x64, 0x00, 0x00, 0x00, 0x01, 0x00, 0x00, 0x00,
  0x20, 0x00, 0x00, 0x00, 0xFA, 0xF1, 0xFF, 0xFF, 0x00, 0x00,
  0x00, 0x01, 0x14, 0x00, 0x00, 0x00, 0x34, 0x00, 0x00, 0x00,
  0x0C, 0x00, 0x00, 0x00, 0x00, 0x00, 0x00, 0x09, 0x5C, 0x00,
  0x00, 0x00, 0xE4, 0xF1, 0xFF, 0xFF, 0x08, 0x00, 0x00, 0x00,
  0x14, 0x00, 0x00, 0x00, 0x01, 0x00, 0x00, 0x00, 0x05, 0x00,
  0x00, 0x00, 0x00, 0x00, 0x00, 0x00, 0x00, 0x00, 0x00, 0x00,
  0x01, 0x00, 0x00, 0x00, 0x6D, 0xFF, 0xFF, 0x3C, 0x2C, 0x00,
  0x00, 0x00, 0x64, 0x61, 0x67, 0x68, 0x65, 0x72, 0x6F, 0x5F,
  0x63, 0x6E, 0x6E, 0x5F, 0x32, 0x6C, 0x61, 0x79, 0x65, 0x72,
  0x5F, 0x63, 0x6F, 0x6E, 0x76, 0x32, 0x64, 0x2F, 0x72, 0x65,
  0x73, 0x68, 0x61, 0x70, 0x65, 0x5F, 0x69, 0x6E, 0x2F, 0x52,
  0x65, 0x73, 0x68, 0x61, 0x70, 0x65, 0x00, 0x00, 0x00, 0x00,
  0x04, 0x00, 0x00, 0x00, 0x01, 0x00, 0x00, 0x00, 0x64, 0x00,
  0x00, 0x00, 0x01, 0x00, 0x00, 0x00, 0x03, 0x00, 0x00, 0x00,
  0x82, 0xF2, 0xFF, 0xFF, 0x00, 0x00, 0x00, 0x01, 0x14, 0x00,
  0x00, 0x00, 0xA4, 0x01, 0x00, 0x00, 0x0B, 0x00, 0x00, 0x00,
  0x00, 0x00, 0x00, 0x09, 0xC4, 0x01, 0x00, 0x00, 0x6C, 0xF2,
  0xFF, 0xFF, 0x08, 0x00, 0x00, 0x00, 0x08, 0x01, 0x00, 0x00,
  0x20, 0x00, 0x00, 0x00, 0x00, 0x00, 0x00, 0x00, 0x00, 0x00,
  0x00, 0x00, 0x00, 0x00, 0x00, 0x00, 0x00, 0x00, 0x00, 0x00,
  0x00, 0x00, 0x00, 0x00, 0x00, 0x00, 0x00, 0x00, 0x00, 0x00,
  0x00, 0x00, 0x00, 0x00, 0x00, 0x00, 0x00, 0x00, 0x00, 0x00,
  0x00, 0x00, 0x00, 0x00, 0x00, 0x00, 0x00, 0x00, 0x00, 0x00,
  0x00, 0x00, 0x00, 0x00, 0x00, 0x00, 0x00, 0x00, 0x00, 0x00,
  0x00, 0x00, 0x00, 0x00, 0x00, 0x00, 0x00, 0x00, 0x00, 0x00,
  0x00, 0x00, 0x00, 0x00, 0x00, 0x00, 0x00, 0x00, 0x00, 0x00,
  0x00, 0x00, 0x00, 0x00, 0x00, 0x00, 0x00, 0x00, 0x00, 0x00,
  0x00, 0x00, 0x00, 0x00, 0x00, 0x00, 0x00, 0x00, 0x00, 0x00,
  0x00, 0x00, 0x00, 0x00, 0x00, 0x00, 0x00, 0x00, 0x00, 0x00,
  0x00, 0x00, 0x00, 0x00, 0x00, 0x00, 0x00, 0x00, 0x00, 0x00,
  0x00, 0x00, 0x00, 0x00, 0x00, 0x00, 0x00, 0x00, 0x00, 0x00,
  0x00, 0x00, 0x00, 0x00, 0x00, 0x00, 0x00, 0x00, 0x00, 0x00,
  0x00, 0x00, 0x00, 0x00, 0x00, 0x00, 0x00, 0x00, 0x00, 0x00,
  0x00, 0x00, 0x00, 0x00, 0x00, 0x00, 0x00, 0x00, 0x00, 0x00,
  0x00, 0x00, 0x00, 0x00, 0x00, 0x00, 0x00, 0x00, 0x00, 0x00,
  0x00, 0x00, 0x00, 0x00, 0x00, 0x00, 0x00, 0x00, 0x00, 0x00,
  0x00, 0x00, 0x00, 0x00, 0x00, 0x00, 0x00, 0x00, 0x00, 0x00,
  0x00, 0x00, 0x00, 0x00, 0x00, 0x00, 0x00, 0x00, 0x00, 0x00,
  0x00, 0x00, 0x00, 0x00, 0x00, 0x00, 0x00, 0x00, 0x00, 0x00,
  0x00, 0x00, 0x00, 0x00, 0x00, 0x00, 0x00, 0x00, 0x00, 0x00,
  0x00, 0x00, 0x00, 0x00, 0x00, 0x00, 0x00, 0x00, 0x00, 0x00,
  0x00, 0x00, 0x00, 0x00, 0x00, 0x00, 0x00, 0x00, 0x00, 0x00,
  0x00, 0x00, 0x00, 0x00, 0x00, 0x00, 0x00, 0x00, 0x00, 0x00,
  0x00, 0x00, 0x00, 0x00, 0x00, 0x00, 0x00, 0x00, 0x00, 0x00,
  0x20, 0x00, 0x00, 0x00, 0x16, 0x54, 0x86, 0x3B, 0xDC, 0x3D,
  0xA2, 0x3B, 0xBC, 0x4F, 0x64, 0x3B, 0x7F, 0x2C, 0x73, 0x3B,
  0x16, 0xCC, 0x43, 0x3B, 0xD2, 0xF9, 0xB5, 0x3B, 0xD4, 0xED,
  0x75, 0x3B, 0xD3, 0xA0, 0x75, 0x3B, 0x15, 0xA1, 0xBE, 0x3B,
  0x9F, 0xB1, 0x36, 0x3B, 0x1D, 0xF8, 0x11, 0x3B, 0x9B, 0x41,
  0x2D, 0x3B, 0xD3, 0x18, 0x4D, 0x3B, 0x11, 0x5A, 0x8E, 0x3B,
  0xE5, 0x30, 0x39, 0x3B, 0x3B, 0x08, 0x93, 0x3B, 0x2B, 0x51,
  0x39, 0x3B, 0xF1, 0xAA, 0xB4, 0x3B, 0x53, 0xF6, 0x7C, 0x3B,
  0x12, 0x60, 0x81, 0x3B, 0x5A, 0xAF, 0x89, 0x3B, 0x12, 0x41,
  0x8C, 0x3B, 0x06, 0x28, 0x93, 0x3B, 0xC4, 0xE3, 0x65, 0x3B,
  0x69, 0x44, 0x62, 0x3B, 0xFE, 0x69, 0x35, 0x3B, 0x2B, 0x5E,
  0x9B, 0x3B, 0x89, 0xA9, 0x4F, 0x3B, 0x39, 0x61, 0x44, 0x3B,
  0x15, 0x2C, 0x78, 0x3B, 0x77, 0xA7, 0x8F, 0x3B, 0x5F, 0x74,
  0x87, 0x3B, 0x26, 0x00, 0x00, 0x00, 0x64, 0x61, 0x67, 0x68,
  0x65, 0x72, 0x6F, 0x5F, 0x63, 0x6E, 0x6E, 0x5F, 0x32, 0x6C,
  0x61, 0x79, 0x65, 0x72, 0x5F, 0x63, 0x6F, 0x6E, 0x76, 0x32,
  0x64, 0x2F, 0x63, 0x6F, 0x6E, 0x76, 0x31, 0x2F, 0x43, 0x6F,
  0x6E, 0x76, 0x32, 0x44, 0x00, 0x00, 0x04, 0x00, 0x00, 0x00,
  0x20, 0x00, 0x00, 0x00, 0x07, 0x00, 0x00, 0x00, 0x01, 0x00,
  0x00, 0x00, 0x03, 0x00, 0x00, 0x00, 0x72, 0xF4, 0xFF, 0xFF,
  0x00, 0x00, 0x00, 0x01, 0x14, 0x00, 0x00, 0x00, 0xA8, 0x01,
  0x00, 0x00, 0x0A, 0x00, 0x00, 0x00, 0x00, 0x00, 0x00, 0x02,
  0xD0, 0x01, 0x00, 0x00, 0x5C, 0xF4, 0xFF, 0xFF, 0x08, 0x00,
  0x00, 0x00, 0x0C, 0x01, 0x00, 0x00, 0x20, 0x00, 0x00, 0x00,
  0x00, 0x00, 0x00, 0x00, 0x00, 0x00, 0x00, 0x00, 0x00, 0x00,
  0x00, 0x00, 0x00, 0x00, 0x00, 0x00, 0x00, 0x00, 0x00, 0x00,
  0x00, 0x00, 0x00, 0x00, 0x00, 0x00, 0x00, 0x00, 0x00, 0x00,
  0x00, 0x00, 0x00, 0x00, 0x00, 0x00, 0x00, 0x00, 0x00, 0x00,
  0x00, 0x00, 0x00, 0x00, 0x00, 0x00, 0x00, 0x00, 0x00, 0x00,
  0x00, 0x00, 0x00, 0x00, 0x00, 0x00, 0x00, 0x00, 0x00, 0x00,
  0x00, 0x00, 0x00, 0x00, 0x00, 0x00, 0x00, 0x00, 0x00, 0x00,
  0x00, 0x00, 0x00, 0x00, 0x00, 0x00, 0x00, 0x00, 0x00, 0x00,
  0x00, 0x00, 0x00, 0x00, 0x00, 0x00, 0x00, 0x00, 0x00, 0x00,
  0x00, 0x00, 0x00, 0x00, 0x00, 0x00, 0x00, 0x00, 0x00, 0x00,
  0x00, 0x00, 0x00, 0x00, 0x00, 0x00, 0x00, 0x00, 0x00, 0x00,
  0x00, 0x00, 0x00, 0x00, 0x00, 0x00, 0x00, 0x00, 0x00, 0x00,
  0x00, 0x00, 0x00, 0x00, 0x00, 0x00, 0x00, 0x00, 0x00, 0x00,
  0x00, 0x00, 0x00, 0x00, 0x00, 0x00, 0x00, 0x00, 0x00, 0x00,
  0x00, 0x00, 0x00, 0x00, 0x00, 0x00, 0x00, 0x00, 0x00, 0x00,
  0x00, 0x00, 0x00, 0x00, 0x00, 0x00, 0x00, 0x00, 0x00, 0x00,
  0x00, 0x00, 0x00, 0x00, 0x00, 0x00, 0x00, 0x00, 0x00, 0x00,
  0x00, 0x00, 0x00, 0x00, 0x00, 0x00, 0x00, 0x00, 0x00, 0x00,
  0x00, 0x00, 0x00, 0x00, 0x00, 0x00, 0x00, 0x00, 0x00, 0x00,
  0x00, 0x00, 0x00, 0x00, 0x00, 0x00, 0x00, 0x00, 0x00, 0x00,
  0x00, 0x00, 0x00, 0x00, 0x00, 0x00, 0x00, 0x00, 0x00, 0x00,
  0x00, 0x00, 0x00, 0x00, 0x00, 0x00, 0x00, 0x00, 0x00, 0x00,
  0x00, 0x00, 0x00, 0x00, 0x00, 0x00, 0x00, 0x00, 0x00, 0x00,
  0x00, 0x00, 0x00, 0x00, 0x00, 0x00, 0x00, 0x00, 0x00, 0x00,
  0x00, 0x00, 0x00, 0x00, 0x00, 0x00, 0x00, 0x00, 0x00, 0x00,
  0x00, 0x00, 0x00, 0x00, 0x00, 0x00, 0x00, 0x00, 0x00, 0x00,
  0x20, 0x00, 0x00, 0x00, 0xC9, 0x53, 0x06, 0x39, 0x7F, 0x3D,
  0x22, 0x39, 0x39, 0x4F, 0xE4, 0x38, 0xF3, 0x2B, 0xF3, 0x38,
  0xA6, 0xCB, 0xC3, 0x38, 0x6A, 0xF9, 0x35, 0x39, 0x47, 0xED,
  0xF5, 0x38, 0x46, 0xA0, 0xF5, 0x38, 0xA8, 0xA0, 0x3E, 0x39,
  0x36, 0xB1, 0xB6, 0x38, 0xC9, 0xF7, 0x91, 0x38, 0x38, 0x41,
  0xAD, 0x38, 0x5D, 0x18, 0xCD, 0x38, 0xBF, 0x59, 0x0E, 0x39,
  0x7B, 0x30, 0xB9, 0x38, 0xE7, 0x07, 0x13, 0x39, 0xC1, 0x50,
  0xB9, 0x38, 0x89, 0xAA, 0x34, 0x39, 0xC2, 0xF5, 0xFC, 0x38,
  0xC8, 0x5F, 0x01, 0x39, 0x0B, 0xAF, 0x09, 0x39, 0xC1, 0x40,
  0x0C, 0x39, 0xB2, 0x27, 0x13, 0x39, 0x40, 0xE3, 0xE5, 0x38,
  0xE7, 0x43, 0xE2, 0x38, 0x96, 0x69, 0xB5, 0x38, 0xD2, 0x5D,
  0x1B, 0x39, 0x12, 0xA9, 0xCF, 0x38, 0xC8, 0x60, 0xC4, 0x38,
  0x86, 0x2B, 0xF8, 0x38, 0x25, 0xA7, 0x0F, 0x39, 0x11, 0x74,
  0x07, 0x39, 0x2E, 0x00, 0x00, 0x00, 0x64, 0x61, 0x67, 0x68,
  0x65, 0x72, 0x6F, 0x5F, 0x63, 0x6E, 0x6E, 0x5F, 0x32, 0x6C,
  0x61, 0x79, 0x65, 0x72, 0x5F, 0x63, 0x6F, 0x6E, 0x76, 0x32,
  0x64, 0x2F, 0x62, 0x6E, 0x31, 0x2F, 0x46, 0x75, 0x73, 0x65,
  0x64, 0x42, 0x61, 0x74, 0x63, 0x68, 0x4E, 0x6F, 0x72, 0x6D,
  0x56, 0x33, 0x00, 0x00, 0x01, 0x00, 0x00, 0x00, 0x20, 0x00,
  0x00, 0x00, 0x62, 0xF6, 0xFF, 0xFF, 0x00, 0x00, 0x00, 0x01,
  0x14, 0x00, 0x00, 0x00, 0x24, 0x03, 0x00, 0x00, 0x09, 0x00,
  0x00, 0x00, 0x00, 0x00, 0x00, 0x09, 0x44, 0x03, 0x00, 0x00,
  0x4C, 0xF6, 0xFF, 0xFF, 0x08, 0x00, 0x00, 0x00, 0x08, 0x02,
  0x00, 0x00, 0x40, 0x00, 0x00, 0x00, 0x00, 0x00, 0x00, 0x00,
  0x00, 0x00, 0x00, 0x00, 0x00, 0x00, 0x00, 0x00, 0x00, 0x00,
  0x00, 0x00, 0x00, 0x00, 0x00, 0x00, 0x00, 0x00, 0x00, 0x00,
  0x00, 0x00, 0x00, 0x00, 0x00, 0x00, 0x00, 0x00, 0x00, 0x00,
  0x00, 0x00, 0x00, 0x00, 0x00, 0x00, 0x00, 0x00, 0x00, 0x00,
  0x00, 0x00, 0x00, 0x00, 0x00, 0x00, 0x00, 0x00, 0x00, 0x00,
  0x00, 0x00, 0x00, 0x00, 0x00, 0x00, 0x00, 0x00, 0x00, 0x00,
  0x00, 0x00, 0x00, 0x00, 0x00, 0x00, 0x00, 0x00, 0x00, 0x00,
  0x00, 0x00, 0x00, 0x00, 0x00, 0x00, 0x00, 0x00, 0x00, 0x00,
  0x00, 0x00, 0x00, 0x00, 0x00, 0x00, 0x00, 0x00, 0x00, 0x00,
  0x00, 0x00, 0x00, 0x00, 0x00, 0x00, 0x00, 0x00, 0x00, 0x00,
  0x00, 0x00, 0x00, 0x00, 0x00, 0x00, 0x00, 0x00, 0x00, 0x00,
  0x00, 0x00, 0x00, 0x00, 0x00, 0x00, 0x00, 0x00, 0x00, 0x00,
  0x00, 0x00, 0x00, 0x00, 0x00, 0x00, 0x00, 0x00, 0x00, 0x00,
  0x00, 0x00, 0x00, 0x00, 0x00, 0x00, 0x00, 0x00, 0x00, 0x00,
  0x00, 0x00, 0x00, 0x00, 0x00, 0x00, 0x00, 0x00, 0x00, 0x00,
  0x00, 0x00, 0x00, 0x00, 0x00, 0x00, 0x00, 0x00, 0x00, 0x00,
  0x00, 0x00, 0x00, 0x00, 0x00, 0x00, 0x00, 0x00, 0x00, 0x00,
  0x00, 0x00, 0x00, 0x00, 0x00, 0x00, 0x00, 0x00, 0x00, 0x00,
  0x00, 0x00, 0x00, 0x00, 0x00, 0x00, 0x00, 0x00, 0x00, 0x00,
  0x00, 0x00, 0x00, 0x00, 0x00, 0x00, 0x00, 0x00, 0x00, 0x00,
  0x00, 0x00, 0x00, 0x00, 0x00, 0x00, 0x00, 0x00, 0x00, 0x00,
  0x00, 0x00, 0x00, 0x00, 0x00, 0x00, 0x00, 0x00, 0x00, 0x00,
  0x00, 0x00, 0x00, 0x00, 0x00, 0x00, 0x00, 0x00, 0x00, 0x00,
  0x00, 0x00, 0x00, 0x00, 0x00, 0x00, 0x00, 0x00, 0x00, 0x00,
  0x00, 0x00, 0x00, 0x00, 0x00, 0x00, 0x00, 0x00, 0x00, 0x00,
  0x00, 0x00, 0x00, 0x00, 0x00, 0x00, 0x00, 0x00, 0x00, 0x00,
  0x00, 0x00, 0x00, 0x00, 0x00, 0x00, 0x00, 0x00, 0x00, 0x00,
  0x00, 0x00, 0x00, 0x00, 0x00, 0x00, 0x00, 0x00, 0x00, 0x00,
  0x00, 0x00, 0x00, 0x00, 0x00, 0x00, 0x00, 0x00, 0x00, 0x00,
  0x00, 0x00, 0x00, 0x00, 0x00, 0x00, 0x00, 0x00, 0x00, 0x00,
  0x00, 0x00, 0x00, 0x00, 0x00, 0x00, 0x00, 0x00, 0x00, 0x00,
  0x00, 0x00, 0x00, 0x00, 0x00, 0x00, 0x00, 0x00, 0x00, 0x00,
  0x00, 0x00, 0x00, 0x00, 0x00, 0x00, 0x00, 0x00, 0x00, 0x00,
  0x00, 0x00, 0x00, 0x00, 0x00, 0x00, 0x00, 0x00, 0x00, 0x00,
  0x00, 0x00, 0x00, 0x00, 0x00, 0x00, 0x00, 0x00, 0x00, 0x00,
  0x00, 0x00, 0x00, 0x00, 0x00, 0x00, 0x00, 0x00, 0x00, 0x00,
  0x00, 0x00, 0x00, 0x00, 0x00, 0x00, 0x00, 0x00, 0x00, 0x00,
  0x00, 0x00, 0x00, 0x00, 0x00, 0x00, 0x00, 0x00, 0x00, 0x00,
  0x00, 0x00, 0x00, 0x00, 0x00, 0x00, 0x00, 0x00, 0x00, 0x00,
  0x00, 0x00, 0x00, 0x00, 0x00, 0x00, 0x00, 0x00, 0x00, 0x00,
  0x00, 0x00, 0x00, 0x00, 0x00, 0x00, 0x00, 0x00, 0x00, 0x00,
  0x00, 0x00, 0x00, 0x00, 0x00, 0x00, 0x00, 0x00, 0x00, 0x00,
  0x00, 0x00, 0x00, 0x00, 0x00, 0x00, 0x00, 0x00, 0x00, 0x00,
  0x00, 0x00, 0x00, 0x00, 0x00, 0x00, 0x00, 0x00, 0x00, 0x00,
  0x00, 0x00, 0x00, 0x00, 0x00, 0x00, 0x00, 0x00, 0x00, 0x00,
  0x00, 0x00, 0x00, 0x00, 0x00, 0x00, 0x00, 0x00, 0x00, 0x00,
  0x00, 0x00, 0x00, 0x00, 0x00, 0x00, 0x00, 0x00, 0x00, 0x00,
  0x00, 0x00, 0x00, 0x00, 0x00, 0x00, 0x00, 0x00, 0x00, 0x00,
  0x00, 0x00, 0x00, 0x00, 0x00, 0x00, 0x00, 0x00, 0x00, 0x00,
  0x00, 0x00, 0x00, 0x00, 0x00, 0x00, 0x00, 0x00, 0x00, 0x00,
  0x00, 0x00, 0x00, 0x00, 0x00, 0x00, 0x00, 0x00, 0x40, 0x00,
  0x00, 0x00, 0x4D, 0x96, 0x75, 0x3B, 0x73, 0x72, 0x88, 0x3B,
  0xAB, 0xE7, 0x50, 0x3B, 0xD1, 0x44, 0x5D, 0x3B, 0xDB, 0xCE,
  0x52, 0x3B, 0x27, 0x83, 0x48, 0x3B, 0x6D, 0x53, 0x4C, 0x3B,
  0x56, 0xFD, 0x61, 0x3B, 0x25, 0x42, 0x51, 0x3B, 0xFF, 0xFE,
  0x63, 0x3B, 0xA0, 0x28, 0x27, 0x3B, 0x01, 0x7F, 0x7A, 0x3B,
  0x4F, 0x4D, 0x79, 0x3B, 0x55, 0x69, 0x54, 0x3B, 0x60, 0xE5,
  0x24, 0x3B, 0xA1, 0xB0, 0x5C, 0x3B, 0xEE, 0xA5, 0x87, 0x3B,
  0xAA, 0x77, 0x2A, 0x3B, 0xB9, 0xC9, 0x65, 0x3B, 0xCD, 0x21,
  0x4A, 0x3B, 0x66, 0x15, 0x6F, 0x3B, 0xAC, 0x6D, 0x82, 0x3B,
  0x25, 0xCE, 0x56, 0x3B, 0x53, 0x89, 0x28, 0x3B, 0x14, 0x64,
  0x75, 0x3B, 0x7D, 0xBF, 0x21, 0x3B, 0x22, 0x94, 0x57, 0x3B,
  0x2C, 0x87, 0x72, 0x3B, 0xBC, 0xD3, 0x82, 0x3B, 0x01, 0x20,
  0x3A, 0x3B, 0xC9, 0x96, 0x48, 0x3B, 0x2C, 0xC7, 0x4A, 0x3B,
  0xA6, 0x7B, 0x5F, 0x3B, 0x9A, 0x67, 0x33, 0x3B, 0x0E, 0xF1,
  0x36, 0x3B, 0x5D, 0x7B, 0x94, 0x3B, 0xA5, 0xE0, 0x67, 0x3B,
  0x09, 0x8B, 0x5E, 0x3B, 0x26, 0x47, 0x40, 0x3B, 0xAF, 0x24,
  0x76, 0x3B, 0x7B, 0xBC, 0x28, 0x3B, 0xCA, 0xA9, 0x6C, 0x3B,
  0x12, 0xDF, 0x74, 0x3B, 0x97, 0x3F, 0x0F, 0x3B, 0x90, 0x54,
  0x4A, 0x3B, 0x66, 0x05, 0x50, 0x3B, 0x2A, 0x0F, 0x39, 0x3B,
  0xA5, 0x91, 0x80, 0x3B, 0xCD, 0x15, 0x63, 0x3B, 0x0F, 0x0A,
  0x00, 0x3B, 0xE1, 0xF3, 0x55, 0x3B, 0x21, 0x77, 0x60, 0x3B,
  0xE6, 0x2A, 0x6F, 0x3B, 0x9F, 0x1D, 0x80, 0x3B, 0x98, 0xD4,
  0x6E, 0x3B, 0xF6, 0x20, 0x81, 0x3B, 0xDE, 0xDD, 0x39, 0x3B,
  0xDC, 0x85, 0x7D, 0x3B, 0x44, 0x59, 0x80, 0x3B, 0x5C, 0xAA,
  0xE8, 0x3A, 0x3E, 0x8F, 0x4A, 0x3B, 0xC4, 0x73, 0x65, 0x3B,
  0xA0, 0xA7, 0x54, 0x3B, 0x5D, 0x95, 0x3B, 0x3B, 0x26, 0x00,
  0x00, 0x00, 0x64, 0x61, 0x67, 0x68, 0x65, 0x72, 0x6F, 0x5F,
  0x63, 0x6E, 0x6E, 0x5F, 0x32, 0x6C, 0x61, 0x79, 0x65, 0x72,
  0x5F, 0x63, 0x6F, 0x6E, 0x76, 0x32, 0x64, 0x2F, 0x63, 0x6F,
  0x6E, 0x76, 0x32, 0x2F, 0x43, 0x6F, 0x6E, 0x76, 0x32, 0x44,
  0x00, 0x00, 0x04, 0x00, 0x00, 0x00, 0x40, 0x00, 0x00, 0x00,
  0x07, 0x00, 0x00, 0x00, 0x01, 0x00, 0x00, 0x00, 0x20, 0x00,
  0x00, 0x00, 0xD2, 0xF9, 0xFF, 0xFF, 0x00, 0x00, 0x00, 0x01,
  0x14, 0x00, 0x00, 0x00, 0x28, 0x03, 0x00, 0x00, 0x08, 0x00,
  0x00, 0x00, 0x00, 0x00, 0x00, 0x02, 0x50, 0x03, 0x00, 0x00,
  0xBC, 0xF9, 0xFF, 0xFF, 0x08, 0x00, 0x00, 0x00, 0x0C, 0x02,
  0x00, 0x00, 0x40, 0x00, 0x00, 0x00, 0x00, 0x00, 0x00, 0x00,
  0x00, 0x00, 0x00, 0x00, 0x00, 0x00, 0x00, 0x00, 0x00, 0x00,
  0x00, 0x00, 0x00, 0x00, 0x00, 0x00, 0x00, 0x00, 0x00, 0x00,
  0x00, 0x00, 0x00, 0x00, 0x00, 0x00, 0x00, 0x00, 0x00, 0x00,
  0x00, 0x00, 0x00, 0x00, 0x00, 0x00, 0x00, 0x00, 0x00, 0x00,
  0x00, 0x00, 0x00, 0x00, 0x00, 0x00, 0x00, 0x00, 0x00, 0x00,
  0x00, 0x00, 0x00, 0x00, 0x00, 0x00, 0x00, 0x00, 0x00, 0x00,
  0x00, 0x00, 0x00, 0x00, 0x00, 0x00, 0x00, 0x00, 0x00, 0x00,
  0x00, 0x00, 0x00, 0x00, 0x00, 0x00, 0x00, 0x00, 0x00, 0x00,
  0x00, 0x00, 0x00, 0x00, 0x00, 0x00, 0x00, 0x00, 0x00, 0x00,
  0x00, 0x00, 0x00, 0x00, 0x00, 0x00, 0x00, 0x00, 0x00, 0x00,
  0x00, 0x00, 0x00, 0x00, 0x00, 0x00, 0x00, 0x00, 0x00, 0x00,
  0x00, 0x00, 0x00, 0x00, 0x00, 0x00, 0x00, 0x00, 0x00, 0x00,
  0x00, 0x00, 0x00, 0x00, 0x00, 0x00, 0x00, 0x00, 0x00, 0x00,
  0x00, 0x00, 0x00, 0x00, 0x00, 0x00, 0x00, 0x00, 0x00, 0x00,
  0x00, 0x00, 0x00, 0x00, 0x00, 0x00, 0x00, 0x00, 0x00, 0x00,
  0x00, 0x00, 0x00, 0x00, 0x00, 0x00, 0x00, 0x00, 0x00, 0x00,
  0x00, 0x00, 0x00, 0x00, 0x00, 0x00, 0x00, 0x00, 0x00, 0x00,
  0x00, 0x00, 0x00, 0x00, 0x00, 0x00, 0x00, 0x00, 0x00, 0x00,
  0x00, 0x00, 0x00, 0x00, 0x00, 0x00, 0x00, 0x00, 0x00, 0x00,
  0x00, 0x00, 0x00, 0x00, 0x00, 0x00, 0x00, 0x00, 0x00, 0x00,
  0x00, 0x00, 0x00, 0x00, 0x00, 0x00, 0x00, 0x00, 0x00, 0x00,
  0x00, 0x00, 0x00, 0x00, 0x00, 0x00, 0x00, 0x00, 0x00, 0x00,
  0x00, 0x00, 0x00, 0x00, 0x00, 0x00, 0x00, 0x00, 0x00, 0x00,
  0x00, 0x00, 0x00, 0x00, 0x00, 0x00, 0x00, 0x00, 0x00, 0x00,
  0x00, 0x00, 0x00, 0x00, 0x00, 0x00, 0x00, 0x00, 0x00, 0x00,
  0x00, 0x00, 0x00, 0x00, 0x00, 0x00, 0x00, 0x00, 0x00, 0x00,
  0x00, 0x00, 0x00, 0x00, 0x00, 0x00, 0x00, 0x00, 0x00, 0x00,
  0x00, 0x00, 0x00, 0x00, 0x00, 0x00, 0x00, 0x00, 0x00, 0x00,
  0x00, 0x00, 0x00, 0x00, 0x00, 0x00, 0x00, 0x00, 0x00, 0x00,
  0x00, 0x00, 0x00, 0x00, 0x00, 0x00, 0x00, 0x00, 0x00, 0x00,
  0x00, 0x00, 0x00, 0x00, 0x00, 0x00, 0x00, 0x00, 0x00, 0x00,
  0x00, 0x00, 0x00, 0x00, 0x00, 0x00, 0x00, 0x00, 0x00, 0x00,
  0x00, 0x00, 0x00, 0x00, 0x00, 0x00, 0x00, 0x00, 0x00, 0x00,
  0x00, 0x00, 0x00, 0x00, 0x00, 0x00, 0x00, 0x00, 0x00, 0x00,
  0x00, 0x00, 0x00, 0x00, 0x00, 0x00, 0x00, 0x00, 0x00, 0x00,
  0x00, 0x00, 0x00, 0x00, 0x00, 0x00, 0x00, 0x00, 0x00, 0x00,
  0x00, 0x00, 0x00, 0x00, 0x00, 0x00, 0x00, 0x00, 0x00, 0x00,
  0x00, 0x00, 0x00, 0x00, 0x00, 0x00, 0x00, 0x00, 0x00, 0x00,
  0x00, 0x00, 0x00, 0x00, 0x00, 0x00, 0x00, 0x00, 0x00, 0x00,
  0x00, 0x00, 0x00, 0x00, 0x00, 0x00, 0x00, 0x00, 0x00, 0x00,
  0x00, 0x00, 0x00, 0x00, 0x00, 0x00, 0x00, 0x00, 0x00, 0x00,
  0x00, 0x00, 0x00, 0x00, 0x00, 0x00, 0x00, 0x00, 0x00, 0x00,
  0x00, 0x00, 0x00, 0x00, 0x00, 0x00, 0x00, 0x00, 0x00, 0x00,
  0x00, 0x00, 0x00, 0x00, 0x00, 0x00, 0x00, 0x00, 0x00, 0x00,
  0x00, 0x00, 0x00, 0x00, 0x00, 0x00, 0x00, 0x00, 0x00, 0x00,
  0x00, 0x00, 0x00, 0x00, 0x00, 0x00, 0x00, 0x00, 0x00, 0x00,
  0x00, 0x00, 0x00, 0x00, 0x00, 0x00, 0x00, 0x00, 0x00, 0x00,
  0x00, 0x00, 0x00, 0x00, 0x00, 0x00, 0x00, 0x00, 0x00, 0x00,
  0x00, 0x00, 0x00, 0x00, 0x00, 0x00, 0x00, 0x00, 0x00, 0x00,
  0x00, 0x00, 0x00, 0x00, 0x00, 0x00, 0x00, 0x00, 0x00, 0x00,
  0x00, 0x00, 0x00, 0x00, 0x00, 0x00, 0x00, 0x00, 0x00, 0x00,
  0x00, 0x00, 0x40, 0x00, 0x00, 0x00, 0x47, 0xDE, 0xD7, 0x38,
  0xEF, 0xDE, 0xEF, 0x38, 0x05, 0xA0, 0xB7, 0x38, 0x26, 0x7E,
  0xC2, 0x38, 0x41, 0x4C, 0xB9, 0x38, 0x80, 0x3F, 0xB0, 0x38,
  0xA2, 0x99, 0xB3, 0x38, 0x6D, 0xA4, 0xC6, 0x38, 0x8C, 0xEF,
  0xB7, 0x38, 0xED, 0x67, 0xC8, 0x38, 0x3B, 0xEE, 0x92, 0x38,
  0xE8, 0x2E, 0xDC, 0x38, 0x34, 0x22, 0xDB, 0x38, 0x0E, 0xB5,
  0xBA, 0x38, 0x14, 0xF1, 0x90, 0x38, 0xE5, 0xFB, 0xC1, 0x38,
  0x65, 0x77, 0xEE, 0x38, 0xC5, 0xD6, 0x95, 0x38, 0x24, 0xFB,
  0xC9, 0x38, 0xF8, 0xAB, 0xB1, 0x38, 0xD9, 0x26, 0xD2, 0x38,
  0x49, 0x4A, 0xE5, 0x38, 0xB6, 0xCF, 0xBC, 0x38, 0x40, 0x24,
  0x94, 0x38, 0x22, 0xB2, 0xD7, 0x38, 0xB6, 0x2C, 0x8E, 0x38,
  0xBE, 0x7D, 0xBD, 0x38, 0xEB, 0x2D, 0xD5, 0x38, 0xB5, 0xFD,
  0xE5, 0x38, 0x0E, 0x9A, 0xA3, 0x38, 0xC2, 0x50, 0xB0, 0x38,
  0x54, 0x3D, 0xB2, 0x38, 0x63, 0x70, 0xC4, 0x38, 0xD7, 0xB1,
  0x9D, 0x38, 0xB9, 0xCD, 0xA0, 0x38, 0x8E, 0x83, 0x02, 0x39,
  0x55, 0xD1, 0xCB, 0x38, 0xE4, 0x9C, 0xC3, 0x38, 0x96, 0x02,
  0xA9, 0x38, 0x6F, 0x5B, 0xD8, 0x38, 0x37, 0x51, 0x94, 0x38,
  0x38, 0x06, 0xD0, 0x38, 0x39, 0x3D, 0xD7, 0x38, 0xD2, 0xD3,
  0x7B, 0x38, 0x97, 0xD8, 0xB1, 0x38, 0x22, 0xD9, 0xB6, 0x38,
  0x3B, 0xAA, 0xA2, 0x38, 0x70, 0x05, 0xE2, 0x38, 0xF3, 0x9A,
  0xC7, 0x38, 0x15, 0x17, 0x61, 0x38, 0xDC, 0x0F, 0xBC, 0x38,
  0x70, 0x4D, 0xC5, 0x38, 0xBF, 0x39, 0xD2, 0x38, 0x79, 0x39,
  0xE1, 0x38, 0xE3, 0xED, 0xD1, 0x38, 0x63, 0x01, 0xE3, 0x38,
  0xEC, 0x5F, 0xA3, 0x38, 0xFF, 0xD7, 0xDE, 0x38, 0x53, 0xA2,
  0xE1, 0x38, 0xA3, 0x82, 0x4C, 0x38, 0x2B, 0x0C, 0xB2, 0x38,
  0x96, 0xAF, 0xC9, 0x38, 0xD0, 0xEB, 0xBA, 0x38, 0x3B, 0xE2,
  0xA4, 0x38, 0x2E, 0x00, 0x00, 0x00, 0x64, 0x61, 0x67, 0x68,
  0x65, 0x72, 0x6F, 0x5F, 0x63, 0x6E, 0x6E, 0x5F, 0x32, 0x6C,
  0x61, 0x79, 0x65, 0x72, 0x5F, 0x63, 0x6F, 0x6E, 0x76, 0x32,
  0x64, 0x2F, 0x62, 0x6E, 0x32, 0x2F, 0x46, 0x75, 0x73, 0x65,
  0x64, 0x42, 0x61, 0x74, 0x63, 0x68, 0x4E, 0x6F, 0x72, 0x6D,
  0x56, 0x33, 0x00, 0x00, 0x01, 0x00, 0x00, 0x00, 0x40, 0x00,
  0x00, 0x00, 0x42, 0xFD, 0xFF, 0xFF, 0x00, 0x00, 0x00, 0x01,
  0x14, 0x00, 0x00, 0x00, 0x34, 0x00, 0x00, 0x00, 0x07, 0x00,
  0x00, 0x00, 0x00, 0x00, 0x00, 0x09, 0x54, 0x00, 0x00, 0x00,
  0x2C, 0xFD, 0xFF, 0xFF, 0x08, 0x00, 0x00, 0x00, 0x14, 0x00,
  0x00, 0x00, 0x01, 0x00, 0x00, 0x00, 0x00, 0x00, 0x00, 0x00,
  0x00, 0x00, 0x00, 0x00, 0x00, 0x00, 0x00, 0x00, 0x01, 0x00,
  0x00, 0x00, 0xE0, 0x09, 0xD6, 0x3B, 0x24, 0x00, 0x00, 0x00,
  0x64, 0x61, 0x67, 0x68, 0x65, 0x72, 0x6F, 0x5F, 0x63, 0x6E,
  0x6E, 0x5F, 0x32, 0x6C, 0x61, 0x79, 0x65, 0x72, 0x5F, 0x63,
  0x6F, 0x6E, 0x76, 0x32, 0x64, 0x2F, 0x66, 0x63, 0x31, 0x2F,
  0x4D, 0x61, 0x74, 0x4D, 0x75, 0x6C, 0x00, 0x00, 0x00, 0x00,
  0x02, 0x00, 0x00, 0x00, 0x40, 0x00, 0x00, 0x00, 0x40, 0x00,
  0x00, 0x00, 0xBA, 0xFD, 0xFF, 0xFF, 0x00, 0x00, 0x00, 0x01,
  0x14, 0x00, 0x00, 0x00, 0x30, 0x00, 0x00, 0x00, 0x06, 0x00,
  0x00, 0x00, 0x00, 0x00, 0x00, 0x02, 0x60, 0x00, 0x00, 0x00,
  0xA4, 0xFD, 0xFF, 0xFF, 0x08, 0x00, 0x00, 0x00, 0x10, 0x00,
  0x00, 0x00, 0x01, 0x00, 0x00, 0x00, 0x00, 0x00, 0x00, 0x00,
  0x00, 0x00, 0x00, 0x00, 0x01, 0x00, 0x00, 0x00, 0x48, 0x4D,
  0xDE, 0x38, 0x34, 0x00, 0x00, 0x00, 0x64, 0x61, 0x67, 0x68,
  0x65, 0x72, 0x6F, 0x5F, 0x63, 0x6E, 0x6E, 0x5F, 0x32, 0x6C,
  0x61, 0x79, 0x65, 0x72, 0x5F, 0x63, 0x6F, 0x6E, 0x76, 0x32,
  0x64, 0x2F, 0x66, 0x63, 0x31, 0x2F, 0x42, 0x69, 0x61, 0x73,
  0x41, 0x64, 0x64, 0x2F, 0x52, 0x65, 0x61, 0x64, 0x56, 0x61,
  0x72, 0x69, 0x61, 0x62, 0x6C, 0x65, 0x4F, 0x70, 0x00, 0x00,
  0x00, 0x00, 0x01, 0x00, 0x00, 0x00, 0x40, 0x00, 0x00, 0x00,
  0x3A, 0xFE, 0xFF, 0xFF, 0x00, 0x00, 0x00, 0x01, 0x14, 0x00,
  0x00, 0x00, 0x30, 0x00, 0x00, 0x00, 0x05, 0x00, 0x00, 0x00,
  0x00, 0x00, 0x00, 0x09, 0x54, 0x00, 0x00, 0x00, 0x24, 0xFE,
  0xFF, 0xFF, 0x08, 0x00, 0x00, 0x00, 0x10, 0x00, 0x00, 0x00,
  0x01, 0x00, 0x00, 0x00, 0x00, 0x00, 0x00, 0x00, 0x00, 0x00,
  0x00, 0x00, 0x01, 0x00, 0x00, 0x00, 0xBE, 0xAC, 0x0E, 0x3C,
  0x2B, 0x00, 0x00, 0x00, 0x64, 0x61, 0x67, 0x68, 0x65, 0x72,
  0x6F, 0x5F, 0x63, 0x6E, 0x6E, 0x5F, 0x32, 0x6C, 0x61, 0x79,
  0x65, 0x72, 0x5F, 0x63, 0x6F, 0x6E, 0x76, 0x32, 0x64, 0x2F,
  0x63, 0x6C, 0x61, 0x73, 0x73, 0x69, 0x66, 0x69, 0x65, 0x72,
  0x2F, 0x4D, 0x61, 0x74, 0x4D, 0x75, 0x6C, 0x00, 0x02, 0x00,
  0x00, 0x00, 0x06, 0x00, 0x00, 0x00, 0x40, 0x00, 0x00, 0x00,
  0xB2, 0xFE, 0xFF, 0xFF, 0x00, 0x00, 0x00, 0x01, 0x14, 0x00,
  0x00, 0x00, 0x30, 0x00, 0x00, 0x00, 0x04, 0x00, 0x00, 0x00,
  0x00, 0x00, 0x00, 0x02, 0x64, 0x00, 0x00, 0x00, 0x9C, 0xFE,
  0xFF, 0xFF, 0x08, 0x00, 0x00, 0x00, 0x10, 0x00, 0x00, 0x00,
  0x01, 0x00, 0x00, 0x00, 0x00, 0x00, 0x00, 0x00, 0x00, 0x00,
  0x00, 0x00, 0x01, 0x00, 0x00, 0x00, 0x32, 0xC9, 0xF7, 0x39,
  0x3B, 0x00, 0x00, 0x00, 0x64, 0x61, 0x67, 0x68, 0x65, 0x72,
  0x6F, 0x5F, 0x63, 0x6E, 0x6E, 0x5F, 0x32, 0x6C, 0x61, 0x79,
  0x65, 0x72, 0x5F, 0x63, 0x6F, 0x6E, 0x76, 0x32, 0x64, 0x2F,
  0x63, 0x6C, 0x61, 0x73, 0x73, 0x69, 0x66, 0x69, 0x65, 0x72,
  0x2F, 0x42, 0x69, 0x61, 0x73, 0x41, 0x64, 0x64, 0x2F, 0x52,
  0x65, 0x61, 0x64, 0x56, 0x61, 0x72, 0x69, 0x61, 0x62, 0x6C,
  0x65, 0x4F, 0x70, 0x00, 0x01, 0x00, 0x00, 0x00, 0x06, 0x00,
  0x00, 0x00, 0x36, 0xFF, 0xFF, 0xFF, 0x00, 0x00, 0x00, 0x01,
  0x14, 0x00, 0x00, 0x00, 0x14, 0x00, 0x00, 0x00, 0x03, 0x00,
  0x00, 0x00, 0x00, 0x00, 0x00, 0x02, 0x44, 0x00, 0x00, 0x00,
  0x9C, 0xFF, 0xFF, 0xFF, 0x34, 0x00, 0x00, 0x00, 0x64, 0x61,
  0x67, 0x68, 0x65, 0x72, 0x6F, 0x5F, 0x63, 0x6E, 0x6E, 0x5F,
  0x32, 0x6C, 0x61, 0x79, 0x65, 0x72, 0x5F, 0x63, 0x6F, 0x6E,
  0x76, 0x32, 0x64, 0x2F, 0x67, 0x61, 0x70, 0x2F, 0x4D, 0x65,
  0x61, 0x6E, 0x2F, 0x72, 0x65, 0x64, 0x75, 0x63, 0x74, 0x69,
  0x6F, 0x6E, 0x5F, 0x69, 0x6E, 0x64, 0x69, 0x63, 0x65, 0x73,
  0x00, 0x00, 0x00, 0x00, 0x01, 0x00, 0x00, 0x00, 0x02, 0x00,
  0x00, 0x00, 0x9A, 0xFF, 0xFF, 0xFF, 0x00, 0x00, 0x00, 0x01,
  0x18, 0x00, 0x00, 0x00, 0x18, 0x00, 0x00, 0x00, 0x02, 0x00,
  0x00, 0x00, 0x00, 0x00, 0x00, 0x02, 0x44, 0x00, 0x00, 0x00,
  0x04, 0x00, 0x04, 0x00, 0x04, 0x00, 0x00, 0x00, 0x32, 0x00,
  0x00, 0x00, 0x64, 0x61, 0x67, 0x68, 0x65, 0x72, 0x6F, 0x5F,
  0x63, 0x6E, 0x6E, 0x5F, 0x32, 0x6C, 0x61, 0x79, 0x65, 0x72,
  0x5F, 0x63, 0x6F, 0x6E, 0x76, 0x32, 0x64, 0x2F, 0x72, 0x65,
  0x73, 0x68, 0x61, 0x70, 0x65, 0x5F, 0x69, 0x6E, 0x2F, 0x52,
  0x65, 0x73, 0x68, 0x61, 0x70, 0x65, 0x2F, 0x73, 0x68, 0x61,
  0x70, 0x65, 0x00, 0x00, 0x01, 0x00, 0x00, 0x00, 0x04, 0x00,
  0x00, 0x00, 0x00, 0x00, 0x16, 0x00, 0x1C, 0x00, 0x18, 0x00,
  0x17, 0x00, 0x10, 0x00, 0x0C, 0x00, 0x08, 0x00, 0x00, 0x00,
  0x00, 0x00, 0x00, 0x00, 0x07, 0x00, 0x16, 0x00, 0x00, 0x00,
  0x00, 0x00, 0x00, 0x01, 0x20, 0x00, 0x00, 0x00, 0x40, 0x00,
  0x00, 0x00, 0x01, 0x00, 0x00, 0x00, 0x00, 0x00, 0x00, 0x09,
  0x50, 0x00, 0x00, 0x00, 0x0C, 0x00, 0x0C, 0x00, 0x00, 0x00,
  0x00, 0x00, 0x08, 0x00, 0x04, 0x00, 0x0C, 0x00, 0x00, 0x00,
  0x08, 0x00, 0x00, 0x00, 0x14, 0x00, 0x00, 0x00, 0x01, 0x00,
  0x00, 0x00, 0x05, 0x00, 0x00, 0x00, 0x00, 0x00, 0x00, 0x00,
  0x00, 0x00, 0x00, 0x00, 0x01, 0x00, 0x00, 0x00, 0x6D, 0xFF,
  0xFF, 0x3C, 0x17, 0x00, 0x00, 0x00, 0x73, 0x65, 0x72, 0x76,
  0x69, 0x6E, 0x67, 0x5F, 0x64, 0x65, 0x66, 0x61, 0x75, 0x6C,
  0x74, 0x5F, 0x69, 0x6E, 0x70, 0x75, 0x74, 0x3A, 0x30, 0x00,
  0x03, 0x00, 0x00, 0x00, 0x01, 0x00, 0x00, 0x00, 0x64, 0x00,
  0x00, 0x00, 0x03, 0x00, 0x00, 0x00, 0x06, 0x00, 0x00, 0x00,
  0x80, 0x00, 0x00, 0x00, 0x60, 0x00, 0x00, 0x00, 0x40, 0x00,
  0x00, 0x00, 0x2C, 0x00, 0x00, 0x00, 0x18, 0x00, 0x00, 0x00,
  0x04, 0x00, 0x00, 0x00, 0xC0, 0xFF, 0xFF, 0xFF, 0x19, 0x00,
  0x00, 0x00, 0x02, 0x00, 0x00, 0x00, 0x00, 0x00, 0x00, 0x19,
  0xD0, 0xFF, 0xFF, 0xFF, 0x09, 0x00, 0x00, 0x00, 0x04, 0x00,
  0x00, 0x00, 0x00, 0x00, 0x00, 0x09, 0xE0, 0xFF, 0xFF, 0xFF,
  0x28, 0x00, 0x00, 0x00, 0x02, 0x00, 0x00, 0x00, 0x00, 0x00,
  0x00, 0x28, 0xF0, 0xFF, 0xFF, 0xFF, 0x11, 0x00, 0x00, 0x00,
  0x02, 0x00, 0x00, 0x00, 0x00, 0x00, 0x00, 0x11, 0x0C, 0x00,
  0x10, 0x00, 0x0F, 0x00, 0x00, 0x00, 0x08, 0x00, 0x04, 0x00,
  0x0C, 0x00, 0x00, 0x00, 0x03, 0x00, 0x00, 0x00, 0x03, 0x00,
  0x00, 0x00, 0x00, 0x00, 0x00, 0x03, 0x0C, 0x00, 0x0C, 0x00,
  0x0B, 0x00, 0x00, 0x00, 0x00, 0x00, 0x04, 0x00, 0x0C, 0x00,
  0x00, 0x00, 0x16, 0x00, 0x00, 0x00, 0x00, 0x00, 0x00, 0x16
};
unsigned int daghero_no_accel_rotation_v2_t100_ptq_len = 26760;
