/* Converted from E10_arduino_from_scratch/accel_rotation/daghero_cnn_2layer_conv2d/e10/daghero_cnn_2layer_conv2d_T100_Prandom_stratified_E10_daghero_cnn_2layer_conv2d_r0_ptq_int8.tflite */
alignas(16) const unsigned char daghero_accel_rotation_t100_ptq[] = {
  0x1C, 0x00, 0x00, 0x00, 0x54, 0x46, 0x4C, 0x33, 0x14, 0x00,
  0x20, 0x00, 0x1C, 0x00, 0x18, 0x00, 0x14, 0x00, 0x10, 0x00,
  0x0C, 0x00, 0x00, 0x00, 0x08, 0x00, 0x04, 0x00, 0x14, 0x00,
  0x00, 0x00, 0x1C, 0x00, 0x00, 0x00, 0x90, 0x00, 0x00, 0x00,
  0xE8, 0x00, 0x00, 0x00, 0x38, 0x51, 0x00, 0x00, 0x48, 0x51,
  0x00, 0x00, 0xC4, 0x67, 0x00, 0x00, 0x03, 0x00, 0x00, 0x00,
  0x01, 0x00, 0x00, 0x00, 0x10, 0x00, 0x00, 0x00, 0x00, 0x00,
  0x0A, 0x00, 0x10, 0x00, 0x0C, 0x00, 0x08, 0x00, 0x04, 0x00,
  0x0A, 0x00, 0x00, 0x00, 0x0C, 0x00, 0x00, 0x00, 0x1C, 0x00,
  0x00, 0x00, 0x3C, 0x00, 0x00, 0x00, 0x0F, 0x00, 0x00, 0x00,
  0x73, 0x65, 0x72, 0x76, 0x69, 0x6E, 0x67, 0x5F, 0x64, 0x65,
  0x66, 0x61, 0x75, 0x6C, 0x74, 0x00, 0x01, 0x00, 0x00, 0x00,
  0x04, 0x00, 0x00, 0x00, 0x98, 0xFF, 0xFF, 0xFF, 0x13, 0x00,
  0x00, 0x00, 0x04, 0x00, 0x00, 0x00, 0x0A, 0x00, 0x00, 0x00,
  0x63, 0x6C, 0x61, 0x73, 0x73, 0x69, 0x66, 0x69, 0x65, 0x72,
  0x00, 0x00, 0x01, 0x00, 0x00, 0x00, 0x04, 0x00, 0x00, 0x00,
  0xAA, 0xAE, 0xFF, 0xFF, 0x04, 0x00, 0x00, 0x00, 0x05, 0x00,
  0x00, 0x00, 0x69, 0x6E, 0x70, 0x75, 0x74, 0x00, 0x00, 0x00,
  0x02, 0x00, 0x00, 0x00, 0x34, 0x00, 0x00, 0x00, 0x04, 0x00,
  0x00, 0x00, 0xDC, 0xFF, 0xFF, 0xFF, 0x16, 0x00, 0x00, 0x00,
  0x04, 0x00, 0x00, 0x00, 0x13, 0x00, 0x00, 0x00, 0x43, 0x4F,
  0x4E, 0x56, 0x45, 0x52, 0x53, 0x49, 0x4F, 0x4E, 0x5F, 0x4D,
  0x45, 0x54, 0x41, 0x44, 0x41, 0x54, 0x41, 0x00, 0x08, 0x00,
  0x0C, 0x00, 0x08, 0x00, 0x04, 0x00, 0x08, 0x00, 0x00, 0x00,
  0x15, 0x00, 0x00, 0x00, 0x04, 0x00, 0x00, 0x00, 0x13, 0x00,
  0x00, 0x00, 0x6D, 0x69, 0x6E, 0x5F, 0x72, 0x75, 0x6E, 0x74,
  0x69, 0x6D, 0x65, 0x5F, 0x76, 0x65, 0x72, 0x73, 0x69, 0x6F,
  0x6E, 0x00, 0x17, 0x00, 0x00, 0x00, 0x4C, 0x50, 0x00, 0x00,
  0x44, 0x50, 0x00, 0x00, 0x24, 0x50, 0x00, 0x00, 0x0C, 0x50,
  0x00, 0x00, 0xE4, 0x4F, 0x00, 0x00, 0x54, 0x4E, 0x00, 0x00,
  0x44, 0x4D, 0x00, 0x00, 0x34, 0x3D, 0x00, 0x00, 0x24, 0x3C,
  0x00, 0x00, 0x14, 0x04, 0x00, 0x00, 0x84, 0x03, 0x00, 0x00,
  0xD4, 0x00, 0x00, 0x00, 0xCC, 0x00, 0x00, 0x00, 0xC4, 0x00,
  0x00, 0x00, 0xBC, 0x00, 0x00, 0x00, 0xB4, 0x00, 0x00, 0x00,
  0xAC, 0x00, 0x00, 0x00, 0xA4, 0x00, 0x00, 0x00, 0x9C, 0x00,
  0x00, 0x00, 0x94, 0x00, 0x00, 0x00, 0x8C, 0x00, 0x00, 0x00,
  0x6C, 0x00, 0x00, 0x00, 0x04, 0x00, 0x00, 0x00, 0x7A, 0xAF,
  0xFF, 0xFF, 0x04, 0x00, 0x00, 0x00, 0x58, 0x00, 0x00, 0x00,
  0x0C, 0x00, 0x00, 0x00, 0x08, 0x00, 0x0E, 0x00, 0x08, 0x00,
  0x04, 0x00, 0x08, 0x00, 0x00, 0x00, 0x10, 0x00, 0x00, 0x00,
  0x28, 0x00, 0x00, 0x00, 0x00, 0x00, 0x06, 0x00, 0x08, 0x00,
  0x04, 0x00, 0x06, 0x00, 0x00, 0x00, 0x04, 0x00, 0x00, 0x00,
  0x01, 0x00, 0x00, 0x00, 0xEB, 0x03, 0x00, 0x00, 0x00, 0x00,
  0x0A, 0x00, 0x10, 0x00, 0x0C, 0x00, 0x08, 0x00, 0x04, 0x00,
  0x0A, 0x00, 0x00, 0x00, 0x02, 0x00, 0x00, 0x00, 0x02, 0x00,
  0x00, 0x00, 0x04, 0x00, 0x00, 0x00, 0x06, 0x00, 0x00, 0x00,
  0x32, 0x2E, 0x31, 0x34, 0x2E, 0x31, 0x00, 0x00, 0xDE, 0xAF,
  0xFF, 0xFF, 0x04, 0x00, 0x00, 0x00, 0x10, 0x00, 0x00, 0x00,
  0x31, 0x2E, 0x31, 0x34, 0x2E, 0x30, 0x00, 0x00, 0x00, 0x00,
  0x00, 0x00, 0x00, 0x00, 0x00, 0x00, 0xD0, 0x9A, 0xFF, 0xFF,
  0xD4, 0x9A, 0xFF, 0xFF, 0xD8, 0x9A, 0xFF, 0xFF, 0xDC, 0x9A,
  0xFF, 0xFF, 0xE0, 0x9A, 0xFF, 0xFF, 0xE4, 0x9A, 0xFF, 0xFF,
  0xE8, 0x9A, 0xFF, 0xFF, 0xEC, 0x9A, 0xFF, 0xFF, 0xF0, 0x9A,
  0xFF, 0xFF, 0x1E, 0xB0, 0xFF, 0xFF, 0x04, 0x00, 0x00, 0x00,
  0xA0, 0x02, 0x00, 0x00, 0x7F, 0x9E, 0xD1, 0x6C, 0x09, 0x09,
  0x2E, 0xDF, 0x0D, 0x60, 0xE6, 0x40, 0x3A, 0x03, 0x69, 0xB0,
  0x22, 0xC9, 0xE7, 0xDF, 0x5D, 0xEC, 0x13, 0x55, 0x46, 0xCA,
  0x05, 0x37, 0xFC, 0x81, 0xEF, 0x60, 0xE7, 0x12, 0xC2, 0xD2,
  0x70, 0x43, 0xEF, 0xE0, 0xC0, 0x43, 0x21, 0xDE, 0xC9, 0x18,
  0x44, 0xB1, 0x7F, 0x26, 0x23, 0x59, 0xD0, 0x13, 0xC7, 0x5D,
  0x01, 0x88, 0xF6, 0x51, 0xA1, 0xB4, 0x04, 0x47, 0xC8, 0x06,
  0x96, 0xE6, 0x2C, 0x25, 0x3F, 0x4D, 0xBF, 0x0D, 0x15, 0x89,
  0xBA, 0x1F, 0x18, 0x68, 0x73, 0x81, 0x9E, 0x75, 0x81, 0x5B,
  0xFF, 0x11, 0x3D, 0x1A, 0xAF, 0xFD, 0x06, 0xE3, 0xC1, 0x12,
  0x26, 0xF7, 0x4C, 0x06, 0xB4, 0x33, 0x2D, 0xD6, 0x76, 0x08,
  0x85, 0x37, 0x31, 0xC8, 0x9A, 0xED, 0x81, 0xF8, 0xC3, 0x97,
  0x09, 0x10, 0xC9, 0x0D, 0x2E, 0x99, 0xE0, 0xB5, 0x32, 0x45,
  0x76, 0x24, 0x2B, 0x34, 0xB8, 0x3C, 0x77, 0xC2, 0x42, 0x6C,
  0xA0, 0x81, 0x28, 0xD7, 0x9D, 0x75, 0x0E, 0xB6, 0x59, 0x3A,
  0x5C, 0xA6, 0xED, 0x7F, 0xBE, 0x94, 0x1F, 0x17, 0xF2, 0x1A,
  0xF2, 0x49, 0xDB, 0x01, 0x32, 0xD0, 0x64, 0x1C, 0xBE, 0x2D,
  0xEA, 0xDD, 0xF6, 0xBE, 0x5A, 0xD6, 0x09, 0x49, 0xE6, 0x16,
  0x93, 0x7F, 0x66, 0xF2, 0x46, 0xB2, 0xC0, 0x93, 0x03, 0xF8,
  0xAE, 0x34, 0x60, 0x0A, 0x17, 0xAE, 0x19, 0x1D, 0xBE, 0xF2,
  0xEA, 0xB1, 0x20, 0xD8, 0xD1, 0xDD, 0x06, 0xB2, 0x1D, 0xF1,
  0x9E, 0xA3, 0x1D, 0x81, 0x81, 0xE7, 0x41, 0x8E, 0x45, 0x05,
  0xCB, 0x1A, 0x0F, 0x85, 0x59, 0x4B, 0xB5, 0x45, 0x53, 0xCA,
  0x3C, 0x01, 0xA3, 0x0E, 0x2C, 0xE5, 0x8E, 0xB3, 0xE4, 0x81,
  0xFD, 0x38, 0xA4, 0x18, 0x4E, 0xCC, 0xE0, 0x38, 0xC7, 0x50,
  0xC7, 0x3D, 0x23, 0xB0, 0x68, 0xE2, 0x58, 0x45, 0x7F, 0x47,
  0xA4, 0xF9, 0xAA, 0xD8, 0x69, 0x06, 0xF3, 0xD0, 0x17, 0xE2,
  0x4F, 0x36, 0x0D, 0x53, 0x0F, 0x4D, 0xEC, 0x16, 0x0F, 0x3C,
  0x10, 0xC9, 0xDE, 0xB3, 0x30, 0xAD, 0xF5, 0x0A, 0x5C, 0x01,
  0xBE, 0x81, 0x57, 0x65, 0x57, 0xDA, 0xCF, 0x0A, 0xCE, 0xFF,
  0x0D, 0xA9, 0x04, 0xED, 0x98, 0xD3, 0xE1, 0xFA, 0x05, 0xDE,
  0x45, 0xDA, 0xEF, 0x26, 0x14, 0x20, 0x7F, 0x38, 0x32, 0x67,
  0xFB, 0xF3, 0x4E, 0x5D, 0x53, 0x11, 0x30, 0x33, 0xFF, 0x2E,
  0x3A, 0xCA, 0xB7, 0xBB, 0xCC, 0x0F, 0xEF, 0xA8, 0x81, 0xA6,
  0x81, 0xE2, 0xEB, 0xDF, 0x3E, 0x1A, 0xF1, 0x21, 0x03, 0xD1,
  0xCF, 0xDC, 0xC7, 0xED, 0xDA, 0x13, 0xF8, 0xF8, 0xC9, 0xFA,
  0xDF, 0xD0, 0x25, 0x7D, 0x36, 0x12, 0x00, 0x30, 0xEC, 0x71,
  0xC5, 0xE1, 0xF0, 0x07, 0x2A, 0x03, 0xDC, 0xD3, 0xA7, 0x25,
  0xFA, 0x81, 0xF2, 0x20, 0x8E, 0xD6, 0x1E, 0x56, 0xFD, 0x13,
  0x4D, 0x7E, 0xAF, 0xCF, 0xC0, 0xD9, 0x39, 0x15, 0x2F, 0x81,
  0x9A, 0x3C, 0xC2, 0x83, 0x10, 0xD0, 0xB2, 0x6F, 0xA1, 0x91,
  0x53, 0x44, 0x59, 0x3A, 0xF4, 0xF2, 0x8A, 0x2D, 0x59, 0xDB,
  0x5D, 0x7F, 0xAC, 0xC1, 0xAE, 0x9F, 0xF2, 0x3A, 0xCB, 0xF9,
  0xB4, 0x1A, 0xD0, 0x1A, 0x0A, 0x1E, 0x2E, 0xF5, 0xE0, 0xB8,
  0xA3, 0x05, 0x18, 0x81, 0x2D, 0x46, 0xD7, 0x95, 0x81, 0x09,
  0x65, 0x3C, 0x4E, 0x4D, 0xE7, 0xC5, 0x21, 0xDA, 0x26, 0x86,
  0x5D, 0xAF, 0xF8, 0xF3, 0x53, 0x1C, 0x4B, 0x20, 0x5A, 0xA3,
  0xFD, 0x81, 0xA1, 0xC5, 0x1F, 0xF1, 0xB7, 0x06, 0xBC, 0xEA,
  0x53, 0xEB, 0x2D, 0x12, 0xD3, 0xBE, 0xF9, 0xDD, 0x7F, 0x42,
  0xE8, 0x7E, 0xDC, 0xDA, 0x4B, 0xF7, 0x51, 0x35, 0xDD, 0xC0,
  0xD0, 0xDF, 0xF7, 0xD3, 0xB6, 0xFC, 0xC4, 0xCC, 0x7F, 0xD1,
  0x3A, 0x31, 0xBF, 0x07, 0x22, 0x48, 0x16, 0x3A, 0xFB, 0x09,
  0x07, 0x7D, 0xFE, 0xB6, 0x47, 0xDD, 0x95, 0x4B, 0xBA, 0x81,
  0xD2, 0x4B, 0x94, 0xD1, 0x0F, 0xAC, 0xB0, 0x11, 0xF6, 0xF7,
  0xC3, 0x11, 0xBD, 0xB5, 0x45, 0xE6, 0xB8, 0x4B, 0x31, 0xB2,
  0xE0, 0x81, 0x2A, 0xB1, 0xA3, 0x18, 0x20, 0xE1, 0x3A, 0x42,
  0xE7, 0xF3, 0x4E, 0x45, 0xD1, 0x57, 0x0E, 0xE1, 0x33, 0xE3,
  0xED, 0xDF, 0x8F, 0x63, 0x3A, 0xB2, 0xB9, 0xBE, 0x2A, 0x1A,
  0x57, 0x73, 0x40, 0x52, 0x96, 0x56, 0x81, 0xD0, 0x7B, 0xE0,
  0xC9, 0xD4, 0x22, 0x59, 0x13, 0x7F, 0x49, 0xF7, 0x21, 0xE4,
  0x05, 0x38, 0xA0, 0xCF, 0xB5, 0x15, 0x05, 0x24, 0x99, 0x2C,
  0xCB, 0x09, 0xCE, 0x81, 0x17, 0x93, 0xB5, 0xB5, 0xC6, 0xA7,
  0x9D, 0xFA, 0xF1, 0x0A, 0x28, 0xA5, 0x44, 0x12, 0x67, 0x4D,
  0x30, 0x5A, 0x2B, 0x43, 0xD3, 0x23, 0x45, 0x65, 0x7C, 0x0D,
  0x41, 0x7F, 0x3C, 0xD6, 0x2E, 0xF6, 0x0E, 0x24, 0x3F, 0xB9,
  0xFD, 0x16, 0xE5, 0x52, 0xFF, 0x4A, 0x27, 0xEB, 0x98, 0x2D,
  0xAB, 0x81, 0x53, 0x19, 0xF2, 0xE8, 0x22, 0x25, 0xDA, 0xD9,
  0x0C, 0xC4, 0xC3, 0x98, 0x28, 0xBE, 0xCA, 0xB2, 0xFF, 0xFF,
  0x04, 0x00, 0x00, 0x00, 0x80, 0x00, 0x00, 0x00, 0x05, 0xF1,
  0xFF, 0xFF, 0x54, 0xF6, 0xFF, 0xFF, 0xB1, 0xFE, 0xFF, 0xFF,
  0xC1, 0x09, 0x00, 0x00, 0x5E, 0x08, 0x00, 0x00, 0xD0, 0xF4,
  0xFF, 0xFF, 0x40, 0xEC, 0xFF, 0xFF, 0xB2, 0xFF, 0xFF, 0xFF,
  0xD8, 0x02, 0x00, 0x00, 0xD3, 0xEB, 0xFF, 0xFF, 0xB4, 0x17,
  0x00, 0x00, 0x0E, 0xFD, 0xFF, 0xFF, 0x42, 0xFA, 0xFF, 0xFF,
  0xD2, 0xFF, 0xFF, 0xFF, 0x97, 0x00, 0x00, 0x00, 0xA5, 0xFF,
  0xFF, 0xFF, 0x0C, 0x06, 0x00, 0x00, 0x77, 0xFF, 0xFF, 0xFF,
  0x8A, 0xFE, 0xFF, 0xFF, 0x30, 0x01, 0x00, 0x00, 0x2B, 0xFA,
  0xFF, 0xFF, 0x33, 0xFF, 0xFF, 0xFF, 0x6F, 0x0B, 0x00, 0x00,
  0x9B, 0xFB, 0xFF, 0xFF, 0xF1, 0xF9, 0xFF, 0xFF, 0x73, 0xFB,
  0xFF, 0xFF, 0xE4, 0xF2, 0xFF, 0xFF, 0x1A, 0xFE, 0xFF, 0xFF,
  0x9A, 0xF6, 0xFF, 0xFF, 0xBA, 0x05, 0x00, 0x00, 0x02, 0x03,
  0x00, 0x00, 0xF6, 0x00, 0x00, 0x00, 0x56, 0xB3, 0xFF, 0xFF,
  0x04, 0x00, 0x00, 0x00, 0x00, 0x38, 0x00, 0x00, 0x04, 0xF8,
  0xCF, 0xD8, 0x11, 0xC4, 0x15, 0xE8, 0xF6, 0x0A, 0xF4, 0xB7,
  0xD0, 0x02, 0xDA, 0xEB, 0x0D, 0xE6, 0xF1, 0xB9, 0xB1, 0x00,
  0x4E, 0xD1, 0x8F, 0xDB, 0xDD, 0xC8, 0x8F, 0x20, 0xE0, 0x16,
  0x0B, 0xE6, 0xFB, 0x1B, 0xF0, 0x07, 0x20, 0xFC, 0xE8, 0xC8,
  0x02, 0xA0, 0xC8, 0x36, 0xBD, 0x21, 0x2F, 0xE7, 0x30, 0xF0,
  0xFA, 0xFE, 0x32, 0xCF, 0x8B, 0xD5, 0xEC, 0xDB, 0xD8, 0x16,
  0xDB, 0x0A, 0xBE, 0xDF, 0xC2, 0x1A, 0xCF, 0xBD, 0xD2, 0xD9,
  0x07, 0xF6, 0x16, 0x04, 0x13, 0x30, 0xF9, 0x0E, 0x18, 0x48,
  0x05, 0xE9, 0xF0, 0x14, 0xF3, 0xFE, 0xD3, 0x1B, 0x1C, 0xFA,
  0xF2, 0xDA, 0xF1, 0xFE, 0x25, 0xFD, 0xC8, 0xC4, 0x08, 0xB8,
  0x15, 0xC0, 0xF0, 0x1F, 0xDD, 0xBD, 0xFB, 0x05, 0xEB, 0x07,
  0x1D, 0x04, 0xFB, 0xB0, 0x9C, 0xEF, 0xEB, 0xF7, 0x81, 0xDB,
  0xF0, 0x07, 0xA9, 0xE5, 0xD7, 0x1D, 0xCF, 0x02, 0xC9, 0xFF,
  0x2D, 0xDC, 0x24, 0xEF, 0xED, 0xDC, 0x1F, 0xAC, 0xED, 0x18,
  0xD2, 0xE5, 0x29, 0x01, 0xFD, 0xD4, 0xE2, 0xFA, 0x2C, 0xD6,
  0xAE, 0xE5, 0xDD, 0xFB, 0xEA, 0xE4, 0xD4, 0x17, 0xF1, 0xF0,
  0x13, 0xDC, 0xD9, 0xC7, 0x21, 0xED, 0x19, 0xF0, 0xE3, 0xB3,
  0xDB, 0x6A, 0xD7, 0x31, 0x3B, 0x40, 0x02, 0xFF, 0x12, 0x49,
  0x31, 0xF4, 0xA6, 0xCB, 0xD1, 0xD4, 0xFD, 0x0B, 0xA3, 0x02,
  0xE4, 0x20, 0x07, 0x27, 0x1E, 0x16, 0x1B, 0x28, 0x1A, 0xCE,
  0xF0, 0xD2, 0x0F, 0x59, 0xEC, 0x35, 0xF1, 0x1B, 0x1E, 0xF1,
  0xDF, 0x7B, 0x14, 0x3E, 0xBF, 0xD0, 0xEF, 0x15, 0xDF, 0x2C,
  0xF3, 0xE5, 0xE8, 0xF4, 0xDA, 0x07, 0xDD, 0xE9, 0x0D, 0xBA,
  0xF0, 0x19, 0xCB, 0xF6, 0xB7, 0xBB, 0xBA, 0xAE, 0xEB, 0xBB,
  0xCC, 0xDA, 0xD1, 0xB4, 0xA5, 0xE2, 0xD3, 0x00, 0xE2, 0xE3,
  0xC1, 0x06, 0x16, 0x0E, 0xFE, 0xD2, 0x18, 0x08, 0x1A, 0xFE,
  0x04, 0x03, 0xF1, 0x1B, 0x43, 0xEB, 0xA5, 0xCD, 0x08, 0xE7,
  0xF3, 0xC0, 0xAA, 0xDE, 0xF8, 0xDB, 0xCB, 0xCE, 0xFA, 0xE0,
  0xD0, 0xFA, 0xEA, 0x07, 0x0E, 0xEC, 0x0C, 0xD7, 0x0C, 0x12,
  0x44, 0xEA, 0xCA, 0xE3, 0x0B, 0x2A, 0xDF, 0x25, 0x1B, 0xDC,
  0x19, 0xEE, 0xDD, 0xD0, 0xB2, 0x0A, 0x2D, 0xC6, 0xA8, 0x17,
  0xBE, 0xE5, 0x1C, 0xD5, 0x10, 0x52, 0x48, 0xB1, 0xF8, 0xC8,
  0xE6, 0x06, 0x33, 0x28, 0xDA, 0xDD, 0x16, 0xC8, 0xF1, 0x2E,
  0x0E, 0x0C, 0xE0, 0xF6, 0x18, 0xDC, 0xED, 0x0F, 0x23, 0x06,
  0x82, 0x13, 0xE3, 0xD1, 0x20, 0xBA, 0x22, 0x5F, 0x4A, 0xB4,
  0xC9, 0xD3, 0x09, 0xB0, 0x2F, 0xFC, 0x16, 0xBE, 0xD6, 0xEE,
  0xEE, 0x06, 0xC4, 0xD1, 0xE8, 0xF4, 0x1A, 0xBF, 0xF0, 0x3A,
  0xD4, 0x02, 0x94, 0xCB, 0xB7, 0xD4, 0x15, 0xC2, 0x25, 0x3B,
  0xFB, 0xD3, 0xDE, 0xBB, 0x22, 0xE7, 0x26, 0xF8, 0x13, 0xE1,
  0xE1, 0x08, 0x06, 0x3C, 0x12, 0xBC, 0xBE, 0xB7, 0x25, 0xBE,
  0x16, 0x05, 0xDD, 0x26, 0x9F, 0xE1, 0xAE, 0x19, 0xEA, 0xBD,
  0xCA, 0xE3, 0xE8, 0x0A, 0xFC, 0xE3, 0xB0, 0xB0, 0x39, 0xD2,
  0xE3, 0x9D, 0x16, 0xE1, 0x18, 0xF1, 0x0E, 0xE5, 0x17, 0xEE,
  0x20, 0x85, 0x1A, 0x03, 0x0A, 0x0E, 0x81, 0xB6, 0xC9, 0x1B,
  0xDB, 0xEC, 0x0D, 0xF4, 0x0E, 0xFC, 0x3D, 0xE5, 0xFF, 0xEF,
  0x52, 0xC6, 0xFC, 0xFA, 0xE3, 0x15, 0xAE, 0xF0, 0x3A, 0xD4,
  0x2D, 0x55, 0x22, 0x29, 0x16, 0x05, 0x9A, 0xF8, 0x6A, 0xC7,
  0x0D, 0x77, 0xCE, 0xB1, 0xF8, 0x5C, 0xFE, 0xD7, 0xEF, 0xAB,
  0xF5, 0x03, 0x69, 0x8F, 0x11, 0xE4, 0xE7, 0x2B, 0x9C, 0xDB,
  0x2D, 0xF8, 0xF6, 0xE9, 0x12, 0x28, 0xEC, 0x05, 0xF5, 0x37,
  0x51, 0xE2, 0xE4, 0x03, 0x12, 0xC0, 0x0C, 0x1D, 0xF5, 0x05,
  0xE2, 0x11, 0xE6, 0x4D, 0x56, 0x12, 0x1A, 0x0A, 0xDD, 0xEF,
  0xA0, 0xF4, 0x10, 0xD2, 0xDE, 0x37, 0x58, 0x36, 0x05, 0xD4,
  0x90, 0xF8, 0x0C, 0xBB, 0x3B, 0x0D, 0xB1, 0xC7, 0xDF, 0x1F,
  0xF9, 0xF8, 0x23, 0xD5, 0x23, 0x46, 0x49, 0xB5, 0x01, 0xCD,
  0x36, 0xF0, 0xA1, 0x0C, 0x33, 0xCF, 0x55, 0xC6, 0x7A, 0xF7,
  0xF7, 0xBA, 0x9E, 0x02, 0x11, 0x52, 0x55, 0x2E, 0xBD, 0xA5,
  0xBC, 0x2F, 0xBA, 0xDE, 0xDC, 0x81, 0xF8, 0x4F, 0xFB, 0xF5,
  0xEE, 0x15, 0x1D, 0xFE, 0x8F, 0x22, 0x30, 0x15, 0xFF, 0x50,
  0x7D, 0x20, 0x0B, 0xF2, 0xA3, 0x28, 0xED, 0x07, 0x04, 0x69,
  0x19, 0x03, 0xE2, 0x45, 0x1C, 0xED, 0x57, 0xD4, 0xC4, 0x41,
  0x6F, 0xE1, 0xDA, 0xC0, 0xF7, 0x51, 0xB3, 0xF5, 0x20, 0xE0,
  0x0C, 0x3E, 0x5D, 0x24, 0xF4, 0xC3, 0xAA, 0xD9, 0x5F, 0xFE,
  0xE3, 0xE6, 0xAA, 0xAB, 0xC0, 0x45, 0xEA, 0xDE, 0xE4, 0xD2,
  0x2C, 0x35, 0x67, 0xBE, 0x3A, 0x21, 0xD6, 0xF4, 0x05, 0xDB,
  0x06, 0xD3, 0xD7, 0x2C, 0x3B, 0xBB, 0xB2, 0x22, 0x23, 0xE3,
  0x51, 0xC2, 0xE0, 0xF0, 0xE8, 0xE3, 0x21, 0xFD, 0xCD, 0xDA,
  0x28, 0x0A, 0x18, 0x07, 0xEA, 0xC7, 0x4A, 0xEB, 0x07, 0xFC,
  0x81, 0x36, 0xD9, 0x2B, 0xAB, 0x0D, 0x03, 0x32, 0xDB, 0xF1,
  0xFC, 0x07, 0xBE, 0x14, 0x01, 0x07, 0x4E, 0xD5, 0x0B, 0x06,
  0xFA, 0x26, 0xE7, 0x2F, 0x32, 0xC6, 0xF3, 0xE8, 0x48, 0xEA,
  0xDD, 0xFE, 0xE5, 0x2C, 0xC5, 0x0B, 0xDA, 0x07, 0xF5, 0x1B,
  0x22, 0x3F, 0x36, 0x45, 0x17, 0xFC, 0x05, 0xCF, 0x04, 0x32,
  0xF9, 0xB6, 0x07, 0x2F, 0x07, 0xFB, 0x3D, 0xD0, 0x10, 0x43,
  0x4B, 0xFB, 0xF0, 0xE5, 0xE6, 0x60, 0xE4, 0x1F, 0xAF, 0xE3,
  0x09, 0xD5, 0x03, 0xF5, 0x09, 0x4C, 0xDD, 0xD5, 0x13, 0xBA,
  0x1D, 0xFC, 0x3E, 0x00, 0xB8, 0x34, 0x34, 0x19, 0x34, 0xF9,
  0x0A, 0x48, 0x2E, 0xF8, 0x01, 0xFB, 0x24, 0xFA, 0xD4, 0xDD,
  0xCB, 0x25, 0x47, 0xF8, 0xE0, 0xF0, 0xD9, 0x19, 0x46, 0xF6,
  0x01, 0xCE, 0x1D, 0x2C, 0xEE, 0xC7, 0x24, 0xFB, 0x2D, 0xEE,
  0xDE, 0x09, 0x07, 0xE5, 0xF2, 0xDC, 0x4F, 0xD1, 0xF9, 0x13,
  0x46, 0xF9, 0xB5, 0xFE, 0x21, 0xAA, 0x15, 0xE2, 0x0D, 0x33,
  0xF7, 0x0D, 0x3D, 0xE4, 0xC7, 0x2F, 0xF8, 0xF3, 0x15, 0x40,
  0x12, 0x0B, 0xEC, 0x18, 0xE4, 0x43, 0xEC, 0xD6, 0x03, 0xF0,
  0x2F, 0x25, 0xEE, 0x16, 0xB9, 0xF8, 0x50, 0x14, 0x53, 0x22,
  0x2A, 0x19, 0x43, 0x28, 0x45, 0xBF, 0xB3, 0x02, 0xDE, 0x00,
  0x0C, 0xF7, 0x4B, 0xAF, 0x0E, 0x71, 0x2A, 0x06, 0xCB, 0x95,
  0x13, 0xFB, 0x3F, 0xF8, 0x42, 0xF2, 0xF7, 0x03, 0xF5, 0x01,
  0x33, 0xEF, 0xEC, 0x02, 0x35, 0xF2, 0x2F, 0x3E, 0xA7, 0xEB,
  0xBE, 0xCC, 0x27, 0x44, 0x0C, 0x17, 0xEF, 0x03, 0x95, 0x13,
  0x21, 0xCE, 0x3A, 0xBE, 0x45, 0xD8, 0x22, 0x51, 0xF9, 0x0E,
  0x37, 0x01, 0x33, 0x0B, 0x1E, 0x3D, 0x10, 0xE6, 0xF8, 0xDE,
  0x23, 0x16, 0xE5, 0xF6, 0x13, 0xED, 0xEB, 0x24, 0xEC, 0xD2,
  0xB8, 0xDB, 0xE8, 0xC2, 0x0B, 0xFC, 0xF3, 0xF8, 0x0C, 0xFA,
  0xF9, 0xE3, 0x46, 0x24, 0xEA, 0xD4, 0x10, 0x0C, 0x16, 0x21,
  0xF5, 0xEF, 0x03, 0x2B, 0xDB, 0xF8, 0x27, 0x0A, 0xEA, 0xDB,
  0x10, 0xDA, 0xB9, 0xFC, 0x32, 0xBB, 0x0B, 0x0E, 0xF5, 0xFC,
  0x17, 0x23, 0xF9, 0xCF, 0x4A, 0x09, 0x34, 0xDD, 0xFD, 0x32,
  0x27, 0xCA, 0xDE, 0xD7, 0xF3, 0xEC, 0xD5, 0xD8, 0xF5, 0xF8,
  0xC8, 0x1A, 0xC5, 0xD2, 0x91, 0xF5, 0x33, 0xF4, 0xF8, 0xFE,
  0x32, 0xF3, 0xE5, 0x10, 0xCA, 0xDC, 0x38, 0xBD, 0xF8, 0xE5,
  0x0B, 0x16, 0x24, 0xEE, 0xC8, 0xC9, 0xF5, 0x08, 0x1C, 0xE7,
  0x28, 0xF1, 0x04, 0x0D, 0x02, 0x9A, 0x9E, 0xEC, 0x1F, 0x07,
  0xEE, 0xC8, 0x0E, 0xE7, 0x05, 0x13, 0xE9, 0xFC, 0x15, 0xFC,
  0x21, 0x05, 0xFC, 0x04, 0x21, 0xFA, 0x0F, 0xC2, 0x10, 0xE3,
  0x04, 0xF6, 0xFD, 0x1A, 0x17, 0x1A, 0xBD, 0xBD, 0x92, 0x2D,
  0x1B, 0xE5, 0xF4, 0x05, 0xF3, 0xE7, 0x14, 0xEF, 0x05, 0xE6,
  0x33, 0xD9, 0x1C, 0xED, 0xE0, 0xFD, 0x16, 0x13, 0xF7, 0x0A,
  0x37, 0x0D, 0x0A, 0xDE, 0xF9, 0x08, 0xE6, 0x0F, 0xEC, 0xD5,
  0x81, 0xDA, 0xFD, 0xC8, 0xD6, 0xFC, 0xFF, 0xDE, 0xFA, 0xD4,
  0xFC, 0xDF, 0x33, 0xE0, 0x17, 0xDE, 0x24, 0x14, 0x00, 0xDA,
  0xE8, 0x19, 0x02, 0xFA, 0xFE, 0xC5, 0xF1, 0x1E, 0xCA, 0xCC,
  0x16, 0xEF, 0x00, 0x0D, 0xEB, 0x04, 0x3D, 0x8E, 0xDB, 0xD3,
  0xEC, 0xF9, 0xFC, 0x19, 0x2A, 0xDB, 0x2E, 0x20, 0x8F, 0x2F,
  0xFF, 0xCB, 0xB5, 0xDB, 0x3A, 0x99, 0x2A, 0x5B, 0x00, 0xB4,
  0xFE, 0xFE, 0x00, 0xF6, 0xC2, 0x9B, 0xF8, 0x06, 0x14, 0xB2,
  0x16, 0xC5, 0x1C, 0x0B, 0x14, 0x27, 0xC5, 0xED, 0x1F, 0x2D,
  0xF3, 0x29, 0x47, 0xE7, 0x96, 0xCD, 0x0F, 0x81, 0xCE, 0x3A,
  0xD7, 0x23, 0xDC, 0xD7, 0xED, 0xBC, 0xF3, 0xF4, 0xE5, 0xFD,
  0x14, 0xBE, 0x01, 0x08, 0xEE, 0x3B, 0xCD, 0x18, 0x1F, 0x06,
  0x25, 0x1D, 0x15, 0x04, 0x41, 0xEF, 0x93, 0xD8, 0xD1, 0x06,
  0xD7, 0x6E, 0xC1, 0x03, 0x44, 0x00, 0xFF, 0x0C, 0xDC, 0xC7,
  0x2F, 0x26, 0x28, 0x92, 0xE4, 0xB4, 0x20, 0x07, 0x0D, 0x52,
  0x04, 0x0C, 0xBF, 0x23, 0xDA, 0xF5, 0xFA, 0x5C, 0xF6, 0xB6,
  0x12, 0xD7, 0x11, 0x03, 0xD3, 0x0C, 0x19, 0xEE, 0xA2, 0x04,
  0xC3, 0xB3, 0xEC, 0x0C, 0xC8, 0xBF, 0x46, 0x17, 0x34, 0xCC,
  0x33, 0x0C, 0xE2, 0x18, 0xD6, 0x10, 0x04, 0x04, 0xE1, 0xF4,
  0xC0, 0xB6, 0x1A, 0xDF, 0x3C, 0x7D, 0xD3, 0x14, 0x06, 0x08,
  0xCD, 0xD9, 0x32, 0x02, 0x0F, 0xE5, 0xD2, 0xA2, 0x45, 0xEA,
  0xE8, 0x30, 0x17, 0x54, 0x0D, 0x17, 0x3C, 0x0A, 0xBC, 0x31,
  0x05, 0xFB, 0x07, 0x04, 0x52, 0xD8, 0x07, 0xF8, 0xD1, 0x1B,
  0x13, 0x3E, 0x0E, 0x07, 0xF1, 0xE7, 0xE8, 0x13, 0x35, 0xE2,
  0xF5, 0xFF, 0x46, 0xF5, 0xC7, 0x23, 0x02, 0x52, 0x19, 0x37,
  0x24, 0x16, 0x41, 0x4D, 0xF0, 0xBB, 0x0D, 0xBB, 0x0A, 0x4A,
  0x17, 0x57, 0x25, 0x1B, 0xE1, 0xE7, 0x0A, 0x91, 0xD6, 0xE6,
  0x59, 0x0A, 0x0D, 0xD5, 0x4B, 0x12, 0xC9, 0xF8, 0x7F, 0x4A,
  0x27, 0x00, 0xFF, 0x0A, 0x28, 0x59, 0x02, 0x12, 0x15, 0xDF,
  0x0E, 0x01, 0x34, 0x34, 0xD5, 0xBB, 0xDF, 0x3F, 0x04, 0xB9,
  0x13, 0xBC, 0x2B, 0xC5, 0x0A, 0xEB, 0xE8, 0x1F, 0x92, 0xEA,
  0x14, 0xDB, 0xF7, 0xAF, 0x0D, 0x30, 0x1C, 0x18, 0xAE, 0xFC,
  0x0E, 0xB7, 0x9D, 0xF6, 0x24, 0xDB, 0x12, 0xC6, 0xAE, 0x2B,
  0x08, 0xD6, 0x0E, 0xE5, 0x0D, 0xF3, 0x1A, 0xD0, 0x12, 0x44,
  0x86, 0xD6, 0x37, 0xD5, 0x09, 0xB2, 0xAE, 0x10, 0xE1, 0xF5,
  0xBA, 0x12, 0xD3, 0x0F, 0xAA, 0x14, 0xF0, 0xDE, 0x17, 0x09,
  0xE5, 0xC6, 0xD4, 0xA4, 0x04, 0xF9, 0x13, 0xC0, 0x18, 0xBF,
  0x2D, 0x46, 0xAC, 0xC6, 0x17, 0xF8, 0x4D, 0xDF, 0xAF, 0x10,
  0x18, 0x08, 0x06, 0xE4, 0x05, 0x0F, 0xFD, 0xCF, 0xD5, 0x34,
  0x66, 0xB6, 0xAA, 0x28, 0xD3, 0xD0, 0x1F, 0xA1, 0x39, 0xDE,
  0xC2, 0xD5, 0x44, 0x11, 0xC0, 0xB9, 0x66, 0x18, 0x18, 0xA5,
  0x93, 0xFD, 0x07, 0x3F, 0xCD, 0x27, 0xCE, 0xB4, 0xC4, 0xE0,
  0x33, 0xE9, 0x27, 0xD4, 0xE2, 0xDE, 0x39, 0xF3, 0x27, 0xC6,
  0x12, 0xCA, 0x1D, 0x12, 0x3E, 0x07, 0xC7, 0xBF, 0x2A, 0xAD,
  0x2A, 0x9B, 0xDB, 0xF4, 0xCA, 0x18, 0xE2, 0x0A, 0xCB, 0xD6,
  0xCD, 0x1D, 0x1A, 0xFF, 0x0F, 0x28, 0x23, 0x16, 0x10, 0xB6,
  0xE3, 0x25, 0x0A, 0xC1, 0xF6, 0xFA, 0x1D, 0x44, 0xAF, 0xFF,
  0x65, 0xE3, 0x24, 0xE4, 0xDF, 0x25, 0x1D, 0xED, 0xC5, 0x1B,
  0x00, 0xE6, 0xE8, 0xFE, 0x09, 0x02, 0xF0, 0xFF, 0x30, 0x0B,
  0x13, 0xED, 0x1D, 0x17, 0xE1, 0xD7, 0x81, 0xFB, 0x1A, 0x22,
  0x24, 0x28, 0xC4, 0x40, 0xD2, 0xF1, 0x17, 0xCC, 0xCB, 0x01,
  0x27, 0x0D, 0x1F, 0xE1, 0xFB, 0x1F, 0xFB, 0xCF, 0xEE, 0x16,
  0x17, 0xF6, 0x08, 0x0A, 0xED, 0x26, 0x15, 0x13, 0xDE, 0x1E,
  0x1F, 0xFB, 0x34, 0x41, 0xFF, 0xF3, 0xE4, 0xEB, 0xFC, 0xE0,
  0xC9, 0x04, 0x23, 0x01, 0x2E, 0x07, 0x20, 0x43, 0xA6, 0xD5,
  0x05, 0x0E, 0x07, 0xF0, 0xCF, 0x02, 0xFB, 0x3F, 0xFD, 0x14,
  0xEA, 0xFF, 0xD0, 0xE6, 0x0C, 0x2D, 0xD8, 0xDA, 0xA6, 0x33,
  0xF6, 0xFA, 0xF2, 0x00, 0x40, 0x1D, 0xF1, 0xCE, 0xE1, 0x1D,
  0xDD, 0x29, 0xFE, 0xB5, 0xEB, 0xDC, 0xC3, 0xC4, 0xC6, 0x41,
  0x0F, 0xDC, 0xBB, 0xF4, 0xCE, 0xC7, 0xF1, 0x0B, 0xB9, 0x15,
  0xBC, 0x1F, 0xE6, 0xCD, 0xDC, 0xCB, 0xCD, 0x02, 0xDE, 0xE8,
  0xE9, 0xFC, 0xBE, 0x1C, 0x18, 0xDE, 0x17, 0x23, 0x06, 0xF9,
  0xEB, 0x15, 0x04, 0xF1, 0xA9, 0xEB, 0xC0, 0xF5, 0x57, 0x18,
  0x05, 0x3A, 0xE6, 0x43, 0xB5, 0xFF, 0xD2, 0xE9, 0xC4, 0xEF,
  0xBC, 0xCA, 0xC9, 0xCE, 0xBA, 0x06, 0x02, 0xE7, 0xFA, 0xCE,
  0x33, 0xF0, 0xD8, 0x10, 0xDF, 0xC1, 0xD7, 0xD1, 0x05, 0xF6,
  0x2F, 0x0D, 0xD5, 0x52, 0xF7, 0x3E, 0xBF, 0x1B, 0xCB, 0xE7,
  0xD1, 0xF1, 0xCC, 0xD5, 0xDE, 0xC5, 0xDD, 0xD7, 0x06, 0xFF,
  0xB3, 0xFC, 0x18, 0xF3, 0xFE, 0x3E, 0xBE, 0xDC, 0xF0, 0x1D,
  0x02, 0xD6, 0x3F, 0x36, 0xC9, 0x46, 0x24, 0x40, 0x0D, 0xF0,
  0xFC, 0x14, 0xCF, 0x21, 0x0B, 0xFE, 0x04, 0xCC, 0xCB, 0xF3,
  0xA9, 0x03, 0x07, 0xFD, 0xC1, 0xEE, 0xE3, 0x13, 0x50, 0xD1,
  0x08, 0xD7, 0xD0, 0x0E, 0xF1, 0x3F, 0xFE, 0x01, 0xC7, 0x4D,
  0xD6, 0xFA, 0xE6, 0x27, 0xE8, 0xCC, 0xFA, 0x06, 0x5D, 0x07,
  0xD1, 0xF4, 0xF3, 0x0E, 0x0B, 0x1A, 0xFB, 0xCB, 0xAB, 0x22,
  0x1C, 0xED, 0xEC, 0xF7, 0xCB, 0x2B, 0x10, 0x66, 0x06, 0x3A,
  0xF1, 0x1E, 0x0C, 0x1D, 0x10, 0x33, 0xC8, 0xB1, 0x00, 0xD8,
  0x31, 0xEC, 0xFD, 0xD6, 0xCD, 0xDD, 0xE1, 0x06, 0x05, 0xF7,
  0xC9, 0xD8, 0x24, 0xDA, 0xE9, 0x22, 0xD4, 0x07, 0xDD, 0x19,
  0xD9, 0x08, 0xDC, 0xDB, 0xE9, 0xDB, 0xEB, 0xF4, 0xB8, 0xAA,
  0xD4, 0x1D, 0xE3, 0x08, 0xA6, 0xCE, 0x81, 0xF1, 0xE7, 0xD0,
  0xF5, 0xEA, 0xF9, 0xE6, 0x12, 0xF0, 0x31, 0xD6, 0xDC, 0x15,
  0xE6, 0xF0, 0xA5, 0x1B, 0xFC, 0xC6, 0xC3, 0x0C, 0x0E, 0xF5,
  0xAB, 0x02, 0x1B, 0x1F, 0x0F, 0x28, 0xC2, 0xD3, 0xC5, 0xE3,
  0x09, 0xE7, 0xD3, 0x0F, 0xC8, 0x3F, 0xD9, 0xD0, 0x4F, 0xEB,
  0xFB, 0xFF, 0x1C, 0x35, 0xE0, 0x12, 0xCD, 0xFB, 0xFA, 0x11,
  0x2D, 0xCE, 0xCF, 0xB4, 0x2A, 0xD2, 0x39, 0x2B, 0xC0, 0xC6,
  0x0E, 0xFF, 0xE1, 0x2B, 0xFB, 0xDE, 0xBF, 0x11, 0x29, 0x04,
  0x13, 0xE6, 0x00, 0x03, 0xD4, 0xEB, 0xE7, 0x12, 0xE0, 0xCF,
  0xF9, 0x25, 0xCB, 0x2D, 0xAF, 0x05, 0xD0, 0xFA, 0xD3, 0x01,
  0xFE, 0xE8, 0xAB, 0xFE, 0xBB, 0x28, 0xC0, 0x04, 0xB1, 0xF5,
  0xFF, 0x10, 0x0D, 0xE6, 0xF5, 0xF6, 0xDC, 0x09, 0xF2, 0xEF,
  0xE5, 0x11, 0x18, 0xD6, 0xFD, 0xDD, 0xC2, 0xDC, 0xFC, 0x13,
  0xCA, 0xF7, 0x1D, 0xF3, 0xD5, 0x15, 0x20, 0xDE, 0xF7, 0x17,
  0x20, 0xE9, 0x0C, 0xF1, 0x46, 0xE9, 0x0D, 0xF3, 0x1A, 0x19,
  0xE6, 0x2C, 0x19, 0xEA, 0xE7, 0x28, 0x17, 0xE1, 0xC7, 0xFB,
  0x14, 0x25, 0xD1, 0xF9, 0xD7, 0x22, 0x16, 0xE7, 0x57, 0xD8,
  0xCB, 0xDF, 0x06, 0x0C, 0x1C, 0xFE, 0x02, 0xD6, 0xC6, 0x03,
  0x48, 0x10, 0x16, 0x02, 0x02, 0xE5, 0xCD, 0xFF, 0xCA, 0xEF,
  0xAE, 0xD8, 0x1A, 0xFA, 0xD8, 0x31, 0xB8, 0xCE, 0xCC, 0x20,
  0x3D, 0x0A, 0xDC, 0xEA, 0xE8, 0x23, 0xFB, 0xC0, 0x60, 0x0B,
  0xED, 0xFF, 0x33, 0x17, 0xD3, 0x33, 0xF7, 0xF9, 0xEB, 0x0F,
  0xFB, 0xF9, 0xBB, 0xDA, 0x00, 0xF0, 0xF5, 0x16, 0x0A, 0xE5,
  0xC5, 0x09, 0x2E, 0xBD, 0xE7, 0x11, 0xB5, 0xF9, 0x05, 0xF5,
  0x28, 0xE4, 0xFD, 0x0A, 0x0F, 0xF7, 0xFD, 0x00, 0x0F, 0x01,
  0x19, 0x11, 0xD4, 0xD2, 0xB1, 0xD0, 0x33, 0x01, 0x26, 0xFD,
  0x31, 0xDC, 0xE0, 0x21, 0x30, 0xFF, 0xC0, 0xD3, 0xBE, 0x28,
  0x03, 0xEB, 0x09, 0xF3, 0x0B, 0x18, 0x25, 0x0C, 0xE7, 0xF6,
  0x35, 0xE0, 0xF6, 0x05, 0x00, 0xD3, 0x81, 0x24, 0x0A, 0xE4,
  0x22, 0xFD, 0x07, 0xD1, 0xC7, 0x01, 0x26, 0xCC, 0xEE, 0xD9,
  0x0A, 0x1D, 0xF8, 0xFC, 0x2F, 0xD8, 0xD3, 0x1C, 0x22, 0x10,
  0xC2, 0xFD, 0x24, 0x0A, 0xD7, 0xEC, 0xE4, 0xD8, 0xC3, 0xC6,
  0xF7, 0xEF, 0x14, 0x0C, 0x05, 0xEF, 0xB7, 0xDC, 0x2F, 0x1C,
  0xE5, 0x03, 0x06, 0xFB, 0x25, 0xDD, 0x38, 0xC8, 0xE7, 0x03,
  0x1C, 0x19, 0xC4, 0x3E, 0x09, 0x32, 0xF8, 0xEE, 0x0D, 0xDD,
  0xD4, 0x23, 0x1A, 0x08, 0xFC, 0x2D, 0x2D, 0x30, 0xDD, 0xE5,
  0xF2, 0xFA, 0xFF, 0x16, 0xFF, 0xDD, 0xB2, 0xEB, 0xBB, 0xF8,
  0x1D, 0x81, 0x03, 0x29, 0xCD, 0xBB, 0xCC, 0x0F, 0x04, 0x8A,
  0xAF, 0xD3, 0xE6, 0xEA, 0x00, 0xBC, 0xF1, 0x52, 0xC8, 0xE3,
  0xF9, 0xB6, 0x05, 0xCB, 0x53, 0xCC, 0x2D, 0xD6, 0xE7, 0xF5,
  0xBC, 0x0C, 0x0B, 0xC2, 0x2C, 0x1E, 0xB0, 0x21, 0xD4, 0x08,
  0xED, 0xA5, 0xF2, 0x1F, 0xF0, 0xDB, 0x08, 0xAC, 0xE8, 0x24,
  0x03, 0xBB, 0x13, 0xF3, 0x2E, 0x0D, 0x52, 0xDD, 0x2F, 0xFF,
  0xC1, 0xD8, 0xD2, 0xE6, 0xF5, 0xE2, 0x23, 0x49, 0xCB, 0x12,
  0x12, 0x15, 0xF7, 0xBE, 0xBA, 0xD8, 0xE6, 0xFA, 0xF7, 0xCA,
  0xFC, 0x63, 0xDA, 0xE4, 0x0D, 0xEB, 0x04, 0xCE, 0x2A, 0xDB,
  0x06, 0x15, 0xBC, 0x34, 0xEF, 0xE3, 0xC8, 0xCA, 0x07, 0x14,
  0xDC, 0x15, 0xF3, 0x2E, 0x12, 0xD1, 0xBA, 0x21, 0xF9, 0xF4,
  0x0F, 0xBC, 0x1A, 0x76, 0xE3, 0x0F, 0xE1, 0xD2, 0x21, 0xF2,
  0x14, 0xD8, 0x1A, 0x02, 0xE7, 0xEE, 0xE1, 0xC5, 0xCA, 0xC1,
  0x06, 0x0E, 0x21, 0x13, 0xB3, 0x27, 0x21, 0xCE, 0xEA, 0xCD,
  0xEB, 0xEB, 0xF3, 0xD2, 0x02, 0x4B, 0xFF, 0x23, 0xB4, 0xCD,
  0xE2, 0xA1, 0x3B, 0x24, 0xFC, 0x24, 0xEA, 0xFF, 0xB2, 0xC7,
  0xCF, 0xD2, 0xCF, 0xFF, 0xD2, 0x06, 0x13, 0x0D, 0xD5, 0x06,
  0xE9, 0xF0, 0xF4, 0x22, 0xF6, 0xD9, 0xB4, 0x30, 0x14, 0x16,
  0xEA, 0xDE, 0xE7, 0xB6, 0x28, 0x26, 0xDC, 0xDC, 0xC2, 0xD9,
  0xEB, 0xD4, 0xF2, 0xD6, 0xCE, 0xF4, 0xDA, 0xCA, 0xD2, 0x11,
  0x1B, 0x17, 0x04, 0xDF, 0xD2, 0x03, 0xCD, 0xCF, 0xF0, 0xEE,
  0x25, 0x0F, 0x27, 0x5A, 0xFD, 0x09, 0x1C, 0x29, 0x03, 0x2E,
  0xC1, 0x4B, 0x55, 0x2F, 0x08, 0x9F, 0x5F, 0xFE, 0x2A, 0x0D,
  0xDA, 0x25, 0x51, 0xB6, 0xC1, 0x4B, 0xE3, 0xE5, 0x21, 0xB7,
  0xFF, 0x31, 0xDE, 0xBA, 0xFA, 0x28, 0x03, 0xE6, 0xE7, 0xE3,
  0x02, 0x40, 0xCF, 0xFA, 0x1E, 0xFC, 0x09, 0xCA, 0x3F, 0x20,
  0x1F, 0x3C, 0xA7, 0x33, 0x2E, 0xD6, 0x90, 0x0F, 0x0C, 0x19,
  0x0A, 0x16, 0x38, 0x58, 0xEF, 0xA3, 0xF2, 0xC7, 0xE6, 0xFA,
  0xE1, 0xD3, 0x17, 0x5B, 0x86, 0x20, 0xB0, 0x39, 0xFE, 0xB5,
  0x20, 0x0E, 0xDC, 0x03, 0xA9, 0x56, 0x09, 0xBE, 0xDB, 0xDD,
  0x0A, 0x32, 0xD1, 0x06, 0xE4, 0x34, 0xDB, 0xAD, 0xE1, 0x09,
  0x04, 0xAC, 0x08, 0xCD, 0xF4, 0x40, 0xBB, 0xF0, 0xC3, 0x2E,
  0x13, 0x88, 0x1B, 0x3D, 0xE6, 0xFB, 0xE6, 0x5A, 0x9E, 0xBA,
  0xBD, 0xE7, 0x01, 0x15, 0x04, 0xF5, 0xE8, 0xFA, 0xA5, 0x0C,
  0x33, 0x1B, 0x06, 0xEE, 0x09, 0xFD, 0xCE, 0x37, 0xD2, 0xCF,
  0xC6, 0x12, 0xD9, 0x8A, 0x35, 0x01, 0xD6, 0x1F, 0xDB, 0x63,
  0xEE, 0xEA, 0xB5, 0xC1, 0xC9, 0xFA, 0x00, 0xCC, 0xE7, 0x0B,
  0xF4, 0x23, 0x29, 0xC9, 0x0C, 0x14, 0x47, 0x0A, 0xB3, 0x7F,
  0xB3, 0xAF, 0x00, 0xDC, 0x9B, 0xD3, 0x29, 0x77, 0x02, 0x2C,
  0xCB, 0x05, 0x9C, 0xDA, 0xB7, 0xF7, 0x01, 0xF3, 0xF4, 0xD9,
  0xB9, 0xF0, 0x1E, 0xD6, 0xE2, 0x0D, 0x20, 0xEA, 0xEC, 0x12,
  0xD9, 0x6D, 0xAD, 0x0C, 0x06, 0xBA, 0xE1, 0xAA, 0x44, 0x1E,
  0xDB, 0x2E, 0xEC, 0xF0, 0x87, 0x10, 0xF0, 0x05, 0x0C, 0x1A,
  0xE4, 0x08, 0xBB, 0x34, 0xEC, 0x0D, 0x0A, 0x16, 0xE4, 0x0A,
  0x31, 0x17, 0xD6, 0xC3, 0x14, 0x08, 0xE0, 0xCE, 0xF8, 0x01,
  0xC3, 0x0F, 0x14, 0xAD, 0x20, 0xBA, 0xFD, 0x3A, 0x3D, 0x09,
  0xC5, 0xF9, 0x0E, 0x27, 0x1C, 0xF9, 0xF9, 0xD3, 0x2D, 0xF1,
  0xD1, 0xDC, 0xF2, 0xE8, 0xF7, 0xEF, 0x43, 0x23, 0xC8, 0xE8,
  0x01, 0x3C, 0xE0, 0xC7, 0xE9, 0xCD, 0x25, 0xEF, 0x1F, 0x3F,
  0x12, 0xF8, 0xEA, 0xEB, 0x00, 0xCF, 0x03, 0xA5, 0x46, 0x0E,
  0xD5, 0xEC, 0xC3, 0x0C, 0xEA, 0x0D, 0x0A, 0xF2, 0xD2, 0xC9,
  0xCE, 0xC4, 0x27, 0x0B, 0xD9, 0xB2, 0x49, 0xC1, 0x2C, 0xDD,
  0x22, 0x17, 0x02, 0xBA, 0xF8, 0x0D, 0xF7, 0xDB, 0xD3, 0x00,
  0x39, 0x16, 0xC6, 0x03, 0xCF, 0xED, 0xF1, 0xEA, 0xF9, 0xA7,
  0xD8, 0x2D, 0xD9, 0xEE, 0x11, 0xD5, 0xB6, 0xA5, 0x47, 0xE8,
  0x04, 0x81, 0x1E, 0x26, 0xD1, 0xF4, 0xF5, 0xDC, 0xDA, 0x04,
  0x0D, 0xB3, 0x04, 0x27, 0x0A, 0xF9, 0xDD, 0xE0, 0x21, 0xEC,
  0xE6, 0xD4, 0x0C, 0x2F, 0x22, 0xEE, 0x04, 0xE2, 0xAB, 0xE4,
  0x20, 0xA4, 0xEA, 0x8A, 0xDE, 0x16, 0xC8, 0x06, 0xDE, 0x05,
  0x23, 0x29, 0xC8, 0x05, 0x17, 0x1F, 0x38, 0x00, 0xE2, 0x0A,
  0xDF, 0x25, 0x18, 0xF4, 0xB8, 0xED, 0xD1, 0xD8, 0x0A, 0xEF,
  0xBC, 0xA0, 0x16, 0xCA, 0xFC, 0xA4, 0x3A, 0xF8, 0xCF, 0xF7,
  0xE5, 0x14, 0x13, 0x29, 0x28, 0xD2, 0x10, 0x37, 0xEC, 0x43,
  0x39, 0xCF, 0x45, 0x25, 0x35, 0xE4, 0xCF, 0xFF, 0xC7, 0x06,
  0x39, 0x29, 0x3F, 0x02, 0xF8, 0xED, 0x18, 0xEB, 0x57, 0x01,
  0x08, 0x1E, 0x13, 0x3A, 0x2A, 0x26, 0xEB, 0xC4, 0x35, 0x3D,
  0xE5, 0xBF, 0x03, 0xF0, 0xFE, 0xE4, 0x01, 0xB7, 0xEF, 0x23,
  0xAB, 0xC5, 0xC5, 0xFF, 0xBA, 0x16, 0xDF, 0x91, 0xC1, 0xB0,
  0xD8, 0x0F, 0x01, 0xE2, 0x21, 0xEA, 0xC5, 0xFD, 0xFC, 0xD7,
  0x66, 0xC2, 0xFD, 0xED, 0xDE, 0x21, 0x13, 0xE4, 0xF6, 0xE7,
  0x41, 0x1F, 0x36, 0xE0, 0xC3, 0x0A, 0x20, 0xBD, 0x9E, 0xD7,
  0xC0, 0xF9, 0xF5, 0x3D, 0xD8, 0xAB, 0xE4, 0xA7, 0xE5, 0x05,
  0xF9, 0xC9, 0x25, 0x9A, 0x09, 0x18, 0x85, 0x0C, 0x34, 0x3B,
  0x1E, 0xC2, 0x41, 0x01, 0xF5, 0xF7, 0x08, 0xB9, 0xFB, 0xF4,
  0xBD, 0xFC, 0xB2, 0xC7, 0x00, 0x24, 0x33, 0xB9, 0x0E, 0xFF,
  0x29, 0xDF, 0xD4, 0x8E, 0x04, 0xC1, 0x26, 0x1C, 0x81, 0x15,
  0x21, 0xEB, 0xB9, 0xC1, 0xF6, 0xED, 0x13, 0x08, 0xE7, 0x08,
  0xD2, 0x96, 0xE7, 0xC9, 0x27, 0xC2, 0x38, 0x33, 0xD1, 0xE2,
  0xF4, 0xF8, 0xFD, 0xF9, 0x35, 0xC2, 0x46, 0xE6, 0xCE, 0x07,
  0x9E, 0x24, 0xEF, 0xE1, 0xE0, 0x8D, 0xCA, 0x43, 0x12, 0x09,
  0xE5, 0xFC, 0x04, 0xB0, 0xFC, 0xD4, 0xE3, 0xC8, 0x1F, 0x34,
  0xE0, 0x0C, 0xEF, 0xCC, 0x04, 0xF6, 0x21, 0xDB, 0x24, 0x0E,
  0xE4, 0x05, 0xB7, 0xCC, 0x08, 0x3A, 0xBB, 0x8F, 0xDC, 0x3D,
  0xF6, 0xB1, 0x36, 0xE3, 0xF5, 0xD3, 0xE8, 0xB3, 0xDF, 0x9B,
  0x2F, 0x07, 0xCA, 0xD5, 0x22, 0xDB, 0x3C, 0xE2, 0x28, 0xB7,
  0x6E, 0x15, 0xC6, 0x12, 0xD2, 0xE6, 0x23, 0x30, 0x3B, 0xEB,
  0xFD, 0x05, 0xB8, 0xD9, 0x19, 0x22, 0x03, 0x97, 0x13, 0x93,
  0x1C, 0x05, 0x5D, 0xC8, 0x31, 0xC4, 0xD6, 0x2D, 0x03, 0xF1,
  0x26, 0xB5, 0x52, 0x17, 0xEF, 0xCB, 0xF3, 0xCD, 0xF8, 0xDB,
  0x01, 0x9F, 0xE9, 0x16, 0xB4, 0x06, 0xF7, 0x26, 0x3C, 0x7F,
  0xD1, 0xDE, 0x3F, 0x72, 0x2D, 0x19, 0xFE, 0xAE, 0xBD, 0xCE,
  0x14, 0x95, 0x1E, 0xF3, 0x20, 0x33, 0x25, 0xFA, 0xD6, 0x24,
  0x2D, 0xB5, 0x0F, 0xE1, 0xC5, 0xD4, 0xCD, 0xB0, 0xD1, 0xD5,
  0x3D, 0x75, 0xA5, 0x27, 0x14, 0x09, 0xDB, 0xB9, 0x0D, 0xC1,
  0x00, 0xF1, 0xA5, 0xD7, 0xB4, 0x31, 0xF0, 0xC0, 0xCE, 0x06,
  0xB3, 0xF1, 0x1E, 0xFA, 0x1E, 0xFF, 0x25, 0x1B, 0x1D, 0xF1,
  0xDD, 0x0C, 0x25, 0x48, 0xF2, 0xED, 0x08, 0xF0, 0xF3, 0xF5,
  0xC6, 0xEE, 0x0C, 0x1B, 0xE9, 0xDF, 0xDF, 0xEC, 0xFA, 0xCB,
  0x0A, 0xB9, 0x10, 0x35, 0x05, 0xF2, 0xEC, 0x2A, 0xB0, 0x57,
  0x13, 0x0A, 0x3A, 0xF8, 0x04, 0x5C, 0x13, 0xE4, 0x27, 0x4C,
  0x0C, 0x36, 0xE7, 0xB9, 0x0B, 0xB3, 0xAB, 0x0B, 0xA4, 0xE9,
  0xEB, 0x17, 0x1A, 0x1A, 0xEE, 0xF2, 0xE5, 0x38, 0xDA, 0x0C,
  0x30, 0xF5, 0xC5, 0xB1, 0x00, 0xEB, 0x2B, 0x2D, 0xFA, 0xFC,
  0xB3, 0x0A, 0x30, 0xD4, 0xF2, 0xF6, 0x05, 0xFA, 0xB0, 0x01,
  0xB2, 0xD5, 0x1A, 0xE3, 0xAB, 0xF0, 0xD1, 0xDA, 0xFF, 0x13,
  0x34, 0x0E, 0x03, 0x75, 0xA4, 0xB4, 0xCD, 0x08, 0x5B, 0x08,
  0xBC, 0xFA, 0xB9, 0x37, 0x0F, 0x22, 0xF3, 0xF8, 0xD9, 0xB0,
  0xCB, 0xCF, 0x8F, 0xA3, 0x3A, 0xC9, 0xE7, 0xBD, 0x0B, 0x54,
  0x4E, 0xC2, 0xCE, 0xAF, 0xC5, 0x2A, 0x0A, 0xB5, 0xEC, 0xE7,
  0x36, 0x3F, 0xD8, 0x24, 0xDD, 0xE7, 0xC8, 0xB9, 0x25, 0x8C,
  0x18, 0xEE, 0x26, 0x38, 0xAB, 0xFF, 0x19, 0xB6, 0xD7, 0xB9,
  0xD8, 0xCC, 0x68, 0x0E, 0xE8, 0xC0, 0xEC, 0xE9, 0x0E, 0xE3,
  0x07, 0xED, 0xE9, 0x9B, 0xF2, 0xE3, 0x1A, 0x12, 0x2E, 0x23,
  0xF3, 0x31, 0x4C, 0x04, 0xE8, 0x02, 0xDC, 0xF8, 0x6F, 0xC9,
  0x0D, 0xD9, 0xF2, 0xE1, 0x02, 0x18, 0x11, 0xB8, 0x34, 0x2A,
  0x3D, 0x26, 0xDF, 0xCF, 0x98, 0x81, 0x04, 0x99, 0x3D, 0x97,
  0xF8, 0xEF, 0x1D, 0x43, 0xEA, 0xDB, 0x27, 0x34, 0x0D, 0x0E,
  0x43, 0x0C, 0xF2, 0x23, 0xEC, 0xBE, 0x35, 0x02, 0xE1, 0xBA,
  0x47, 0x0B, 0xF9, 0x07, 0x1B, 0xDD, 0xD3, 0xAC, 0x33, 0xAA,
  0x20, 0xDA, 0xD6, 0xE8, 0x02, 0x04, 0xFE, 0x04, 0xC7, 0xDD,
  0xB9, 0x1D, 0xF9, 0x0A, 0x4A, 0x0B, 0xBB, 0x16, 0x04, 0xF5,
  0x3C, 0xC2, 0x0B, 0xD3, 0x1A, 0x22, 0xCD, 0xE4, 0x88, 0x8E,
  0xE3, 0xAE, 0x0F, 0xAB, 0xEC, 0xFF, 0xD7, 0x21, 0x0C, 0x47,
  0x15, 0xF0, 0x20, 0x21, 0x4E, 0x37, 0x58, 0xD8, 0x97, 0x06,
  0x04, 0x14, 0x13, 0xA5, 0x02, 0x13, 0xF9, 0x02, 0xEC, 0x28,
  0xD9, 0x86, 0xDD, 0x85, 0xF7, 0xD4, 0xFB, 0xFF, 0xB4, 0x31,
  0x02, 0xDC, 0x09, 0xFF, 0xF2, 0xFD, 0x05, 0x45, 0x09, 0xFB,
  0x06, 0xFB, 0x0F, 0xCD, 0x65, 0xB3, 0x2B, 0x33, 0x2B, 0x25,
  0xFE, 0x40, 0x0E, 0xB6, 0xFA, 0xEE, 0x15, 0xD0, 0x36, 0x49,
  0xB7, 0xF7, 0xF9, 0x30, 0xF9, 0x3E, 0x11, 0xD2, 0x2F, 0x2A,
  0x4D, 0x39, 0x1F, 0xD4, 0x16, 0x47, 0x59, 0xDD, 0x1C, 0x25,
  0x3F, 0x47, 0x47, 0x21, 0x2A, 0xD7, 0x57, 0xD3, 0x39, 0xD9,
  0x5C, 0x2B, 0x11, 0x50, 0xE6, 0x21, 0xE9, 0x2C, 0xEA, 0x37,
  0x17, 0x4F, 0xD8, 0xFA, 0x0D, 0xF9, 0x92, 0xE3, 0xD6, 0xED,
  0x0D, 0xE7, 0x16, 0xC7, 0x81, 0xFF, 0xFE, 0x44, 0xC3, 0xAE,
  0xF5, 0x10, 0xEA, 0xE4, 0xD8, 0xF3, 0xD4, 0xAA, 0xD5, 0xE6,
  0x3B, 0xDE, 0xAA, 0x83, 0xDD, 0xC1, 0xE7, 0x29, 0xDA, 0xF5,
  0xE0, 0x11, 0x03, 0xC7, 0x37, 0x24, 0xE1, 0xF2, 0xC1, 0x1B,
  0x0A, 0xF0, 0xDE, 0x39, 0x18, 0xC6, 0x35, 0x0B, 0xD2, 0x1A,
  0xB2, 0xED, 0xF2, 0xC3, 0xC4, 0x9F, 0xCB, 0x1E, 0x21, 0xD0,
  0x04, 0xF1, 0xBA, 0xF0, 0xE2, 0xA3, 0x1E, 0xF3, 0xDD, 0x1E,
  0x21, 0x15, 0x0B, 0x12, 0xE0, 0x0B, 0xE5, 0xFE, 0x19, 0xB0,
  0xD8, 0xC0, 0xCF, 0x14, 0x31, 0x08, 0xE2, 0xAA, 0xC4, 0x10,
  0xBD, 0x1F, 0xDB, 0x0E, 0xB6, 0xCA, 0xCC, 0xD3, 0x1B, 0xFF,
  0xCC, 0xEE, 0x10, 0xF0, 0xEC, 0xC8, 0x10, 0x16, 0x21, 0x0F,
  0xFB, 0xC0, 0xCF, 0xA5, 0x05, 0x22, 0xE9, 0x00, 0x05, 0x9E,
  0xDF, 0x1A, 0xDE, 0xE3, 0xE8, 0xE0, 0xE9, 0xB5, 0xD7, 0xB8,
  0x3A, 0xF9, 0xEE, 0x1A, 0xE3, 0x19, 0xF9, 0xCB, 0xEE, 0xDE,
  0xED, 0x15, 0x32, 0x0A, 0xD3, 0x22, 0xD8, 0x3A, 0xF6, 0xFB,
  0xE9, 0xB7, 0xD6, 0xF1, 0xE0, 0x2A, 0xCD, 0x36, 0xC5, 0xA3,
  0x02, 0xF1, 0x1D, 0xFC, 0xDE, 0xFB, 0xF0, 0xDC, 0xF2, 0xF6,
  0xEF, 0x0B, 0xE9, 0x17, 0x09, 0xC1, 0xBE, 0xAE, 0xFA, 0xCC,
  0xFC, 0x0C, 0xD6, 0xE2, 0xF0, 0x2E, 0xD4, 0x36, 0xCB, 0x01,
  0x06, 0xC1, 0x21, 0xE2, 0xDA, 0xF0, 0xB3, 0x3F, 0xA6, 0xDD,
  0x1B, 0xF2, 0xEC, 0xE5, 0x3B, 0x01, 0x00, 0x23, 0x9B, 0xD0,
  0xE0, 0xF1, 0x2D, 0xFE, 0xCF, 0xC2, 0x1B, 0xF8, 0xE6, 0x28,
  0xEB, 0x09, 0xDA, 0x14, 0x41, 0xE4, 0x57, 0x3B, 0xC2, 0x27,
  0xA8, 0xD5, 0x1D, 0xCF, 0x1F, 0xF4, 0xD4, 0x33, 0x06, 0x07,
  0xE5, 0xF0, 0xE3, 0x08, 0x1D, 0x03, 0x08, 0x21, 0xD3, 0xD5,
  0xD4, 0xFC, 0x2B, 0xCD, 0x05, 0x0A, 0x39, 0x0F, 0x44, 0x15,
  0xDB, 0x1C, 0xC6, 0xC7, 0x30, 0xDD, 0xE7, 0xF5, 0xF6, 0x14,
  0xE4, 0x20, 0x17, 0xC3, 0x18, 0x0A, 0x14, 0x04, 0x1A, 0x15,
  0xE4, 0xF5, 0xE8, 0x10, 0xE4, 0x0C, 0x4C, 0xF4, 0x16, 0xC2,
  0x02, 0xF7, 0xD9, 0xFD, 0xC3, 0xBF, 0xFC, 0x05, 0x24, 0xA6,
  0x10, 0xCA, 0x31, 0xDC, 0xE5, 0x0B, 0xEA, 0xE3, 0xEF, 0xE5,
  0xD3, 0x16, 0x46, 0xFD, 0xB1, 0xE5, 0x09, 0xF5, 0x3C, 0xBC,
  0x09, 0xE3, 0xF8, 0xDA, 0xD8, 0x0A, 0xDE, 0x81, 0xF1, 0xD2,
  0x36, 0x91, 0xE2, 0xDE, 0xDB, 0x24, 0xD2, 0x09, 0xEB, 0x01,
  0xBE, 0xF3, 0xFF, 0xDD, 0x29, 0x2F, 0x8F, 0xEF, 0x28, 0xDC,
  0x4A, 0xD9, 0xD3, 0xC9, 0x45, 0xB8, 0x21, 0x09, 0xBC, 0x81,
  0x19, 0xD9, 0x2D, 0xB5, 0x01, 0xED, 0xDA, 0xD5, 0xE6, 0xE2,
  0x05, 0xD4, 0xCE, 0xD7, 0xD7, 0x38, 0x57, 0x05, 0xC7, 0x44,
  0xFB, 0xD5, 0x17, 0xC2, 0xF8, 0x27, 0x0F, 0xE9, 0x22, 0x58,
  0xF1, 0xB2, 0x59, 0xF2, 0x40, 0xB7, 0x13, 0xDD, 0x0D, 0xC8,
  0xCE, 0x2E, 0xFD, 0x1A, 0xFE, 0xB9, 0xF1, 0x32, 0x65, 0x52,
  0x21, 0x14, 0x08, 0x0F, 0x39, 0xEE, 0x19, 0x07, 0x41, 0xE0,
  0x0F, 0x41, 0x1F, 0xDC, 0x4E, 0xE4, 0x24, 0xBD, 0x07, 0x3D,
  0xFC, 0x39, 0xBB, 0x2E, 0x08, 0x2B, 0xF3, 0xEF, 0xF1, 0x3C,
  0xFD, 0x2B, 0xD4, 0xB5, 0x55, 0xE5, 0x52, 0xD6, 0xC3, 0x12,
  0x1A, 0x3A, 0x4B, 0x38, 0xF6, 0x2B, 0x28, 0xA9, 0x0C, 0xC8,
  0xF8, 0xE9, 0x39, 0xF2, 0x13, 0x3A, 0xC1, 0xF4, 0x12, 0x5D,
  0xF7, 0x62, 0xFB, 0x9E, 0x56, 0x13, 0xBB, 0x15, 0xCC, 0x14,
  0xD1, 0x05, 0xB0, 0xE6, 0x5A, 0xF6, 0xDA, 0x72, 0x24, 0x8C,
  0x0C, 0x3E, 0x1B, 0x18, 0xBD, 0x33, 0x30, 0x47, 0xF4, 0x42,
  0x27, 0x07, 0x02, 0x19, 0xD3, 0xDD, 0x9D, 0x26, 0x35, 0x0E,
  0xCF, 0xDF, 0xF2, 0xF3, 0xE7, 0xC0, 0x16, 0xD4, 0x09, 0x3E,
  0x30, 0xF6, 0xCA, 0x1E, 0xD7, 0xDC, 0xC0, 0x5F, 0xA7, 0xD0,
  0x0E, 0x0A, 0x2C, 0x45, 0x26, 0xD6, 0x0C, 0xF7, 0x30, 0x22,
  0x03, 0x05, 0x1E, 0x48, 0xF4, 0x0F, 0xA4, 0x5F, 0x34, 0x29,
  0x3B, 0x57, 0xBE, 0x0B, 0x00, 0x20, 0x43, 0x6C, 0xE6, 0x26,
  0xED, 0x48, 0x22, 0x2D, 0x11, 0x30, 0x58, 0xD5, 0x14, 0xEF,
  0xF0, 0xDB, 0x3B, 0xD4, 0xD9, 0x2C, 0x28, 0xED, 0xEF, 0xEF,
  0xDA, 0xEF, 0x08, 0x64, 0x8B, 0xBA, 0x1F, 0x14, 0x4C, 0x6B,
  0xF2, 0x1F, 0x43, 0xC6, 0x1C, 0xF6, 0x62, 0xE4, 0x2C, 0x0D,
  0xD1, 0x06, 0xE3, 0xDB, 0x39, 0x2D, 0x1A, 0xFE, 0xF6, 0x0A,
  0x14, 0x47, 0x4B, 0x2A, 0x4B, 0x2B, 0x98, 0xF7, 0xBF, 0xD5,
  0xF3, 0x01, 0x19, 0x38, 0x54, 0x17, 0xC8, 0x1B, 0x68, 0xF4,
  0xC7, 0xA5, 0xDF, 0x2F, 0xDD, 0xC4, 0xD1, 0xEE, 0x58, 0x63,
  0x0B, 0x27, 0x12, 0xEB, 0xC0, 0x15, 0x19, 0xF3, 0xCC, 0xDC,
  0x9C, 0x56, 0x00, 0x4D, 0x86, 0x68, 0x7F, 0x41, 0x56, 0x0F,
  0xE1, 0xC0, 0x2B, 0x02, 0x08, 0x1B, 0xF7, 0xD4, 0x0F, 0xE6,
  0xCF, 0xEA, 0xF1, 0xD8, 0xDF, 0xEC, 0x28, 0xF4, 0x04, 0x13,
  0xE0, 0x22, 0x0C, 0x25, 0x28, 0x0B, 0x0B, 0x06, 0x38, 0x12,
  0x0C, 0xFF, 0xE2, 0xA2, 0x38, 0x12, 0x32, 0x0D, 0x37, 0xE3,
  0x0D, 0x13, 0x2F, 0x0A, 0x31, 0xE2, 0xDD, 0xB8, 0xCA, 0x2F,
  0xF6, 0xD2, 0x0C, 0x16, 0x30, 0x13, 0x3E, 0x20, 0x18, 0xDC,
  0x1D, 0x20, 0x03, 0x24, 0xB6, 0xD2, 0x00, 0xE9, 0x03, 0x1C,
  0x19, 0xAD, 0x21, 0x24, 0xDB, 0x0F, 0xC8, 0xD5, 0x28, 0xD3,
  0xFB, 0x09, 0xDB, 0xC0, 0xCE, 0x25, 0x20, 0xF4, 0xF5, 0x2D,
  0x17, 0xFC, 0x02, 0x12, 0x38, 0xB9, 0xF2, 0xB4, 0xE5, 0xFB,
  0xCE, 0x34, 0x32, 0xF9, 0xCB, 0xFC, 0xEF, 0xFF, 0xDE, 0xC7,
  0xFB, 0xF7, 0x01, 0xF3, 0xD9, 0xDD, 0xFA, 0x3F, 0x16, 0xED,
  0x33, 0xDE, 0x18, 0x0D, 0x30, 0x2D, 0x2A, 0x08, 0xFD, 0x81,
  0x06, 0x3B, 0x40, 0x33, 0xCF, 0xD5, 0xE1, 0x45, 0xDE, 0x3D,
  0xED, 0xCC, 0xF8, 0x00, 0x00, 0x1F, 0x24, 0xDF, 0x00, 0x31,
  0x2F, 0xEB, 0xFC, 0x3E, 0x17, 0x09, 0x12, 0xCD, 0x0F, 0x1F,
  0x26, 0xE6, 0xE1, 0x1E, 0x1D, 0xE4, 0xDF, 0xCE, 0xEC, 0x0C,
  0x19, 0x31, 0xD7, 0x20, 0xED, 0x43, 0x2F, 0xE7, 0x1D, 0x3A,
  0x1E, 0x0C, 0x56, 0xEE, 0xC3, 0xFE, 0xC9, 0x27, 0xC0, 0xC2,
  0xB2, 0xCB, 0xDA, 0x0E, 0xCD, 0x31, 0x2A, 0x1C, 0xF7, 0x2C,
  0xF5, 0x0F, 0xF6, 0x2C, 0x29, 0x26, 0x45, 0xB1, 0xE9, 0x00,
  0xE1, 0xFC, 0x43, 0x32, 0xFC, 0xC4, 0x15, 0xE8, 0x16, 0xE8,
  0x18, 0xEE, 0xC9, 0x01, 0xDA, 0x1B, 0xE9, 0xB7, 0x32, 0x20,
  0xEA, 0x10, 0x12, 0x05, 0x42, 0xF4, 0x23, 0x2E, 0x4D, 0xEF,
  0xF0, 0xF2, 0xF5, 0x0A, 0x34, 0x25, 0x07, 0xEB, 0x29, 0x03,
  0xF7, 0x29, 0x5F, 0x27, 0x0F, 0x3E, 0x02, 0x0E, 0x11, 0x4A,
  0xF6, 0x03, 0x0C, 0x08, 0x2B, 0x21, 0xF9, 0x0C, 0x01, 0x10,
  0xFE, 0x34, 0x38, 0xBF, 0xF3, 0xFD, 0x4D, 0xF2, 0xD9, 0x0F,
  0x25, 0x10, 0x2A, 0x4C, 0x31, 0x35, 0x28, 0x2A, 0x21, 0x03,
  0x3C, 0x01, 0x04, 0x1D, 0x0D, 0x01, 0x35, 0x22, 0x33, 0x09,
  0xE2, 0x0E, 0x2F, 0xF9, 0x1C, 0x98, 0xF0, 0x12, 0x52, 0x12,
  0x11, 0x12, 0xFC, 0xF4, 0xEF, 0x12, 0x2F, 0x2A, 0x15, 0x11,
  0x00, 0x08, 0x1E, 0xFC, 0xF5, 0x0A, 0x1D, 0x29, 0xFA, 0xF4,
  0x2B, 0xE5, 0xEA, 0x18, 0x27, 0x0D, 0xDB, 0xA9, 0xD7, 0x1B,
  0x4A, 0x15, 0xDD, 0x08, 0x14, 0xBB, 0xEE, 0x43, 0x22, 0x0C,
  0x13, 0xF5, 0xEE, 0x3B, 0x14, 0x3C, 0xFA, 0xE7, 0x1B, 0x05,
  0x46, 0xFA, 0x21, 0x23, 0xE5, 0xF1, 0x06, 0x1C, 0xF4, 0x94,
  0xDF, 0x03, 0x35, 0x13, 0xC0, 0xD4, 0x21, 0xBC, 0x19, 0x3D,
  0x57, 0xFD, 0x2A, 0xE0, 0xE3, 0x44, 0x0E, 0x15, 0xED, 0x04,
  0xEC, 0x2E, 0x2A, 0xFE, 0x0A, 0x06, 0xEB, 0xF7, 0x46, 0x07,
  0xF6, 0x81, 0xDD, 0x0C, 0xEC, 0xFE, 0xE9, 0xED, 0xED, 0xAB,
  0x15, 0x13, 0x28, 0x08, 0x1B, 0xF4, 0x03, 0x18, 0x2C, 0xC4,
  0x2D, 0xEE, 0xDA, 0x07, 0x36, 0x1A, 0x05, 0x0A, 0x00, 0x16,
  0x2E, 0x19, 0x02, 0xA1, 0x0C, 0x11, 0x01, 0xD0, 0xD9, 0xD5,
  0x27, 0xC3, 0xF9, 0x14, 0x4F, 0x1E, 0x22, 0xF3, 0x0F, 0xF5,
  0x49, 0xE9, 0x74, 0xEC, 0x28, 0x49, 0x65, 0xDF, 0xF1, 0x5E,
  0xF6, 0xD0, 0x3E, 0xD9, 0xED, 0xEF, 0x29, 0x25, 0x3D, 0x14,
  0x0E, 0x08, 0xFA, 0xD6, 0xFA, 0x01, 0x50, 0x39, 0xF0, 0xE4,
  0x37, 0x41, 0x20, 0x61, 0x07, 0xDE, 0x1B, 0x0A, 0x1A, 0x47,
  0x31, 0x53, 0xAF, 0xFD, 0x3A, 0xE1, 0xEF, 0xE6, 0x1C, 0xEE,
  0x33, 0xF4, 0xDE, 0xFC, 0xEB, 0x00, 0x11, 0x55, 0x1A, 0x58,
  0x55, 0xF1, 0x46, 0x09, 0x29, 0xE5, 0x4B, 0x2D, 0x2E, 0xEC,
  0x6A, 0x24, 0x2A, 0x4D, 0xA8, 0x3F, 0x24, 0x34, 0x32, 0xCB,
  0x2C, 0x10, 0x2C, 0x0F, 0xD7, 0x1F, 0x37, 0x05, 0xEF, 0x3C,
  0x10, 0x2C, 0x38, 0x25, 0xCF, 0x28, 0x6D, 0xDB, 0xCB, 0xF9,
  0xE8, 0xF0, 0x54, 0x2C, 0x4E, 0x2D, 0xFF, 0x18, 0x1C, 0xEF,
  0xCF, 0xBC, 0x1C, 0xBF, 0x6D, 0xF2, 0xBD, 0xD7, 0xF2, 0xF2,
  0xE9, 0xFB, 0x6A, 0x64, 0xFA, 0x2A, 0xB1, 0x4F, 0x48, 0xFB,
  0x3B, 0x42, 0xF1, 0x08, 0x0F, 0xDC, 0xEB, 0x47, 0xFB, 0x07,
  0xF5, 0x24, 0xBB, 0x9D, 0x3F, 0xB1, 0x48, 0x13, 0xB6, 0x0B,
  0x03, 0xFC, 0xB7, 0x48, 0x61, 0xE1, 0xD9, 0x0E, 0xBC, 0x2E,
  0xF4, 0xF7, 0xD9, 0x10, 0xC5, 0x1B, 0x3E, 0x36, 0x29, 0xFD,
  0x00, 0xC1, 0x27, 0xDC, 0xE3, 0x81, 0x14, 0x9D, 0xE9, 0xEE,
  0xCF, 0xBF, 0x3B, 0xDC, 0xE0, 0x3C, 0x69, 0x10, 0x36, 0x06,
  0xF9, 0x38, 0x00, 0xF3, 0x1A, 0xFF, 0xD3, 0xED, 0x32, 0x16,
  0x2F, 0x12, 0xDC, 0x24, 0x55, 0x0F, 0x31, 0xD2, 0xF5, 0xA5,
  0xE4, 0x20, 0xF5, 0x2D, 0x14, 0xE6, 0xC1, 0x3D, 0x4C, 0x13,
  0x27, 0x17, 0x2E, 0xED, 0x28, 0xD5, 0xF0, 0xDD, 0x41, 0xD3,
  0xB7, 0xB9, 0x27, 0x29, 0xFD, 0x04, 0x81, 0xF4, 0x2C, 0x5B,
  0x68, 0x48, 0x05, 0xFC, 0x07, 0x04, 0x27, 0x12, 0x27, 0xEF,
  0xEA, 0x9B, 0x18, 0xF5, 0x41, 0xC7, 0xE9, 0xFA, 0x0B, 0xF2,
  0x48, 0x38, 0xCE, 0xEF, 0x11, 0x12, 0x21, 0x01, 0xA0, 0x28,
  0x01, 0x21, 0x29, 0xFE, 0xDD, 0xFF, 0x05, 0x1E, 0x02, 0x18,
  0xED, 0xD6, 0x39, 0xDE, 0x18, 0xC5, 0x07, 0x08, 0xD3, 0x2C,
  0xC7, 0x06, 0xCC, 0x1D, 0xD4, 0xD7, 0xE4, 0x2A, 0x0F, 0xE4,
  0xE5, 0xD3, 0xF6, 0xDF, 0x3D, 0x34, 0xDB, 0x06, 0xE4, 0x25,
  0xD1, 0x32, 0xCE, 0xAB, 0x1A, 0x15, 0xEB, 0x15, 0x29, 0x0E,
  0xCB, 0xCE, 0x09, 0xB8, 0x29, 0xC8, 0x02, 0xFE, 0xF3, 0x1E,
  0x12, 0x37, 0x0B, 0x03, 0xF5, 0xE6, 0x18, 0xE3, 0x3D, 0xDA,
  0x11, 0x23, 0xFE, 0x1E, 0xD5, 0xB3, 0x23, 0xEF, 0xEA, 0x1D,
  0xE3, 0x00, 0xC2, 0xDA, 0xE4, 0x3C, 0xD6, 0xF9, 0x13, 0x05,
  0x29, 0xFF, 0x05, 0xDD, 0xB5, 0x22, 0xE3, 0xDA, 0x44, 0x27,
  0x31, 0xE9, 0x20, 0x12, 0xDE, 0x09, 0xF1, 0xEB, 0x13, 0x2B,
  0xE5, 0xF3, 0x2E, 0xE2, 0xE7, 0xFB, 0x19, 0xCF, 0xF4, 0xFE,
  0xEE, 0x11, 0xE7, 0xF1, 0xC0, 0x37, 0xBA, 0xB5, 0xF0, 0x02,
  0x0D, 0xEA, 0xF4, 0xF2, 0x31, 0x1D, 0xF5, 0x20, 0xC1, 0x0E,
  0xB1, 0x22, 0xDD, 0x1B, 0xD5, 0xBC, 0xB8, 0xEC, 0xF8, 0xD9,
  0xE2, 0xBC, 0xC6, 0x8F, 0x3C, 0x0D, 0xC4, 0xF3, 0xB0, 0x02,
  0x04, 0xED, 0x09, 0xF2, 0x40, 0x2B, 0xEF, 0x34, 0x05, 0x19,
  0xF4, 0xF1, 0x0F, 0xC9, 0x07, 0x11, 0xEF, 0xD9, 0xB6, 0xFA,
  0x22, 0x2A, 0xA0, 0xC9, 0x08, 0xDF, 0x39, 0x17, 0x20, 0x2E,
  0x18, 0xF4, 0x42, 0x51, 0x50, 0x30, 0xCF, 0x20, 0xFD, 0xE9,
  0xC5, 0x34, 0xF2, 0xD6, 0xC1, 0xAD, 0x00, 0x11, 0x2B, 0xCE,
  0x1C, 0xEF, 0x2A, 0xCB, 0x11, 0x24, 0x0A, 0x1D, 0xB4, 0xDF,
  0xC9, 0x2D, 0xC4, 0xF1, 0x14, 0x2B, 0x63, 0xEC, 0x1E, 0x19,
  0x44, 0x4A, 0xD8, 0xA8, 0x24, 0xB2, 0x22, 0xD7, 0xAE, 0x28,
  0xFC, 0x20, 0xF6, 0xF3, 0x1D, 0x2B, 0x02, 0x10, 0xDC, 0xD7,
  0xEE, 0x0E, 0x1C, 0xEA, 0xF6, 0x2A, 0xCB, 0x05, 0xB7, 0x13,
  0xFA, 0x64, 0xE3, 0x3E, 0x3F, 0x4D, 0xDB, 0x16, 0xFB, 0xB9,
  0x04, 0xE3, 0xF3, 0xB1, 0x02, 0xBC, 0xB2, 0xDF, 0xCA, 0xEC,
  0xBC, 0xFE, 0x46, 0x1D, 0xD9, 0xD6, 0xB6, 0x0B, 0xC9, 0x36,
  0x1E, 0x21, 0x16, 0x3B, 0xEC, 0x05, 0x18, 0x46, 0x00, 0x04,
  0xD5, 0x05, 0xE8, 0xD0, 0xDF, 0xF6, 0xF9, 0x27, 0xFE, 0x10,
  0xB7, 0x2F, 0xFF, 0xFB, 0xDB, 0x15, 0x19, 0x4A, 0xF2, 0x17,
  0xCF, 0x33, 0x09, 0xD3, 0xED, 0xE8, 0xE0, 0x05, 0xC4, 0x98,
  0x32, 0x0B, 0xD8, 0xAA, 0xEF, 0xD2, 0xD9, 0xD0, 0x0F, 0x32,
  0x19, 0xA7, 0x0C, 0xE7, 0xC5, 0x27, 0xDF, 0x2E, 0xD1, 0x09,
  0xED, 0xD6, 0x20, 0xC3, 0xF2, 0x06, 0xDC, 0x67, 0x14, 0xF3,
  0x10, 0xFD, 0xFB, 0xEB, 0xF2, 0xFE, 0x00, 0x48, 0xB4, 0xA5,
  0xD3, 0x2C, 0x14, 0xE5, 0xAE, 0xAD, 0xA1, 0xF4, 0xFB, 0x61,
  0xFD, 0x15, 0xF9, 0xE6, 0x08, 0xBB, 0x1E, 0x48, 0xF9, 0x7F,
  0xFC, 0xE5, 0xD8, 0x45, 0x05, 0x3C, 0x26, 0xB2, 0x24, 0x1F,
  0x0F, 0xD8, 0xDB, 0xED, 0x11, 0xFF, 0x17, 0xD1, 0xE5, 0x3A,
  0xCF, 0x0D, 0x51, 0xEF, 0xD2, 0xDD, 0x55, 0x7F, 0xC6, 0xBA,
  0x43, 0xCE, 0xFA, 0x09, 0x33, 0x74, 0x43, 0xC7, 0x04, 0xD7,
  0x31, 0x0E, 0xE9, 0x1D, 0x62, 0xDD, 0x2B, 0xA8, 0x25, 0xCE,
  0xF0, 0xCC, 0x24, 0x8D, 0x57, 0xD8, 0xF0, 0xDE, 0x39, 0x08,
  0xFD, 0xCE, 0xF6, 0x09, 0x05, 0x34, 0x45, 0x56, 0xF4, 0x29,
  0xED, 0x23, 0xE3, 0xE5, 0x11, 0xB4, 0x32, 0x3C, 0x1F, 0x13,
  0xD6, 0x23, 0xAE, 0x20, 0xB0, 0x16, 0x66, 0xFA, 0x31, 0x0E,
  0xF6, 0x57, 0xC4, 0x95, 0x45, 0xC3, 0xF5, 0x8F, 0xC3, 0x51,
  0xFF, 0xE7, 0x05, 0x2B, 0xB9, 0x34, 0x0A, 0x04, 0x41, 0x21,
  0xD2, 0xEB, 0x0B, 0xCC, 0xFF, 0xE0, 0xB1, 0xC9, 0x45, 0xC7,
  0xC7, 0x12, 0xDB, 0xDA, 0xB9, 0xDA, 0xE7, 0x9F, 0xE5, 0xE0,
  0xF5, 0x11, 0x2A, 0x29, 0xFA, 0x07, 0xF6, 0x22, 0xAE, 0xD3,
  0x02, 0x3C, 0x25, 0x07, 0xEE, 0x04, 0xBD, 0xD2, 0x19, 0xE4,
  0x1B, 0xDE, 0xC1, 0x17, 0x03, 0x38, 0xD0, 0x88, 0x21, 0x9B,
  0x07, 0x94, 0xFD, 0x51, 0x07, 0x38, 0x31, 0xDE, 0xF5, 0xD8,
  0x07, 0xC9, 0xED, 0xE7, 0x27, 0x4D, 0xBB, 0xCF, 0xBD, 0x26,
  0xC9, 0xCB, 0xFB, 0x14, 0x21, 0x06, 0xFA, 0xEB, 0xB4, 0xB6,
  0x3D, 0xB4, 0x4C, 0xA6, 0x3E, 0xF8, 0xD7, 0x39, 0xCE, 0x3B,
  0x29, 0x09, 0xC6, 0xB3, 0x53, 0xC8, 0x02, 0x46, 0xC3, 0xAA,
  0xC3, 0x58, 0xCB, 0xDB, 0xC3, 0xF7, 0xB9, 0x26, 0x1A, 0xE8,
  0xC5, 0xF1, 0x02, 0x9D, 0x4B, 0xB2, 0x3A, 0xFE, 0x08, 0xE6,
  0xEA, 0x10, 0x25, 0x36, 0xCD, 0xB2, 0x2D, 0x38, 0x48, 0xE6,
  0xF2, 0x02, 0x2F, 0x4D, 0x15, 0x2F, 0xE6, 0x5B, 0x4B, 0x1A,
  0x21, 0x08, 0xE8, 0xFB, 0x46, 0x1E, 0x1A, 0x02, 0xFD, 0xE7,
  0x1E, 0x26, 0x3A, 0xFC, 0x34, 0x09, 0x1E, 0x4B, 0x52, 0xF4,
  0x42, 0x27, 0xEE, 0xF2, 0x4D, 0x1F, 0xEA, 0xE4, 0xEF, 0x3F,
  0x01, 0x2F, 0xFC, 0xF2, 0xCE, 0xF0, 0x34, 0xFB, 0xF6, 0xF7,
  0xDF, 0x0C, 0xE7, 0x5E, 0x40, 0x31, 0x3B, 0xF6, 0x08, 0x4B,
  0x0E, 0x09, 0x25, 0x0B, 0xAE, 0xE3, 0x3D, 0x1C, 0x31, 0xC2,
  0x14, 0x35, 0x51, 0x21, 0x00, 0xBF, 0x97, 0xE9, 0x1E, 0xFC,
  0xF6, 0xFD, 0x2E, 0xF4, 0x00, 0x55, 0x44, 0xFB, 0x34, 0xDA,
  0xE3, 0x2D, 0x3A, 0x2B, 0xEC, 0x1C, 0xEF, 0x07, 0x01, 0x0B,
  0x41, 0xF0, 0x27, 0x22, 0x66, 0x05, 0xE2, 0xC7, 0xA8, 0xFE,
  0xFC, 0x19, 0xD1, 0xE0, 0x2C, 0xF3, 0x2B, 0x19, 0x5E, 0xE2,
  0xEF, 0x08, 0x0B, 0x18, 0xFE, 0x24, 0x30, 0xFC, 0xF3, 0xFB,
  0x1E, 0x39, 0x25, 0x19, 0xE1, 0x30, 0x09, 0xE8, 0x26, 0xB8,
  0xAC, 0xD1, 0x35, 0x01, 0x08, 0xB4, 0x3A, 0xE4, 0xEF, 0x76,
  0x2D, 0xE1, 0x08, 0x02, 0x09, 0x1D, 0x02, 0xF2, 0xFE, 0xC7,
  0xE2, 0xC2, 0x25, 0xEE, 0xE6, 0x0C, 0xFC, 0xD3, 0x4B, 0x06,
  0x0C, 0xDA, 0x81, 0x22, 0x03, 0x0B, 0xE9, 0xEC, 0x1E, 0xCE,
  0x18, 0x22, 0x75, 0x36, 0x0B, 0x10, 0x26, 0x36, 0x33, 0x24,
  0x21, 0xFB, 0x07, 0x0D, 0x56, 0x15, 0x29, 0xCB, 0x0C, 0x1C,
  0x27, 0x44, 0x25, 0xE8, 0xAF, 0x0C, 0xEE, 0x16, 0xF9, 0xF6,
  0x22, 0xC4, 0x41, 0x02, 0x36, 0x18, 0x14, 0x37, 0xDA, 0x11,
  0x27, 0x10, 0xE6, 0xE0, 0x4A, 0xC6, 0xB4, 0x06, 0xDD, 0xE6,
  0x01, 0xE7, 0xE2, 0xEA, 0xFB, 0x2E, 0xF5, 0x13, 0x08, 0x39,
  0xF0, 0x09, 0x30, 0x5A, 0x07, 0xC5, 0x21, 0xD3, 0xD1, 0xDF,
  0xEF, 0x1C, 0x0B, 0x49, 0x0A, 0xFA, 0x2E, 0xCB, 0x81, 0xE5,
  0x1B, 0x2D, 0x40, 0xA7, 0xD8, 0x2B, 0x04, 0x56, 0xD6, 0x2D,
  0xC8, 0x04, 0xB7, 0xD6, 0xDD, 0x13, 0x35, 0xEC, 0xEB, 0xE0,
  0xF2, 0x27, 0x28, 0xB7, 0x25, 0x95, 0x23, 0xDE, 0x06, 0xE2,
  0x98, 0x20, 0x36, 0xA1, 0x06, 0x1A, 0x29, 0x29, 0xD5, 0x21,
  0xFE, 0xF5, 0xD4, 0xED, 0xE1, 0x29, 0x0C, 0x36, 0x46, 0xE3,
  0xB2, 0xB4, 0x11, 0xFE, 0xEC, 0x05, 0xFD, 0x04, 0xCE, 0xC0,
  0xC6, 0x92, 0xCD, 0x4A, 0xEF, 0x11, 0x29, 0xBF, 0x17, 0x21,
  0x18, 0xF8, 0x37, 0x37, 0x23, 0x41, 0xFC, 0xC5, 0x35, 0x36,
  0xF9, 0x28, 0xFA, 0xDE, 0xB5, 0xC3, 0x20, 0xC2, 0xD6, 0x14,
  0x1D, 0x15, 0x28, 0x10, 0xD9, 0x23, 0x2D, 0xED, 0x6A, 0xF1,
  0x35, 0xBE, 0xEA, 0x57, 0xCC, 0xBD, 0xE0, 0xF9, 0x08, 0xFB,
  0xE8, 0x47, 0x1D, 0xC7, 0x29, 0xA9, 0xB2, 0xF2, 0xD4, 0xF2,
  0xE9, 0xD4, 0xDC, 0xF6, 0x28, 0xE3, 0x87, 0xE4, 0xFA, 0xFA,
  0xAE, 0xD6, 0x4A, 0x09, 0xF1, 0x08, 0x0D, 0x54, 0x11, 0xE8,
  0x29, 0x3C, 0xDB, 0xEA, 0xD5, 0xEB, 0xF1, 0x1B, 0xB1, 0xFF,
  0xF2, 0xDA, 0x1B, 0x33, 0xCD, 0xCC, 0xEA, 0xB9, 0xC5, 0x02,
  0x08, 0xDB, 0x13, 0xB6, 0xF4, 0x39, 0xD7, 0x4B, 0x42, 0x53,
  0xF6, 0x5B, 0x52, 0x10, 0x45, 0x43, 0xFC, 0xE8, 0xDF, 0x32,
  0x06, 0xD9, 0xC1, 0x39, 0x10, 0xE3, 0xE2, 0x2E, 0xBF, 0xED,
  0x11, 0xE1, 0xF2, 0xE2, 0xDC, 0xDE, 0xA1, 0xD3, 0xD7, 0xFE,
  0x13, 0xFA, 0x3C, 0x68, 0xEF, 0xE5, 0xD9, 0x00, 0x22, 0xEF,
  0xE8, 0x4B, 0xD7, 0xE0, 0x03, 0x37, 0x92, 0xAB, 0x27, 0x29,
  0xF4, 0x2E, 0x19, 0xDF, 0x45, 0x1E, 0xE8, 0xFB, 0x03, 0xC2,
  0xF5, 0x1E, 0xDA, 0xF1, 0x52, 0x31, 0x2C, 0xCB, 0x01, 0x0C,
  0x24, 0xAA, 0xC7, 0xF8, 0xFC, 0x92, 0xCA, 0x36, 0xDF, 0xD3,
  0x05, 0x2E, 0xF1, 0xD4, 0x3D, 0xE5, 0x3A, 0x1E, 0xE5, 0x0E,
  0x0C, 0xE9, 0xF5, 0xD7, 0xBB, 0x0B, 0x4B, 0x37, 0xEB, 0xFE,
  0xBB, 0x51, 0x5E, 0xCE, 0x0E, 0x45, 0xDC, 0xBC, 0xC5, 0xE4,
  0xC4, 0x2C, 0xFF, 0xFA, 0xF4, 0x1F, 0x4D, 0xFB, 0x09, 0x15,
  0x14, 0x18, 0x16, 0x15, 0x0D, 0xFD, 0xF3, 0x0C, 0x4C, 0x67,
  0xBD, 0x2E, 0xC6, 0x3E, 0x18, 0x25, 0xDA, 0x24, 0xD6, 0xFB,
  0x15, 0xE7, 0xBD, 0xE1, 0xF1, 0xB6, 0xE3, 0x58, 0xE7, 0xE5,
  0xF5, 0xE6, 0xE1, 0xEE, 0x0A, 0xFB, 0xD5, 0x0A, 0xD6, 0xF1,
  0x49, 0x2E, 0xD0, 0xFB, 0xD8, 0xEE, 0x54, 0x13, 0xD8, 0xE4,
  0xEB, 0x89, 0x2C, 0xE1, 0x05, 0xD7, 0x2B, 0xDA, 0xE9, 0x24,
  0x0D, 0x0D, 0x53, 0xFC, 0x02, 0xE2, 0xD1, 0x03, 0xE2, 0x1C,
  0xFE, 0x13, 0x40, 0x7F, 0xF0, 0x15, 0xC2, 0x2A, 0x43, 0x10,
  0x02, 0x02, 0xED, 0xEF, 0x0F, 0xF2, 0xDC, 0x20, 0xBD, 0xBE,
  0xC8, 0x16, 0x3F, 0xEC, 0x0A, 0xE5, 0x42, 0x45, 0xCC, 0xF6,
  0xE7, 0xDE, 0xAE, 0x55, 0x26, 0x17, 0x05, 0xD1, 0xCA, 0xE2,
  0x0A, 0xE9, 0xF6, 0x0C, 0xC0, 0xC8, 0xC9, 0xFA, 0xF6, 0x13,
  0x04, 0xD2, 0x08, 0x27, 0x3A, 0xE0, 0xC8, 0x16, 0x15, 0x0C,
  0x24, 0xBB, 0xF9, 0x4C, 0xF3, 0xEA, 0xCD, 0xE3, 0x28, 0x37,
  0xCA, 0xDE, 0xE0, 0xCB, 0x1F, 0xF4, 0xCC, 0xF7, 0x2C, 0x14,
  0x19, 0xA3, 0xB9, 0x0D, 0x17, 0xDE, 0xEA, 0xDB, 0xF8, 0xE4,
  0xF7, 0xDF, 0x1D, 0x24, 0xFC, 0x20, 0xED, 0x3B, 0xC6, 0x2C,
  0xBE, 0x4A, 0x2A, 0xEF, 0x19, 0x12, 0xFA, 0xE9, 0xCE, 0x02,
  0x36, 0xDF, 0xED, 0x02, 0xE8, 0x10, 0xDC, 0x08, 0xE0, 0xD4,
  0xEB, 0x2C, 0x0B, 0x1A, 0xFA, 0xE2, 0x12, 0x1A, 0xE7, 0x18,
  0xDE, 0xD4, 0x0B, 0x04, 0x1F, 0x0C, 0x31, 0xFE, 0xFC, 0x16,
  0xE7, 0xFA, 0xB7, 0xBB, 0xEF, 0x23, 0xE4, 0xFE, 0x09, 0x14,
  0x0C, 0x2A, 0xD1, 0x52, 0xF5, 0xF7, 0xDE, 0x14, 0x01, 0xF7,
  0xBB, 0x0D, 0xCE, 0x52, 0x14, 0xE1, 0x2E, 0x1B, 0xDC, 0xF3,
  0xC7, 0xF4, 0x1A, 0xC1, 0xCF, 0xF9, 0x3A, 0x0F, 0x32, 0xEF,
  0xB9, 0xEE, 0x0E, 0x0C, 0x2C, 0x05, 0x2C, 0x02, 0xEC, 0xE4,
  0x12, 0x0D, 0xD9, 0x14, 0x00, 0x29, 0x30, 0xF7, 0xDE, 0xD0,
  0x1B, 0x12, 0xF7, 0xD9, 0xD5, 0x01, 0x30, 0xCA, 0xF5, 0xD7,
  0x40, 0x1C, 0x88, 0x16, 0xFD, 0xEC, 0x1D, 0x06, 0xDD, 0xDB,
  0x1D, 0x16, 0xEC, 0x09, 0x12, 0xDE, 0x09, 0x5D, 0x29, 0x79,
  0xCA, 0x01, 0x1A, 0xD0, 0xBC, 0x0B, 0xE7, 0xE9, 0xD9, 0x0E,
  0x14, 0x15, 0x0E, 0x4A, 0x9A, 0xF7, 0xE2, 0xF1, 0x46, 0x0B,
  0xC0, 0xFC, 0xE9, 0x2D, 0x1D, 0xEB, 0xAA, 0x37, 0x42, 0x7F,
  0x4A, 0xEE, 0x2D, 0x2C, 0x3A, 0x0A, 0xE3, 0x0C, 0x04, 0xD6,
  0x0D, 0x16, 0xC6, 0x3C, 0x05, 0x39, 0xF3, 0x04, 0x20, 0xCE,
  0x04, 0xC1, 0x11, 0xF0, 0x56, 0xC4, 0x0A, 0x1C, 0xBE, 0xA4,
  0x14, 0xC5, 0x45, 0x9D, 0x09, 0x1D, 0x38, 0xFD, 0xDF, 0x29,
  0xE7, 0xF2, 0xBF, 0x10, 0xEB, 0xFC, 0xEF, 0xFD, 0x03, 0x28,
  0xB9, 0xD8, 0x3E, 0xC2, 0x27, 0xD4, 0x51, 0xC0, 0x11, 0x20,
  0xA0, 0xC5, 0x67, 0xDC, 0x22, 0xC1, 0x1E, 0x01, 0x0E, 0x29,
  0xE0, 0xDB, 0x24, 0xFF, 0x0D, 0x24, 0xC5, 0x3C, 0x07, 0x13,
  0xB2, 0xFF, 0x16, 0xFF, 0x35, 0xC4, 0xFC, 0xC4, 0x0F, 0xE0,
  0xCD, 0x25, 0xAC, 0xBA, 0x3F, 0x03, 0x0B, 0x8D, 0xD8, 0x05,
  0x37, 0x31, 0xDC, 0x16, 0xEF, 0x11, 0xFE, 0x02, 0x22, 0xE5,
  0x24, 0x29, 0xD6, 0xDB, 0xF3, 0xE0, 0x00, 0xAD, 0xD7, 0xFF,
  0x14, 0xA7, 0x2B, 0x02, 0x8C, 0x98, 0x16, 0xDE, 0x0A, 0x81,
  0x09, 0x08, 0xE3, 0xF0, 0xED, 0x09, 0x29, 0xD5, 0xFB, 0xD1,
  0xBD, 0x0A, 0x49, 0x14, 0xC3, 0xBF, 0xE8, 0xD5, 0x1E, 0xC7,
  0xD0, 0xDC, 0x48, 0xB0, 0x01, 0x14, 0x92, 0x9D, 0x20, 0xF6,
  0x04, 0xBB, 0xF3, 0x14, 0x29, 0xE0, 0xC6, 0x01, 0x28, 0xE3,
  0x08, 0xE3, 0x0A, 0x47, 0x17, 0x28, 0xF6, 0x20, 0xE1, 0x9A,
  0x44, 0xDF, 0xE5, 0x06, 0x12, 0xDB, 0xF9, 0x46, 0xED, 0xEB,
  0x1E, 0xE4, 0x14, 0x9B, 0x19, 0x0D, 0xE2, 0x0E, 0xE5, 0x2E,
  0xFC, 0x3C, 0xF1, 0x18, 0xD9, 0x24, 0x66, 0x07, 0x23, 0x37,
  0x4D, 0xE4, 0x25, 0xDB, 0x22, 0xE0, 0x01, 0x1E, 0x62, 0x29,
  0xDD, 0x18, 0x1C, 0x3C, 0x1C, 0xB4, 0xED, 0x56, 0x28, 0x42,
  0xFD, 0x02, 0x0B, 0xF7, 0x27, 0x40, 0xBE, 0x0F, 0xAD, 0xDA,
  0x35, 0xF6, 0xD8, 0x1C, 0xAE, 0x12, 0xC6, 0x33, 0xCE, 0xE5,
  0xBE, 0xE9, 0x29, 0x2D, 0x2A, 0x05, 0xFB, 0xF1, 0xE4, 0xF4,
  0xD4, 0xF3, 0xFD, 0x3F, 0xDD, 0x18, 0xFC, 0xF5, 0x34, 0xDE,
  0xB3, 0xCB, 0x01, 0x0B, 0xCE, 0x23, 0x1A, 0x49, 0x31, 0x34,
  0xEF, 0xD3, 0x2A, 0x18, 0x32, 0x2F, 0x38, 0xDE, 0xE0, 0x09,
  0xDD, 0xFD, 0x57, 0xAF, 0xE2, 0x14, 0xE3, 0x96, 0xBF, 0xDB,
  0xF3, 0xF7, 0x00, 0xDE, 0x45, 0x3E, 0xF2, 0x9C, 0x93, 0xDC,
  0xF7, 0xC3, 0xE9, 0x0F, 0xCE, 0x3A, 0xEE, 0xFD, 0xD7, 0x33,
  0x31, 0x42, 0xCC, 0xFD, 0x17, 0xDF, 0xDC, 0xB5, 0xF7, 0xB6,
  0x25, 0xE5, 0xD9, 0xD0, 0xD5, 0xDA, 0xCE, 0xA7, 0x9F, 0x0D,
  0xD2, 0x08, 0xFA, 0xEF, 0xB2, 0xC6, 0xFB, 0x21, 0x3E, 0xFB,
  0xEB, 0x24, 0x4C, 0x55, 0xF1, 0x1A, 0x29, 0x06, 0xF0, 0xE8,
  0xED, 0x44, 0xF4, 0x2A, 0x52, 0x5E, 0x2E, 0x3C, 0x3D, 0xEE,
  0xBE, 0xB3, 0x04, 0x3A, 0xDF, 0xFD, 0xA9, 0x8B, 0x09, 0x7F,
  0x4A, 0xB4, 0xF8, 0x3C, 0xE4, 0x0D, 0xFD, 0x4C, 0x2F, 0x1F,
  0x8D, 0x2B, 0x8E, 0xCD, 0xA0, 0x3A, 0xF8, 0x9D, 0x0E, 0x20,
  0x10, 0x4D, 0x22, 0xB3, 0xDA, 0xC2, 0xF6, 0x54, 0x30, 0xB8,
  0x04, 0x76, 0xD8, 0x2E, 0xB9, 0x1C, 0xE1, 0x21, 0x1E, 0xF8,
  0x2D, 0xFA, 0x03, 0x25, 0xAF, 0xDC, 0x2D, 0xD1, 0x06, 0xA6,
  0x05, 0xAC, 0x07, 0xEB, 0x38, 0x12, 0xF4, 0x19, 0xD6, 0x1A,
  0x2F, 0x1C, 0x41, 0x44, 0x31, 0x5F, 0xDA, 0x2D, 0x4A, 0x6C,
  0x0A, 0x27, 0xFF, 0x03, 0x97, 0xC2, 0xF7, 0xF0, 0xD6, 0xD7,
  0x53, 0xDE, 0xC4, 0xC5, 0x1F, 0xDD, 0xBF, 0xF7, 0x03, 0xDC,
  0xE7, 0x04, 0xF4, 0xEA, 0xBF, 0x0A, 0xF7, 0x46, 0xE6, 0x05,
  0x28, 0x20, 0x26, 0x10, 0x01, 0x15, 0xA5, 0xE2, 0xF4, 0x1B,
  0xD6, 0xF3, 0x2B, 0x1B, 0xA4, 0xC5, 0x0F, 0xC1, 0xA8, 0x09,
  0xAB, 0xFE, 0x16, 0xB8, 0xFA, 0x35, 0xFA, 0x14, 0xDF, 0x42,
  0xAA, 0x42, 0x3C, 0x0F, 0x0D, 0x13, 0xE9, 0x23, 0xBA, 0x11,
  0xDA, 0x11, 0xE3, 0xE2, 0xC7, 0x1D, 0xD4, 0xF5, 0xE3, 0xFA,
  0xF0, 0x37, 0x90, 0x0E, 0x04, 0x16, 0x09, 0xFB, 0x20, 0xF9,
  0x3E, 0x29, 0xB1, 0x3A, 0x25, 0xE7, 0x09, 0x08, 0xEF, 0x0C,
  0xE6, 0xBF, 0xDE, 0x36, 0x05, 0x0C, 0xCB, 0xD8, 0xA2, 0x05,
  0x10, 0xF4, 0xC8, 0xE9, 0xD7, 0x1B, 0x2E, 0x28, 0x1A, 0xC2,
  0xFE, 0xFB, 0x18, 0x17, 0xD5, 0x35, 0xD8, 0x10, 0x26, 0xD2,
  0x08, 0x0D, 0xCB, 0xE5, 0xE3, 0x41, 0xEA, 0xD1, 0xD4, 0xEE,
  0xC2, 0x0A, 0x21, 0xF7, 0x20, 0xEE, 0xAF, 0x2C, 0x16, 0x11,
  0xBE, 0x08, 0x1A, 0xEE, 0x17, 0xF2, 0xC2, 0x33, 0x28, 0x0B,
  0x03, 0xEA, 0xDB, 0x08, 0xC1, 0xB0, 0xF6, 0x17, 0xC1, 0xCF,
  0x1A, 0x2A, 0xDD, 0xDD, 0xA0, 0xD8, 0x06, 0xF4, 0x86, 0x18,
  0x38, 0xD6, 0xD7, 0xE3, 0xD2, 0xF5, 0x29, 0x3E, 0xC1, 0x01,
  0xDA, 0xF6, 0xE0, 0xDF, 0x12, 0xF8, 0xA6, 0xDB, 0x09, 0x60,
  0x02, 0xC8, 0x38, 0xCD, 0xCE, 0xBC, 0xEA, 0x3E, 0xC8, 0x2D,
  0x81, 0x0B, 0x1A, 0xCB, 0x0F, 0xE5, 0xD5, 0x0C, 0x22, 0x1E,
  0x16, 0xFB, 0xE3, 0xE1, 0x0D, 0xDB, 0x0A, 0xE9, 0xEA, 0xE9,
  0xD7, 0xFA, 0xBE, 0xCE, 0x00, 0xC7, 0x0F, 0x15, 0xF2, 0xAD,
  0xC3, 0xF3, 0xE0, 0x05, 0x2E, 0xC4, 0x03, 0xF6, 0x09, 0x09,
  0x16, 0x35, 0x22, 0xF7, 0x00, 0x23, 0xC7, 0x18, 0xD1, 0x00,
  0xDA, 0x03, 0x18, 0xFD, 0x15, 0xD0, 0xE7, 0xB0, 0xDF, 0x0A,
  0x09, 0xC4, 0x81, 0xFC, 0xF1, 0xFD, 0x06, 0xA2, 0x32, 0x18,
  0xF1, 0xF2, 0x34, 0x58, 0xE4, 0x3D, 0xE6, 0xFD, 0x2A, 0xF9,
  0x29, 0x24, 0xB8, 0x0B, 0x30, 0xD8, 0xD1, 0x01, 0x0C, 0xBF,
  0x9D, 0x09, 0x30, 0xD9, 0xB3, 0xD8, 0xBE, 0x2A, 0xF3, 0xAF,
  0xE1, 0xFE, 0x16, 0x29, 0x25, 0x38, 0xF1, 0x19, 0x20, 0x22,
  0xCE, 0x1E, 0xC9, 0xDC, 0x98, 0x06, 0x04, 0x08, 0x0B, 0xFA,
  0xE2, 0xEA, 0xD7, 0xCF, 0xF4, 0xD0, 0xB7, 0xFD, 0xDB, 0x49,
  0xF4, 0xC0, 0x0D, 0xFB, 0xBB, 0x4C, 0xF7, 0xD9, 0x09, 0x3B,
  0xFB, 0xE6, 0xDA, 0x29, 0xFC, 0x08, 0xA2, 0xBF, 0x0D, 0x30,
  0xD1, 0xEA, 0xD1, 0xB1, 0xF0, 0x18, 0x0F, 0x0A, 0xB2, 0x17,
  0xFE, 0x29, 0xFB, 0xFA, 0x0B, 0xC6, 0xD4, 0x3A, 0xFF, 0x14,
  0x19, 0x0D, 0xE4, 0x3D, 0x07, 0x2E, 0xDE, 0x3C, 0xCE, 0xFA,
  0xD8, 0xF0, 0xD7, 0x18, 0xB7, 0xBB, 0xC6, 0xCB, 0xFB, 0xFC,
  0xEA, 0x20, 0xB4, 0x32, 0xD4, 0xA8, 0x3C, 0x1D, 0x19, 0x32,
  0xE7, 0x38, 0xC4, 0x51, 0xFB, 0x01, 0x1C, 0xED, 0xF3, 0xF4,
  0xB3, 0x00, 0xFA, 0x20, 0xD2, 0x1C, 0x15, 0x07, 0xAA, 0x15,
  0x08, 0x1A, 0x98, 0xDA, 0xCF, 0x10, 0x3A, 0x8E, 0xEC, 0xFA,
  0x0A, 0x0A, 0x1D, 0x43, 0x08, 0x17, 0x4A, 0x41, 0xC9, 0xF8,
  0x24, 0x17, 0xF5, 0x0E, 0x08, 0xE9, 0x12, 0x07, 0xE4, 0xD0,
  0x25, 0x06, 0x16, 0xF6, 0xE5, 0xF8, 0xC9, 0x18, 0x05, 0xEA,
  0xD4, 0xDB, 0x1A, 0xE9, 0x22, 0xF3, 0xCF, 0x31, 0x06, 0x10,
  0x32, 0x01, 0x2B, 0xDB, 0xD4, 0xFA, 0xDF, 0x2A, 0x03, 0x01,
  0x3C, 0x1A, 0x3C, 0x24, 0x71, 0x19, 0x15, 0x29, 0xF4, 0xF4,
  0x6D, 0xF2, 0xF6, 0xA5, 0x2B, 0x5B, 0xF3, 0xC4, 0x21, 0x10,
  0x48, 0xFA, 0xE1, 0x11, 0x10, 0x14, 0xF2, 0xD5, 0x40, 0x30,
  0xCE, 0xDD, 0xFB, 0xCC, 0xD8, 0xEA, 0xE7, 0xB0, 0xB4, 0xE2,
  0x0B, 0xB2, 0x0E, 0xC4, 0x26, 0x09, 0x3D, 0x0B, 0xED, 0x28,
  0x22, 0x1B, 0x35, 0x25, 0x09, 0x15, 0x2F, 0xF8, 0xED, 0xCB,
  0x35, 0x13, 0xCD, 0x97, 0xEE, 0x61, 0x41, 0x24, 0x0B, 0x31,
  0x10, 0x3A, 0xD1, 0x0D, 0x27, 0xF7, 0x2B, 0xDE, 0xE9, 0x0A,
  0x44, 0xB4, 0xFC, 0x09, 0x65, 0xF2, 0xDF, 0x47, 0xD9, 0xB5,
  0x9F, 0x03, 0xD3, 0x2A, 0x27, 0x05, 0x53, 0xE8, 0x12, 0x35,
  0x18, 0xC4, 0xB8, 0x3C, 0xEF, 0xC5, 0x25, 0xDB, 0x0A, 0xBE,
  0xEA, 0x30, 0xDC, 0xF3, 0xF2, 0xD0, 0x01, 0xE1, 0xF1, 0x10,
  0x3A, 0x0F, 0x09, 0xDC, 0xB3, 0xF1, 0xD0, 0xA5, 0x04, 0x3A,
  0xEA, 0x0A, 0xE9, 0xD5, 0x81, 0x2B, 0xF1, 0xE1, 0xD3, 0xB3,
  0x40, 0x1C, 0x20, 0x1C, 0xE0, 0xEF, 0x0C, 0x1E, 0x17, 0x15,
  0x2D, 0x50, 0xF3, 0x17, 0xC5, 0x1F, 0x14, 0x24, 0xFE, 0xC0,
  0x0C, 0x6F, 0x24, 0x03, 0xD7, 0xAE, 0xF2, 0x13, 0x15, 0x14,
  0x53, 0x0B, 0xEA, 0xBD, 0x2A, 0x2B, 0x16, 0xB3, 0x0D, 0xC8,
  0x32, 0xAD, 0x0A, 0x51, 0xE1, 0xE6, 0xBC, 0xD4, 0xF8, 0x3F,
  0x3C, 0xCA, 0x04, 0x35, 0xE2, 0x14, 0xD9, 0x21, 0x01, 0xDE,
  0xE7, 0xCC, 0x1C, 0xD6, 0x62, 0x00, 0xEB, 0xF1, 0xE6, 0x93,
  0x25, 0xCB, 0x22, 0xB6, 0xF1, 0x24, 0x29, 0x11, 0x34, 0x0E,
  0xFE, 0xFB, 0xE3, 0xF1, 0x2F, 0x29, 0xEF, 0x01, 0xE3, 0x47,
  0xFB, 0x08, 0xF1, 0xC8, 0x1D, 0xF5, 0x61, 0xFD, 0x29, 0xF2,
  0xCF, 0x94, 0x15, 0xE6, 0x3E, 0x9C, 0x2B, 0x12, 0x2A, 0x44,
  0x08, 0xEC, 0xD0, 0x22, 0xD0, 0xF3, 0x1D, 0x08, 0x23, 0xF8,
  0xD2, 0xEC, 0x0F, 0x30, 0xFF, 0xC6, 0xFF, 0xD9, 0x36, 0xBB,
  0x2D, 0x02, 0xAA, 0x8B, 0x30, 0xF2, 0x27, 0x82, 0x0E, 0xE5,
  0x37, 0x10, 0xFC, 0x07, 0x17, 0xEA, 0x09, 0x19, 0xF6, 0x11,
  0xF3, 0xF7, 0xA1, 0xD8, 0xDD, 0x09, 0x1D, 0x93, 0xD3, 0xF9,
  0x0A, 0xE6, 0x1E, 0x09, 0x93, 0xA1, 0x1B, 0xCD, 0x09, 0x83,
  0x26, 0xF4, 0x0F, 0xE7, 0xF6, 0x36, 0xDE, 0x30, 0x10, 0xF8,
  0x2F, 0xED, 0x08, 0x47, 0xF9, 0xD2, 0x03, 0x11, 0x0A, 0xB0,
  0xD0, 0x1A, 0xEC, 0xD2, 0xFD, 0x17, 0xC3, 0xBB, 0x14, 0xBD,
  0x2F, 0x81, 0x07, 0x10, 0x01, 0x26, 0xF8, 0xE6, 0xE6, 0xEA,
  0xE9, 0xE5, 0xF7, 0xE8, 0x3B, 0x02, 0x05, 0xD0, 0x1F, 0xE9,
  0x44, 0xCE, 0x12, 0xEE, 0xE7, 0xDF, 0xF0, 0x3B, 0xED, 0xB7,
  0x3A, 0x01, 0x43, 0xB3, 0x29, 0x15, 0x1A, 0x3E, 0xF7, 0x23,
  0x17, 0x1D, 0x26, 0x22, 0x11, 0xF9, 0x1A, 0x0D, 0x22, 0xF8,
  0x33, 0x2D, 0x30, 0xD6, 0x22, 0x4E, 0x04, 0xEC, 0x40, 0x44,
  0xDF, 0xEA, 0x51, 0x0E, 0x13, 0xB0, 0x1A, 0x4C, 0x1B, 0x4B,
  0x0D, 0xED, 0x31, 0x3A, 0x38, 0x31, 0x22, 0xF3, 0xA7, 0x11,
  0x06, 0xE5, 0xE6, 0xEE, 0xEB, 0x3A, 0xD9, 0x04, 0x0F, 0xDD,
  0x03, 0xC6, 0x5B, 0xD3, 0x3D, 0x2A, 0xEA, 0x26, 0x4C, 0xD8,
  0x05, 0xCE, 0x38, 0xFB, 0xA2, 0xE9, 0xAF, 0x05, 0xBC, 0xFF,
  0xA7, 0x26, 0x3F, 0x08, 0x08, 0x23, 0x15, 0x2C, 0xE3, 0x31,
  0x1B, 0xA4, 0x0E, 0x05, 0x10, 0xBE, 0xF3, 0xF2, 0x01, 0x04,
  0x2D, 0xF3, 0xC8, 0x32, 0xF4, 0x10, 0x0F, 0x1A, 0xD9, 0x00,
  0xF6, 0xF8, 0xBF, 0x29, 0x50, 0xC4, 0xE1, 0xEB, 0xF5, 0x70,
  0xD8, 0xEA, 0x20, 0xEF, 0x36, 0x03, 0x49, 0xD2, 0xF6, 0xE6,
  0x46, 0x5E, 0xF2, 0x37, 0xE6, 0xA9, 0xD8, 0xFC, 0xB6, 0xF2,
  0xB1, 0xF0, 0x30, 0x24, 0xBC, 0xF2, 0x5D, 0xC2, 0xD4, 0xD1,
  0xC1, 0x63, 0xBE, 0xD5, 0xFA, 0x40, 0xD5, 0x54, 0xF9, 0x10,
  0xCA, 0x0D, 0xDB, 0x1F, 0x11, 0x2F, 0xC5, 0xF9, 0xA3, 0x5A,
  0xAA, 0xE6, 0xA3, 0xDE, 0x09, 0xD6, 0xE1, 0x1D, 0xE7, 0xC7,
  0xDC, 0x46, 0xF3, 0x45, 0xDB, 0xDE, 0x21, 0x0F, 0xAE, 0x52,
  0x63, 0xF9, 0xA7, 0x2E, 0xC8, 0x15, 0x50, 0x1C, 0xC0, 0xC9,
  0xAE, 0x03, 0x8C, 0x44, 0xDF, 0x63, 0x46, 0xC1, 0xB7, 0x25,
  0x7F, 0xC2, 0xDD, 0xE4, 0xD5, 0xF9, 0x2A, 0xFE, 0x03, 0xD3,
  0x24, 0x0C, 0x2A, 0xBC, 0xE0, 0xEF, 0x38, 0x58, 0x46, 0x07,
  0xA9, 0xCC, 0xED, 0x45, 0xC7, 0x07, 0x27, 0xFE, 0x09, 0xB3,
  0xCA, 0xCE, 0x38, 0xF0, 0x12, 0x27, 0xCA, 0x12, 0xC5, 0xEA,
  0xE1, 0x4D, 0x46, 0x33, 0xF1, 0xEE, 0xA7, 0x21, 0xE5, 0x67,
  0x4D, 0x24, 0x30, 0xE3, 0xB4, 0x1D, 0x2B, 0xE7, 0x35, 0xE1,
  0x65, 0xC4, 0xF0, 0x2F, 0x3D, 0xE7, 0x25, 0x23, 0x5C, 0x19,
  0x1E, 0x1E, 0x35, 0x16, 0x3E, 0x12, 0xF1, 0x1A, 0x00, 0xFF,
  0xEE, 0xFD, 0xCC, 0x26, 0xEF, 0x44, 0x35, 0x0A, 0xE7, 0xF8,
  0xF9, 0xFD, 0xDB, 0xFB, 0xF5, 0xF5, 0xE6, 0x05, 0x0D, 0x2A,
  0x2A, 0x03, 0xFF, 0x26, 0x34, 0x3E, 0xF5, 0xFB, 0x10, 0x16,
  0x46, 0xE1, 0x30, 0xEA, 0x15, 0xFE, 0x0C, 0x37, 0x2D, 0x2A,
  0x35, 0xE7, 0xEA, 0xF7, 0x05, 0x0F, 0x2B, 0xFB, 0x22, 0x1C,
  0x14, 0xFC, 0x3C, 0x22, 0xE7, 0xF7, 0xFC, 0x27, 0x3E, 0x0E,
  0xFE, 0x0F, 0x46, 0xF0, 0x03, 0x26, 0x02, 0x12, 0x3F, 0x2A,
  0x7F, 0x2A, 0xE6, 0xE6, 0x31, 0xE4, 0x4D, 0x13, 0xF8, 0x33,
  0x0D, 0x4F, 0x23, 0x2A, 0x0D, 0x17, 0x04, 0x1F, 0x24, 0xFA,
  0x1E, 0xDA, 0x0D, 0x21, 0x24, 0xE3, 0x30, 0x15, 0xE9, 0xEE,
  0x31, 0xED, 0x25, 0xF3, 0x0F, 0x09, 0x28, 0x10, 0x3E, 0x1D,
  0x3C, 0xE4, 0xE5, 0x53, 0x33, 0xF0, 0xE8, 0x04, 0xD8, 0xE8,
  0x40, 0x15, 0x24, 0xDA, 0x16, 0x13, 0x31, 0xDF, 0xE1, 0x2E,
  0x18, 0xD7, 0x2A, 0xEE, 0x4D, 0x0D, 0xC7, 0xFF, 0x34, 0xDE,
  0x44, 0x01, 0x39, 0x20, 0xDC, 0x07, 0x3A, 0xFE, 0x29, 0xEA,
  0xD7, 0x11, 0x3C, 0x05, 0xE4, 0xA3, 0xE2, 0x08, 0x0E, 0xEE,
  0xE7, 0x32, 0xFC, 0xD8, 0x2E, 0x21, 0x2A, 0x22, 0xE2, 0xCB,
  0x47, 0x21, 0xFA, 0xDB, 0x2F, 0x10, 0xF9, 0x28, 0x37, 0x07,
  0x11, 0xDB, 0xBF, 0xE4, 0x41, 0x06, 0x13, 0xA6, 0x09, 0x09,
  0xF4, 0xE5, 0x9F, 0x1E, 0x20, 0xE3, 0x17, 0x21, 0xFE, 0x07,
  0xE1, 0x02, 0x17, 0x00, 0x3A, 0x0A, 0xAC, 0xD9, 0x19, 0xFD,
  0x95, 0x40, 0xEA, 0xD9, 0x0A, 0xEA, 0x11, 0xF3, 0x58, 0x17,
  0x0E, 0xE2, 0x16, 0x17, 0x3F, 0x34, 0xD4, 0xFC, 0x59, 0xDC,
  0xF2, 0x03, 0x24, 0x3C, 0xFD, 0xF9, 0xBE, 0xC1, 0xC3, 0xD7,
  0x0D, 0xD9, 0xBE, 0xE9, 0xE5, 0xE8, 0x30, 0xF1, 0x3E, 0xD4,
  0xF8, 0x12, 0xFC, 0x09, 0x40, 0x12, 0x07, 0xF7, 0xFD, 0x42,
  0x38, 0x0B, 0xA2, 0xB6, 0xC0, 0x37, 0xD8, 0xEF, 0xBF, 0xEE,
  0x06, 0xC3, 0xAB, 0xE8, 0xE0, 0x3D, 0xC3, 0x11, 0x33, 0xC4,
  0x12, 0x0E, 0x19, 0x3D, 0x07, 0x3F, 0x03, 0x79, 0xE5, 0xEB,
  0x14, 0xFD, 0x0F, 0x0D, 0x0D, 0xD3, 0xED, 0x55, 0x13, 0xAC,
  0xCA, 0x9C, 0x07, 0xDA, 0xFB, 0xE9, 0xE1, 0xF8, 0xFB, 0xF2,
  0xF6, 0xF7, 0xC5, 0xFF, 0xF1, 0x34, 0xDC, 0xCF, 0x05, 0x0D,
  0xF8, 0xD4, 0x2E, 0xCB, 0x06, 0x3E, 0xAA, 0xA4, 0xDC, 0xFE,
  0xA3, 0xD5, 0xC2, 0xFE, 0x20, 0xDC, 0xA0, 0xCE, 0xBA, 0xD8,
  0xD1, 0x37, 0x0C, 0xAE, 0x32, 0x16, 0x15, 0x39, 0xC9, 0x31,
  0xBA, 0x47, 0xDD, 0x3E, 0x35, 0xF6, 0x06, 0x16, 0xB1, 0xF8,
  0x30, 0x54, 0x03, 0x15, 0x01, 0x0E, 0xFC, 0xD7, 0xD3, 0xD1,
  0xC4, 0xE4, 0xF9, 0x10, 0xF9, 0xE0, 0xF4, 0x2F, 0x44, 0x47,
  0xE6, 0x1C, 0x14, 0x33, 0x42, 0x42, 0x01, 0x18, 0x40, 0xD9,
  0x9C, 0xBB, 0xF1, 0x59, 0xC5, 0x03, 0x0B, 0xE0, 0xCE, 0xD2,
  0xFF, 0xE5, 0x0F, 0x41, 0xC8, 0x15, 0x14, 0x81, 0xEF, 0x24,
  0xFF, 0x27, 0xBA, 0x40, 0x0F, 0x4D, 0x18, 0x5C, 0x09, 0xE3,
  0x5E, 0x24, 0xBA, 0xE0, 0xC7, 0x25, 0xE8, 0xEF, 0xC0, 0x20,
  0x8D, 0xF3, 0xE2, 0xF7, 0xE3, 0xB9, 0xEF, 0xF0, 0x19, 0xC8,
  0x0F, 0xDD, 0xC7, 0xE4, 0xD5, 0x02, 0xAA, 0xF7, 0x34, 0xE0,
  0xFC, 0xE9, 0x21, 0xF9, 0x89, 0xC1, 0xAC, 0x20, 0x17, 0xDA,
  0xE5, 0xC2, 0xCB, 0x1B, 0xF9, 0xDE, 0xDD, 0xE6, 0xBF, 0xFB,
  0x08, 0xB4, 0x31, 0xE0, 0xE3, 0x01, 0x04, 0x12, 0x1A, 0x00,
  0x26, 0xF1, 0xF4, 0xE3, 0x30, 0xE0, 0xC4, 0xF3, 0xD6, 0x0C,
  0x1F, 0x07, 0x9A, 0xEC, 0xD2, 0x1A, 0x01, 0x3B, 0x1F, 0x12,
  0xA2, 0xF5, 0x44, 0xD1, 0x08, 0xD5, 0xAF, 0x1D, 0x01, 0x03,
  0xC8, 0x18, 0x1C, 0xE2, 0xD6, 0xF9, 0x12, 0xF8, 0xA9, 0xE0,
  0xFE, 0x20, 0x2F, 0x19, 0x16, 0xCB, 0x98, 0xEE, 0xD5, 0xE5,
  0xB9, 0xCD, 0xB1, 0xF4, 0x04, 0xFE, 0xD3, 0xAD, 0xBC, 0x12,
  0xF3, 0x01, 0xD2, 0xE6, 0x02, 0x07, 0xD9, 0xC9, 0x39, 0xFB,
  0xAA, 0xC8, 0xE0, 0x2E, 0xF5, 0xD6, 0xDF, 0x05, 0xCC, 0xF7,
  0x14, 0x15, 0x1C, 0x39, 0xBD, 0xEB, 0x21, 0xA5, 0x18, 0xD0,
  0xF3, 0xEF, 0xDF, 0xDC, 0x01, 0x0F, 0xFA, 0xD5, 0xF5, 0xD6,
  0x3D, 0xF6, 0xEF, 0xA3, 0xF4, 0xD1, 0xE6, 0xB6, 0xC7, 0xE4,
  0x81, 0x0F, 0x05, 0xE1, 0x26, 0x02, 0xF3, 0xF8, 0xFE, 0x0D,
  0xE4, 0xF8, 0xC6, 0x4E, 0xF4, 0xD1, 0x0F, 0xF9, 0x15, 0xDD,
  0x01, 0x2D, 0x40, 0x1A, 0xD7, 0xA7, 0xEF, 0x0A, 0xCA, 0xF0,
  0xFF, 0x93, 0xA1, 0x48, 0xEC, 0xDC, 0xF0, 0xE5, 0x05, 0xB3,
  0x01, 0xD4, 0x56, 0x16, 0xCB, 0x05, 0xA0, 0xFA, 0xD9, 0x19,
  0xEC, 0xEA, 0x03, 0x2C, 0x4B, 0xFC, 0xA6, 0xE0, 0x2D, 0xF4,
  0xF7, 0xE5, 0xCE, 0xE7, 0xF2, 0xF0, 0x07, 0x13, 0xB7, 0x22,
  0xE7, 0x31, 0x1D, 0x0E, 0xF6, 0xD3, 0x25, 0xE2, 0xC0, 0x1C,
  0x1A, 0x13, 0x6A, 0x21, 0xBA, 0x0C, 0x2B, 0x14, 0xA8, 0xC0,
  0x3E, 0xF2, 0x24, 0x26, 0x32, 0x1E, 0xEC, 0x0F, 0x56, 0x27,
  0xE7, 0x2C, 0x22, 0x26, 0x48, 0xBF, 0xE9, 0xE1, 0x1A, 0x54,
  0x0D, 0x02, 0x23, 0xE5, 0x0B, 0xEF, 0xCD, 0x21, 0xDF, 0xCB,
  0xC2, 0xC5, 0xF0, 0xF7, 0x28, 0x11, 0x13, 0xED, 0xF6, 0xE9,
  0xBE, 0xCD, 0xB4, 0x42, 0x24, 0x24, 0xE4, 0xC0, 0x1E, 0xFF,
  0x6C, 0x3D, 0x0F, 0x09, 0x32, 0x3D, 0x1F, 0x03, 0xDE, 0xF4,
  0xF7, 0xFE, 0xDA, 0xAC, 0xD6, 0xDA, 0xF7, 0xE1, 0x30, 0x23,
  0xFE, 0xFF, 0x1E, 0x13, 0xA1, 0x15, 0x19, 0xB9, 0xEB, 0xFD,
  0x2B, 0x02, 0x7A, 0x3E, 0xD1, 0xF3, 0xF4, 0xFC, 0x47, 0xFE,
  0x47, 0x7F, 0x1B, 0x53, 0xA2, 0xC9, 0x20, 0xCA, 0x1C, 0xBE,
  0x61, 0x04, 0x00, 0x4C, 0xC0, 0x22, 0xC9, 0x36, 0xE0, 0x1C,
  0x2B, 0xD4, 0x48, 0xC0, 0xE3, 0x5B, 0x08, 0xFC, 0xF1, 0xFE,
  0xF7, 0xA1, 0x07, 0xE1, 0x48, 0x1A, 0xAE, 0xF8, 0xE7, 0x2D,
  0x10, 0xE5, 0xE3, 0x12, 0xFB, 0x2D, 0xB5, 0xBD, 0x9A, 0xED,
  0xE5, 0xA6, 0xB0, 0xB9, 0x3B, 0x46, 0x6E, 0xFC, 0xC2, 0xC2,
  0x19, 0x10, 0x1C, 0xD9, 0xE7, 0x0A, 0x46, 0xEC, 0xE6, 0xD4,
  0x21, 0x4D, 0xCA, 0xD5, 0x1B, 0x0A, 0x2C, 0x1E, 0xA9, 0x84,
  0x87, 0xFB, 0x19, 0xEF, 0x19, 0xA5, 0xC8, 0xE0, 0x0D, 0x44,
  0xD9, 0xCC, 0x34, 0x05, 0x5F, 0x26, 0x32, 0x50, 0x38, 0x11,
  0x8B, 0xD9, 0x09, 0x15, 0x2D, 0xDE, 0xFD, 0x46, 0x0E, 0x42,
  0x39, 0x1C, 0x00, 0x0E, 0x4E, 0xFE, 0x1A, 0xE8, 0xFA, 0x13,
  0xFF, 0x18, 0xD0, 0x49, 0xD4, 0x25, 0x15, 0xF6, 0x18, 0x13,
  0xE4, 0x15, 0x2A, 0xFE, 0x0F, 0xEB, 0x27, 0xE5, 0xDF, 0x26,
  0x21, 0x23, 0x52, 0x05, 0x07, 0x2F, 0xF7, 0x07, 0x0F, 0x2B,
  0x14, 0x4A, 0xD7, 0xDC, 0xE0, 0x35, 0x17, 0x21, 0xF6, 0x0A,
  0x30, 0xFA, 0xF2, 0x0C, 0x44, 0x03, 0xFF, 0xEC, 0xDE, 0x0E,
  0xF4, 0x03, 0x31, 0x3D, 0x7F, 0xFB, 0x1F, 0xEB, 0xEF, 0x2C,
  0x57, 0xF5, 0x0C, 0x07, 0x21, 0xA9, 0xE2, 0xFE, 0xEC, 0xD8,
  0xF6, 0xED, 0xF3, 0x0C, 0x16, 0x0F, 0x3D, 0xF0, 0xE3, 0x30,
  0x08, 0xEB, 0x21, 0x29, 0x26, 0xE7, 0x1F, 0x0F, 0x1F, 0xFF,
  0x03, 0x02, 0x2C, 0xBF, 0x2D, 0xEC, 0x15, 0xF3, 0xF6, 0x1F,
  0x16, 0xC3, 0x0F, 0xC0, 0x38, 0xF3, 0x2F, 0x00, 0x50, 0x35,
  0xE9, 0xE4, 0xEC, 0xE0, 0x11, 0xF0, 0x31, 0xD1, 0x31, 0x15,
  0xFF, 0x0D, 0x10, 0xDD, 0xEA, 0x18, 0x4A, 0xF6, 0xFA, 0xED,
  0xC3, 0x20, 0xF5, 0x0F, 0xE6, 0xE8, 0xDC, 0x9D, 0xE7, 0x04,
  0x3B, 0x28, 0xD2, 0xE2, 0xD7, 0xFB, 0x0A, 0x0E, 0xFA, 0xE2,
  0x10, 0xF2, 0xFC, 0x23, 0x26, 0xF4, 0x08, 0xFF, 0x3A, 0xEF,
  0xEA, 0xC4, 0xC1, 0xE8, 0x11, 0xE3, 0xF4, 0xFF, 0x1C, 0x9B,
  0x11, 0x24, 0xF0, 0x04, 0xE4, 0x04, 0x05, 0x18, 0xEC, 0x09,
  0xFE, 0xDF, 0x34, 0x0A, 0x3A, 0x39, 0x2A, 0xFE, 0xFD, 0xDF,
  0x1C, 0x25, 0x1E, 0xC5, 0x07, 0x21, 0x27, 0xE2, 0x1E, 0xEA,
  0x22, 0xC3, 0x0B, 0xEC, 0x0C, 0x35, 0x0C, 0xF6, 0xFA, 0xFB,
  0x20, 0x1D, 0x0D, 0xEF, 0x13, 0xF5, 0x88, 0x06, 0x23, 0xD5,
  0xE5, 0xD8, 0xD9, 0x06, 0xC3, 0xFE, 0x00, 0x3B, 0xF3, 0xF1,
  0xF0, 0xDB, 0x02, 0xF1, 0xCE, 0xCB, 0xFE, 0x9D, 0x06, 0x1E,
  0xD3, 0xDB, 0xE6, 0xA5, 0xDF, 0x28, 0xCB, 0xF8, 0xF0, 0xE3,
  0x20, 0xD8, 0x27, 0x0B, 0xEA, 0xCC, 0xF7, 0xCD, 0x0B, 0xCA,
  0xF6, 0xC7, 0xB9, 0xD5, 0x09, 0x1A, 0x02, 0xC3, 0xEB, 0xB7,
  0x2B, 0xE2, 0x2A, 0x81, 0x13, 0xFE, 0xDC, 0xE3, 0xF6, 0xE2,
  0xE3, 0xD7, 0x24, 0xFC, 0xE2, 0xED, 0xD9, 0xC3, 0x1D, 0x0D,
  0x2D, 0xE0, 0x1A, 0xCD, 0xF3, 0x07, 0xD9, 0xF5, 0xD5, 0x0F,
  0x18, 0xBB, 0xE2, 0x1F, 0xDB, 0xEA, 0x26, 0xDF, 0xBF, 0x1B,
  0xC4, 0xC9, 0xCF, 0x05, 0x17, 0xF0, 0xE5, 0xF8, 0xEF, 0x22,
  0xF9, 0xF3, 0x0E, 0xA8, 0xF0, 0xD5, 0xDD, 0xFA, 0x00, 0xE1,
  0x0B, 0x27, 0x01, 0xDA, 0x35, 0x38, 0xFF, 0xB2, 0xDF, 0x0E,
  0x00, 0xE2, 0xE3, 0xE9, 0x90, 0x29, 0x07, 0xF9, 0xEC, 0x03,
  0x34, 0xE2, 0xF5, 0x00, 0xFA, 0xF2, 0xC4, 0xCB, 0x05, 0x04,
  0x37, 0x05, 0x18, 0xD8, 0x28, 0xED, 0x0F, 0xDA, 0xDE, 0xBE,
  0x29, 0x0B, 0xE9, 0x2C, 0xC8, 0x92, 0xDD, 0xDC, 0xDB, 0xB0,
  0xB4, 0x0A, 0xEF, 0xFB, 0xE6, 0x1B, 0xE6, 0xCE, 0xEF, 0x15,
  0xFB, 0xFA, 0x15, 0xD2, 0x09, 0xE7, 0x0B, 0x06, 0x30, 0x3D,
  0x10, 0xCE, 0xCE, 0x0F, 0xF7, 0x2B, 0xBF, 0xE9, 0xA1, 0xF1,
  0xEE, 0xF8, 0xA2, 0xEE, 0x24, 0x17, 0x13, 0xD3, 0xC8, 0xD1,
  0xC2, 0x15, 0xCF, 0x04, 0xEA, 0xD8, 0xF0, 0xFC, 0x06, 0x0F,
  0x24, 0xE9, 0x42, 0xC5, 0xEA, 0xDC, 0x07, 0xAE, 0x51, 0xCB,
  0x25, 0x16, 0xE5, 0x23, 0xFB, 0x0C, 0x81, 0xE9, 0x57, 0xF1,
  0x38, 0x3B, 0xD1, 0x30, 0xBC, 0xFE, 0xEA, 0x17, 0xF8, 0x2E,
  0x32, 0x23, 0x40, 0x2D, 0x09, 0x13, 0xC3, 0x09, 0x0B, 0xD0,
  0x52, 0xB1, 0x22, 0xC2, 0xE4, 0x3B, 0xBB, 0xC6, 0xB3, 0x5B,
  0x15, 0xCD, 0xFD, 0x42, 0xA8, 0x32, 0xEE, 0x40, 0xE1, 0xE9,
  0xBF, 0xC4, 0xFF, 0x31, 0xEA, 0x12, 0xFF, 0x37, 0xBA, 0xE8,
  0x0D, 0xE4, 0x2E, 0xDB, 0x37, 0xAC, 0x36, 0x52, 0xD0, 0xB5,
  0x96, 0x28, 0xA6, 0x9B, 0x50, 0x73, 0x19, 0xED, 0xB4, 0x5E,
  0xE7, 0xCB, 0xD0, 0xF7, 0xE3, 0x02, 0xDD, 0x93, 0x14, 0x3A,
  0x9F, 0x12, 0xFD, 0x03, 0xFD, 0x05, 0xEE, 0xCA, 0xC9, 0x3D,
  0xC0, 0x01, 0xAA, 0x07, 0xA7, 0x9E, 0x27, 0x05, 0xA0, 0x42,
  0xEF, 0x43, 0xD5, 0xD2, 0xB2, 0xB5, 0x0A, 0x17, 0xE8, 0x98,
  0x10, 0xF9, 0xDB, 0xB6, 0x26, 0xEB, 0x1B, 0xC2, 0x44, 0x9E,
  0xE4, 0x5D, 0x00, 0xAE, 0x03, 0x37, 0xE8, 0xC4, 0x0E, 0xF8,
  0xB7, 0x32, 0xE8, 0x79, 0xC9, 0xE5, 0xCB, 0x2B, 0xD6, 0x3F,
  0x0B, 0xD6, 0x23, 0x06, 0xFF, 0xC4, 0x05, 0xE7, 0xFE, 0x34,
  0x1A, 0x12, 0x14, 0x5F, 0xBA, 0x1A, 0xA7, 0x44, 0xB7, 0xC3,
  0x27, 0xDB, 0x14, 0x18, 0x22, 0x6D, 0xB7, 0xEE, 0xE0, 0xAF,
  0x3B, 0x32, 0x1D, 0xA9, 0xD5, 0xBA, 0x91, 0xFB, 0x4E, 0xE4,
  0xC7, 0xE3, 0x2C, 0x19, 0xD6, 0x1B, 0xE1, 0x3D, 0x27, 0xDD,
  0x30, 0xE3, 0x45, 0x43, 0xF7, 0xF9, 0x04, 0x7A, 0x12, 0xCE,
  0x8E, 0x09, 0xE6, 0xED, 0xC1, 0xBD, 0xE1, 0xCB, 0xA7, 0x07,
  0x26, 0x9D, 0x0D, 0x32, 0x18, 0xF1, 0x02, 0xD4, 0xF2, 0x29,
  0x9E, 0xAF, 0x10, 0x42, 0x62, 0xE9, 0xC9, 0x2D, 0x36, 0x01,
  0x11, 0x22, 0x28, 0x1E, 0xC9, 0xF7, 0xF8, 0x28, 0x03, 0x37,
  0x33, 0xCD, 0xFB, 0xDC, 0xF2, 0x3E, 0x2D, 0x1E, 0xD4, 0x24,
  0x21, 0x23, 0x04, 0xAA, 0xF5, 0x50, 0x12, 0xB5, 0x20, 0x0D,
  0x3A, 0x02, 0xAC, 0x0D, 0x34, 0xC4, 0xCB, 0x09, 0xD5, 0xE5,
  0xE6, 0xDF, 0x3D, 0x16, 0xDA, 0x05, 0x21, 0xEA, 0x20, 0x1F,
  0xEF, 0xBC, 0x10, 0xD8, 0xB5, 0xBC, 0x10, 0x02, 0xC2, 0x55,
  0x27, 0xFB, 0xE9, 0xF7, 0x2F, 0x17, 0xEF, 0x15, 0xF0, 0xCC,
  0x1A, 0x25, 0xE4, 0xE6, 0x49, 0x10, 0x04, 0xA6, 0xB8, 0xDD,
  0x0D, 0x09, 0xBB, 0xCE, 0x12, 0x2E, 0xA6, 0xE4, 0xF0, 0xE2,
  0xFE, 0x33, 0x26, 0x1D, 0x48, 0xBD, 0xD7, 0x37, 0x48, 0x20,
  0xD1, 0x1E, 0x24, 0x16, 0x8E, 0xEA, 0x12, 0x19, 0x14, 0x81,
  0xE1, 0x30, 0x03, 0xD5, 0x8F, 0x2B, 0x2F, 0x33, 0xC3, 0x8D,
  0x51, 0x28, 0xF0, 0xE0, 0xBD, 0xBA, 0x14, 0x18, 0x24, 0x2D,
  0x49, 0xAF, 0xC9, 0xB7, 0xAA, 0xF2, 0xE4, 0x1C, 0xE2, 0xCD,
  0x27, 0xFA, 0xA2, 0xE0, 0x2B, 0xEE, 0x20, 0xDB, 0x0A, 0x2B,
  0xDB, 0xDE, 0x04, 0xF1, 0xF6, 0x1D, 0xD1, 0x04, 0x30, 0x03,
  0xC5, 0xFB, 0x3E, 0x02, 0xD0, 0xDD, 0xB4, 0x2C, 0xFD, 0xEC,
  0x4C, 0x0A, 0xF8, 0xC5, 0xE9, 0xFA, 0x13, 0x0C, 0xBD, 0xD4,
  0x26, 0xD7, 0xAE, 0xBB, 0x31, 0x1D, 0xCA, 0xE5, 0x2F, 0x0C,
  0x2F, 0x00, 0xE9, 0x20, 0xEF, 0x16, 0xF4, 0xD3, 0xAF, 0xE3,
  0x98, 0xB9, 0xF6, 0xF4, 0x0C, 0x06, 0x49, 0xD3, 0xFE, 0x3C,
  0x0B, 0xE8, 0x04, 0x09, 0xF6, 0x4E, 0x15, 0x12, 0x1A, 0x2A,
  0x28, 0xF4, 0x33, 0x38, 0x17, 0x52, 0xF7, 0xDC, 0x31, 0xE3,
  0xC4, 0x1D, 0x28, 0x81, 0xF8, 0x53, 0xFC, 0x43, 0x2F, 0xC0,
  0xAF, 0x01, 0x27, 0xFC, 0x1A, 0x09, 0x1D, 0xF3, 0xC4, 0x04,
  0x21, 0xD3, 0xE5, 0xCC, 0x5B, 0x27, 0xF4, 0x56, 0xEC, 0x1A,
  0xCA, 0x1F, 0xFB, 0xE0, 0xB2, 0xF6, 0xE1, 0x3A, 0xDC, 0x34,
  0x21, 0xD9, 0xEA, 0xF8, 0x09, 0xEF, 0x17, 0x22, 0x2C, 0xD3,
  0xC8, 0x0D, 0xD3, 0x8C, 0x1F, 0x0C, 0x61, 0xF4, 0x55, 0xF2,
  0x27, 0xEE, 0x31, 0x0F, 0x1C, 0x18, 0xA7, 0xC3, 0x31, 0xD5,
  0x3D, 0x41, 0x01, 0x17, 0x05, 0x48, 0xE6, 0x53, 0x44, 0xFA,
  0x19, 0x03, 0xCB, 0x2D, 0x1F, 0xEE, 0x47, 0xEA, 0x42, 0x01,
  0x07, 0xD5, 0x0C, 0xC8, 0x3B, 0xF0, 0xFA, 0x09, 0xE8, 0xBC,
  0x21, 0xE4, 0x32, 0xD1, 0x05, 0xAB, 0xF2, 0xE8, 0x44, 0x0A,
  0xE3, 0xEE, 0x16, 0xFC, 0xF6, 0x3B, 0x24, 0xC6, 0x14, 0x17,
  0x0A, 0xFA, 0xFC, 0x18, 0x18, 0xE8, 0xFE, 0x43, 0xDF, 0x34,
  0xF5, 0xCF, 0x02, 0x62, 0x2A, 0x32, 0xFA, 0xC0, 0x0D, 0xCA,
  0x0E, 0x29, 0x41, 0xDD, 0xF2, 0xEF, 0xEE, 0x36, 0x18, 0xB2,
  0xFB, 0x13, 0x5C, 0xC9, 0xFA, 0x18, 0x2F, 0xD5, 0x44, 0x49,
  0xC8, 0x44, 0xED, 0xF2, 0xEE, 0x16, 0x1F, 0x45, 0x33, 0x24,
  0x00, 0x25, 0xE0, 0x0B, 0xFF, 0xBE, 0x3D, 0xEA, 0x2B, 0x0B,
  0x02, 0xE8, 0x2D, 0x01, 0x2D, 0xE0, 0x15, 0xDF, 0xC8, 0x0E,
  0x32, 0x25, 0xC7, 0x36, 0x06, 0x12, 0xDD, 0xC8, 0x4D, 0xD0,
  0x12, 0x05, 0x06, 0xF0, 0x25, 0x27, 0xB9, 0xE3, 0x2F, 0x58,
  0xFA, 0xE9, 0x4E, 0x35, 0xDC, 0x28, 0xE1, 0xD3, 0x3C, 0x9C,
  0x9F, 0x1E, 0xF0, 0xFC, 0x41, 0xCD, 0xD4, 0x36, 0x21, 0x0B,
  0x0E, 0xCC, 0x23, 0xBE, 0x1F, 0xF0, 0xDF, 0x3C, 0x05, 0x2C,
  0xC5, 0x18, 0xF0, 0xF1, 0x21, 0x10, 0x10, 0x3A, 0x22, 0xD8,
  0xF0, 0xB9, 0xA3, 0xE7, 0xAA, 0xF7, 0xA5, 0xBC, 0xE5, 0x3E,
  0xFB, 0xC7, 0xC5, 0x95, 0x3B, 0xD8, 0x0C, 0x09, 0xCC, 0x3C,
  0xD6, 0xD7, 0xE8, 0xD6, 0xD1, 0x13, 0xFB, 0xDF, 0xBE, 0x2F,
  0xCC, 0x29, 0x01, 0xEF, 0x89, 0xDC, 0xE5, 0xFC, 0xF4, 0x0A,
  0xF9, 0x13, 0xCE, 0xDB, 0xD9, 0xC1, 0x3C, 0xF2, 0x0B, 0x9C,
  0xED, 0x4A, 0xC5, 0xEA, 0xAF, 0xBF, 0x07, 0x11, 0x62, 0x02,
  0xD0, 0xE1, 0xE2, 0x0F, 0xAD, 0xD2, 0x94, 0xCA, 0xD7, 0x16,
  0xFB, 0xC6, 0x1E, 0xF2, 0x16, 0x9C, 0xD3, 0xC3, 0x31, 0x02,
  0x32, 0xC5, 0x18, 0x0B, 0xE1, 0xDB, 0xBA, 0x0D, 0x0E, 0x2C,
  0x13, 0xFC, 0xF2, 0x3D, 0xD1, 0x1C, 0xB8, 0xF4, 0x81, 0x14,
  0xC9, 0x61, 0x1B, 0xCC, 0xCB, 0x17, 0x4A, 0xCC, 0xE8, 0xAF,
  0x21, 0x04, 0xF4, 0xF9, 0xB5, 0x1D, 0x10, 0xC4, 0xAC, 0x36,
  0x00, 0xFD, 0x13, 0x06, 0xEF, 0x16, 0xFB, 0x00, 0x0A, 0x13,
  0xE2, 0xDB, 0xD0, 0x4D, 0x26, 0xB2, 0xF5, 0x27, 0x29, 0xFF,
  0x07, 0x34, 0xF9, 0xAA, 0x4C, 0xE2, 0xFF, 0x02, 0xE4, 0x46,
  0xD7, 0xEA, 0xDB, 0x05, 0x47, 0xC0, 0xF9, 0x33, 0x3B, 0x08,
  0x3D, 0x46, 0xBC, 0x12, 0xD2, 0xE2, 0x40, 0x05, 0xC6, 0x20,
  0xFC, 0xD3, 0xE3, 0xDC, 0x13, 0xCC, 0x0B, 0xF1, 0x4C, 0x28,
  0xEA, 0xC9, 0x1C, 0x00, 0x40, 0x05, 0xF6, 0x00, 0x12, 0x0F,
  0xFC, 0xE6, 0xF7, 0xFA, 0x2A, 0x27, 0x0B, 0xB4, 0xF3, 0xFF,
  0xFE, 0xF4, 0xE8, 0x2E, 0x2B, 0xEC, 0x27, 0xE3, 0xBF, 0xE3,
  0xFF, 0xEE, 0xCC, 0x20, 0xFA, 0xD6, 0x41, 0x1D, 0xF8, 0x00,
  0x2B, 0x1E, 0x1F, 0xED, 0xE1, 0x16, 0x1F, 0x01, 0xF2, 0xC2,
  0x1E, 0x2A, 0x01, 0x2B, 0xD7, 0x29, 0x0C, 0xE0, 0xF7, 0xAB,
  0xE1, 0xCE, 0x08, 0x07, 0x02, 0xD5, 0xDB, 0xE0, 0x3A, 0x22,
  0xE7, 0x2C, 0x26, 0xF2, 0xE3, 0x14, 0xA9, 0xF7, 0x29, 0x14,
  0xE7, 0xA9, 0x0C, 0xCB, 0x0B, 0x09, 0x02, 0xEE, 0x29, 0x15,
  0xDA, 0xEE, 0xBB, 0xD4, 0xEC, 0xEA, 0xD8, 0xFE, 0x23, 0xF4,
  0x0B, 0x0E, 0xFB, 0x2D, 0xF5, 0xF9, 0x1A, 0xE6, 0xFD, 0x1E,
  0x1B, 0x20, 0xC6, 0xDF, 0x20, 0xD4, 0xF2, 0x37, 0xC4, 0x2D,
  0x0B, 0xCE, 0xF1, 0xEB, 0xA4, 0x06, 0xDC, 0x23, 0xEC, 0xED,
  0xF8, 0xF3, 0x10, 0xFA, 0xFB, 0x0B, 0xF9, 0xFA, 0x01, 0x2F,
  0xB4, 0x30, 0x14, 0x30, 0xBA, 0x09, 0xC6, 0x0E, 0x16, 0x40,
  0xF9, 0xF3, 0xE9, 0x05, 0x0D, 0x1A, 0xC0, 0xC2, 0xE9, 0xCE,
  0x23, 0xD0, 0x3A, 0xF5, 0x18, 0x01, 0x03, 0x0D, 0xF4, 0x1B,
  0x1A, 0xF9, 0xF3, 0xCB, 0x50, 0xFE, 0xC0, 0xDC, 0x02, 0x09,
  0x32, 0x3E, 0xF7, 0x06, 0x1F, 0x16, 0xF2, 0x18, 0xD4, 0xD5,
  0x01, 0xF7, 0x1A, 0xC6, 0xF5, 0x00, 0x4C, 0x26, 0xF5, 0xED,
  0xFE, 0xEF, 0x2D, 0x62, 0x10, 0x0F, 0xF9, 0x06, 0xE8, 0x09,
  0xD4, 0x07, 0xEF, 0x7F, 0xC2, 0x21, 0x1B, 0xFC, 0xF5, 0xDF,
  0x26, 0xFD, 0x0C, 0xD4, 0xF4, 0x42, 0x3A, 0xEB, 0x3D, 0xEC,
  0xFB, 0x1A, 0x22, 0x2D, 0x13, 0xEC, 0x07, 0xEB, 0x09, 0x65,
  0x15, 0xFE, 0x0C, 0x30, 0x07, 0x27, 0x01, 0x39, 0x31, 0xF4,
  0x18, 0x1E, 0x17, 0xE6, 0x14, 0xD4, 0x05, 0x12, 0x34, 0x30,
  0x19, 0xF9, 0xEC, 0x2B, 0x2B, 0x25, 0xE2, 0x2D, 0xCD, 0xE6,
  0x1C, 0x2B, 0xDC, 0x32, 0x33, 0x1E, 0x3E, 0x31, 0x27, 0x06,
  0x22, 0x0E, 0x17, 0xCE, 0x27, 0x30, 0xEE, 0x08, 0x01, 0x14,
  0xF0, 0xF5, 0x30, 0xC7, 0xD4, 0x17, 0x3D, 0x07, 0xE3, 0x07,
  0x0B, 0x10, 0xFC, 0x42, 0xFC, 0x3C, 0xE8, 0xF9, 0x31, 0x64,
  0x30, 0xD0, 0xD3, 0xC9, 0xCA, 0xE8, 0x36, 0x37, 0x2F, 0x3D,
  0xF7, 0x02, 0x2F, 0x19, 0xF3, 0xD1, 0xBB, 0x2C, 0x14, 0x0A,
  0x1A, 0x04, 0xE7, 0xEB, 0x04, 0x34, 0x6E, 0x01, 0xE9, 0x1B,
  0x25, 0x40, 0xDF, 0xCA, 0x24, 0xD3, 0xBB, 0x21, 0xEA, 0x2D,
  0x35, 0x34, 0xF1, 0x39, 0x07, 0x10, 0xDC, 0x8B, 0x15, 0x1A,
  0xFE, 0xF7, 0x08, 0xEF, 0x0E, 0xE6, 0x20, 0x15, 0x61, 0x35,
  0x29, 0xFC, 0x25, 0xF8, 0xFB, 0xCF, 0xFF, 0x0E, 0xB6, 0xE8,
  0x1C, 0x11, 0x35, 0x10, 0xE4, 0x0E, 0x06, 0x46, 0x18, 0x81,
  0xF7, 0xF1, 0x2F, 0x20, 0xD1, 0xF2, 0x07, 0xDE, 0xCF, 0x49,
  0x56, 0xEC, 0xFD, 0xCE, 0xD4, 0xFA, 0xD3, 0xF3, 0xF3, 0x1A,
  0xDA, 0x0B, 0x49, 0x1B, 0xD9, 0x07, 0xDA, 0xE3, 0x63, 0x1B,
  0x14, 0xC1, 0xEE, 0x16, 0xFC, 0x33, 0xD2, 0x05, 0x00, 0xE0,
  0x0B, 0x45, 0x42, 0x00, 0xFA, 0xE3, 0x0F, 0xDC, 0x29, 0x07,
  0xC9, 0xFB, 0xE4, 0x46, 0xF7, 0x2E, 0xFE, 0xF9, 0x24, 0xC8,
  0x7F, 0x29, 0xA2, 0xE2, 0x9A, 0xC8, 0x2F, 0xA4, 0xEB, 0xD9,
  0xD7, 0x13, 0x3E, 0x30, 0x69, 0x22, 0xE7, 0x3A, 0xDC, 0x02,
  0x08, 0x1F, 0xE9, 0xDD, 0xE2, 0x34, 0x24, 0x0F, 0x2B, 0xF3,
  0x4B, 0x1A, 0x2C, 0x27, 0xEF, 0xE6, 0xD2, 0xD4, 0x52, 0xE7,
  0xDE, 0xDD, 0xE5, 0x0E, 0x1A, 0x13, 0x44, 0xE9, 0xDC, 0x12,
  0x00, 0xD1, 0xFC, 0x37, 0xDE, 0xDE, 0xDD, 0xEC, 0x3A, 0x44,
  0x3F, 0xCC, 0x0C, 0xCF, 0x20, 0x13, 0xD1, 0xFE, 0xA2, 0x84,
  0x30, 0xFE, 0x13, 0xDA, 0xCB, 0x05, 0xEB, 0x20, 0x46, 0xE3,
  0x24, 0x09, 0xF5, 0xD8, 0x32, 0x27, 0x2B, 0x19, 0x9F, 0xD6,
  0xDE, 0xF5, 0x2D, 0xA6, 0x12, 0xE9, 0x25, 0xE6, 0xE5, 0xFB,
  0xAA, 0xB9, 0xEE, 0xF2, 0x00, 0xAD, 0x1A, 0xF0, 0xE6, 0xF3,
  0x20, 0x06, 0xDC, 0x0A, 0x22, 0x27, 0xE8, 0x26, 0x06, 0x27,
  0x94, 0xE4, 0x00, 0xD7, 0x40, 0xC9, 0xF8, 0xEF, 0x1F, 0x20,
  0x25, 0xF7, 0x94, 0xD1, 0x2D, 0xD8, 0x1B, 0xAA, 0xF4, 0xEF,
  0x0A, 0x2E, 0x31, 0x05, 0x02, 0x03, 0xEC, 0xE2, 0xF6, 0x01,
  0xFC, 0x35, 0xC9, 0xF3, 0x13, 0x17, 0x2D, 0xDE, 0x29, 0xE1,
  0x34, 0x06, 0xFC, 0x33, 0xBF, 0xC9, 0xF5, 0xF6, 0x35, 0xA8,
  0x1F, 0xEE, 0xF9, 0xFE, 0x27, 0xF6, 0xD0, 0x33, 0xF7, 0x1A,
  0xF6, 0x0E, 0x32, 0x50, 0x21, 0x2B, 0x41, 0x16, 0x65, 0xFE,
  0x32, 0x1B, 0xF6, 0x25, 0x3F, 0x38, 0xEF, 0xE0, 0x22, 0x1C,
  0x4E, 0x95, 0x3E, 0x17, 0xF7, 0x3E, 0x03, 0x01, 0x13, 0x47,
  0x2E, 0x00, 0x13, 0x42, 0xC3, 0x28, 0x30, 0x38, 0xFD, 0x26,
  0xC4, 0x9D, 0x54, 0xE3, 0xC1, 0x11, 0x19, 0x27, 0xBB, 0x18,
  0xE9, 0xB0, 0xF6, 0x07, 0xE8, 0x79, 0x46, 0x01, 0x08, 0x02,
  0xEB, 0xD2, 0xEA, 0xB1, 0xD8, 0xE4, 0xCC, 0xE7, 0xAF, 0x28,
  0x37, 0x41, 0xF3, 0xCE, 0x60, 0x27, 0xC8, 0xFF, 0x26, 0x36,
  0x06, 0x00, 0x40, 0xCA, 0xF1, 0xC8, 0x3E, 0x2C, 0x26, 0xA9,
  0x18, 0x05, 0xD2, 0x13, 0xE4, 0xD6, 0xEE, 0x05, 0x05, 0x27,
  0xC9, 0x42, 0xD0, 0xDF, 0x2A, 0xFB, 0x17, 0xDE, 0xB7, 0xCE,
  0xC7, 0x36, 0x25, 0xE8, 0x3D, 0xD9, 0x00, 0xFD, 0x17, 0xEF,
  0xFF, 0x09, 0xE6, 0x1C, 0xCD, 0xD0, 0x0C, 0xAE, 0x4A, 0xEE,
  0x23, 0xCE, 0x90, 0x0C, 0x16, 0xD7, 0x33, 0xB4, 0xEC, 0x14,
  0xE3, 0xCD, 0x18, 0xD8, 0xD6, 0xE0, 0xF0, 0xAF, 0xFD, 0xB7,
  0x2A, 0x22, 0xF6, 0xB3, 0xE0, 0x00, 0xFD, 0x4B, 0xCF, 0xAF,
  0xD4, 0xDC, 0xC7, 0x0E, 0xFA, 0x21, 0xD4, 0x10, 0x07, 0x81,
  0xBC, 0x51, 0xB3, 0x22, 0xCC, 0x03, 0xFE, 0xBE, 0x09, 0xA8,
  0xFA, 0x8B, 0x46, 0x26, 0xF9, 0x16, 0xFD, 0xF4, 0xE3, 0x03,
  0xFC, 0xC4, 0xF9, 0x27, 0xE6, 0xEB, 0xC5, 0x30, 0x1D, 0x28,
  0x25, 0xBE, 0xD5, 0x2B, 0xD3, 0xC1, 0x2A, 0x2F, 0xE8, 0xC3,
  0xFB, 0xD8, 0x1A, 0xCE, 0x27, 0x16, 0xE8, 0xED, 0xD9, 0xEF,
  0xC9, 0xF4, 0x28, 0x9E, 0xC9, 0x0A, 0xD6, 0x4F, 0x13, 0x3D,
  0x1A, 0xDF, 0x32, 0xAC, 0xC0, 0x33, 0x86, 0xDB, 0xF8, 0x36,
  0x08, 0xF6, 0x3C, 0xE5, 0xF5, 0x9B, 0x22, 0x2A, 0x18, 0x14,
  0xFE, 0x1A, 0xEA, 0xFE, 0x38, 0xB5, 0x18, 0x43, 0x11, 0xB3,
  0x3D, 0xF8, 0xDE, 0x10, 0xF8, 0x31, 0x34, 0x1D, 0xD1, 0xBD,
  0x09, 0x4B, 0xF7, 0x19, 0xAE, 0xB7, 0x14, 0x56, 0xD5, 0x49,
  0x29, 0xD0, 0xA1, 0x0D, 0x14, 0xBE, 0x09, 0x09, 0xE1, 0x05,
  0x31, 0x23, 0x30, 0xB8, 0x10, 0x25, 0xC5, 0xEF, 0x00, 0xF6,
  0xEA, 0xFA, 0xEE, 0x4B, 0xE1, 0x49, 0xEA, 0x0C, 0x29, 0xF2,
  0xD2, 0x06, 0x0F, 0x42, 0x00, 0xE1, 0xDE, 0xCD, 0xE0, 0xC9,
  0x57, 0x40, 0xF7, 0x33, 0x2A, 0xE7, 0x02, 0x21, 0x25, 0x08,
  0x5C, 0x25, 0x26, 0xC5, 0xDF, 0x5C, 0xE9, 0xF1, 0xE0, 0xC4,
  0xE5, 0xC5, 0x68, 0x4C, 0xD0, 0xC0, 0x00, 0xDE, 0x08, 0xEB,
  0xEA, 0xA9, 0x3E, 0x29, 0xE1, 0xDD, 0xBE, 0x36, 0x23, 0xDC,
  0xFA, 0xFC, 0xE8, 0xFF, 0x37, 0xE3, 0x4C, 0x42, 0xFE, 0xCB,
  0xAF, 0xEF, 0xBC, 0x08, 0x0B, 0xBC, 0x22, 0x25, 0x03, 0xC6,
  0x07, 0xE5, 0x00, 0xFF, 0x31, 0x39, 0x20, 0xCA, 0xF1, 0xF0,
  0xA1, 0x24, 0xF5, 0x9B, 0x07, 0x3C, 0xD4, 0x2E, 0x35, 0x59,
  0xCA, 0x43, 0x47, 0x4B, 0x2A, 0x10, 0xF3, 0x61, 0x0F, 0x00,
  0x07, 0x1B, 0x16, 0x36, 0xEF, 0xE7, 0x17, 0x56, 0x29, 0x27,
  0x23, 0x14, 0xA7, 0x08, 0x1A, 0xDD, 0xFD, 0xE7, 0x2D, 0x2E,
  0xFF, 0x30, 0xA8, 0x39, 0x26, 0x3C, 0xFE, 0x81, 0x2A, 0xF7,
  0xB9, 0xCB, 0xC4, 0xE6, 0xD2, 0xD2, 0xFF, 0xA4, 0xF0, 0xEB,
  0x18, 0xFA, 0xC2, 0x12, 0xA6, 0xF7, 0x27, 0xB5, 0xFF, 0xDC,
  0xF9, 0xFE, 0xFB, 0x47, 0x19, 0xE9, 0x33, 0xDA, 0xF4, 0xFD,
  0xFC, 0x03, 0x43, 0x1B, 0xE1, 0x04, 0xDA, 0x52, 0xE1, 0x33,
  0xE0, 0xFD, 0x19, 0x12, 0xC8, 0x23, 0x27, 0x37, 0xF4, 0x23,
  0xB9, 0x39, 0x28, 0x08, 0xFA, 0xC6, 0x37, 0xCF, 0x18, 0x04,
  0x0F, 0xFA, 0x2C, 0xEB, 0x25, 0xEB, 0xD3, 0xED, 0xE7, 0xEF,
  0xC0, 0xFC, 0x11, 0xCD, 0xFD, 0xBC, 0xC1, 0x1D, 0x0A, 0x0F,
  0xCE, 0xED, 0x02, 0x08, 0x47, 0xD3, 0xE3, 0xC6, 0x25, 0xFA,
  0xEE, 0x1A, 0x24, 0xE8, 0x20, 0xDE, 0x03, 0x1D, 0xB8, 0x31,
  0xA1, 0x04, 0x12, 0x3B, 0x18, 0x18, 0x22, 0x17, 0xEF, 0xC1,
  0x22, 0xCE, 0xF0, 0x02, 0xD1, 0x04, 0x1F, 0xEC, 0xCC, 0xFD,
  0x50, 0xFF, 0xAF, 0x09, 0xB3, 0x61, 0x08, 0xD6, 0x97, 0xC5,
  0xF3, 0xD4, 0xDD, 0x03, 0xFC, 0x17, 0x08, 0xE4, 0xE3, 0xE4,
  0x17, 0xC3, 0x17, 0xF3, 0xF3, 0x4D, 0x00, 0x01, 0xDD, 0xCC,
  0xD2, 0xED, 0x5D, 0x24, 0xD4, 0x09, 0x12, 0x4C, 0xCF, 0xB0,
  0xA3, 0xC2, 0xEC, 0x1C, 0xFA, 0xE3, 0xB1, 0x00, 0x11, 0xE7,
  0x1E, 0xEF, 0x06, 0x0F, 0xF8, 0xF9, 0x11, 0x35, 0xD4, 0x0C,
  0xD6, 0xF3, 0xCB, 0xF7, 0x1E, 0x3C, 0xA5, 0x05, 0xAF, 0x50,
  0xC5, 0xF3, 0xC4, 0xF1, 0xBC, 0x4A, 0x50, 0xB1, 0xC4, 0xFC,
  0x01, 0x12, 0xCE, 0xFC, 0x22, 0x02, 0xE8, 0x1F, 0x1C, 0x5A,
  0xE1, 0xCF, 0xF8, 0xFB, 0xCC, 0xCF, 0x37, 0x14, 0xD2, 0x2C,
  0x12, 0x15, 0xCF, 0xFC, 0xF3, 0xFB, 0x34, 0xE3, 0x33, 0x1D,
  0x00, 0x29, 0xEA, 0xC0, 0x1D, 0x27, 0x26, 0xB0, 0x24, 0x1F,
  0xF0, 0x59, 0xE9, 0x19, 0xF4, 0xEF, 0xC5, 0xC5, 0x45, 0x1B,
  0x81, 0x1E, 0xE7, 0x1D, 0xF3, 0xF6, 0xE7, 0xD7, 0xE3, 0xE3,
  0x1B, 0x05, 0x0E, 0xF2, 0xE9, 0xD9, 0x64, 0xEF, 0xCD, 0xD2,
  0x48, 0x07, 0x31, 0x2C, 0x10, 0x1B, 0x21, 0x52, 0xDA, 0xBC,
  0x05, 0xCA, 0x7D, 0xF5, 0x26, 0xD4, 0x41, 0xDA, 0xF6, 0xF2,
  0x59, 0x36, 0x57, 0xF4, 0xE2, 0x14, 0x4C, 0xE0, 0xE4, 0x08,
  0xC8, 0xDB, 0x78, 0xED, 0x40, 0x28, 0x00, 0x26, 0x69, 0x17,
  0x47, 0x82, 0xD4, 0xE2, 0x00, 0x06, 0x1B, 0xC8, 0x36, 0x1C,
  0xEB, 0x01, 0x5D, 0xEA, 0x01, 0x27, 0xFF, 0x1E, 0x37, 0x37,
  0x65, 0xDC, 0xBB, 0xFC, 0xFE, 0xFD, 0x4B, 0x2B, 0xD3, 0x42,
  0x58, 0x52, 0xC1, 0xA2, 0xC1, 0x00, 0x26, 0xFA, 0xEC, 0xC6,
  0x23, 0xB6, 0xDE, 0x20, 0x4B, 0xD5, 0xE6, 0x44, 0x19, 0xFB,
  0x23, 0x59, 0x54, 0xCC, 0xF0, 0xE4, 0x35, 0xC3, 0x35, 0xE0,
  0x09, 0x3F, 0xE6, 0x10, 0xDD, 0xDE, 0xA1, 0xD5, 0x4D, 0x3B,
  0xE0, 0x07, 0xEF, 0xA2, 0x21, 0x63, 0x56, 0xE0, 0x07, 0x05,
  0xF5, 0x30, 0xED, 0x44, 0x35, 0xF5, 0xFB, 0xD8, 0x58, 0x26,
  0x16, 0xE0, 0xCD, 0x34, 0x1E, 0xC0, 0xCA, 0xCF, 0xC9, 0xF4,
  0x5F, 0x19, 0xE9, 0xAF, 0x27, 0xE9, 0xDC, 0x3E, 0xF9, 0xD6,
  0x1E, 0x34, 0xC3, 0x02, 0x1B, 0x0E, 0x39, 0x05, 0xEA, 0x47,
  0x20, 0x3E, 0x50, 0xE0, 0xE3, 0xF8, 0xEB, 0x17, 0xC8, 0x16,
  0xEF, 0x17, 0x40, 0xCD, 0xCE, 0xB0, 0x26, 0xD6, 0x15, 0x0E,
  0x1C, 0x2A, 0xD8, 0xC1, 0xF2, 0xE4, 0x2B, 0xDA, 0xEF, 0xFB,
  0x34, 0x45, 0x49, 0xFD, 0xF2, 0x2E, 0x12, 0x5C, 0x69, 0x46,
  0x04, 0xE4, 0x24, 0x60, 0x18, 0xBB, 0x1B, 0xC5, 0x39, 0xD2,
  0xDF, 0x00, 0x7F, 0x4B, 0xED, 0x40, 0xED, 0xFD, 0x3B, 0xC6,
  0x30, 0x12, 0xF0, 0xCC, 0xEB, 0x01, 0x51, 0xCA, 0x2A, 0x0D,
  0xD4, 0x57, 0x16, 0x49, 0xE3, 0x0E, 0x95, 0x0B, 0xEB, 0x11,
  0x22, 0x64, 0xA6, 0xBC, 0x40, 0xF9, 0x18, 0xFE, 0xDE, 0xDD,
  0xD8, 0x23, 0x36, 0xF5, 0x48, 0x20, 0xD0, 0x1F, 0x57, 0x31,
  0xE6, 0xFA, 0xAD, 0x21, 0xFE, 0x34, 0x0F, 0x21, 0xEB, 0xDD,
  0x17, 0xDF, 0x0C, 0xFD, 0xF0, 0xC3, 0x0C, 0xDD, 0xF7, 0x27,
  0xD4, 0xD7, 0xC9, 0x31, 0x14, 0x02, 0x42, 0x13, 0xDC, 0x11,
  0x43, 0xE9, 0x45, 0x28, 0xFE, 0x15, 0x21, 0xEA, 0xF8, 0x59,
  0xD7, 0x28, 0xED, 0x2E, 0xEF, 0x66, 0xBC, 0xE6, 0xDA, 0xD3,
  0x1B, 0xD8, 0x14, 0xCE, 0x1C, 0x1A, 0x27, 0xE3, 0xD4, 0xDF,
  0x47, 0x25, 0x34, 0xBA, 0xDD, 0x0A, 0x8D, 0x21, 0x1F, 0xFA,
  0xF1, 0xD2, 0xEF, 0xE6, 0x14, 0xD3, 0xED, 0xFE, 0xCB, 0xC6,
  0xF4, 0xDC, 0xEC, 0x11, 0x08, 0x06, 0x37, 0xEA, 0x14, 0xCB,
  0x3C, 0xD4, 0xD0, 0xC7, 0x5C, 0x2A, 0x57, 0xD2, 0x85, 0x30,
  0x50, 0x4A, 0x02, 0x3C, 0xF0, 0xBC, 0xCC, 0xC8, 0x24, 0x3B,
  0xED, 0x38, 0x36, 0x03, 0x09, 0xC8, 0xCC, 0xCE, 0xE1, 0x16,
  0x5F, 0xC8, 0x46, 0xF0, 0xF5, 0x04, 0xF0, 0x3F, 0x06, 0x13,
  0x81, 0x35, 0xEA, 0x1A, 0xE6, 0x1A, 0x2E, 0x18, 0x34, 0xDD,
  0x02, 0xF3, 0xEE, 0xD6, 0xFE, 0x31, 0x0A, 0xEF, 0xFD, 0xF9,
  0xC9, 0xDD, 0x1C, 0x1C, 0x12, 0x22, 0xEC, 0xE1, 0xD2, 0xE1,
  0x12, 0x4C, 0xD7, 0x0F, 0x1B, 0x1D, 0xFB, 0x69, 0xDF, 0x19,
  0xEF, 0xE6, 0xE2, 0x37, 0xDC, 0xF4, 0x0C, 0xDE, 0xBA, 0x31,
  0x1B, 0x2A, 0x1D, 0xC9, 0x4F, 0x0C, 0x09, 0x41, 0xFE, 0x22,
  0x28, 0x11, 0xCA, 0xDF, 0x38, 0xFA, 0xE9, 0x0A, 0x30, 0x54,
  0x39, 0x26, 0xEE, 0xD7, 0xD7, 0x0D, 0x04, 0x58, 0xFF, 0x0B,
  0xF5, 0xEB, 0xFC, 0x10, 0x3B, 0x2D, 0x03, 0x02, 0xF6, 0xF9,
  0x54, 0x14, 0xFA, 0x21, 0xEE, 0xEB, 0x00, 0x18, 0x30, 0xEF,
  0xF0, 0x58, 0x46, 0x21, 0xE2, 0x06, 0x19, 0xF1, 0xD6, 0x35,
  0x27, 0x3F, 0x03, 0x27, 0x1F, 0x25, 0x12, 0xFA, 0x08, 0x12,
  0xD8, 0xFE, 0xF6, 0x4E, 0x16, 0x39, 0xF7, 0xF0, 0xF4, 0x14,
  0x07, 0xCB, 0xEC, 0x36, 0x2D, 0x18, 0xC9, 0x11, 0x18, 0x14,
  0x09, 0x0A, 0x30, 0x1C, 0x07, 0xED, 0x25, 0x49, 0x38, 0xDD,
  0x1B, 0xDC, 0xB9, 0xE4, 0xD2, 0x18, 0xE6, 0x14, 0x1E, 0x0D,
  0x26, 0xF6, 0x0A, 0xA8, 0x25, 0x11, 0xE5, 0x11, 0xF8, 0xCB,
  0xF0, 0xFE, 0xD2, 0xEB, 0x29, 0x05, 0x4F, 0x05, 0x01, 0x16,
  0x23, 0xEF, 0x11, 0x16, 0xE8, 0x1F, 0xE3, 0xDC, 0x02, 0x1E,
  0x27, 0x32, 0x07, 0xE0, 0x11, 0x81, 0x03, 0xF1, 0x0E, 0xF2,
  0x1F, 0xC4, 0x0E, 0xBC, 0xE3, 0x0D, 0x41, 0x1D, 0xE6, 0x14,
  0xCF, 0xFE, 0x04, 0x02, 0xDB, 0x19, 0xEC, 0x2C, 0xEB, 0xF8,
  0xF6, 0x39, 0x1A, 0x16, 0x46, 0x20, 0xDC, 0x93, 0x07, 0xE2,
  0xF4, 0x40, 0x20, 0xE1, 0x1D, 0x9B, 0xE5, 0xF3, 0x2E, 0x15,
  0x30, 0x0C, 0xDE, 0xFE, 0xD8, 0x17, 0x40, 0xFA, 0xF5, 0x3D,
  0x4A, 0x1F, 0x06, 0x34, 0xDE, 0x2B, 0x4A, 0x0E, 0xC9, 0xD0,
  0xE3, 0x07, 0x3A, 0x4B, 0xEE, 0x1E, 0xE3, 0xAD, 0xFD, 0x1F,
  0x40, 0x0A, 0x05, 0xFC, 0xD6, 0xEF, 0xF3, 0x0C, 0xF1, 0xC2,
  0x21, 0xDE, 0x4A, 0xCB, 0xC7, 0xEF, 0x06, 0x01, 0x94, 0x0C,
  0x01, 0xEA, 0x1E, 0x2E, 0xB1, 0xE4, 0xB5, 0xF4, 0x26, 0xCF,
  0x07, 0x06, 0xF3, 0xCC, 0xCC, 0xF3, 0x1D, 0xFA, 0x04, 0xF1,
  0xF9, 0xF0, 0xCA, 0x19, 0x2D, 0xED, 0xC4, 0xD9, 0x2D, 0xF6,
  0xEB, 0x03, 0xBD, 0xF3, 0x03, 0x19, 0xCE, 0x31, 0xEB, 0xCD,
  0x18, 0xF8, 0xF3, 0xC6, 0xD8, 0xC4, 0x21, 0x0E, 0x00, 0xF9,
  0x1C, 0xF5, 0xB1, 0xED, 0xD8, 0x22, 0xD6, 0xF6, 0xE5, 0xFD,
  0x10, 0x1F, 0x15, 0x31, 0xB4, 0xE4, 0xF6, 0x27, 0xDC, 0x01,
  0xE8, 0x1F, 0x3E, 0x12, 0xFB, 0x81, 0x0E, 0xEC, 0xCF, 0xF9,
  0x2D, 0xF6, 0xFC, 0xB8, 0xBF, 0xF2, 0xE0, 0x15, 0x12, 0xFB,
  0x09, 0x0A, 0xE7, 0xF2, 0xCB, 0x3F, 0xAE, 0x01, 0x14, 0x12,
  0x00, 0xFB, 0x0C, 0x0C, 0x07, 0x03, 0xD4, 0xE2, 0xEC, 0xF8,
  0xD5, 0x16, 0xCB, 0xD4, 0x03, 0xED, 0x00, 0xD7, 0xD8, 0x34,
  0x43, 0x28, 0x22, 0x2D, 0xE4, 0xEC, 0xFB, 0x2F, 0x09, 0x04,
  0xD7, 0x01, 0xFC, 0xEE, 0x01, 0x15, 0x39, 0xCB, 0xE9, 0xEB,
  0xE2, 0xDB, 0xC2, 0x02, 0xEB, 0xE7, 0x15, 0xF1, 0xB9, 0xE6,
  0xFC, 0xD4, 0x28, 0xE5, 0xF2, 0x09, 0xF9, 0x50, 0xE3, 0xE4,
  0xEC, 0x08, 0x2F, 0x28, 0xED, 0x0A, 0xCF, 0xCC, 0x2D, 0xE1,
  0xFE, 0xF2, 0xDD, 0xCB, 0xB6, 0xEF, 0xCB, 0x13, 0x1E, 0xE0,
  0xCB, 0x1E, 0xCB, 0x30, 0x40, 0x11, 0xDC, 0xDA, 0x1C, 0x55,
  0x0B, 0x24, 0xF1, 0xED, 0xE2, 0x0F, 0xDE, 0xD1, 0xD9, 0xEE,
  0x42, 0xF0, 0xD3, 0xCD, 0xC2, 0xD3, 0xF4, 0x10, 0xF5, 0xB8,
  0x17, 0x08, 0xF6, 0x01, 0xE9, 0xE0, 0xF9, 0xB2, 0xFB, 0xF9,
  0xDB, 0x09, 0xB5, 0x09, 0x1C, 0xE9, 0xDE, 0x16, 0xEB, 0xB3,
  0x19, 0xCD, 0x1B, 0x54, 0xF3, 0xE3, 0xEC, 0xF5, 0xCE, 0x19,
  0xB4, 0xEA, 0x1E, 0x09, 0x1B, 0xF5, 0x01, 0xD7, 0x04, 0x20,
  0xEA, 0xF7, 0x09, 0x05, 0x13, 0xC7, 0x27, 0x41, 0xE2, 0xE6,
  0xF3, 0xD3, 0x38, 0xF1, 0x31, 0x3A, 0xD3, 0xED, 0x1E, 0xDB,
  0x03, 0x07, 0x07, 0xED, 0xFF, 0x31, 0x03, 0xD8, 0xBD, 0xEC,
  0xD7, 0xEA, 0xF4, 0xC9, 0xF0, 0xDA, 0xD4, 0xE9, 0xF7, 0x0E,
  0xE3, 0xB4, 0x50, 0xC1, 0x25, 0xA6, 0x16, 0xEC, 0x0D, 0xC6,
  0xFB, 0x23, 0xDB, 0x1D, 0xFD, 0xEC, 0xF8, 0x2D, 0xEB, 0x3A,
  0xE3, 0x0A, 0xF6, 0x25, 0xED, 0xEA, 0xAC, 0xE9, 0xD3, 0xC7,
  0xFE, 0x0E, 0xCF, 0xBE, 0x4D, 0x99, 0x1D, 0x81, 0x27, 0x1A,
  0xF3, 0x10, 0xDA, 0x16, 0xCC, 0x09, 0x0B, 0xA7, 0x01, 0x00,
  0xE6, 0xD1, 0xD5, 0xD0, 0x0C, 0xD6, 0x41, 0xC5, 0xC0, 0x0F,
  0xEA, 0xDA, 0x15, 0xF8, 0xE5, 0xAA, 0x15, 0xD7, 0x17, 0xA5,
  0x36, 0xEB, 0x0A, 0x01, 0x20, 0xF4, 0xFA, 0xFC, 0x1D, 0xB5,
  0xF0, 0xE8, 0x3F, 0x34, 0xDC, 0x11, 0xD2, 0x19, 0x27, 0xE7,
  0xB8, 0x35, 0xC1, 0xC3, 0x44, 0x09, 0x25, 0xDC, 0x59, 0xB9,
  0x08, 0xC1, 0xE1, 0xDA, 0x0F, 0x05, 0x02, 0xDB, 0x22, 0x17,
  0x0F, 0xAE, 0x1A, 0x43, 0x0D, 0x25, 0xDD, 0x17, 0xDD, 0xFC,
  0x0D, 0xBB, 0xDC, 0x3A, 0xC2, 0xD8, 0x12, 0x34, 0xE9, 0xD5,
  0x3F, 0xF2, 0x11, 0xFD, 0xFE, 0x00, 0xEE, 0x0A, 0xF2, 0xF5,
  0x3C, 0xF3, 0x06, 0xAC, 0x5A, 0x0A, 0x3F, 0xE9, 0xE0, 0xEF,
  0x24, 0x13, 0xDA, 0x05, 0xF8, 0x38, 0x1A, 0x36, 0xE8, 0xDF,
  0x1D, 0xEB, 0x11, 0xD2, 0x04, 0x23, 0x0F, 0x04, 0x21, 0x36,
  0xEF, 0x0F, 0x06, 0xEC, 0x0E, 0x2F, 0xE9, 0x2E, 0x22, 0x06,
  0x14, 0x28, 0x07, 0xEA, 0x35, 0xD9, 0xB5, 0xFE, 0x1D, 0xE0,
  0x2E, 0xEF, 0x2F, 0xE8, 0x25, 0xF5, 0xBE, 0xFE, 0x29, 0xD2,
  0x0B, 0x07, 0xEA, 0x24, 0xC5, 0x1C, 0xF7, 0x2A, 0x06, 0x2F,
  0xDE, 0x17, 0xBF, 0x1B, 0x26, 0x23, 0xD7, 0x44, 0xC0, 0xF0,
  0x13, 0x28, 0xDF, 0xF2, 0x09, 0xE1, 0x14, 0x4C, 0xC1, 0x22,
  0x07, 0xEA, 0x2E, 0xDB, 0xFF, 0xF8, 0xF4, 0xFA, 0x1F, 0x2F,
  0x1D, 0xF4, 0x07, 0xE0, 0xC2, 0xEB, 0x23, 0xE0, 0x1D, 0x1D,
  0xCF, 0xE1, 0x0D, 0xE8, 0x17, 0xC2, 0x0C, 0x02, 0xF0, 0x2C,
  0xB7, 0x09, 0xE2, 0x07, 0xD2, 0xD6, 0xEC, 0xEE, 0xE7, 0xFE,
  0x17, 0xD7, 0xF2, 0xEF, 0x1C, 0xC9, 0xD8, 0xFC, 0x21, 0x14,
  0x03, 0x64, 0x00, 0x20, 0x0F, 0xEB, 0xCF, 0xCA, 0x1C, 0xE9,
  0xCA, 0x4D, 0xF4, 0x2E, 0x0F, 0x1E, 0xC1, 0x23, 0x06, 0x23,
  0x37, 0xF6, 0xF0, 0x04, 0xFE, 0x06, 0x04, 0x1F, 0xC9, 0xB7,
  0xF2, 0xD2, 0x03, 0x7B, 0xDC, 0xFA, 0xE1, 0x03, 0x18, 0xC6,
  0x23, 0xF7, 0x05, 0x54, 0xD6, 0x26, 0xB9, 0xEC, 0xE5, 0x3E,
  0x16, 0xF7, 0x05, 0xF5, 0xED, 0xD0, 0x04, 0xBB, 0xC4, 0x0B,
  0xC6, 0xB5, 0x15, 0xDF, 0x16, 0x7F, 0xD8, 0x15, 0x18, 0x18,
  0xEA, 0xC4, 0x47, 0x20, 0x04, 0x71, 0xB7, 0x38, 0xF4, 0xE2,
  0xF6, 0x52, 0x32, 0x16, 0xEF, 0xC1, 0xE0, 0xE6, 0xC8, 0xCB,
  0x18, 0xE4, 0xE0, 0xC3, 0xC1, 0x18, 0x06, 0x33, 0x0D, 0xAF,
  0xA0, 0xE6, 0xB6, 0x19, 0x0D, 0x2B, 0xDD, 0x7F, 0xD8, 0xD9,
  0xD4, 0xE4, 0xEE, 0xD1, 0xC9, 0x1C, 0xDD, 0xA6, 0xD8, 0x07,
  0x8C, 0xF7, 0xE0, 0x3F, 0x00, 0xF2, 0xE5, 0x0F, 0xFF, 0xD2,
  0xB7, 0xA9, 0x9D, 0x02, 0xEC, 0xE3, 0xB5, 0x36, 0xD5, 0x5D,
  0x02, 0x2B, 0xA6, 0xD0, 0xD3, 0x0A, 0xBC, 0x27, 0xD7, 0xBA,
  0xC3, 0x22, 0xE7, 0x19, 0x15, 0xF5, 0xD1, 0xDF, 0x0A, 0xC4,
  0x13, 0x29, 0x00, 0xE0, 0x05, 0xD2, 0xCC, 0xF0, 0x18, 0xFB,
  0x19, 0x5B, 0x1F, 0x07, 0xFD, 0xF2, 0x18, 0xF7, 0xC5, 0x0F,
  0x08, 0x0A, 0xF0, 0xFE, 0xB4, 0xEA, 0xE0, 0xFB, 0xCD, 0x1A,
  0xDF, 0xAE, 0xCE, 0xF5, 0x46, 0xCD, 0xFD, 0xB7, 0xF1, 0x19,
  0x08, 0x2D, 0x37, 0x43, 0xC8, 0x08, 0xAE, 0x02, 0xD5, 0x29,
  0x98, 0xC7, 0xAC, 0xEF, 0xC2, 0x06, 0xC6, 0xC1, 0x19, 0xF9,
  0xE6, 0x04, 0xE1, 0xC7, 0xF1, 0x3D, 0xDD, 0x00, 0xE7, 0xE5,
  0x19, 0xF8, 0x03, 0x32, 0xD0, 0x4B, 0x4A, 0xF3, 0xD6, 0x4A,
  0xEE, 0xE5, 0x86, 0x13, 0x03, 0xC1, 0xCD, 0x04, 0xB6, 0x27,
  0xDA, 0xF5, 0xF2, 0xCF, 0xD9, 0xD9, 0xDC, 0x0F, 0x51, 0x11,
  0x14, 0x05, 0x07, 0x62, 0xE6, 0x0A, 0xDF, 0x58, 0x38, 0x01,
  0xB5, 0x10, 0x02, 0x1F, 0x83, 0xB1, 0xC1, 0x01, 0x0A, 0x4A,
  0x0B, 0x0E, 0xCF, 0xE6, 0xE4, 0x08, 0xC4, 0x1B, 0xC3, 0x42,
  0x01, 0xEB, 0x26, 0x10, 0xFE, 0xD4, 0xFE, 0x2E, 0xC6, 0x6E,
  0xE3, 0xF8, 0xB3, 0xF2, 0x2B, 0x3A, 0xD0, 0xB8, 0xC9, 0xC4,
  0xAA, 0x03, 0xD9, 0xBD, 0xF9, 0x0A, 0xFF, 0xFF, 0x3B, 0x0E,
  0x17, 0xF8, 0x02, 0x02, 0x36, 0xC8, 0x14, 0x11, 0xF2, 0xF2,
  0xF0, 0x2F, 0x30, 0xBB, 0x14, 0x03, 0x21, 0x48, 0x25, 0x28,
  0x21, 0x24, 0x02, 0x1A, 0x34, 0x27, 0x20, 0x2C, 0xE1, 0x05,
  0x29, 0x0A, 0x0C, 0x16, 0xE4, 0x28, 0x48, 0x06, 0xE5, 0x00,
  0xDC, 0xFD, 0x39, 0x07, 0x15, 0xEC, 0xEC, 0x1A, 0x18, 0x5A,
  0x1E, 0x0D, 0x0E, 0x12, 0xE9, 0x23, 0x0E, 0x45, 0x40, 0xEA,
  0xF6, 0x0B, 0x15, 0x12, 0x4A, 0xF4, 0xF7, 0xF0, 0x18, 0x15,
  0x19, 0xEE, 0xE0, 0xFE, 0xFA, 0x11, 0x2A, 0xDE, 0xFB, 0x20,
  0x18, 0x0C, 0x65, 0x24, 0x11, 0xE7, 0x1D, 0x2F, 0x31, 0x4F,
  0x12, 0xF9, 0xDE, 0xF2, 0x4D, 0x40, 0xF8, 0xD2, 0x00, 0xE7,
  0x1D, 0x22, 0x09, 0xE5, 0xE2, 0xF7, 0x2B, 0x08, 0x00, 0x0D,
  0xEC, 0xDB, 0x0B, 0x04, 0x67, 0x21, 0x00, 0x23, 0x2D, 0x13,
  0x18, 0x39, 0xF9, 0xF6, 0xEE, 0x2C, 0x11, 0x3C, 0x07, 0x03,
  0x0A, 0x37, 0x42, 0xF3, 0x27, 0xD6, 0x08, 0x2F, 0x3E, 0x0C,
  0xBA, 0xDF, 0xE5, 0xB7, 0x08, 0x14, 0x53, 0x30, 0x32, 0x1A,
  0x2E, 0x22, 0x0F, 0xFB, 0x20, 0xEA, 0xE9, 0x0F, 0xF9, 0x2B,
  0x31, 0xF1, 0xD3, 0xF8, 0x45, 0x25, 0x11, 0x81, 0xDF, 0x28,
  0x38, 0x0C, 0xBC, 0xCD, 0x05, 0xC2, 0x1E, 0x0F, 0x17, 0x2A,
  0x25, 0xD5, 0x13, 0x29, 0x0E, 0xDB, 0x25, 0xF5, 0xEC, 0xF4,
  0x3C, 0x3B, 0x18, 0xCE, 0xDF, 0x22, 0x5D, 0x04, 0xCE, 0x91,
  0xFC, 0x03, 0xEF, 0xFD, 0xEE, 0x09, 0xE2, 0xBC, 0x06, 0x25,
  0x44, 0x19, 0x3E, 0x04, 0xE8, 0xED, 0x59, 0xDA, 0x0F, 0x57,
  0xF6, 0x60, 0xDC, 0xFC, 0xC8, 0xFF, 0x37, 0xF3, 0x33, 0xB2,
  0xDA, 0xEB, 0x31, 0x1F, 0x21, 0x2E, 0xF9, 0x4E, 0xC2, 0x01,
  0x4F, 0x0E, 0xCB, 0x9B, 0xE3, 0xEE, 0xFB, 0x25, 0xE4, 0x2B,
  0xF9, 0xD5, 0xDE, 0x30, 0x1A, 0x09, 0x04, 0x1C, 0x43, 0xCB,
  0xEE, 0xEA, 0xF0, 0xC4, 0xEF, 0x7F, 0xDB, 0x4D, 0xD8, 0x23,
  0xFC, 0x04, 0x0B, 0x0B, 0xD3, 0xF3, 0x0F, 0xFB, 0x41, 0xD6,
  0x2C, 0xEE, 0xEB, 0x15, 0xDE, 0x3A, 0x27, 0xC9, 0xBC, 0x1F,
  0x30, 0x29, 0x00, 0x2B, 0xD6, 0x10, 0xD3, 0x0D, 0x22, 0xFE,
  0xEF, 0xB8, 0x90, 0x02, 0x1F, 0x20, 0x0C, 0xBA, 0xF7, 0x1F,
  0x32, 0xEC, 0xDD, 0xF9, 0xD1, 0x30, 0xDC, 0x4F, 0x18, 0x06,
  0xE6, 0xF4, 0x25, 0xFC, 0x64, 0xAA, 0x29, 0x15, 0x1F, 0x30,
  0xD4, 0x30, 0xE5, 0x1B, 0xBC, 0x07, 0x40, 0xBB, 0xC2, 0xAA,
  0xF1, 0xD3, 0x17, 0x0C, 0xC6, 0x09, 0xF1, 0x16, 0x0B, 0xFD,
  0x1D, 0xBE, 0xAC, 0xFD, 0xEB, 0xCB, 0xFB, 0xF9, 0x11, 0x13,
  0x22, 0x2A, 0xFA, 0x09, 0xF8, 0x12, 0xB7, 0x07, 0x0D, 0xCE,
  0xB1, 0xED, 0x05, 0x31, 0x00, 0xE5, 0x29, 0xD1, 0xB7, 0xCF,
  0xFA, 0xFB, 0x3B, 0x2C, 0xFD, 0xF7, 0x17, 0x0B, 0x30, 0xBD,
  0x03, 0xF3, 0x0B, 0x1F, 0x01, 0x0E, 0x12, 0xE6, 0xDF, 0xC4,
  0x02, 0x15, 0xE6, 0xBA, 0xF4, 0xDC, 0x02, 0xBE, 0x16, 0x08,
  0x05, 0x0A, 0xD9, 0x49, 0x0F, 0xE2, 0xB4, 0xE7, 0x08, 0x13,
  0xF4, 0xAF, 0x11, 0xF5, 0xED, 0x18, 0xEA, 0x38, 0x18, 0xBC,
  0xBA, 0xCD, 0x3C, 0xD5, 0xD2, 0xB5, 0xE4, 0x38, 0x35, 0x3C,
  0xEF, 0xF7, 0xF2, 0xB8, 0x10, 0xE1, 0x09, 0x3C, 0x2A, 0xE7,
  0xD5, 0x14, 0xBA, 0x29, 0xFC, 0x21, 0xFD, 0x13, 0x14, 0x2C,
  0xAD, 0x13, 0xDA, 0x2D, 0x0C, 0xCF, 0x29, 0xDF, 0x0F, 0xFD,
  0x20, 0xF4, 0x2B, 0xE3, 0xF1, 0x0A, 0x09, 0xEC, 0x0E, 0x37,
  0x02, 0x20, 0xDA, 0xE7, 0xC6, 0xD7, 0x45, 0x3F, 0x49, 0xE1,
  0xFE, 0xD4, 0x15, 0x3F, 0x01, 0x16, 0x28, 0x07, 0x02, 0xC9,
  0x2A, 0xEF, 0xF9, 0x02, 0xEC, 0xFC, 0xE6, 0xF1, 0x55, 0xF9,
  0x26, 0x1E, 0xCC, 0xED, 0x2E, 0x49, 0xB0, 0x5A, 0xF6, 0x32,
  0xF3, 0x59, 0xEF, 0x15, 0x22, 0x4D, 0x24, 0x11, 0xA2, 0xE5,
  0xF0, 0x15, 0x03, 0x3C, 0x21, 0x10, 0x2B, 0x0E, 0x15, 0x17,
  0x81, 0xF9, 0xE5, 0xF9, 0x31, 0xF4, 0x07, 0x11, 0xD1, 0xDB,
  0x20, 0x2D, 0xD7, 0xD2, 0xE1, 0x02, 0xAD, 0xF0, 0x07, 0x03,
  0xBD, 0xC9, 0x21, 0xD2, 0xA6, 0x18, 0x61, 0xF0, 0x42, 0xF7,
  0x4C, 0xE9, 0xEC, 0x13, 0x02, 0xF7, 0xBD, 0xE1, 0x2D, 0x46,
  0xDD, 0x37, 0x55, 0x79, 0x45, 0xD1, 0xBB, 0xAD, 0xE6, 0x3F,
  0x25, 0x38, 0xC9, 0x2F, 0x09, 0x32, 0x2C, 0x26, 0xC4, 0xFD,
  0x37, 0xF8, 0xD7, 0xE3, 0xE6, 0x2C, 0x36, 0xFE, 0xC8, 0x21,
  0x0F, 0xEF, 0x00, 0xFC, 0x1E, 0x28, 0xEF, 0x22, 0xCB, 0x02,
  0x06, 0x37, 0x34, 0x3C, 0xEA, 0xE7, 0x07, 0xB4, 0x23, 0x12,
  0x3D, 0xAA, 0x12, 0xCB, 0xDB, 0x25, 0xD4, 0xE5, 0xE6, 0x16,
  0x0F, 0x1A, 0x0F, 0x3E, 0x9E, 0xFE, 0x3E, 0x4A, 0x0C, 0xCE,
  0xEC, 0xA4, 0xFE, 0xD8, 0x20, 0xE4, 0xC4, 0x12, 0x1F, 0xE5,
  0xD6, 0x06, 0xE3, 0x00, 0xED, 0x43, 0xC0, 0x0D, 0x87, 0x40,
  0x39, 0x39, 0x20, 0xEE, 0xC9, 0xD3, 0x21, 0xE0, 0x32, 0x60,
  0x7A, 0xC4, 0xC4, 0xF9, 0xED, 0x56, 0xE8, 0xDC, 0x36, 0xAA,
  0xDD, 0xE8, 0xF3, 0x37, 0x3B, 0xF9, 0xDD, 0x43, 0xC3, 0xD3,
  0x15, 0xCB, 0xD5, 0x1C, 0xDE, 0x29, 0x13, 0x3D, 0x38, 0x43,
  0xDE, 0xEC, 0xDB, 0xCD, 0xEE, 0xE0, 0xB7, 0x41, 0x1F, 0x4D,
  0x21, 0xDE, 0xFA, 0xBD, 0xF7, 0x27, 0x3A, 0xDD, 0x1B, 0xFF,
  0x00, 0x02, 0xE3, 0x2D, 0xD0, 0x05, 0x0D, 0x3D, 0x1C, 0xF5,
  0xE7, 0x07, 0xFB, 0x62, 0xFD, 0x53, 0xDC, 0x27, 0xA8, 0x52,
  0x52, 0xE8, 0x25, 0xDB, 0x03, 0xC3, 0x27, 0x1D, 0x16, 0xC0,
  0x1D, 0xA8, 0xD0, 0xC4, 0xE8, 0x11, 0x4D, 0xD7, 0x0E, 0x0F,
  0xF1, 0x22, 0xE7, 0x21, 0xDC, 0x70, 0x15, 0xD4, 0xF1, 0xAF,
  0x40, 0xFE, 0x10, 0xF8, 0x01, 0x18, 0xE3, 0x9E, 0xEA, 0xD7,
  0x37, 0x0D, 0x02, 0x2C, 0x1E, 0xDC, 0x01, 0x26, 0x17, 0x38,
  0xDD, 0x26, 0xD1, 0x22, 0xF0, 0xDA, 0xCC, 0x47, 0x13, 0xCB,
  0xF2, 0x05, 0xE9, 0x7F, 0xD1, 0x16, 0xC3, 0xD7, 0x08, 0x0F,
  0xD0, 0xE5, 0x36, 0x1E, 0x40, 0xBC, 0xBD, 0xF5, 0x24, 0x1E,
  0xF7, 0xF4, 0xE1, 0xF3, 0xE9, 0x01, 0xE9, 0x49, 0x3C, 0x03,
  0x17, 0x27, 0xAD, 0xD0, 0xAC, 0xDA, 0x25, 0x74, 0xE4, 0x02,
  0x09, 0x0C, 0x0F, 0x1E, 0xB3, 0xC6, 0x0B, 0x1B, 0xD5, 0x33,
  0x4B, 0xD7, 0xB6, 0xD4, 0x14, 0x18, 0x5B, 0x49, 0x04, 0xD8,
  0xBD, 0x1B, 0xBA, 0x44, 0xAA, 0xDF, 0x1F, 0xFA, 0xF7, 0xD7,
  0xD2, 0x39, 0xF8, 0x96, 0xD5, 0x23, 0xC8, 0xCC, 0x52, 0x29,
  0xBB, 0xF3, 0x34, 0x18, 0xCF, 0xF5, 0xB5, 0xD3, 0xFC, 0xF6,
  0xEC, 0xCA, 0xB1, 0xE1, 0xC6, 0x3E, 0xBA, 0xA2, 0xC9, 0xE6,
  0x2F, 0x01, 0x03, 0x0F, 0x3C, 0x1A, 0x0C, 0xEA, 0xF8, 0xBB,
  0x0E, 0x81, 0xE1, 0xC4, 0x30, 0x07, 0xD0, 0xFF, 0x09, 0xFF,
  0x06, 0xBA, 0x14, 0x2E, 0xBA, 0x03, 0xE4, 0xF5, 0xE9, 0xC0,
  0xB0, 0xE8, 0xFF, 0xFC, 0xF2, 0xF2, 0x31, 0xC2, 0xE6, 0xC5,
  0xCC, 0xF0, 0x12, 0xBF, 0xBB, 0x1A, 0xE3, 0xDD, 0x14, 0x48,
  0x16, 0xCD, 0xDB, 0xAD, 0x1E, 0x2D, 0xD1, 0xEA, 0xEA, 0xD4,
  0x02, 0x04, 0xD5, 0xFA, 0x4A, 0xF1, 0x06, 0x10, 0x47, 0x1A,
  0x03, 0x04, 0x08, 0xF9, 0x43, 0xDD, 0xB5, 0x18, 0x0E, 0xDB,
  0xF3, 0xF2, 0xE7, 0x0F, 0xE4, 0xD5, 0xFC, 0x29, 0xD7, 0xED,
  0x09, 0xD1, 0xD2, 0xDC, 0xE2, 0xF8, 0x19, 0xE9, 0x01, 0xF7,
  0x3B, 0x07, 0x27, 0xD4, 0xE1, 0xFC, 0x1B, 0xF2, 0x1A, 0xE5,
  0xB6, 0xD2, 0x0E, 0x00, 0x1B, 0xE4, 0xC6, 0xFF, 0xC5, 0x30,
  0xD2, 0xF7, 0xFE, 0xD2, 0x10, 0xE5, 0xF1, 0xDB, 0x41, 0x36,
  0x00, 0xF9, 0xE6, 0xD5, 0x05, 0x10, 0xFC, 0x2F, 0x4C, 0xAC,
  0xFD, 0xD6, 0xE9, 0x1D, 0xBF, 0x1D, 0xF1, 0xCA, 0xD7, 0x14,
  0xD9, 0x0F, 0xD2, 0x04, 0xD0, 0xD4, 0x22, 0xE9, 0xED, 0x05,
  0x0C, 0x14, 0x03, 0x01, 0xDE, 0xD9, 0xD3, 0xEB, 0xB0, 0xD9,
  0x2E, 0xBF, 0xCC, 0x28, 0x00, 0xCF, 0x0D, 0x48, 0x36, 0xD9,
  0xCB, 0x22, 0xC0, 0xDC, 0xC5, 0x24, 0xC4, 0xAA, 0x1A, 0xE0,
  0xF4, 0xE6, 0x53, 0x0A, 0x1A, 0xF7, 0x1E, 0xFB, 0xE0, 0x49,
  0xE8, 0xCC, 0xFA, 0x09, 0x62, 0xEB, 0xFF, 0xFF, 0x04, 0x00,
  0x00, 0x00, 0x00, 0x01, 0x00, 0x00, 0xDA, 0x43, 0x00, 0x00,
  0x14, 0x65, 0x00, 0x00, 0x1E, 0x00, 0x00, 0x00, 0x8F, 0xDE,
  0xFF, 0xFF, 0x8D, 0x26, 0x00, 0x00, 0x05, 0xFA, 0xFF, 0xFF,
  0xB4, 0x28, 0x00, 0x00, 0xA1, 0x2E, 0x00, 0x00, 0xAE, 0x4D,
  0x00, 0x00, 0x6C, 0x1A, 0x00, 0x00, 0x78, 0x56, 0x00, 0x00,
  0x3C, 0x25, 0x00, 0x00, 0x2E, 0x40, 0x00, 0x00, 0xBE, 0x76,
  0x00, 0x00, 0x60, 0x38, 0x00, 0x00, 0x5A, 0x04, 0x00, 0x00,
  0xFA, 0x73, 0x00, 0x00, 0x37, 0x1D, 0x00, 0x00, 0x79, 0xCE,
  0xFF, 0xFF, 0x10, 0xFE, 0xFF, 0xFF, 0x8D, 0xB7, 0xFF, 0xFF,
  0x99, 0xAA, 0xFF, 0xFF, 0x82, 0x1D, 0x00, 0x00, 0x09, 0x17,
  0x00, 0x00, 0x34, 0x2A, 0x00, 0x00, 0x03, 0xB0, 0xFF, 0xFF,
  0x01, 0x13, 0x00, 0x00, 0x99, 0xFE, 0xFF, 0xFF, 0xA5, 0x01,
  0x00, 0x00, 0xB0, 0x1A, 0x00, 0x00, 0xCA, 0x0E, 0x00, 0x00,
  0x9C, 0x46, 0x00, 0x00, 0x40, 0x30, 0x00, 0x00, 0x09, 0xF9,
  0xFF, 0xFF, 0xE0, 0x0B, 0x00, 0x00, 0x2A, 0x12, 0x00, 0x00,
  0x0D, 0xA9, 0xFF, 0xFF, 0xD0, 0x21, 0x00, 0x00, 0xB6, 0x69,
  0x00, 0x00, 0x3C, 0xF7, 0xFF, 0xFF, 0xA9, 0xD1, 0xFF, 0xFF,
  0x0C, 0x61, 0x00, 0x00, 0xE4, 0x23, 0x00, 0x00, 0x00, 0x1E,
  0x00, 0x00, 0x47, 0xD3, 0xFF, 0xFF, 0x42, 0x32, 0x00, 0x00,
  0x9B, 0xFE, 0xFF, 0xFF, 0xF4, 0xC2, 0xFF, 0xFF, 0x17, 0xF9,
  0xFF, 0xFF, 0x3A, 0x45, 0x00, 0x00, 0x9E, 0xFC, 0xFF, 0xFF,
  0x15, 0x22, 0x00, 0x00, 0x0E, 0xBC, 0xFF, 0xFF, 0xD0, 0xFC,
  0xFF, 0xFF, 0x38, 0xD1, 0xFF, 0xFF, 0x34, 0x42, 0x00, 0x00,
  0x28, 0x48, 0x00, 0x00, 0x7E, 0x00, 0x00, 0x00, 0x8D, 0x46,
  0x00, 0x00, 0x01, 0xB2, 0xFF, 0xFF, 0xE7, 0x0F, 0x00, 0x00,
  0x87, 0xF6, 0xFF, 0xFF, 0x4D, 0x00, 0x00, 0x00, 0xB9, 0x4F,
  0x00, 0x00, 0x6E, 0xEC, 0xFF, 0xFF, 0x04, 0x00, 0x00, 0x00,
  0x00, 0x10, 0x00, 0x00, 0x16, 0xDF, 0xFD, 0xE7, 0xE2, 0xF3,
  0x00, 0x17, 0xBE, 0xC0, 0x26, 0x1F, 0x2A, 0x27, 0xEC, 0x0B,
  0xD3, 0x08, 0x11, 0xF3, 0xF5, 0xEF, 0x36, 0xC5, 0xFD, 0x12,
  0xE0, 0xDD, 0x28, 0x1C, 0xC6, 0xFE, 0xB3, 0x24, 0x06, 0xE2,
  0xF7, 0x05, 0x05, 0xE3, 0x1E, 0xFE, 0x04, 0x2C, 0x34, 0xED,
  0xE5, 0xF9, 0xE2, 0x49, 0xDF, 0xD5, 0x01, 0x3D, 0xFF, 0x10,
  0x1D, 0x15, 0xAE, 0xC4, 0x13, 0x11, 0x3C, 0x15, 0xFE, 0xD7,
  0xC4, 0xE1, 0xE7, 0x3F, 0x1B, 0xE6, 0xF2, 0x0D, 0x14, 0xD1,
  0x0D, 0xCF, 0x02, 0x29, 0xD1, 0xE9, 0x3A, 0x14, 0xB4, 0x06,
  0xDC, 0x0A, 0x2B, 0x10, 0x47, 0xEA, 0xF9, 0x29, 0x40, 0x46,
  0x31, 0x33, 0x03, 0x14, 0xC6, 0x2E, 0xEE, 0x46, 0xD0, 0x1B,
  0xC0, 0x25, 0xCC, 0xD9, 0x35, 0xD8, 0x08, 0x1E, 0x20, 0xC5,
  0xDE, 0xCE, 0xD7, 0xE7, 0xFA, 0xDA, 0x34, 0xF3, 0xFA, 0xE2,
  0xF1, 0x21, 0xF2, 0xBB, 0x19, 0x2E, 0x02, 0x0F, 0x0E, 0x0D,
  0x1A, 0x14, 0xD4, 0x0D, 0xC8, 0xD9, 0xDC, 0xCB, 0x09, 0xE4,
  0x17, 0xEB, 0xFA, 0xEA, 0x11, 0x22, 0x09, 0x1C, 0x36, 0xEC,
  0x08, 0x1B, 0x1C, 0xE8, 0x06, 0x16, 0x1E, 0x13, 0x0B, 0xDD,
  0x13, 0xF4, 0x3D, 0xE8, 0x34, 0x0F, 0xF2, 0xFA, 0x24, 0xFC,
  0x26, 0x2E, 0xFE, 0x17, 0x05, 0x18, 0xC8, 0xD8, 0xC7, 0xD5,
  0x02, 0x25, 0x0A, 0xE6, 0x02, 0xCE, 0xF9, 0x1B, 0x52, 0xB6,
  0xE8, 0xE8, 0x4B, 0xC4, 0x3A, 0x10, 0x06, 0xC3, 0x47, 0x3C,
  0xE1, 0x0F, 0x41, 0x15, 0xD2, 0xDF, 0xAE, 0xC4, 0x2E, 0x17,
  0x06, 0xDA, 0xC7, 0x10, 0xBD, 0x42, 0xFF, 0x3D, 0xE0, 0xCE,
  0x38, 0xE6, 0xCF, 0x34, 0x24, 0x03, 0xC6, 0xFE, 0xC4, 0x4C,
  0xE7, 0x19, 0x0A, 0xF7, 0x38, 0x42, 0xEC, 0xDE, 0xE1, 0x23,
  0xDE, 0x32, 0x00, 0xF4, 0xCE, 0xD0, 0x23, 0xF5, 0x25, 0x28,
  0x10, 0x35, 0x21, 0xFA, 0x09, 0x27, 0x06, 0xF8, 0xEC, 0xF9,
  0x2F, 0xF5, 0x42, 0x04, 0xE7, 0x32, 0x17, 0x04, 0xFB, 0xF4,
  0x0F, 0xFE, 0xED, 0xDB, 0x4A, 0xEA, 0xD9, 0xD1, 0xCB, 0x03,
  0xD2, 0x33, 0x0D, 0xDB, 0x21, 0x13, 0x29, 0x0A, 0x32, 0xD7,
  0x2F, 0x3F, 0xFC, 0x0A, 0xE1, 0x2C, 0xC4, 0xFE, 0x2C, 0x15,
  0xF4, 0xEF, 0x2E, 0x30, 0xED, 0x06, 0x44, 0x03, 0xEF, 0xE7,
  0x0E, 0x16, 0x1E, 0x1F, 0x45, 0x1C, 0x33, 0xC6, 0x14, 0x29,
  0xE9, 0xC0, 0xF5, 0xFA, 0x27, 0xDC, 0x25, 0x17, 0x25, 0x1A,
  0x1D, 0x38, 0xB6, 0xD3, 0xB7, 0xA0, 0xFD, 0xAE, 0x34, 0xB3,
  0x02, 0x33, 0xF1, 0x28, 0xBB, 0xF9, 0xFC, 0xD6, 0x4E, 0xD4,
  0xCB, 0x15, 0x1B, 0x3B, 0xC1, 0xF2, 0xBC, 0xE9, 0xCD, 0x23,
  0x48, 0xAD, 0x39, 0x38, 0xC9, 0x02, 0x02, 0x30, 0xB8, 0x22,
  0x05, 0xEC, 0xF7, 0xBB, 0xF8, 0xF7, 0xB9, 0x44, 0xE4, 0x1A,
  0x38, 0xE1, 0x17, 0xD1, 0xDD, 0xEA, 0xC9, 0xF8, 0x2B, 0x19,
  0x21, 0x28, 0xDB, 0xC3, 0x03, 0x02, 0xC7, 0xDA, 0x0E, 0xD5,
  0xED, 0x0E, 0x29, 0x06, 0xD2, 0x0E, 0x1F, 0xE3, 0xEF, 0xDB,
  0xEE, 0xFA, 0xF0, 0xD6, 0xFF, 0x24, 0x23, 0x1B, 0x28, 0x00,
  0xD7, 0xF1, 0xFC, 0xDC, 0xEC, 0x16, 0x0B, 0x09, 0xDB, 0xEE,
  0xFE, 0x02, 0xBB, 0xF1, 0x2D, 0xD9, 0x1D, 0xEB, 0xF5, 0xE4,
  0xD8, 0xF8, 0xFC, 0xE0, 0x4B, 0x50, 0xF9, 0x28, 0xFD, 0x1A,
  0x24, 0xFD, 0xFB, 0x2A, 0x06, 0xEA, 0x1D, 0xDB, 0xDF, 0xFE,
  0x02, 0x3D, 0x35, 0x0D, 0x45, 0x62, 0xFA, 0xF9, 0x18, 0x1B,
  0x5F, 0xD3, 0x50, 0x3E, 0x33, 0x11, 0xCE, 0x46, 0x56, 0x06,
  0x25, 0x23, 0x19, 0xEB, 0x11, 0x2E, 0x19, 0x1D, 0xFC, 0x2D,
  0x08, 0xEF, 0x29, 0x64, 0xFC, 0x15, 0x33, 0x33, 0xF5, 0x53,
  0x1A, 0x44, 0x12, 0x39, 0x64, 0xFA, 0xD7, 0xDF, 0xEA, 0x15,
  0x04, 0xE0, 0xF8, 0xE3, 0xCB, 0x1A, 0xF2, 0xE8, 0xDE, 0xF9,
  0x08, 0xE7, 0xF2, 0xE8, 0xF3, 0x1D, 0xD4, 0xDD, 0x37, 0xD1,
  0xE1, 0xD2, 0xFC, 0x22, 0x06, 0xDE, 0xD1, 0x11, 0x31, 0xEC,
  0xF5, 0xD6, 0xE7, 0xE6, 0xF4, 0x0E, 0xF5, 0x2D, 0x1F, 0x04,
  0xD5, 0xDC, 0xF7, 0xDD, 0x21, 0xF5, 0x0E, 0x12, 0xE9, 0xE0,
  0xDB, 0x00, 0x3E, 0xFA, 0xFC, 0x26, 0xEB, 0x15, 0x15, 0xD1,
  0xFA, 0x00, 0xE1, 0xC8, 0x2B, 0xF1, 0x4B, 0x95, 0x2D, 0x16,
  0x21, 0xBC, 0x2B, 0x2C, 0xD9, 0x41, 0x0A, 0x13, 0x90, 0xF7,
  0xB0, 0xA6, 0xE8, 0xC1, 0x34, 0xEF, 0x10, 0xF4, 0xE2, 0x07,
  0xC6, 0xF3, 0x06, 0xC3, 0x24, 0xB6, 0x95, 0x0A, 0xD9, 0xF3,
  0xC2, 0x40, 0xE2, 0x09, 0xFF, 0xC9, 0x1A, 0xD7, 0x4A, 0x32,
  0xB4, 0xF3, 0xE3, 0x28, 0xC3, 0x1C, 0x00, 0xA8, 0x0B, 0xF9,
  0x03, 0xEC, 0xCC, 0x23, 0x03, 0xE2, 0x38, 0xE5, 0xEF, 0x11,
  0x01, 0xD0, 0x37, 0x2A, 0x04, 0x29, 0xC1, 0xF7, 0xF7, 0xC3,
  0xEA, 0x40, 0xE4, 0xC0, 0x15, 0xFC, 0xC9, 0xFA, 0xDB, 0xCF,
  0x21, 0x0D, 0x07, 0x27, 0x03, 0xF1, 0xFF, 0x02, 0xF1, 0xEC,
  0xF8, 0x08, 0x23, 0x13, 0xE8, 0xB3, 0x1A, 0xF7, 0xFE, 0xD8,
  0x1B, 0xDA, 0x1A, 0xCA, 0xF0, 0x2C, 0xE6, 0x25, 0xDB, 0xEE,
  0xE2, 0x30, 0x29, 0x13, 0x14, 0x29, 0xD8, 0xC6, 0xFF, 0x1C,
  0x04, 0x26, 0x17, 0xE2, 0xD3, 0xD4, 0x06, 0xF1, 0x06, 0x0E,
  0xD2, 0x19, 0xCC, 0x1A, 0x0A, 0x05, 0x28, 0x0E, 0x26, 0xF6,
  0x03, 0xE9, 0xCA, 0xFE, 0x38, 0x19, 0xED, 0x01, 0xE3, 0x1A,
  0x01, 0x35, 0x0C, 0x20, 0x24, 0x04, 0x03, 0xD3, 0x0B, 0xE7,
  0x0A, 0xF1, 0x10, 0xF6, 0x00, 0xE2, 0x06, 0xE4, 0x32, 0x3D,
  0x1E, 0xDC, 0x0F, 0xD5, 0xEB, 0xEA, 0xEB, 0x04, 0xDA, 0xC2,
  0xCE, 0x23, 0xE9, 0x0E, 0xE4, 0xDD, 0xA8, 0x17, 0xD6, 0xE5,
  0x18, 0x28, 0x2C, 0x00, 0xF0, 0x2C, 0x11, 0xC8, 0x2F, 0xBE,
  0xE1, 0x2E, 0x19, 0x1C, 0xAB, 0xD4, 0xDA, 0xE0, 0x33, 0x0E,
  0x33, 0x81, 0x13, 0xFB, 0x38, 0x42, 0xB3, 0x28, 0x1B, 0x10,
  0x1F, 0xF8, 0x19, 0xE1, 0xD9, 0xF5, 0x18, 0x06, 0xD0, 0xF6,
  0xAC, 0xD8, 0xF1, 0x32, 0xE8, 0xD2, 0xDE, 0x1C, 0xF6, 0x0A,
  0x18, 0xD6, 0x11, 0xA7, 0x1F, 0x12, 0x23, 0xF7, 0x28, 0x17,
  0xC5, 0x30, 0xC5, 0x16, 0xD6, 0x0E, 0x1C, 0x39, 0xCE, 0xC4,
  0xD9, 0xC1, 0xF3, 0xDF, 0xE7, 0xEA, 0x5B, 0x05, 0x21, 0x0F,
  0xDE, 0x3C, 0x04, 0xE8, 0x34, 0xD9, 0x42, 0xD7, 0x3C, 0xD5,
  0xFE, 0xE9, 0x2A, 0xF2, 0xF5, 0x09, 0x3B, 0xCE, 0x24, 0xD0,
  0x01, 0xE8, 0xF4, 0x3F, 0x21, 0xD3, 0x09, 0xF9, 0x12, 0x20,
  0x1C, 0x1B, 0xFD, 0x30, 0x29, 0x2A, 0x19, 0x27, 0x00, 0xF1,
  0xFC, 0x0B, 0x0B, 0x0D, 0xFC, 0xE0, 0xE7, 0xE4, 0x15, 0xE9,
  0x34, 0x3B, 0xB6, 0xF3, 0xD4, 0xC6, 0xE7, 0xD7, 0xF8, 0x08,
  0x11, 0x4A, 0x39, 0xE6, 0xC2, 0x38, 0x13, 0x0B, 0x0B, 0xB9,
  0x26, 0x26, 0x15, 0xE5, 0xA0, 0x32, 0x3E, 0x06, 0xDD, 0xFA,
  0x2E, 0xE8, 0x49, 0xF4, 0x02, 0x30, 0x1C, 0x41, 0x0A, 0xE8,
  0xE5, 0xE8, 0x2C, 0xD8, 0x05, 0xE7, 0xB2, 0x41, 0x18, 0x25,
  0x03, 0xFE, 0x18, 0xD7, 0xC4, 0xFC, 0x0B, 0x35, 0xD0, 0x19,
  0x01, 0x20, 0xD1, 0xE2, 0x0B, 0x18, 0xA5, 0xE4, 0xEF, 0xC6,
  0xA8, 0xC8, 0x06, 0x03, 0x3C, 0x09, 0x03, 0xEA, 0xB4, 0x30,
  0x09, 0x02, 0x0D, 0xAC, 0x19, 0xC1, 0x31, 0x16, 0xC5, 0x11,
  0xEB, 0x22, 0xE1, 0x24, 0x15, 0xB5, 0xFB, 0xD1, 0x18, 0x24,
  0x2B, 0xEF, 0xD9, 0xB3, 0x2F, 0x29, 0x22, 0xFE, 0x03, 0x0B,
  0xC4, 0x19, 0x02, 0xEC, 0xE2, 0x19, 0x09, 0xCB, 0xF2, 0x18,
  0xF3, 0xF9, 0x01, 0xF3, 0xC9, 0x3D, 0x05, 0x1E, 0x13, 0x13,
  0xED, 0x10, 0xED, 0xD7, 0xF6, 0xF3, 0x11, 0x08, 0x0C, 0x07,
  0xF9, 0x3C, 0xE5, 0x06, 0x33, 0xD9, 0xF7, 0xF7, 0xD3, 0xF4,
  0x1E, 0x46, 0xC9, 0xDF, 0x0E, 0x2A, 0x1A, 0xE7, 0x2F, 0x07,
  0x2D, 0x13, 0x0A, 0x12, 0xFD, 0x00, 0x0A, 0x20, 0x14, 0x00,
  0x17, 0x16, 0x07, 0xF5, 0xFD, 0x32, 0x16, 0x16, 0xEA, 0xDC,
  0x1B, 0x14, 0x2B, 0x30, 0x3D, 0xA3, 0x40, 0xD3, 0x41, 0xAB,
  0xE7, 0xDE, 0x2B, 0xB8, 0xF5, 0x07, 0xF5, 0x20, 0x3B, 0x3A,
  0xB0, 0xEB, 0xB5, 0xCB, 0x00, 0x01, 0x30, 0xCC, 0xDF, 0x06,
  0x90, 0x2E, 0xB8, 0xF6, 0x30, 0x00, 0x3D, 0xCC, 0xAA, 0xFC,
  0x3D, 0xCE, 0xDB, 0x0D, 0x9E, 0x02, 0xE5, 0xE9, 0xEC, 0xD8,
  0x1D, 0x25, 0xD6, 0xF0, 0xEB, 0xEE, 0xC0, 0x08, 0x4E, 0xA6,
  0x1C, 0xB9, 0xE2, 0xE6, 0xBC, 0x20, 0xDF, 0xD2, 0x0F, 0x09,
  0xD0, 0xEC, 0x33, 0xF1, 0xE8, 0x22, 0xCC, 0x22, 0xD9, 0xB3,
  0x2B, 0xFE, 0xAB, 0xDB, 0x3B, 0xF8, 0xFA, 0x36, 0x1D, 0xF8,
  0xFA, 0xF7, 0x1D, 0x0F, 0x20, 0xF8, 0xE0, 0x1C, 0x0A, 0x07,
  0x14, 0x28, 0x1F, 0x07, 0xD7, 0x42, 0x00, 0xBA, 0x08, 0x20,
  0xF5, 0x0C, 0xDB, 0x24, 0xF6, 0xE6, 0x2E, 0xF4, 0xEB, 0x31,
  0x2C, 0xD1, 0xEB, 0xF5, 0xFD, 0xED, 0x08, 0x07, 0x17, 0xB2,
  0x0E, 0xFF, 0x02, 0xCA, 0x09, 0xE2, 0x04, 0xDD, 0x27, 0x0F,
  0x0C, 0xF3, 0x48, 0x35, 0xE9, 0x2C, 0xF2, 0x27, 0xA7, 0xA8,
  0xED, 0xD3, 0xFB, 0xFB, 0x12, 0xDE, 0xDE, 0xD1, 0xAF, 0x36,
  0xB1, 0x16, 0x1B, 0xEB, 0x4D, 0xF4, 0xCB, 0xED, 0x08, 0x01,
  0xD6, 0x3D, 0xE7, 0x00, 0xC0, 0x11, 0x18, 0xA5, 0x3C, 0xE9,
  0xE9, 0xC2, 0x28, 0xF8, 0xAE, 0xDB, 0x35, 0x98, 0x1B, 0xD5,
  0xE8, 0xF0, 0xBC, 0x21, 0x00, 0x0C, 0x1C, 0xFC, 0x21, 0xDB,
  0x1A, 0xF6, 0xF2, 0xD6, 0xF7, 0xEE, 0x25, 0x14, 0xFB, 0x2C,
  0xF7, 0xE3, 0x04, 0x15, 0xD4, 0x18, 0xCC, 0x18, 0x0D, 0xD2,
  0xBC, 0x1E, 0x07, 0x34, 0x32, 0x06, 0xCB, 0xDA, 0x1D, 0xFF,
  0xE6, 0x1E, 0x05, 0xC8, 0xD1, 0x15, 0xFA, 0xE7, 0xF8, 0xF2,
  0xE9, 0xF3, 0x07, 0x17, 0xD7, 0x26, 0x12, 0x4D, 0xF6, 0xFD,
  0x3C, 0xDF, 0xE7, 0xBC, 0xDA, 0x08, 0x14, 0x2B, 0x50, 0x2C,
  0x27, 0xDA, 0xF7, 0xD8, 0x48, 0x29, 0x40, 0xDB, 0xFE, 0x0F,
  0x1A, 0x4A, 0x10, 0x33, 0x47, 0x23, 0x01, 0xEF, 0x2A, 0x21,
  0x24, 0xFD, 0x17, 0xF2, 0xDF, 0x07, 0xFA, 0xF9, 0x2B, 0x18,
  0xE0, 0xF2, 0x11, 0xF5, 0xE1, 0xF0, 0x43, 0xDB, 0xE8, 0x07,
  0xF5, 0xFD, 0x00, 0x39, 0xE5, 0x2C, 0x29, 0x3A, 0x28, 0x01,
  0x23, 0xF5, 0x36, 0x34, 0x44, 0x04, 0x3D, 0x21, 0x0F, 0x08,
  0xEB, 0x25, 0xEC, 0x16, 0x1B, 0x28, 0x0C, 0x2B, 0xE0, 0xF6,
  0x3B, 0xFC, 0x10, 0xE6, 0x2D, 0x2B, 0x0C, 0xE8, 0x28, 0xE7,
  0xC5, 0x0D, 0xDC, 0xD4, 0xD2, 0x2A, 0xD8, 0xBD, 0x1E, 0xD1,
  0x16, 0xD2, 0x21, 0x09, 0x01, 0x46, 0xF4, 0x01, 0x14, 0x26,
  0x3E, 0x30, 0xFB, 0x17, 0xE4, 0x0F, 0x27, 0xEB, 0x0C, 0xDC,
  0x15, 0xDA, 0xE9, 0x2C, 0xBD, 0xC1, 0xCE, 0x23, 0xF8, 0x0F,
  0xD8, 0xF2, 0x3A, 0xD6, 0x23, 0xEB, 0xE1, 0xC9, 0xE6, 0xC1,
  0xE0, 0xD2, 0x06, 0x0D, 0xE5, 0xC9, 0x17, 0xE9, 0x16, 0x00,
  0xC9, 0xD8, 0xC9, 0xD6, 0xEA, 0xC8, 0x0B, 0xFD, 0xF8, 0x26,
  0xD7, 0x28, 0x11, 0x15, 0xF0, 0xF5, 0xCA, 0x2B, 0x1F, 0x0B,
  0xEC, 0xF9, 0x1D, 0xE8, 0x06, 0xEE, 0xFE, 0xEF, 0x21, 0x2A,
  0x13, 0x1D, 0xE6, 0xC7, 0xFB, 0xD4, 0xC6, 0xC8, 0xD3, 0xE6,
  0xCF, 0xC8, 0xC2, 0x13, 0x12, 0x05, 0xE0, 0xCE, 0xCD, 0xE9,
  0xAE, 0xCF, 0xFA, 0x01, 0x0E, 0xD0, 0xD7, 0x39, 0xE3, 0xDD,
  0x0B, 0xEE, 0x28, 0x24, 0x00, 0x37, 0xCD, 0xD2, 0x05, 0x1F,
  0xC4, 0xE7, 0x08, 0xFA, 0x37, 0xFD, 0xF6, 0xD4, 0xFB, 0xC3,
  0x22, 0xFF, 0xD8, 0xFF, 0x1A, 0x46, 0x1C, 0xFA, 0xED, 0xF4,
  0x07, 0xF4, 0x07, 0x19, 0xFD, 0x2E, 0x02, 0xEE, 0x15, 0x49,
  0x2D, 0x0E, 0x32, 0xFD, 0xEE, 0x20, 0xF3, 0x1B, 0x06, 0xC1,
  0xD5, 0x34, 0x3D, 0x36, 0x0E, 0xF3, 0xFA, 0xF9, 0xE9, 0xC6,
  0xD2, 0x1F, 0x1C, 0xF9, 0xD0, 0x00, 0xF5, 0x28, 0xEF, 0xD2,
  0xD3, 0x11, 0x2C, 0x0E, 0x18, 0x3A, 0x16, 0x10, 0x18, 0xEE,
  0x18, 0xDC, 0x19, 0x2E, 0xF8, 0xEB, 0xF8, 0xCD, 0x2C, 0x26,
  0x03, 0xFE, 0xD4, 0xD7, 0x02, 0x03, 0x37, 0xE5, 0x30, 0x0C,
  0x10, 0x0E, 0x02, 0x1C, 0x1B, 0x22, 0x1E, 0xE4, 0xE7, 0x1E,
  0x0B, 0x1A, 0xC0, 0xE9, 0x18, 0x3A, 0x0E, 0xDD, 0x17, 0xE8,
  0xF4, 0x05, 0x15, 0x1E, 0xDD, 0x28, 0x1E, 0xE8, 0xE6, 0x48,
  0x03, 0x0A, 0x01, 0x18, 0xEE, 0x0F, 0x37, 0xF5, 0x45, 0x34,
  0xE8, 0xFE, 0xD9, 0x4B, 0x19, 0x2B, 0x32, 0x0E, 0xF6, 0x0E,
  0x28, 0x00, 0x2C, 0x0A, 0x44, 0x29, 0xF5, 0xE5, 0x07, 0x2E,
  0x38, 0x07, 0x0B, 0x28, 0x25, 0x3D, 0xE2, 0x0B, 0x03, 0x48,
  0x38, 0x0F, 0x01, 0xE4, 0xF3, 0x4E, 0xF6, 0x1E, 0xFD, 0x22,
  0x34, 0xF2, 0x19, 0x03, 0xFB, 0x09, 0xEB, 0xD8, 0xD7, 0x14,
  0xEA, 0x40, 0x36, 0x43, 0xE2, 0xFB, 0x13, 0x06, 0x19, 0xD9,
  0xE6, 0xE8, 0x5B, 0x3C, 0xD8, 0x1A, 0xDD, 0x4D, 0xF4, 0xDE,
  0x00, 0x1E, 0xE9, 0x1C, 0x0C, 0xEF, 0xF7, 0x1B, 0x4F, 0xE3,
  0xFA, 0x16, 0x24, 0x0A, 0x14, 0x04, 0x3A, 0x44, 0xDD, 0x16,
  0xFE, 0xF6, 0x1A, 0x34, 0xED, 0x20, 0x0E, 0x28, 0xE0, 0xF8,
  0x23, 0x27, 0x05, 0xD1, 0xCC, 0x32, 0x40, 0x00, 0xD8, 0xFC,
  0x18, 0x26, 0x35, 0x00, 0x36, 0x3B, 0xDC, 0xF4, 0x27, 0x08,
  0xF5, 0x27, 0x1B, 0x3D, 0xE5, 0xD4, 0xF1, 0x26, 0xF7, 0x2F,
  0xF3, 0xF7, 0x02, 0x3C, 0x15, 0x41, 0xDB, 0xFA, 0x1C, 0xFD,
  0x42, 0x39, 0x01, 0x3F, 0x2B, 0xFB, 0xF9, 0x1D, 0xE0, 0xD2,
  0x17, 0xF2, 0xDE, 0x2B, 0x13, 0x21, 0xE7, 0x2E, 0x07, 0x0A,
  0x24, 0x0D, 0x25, 0x02, 0xE7, 0xE4, 0x38, 0x28, 0x0E, 0x21,
  0xE3, 0xE5, 0x1D, 0x3C, 0xE9, 0x37, 0xFB, 0x03, 0x33, 0x02,
  0x1B, 0x2D, 0x09, 0x0F, 0x2B, 0xE9, 0x0E, 0xC7, 0xE5, 0x47,
  0x1E, 0x2B, 0x2C, 0x48, 0xCE, 0xED, 0x3C, 0xFF, 0x48, 0xE8,
  0x26, 0x0B, 0x3C, 0x1C, 0xE9, 0x29, 0x4B, 0x17, 0x32, 0x00,
  0x1C, 0xF4, 0x25, 0xF9, 0x3A, 0x0E, 0xFA, 0x1F, 0xD7, 0x12,
  0x44, 0x30, 0x1B, 0x08, 0x50, 0x25, 0x0A, 0xF7, 0x38, 0x0A,
  0xE5, 0x21, 0xE7, 0xF3, 0x35, 0x0B, 0xF8, 0x00, 0x2D, 0xFA,
  0x3A, 0xEE, 0x1F, 0x13, 0x01, 0x0E, 0xEA, 0xF4, 0x08, 0xD2,
  0x15, 0xE7, 0xD6, 0x2B, 0xED, 0xC7, 0xE2, 0xE4, 0x1D, 0xC0,
  0xF1, 0xF5, 0x29, 0xDE, 0x2E, 0x48, 0x3E, 0x2C, 0x0A, 0x4C,
  0xD0, 0x4B, 0x1B, 0x29, 0xE0, 0xF9, 0xDF, 0x43, 0x2F, 0x20,
  0x3C, 0xDC, 0xCD, 0xEA, 0x04, 0xE2, 0xEB, 0x83, 0xE5, 0x09,
  0xED, 0x02, 0x52, 0xD5, 0x38, 0xDB, 0xF2, 0x04, 0x20, 0xED,
  0x27, 0x2C, 0x41, 0xE2, 0xDC, 0x05, 0xCA, 0xB7, 0x0C, 0xDD,
  0x3C, 0x48, 0xF2, 0x1A, 0xE0, 0xF7, 0x22, 0xD5, 0x10, 0x19,
  0x2A, 0xDD, 0x28, 0x0E, 0xE7, 0x2D, 0xFD, 0x09, 0xB6, 0x0F,
  0xEC, 0xEC, 0x25, 0xF1, 0xF9, 0x3F, 0x12, 0x0D, 0x06, 0x02,
  0xE6, 0xE4, 0x04, 0x03, 0xFF, 0xF1, 0xF4, 0x33, 0x06, 0xC6,
  0xEC, 0x2B, 0xEC, 0xDE, 0x3E, 0x18, 0x2E, 0xF2, 0xEB, 0x31,
  0x29, 0xE9, 0xB8, 0xE1, 0xE0, 0xE2, 0x3B, 0xEF, 0x0D, 0x28,
  0xCA, 0xB7, 0x1A, 0x28, 0x37, 0x21, 0xEA, 0x00, 0x2F, 0xE9,
  0x14, 0xF7, 0x00, 0xFD, 0xE9, 0xE3, 0x29, 0x07, 0xDC, 0xE0,
  0xF2, 0xCC, 0xC7, 0x11, 0xE8, 0xE8, 0x19, 0x22, 0x1C, 0x25,
  0xD8, 0x15, 0xDE, 0x3F, 0x2F, 0x2C, 0xFC, 0x0B, 0xCF, 0x13,
  0x16, 0xE3, 0x0F, 0x15, 0x28, 0xE3, 0xE0, 0xE8, 0x24, 0xEB,
  0xC4, 0x0C, 0x0A, 0x41, 0xD5, 0x33, 0xF2, 0x15, 0xFC, 0x22,
  0xFB, 0xF4, 0xD2, 0x22, 0xD2, 0xC9, 0xE0, 0x21, 0xDB, 0xFD,
  0x0F, 0xFE, 0xBC, 0x08, 0x25, 0x10, 0x0C, 0xE8, 0x2C, 0xE9,
  0xE7, 0x16, 0xF6, 0xC5, 0xF0, 0xF4, 0x03, 0x08, 0xC0, 0x0D,
  0xD7, 0x09, 0xF5, 0xD0, 0xDD, 0xDA, 0xD3, 0x22, 0x3C, 0x1D,
  0xDE, 0x14, 0xE7, 0x07, 0x28, 0x30, 0xF4, 0xFA, 0xF2, 0x08,
  0x0E, 0x16, 0x2A, 0xFC, 0xDB, 0x02, 0x15, 0x31, 0x2F, 0x23,
  0x29, 0x31, 0xE5, 0xD3, 0xEA, 0x19, 0x23, 0x01, 0x26, 0x38,
  0xF1, 0x2B, 0x04, 0x0F, 0xEC, 0xEB, 0x1B, 0xD0, 0x0E, 0xFC,
  0xF9, 0x23, 0xF2, 0xE9, 0x1F, 0xEB, 0x04, 0xC9, 0xC1, 0xE3,
  0xE8, 0x1E, 0x41, 0x2E, 0xD5, 0x34, 0xD1, 0xE6, 0x17, 0x2D,
  0xFB, 0x07, 0xC1, 0xCE, 0x3D, 0x06, 0x0E, 0xBA, 0xF3, 0xE8,
  0x00, 0xF8, 0xDE, 0xD5, 0x1C, 0x2C, 0x01, 0xB5, 0xEC, 0x23,
  0x12, 0xD4, 0xFB, 0x1E, 0x17, 0xDE, 0x22, 0x45, 0x0C, 0x18,
  0xD5, 0xF1, 0xE1, 0xC8, 0x12, 0x08, 0xE6, 0xD6, 0xDB, 0x29,
  0xD7, 0xB8, 0x0B, 0xF2, 0x38, 0xFA, 0xDC, 0xFD, 0x0D, 0xDD,
  0x0E, 0x2D, 0xFB, 0xCA, 0xE8, 0x14, 0xF8, 0xE1, 0xD1, 0x0D,
  0x01, 0x3D, 0xEF, 0xEC, 0xFB, 0x0A, 0xE5, 0xF6, 0xF6, 0xEB,
  0x33, 0x01, 0x05, 0x1D, 0xEB, 0x2A, 0x04, 0xF0, 0x26, 0xF0,
  0x01, 0x09, 0x20, 0x13, 0xF0, 0xE1, 0xDB, 0x02, 0x24, 0x27,
  0x0D, 0x0A, 0x05, 0xCA, 0xE8, 0x07, 0x25, 0xEB, 0x12, 0x2E,
  0xE7, 0x18, 0x28, 0x24, 0x0B, 0x2D, 0x34, 0x38, 0x14, 0x18,
  0xE1, 0x08, 0xF5, 0x3C, 0x2C, 0x38, 0xE4, 0xFE, 0x2D, 0xF5,
  0x20, 0xC4, 0xEA, 0xED, 0x28, 0xFF, 0xE5, 0x10, 0xE2, 0x07,
  0x46, 0x05, 0xE7, 0xFC, 0x0E, 0x2D, 0x29, 0xD9, 0x03, 0x3E,
  0x1F, 0xF9, 0x25, 0xEE, 0xD7, 0x3F, 0xE2, 0x26, 0xF8, 0xDC,
  0xE1, 0x2D, 0x19, 0xCD, 0x19, 0x22, 0xD9, 0xF2, 0xE9, 0x26,
  0x26, 0xCD, 0xD9, 0xE3, 0xEE, 0x10, 0x0D, 0xE2, 0x2C, 0xD3,
  0x05, 0x1E, 0x0F, 0xF0, 0xF2, 0xD3, 0x0A, 0x16, 0x18, 0xE6,
  0xFE, 0xCD, 0xEA, 0x19, 0x10, 0x12, 0x11, 0x0E, 0xFA, 0x4B,
  0x00, 0x09, 0xF2, 0x03, 0x1E, 0x01, 0x07, 0xE7, 0xCE, 0x12,
  0xF5, 0x2B, 0xF8, 0x09, 0xD4, 0xC6, 0xD5, 0x0C, 0xF6, 0x16,
  0xD7, 0xE0, 0xF8, 0xE1, 0xF3, 0x32, 0xFD, 0x09, 0x00, 0xF9,
  0xDF, 0x10, 0xF2, 0x0C, 0x23, 0x01, 0x0C, 0x2D, 0x14, 0x1A,
  0xF8, 0xEE, 0x3B, 0x38, 0x0D, 0x07, 0xFC, 0x2A, 0x2C, 0x24,
  0x00, 0xFC, 0x1E, 0xD4, 0xE6, 0xFF, 0xEB, 0x1A, 0x2B, 0xD9,
  0x41, 0xE9, 0x1E, 0x21, 0x2F, 0x03, 0xD4, 0xEB, 0xFB, 0xD2,
  0xE7, 0xDB, 0x2F, 0x32, 0x37, 0x30, 0xC9, 0xF7, 0xE7, 0x26,
  0x2B, 0x34, 0xFF, 0xF5, 0xE1, 0x07, 0x23, 0xDE, 0x14, 0x28,
  0xF6, 0xF5, 0xF9, 0x16, 0x20, 0x00, 0xDF, 0x35, 0x14, 0x2D,
  0x23, 0xEA, 0x12, 0x05, 0x1E, 0x43, 0x3F, 0x41, 0x0C, 0x27,
  0x2E, 0x2B, 0x2C, 0x03, 0xED, 0x1B, 0xD9, 0xDA, 0x36, 0x26,
  0xD6, 0x21, 0x14, 0xEC, 0xFF, 0x31, 0xE7, 0x1E, 0x1C, 0xDA,
  0x02, 0x3D, 0x33, 0xD0, 0xF5, 0x13, 0x08, 0xE7, 0x07, 0x38,
  0xD1, 0x0D, 0x14, 0xE4, 0x2A, 0x33, 0x1F, 0x3E, 0x1A, 0x42,
  0x19, 0xDD, 0xE4, 0x31, 0x13, 0x21, 0x44, 0xEE, 0x2B, 0x34,
  0xE5, 0xEC, 0x05, 0x20, 0x18, 0xE1, 0x14, 0xF1, 0xF2, 0x22,
  0x0B, 0x2F, 0x14, 0xE9, 0xE8, 0x1F, 0xC5, 0xE8, 0xEC, 0xE3,
  0xC4, 0xFC, 0x14, 0x14, 0x10, 0xEA, 0xDE, 0x1F, 0x06, 0xFA,
  0x23, 0x15, 0x24, 0xFE, 0xD5, 0xD0, 0xF6, 0x23, 0xE2, 0x2E,
  0xEA, 0xC1, 0xE2, 0x2D, 0xC0, 0x15, 0x0C, 0xE3, 0xC1, 0x20,
  0xF3, 0xD1, 0xDF, 0xE0, 0x11, 0x46, 0x13, 0xD6, 0x38, 0xED,
  0x07, 0xC7, 0x22, 0x40, 0xFD, 0x06, 0x33, 0xEF, 0xD4, 0xDD,
  0xE5, 0xE0, 0x29, 0xD7, 0x1B, 0x2B, 0xF5, 0xF5, 0xE5, 0xDF,
  0xE4, 0xFD, 0xCF, 0xFC, 0xED, 0x17, 0x3D, 0xF0, 0x24, 0x09,
  0x15, 0x09, 0xE8, 0xCF, 0xF9, 0xF3, 0x16, 0xF1, 0xD9, 0xE3,
  0xB5, 0x3B, 0xD5, 0xE2, 0x36, 0x17, 0xFA, 0xE5, 0x36, 0x18,
  0xC3, 0xF3, 0xC6, 0xEC, 0xC8, 0xD5, 0x12, 0x10, 0x20, 0xDF,
  0x2E, 0xDD, 0xEC, 0xD8, 0x0E, 0xDA, 0xCB, 0x11, 0x3B, 0xE4,
  0x2F, 0x01, 0xFE, 0x09, 0x19, 0x2C, 0x43, 0xDD, 0xF8, 0xE9,
  0x02, 0xB9, 0x1A, 0xD2, 0xEB, 0xC6, 0xF5, 0x23, 0xF6, 0x34,
  0x01, 0xFF, 0x10, 0xE4, 0x08, 0x02, 0x01, 0xD7, 0x2B, 0x2E,
  0x08, 0xD5, 0x26, 0xF1, 0x03, 0x30, 0xC8, 0x08, 0xF3, 0x37,
  0x1D, 0xF2, 0xC4, 0x12, 0x27, 0xF9, 0xDD, 0x26, 0x04, 0x29,
  0x26, 0xD7, 0x04, 0x15, 0x13, 0x0B, 0xBA, 0xD6, 0x1F, 0x33,
  0x14, 0x07, 0xD4, 0xF9, 0x00, 0xE0, 0x14, 0x0C, 0xC4, 0xAB,
  0x13, 0xCC, 0x01, 0xB1, 0x0D, 0x0C, 0x1A, 0xF4, 0xFD, 0xF6,
  0xFA, 0x40, 0xEB, 0xE0, 0x02, 0x09, 0x14, 0xEF, 0xF2, 0x26,
  0x9A, 0x10, 0xFD, 0xFF, 0xDA, 0x0C, 0x14, 0xB7, 0x19, 0xE6,
  0x32, 0xE2, 0x2C, 0x1C, 0xE7, 0xA6, 0x0D, 0x16, 0x42, 0xF7,
  0xF7, 0xE0, 0xAE, 0x21, 0xF9, 0x47, 0x16, 0x1D, 0x0F, 0xB4,
  0x03, 0xE8, 0xBA, 0x0E, 0x37, 0x20, 0x26, 0x00, 0xFE, 0x2B,
  0x0C, 0x0F, 0x18, 0xF6, 0xE5, 0xE8, 0xEF, 0x08, 0xF9, 0xF2,
  0xAA, 0x09, 0x0B, 0x13, 0x20, 0xFE, 0x2E, 0x1D, 0x15, 0x2F,
  0xE1, 0x19, 0x27, 0x09, 0x35, 0x1E, 0xF5, 0x24, 0xE6, 0x39,
  0xE2, 0xED, 0xC5, 0xD8, 0x18, 0x07, 0xFC, 0x16, 0x1A, 0xD5,
  0x20, 0xE8, 0xD1, 0xED, 0x18, 0xD5, 0x24, 0xC7, 0x0B, 0xC0,
  0xE3, 0x2E, 0xED, 0x15, 0x0E, 0xE7, 0x2B, 0xD7, 0x07, 0x30,
  0x0B, 0xB4, 0x1E, 0x22, 0xD1, 0xD7, 0x11, 0xEE, 0x01, 0xC4,
  0xFF, 0xE6, 0xE6, 0xF5, 0x03, 0xCC, 0xC3, 0xDC, 0xF1, 0xEE,
  0x2E, 0x1E, 0x09, 0x2F, 0xFF, 0x31, 0x0F, 0xF6, 0x1E, 0x01,
  0xDF, 0x1B, 0xF3, 0x23, 0xD7, 0xB3, 0xB8, 0xFB, 0xC7, 0x15,
  0x39, 0xD2, 0xE0, 0xC0, 0x32, 0xD7, 0xEC, 0xBE, 0xCC, 0xE8,
  0xD0, 0x31, 0x2E, 0x24, 0x37, 0x1F, 0x02, 0xC5, 0xF9, 0xF1,
  0xFB, 0x3E, 0x22, 0xDB, 0x00, 0xDE, 0xF1, 0xA6, 0x34, 0xD4,
  0x2B, 0x14, 0x15, 0xF7, 0x30, 0x06, 0xEB, 0x26, 0xCE, 0xEE,
  0x26, 0x2F, 0x19, 0xDE, 0xD6, 0x33, 0x28, 0xE8, 0x0C, 0xF7,
  0xCE, 0x02, 0x27, 0xF0, 0x04, 0x0A, 0x11, 0x2F, 0xD0, 0x39,
  0xEE, 0xEB, 0xE0, 0xC4, 0xFB, 0x14, 0x25, 0x0C, 0x05, 0x0B,
  0x17, 0x32, 0xD9, 0x2F, 0x35, 0x33, 0xE1, 0xCF, 0xCD, 0x02,
  0xFD, 0x04, 0x17, 0x1C, 0x30, 0x2B, 0x1B, 0x1A, 0xE1, 0x3F,
  0xDC, 0xFD, 0xE0, 0x39, 0x06, 0xE3, 0xD8, 0x06, 0x07, 0xC7,
  0xF7, 0xEA, 0x3B, 0x31, 0xF5, 0xE2, 0xD3, 0x23, 0x07, 0xFF,
  0x3A, 0xE1, 0x06, 0xD4, 0xE7, 0xE6, 0xE3, 0x2A, 0x40, 0x11,
  0x31, 0xD5, 0x25, 0xDF, 0x2E, 0xDF, 0xEE, 0x1E, 0x33, 0x20,
  0x13, 0xEA, 0xF7, 0xEF, 0x26, 0x30, 0x3B, 0xC0, 0xCD, 0xEE,
  0x39, 0x3C, 0x17, 0x26, 0xFF, 0x27, 0x2B, 0xF2, 0x34, 0xD9,
  0x14, 0x33, 0x42, 0xB9, 0x24, 0x20, 0xF0, 0xFE, 0xFD, 0xBF,
  0xEB, 0x1E, 0x0A, 0x1E, 0xF9, 0xE2, 0xC4, 0xDE, 0xD4, 0xF1,
  0x11, 0xEC, 0xE5, 0x34, 0x27, 0x36, 0x2A, 0xE4, 0x22, 0x2F,
  0xFF, 0xD5, 0xF3, 0xF0, 0x0E, 0x29, 0xC8, 0xD5, 0xCB, 0x35,
  0xDA, 0xD4, 0xFE, 0x19, 0x1E, 0xEA, 0xFC, 0xC2, 0xDE, 0xB3,
  0x09, 0xF9, 0x25, 0x03, 0x27, 0xD6, 0xF8, 0xDC, 0xE3, 0xC1,
  0x26, 0xD1, 0xFD, 0x2E, 0x0B, 0xFD, 0x07, 0x27, 0xE7, 0xEF,
  0xC8, 0x24, 0xF8, 0x08, 0xDF, 0x03, 0x0A, 0x0A, 0xFF, 0xEE,
  0xF8, 0x12, 0x29, 0x3F, 0x20, 0x28, 0x39, 0xE7, 0x28, 0xE0,
  0x47, 0xE0, 0x28, 0xF3, 0x08, 0x24, 0x29, 0x16, 0x01, 0xE7,
  0x0F, 0xE2, 0xF7, 0x3B, 0x12, 0xF5, 0x1C, 0xDD, 0x09, 0xF9,
  0x2B, 0x1B, 0x18, 0x36, 0x28, 0x0A, 0xF6, 0x40, 0x3D, 0xDD,
  0x2F, 0x10, 0x42, 0xE3, 0xBD, 0xF5, 0x23, 0x14, 0x21, 0xD5,
  0x07, 0xDD, 0xDA, 0xF6, 0xE8, 0x21, 0x13, 0x29, 0x41, 0x3E,
  0xDD, 0xE6, 0xF4, 0x03, 0xCC, 0x00, 0xE2, 0x2E, 0xF8, 0x01,
  0x02, 0xA8, 0xF9, 0xDB, 0xDA, 0x17, 0xE1, 0xE1, 0xDB, 0xF8,
  0x23, 0xE6, 0xB0, 0x1D, 0x05, 0x22, 0x2F, 0x34, 0x21, 0x3F,
  0xD9, 0xEC, 0x2E, 0x15, 0x33, 0x3F, 0xF7, 0x09, 0xE8, 0x22,
  0xDD, 0xF8, 0xC7, 0xF5, 0xDE, 0x19, 0x1B, 0x36, 0x09, 0x43,
  0x33, 0xFB, 0xDA, 0xFD, 0x30, 0xEC, 0x00, 0x22, 0x22, 0xE8,
  0x0F, 0xF2, 0xEF, 0x08, 0xE6, 0x22, 0x14, 0x03, 0xFB, 0xF4,
  0x07, 0x18, 0xF6, 0xDE, 0xD0, 0xDF, 0xFF, 0x01, 0xE7, 0xD7,
  0xBE, 0x1F, 0xF2, 0x0B, 0xF8, 0xF3, 0xD6, 0x10, 0x16, 0x38,
  0x14, 0x31, 0xD9, 0x04, 0xE9, 0xD0, 0xDB, 0x32, 0xCD, 0xD4,
  0xF5, 0x06, 0xF8, 0x1F, 0xEE, 0x27, 0xD8, 0xF3, 0x31, 0x35,
  0xDA, 0xD7, 0xD4, 0xE7, 0x19, 0x3A, 0xD3, 0x26, 0x07, 0xE2,
  0xBD, 0xF1, 0xC2, 0xE4, 0xAA, 0xB4, 0xDC, 0xFA, 0xD5, 0xCB,
  0x1B, 0x32, 0x29, 0x01, 0xF4, 0xFB, 0xF1, 0x23, 0x0D, 0xE4,
  0xF8, 0xE9, 0xF2, 0xF2, 0xDE, 0x28, 0xD8, 0x34, 0xED, 0xF3,
  0xF5, 0x14, 0xF4, 0xEA, 0xEB, 0xF6, 0x2C, 0x0B, 0xDE, 0xE4,
  0x04, 0xE9, 0x1C, 0x35, 0xF0, 0x0C, 0x2B, 0xEA, 0xDE, 0x2C,
  0x2B, 0x16, 0xE9, 0xF3, 0x0C, 0xF5, 0x21, 0x1C, 0xF9, 0xF1,
  0xF7, 0xDC, 0x26, 0x20, 0x0C, 0xDC, 0x30, 0x34, 0x25, 0xED,
  0x33, 0xFA, 0x04, 0x2B, 0xCD, 0x0B, 0x19, 0xE3, 0x11, 0xCC,
  0xF7, 0x0E, 0xCD, 0x2C, 0x1F, 0x1D, 0xF5, 0xF8, 0xF7, 0xD4,
  0x32, 0x27, 0x24, 0xE6, 0xF4, 0x1A, 0x00, 0xE6, 0x16, 0x24,
  0x14, 0x2B, 0x03, 0x39, 0xE6, 0xF4, 0x06, 0xFF, 0xD9, 0x19,
  0x1C, 0x35, 0xFF, 0x16, 0x1F, 0x35, 0xDE, 0x01, 0x28, 0x09,
  0xFF, 0x03, 0xC4, 0x11, 0x1C, 0xF3, 0xEC, 0x11, 0x07, 0x3B,
  0x41, 0x2C, 0x07, 0xF6, 0x21, 0x14, 0x2A, 0xD3, 0xD1, 0x0C,
  0xC7, 0xF2, 0xC3, 0xCD, 0x19, 0xC2, 0x36, 0x26, 0xD0, 0x17,
  0x13, 0x29, 0xF1, 0x12, 0x15, 0x37, 0xE0, 0x0F, 0x20, 0xED,
  0x19, 0xF5, 0xEB, 0x3A, 0xFB, 0x0F, 0xF1, 0xC9, 0x0E, 0x17,
  0x1C, 0xF4, 0xC5, 0xD0, 0x1E, 0x0F, 0xE2, 0x13, 0xEB, 0xD4,
  0x05, 0xDD, 0xD0, 0x42, 0xEA, 0x0A, 0x00, 0x12, 0x1E, 0x26,
  0x0E, 0xFD, 0xFA, 0xF2, 0xF6, 0xFB, 0x41, 0x4B, 0x21, 0x19,
  0x25, 0x2D, 0xED, 0x05, 0xD4, 0xE1, 0x25, 0x03, 0x4B, 0x22,
  0x04, 0x29, 0x20, 0xF3, 0xDB, 0xF7, 0x33, 0xDB, 0x24, 0xEA,
  0xF2, 0x1C, 0xF0, 0xE4, 0x02, 0x02, 0x23, 0x01, 0x16, 0xEC,
  0xC9, 0xF1, 0x0C, 0x50, 0xF6, 0x1D, 0xEC, 0x1E, 0x0A, 0x38,
  0x4A, 0xD3, 0x21, 0x08, 0x04, 0x12, 0x11, 0x20, 0x1C, 0xDD,
  0x34, 0x14, 0x1F, 0x17, 0xEF, 0x06, 0x19, 0x24, 0x15, 0x46,
  0xE4, 0x0D, 0x10, 0xD3, 0xF2, 0xD2, 0xFE, 0xFC, 0xCF, 0x1C,
  0x11, 0x38, 0x1B, 0xCE, 0x31, 0xDF, 0x4D, 0x23, 0x07, 0x21,
  0x2F, 0x3A, 0xD3, 0x38, 0x08, 0xE9, 0xEC, 0x45, 0xF0, 0xDE,
  0x24, 0xEC, 0x0C, 0x00, 0x38, 0x34, 0xDB, 0x12, 0x15, 0x05,
  0x0B, 0x3A, 0x0A, 0x18, 0x32, 0x23, 0x0F, 0xFF, 0x3A, 0x14,
  0x05, 0xDB, 0xBF, 0xE2, 0x0E, 0x27, 0x0A, 0xD1, 0xD2, 0xDF,
  0xA9, 0xD9, 0xE7, 0x13, 0x23, 0x2D, 0x00, 0xFE, 0xEC, 0x13,
  0xE7, 0x41, 0xFD, 0xE0, 0x20, 0xE5, 0x2F, 0xD2, 0x29, 0xFB,
  0xFE, 0x2B, 0x20, 0xD7, 0xDB, 0xE4, 0x06, 0xF8, 0x27, 0x32,
  0xCC, 0xE1, 0xE3, 0x10, 0x2C, 0xC6, 0x24, 0xEC, 0xE1, 0x14,
  0x08, 0x14, 0x38, 0xF0, 0x0C, 0x1B, 0xE2, 0xDF, 0x11, 0x1F,
  0xF1, 0xE9, 0xE8, 0xE0, 0x0B, 0xE6, 0x1A, 0x04, 0xDB, 0x1E,
  0x24, 0x06, 0x2B, 0x00, 0x1D, 0x25, 0xB3, 0xC4, 0x0C, 0xC3,
  0xBE, 0x2E, 0x1E, 0xEA, 0x20, 0x28, 0xE9, 0xD5, 0x23, 0x05,
  0x09, 0xC3, 0xE6, 0x1C, 0x02, 0x1B, 0x2C, 0xE7, 0x3A, 0x1E,
  0xE8, 0xF3, 0xE0, 0xF1, 0xD5, 0x29, 0xD7, 0xC2, 0xD6, 0x07,
  0x30, 0xF2, 0x1B, 0x24, 0xF6, 0xCB, 0x12, 0x20, 0xF0, 0x39,
  0x17, 0xDC, 0xC7, 0xE1, 0xF8, 0x28, 0x11, 0xEA, 0x13, 0xBC,
  0xE6, 0x10, 0x2B, 0x25, 0xC8, 0x28, 0x10, 0x07, 0xCB, 0x1F,
  0xC7, 0xF8, 0xD1, 0x10, 0xE9, 0xE5, 0x0A, 0xAB, 0xD4, 0x36,
  0xED, 0xE9, 0xEF, 0x1E, 0xFB, 0xFD, 0xD9, 0x0B, 0x2F, 0xC1,
  0xD8, 0xCB, 0x1B, 0xEB, 0xC6, 0x2E, 0x0E, 0xFC, 0xD6, 0x27,
  0x1D, 0x00, 0x35, 0xD4, 0x2B, 0x17, 0xFE, 0x36, 0xA5, 0xA4,
  0x29, 0x16, 0x2B, 0x2F, 0xF1, 0x1B, 0xA0, 0x1B, 0x19, 0x27,
  0x2C, 0xFF, 0x18, 0xE2, 0x54, 0x35, 0x2F, 0xE4, 0x4F, 0xE1,
  0x2C, 0xF7, 0x3A, 0xFF, 0x4F, 0x05, 0x32, 0x58, 0x01, 0x3B,
  0x2E, 0x49, 0x28, 0xE2, 0x2A, 0xD6, 0x23, 0x0D, 0xF9, 0x12,
  0x22, 0xDD, 0xE9, 0x52, 0x2E, 0x4B, 0x41, 0xDD, 0x2C, 0xEA,
  0x00, 0xE4, 0x1A, 0xF2, 0x18, 0x07, 0x2A, 0x33, 0xDF, 0xE7,
  0xE4, 0xFD, 0x33, 0x33, 0x29, 0xEB, 0x32, 0xF4, 0xFD, 0x4A,
  0x3A, 0xDC, 0x2B, 0xDA, 0x26, 0xEA, 0xEB, 0x06, 0xFB, 0xE7,
  0x46, 0xF6, 0xFD, 0x0C, 0xF7, 0x58, 0x38, 0x3C, 0x2F, 0x62,
  0x13, 0xFF, 0x2B, 0xD2, 0xEF, 0xE2, 0x55, 0x25, 0x18, 0x42,
  0x33, 0x4B, 0xD8, 0x10, 0x40, 0x50, 0x53, 0xFB, 0x24, 0x39,
  0x28, 0x08, 0xEF, 0x0F, 0x44, 0x17, 0xDF, 0x05, 0x35, 0xE7,
  0x41, 0xF9, 0x18, 0x5A, 0xE0, 0x5E, 0x10, 0xD0, 0x54, 0x67,
  0x48, 0xF8, 0x25, 0x03, 0xFB, 0x5F, 0x16, 0x28, 0x06, 0xF5,
  0x30, 0xE3, 0xEE, 0x0B, 0xF9, 0xD8, 0x2F, 0xE1, 0x03, 0xD2,
  0xD0, 0x3A, 0xF4, 0x17, 0xEA, 0xBF, 0xF1, 0xD9, 0xF0, 0xF4,
  0xF1, 0x1B, 0xF1, 0x1D, 0xF6, 0x12, 0x1F, 0x1B, 0x06, 0x0F,
  0x28, 0x05, 0x35, 0xE5, 0x1C, 0x39, 0x19, 0x1A, 0xF8, 0xEB,
  0x19, 0x04, 0x1C, 0xF5, 0x16, 0x27, 0x2C, 0x32, 0xFA, 0x23,
  0xD5, 0xFD, 0x25, 0xFF, 0xEB, 0xCA, 0x20, 0xC5, 0xF3, 0x20,
  0x05, 0xF2, 0x35, 0x0C, 0x03, 0xCB, 0xE7, 0x26, 0xFD, 0xEE,
  0xF6, 0xBB, 0x28, 0xE2, 0xCF, 0xF5, 0x29, 0xFA, 0xCA, 0x10,
  0x1F, 0x14, 0xDE, 0x19, 0xE4, 0xFC, 0xEE, 0x16, 0xD4, 0xE5,
  0x3C, 0x17, 0x10, 0xEB, 0xED, 0x02, 0xD4, 0xCD, 0xE5, 0x23,
  0xFB, 0xD7, 0xDE, 0xF7, 0x01, 0xE6, 0x0D, 0x02, 0x0A, 0x1D,
  0x2F, 0x0D, 0x16, 0xDB, 0xD0, 0x01, 0xE1, 0x18, 0xF7, 0xF8,
  0xF5, 0x04, 0x10, 0xFD, 0x18, 0x27, 0xDD, 0xFD, 0xED, 0xEF,
  0x7A, 0xFC, 0xFF, 0xFF, 0x04, 0x00, 0x00, 0x00, 0x00, 0x01,
  0x00, 0x00, 0x6E, 0x0A, 0x00, 0x00, 0xBC, 0x00, 0x00, 0x00,
  0x57, 0xFC, 0xFF, 0xFF, 0x72, 0x0A, 0x00, 0x00, 0x3D, 0xFF,
  0xFF, 0xFF, 0x0C, 0x09, 0x00, 0x00, 0xEE, 0xFC, 0xFF, 0xFF,
  0xF7, 0x06, 0x00, 0x00, 0xED, 0x03, 0x00, 0x00, 0xC8, 0x05,
  0x00, 0x00, 0x9D, 0xFF, 0xFF, 0xFF, 0x19, 0xFD, 0xFF, 0xFF,
  0x6F, 0x00, 0x00, 0x00, 0x2D, 0xFB, 0xFF, 0xFF, 0x2C, 0xFC,
  0xFF, 0xFF, 0xD1, 0xFB, 0xFF, 0xFF, 0x01, 0x03, 0x00, 0x00,
  0x7F, 0x08, 0x00, 0x00, 0xA1, 0xFE, 0xFF, 0xFF, 0x3A, 0x02,
  0x00, 0x00, 0x04, 0x0A, 0x00, 0x00, 0x2A, 0x03, 0x00, 0x00,
  0x88, 0x06, 0x00, 0x00, 0xFE, 0xFB, 0xFF, 0xFF, 0x98, 0x06,
  0x00, 0x00, 0x71, 0x00, 0x00, 0x00, 0xEA, 0xFB, 0xFF, 0xFF,
  0xCA, 0xFE, 0xFF, 0xFF, 0x70, 0x02, 0x00, 0x00, 0xC8, 0x02,
  0x00, 0x00, 0x6E, 0x07, 0x00, 0x00, 0xAC, 0x06, 0x00, 0x00,
  0x89, 0x07, 0x00, 0x00, 0x99, 0x05, 0x00, 0x00, 0x31, 0xFF,
  0xFF, 0xFF, 0x2E, 0x01, 0x00, 0x00, 0xF7, 0xFD, 0xFF, 0xFF,
  0xA3, 0x00, 0x00, 0x00, 0x65, 0x00, 0x00, 0x00, 0x45, 0xFF,
  0xFF, 0xFF, 0x9E, 0x02, 0x00, 0x00, 0xC3, 0xFE, 0xFF, 0xFF,
  0x39, 0x00, 0x00, 0x00, 0xD3, 0xFA, 0xFF, 0xFF, 0xD0, 0xFE,
  0xFF, 0xFF, 0xA6, 0x00, 0x00, 0x00, 0x44, 0x0A, 0x00, 0x00,
  0xC7, 0xF9, 0xFF, 0xFF, 0x06, 0x00, 0x00, 0x00, 0xBC, 0x04,
  0x00, 0x00, 0x88, 0x09, 0x00, 0x00, 0x86, 0x05, 0x00, 0x00,
  0xB8, 0xFA, 0xFF, 0xFF, 0xEB, 0x02, 0x00, 0x00, 0x4A, 0x04,
  0x00, 0x00, 0xCA, 0x06, 0x00, 0x00, 0xA7, 0x09, 0x00, 0x00,
  0xEB, 0x04, 0x00, 0x00, 0x81, 0xFD, 0xFF, 0xFF, 0x23, 0xFC,
  0xFF, 0xFF, 0x8D, 0x05, 0x00, 0x00, 0x12, 0x01, 0x00, 0x00,
  0x66, 0x01, 0x00, 0x00, 0xAD, 0x02, 0x00, 0x00, 0x86, 0xFD,
  0xFF, 0xFF, 0x04, 0x00, 0x00, 0x00, 0x80, 0x01, 0x00, 0x00,
  0x32, 0x31, 0xF1, 0x19, 0xC7, 0xFE, 0xC4, 0x25, 0x12, 0xBA,
  0x58, 0xFA, 0xBB, 0xA7, 0xAB, 0xD1, 0xFC, 0xCD, 0x2A, 0x93,
  0x09, 0xE6, 0x0F, 0xEB, 0x4B, 0x20, 0xE6, 0xBF, 0x01, 0xF6,
  0x49, 0xFE, 0x0D, 0x2A, 0xD0, 0xB3, 0xCF, 0xFA, 0xEA, 0xE5,
  0x23, 0x60, 0x1E, 0xCD, 0x3A, 0x60, 0x25, 0xC6, 0x51, 0x3B,
  0x4F, 0xE9, 0xF8, 0xF4, 0xF4, 0x19, 0x2F, 0x40, 0x1C, 0xDC,
  0x07, 0x24, 0x38, 0xE2, 0xF2, 0x42, 0x02, 0xD2, 0xD1, 0xE1,
  0xE8, 0x1F, 0xDB, 0x03, 0x2D, 0x2C, 0x24, 0x46, 0x35, 0x53,
  0x13, 0xA8, 0x43, 0x2E, 0x93, 0xAA, 0xE8, 0xEB, 0xEF, 0x02,
  0x22, 0x0F, 0xAE, 0x20, 0x9F, 0xB6, 0xB8, 0xF3, 0x31, 0x04,
  0xDF, 0xC1, 0xBD, 0xCF, 0x1D, 0x2B, 0xFD, 0x43, 0x2A, 0x1E,
  0xBC, 0x3B, 0xE8, 0x21, 0xEF, 0xDE, 0x4A, 0xE6, 0x99, 0xAD,
  0xE3, 0xDC, 0x3F, 0x40, 0x92, 0x3E, 0x34, 0xBC, 0xE1, 0xA6,
  0xF4, 0xE3, 0x35, 0xA8, 0x0B, 0x13, 0xCA, 0xEE, 0xE6, 0xE9,
  0x8F, 0x15, 0xF2, 0xEB, 0xE9, 0xAF, 0xE6, 0xB4, 0xCB, 0x41,
  0x9D, 0xED, 0xE5, 0xF4, 0x1E, 0x21, 0x23, 0x0A, 0xCD, 0xEC,
  0xBB, 0xBA, 0x9E, 0xA8, 0x0A, 0x11, 0x3E, 0x3D, 0xBA, 0xE8,
  0x2D, 0x08, 0xFF, 0xD7, 0xBE, 0x1B, 0x06, 0xEA, 0xE4, 0xB7,
  0x24, 0x21, 0xC7, 0x0D, 0xD4, 0xF2, 0xF9, 0xD8, 0x37, 0x3D,
  0xED, 0xE1, 0x22, 0xEA, 0xC9, 0xD8, 0xC2, 0xB9, 0x09, 0x34,
  0xD3, 0x11, 0xD4, 0x06, 0x7F, 0xEA, 0x01, 0xEF, 0x2B, 0xC1,
  0xC0, 0x13, 0xE6, 0x25, 0x20, 0x28, 0xE3, 0xCF, 0xED, 0x2F,
  0xD1, 0x42, 0x3D, 0x34, 0x07, 0x3A, 0x4A, 0xFA, 0xF4, 0x29,
  0xDC, 0xE3, 0xDD, 0xDE, 0xE5, 0xF7, 0xCA, 0xD5, 0x29, 0xE3,
  0xD5, 0xDB, 0x14, 0x09, 0xD7, 0x2C, 0x2B, 0xEF, 0x28, 0xEE,
  0xDE, 0xFB, 0xFA, 0x40, 0x0A, 0xEE, 0x35, 0xE8, 0xE6, 0x4E,
  0x43, 0x4B, 0x17, 0x8F, 0x3F, 0x42, 0xF1, 0xD1, 0x0D, 0xD1,
  0xB7, 0x08, 0xBA, 0x3F, 0xA8, 0x45, 0x21, 0x3D, 0xDF, 0xEC,
  0xF1, 0xF3, 0x9A, 0x02, 0xD5, 0x94, 0xBE, 0x07, 0x01, 0xF2,
  0xEE, 0x14, 0xD7, 0xFF, 0xE7, 0xD3, 0x3E, 0xFE, 0x1C, 0xE6,
  0xF9, 0xE3, 0x1C, 0xDD, 0x1D, 0xA3, 0x24, 0x09, 0xE8, 0x2E,
  0x22, 0x0B, 0xB8, 0xDF, 0x33, 0xDD, 0x1D, 0xB3, 0x00, 0x2D,
  0x23, 0x3B, 0xE5, 0x3B, 0x16, 0x4E, 0xFE, 0x8C, 0x0B, 0x41,
  0x06, 0x0A, 0x08, 0x25, 0xE8, 0x30, 0xEA, 0x24, 0xD1, 0x4D,
  0x02, 0xEC, 0x2E, 0x11, 0xFA, 0xC7, 0xB2, 0xBC, 0xE7, 0xA8,
  0x24, 0x0D, 0x15, 0x14, 0x50, 0xE9, 0xB1, 0x3A, 0x37, 0x00,
  0x1F, 0xF2, 0xB9, 0x16, 0x3D, 0xE8, 0x1A, 0xBE, 0x34, 0xA8,
  0xF9, 0x07, 0xE7, 0xD8, 0x2C, 0x23, 0xAE, 0xED, 0x42, 0xD7,
  0x3E, 0x8A, 0xF6, 0xE5, 0x12, 0xFF, 0xFF, 0xFF, 0x04, 0x00,
  0x00, 0x00, 0x18, 0x00, 0x00, 0x00, 0xAD, 0x01, 0x00, 0x00,
  0x72, 0xFE, 0xFF, 0xFF, 0x71, 0xFF, 0xFF, 0xFF, 0xD7, 0x00,
  0x00, 0x00, 0x1A, 0x00, 0x00, 0x00, 0x54, 0x00, 0x00, 0x00,
  0x36, 0xFF, 0xFF, 0xFF, 0x04, 0x00, 0x00, 0x00, 0x08, 0x00,
  0x00, 0x00, 0x01, 0x00, 0x00, 0x00, 0x02, 0x00, 0x00, 0x00,
  0x4A, 0xFF, 0xFF, 0xFF, 0x04, 0x00, 0x00, 0x00, 0x10, 0x00,
  0x00, 0x00, 0x01, 0x00, 0x00, 0x00, 0x64, 0x00, 0x00, 0x00,
  0x01, 0x00, 0x00, 0x00, 0x03, 0x00, 0x00, 0x00, 0x3C, 0xEA,
  0xFF, 0xFF, 0x40, 0xEA, 0xFF, 0xFF, 0x0F, 0x00, 0x00, 0x00,
  0x4D, 0x4C, 0x49, 0x52, 0x20, 0x43, 0x6F, 0x6E, 0x76, 0x65,
  0x72, 0x74, 0x65, 0x64, 0x2E, 0x00, 0x01, 0x00, 0x00, 0x00,
  0x14, 0x00, 0x00, 0x00, 0x00, 0x00, 0x0E, 0x00, 0x18, 0x00,
  0x14, 0x00, 0x10, 0x00, 0x0C, 0x00, 0x08, 0x00, 0x04, 0x00,
  0x0E, 0x00, 0x00, 0x00, 0x14, 0x00, 0x00, 0x00, 0x1C, 0x00,
  0x00, 0x00, 0x84, 0x02, 0x00, 0x00, 0x88, 0x02, 0x00, 0x00,
  0x8C, 0x02, 0x00, 0x00, 0x04, 0x00, 0x00, 0x00, 0x6D, 0x61,
  0x69, 0x6E, 0x00, 0x00, 0x00, 0x00, 0x09, 0x00, 0x00, 0x00,
  0x48, 0x02, 0x00, 0x00, 0xEC, 0x01, 0x00, 0x00, 0x88, 0x01,
  0x00, 0x00, 0x34, 0x01, 0x00, 0x00, 0xF0, 0x00, 0x00, 0x00,
  0xBC, 0x00, 0x00, 0x00, 0x78, 0x00, 0x00, 0x00, 0x40, 0x00,
  0x00, 0x00, 0x04, 0x00, 0x00, 0x00, 0xA2, 0xFE, 0xFF, 0xFF,
  0x1C, 0x00, 0x00, 0x00, 0x00, 0x00, 0x00, 0x09, 0x1C, 0x00,
  0x00, 0x00, 0x20, 0x00, 0x00, 0x00, 0x05, 0x00, 0x00, 0x00,
  0x00, 0x00, 0x06, 0x00, 0x08, 0x00, 0x04, 0x00, 0x06, 0x00,
  0x00, 0x00, 0x00, 0x00, 0x80, 0x3F, 0x01, 0x00, 0x00, 0x00,
  0x13, 0x00, 0x00, 0x00, 0x01, 0x00, 0x00, 0x00, 0x12, 0x00,
  0x00, 0x00, 0x7A, 0xFE, 0xFF, 0xFF, 0x14, 0x00, 0x00, 0x00,
  0x00, 0x00, 0x00, 0x08, 0x10, 0x00, 0x00, 0x00, 0x14, 0x00,
  0x00, 0x00, 0x04, 0x00, 0x00, 0x00, 0x0C, 0xEB, 0xFF, 0xFF,
  0x01, 0x00, 0x00, 0x00, 0x12, 0x00, 0x00, 0x00, 0x03, 0x00,
  0x00, 0x00, 0x11, 0x00, 0x00, 0x00, 0x04, 0x00, 0x00, 0x00,
  0x03, 0x00, 0x00, 0x00, 0x0E, 0xFF, 0xFF, 0xFF, 0x1C, 0x00,
  0x00, 0x00, 0x00, 0x00, 0x00, 0x08, 0x1C, 0x00, 0x00, 0x00,
  0x20, 0x00, 0x00, 0x00, 0x04, 0x00, 0x00, 0x00, 0x00, 0x00,
  0x06, 0x00, 0x08, 0x00, 0x07, 0x00, 0x06, 0x00, 0x00, 0x00,
  0x00, 0x00, 0x00, 0x01, 0x01, 0x00, 0x00, 0x00, 0x11, 0x00,
  0x00, 0x00, 0x03, 0x00, 0x00, 0x00, 0x10, 0x00, 0x00, 0x00,
  0x06, 0x00, 0x00, 0x00, 0x05, 0x00, 0x00, 0x00, 0xEE, 0xFE,
  0xFF, 0xFF, 0x14, 0x00, 0x00, 0x00, 0x00, 0x00, 0x00, 0x1B,
  0x10, 0x00, 0x00, 0x00, 0x14, 0x00, 0x00, 0x00, 0x03, 0x00,
  0x00, 0x00, 0x80, 0xEB, 0xFF, 0xFF, 0x01, 0x00, 0x00, 0x00,
  0x10, 0x00, 0x00, 0x00, 0x02, 0x00, 0x00, 0x00, 0x0F, 0x00,
  0x00, 0x00, 0x02, 0x00, 0x00, 0x00, 0x1E, 0xFF, 0xFF, 0xFF,
  0x14, 0x00, 0x00, 0x00, 0x00, 0x00, 0x00, 0x05, 0x24, 0x00,
  0x00, 0x00, 0x28, 0x00, 0x00, 0x00, 0x02, 0x00, 0x00, 0x00,
  0x6E, 0xFF, 0xFF, 0xFF, 0x02, 0x00, 0x00, 0x00, 0x01, 0x00,
  0x00, 0x00, 0x02, 0x00, 0x00, 0x00, 0x01, 0x00, 0x00, 0x00,
  0x00, 0x00, 0x00, 0x01, 0x01, 0x00, 0x00, 0x00, 0x0F, 0x00,
  0x00, 0x00, 0x01, 0x00, 0x00, 0x00, 0x0E, 0x00, 0x00, 0x00,
  0x5E, 0xFF, 0xFF, 0xFF, 0x14, 0x00, 0x00, 0x00, 0x00, 0x00,
  0x00, 0x01, 0x1C, 0x00, 0x00, 0x00, 0x20, 0x00, 0x00, 0x00,
  0x01, 0x00, 0x00, 0x00, 0x50, 0xFF, 0xFF, 0xFF, 0x00, 0x00,
  0x00, 0x01, 0x01, 0x00, 0x00, 0x00, 0x01, 0x00, 0x00, 0x00,
  0x01, 0x00, 0x00, 0x00, 0x0E, 0x00, 0x00, 0x00, 0x03, 0x00,
  0x00, 0x00, 0x0D, 0x00, 0x00, 0x00, 0x08, 0x00, 0x00, 0x00,
  0x07, 0x00, 0x00, 0x00, 0x00, 0x00, 0x0E, 0x00, 0x1A, 0x00,
  0x14, 0x00, 0x10, 0x00, 0x0C, 0x00, 0x0B, 0x00, 0x04, 0x00,
  0x0E, 0x00, 0x00, 0x00, 0x24, 0x00, 0x00, 0x00, 0x00, 0x00,
  0x00, 0x05, 0x34, 0x00, 0x00, 0x00, 0x38, 0x00, 0x00, 0x00,
  0x02, 0x00, 0x00, 0x00, 0x00, 0x00, 0x0E, 0x00, 0x18, 0x00,
  0x17, 0x00, 0x10, 0x00, 0x0C, 0x00, 0x08, 0x00, 0x04, 0x00,
  0x0E, 0x00, 0x00, 0x00, 0x02, 0x00, 0x00, 0x00, 0x01, 0x00,
  0x00, 0x00, 0x02, 0x00, 0x00, 0x00, 0x01, 0x00, 0x00, 0x00,
  0x00, 0x00, 0x00, 0x01, 0x01, 0x00, 0x00, 0x00, 0x0D, 0x00,
  0x00, 0x00, 0x01, 0x00, 0x00, 0x00, 0x0C, 0x00, 0x00, 0x00,
  0x00, 0x00, 0x0E, 0x00, 0x18, 0x00, 0x14, 0x00, 0x10, 0x00,
  0x0C, 0x00, 0x0B, 0x00, 0x04, 0x00, 0x0E, 0x00, 0x00, 0x00,
  0x20, 0x00, 0x00, 0x00, 0x00, 0x00, 0x00, 0x01, 0x28, 0x00,
  0x00, 0x00, 0x2C, 0x00, 0x00, 0x00, 0x01, 0x00, 0x00, 0x00,
  0x0C, 0x00, 0x10, 0x00, 0x00, 0x00, 0x0C, 0x00, 0x08, 0x00,
  0x07, 0x00, 0x0C, 0x00, 0x00, 0x00, 0x00, 0x00, 0x00, 0x01,
  0x01, 0x00, 0x00, 0x00, 0x01, 0x00, 0x00, 0x00, 0x01, 0x00,
  0x00, 0x00, 0x0C, 0x00, 0x00, 0x00, 0x03, 0x00, 0x00, 0x00,
  0x0B, 0x00, 0x00, 0x00, 0x0A, 0x00, 0x00, 0x00, 0x09, 0x00,
  0x00, 0x00, 0x00, 0x00, 0x0A, 0x00, 0x0C, 0x00, 0x00, 0x00,
  0x08, 0x00, 0x04, 0x00, 0x0A, 0x00, 0x00, 0x00, 0x08, 0x00,
  0x00, 0x00, 0x0C, 0x00, 0x00, 0x00, 0x01, 0x00, 0x00, 0x00,
  0x0B, 0x00, 0x00, 0x00, 0x02, 0x00, 0x00, 0x00, 0x00, 0x00,
  0x00, 0x00, 0x01, 0x00, 0x00, 0x00, 0x01, 0x00, 0x00, 0x00,
  0x13, 0x00, 0x00, 0x00, 0x01, 0x00, 0x00, 0x00, 0x00, 0x00,
  0x00, 0x00, 0x14, 0x00, 0x00, 0x00, 0x4C, 0x13, 0x00, 0x00,
  0xCC, 0x12, 0x00, 0x00, 0x64, 0x12, 0x00, 0x00, 0xDC, 0x11,
  0x00, 0x00, 0x60, 0x11, 0x00, 0x00, 0xDC, 0x10, 0x00, 0x00,
  0x60, 0x10, 0x00, 0x00, 0xEC, 0x0C, 0x00, 0x00, 0x78, 0x09,
  0x00, 0x00, 0x84, 0x07, 0x00, 0x00, 0x90, 0x05, 0x00, 0x00,
  0x04, 0x05, 0x00, 0x00, 0x30, 0x04, 0x00, 0x00, 0xAC, 0x03,
  0x00, 0x00, 0xD8, 0x02, 0x00, 0x00, 0x54, 0x02, 0x00, 0x00,
  0xE0, 0x01, 0x00, 0x00, 0x1C, 0x01, 0x00, 0x00, 0x70, 0x00,
  0x00, 0x00, 0x04, 0x00, 0x00, 0x00, 0x1A, 0xED, 0xFF, 0xFF,
  0x00, 0x00, 0x00, 0x01, 0x14, 0x00, 0x00, 0x00, 0x30, 0x00,
  0x00, 0x00, 0x14, 0x00, 0x00, 0x00, 0x00, 0x00, 0x00, 0x09,
  0x44, 0x00, 0x00, 0x00, 0x04, 0xED, 0xFF, 0xFF, 0x08, 0x00,
  0x00, 0x00, 0x10, 0x00, 0x00, 0x00, 0x01, 0x00, 0x00, 0x00,
  0x80, 0xFF, 0xFF, 0xFF, 0xFF, 0xFF, 0xFF, 0xFF, 0x01, 0x00,
  0x00, 0x00, 0x00, 0x00, 0x80, 0x3B, 0x19, 0x00, 0x00, 0x00,
  0x53, 0x74, 0x61, 0x74, 0x65, 0x66, 0x75, 0x6C, 0x50, 0x61,
  0x72, 0x74, 0x69, 0x74, 0x69, 0x6F, 0x6E, 0x65, 0x64, 0x43,
  0x61, 0x6C, 0x6C, 0x3A, 0x30, 0x00, 0x00, 0x00, 0x02, 0x00,
  0x00, 0x00, 0x01, 0x00, 0x00, 0x00, 0x06, 0x00, 0x00, 0x00,
  0x82, 0xED, 0xFF, 0xFF, 0x00, 0x00, 0x00, 0x01, 0x14, 0x00,
  0x00, 0x00, 0x30, 0x00, 0x00, 0x00, 0x13, 0x00, 0x00, 0x00,
  0x00, 0x00, 0x00, 0x09, 0x84, 0x00, 0x00, 0x00, 0x6C, 0xED,
  0xFF, 0xFF, 0x08, 0x00, 0x00, 0x00, 0x10, 0x00, 0x00, 0x00,
  0x01, 0x00, 0x00, 0x00, 0x29, 0x00, 0x00, 0x00, 0x00, 0x00,
  0x00, 0x00, 0x01, 0x00, 0x00, 0x00, 0xC3, 0xD0, 0x5E, 0x3E,
  0x58, 0x00, 0x00, 0x00, 0x64, 0x61, 0x67, 0x68, 0x65, 0x72,
  0x6F, 0x5F, 0x63, 0x6E, 0x6E, 0x5F, 0x32, 0x6C, 0x61, 0x79,
  0x65, 0x72, 0x5F, 0x63, 0x6F, 0x6E, 0x76, 0x32, 0x64, 0x2F,
  0x63, 0x6C, 0x61, 0x73, 0x73, 0x69, 0x66, 0x69, 0x65, 0x72,
  0x2F, 0x4D, 0x61, 0x74, 0x4D, 0x75, 0x6C, 0x3B, 0x64, 0x61,
  0x67, 0x68, 0x65, 0x72, 0x6F, 0x5F, 0x63, 0x6E, 0x6E, 0x5F,
  0x32, 0x6C, 0x61, 0x79, 0x65, 0x72, 0x5F, 0x63, 0x6F, 0x6E,
  0x76, 0x32, 0x64, 0x2F, 0x63, 0x6C, 0x61, 0x73, 0x73, 0x69,
  0x66, 0x69, 0x65, 0x72, 0x2F, 0x42, 0x69, 0x61, 0x73, 0x41,
  0x64, 0x64, 0x00, 0x00, 0x00, 0x00, 0x02, 0x00, 0x00, 0x00,
  0x01, 0x00, 0x00, 0x00, 0x06, 0x00, 0x00, 0x00, 0x2A, 0xEE,
  0xFF, 0xFF, 0x00, 0x00, 0x00, 0x01, 0x14, 0x00, 0x00, 0x00,
  0x34, 0x00, 0x00, 0x00, 0x12, 0x00, 0x00, 0x00, 0x00, 0x00,
  0x00, 0x09, 0x9C, 0x00, 0x00, 0x00, 0x14, 0xEE, 0xFF, 0xFF,
  0x08, 0x00, 0x00, 0x00, 0x14, 0x00, 0x00, 0x00, 0x01, 0x00,
  0x00, 0x00, 0x80, 0xFF, 0xFF, 0xFF, 0xFF, 0xFF, 0xFF, 0xFF,
  0x00, 0x00, 0x00, 0x00, 0x01, 0x00, 0x00, 0x00, 0xA0, 0x44,
  0x5F, 0x3D, 0x6D, 0x00, 0x00, 0x00, 0x64, 0x61, 0x67, 0x68,
  0x65, 0x72, 0x6F, 0x5F, 0x63, 0x6E, 0x6E, 0x5F, 0x32, 0x6C,
  0x61, 0x79, 0x65, 0x72, 0x5F, 0x63, 0x6F, 0x6E, 0x76, 0x32,
  0x64, 0x2F, 0x66, 0x63, 0x31, 0x2F, 0x4D, 0x61, 0x74, 0x4D,
  0x75, 0x6C, 0x3B, 0x64, 0x61, 0x67, 0x68, 0x65, 0x72, 0x6F,
  0x5F, 0x63, 0x6E, 0x6E, 0x5F, 0x32, 0x6C, 0x61, 0x79, 0x65,
  0x72, 0x5F, 0x63, 0x6F, 0x6E, 0x76, 0x32, 0x64, 0x2F, 0x66,
  0x63, 0x31, 0x2F, 0x52, 0x65, 0x6C, 0x75, 0x3B, 0x64, 0x61,
  0x67, 0x68, 0x65, 0x72, 0x6F, 0x5F, 0x63, 0x6E, 0x6E, 0x5F,
  0x32, 0x6C, 0x61, 0x79, 0x65, 0x72, 0x5F, 0x63, 0x6F, 0x6E,
  0x76, 0x32, 0x64, 0x2F, 0x66, 0x63, 0x31, 0x2F, 0x42, 0x69,
  0x61, 0x73, 0x41, 0x64, 0x64, 0x00, 0x00, 0x00, 0x02, 0x00,
  0x00, 0x00, 0x01, 0x00, 0x00, 0x00, 0x40, 0x00, 0x00, 0x00,
  0xEA, 0xEE, 0xFF, 0xFF, 0x00, 0x00, 0x00, 0x01, 0x14, 0x00,
  0x00, 0x00, 0x30, 0x00, 0x00, 0x00, 0x11, 0x00, 0x00, 0x00,
  0x00, 0x00, 0x00, 0x09, 0x4C, 0x00, 0x00, 0x00, 0xD4, 0xEE,
  0xFF, 0xFF, 0x08, 0x00, 0x00, 0x00, 0x10, 0x00, 0x00, 0x00,
  0x01, 0x00, 0x00, 0x00, 0x80, 0xFF, 0xFF, 0xFF, 0xFF, 0xFF,
  0xFF, 0xFF, 0x01, 0x00, 0x00, 0x00, 0xDB, 0x69, 0x78, 0x3C,
  0x22, 0x00, 0x00, 0x00, 0x64, 0x61, 0x67, 0x68, 0x65, 0x72,
  0x6F, 0x5F, 0x63, 0x6E, 0x6E, 0x5F, 0x32, 0x6C, 0x61, 0x79,
  0x65, 0x72, 0x5F, 0x63, 0x6F, 0x6E, 0x76, 0x32, 0x64, 0x2F,
  0x67, 0x61, 0x70, 0x2F, 0x4D, 0x65, 0x61, 0x6E, 0x00, 0x00,
  0x02, 0x00, 0x00, 0x00, 0x01, 0x00, 0x00, 0x00, 0x40, 0x00,
  0x00, 0x00, 0x5A, 0xEF, 0xFF, 0xFF, 0x00, 0x00, 0x00, 0x01,
  0x14, 0x00, 0x00, 0x00, 0x34, 0x00, 0x00, 0x00, 0x10, 0x00,
  0x00, 0x00, 0x00, 0x00, 0x00, 0x09, 0x54, 0x00, 0x00, 0x00,
  0x44, 0xEF, 0xFF, 0xFF, 0x08, 0x00, 0x00, 0x00, 0x14, 0x00,
  0x00, 0x00, 0x01, 0x00, 0x00, 0x00, 0x80, 0xFF, 0xFF, 0xFF,
  0xFF, 0xFF, 0xFF, 0xFF, 0x00, 0x00, 0x00, 0x00, 0x01, 0x00,
  0x00, 0x00, 0xDA, 0x18, 0x30, 0x3D, 0x27, 0x00, 0x00, 0x00,
  0x64, 0x61, 0x67, 0x68, 0x65, 0x72, 0x6F, 0x5F, 0x63, 0x6E,
  0x6E, 0x5F, 0x32, 0x6C, 0x61, 0x79, 0x65, 0x72, 0x5F, 0x63,
  0x6F, 0x6E, 0x76, 0x32, 0x64, 0x2F, 0x70, 0x6F, 0x6F, 0x6C,
  0x32, 0x2F, 0x4D, 0x61, 0x78, 0x50, 0x6F, 0x6F, 0x6C, 0x00,
  0x04, 0x00, 0x00, 0x00, 0x01, 0x00, 0x00, 0x00, 0x19, 0x00,
  0x00, 0x00, 0x01, 0x00, 0x00, 0x00, 0x40, 0x00, 0x00, 0x00,
  0xDA, 0xEF, 0xFF, 0xFF, 0x00, 0x00, 0x00, 0x01, 0x14, 0x00,
  0x00, 0x00, 0x30, 0x00, 0x00, 0x00, 0x0F, 0x00, 0x00, 0x00,
  0x00, 0x00, 0x00, 0x09, 0xA4, 0x00, 0x00, 0x00, 0xC4, 0xEF,
  0xFF, 0xFF, 0x08, 0x00, 0x00, 0x00, 0x10, 0x00, 0x00, 0x00,
  0x01, 0x00, 0x00, 0x00, 0x80, 0xFF, 0xFF, 0xFF, 0xFF, 0xFF,
  0xFF, 0xFF, 0x01, 0x00, 0x00, 0x00, 0xDA, 0x18, 0x30, 0x3D,
  0x7A, 0x00, 0x00, 0x00, 0x64, 0x61, 0x67, 0x68, 0x65, 0x72,
  0x6F, 0x5F, 0x63, 0x6E, 0x6E, 0x5F, 0x32, 0x6C, 0x61, 0x79,
  0x65, 0x72, 0x5F, 0x63, 0x6F, 0x6E, 0x76, 0x32, 0x64, 0x2F,
  0x72, 0x65, 0x6C, 0x75, 0x32, 0x2F, 0x52, 0x65, 0x6C, 0x75,
  0x3B, 0x64, 0x61, 0x67, 0x68, 0x65, 0x72, 0x6F, 0x5F, 0x63,
  0x6E, 0x6E, 0x5F, 0x32, 0x6C, 0x61, 0x79, 0x65, 0x72, 0x5F,
  0x63, 0x6F, 0x6E, 0x76, 0x32, 0x64, 0x2F, 0x62, 0x6E, 0x32,
  0x2F, 0x46, 0x75, 0x73, 0x65, 0x64, 0x42, 0x61, 0x74, 0x63,
  0x68, 0x4E, 0x6F, 0x72, 0x6D, 0x56, 0x33, 0x3B, 0x64, 0x61,
  0x67, 0x68, 0x65, 0x72, 0x6F, 0x5F, 0x63, 0x6E, 0x6E, 0x5F,
  0x32, 0x6C, 0x61, 0x79, 0x65, 0x72, 0x5F, 0x63, 0x6F, 0x6E,
  0x76, 0x32, 0x64, 0x2F, 0x63, 0x6F, 0x6E, 0x76, 0x32, 0x2F,
  0x43, 0x6F, 0x6E, 0x76, 0x32, 0x44, 0x00, 0x00, 0x04, 0x00,
  0x00, 0x00, 0x01, 0x00, 0x00, 0x00, 0x32, 0x00, 0x00, 0x00,
  0x01, 0x00, 0x00, 0x00, 0x40, 0x00, 0x00, 0x00, 0xAA, 0xF0,
  0xFF, 0xFF, 0x00, 0x00, 0x00, 0x01, 0x14, 0x00, 0x00, 0x00,
  0x34, 0x00, 0x00, 0x00, 0x0E, 0x00, 0x00, 0x00, 0x00, 0x00,
  0x00, 0x09, 0x54, 0x00, 0x00, 0x00, 0x94, 0xF0, 0xFF, 0xFF,
  0x08, 0x00, 0x00, 0x00, 0x14, 0x00, 0x00, 0x00, 0x01, 0x00,
  0x00, 0x00, 0x80, 0xFF, 0xFF, 0xFF, 0xFF, 0xFF, 0xFF, 0xFF,
  0x00, 0x00, 0x00, 0x00, 0x01, 0x00, 0x00, 0x00, 0xFA, 0x10,
  0x4B, 0x3D, 0x27, 0x00, 0x00, 0x00, 0x64, 0x61, 0x67, 0x68,
  0x65, 0x72, 0x6F, 0x5F, 0x63, 0x6E, 0x6E, 0x5F, 0x32, 0x6C,
  0x61, 0x79, 0x65, 0x72, 0x5F, 0x63, 0x6F, 0x6E, 0x76, 0x32,
  0x64, 0x2F, 0x70, 0x6F, 0x6F, 0x6C, 0x31, 0x2F, 0x4D, 0x61,
  0x78, 0x50, 0x6F, 0x6F, 0x6C, 0x00, 0x04, 0x00, 0x00, 0x00,
  0x01, 0x00, 0x00, 0x00, 0x32, 0x00, 0x00, 0x00, 0x01, 0x00,
  0x00, 0x00, 0x20, 0x00, 0x00, 0x00, 0x2A, 0xF1, 0xFF, 0xFF,
  0x00, 0x00, 0x00, 0x01, 0x14, 0x00, 0x00, 0x00, 0x30, 0x00,
  0x00, 0x00, 0x0D, 0x00, 0x00, 0x00, 0x00, 0x00, 0x00, 0x09,
  0xA4, 0x00, 0x00, 0x00, 0x14, 0xF1, 0xFF, 0xFF, 0x08, 0x00,
  0x00, 0x00, 0x10, 0x00, 0x00, 0x00, 0x01, 0x00, 0x00, 0x00,
  0x80, 0xFF, 0xFF, 0xFF, 0xFF, 0xFF, 0xFF, 0xFF, 0x01, 0x00,
  0x00, 0x00, 0xFA, 0x10, 0x4B, 0x3D, 0x7A, 0x00, 0x00, 0x00,
  0x64, 0x61, 0x67, 0x68, 0x65, 0x72, 0x6F, 0x5F, 0x63, 0x6E,
  0x6E, 0x5F, 0x32, 0x6C, 0x61, 0x79, 0x65, 0x72, 0x5F, 0x63,
  0x6F, 0x6E, 0x76, 0x32, 0x64, 0x2F, 0x72, 0x65, 0x6C, 0x75,
  0x31, 0x2F, 0x52, 0x65, 0x6C, 0x75, 0x3B, 0x64, 0x61, 0x67,
  0x68, 0x65, 0x72, 0x6F, 0x5F, 0x63, 0x6E, 0x6E, 0x5F, 0x32,
  0x6C, 0x61, 0x79, 0x65, 0x72, 0x5F, 0x63, 0x6F, 0x6E, 0x76,
  0x32, 0x64, 0x2F, 0x62, 0x6E, 0x31, 0x2F, 0x46, 0x75, 0x73,
  0x65, 0x64, 0x42, 0x61, 0x74, 0x63, 0x68, 0x4E, 0x6F, 0x72,
  0x6D, 0x56, 0x33, 0x3B, 0x64, 0x61, 0x67, 0x68, 0x65, 0x72,
  0x6F, 0x5F, 0x63, 0x6E, 0x6E, 0x5F, 0x32, 0x6C, 0x61, 0x79,
  0x65, 0x72, 0x5F, 0x63, 0x6F, 0x6E, 0x76, 0x32, 0x64, 0x2F,
  0x63, 0x6F, 0x6E, 0x76, 0x31, 0x2F, 0x43, 0x6F, 0x6E, 0x76,
  0x32, 0x44, 0x00, 0x00, 0x04, 0x00, 0x00, 0x00, 0x01, 0x00,
  0x00, 0x00, 0x64, 0x00, 0x00, 0x00, 0x01, 0x00, 0x00, 0x00,
  0x20, 0x00, 0x00, 0x00, 0xFA, 0xF1, 0xFF, 0xFF, 0x00, 0x00,
  0x00, 0x01, 0x14, 0x00, 0x00, 0x00, 0x34, 0x00, 0x00, 0x00,
  0x0C, 0x00, 0x00, 0x00, 0x00, 0x00, 0x00, 0x09, 0x5C, 0x00,
  0x00, 0x00, 0xE4, 0xF1, 0xFF, 0xFF, 0x08, 0x00, 0x00, 0x00,
  0x14, 0x00, 0x00, 0x00, 0x01, 0x00, 0x00, 0x00, 0xF2, 0xFF,
  0xFF, 0xFF, 0xFF, 0xFF, 0xFF, 0xFF, 0x00, 0x00, 0x00, 0x00,
  0x01, 0x00, 0x00, 0x00, 0xCA, 0x61, 0x56, 0x3D, 0x2C, 0x00,
  0x00, 0x00, 0x64, 0x61, 0x67, 0x68, 0x65, 0x72, 0x6F, 0x5F,
  0x63, 0x6E, 0x6E, 0x5F, 0x32, 0x6C, 0x61, 0x79, 0x65, 0x72,
  0x5F, 0x63, 0x6F, 0x6E, 0x76, 0x32, 0x64, 0x2F, 0x72, 0x65,
  0x73, 0x68, 0x61, 0x70, 0x65, 0x5F, 0x69, 0x6E, 0x2F, 0x52,
  0x65, 0x73, 0x68, 0x61, 0x70, 0x65, 0x00, 0x00, 0x00, 0x00,
  0x04, 0x00, 0x00, 0x00, 0x01, 0x00, 0x00, 0x00, 0x64, 0x00,
  0x00, 0x00, 0x01, 0x00, 0x00, 0x00, 0x03, 0x00, 0x00, 0x00,
  0x82, 0xF2, 0xFF, 0xFF, 0x00, 0x00, 0x00, 0x01, 0x14, 0x00,
  0x00, 0x00, 0xA4, 0x01, 0x00, 0x00, 0x0B, 0x00, 0x00, 0x00,
  0x00, 0x00, 0x00, 0x09, 0xC4, 0x01, 0x00, 0x00, 0x6C, 0xF2,
  0xFF, 0xFF, 0x08, 0x00, 0x00, 0x00, 0x08, 0x01, 0x00, 0x00,
  0x20, 0x00, 0x00, 0x00, 0x00, 0x00, 0x00, 0x00, 0x00, 0x00,
  0x00, 0x00, 0x00, 0x00, 0x00, 0x00, 0x00, 0x00, 0x00, 0x00,
  0x00, 0x00, 0x00, 0x00, 0x00, 0x00, 0x00, 0x00, 0x00, 0x00,
  0x00, 0x00, 0x00, 0x00, 0x00, 0x00, 0x00, 0x00, 0x00, 0x00,
  0x00, 0x00, 0x00, 0x00, 0x00, 0x00, 0x00, 0x00, 0x00, 0x00,
  0x00, 0x00, 0x00, 0x00, 0x00, 0x00, 0x00, 0x00, 0x00, 0x00,
  0x00, 0x00, 0x00, 0x00, 0x00, 0x00, 0x00, 0x00, 0x00, 0x00,
  0x00, 0x00, 0x00, 0x00, 0x00, 0x00, 0x00, 0x00, 0x00, 0x00,
  0x00, 0x00, 0x00, 0x00, 0x00, 0x00, 0x00, 0x00, 0x00, 0x00,
  0x00, 0x00, 0x00, 0x00, 0x00, 0x00, 0x00, 0x00, 0x00, 0x00,
  0x00, 0x00, 0x00, 0x00, 0x00, 0x00, 0x00, 0x00, 0x00, 0x00,
  0x00, 0x00, 0x00, 0x00, 0x00, 0x00, 0x00, 0x00, 0x00, 0x00,
  0x00, 0x00, 0x00, 0x00, 0x00, 0x00, 0x00, 0x00, 0x00, 0x00,
  0x00, 0x00, 0x00, 0x00, 0x00, 0x00, 0x00, 0x00, 0x00, 0x00,
  0x00, 0x00, 0x00, 0x00, 0x00, 0x00, 0x00, 0x00, 0x00, 0x00,
  0x00, 0x00, 0x00, 0x00, 0x00, 0x00, 0x00, 0x00, 0x00, 0x00,
  0x00, 0x00, 0x00, 0x00, 0x00, 0x00, 0x00, 0x00, 0x00, 0x00,
  0x00, 0x00, 0x00, 0x00, 0x00, 0x00, 0x00, 0x00, 0x00, 0x00,
  0x00, 0x00, 0x00, 0x00, 0x00, 0x00, 0x00, 0x00, 0x00, 0x00,
  0x00, 0x00, 0x00, 0x00, 0x00, 0x00, 0x00, 0x00, 0x00, 0x00,
  0x00, 0x00, 0x00, 0x00, 0x00, 0x00, 0x00, 0x00, 0x00, 0x00,
  0x00, 0x00, 0x00, 0x00, 0x00, 0x00, 0x00, 0x00, 0x00, 0x00,
  0x00, 0x00, 0x00, 0x00, 0x00, 0x00, 0x00, 0x00, 0x00, 0x00,
  0x00, 0x00, 0x00, 0x00, 0x00, 0x00, 0x00, 0x00, 0x00, 0x00,
  0x00, 0x00, 0x00, 0x00, 0x00, 0x00, 0x00, 0x00, 0x00, 0x00,
  0x00, 0x00, 0x00, 0x00, 0x00, 0x00, 0x00, 0x00, 0x00, 0x00,
  0x20, 0x00, 0x00, 0x00, 0xAD, 0x22, 0x08, 0x3B, 0x00, 0x89,
  0x58, 0x3B, 0x04, 0x90, 0x82, 0x3B, 0x90, 0x2A, 0xDF, 0x3A,
  0xE5, 0x7C, 0x33, 0x3B, 0x8D, 0x0D, 0xF0, 0x3A, 0xEA, 0x0A,
  0xB3, 0x3A, 0x43, 0x52, 0x86, 0x3B, 0x03, 0x50, 0x78, 0x3B,
  0xAA, 0xBD, 0xC2, 0x3A, 0xF2, 0x4C, 0xB5, 0x3A, 0x69, 0x67,
  0x34, 0x3B, 0xCC, 0x82, 0x13, 0x3B, 0x4E, 0xAC, 0x02, 0x3C,
  0x36, 0x98, 0x9E, 0x3B, 0x0A, 0x41, 0x86, 0x3B, 0x49, 0x48,
  0x49, 0x3B, 0x49, 0x14, 0x90, 0x3B, 0x0E, 0x12, 0x75, 0x3B,
  0x6C, 0x3F, 0x61, 0x3B, 0x06, 0xE2, 0x32, 0x3B, 0xDF, 0x37,
  0xB0, 0x3B, 0x8B, 0xE9, 0x3C, 0x3B, 0x1B, 0x32, 0x2B, 0x3B,
  0xA0, 0x05, 0x59, 0x3B, 0x3E, 0xF9, 0x0E, 0x3B, 0x46, 0x48,
  0x1F, 0x3B, 0x9B, 0xFE, 0x06, 0x3B, 0xFA, 0xB5, 0x6B, 0x3B,
  0x67, 0xD2, 0x35, 0x3B, 0x4B, 0x67, 0x05, 0x3B, 0x10, 0xA8,
  0x32, 0x3B, 0x26, 0x00, 0x00, 0x00, 0x64, 0x61, 0x67, 0x68,
  0x65, 0x72, 0x6F, 0x5F, 0x63, 0x6E, 0x6E, 0x5F, 0x32, 0x6C,
  0x61, 0x79, 0x65, 0x72, 0x5F, 0x63, 0x6F, 0x6E, 0x76, 0x32,
  0x64, 0x2F, 0x63, 0x6F, 0x6E, 0x76, 0x31, 0x2F, 0x43, 0x6F,
  0x6E, 0x76, 0x32, 0x44, 0x00, 0x00, 0x04, 0x00, 0x00, 0x00,
  0x20, 0x00, 0x00, 0x00, 0x07, 0x00, 0x00, 0x00, 0x01, 0x00,
  0x00, 0x00, 0x03, 0x00, 0x00, 0x00, 0x72, 0xF4, 0xFF, 0xFF,
  0x00, 0x00, 0x00, 0x01, 0x14, 0x00, 0x00, 0x00, 0xA8, 0x01,
  0x00, 0x00, 0x0A, 0x00, 0x00, 0x00, 0x00, 0x00, 0x00, 0x02,
  0xD0, 0x01, 0x00, 0x00, 0x5C, 0xF4, 0xFF, 0xFF, 0x08, 0x00,
  0x00, 0x00, 0x0C, 0x01, 0x00, 0x00, 0x20, 0x00, 0x00, 0x00,
  0x00, 0x00, 0x00, 0x00, 0x00, 0x00, 0x00, 0x00, 0x00, 0x00,
  0x00, 0x00, 0x00, 0x00, 0x00, 0x00, 0x00, 0x00, 0x00, 0x00,
  0x00, 0x00, 0x00, 0x00, 0x00, 0x00, 0x00, 0x00, 0x00, 0x00,
  0x00, 0x00, 0x00, 0x00, 0x00, 0x00, 0x00, 0x00, 0x00, 0x00,
  0x00, 0x00, 0x00, 0x00, 0x00, 0x00, 0x00, 0x00, 0x00, 0x00,
  0x00, 0x00, 0x00, 0x00, 0x00, 0x00, 0x00, 0x00, 0x00, 0x00,
  0x00, 0x00, 0x00, 0x00, 0x00, 0x00, 0x00, 0x00, 0x00, 0x00,
  0x00, 0x00, 0x00, 0x00, 0x00, 0x00, 0x00, 0x00, 0x00, 0x00,
  0x00, 0x00, 0x00, 0x00, 0x00, 0x00, 0x00, 0x00, 0x00, 0x00,
  0x00, 0x00, 0x00, 0x00, 0x00, 0x00, 0x00, 0x00, 0x00, 0x00,
  0x00, 0x00, 0x00, 0x00, 0x00, 0x00, 0x00, 0x00, 0x00, 0x00,
  0x00, 0x00, 0x00, 0x00, 0x00, 0x00, 0x00, 0x00, 0x00, 0x00,
  0x00, 0x00, 0x00, 0x00, 0x00, 0x00, 0x00, 0x00, 0x00, 0x00,
  0x00, 0x00, 0x00, 0x00, 0x00, 0x00, 0x00, 0x00, 0x00, 0x00,
  0x00, 0x00, 0x00, 0x00, 0x00, 0x00, 0x00, 0x00, 0x00, 0x00,
  0x00, 0x00, 0x00, 0x00, 0x00, 0x00, 0x00, 0x00, 0x00, 0x00,
  0x00, 0x00, 0x00, 0x00, 0x00, 0x00, 0x00, 0x00, 0x00, 0x00,
  0x00, 0x00, 0x00, 0x00, 0x00, 0x00, 0x00, 0x00, 0x00, 0x00,
  0x00, 0x00, 0x00, 0x00, 0x00, 0x00, 0x00, 0x00, 0x00, 0x00,
  0x00, 0x00, 0x00, 0x00, 0x00, 0x00, 0x00, 0x00, 0x00, 0x00,
  0x00, 0x00, 0x00, 0x00, 0x00, 0x00, 0x00, 0x00, 0x00, 0x00,
  0x00, 0x00, 0x00, 0x00, 0x00, 0x00, 0x00, 0x00, 0x00, 0x00,
  0x00, 0x00, 0x00, 0x00, 0x00, 0x00, 0x00, 0x00, 0x00, 0x00,
  0x00, 0x00, 0x00, 0x00, 0x00, 0x00, 0x00, 0x00, 0x00, 0x00,
  0x00, 0x00, 0x00, 0x00, 0x00, 0x00, 0x00, 0x00, 0x00, 0x00,
  0x00, 0x00, 0x00, 0x00, 0x00, 0x00, 0x00, 0x00, 0x00, 0x00,
  0x20, 0x00, 0x00, 0x00, 0xFA, 0x01, 0xE4, 0x38, 0x3D, 0x55,
  0x35, 0x39, 0x86, 0xAC, 0x5A, 0x39, 0xD4, 0xE2, 0xBA, 0x38,
  0xF7, 0x4E, 0x16, 0x39, 0x06, 0x07, 0xC9, 0x38, 0x84, 0xEF,
  0x95, 0x38, 0x26, 0xF8, 0x60, 0x39, 0xBD, 0xF1, 0x4F, 0x39,
  0xF0, 0x14, 0xA3, 0x38, 0x94, 0xD3, 0x97, 0x38, 0x5B, 0x13,
  0x17, 0x39, 0x5F, 0x0F, 0xF7, 0x38, 0xE7, 0xDB, 0xDA, 0x39,
  0xD2, 0xCF, 0x84, 0x39, 0x4E, 0xDB, 0x60, 0x39, 0x50, 0x8F,
  0x28, 0x39, 0xFD, 0x4F, 0x71, 0x39, 0xB5, 0x3A, 0x4D, 0x39,
  0x0F, 0xA1, 0x3C, 0x39, 0x46, 0xCD, 0x15, 0x39, 0x05, 0x92,
  0x93, 0x39, 0x64, 0x33, 0x1E, 0x39, 0x48, 0x5D, 0x0F, 0x39,
  0x9A, 0xBD, 0x35, 0x39, 0xEE, 0x75, 0xEF, 0x38, 0x43, 0x63,
  0x05, 0x39, 0xCD, 0x18, 0xE2, 0x38, 0x29, 0x64, 0x45, 0x39,
  0x56, 0x43, 0x18, 0x39, 0x9C, 0x6E, 0xDF, 0x38, 0xBC, 0x9C,
  0x15, 0x39, 0x2E, 0x00, 0x00, 0x00, 0x64, 0x61, 0x67, 0x68,
  0x65, 0x72, 0x6F, 0x5F, 0x63, 0x6E, 0x6E, 0x5F, 0x32, 0x6C,
  0x61, 0x79, 0x65, 0x72, 0x5F, 0x63, 0x6F, 0x6E, 0x76, 0x32,
  0x64, 0x2F, 0x62, 0x6E, 0x31, 0x2F, 0x46, 0x75, 0x73, 0x65,
  0x64, 0x42, 0x61, 0x74, 0x63, 0x68, 0x4E, 0x6F, 0x72, 0x6D,
  0x56, 0x33, 0x00, 0x00, 0x01, 0x00, 0x00, 0x00, 0x20, 0x00,
  0x00, 0x00, 0x62, 0xF6, 0xFF, 0xFF, 0x00, 0x00, 0x00, 0x01,
  0x14, 0x00, 0x00, 0x00, 0x24, 0x03, 0x00, 0x00, 0x09, 0x00,
  0x00, 0x00, 0x00, 0x00, 0x00, 0x09, 0x44, 0x03, 0x00, 0x00,
  0x4C, 0xF6, 0xFF, 0xFF, 0x08, 0x00, 0x00, 0x00, 0x08, 0x02,
  0x00, 0x00, 0x40, 0x00, 0x00, 0x00, 0x00, 0x00, 0x00, 0x00,
  0x00, 0x00, 0x00, 0x00, 0x00, 0x00, 0x00, 0x00, 0x00, 0x00,
  0x00, 0x00, 0x00, 0x00, 0x00, 0x00, 0x00, 0x00, 0x00, 0x00,
  0x00, 0x00, 0x00, 0x00, 0x00, 0x00, 0x00, 0x00, 0x00, 0x00,
  0x00, 0x00, 0x00, 0x00, 0x00, 0x00, 0x00, 0x00, 0x00, 0x00,
  0x00, 0x00, 0x00, 0x00, 0x00, 0x00, 0x00, 0x00, 0x00, 0x00,
  0x00, 0x00, 0x00, 0x00, 0x00, 0x00, 0x00, 0x00, 0x00, 0x00,
  0x00, 0x00, 0x00, 0x00, 0x00, 0x00, 0x00, 0x00, 0x00, 0x00,
  0x00, 0x00, 0x00, 0x00, 0x00, 0x00, 0x00, 0x00, 0x00, 0x00,
  0x00, 0x00, 0x00, 0x00, 0x00, 0x00, 0x00, 0x00, 0x00, 0x00,
  0x00, 0x00, 0x00, 0x00, 0x00, 0x00, 0x00, 0x00, 0x00, 0x00,
  0x00, 0x00, 0x00, 0x00, 0x00, 0x00, 0x00, 0x00, 0x00, 0x00,
  0x00, 0x00, 0x00, 0x00, 0x00, 0x00, 0x00, 0x00, 0x00, 0x00,
  0x00, 0x00, 0x00, 0x00, 0x00, 0x00, 0x00, 0x00, 0x00, 0x00,
  0x00, 0x00, 0x00, 0x00, 0x00, 0x00, 0x00, 0x00, 0x00, 0x00,
  0x00, 0x00, 0x00, 0x00, 0x00, 0x00, 0x00, 0x00, 0x00, 0x00,
  0x00, 0x00, 0x00, 0x00, 0x00, 0x00, 0x00, 0x00, 0x00, 0x00,
  0x00, 0x00, 0x00, 0x00, 0x00, 0x00, 0x00, 0x00, 0x00, 0x00,
  0x00, 0x00, 0x00, 0x00, 0x00, 0x00, 0x00, 0x00, 0x00, 0x00,
  0x00, 0x00, 0x00, 0x00, 0x00, 0x00, 0x00, 0x00, 0x00, 0x00,
  0x00, 0x00, 0x00, 0x00, 0x00, 0x00, 0x00, 0x00, 0x00, 0x00,
  0x00, 0x00, 0x00, 0x00, 0x00, 0x00, 0x00, 0x00, 0x00, 0x00,
  0x00, 0x00, 0x00, 0x00, 0x00, 0x00, 0x00, 0x00, 0x00, 0x00,
  0x00, 0x00, 0x00, 0x00, 0x00, 0x00, 0x00, 0x00, 0x00, 0x00,
  0x00, 0x00, 0x00, 0x00, 0x00, 0x00, 0x00, 0x00, 0x00, 0x00,
  0x00, 0x00, 0x00, 0x00, 0x00, 0x00, 0x00, 0x00, 0x00, 0x00,
  0x00, 0x00, 0x00, 0x00, 0x00, 0x00, 0x00, 0x00, 0x00, 0x00,
  0x00, 0x00, 0x00, 0x00, 0x00, 0x00, 0x00, 0x00, 0x00, 0x00,
  0x00, 0x00, 0x00, 0x00, 0x00, 0x00, 0x00, 0x00, 0x00, 0x00,
  0x00, 0x00, 0x00, 0x00, 0x00, 0x00, 0x00, 0x00, 0x00, 0x00,
  0x00, 0x00, 0x00, 0x00, 0x00, 0x00, 0x00, 0x00, 0x00, 0x00,
  0x00, 0x00, 0x00, 0x00, 0x00, 0x00, 0x00, 0x00, 0x00, 0x00,
  0x00, 0x00, 0x00, 0x00, 0x00, 0x00, 0x00, 0x00, 0x00, 0x00,
  0x00, 0x00, 0x00, 0x00, 0x00, 0x00, 0x00, 0x00, 0x00, 0x00,
  0x00, 0x00, 0x00, 0x00, 0x00, 0x00, 0x00, 0x00, 0x00, 0x00,
  0x00, 0x00, 0x00, 0x00, 0x00, 0x00, 0x00, 0x00, 0x00, 0x00,
  0x00, 0x00, 0x00, 0x00, 0x00, 0x00, 0x00, 0x00, 0x00, 0x00,
  0x00, 0x00, 0x00, 0x00, 0x00, 0x00, 0x00, 0x00, 0x00, 0x00,
  0x00, 0x00, 0x00, 0x00, 0x00, 0x00, 0x00, 0x00, 0x00, 0x00,
  0x00, 0x00, 0x00, 0x00, 0x00, 0x00, 0x00, 0x00, 0x00, 0x00,
  0x00, 0x00, 0x00, 0x00, 0x00, 0x00, 0x00, 0x00, 0x00, 0x00,
  0x00, 0x00, 0x00, 0x00, 0x00, 0x00, 0x00, 0x00, 0x00, 0x00,
  0x00, 0x00, 0x00, 0x00, 0x00, 0x00, 0x00, 0x00, 0x00, 0x00,
  0x00, 0x00, 0x00, 0x00, 0x00, 0x00, 0x00, 0x00, 0x00, 0x00,
  0x00, 0x00, 0x00, 0x00, 0x00, 0x00, 0x00, 0x00, 0x00, 0x00,
  0x00, 0x00, 0x00, 0x00, 0x00, 0x00, 0x00, 0x00, 0x00, 0x00,
  0x00, 0x00, 0x00, 0x00, 0x00, 0x00, 0x00, 0x00, 0x00, 0x00,
  0x00, 0x00, 0x00, 0x00, 0x00, 0x00, 0x00, 0x00, 0x00, 0x00,
  0x00, 0x00, 0x00, 0x00, 0x00, 0x00, 0x00, 0x00, 0x00, 0x00,
  0x00, 0x00, 0x00, 0x00, 0x00, 0x00, 0x00, 0x00, 0x00, 0x00,
  0x00, 0x00, 0x00, 0x00, 0x00, 0x00, 0x00, 0x00, 0x00, 0x00,
  0x00, 0x00, 0x00, 0x00, 0x00, 0x00, 0x00, 0x00, 0x40, 0x00,
  0x00, 0x00, 0x2D, 0xD2, 0xEA, 0x3A, 0x19, 0x1D, 0x56, 0x3A,
  0x0C, 0x28, 0x02, 0x3B, 0x85, 0x2B, 0xFA, 0x3A, 0x3C, 0xC3,
  0xF1, 0x3A, 0x26, 0xE3, 0xDF, 0x3A, 0x1F, 0x05, 0xA3, 0x3A,
  0x5F, 0xF0, 0x21, 0x3B, 0x4F, 0xEF, 0xFB, 0x3A, 0x5D, 0xDD,
  0x38, 0x3B, 0x93, 0xC3, 0xA6, 0x3A, 0x0A, 0xB7, 0xF1, 0x3A,
  0x57, 0x16, 0xAD, 0x3A, 0x6C, 0xE6, 0x76, 0x3A, 0xD9, 0x4E,
  0xFA, 0x3A, 0xEE, 0xC3, 0xBF, 0x3A, 0xEC, 0x84, 0x9B, 0x3A,
  0x08, 0x5D, 0xDC, 0x3A, 0x5B, 0x30, 0xCA, 0x3A, 0x78, 0xE5,
  0x5C, 0x3B, 0x43, 0x27, 0x2C, 0x3B, 0x57, 0xD7, 0xD2, 0x3A,
  0xE5, 0xF3, 0x23, 0x3B, 0x2B, 0xD3, 0x17, 0x3B, 0xB5, 0x45,
  0xD2, 0x3A, 0xDA, 0x89, 0x20, 0x3B, 0xE4, 0xE7, 0x02, 0x3B,
  0x45, 0x88, 0x20, 0x3B, 0x0D, 0xF4, 0x3A, 0x3B, 0x2C, 0x9A,
  0xEA, 0x3A, 0x88, 0x14, 0xD8, 0x3A, 0xCF, 0x38, 0xDC, 0x3A,
  0x5E, 0x1A, 0x1D, 0x3B, 0x5D, 0xDE, 0x2D, 0x3B, 0xED, 0x3C,
  0xF4, 0x3A, 0x26, 0x1E, 0xF9, 0x3A, 0x1E, 0x21, 0xF6, 0x3A,
  0x90, 0x76, 0xE6, 0x3A, 0x7B, 0xF0, 0xAA, 0x3A, 0x97, 0x48,
  0x15, 0x3B, 0x71, 0x84, 0x15, 0x3B, 0xD0, 0x70, 0x79, 0x3A,
  0x04, 0x44, 0x10, 0x3B, 0xDA, 0x3B, 0xDD, 0x3A, 0x87, 0x9B,
  0xEC, 0x3A, 0x46, 0x2F, 0x10, 0x3B, 0xEE, 0x6A, 0x25, 0x3B,
  0xA8, 0x56, 0x2E, 0x3B, 0x0E, 0x7D, 0x14, 0x3B, 0x6B, 0x72,
  0xBA, 0x3A, 0x80, 0x57, 0x0E, 0x3B, 0x0B, 0x17, 0x17, 0x3B,
  0x6E, 0x7C, 0x14, 0x3B, 0xBE, 0xDC, 0xBC, 0x3A, 0x0F, 0x0D,
  0x21, 0x3B, 0x02, 0x83, 0xE9, 0x3A, 0x80, 0x38, 0xAD, 0x3A,
  0xB3, 0x07, 0x0F, 0x3B, 0x59, 0x2F, 0x14, 0x3B, 0x2D, 0x58,
  0x1E, 0x3B, 0x49, 0x1A, 0xE6, 0x3A, 0xE5, 0x08, 0x06, 0x3B,
  0x59, 0x3C, 0x05, 0x3B, 0x1D, 0xBF, 0xA0, 0x3A, 0x26, 0x00,
  0x00, 0x00, 0x64, 0x61, 0x67, 0x68, 0x65, 0x72, 0x6F, 0x5F,
  0x63, 0x6E, 0x6E, 0x5F, 0x32, 0x6C, 0x61, 0x79, 0x65, 0x72,
  0x5F, 0x63, 0x6F, 0x6E, 0x76, 0x32, 0x64, 0x2F, 0x63, 0x6F,
  0x6E, 0x76, 0x32, 0x2F, 0x43, 0x6F, 0x6E, 0x76, 0x32, 0x44,
  0x00, 0x00, 0x04, 0x00, 0x00, 0x00, 0x40, 0x00, 0x00, 0x00,
  0x07, 0x00, 0x00, 0x00, 0x01, 0x00, 0x00, 0x00, 0x20, 0x00,
  0x00, 0x00, 0xD2, 0xF9, 0xFF, 0xFF, 0x00, 0x00, 0x00, 0x01,
  0x14, 0x00, 0x00, 0x00, 0x28, 0x03, 0x00, 0x00, 0x08, 0x00,
  0x00, 0x00, 0x00, 0x00, 0x00, 0x02, 0x50, 0x03, 0x00, 0x00,
  0xBC, 0xF9, 0xFF, 0xFF, 0x08, 0x00, 0x00, 0x00, 0x0C, 0x02,
  0x00, 0x00, 0x40, 0x00, 0x00, 0x00, 0x00, 0x00, 0x00, 0x00,
  0x00, 0x00, 0x00, 0x00, 0x00, 0x00, 0x00, 0x00, 0x00, 0x00,
  0x00, 0x00, 0x00, 0x00, 0x00, 0x00, 0x00, 0x00, 0x00, 0x00,
  0x00, 0x00, 0x00, 0x00, 0x00, 0x00, 0x00, 0x00, 0x00, 0x00,
  0x00, 0x00, 0x00, 0x00, 0x00, 0x00, 0x00, 0x00, 0x00, 0x00,
  0x00, 0x00, 0x00, 0x00, 0x00, 0x00, 0x00, 0x00, 0x00, 0x00,
  0x00, 0x00, 0x00, 0x00, 0x00, 0x00, 0x00, 0x00, 0x00, 0x00,
  0x00, 0x00, 0x00, 0x00, 0x00, 0x00, 0x00, 0x00, 0x00, 0x00,
  0x00, 0x00, 0x00, 0x00, 0x00, 0x00, 0x00, 0x00, 0x00, 0x00,
  0x00, 0x00, 0x00, 0x00, 0x00, 0x00, 0x00, 0x00, 0x00, 0x00,
  0x00, 0x00, 0x00, 0x00, 0x00, 0x00, 0x00, 0x00, 0x00, 0x00,
  0x00, 0x00, 0x00, 0x00, 0x00, 0x00, 0x00, 0x00, 0x00, 0x00,
  0x00, 0x00, 0x00, 0x00, 0x00, 0x00, 0x00, 0x00, 0x00, 0x00,
  0x00, 0x00, 0x00, 0x00, 0x00, 0x00, 0x00, 0x00, 0x00, 0x00,
  0x00, 0x00, 0x00, 0x00, 0x00, 0x00, 0x00, 0x00, 0x00, 0x00,
  0x00, 0x00, 0x00, 0x00, 0x00, 0x00, 0x00, 0x00, 0x00, 0x00,
  0x00, 0x00, 0x00, 0x00, 0x00, 0x00, 0x00, 0x00, 0x00, 0x00,
  0x00, 0x00, 0x00, 0x00, 0x00, 0x00, 0x00, 0x00, 0x00, 0x00,
  0x00, 0x00, 0x00, 0x00, 0x00, 0x00, 0x00, 0x00, 0x00, 0x00,
  0x00, 0x00, 0x00, 0x00, 0x00, 0x00, 0x00, 0x00, 0x00, 0x00,
  0x00, 0x00, 0x00, 0x00, 0x00, 0x00, 0x00, 0x00, 0x00, 0x00,
  0x00, 0x00, 0x00, 0x00, 0x00, 0x00, 0x00, 0x00, 0x00, 0x00,
  0x00, 0x00, 0x00, 0x00, 0x00, 0x00, 0x00, 0x00, 0x00, 0x00,
  0x00, 0x00, 0x00, 0x00, 0x00, 0x00, 0x00, 0x00, 0x00, 0x00,
  0x00, 0x00, 0x00, 0x00, 0x00, 0x00, 0x00, 0x00, 0x00, 0x00,
  0x00, 0x00, 0x00, 0x00, 0x00, 0x00, 0x00, 0x00, 0x00, 0x00,
  0x00, 0x00, 0x00, 0x00, 0x00, 0x00, 0x00, 0x00, 0x00, 0x00,
  0x00, 0x00, 0x00, 0x00, 0x00, 0x00, 0x00, 0x00, 0x00, 0x00,
  0x00, 0x00, 0x00, 0x00, 0x00, 0x00, 0x00, 0x00, 0x00, 0x00,
  0x00, 0x00, 0x00, 0x00, 0x00, 0x00, 0x00, 0x00, 0x00, 0x00,
  0x00, 0x00, 0x00, 0x00, 0x00, 0x00, 0x00, 0x00, 0x00, 0x00,
  0x00, 0x00, 0x00, 0x00, 0x00, 0x00, 0x00, 0x00, 0x00, 0x00,
  0x00, 0x00, 0x00, 0x00, 0x00, 0x00, 0x00, 0x00, 0x00, 0x00,
  0x00, 0x00, 0x00, 0x00, 0x00, 0x00, 0x00, 0x00, 0x00, 0x00,
  0x00, 0x00, 0x00, 0x00, 0x00, 0x00, 0x00, 0x00, 0x00, 0x00,
  0x00, 0x00, 0x00, 0x00, 0x00, 0x00, 0x00, 0x00, 0x00, 0x00,
  0x00, 0x00, 0x00, 0x00, 0x00, 0x00, 0x00, 0x00, 0x00, 0x00,
  0x00, 0x00, 0x00, 0x00, 0x00, 0x00, 0x00, 0x00, 0x00, 0x00,
  0x00, 0x00, 0x00, 0x00, 0x00, 0x00, 0x00, 0x00, 0x00, 0x00,
  0x00, 0x00, 0x00, 0x00, 0x00, 0x00, 0x00, 0x00, 0x00, 0x00,
  0x00, 0x00, 0x00, 0x00, 0x00, 0x00, 0x00, 0x00, 0x00, 0x00,
  0x00, 0x00, 0x00, 0x00, 0x00, 0x00, 0x00, 0x00, 0x00, 0x00,
  0x00, 0x00, 0x00, 0x00, 0x00, 0x00, 0x00, 0x00, 0x00, 0x00,
  0x00, 0x00, 0x00, 0x00, 0x00, 0x00, 0x00, 0x00, 0x00, 0x00,
  0x00, 0x00, 0x00, 0x00, 0x00, 0x00, 0x00, 0x00, 0x00, 0x00,
  0x00, 0x00, 0x00, 0x00, 0x00, 0x00, 0x00, 0x00, 0x00, 0x00,
  0x00, 0x00, 0x00, 0x00, 0x00, 0x00, 0x00, 0x00, 0x00, 0x00,
  0x00, 0x00, 0x00, 0x00, 0x00, 0x00, 0x00, 0x00, 0x00, 0x00,
  0x00, 0x00, 0x00, 0x00, 0x00, 0x00, 0x00, 0x00, 0x00, 0x00,
  0x00, 0x00, 0x00, 0x00, 0x00, 0x00, 0x00, 0x00, 0x00, 0x00,
  0x00, 0x00, 0x00, 0x00, 0x00, 0x00, 0x00, 0x00, 0x00, 0x00,
  0x00, 0x00, 0x00, 0x00, 0x00, 0x00, 0x00, 0x00, 0x00, 0x00,
  0x00, 0x00, 0x40, 0x00, 0x00, 0x00, 0x3C, 0x44, 0xBA, 0x38,
  0x46, 0xD7, 0x29, 0x38, 0xC6, 0x7C, 0xCE, 0x38, 0x19, 0x71,
  0xC6, 0x38, 0xD9, 0xC5, 0xBF, 0x38, 0xF8, 0x97, 0xB1, 0x38,
  0xDF, 0x4F, 0x81, 0x38, 0x58, 0x74, 0x00, 0x39, 0x79, 0xD7,
  0xC7, 0x38, 0xCB, 0xA3, 0x12, 0x39, 0x25, 0x48, 0x84, 0x38,
  0x2C, 0xBC, 0xBF, 0x38, 0x31, 0x4C, 0x89, 0x38, 0x17, 0xD9,
  0x43, 0x38, 0x1F, 0x8D, 0xC6, 0x38, 0x15, 0x1D, 0x98, 0x38,
  0x6F, 0xB9, 0x76, 0x38, 0x62, 0xCC, 0xAE, 0x38, 0xC1, 0x61,
  0xA0, 0x38, 0x9C, 0x38, 0x2F, 0x39, 0x8D, 0x8E, 0x08, 0x39,
  0xBD, 0x3E, 0xA7, 0x38, 0x46, 0x0D, 0x02, 0x39, 0x09, 0xDD,
  0xF0, 0x38, 0x38, 0xCB, 0xA6, 0x38, 0xEB, 0xAF, 0xFE, 0x38,
  0x20, 0xAD, 0xCF, 0x38, 0x68, 0xAD, 0xFE, 0x38, 0xEC, 0x4B,
  0x14, 0x39, 0xD0, 0x17, 0xBA, 0x38, 0x9C, 0x66, 0xAB, 0x38,
  0xA7, 0xAF, 0xAE, 0x38, 0xA7, 0x3C, 0xF9, 0x38, 0xDB, 0xEA,
  0x09, 0x39, 0x82, 0xBC, 0xC1, 0x38, 0x6D, 0x9B, 0xC5, 0x38,
  0x95, 0x3C, 0xC3, 0x38, 0x4D, 0xCF, 0xB6, 0x38, 0x07, 0x98,
  0x87, 0x38, 0xEC, 0xD4, 0xEC, 0x38, 0xE0, 0x33, 0xED, 0x38,
  0x00, 0xDD, 0x45, 0x38, 0x01, 0xDF, 0xE4, 0x38, 0x22, 0x7D,
  0xAF, 0x38, 0x05, 0xAF, 0xBB, 0x38, 0x19, 0xBE, 0xE4, 0x38,
  0xC3, 0x36, 0x03, 0x39, 0x47, 0x4A, 0x0A, 0x39, 0x06, 0x92,
  0xEB, 0x38, 0x18, 0xE5, 0x93, 0x38, 0xA6, 0xD1, 0xE1, 0x38,
  0x95, 0xB2, 0xEF, 0x38, 0x08, 0x91, 0xEB, 0x38, 0x91, 0xCF,
  0x95, 0x38, 0x12, 0x80, 0xFF, 0x38, 0x5F, 0x3A, 0xB9, 0x38,
  0x4A, 0x67, 0x89, 0x38, 0x2E, 0xE9, 0xE2, 0x38, 0xBE, 0x16,
  0xEB, 0x38, 0xD8, 0x34, 0xFB, 0x38, 0x1A, 0x86, 0xB6, 0x38,
  0xE2, 0xA3, 0xD4, 0x38, 0x61, 0x5F, 0xD3, 0x38, 0x6A, 0x04,
  0x7F, 0x38, 0x2E, 0x00, 0x00, 0x00, 0x64, 0x61, 0x67, 0x68,
  0x65, 0x72, 0x6F, 0x5F, 0x63, 0x6E, 0x6E, 0x5F, 0x32, 0x6C,
  0x61, 0x79, 0x65, 0x72, 0x5F, 0x63, 0x6F, 0x6E, 0x76, 0x32,
  0x64, 0x2F, 0x62, 0x6E, 0x32, 0x2F, 0x46, 0x75, 0x73, 0x65,
  0x64, 0x42, 0x61, 0x74, 0x63, 0x68, 0x4E, 0x6F, 0x72, 0x6D,
  0x56, 0x33, 0x00, 0x00, 0x01, 0x00, 0x00, 0x00, 0x40, 0x00,
  0x00, 0x00, 0x42, 0xFD, 0xFF, 0xFF, 0x00, 0x00, 0x00, 0x01,
  0x14, 0x00, 0x00, 0x00, 0x34, 0x00, 0x00, 0x00, 0x07, 0x00,
  0x00, 0x00, 0x00, 0x00, 0x00, 0x09, 0x54, 0x00, 0x00, 0x00,
  0x2C, 0xFD, 0xFF, 0xFF, 0x08, 0x00, 0x00, 0x00, 0x14, 0x00,
  0x00, 0x00, 0x01, 0x00, 0x00, 0x00, 0x00, 0x00, 0x00, 0x00,
  0x00, 0x00, 0x00, 0x00, 0x00, 0x00, 0x00, 0x00, 0x01, 0x00,
  0x00, 0x00, 0x01, 0x1A, 0x88, 0x3B, 0x24, 0x00, 0x00, 0x00,
  0x64, 0x61, 0x67, 0x68, 0x65, 0x72, 0x6F, 0x5F, 0x63, 0x6E,
  0x6E, 0x5F, 0x32, 0x6C, 0x61, 0x79, 0x65, 0x72, 0x5F, 0x63,
  0x6F, 0x6E, 0x76, 0x32, 0x64, 0x2F, 0x66, 0x63, 0x31, 0x2F,
  0x4D, 0x61, 0x74, 0x4D, 0x75, 0x6C, 0x00, 0x00, 0x00, 0x00,
  0x02, 0x00, 0x00, 0x00, 0x40, 0x00, 0x00, 0x00, 0x40, 0x00,
  0x00, 0x00, 0xBA, 0xFD, 0xFF, 0xFF, 0x00, 0x00, 0x00, 0x01,
  0x14, 0x00, 0x00, 0x00, 0x30, 0x00, 0x00, 0x00, 0x06, 0x00,
  0x00, 0x00, 0x00, 0x00, 0x00, 0x02, 0x60, 0x00, 0x00, 0x00,
  0xA4, 0xFD, 0xFF, 0xFF, 0x08, 0x00, 0x00, 0x00, 0x10, 0x00,
  0x00, 0x00, 0x01, 0x00, 0x00, 0x00, 0x00, 0x00, 0x00, 0x00,
  0x00, 0x00, 0x00, 0x00, 0x01, 0x00, 0x00, 0x00, 0x78, 0x11,
  0x84, 0x38, 0x34, 0x00, 0x00, 0x00, 0x64, 0x61, 0x67, 0x68,
  0x65, 0x72, 0x6F, 0x5F, 0x63, 0x6E, 0x6E, 0x5F, 0x32, 0x6C,
  0x61, 0x79, 0x65, 0x72, 0x5F, 0x63, 0x6F, 0x6E, 0x76, 0x32,
  0x64, 0x2F, 0x66, 0x63, 0x31, 0x2F, 0x42, 0x69, 0x61, 0x73,
  0x41, 0x64, 0x64, 0x2F, 0x52, 0x65, 0x61, 0x64, 0x56, 0x61,
  0x72, 0x69, 0x61, 0x62, 0x6C, 0x65, 0x4F, 0x70, 0x00, 0x00,
  0x00, 0x00, 0x01, 0x00, 0x00, 0x00, 0x40, 0x00, 0x00, 0x00,
  0x3A, 0xFE, 0xFF, 0xFF, 0x00, 0x00, 0x00, 0x01, 0x14, 0x00,
  0x00, 0x00, 0x30, 0x00, 0x00, 0x00, 0x05, 0x00, 0x00, 0x00,
  0x00, 0x00, 0x00, 0x09, 0x54, 0x00, 0x00, 0x00, 0x24, 0xFE,
  0xFF, 0xFF, 0x08, 0x00, 0x00, 0x00, 0x10, 0x00, 0x00, 0x00,
  0x01, 0x00, 0x00, 0x00, 0x00, 0x00, 0x00, 0x00, 0x00, 0x00,
  0x00, 0x00, 0x01, 0x00, 0x00, 0x00, 0xA7, 0x8D, 0x9F, 0x3B,
  0x2B, 0x00, 0x00, 0x00, 0x64, 0x61, 0x67, 0x68, 0x65, 0x72,
  0x6F, 0x5F, 0x63, 0x6E, 0x6E, 0x5F, 0x32, 0x6C, 0x61, 0x79,
  0x65, 0x72, 0x5F, 0x63, 0x6F, 0x6E, 0x76, 0x32, 0x64, 0x2F,
  0x63, 0x6C, 0x61, 0x73, 0x73, 0x69, 0x66, 0x69, 0x65, 0x72,
  0x2F, 0x4D, 0x61, 0x74, 0x4D, 0x75, 0x6C, 0x00, 0x02, 0x00,
  0x00, 0x00, 0x06, 0x00, 0x00, 0x00, 0x40, 0x00, 0x00, 0x00,
  0xB2, 0xFE, 0xFF, 0xFF, 0x00, 0x00, 0x00, 0x01, 0x14, 0x00,
  0x00, 0x00, 0x30, 0x00, 0x00, 0x00, 0x04, 0x00, 0x00, 0x00,
  0x00, 0x00, 0x00, 0x02, 0x64, 0x00, 0x00, 0x00, 0x9C, 0xFE,
  0xFF, 0xFF, 0x08, 0x00, 0x00, 0x00, 0x10, 0x00, 0x00, 0x00,
  0x01, 0x00, 0x00, 0x00, 0x00, 0x00, 0x00, 0x00, 0x00, 0x00,
  0x00, 0x00, 0x01, 0x00, 0x00, 0x00, 0x2A, 0x27, 0x8B, 0x39,
  0x3B, 0x00, 0x00, 0x00, 0x64, 0x61, 0x67, 0x68, 0x65, 0x72,
  0x6F, 0x5F, 0x63, 0x6E, 0x6E, 0x5F, 0x32, 0x6C, 0x61, 0x79,
  0x65, 0x72, 0x5F, 0x63, 0x6F, 0x6E, 0x76, 0x32, 0x64, 0x2F,
  0x63, 0x6C, 0x61, 0x73, 0x73, 0x69, 0x66, 0x69, 0x65, 0x72,
  0x2F, 0x42, 0x69, 0x61, 0x73, 0x41, 0x64, 0x64, 0x2F, 0x52,
  0x65, 0x61, 0x64, 0x56, 0x61, 0x72, 0x69, 0x61, 0x62, 0x6C,
  0x65, 0x4F, 0x70, 0x00, 0x01, 0x00, 0x00, 0x00, 0x06, 0x00,
  0x00, 0x00, 0x36, 0xFF, 0xFF, 0xFF, 0x00, 0x00, 0x00, 0x01,
  0x14, 0x00, 0x00, 0x00, 0x14, 0x00, 0x00, 0x00, 0x03, 0x00,
  0x00, 0x00, 0x00, 0x00, 0x00, 0x02, 0x44, 0x00, 0x00, 0x00,
  0x9C, 0xFF, 0xFF, 0xFF, 0x34, 0x00, 0x00, 0x00, 0x64, 0x61,
  0x67, 0x68, 0x65, 0x72, 0x6F, 0x5F, 0x63, 0x6E, 0x6E, 0x5F,
  0x32, 0x6C, 0x61, 0x79, 0x65, 0x72, 0x5F, 0x63, 0x6F, 0x6E,
  0x76, 0x32, 0x64, 0x2F, 0x67, 0x61, 0x70, 0x2F, 0x4D, 0x65,
  0x61, 0x6E, 0x2F, 0x72, 0x65, 0x64, 0x75, 0x63, 0x74, 0x69,
  0x6F, 0x6E, 0x5F, 0x69, 0x6E, 0x64, 0x69, 0x63, 0x65, 0x73,
  0x00, 0x00, 0x00, 0x00, 0x01, 0x00, 0x00, 0x00, 0x02, 0x00,
  0x00, 0x00, 0x9A, 0xFF, 0xFF, 0xFF, 0x00, 0x00, 0x00, 0x01,
  0x18, 0x00, 0x00, 0x00, 0x18, 0x00, 0x00, 0x00, 0x02, 0x00,
  0x00, 0x00, 0x00, 0x00, 0x00, 0x02, 0x44, 0x00, 0x00, 0x00,
  0x04, 0x00, 0x04, 0x00, 0x04, 0x00, 0x00, 0x00, 0x32, 0x00,
  0x00, 0x00, 0x64, 0x61, 0x67, 0x68, 0x65, 0x72, 0x6F, 0x5F,
  0x63, 0x6E, 0x6E, 0x5F, 0x32, 0x6C, 0x61, 0x79, 0x65, 0x72,
  0x5F, 0x63, 0x6F, 0x6E, 0x76, 0x32, 0x64, 0x2F, 0x72, 0x65,
  0x73, 0x68, 0x61, 0x70, 0x65, 0x5F, 0x69, 0x6E, 0x2F, 0x52,
  0x65, 0x73, 0x68, 0x61, 0x70, 0x65, 0x2F, 0x73, 0x68, 0x61,
  0x70, 0x65, 0x00, 0x00, 0x01, 0x00, 0x00, 0x00, 0x04, 0x00,
  0x00, 0x00, 0x00, 0x00, 0x16, 0x00, 0x1C, 0x00, 0x18, 0x00,
  0x17, 0x00, 0x10, 0x00, 0x0C, 0x00, 0x08, 0x00, 0x00, 0x00,
  0x00, 0x00, 0x00, 0x00, 0x07, 0x00, 0x16, 0x00, 0x00, 0x00,
  0x00, 0x00, 0x00, 0x01, 0x20, 0x00, 0x00, 0x00, 0x40, 0x00,
  0x00, 0x00, 0x01, 0x00, 0x00, 0x00, 0x00, 0x00, 0x00, 0x09,
  0x50, 0x00, 0x00, 0x00, 0x0C, 0x00, 0x0C, 0x00, 0x00, 0x00,
  0x00, 0x00, 0x08, 0x00, 0x04, 0x00, 0x0C, 0x00, 0x00, 0x00,
  0x08, 0x00, 0x00, 0x00, 0x14, 0x00, 0x00, 0x00, 0x01, 0x00,
  0x00, 0x00, 0xF2, 0xFF, 0xFF, 0xFF, 0xFF, 0xFF, 0xFF, 0xFF,
  0x00, 0x00, 0x00, 0x00, 0x01, 0x00, 0x00, 0x00, 0xCA, 0x61,
  0x56, 0x3D, 0x17, 0x00, 0x00, 0x00, 0x73, 0x65, 0x72, 0x76,
  0x69, 0x6E, 0x67, 0x5F, 0x64, 0x65, 0x66, 0x61, 0x75, 0x6C,
  0x74, 0x5F, 0x69, 0x6E, 0x70, 0x75, 0x74, 0x3A, 0x30, 0x00,
  0x03, 0x00, 0x00, 0x00, 0x01, 0x00, 0x00, 0x00, 0x64, 0x00,
  0x00, 0x00, 0x03, 0x00, 0x00, 0x00, 0x06, 0x00, 0x00, 0x00,
  0x80, 0x00, 0x00, 0x00, 0x60, 0x00, 0x00, 0x00, 0x40, 0x00,
  0x00, 0x00, 0x2C, 0x00, 0x00, 0x00, 0x18, 0x00, 0x00, 0x00,
  0x04, 0x00, 0x00, 0x00, 0xC0, 0xFF, 0xFF, 0xFF, 0x19, 0x00,
  0x00, 0x00, 0x02, 0x00, 0x00, 0x00, 0x00, 0x00, 0x00, 0x19,
  0xD0, 0xFF, 0xFF, 0xFF, 0x09, 0x00, 0x00, 0x00, 0x04, 0x00,
  0x00, 0x00, 0x00, 0x00, 0x00, 0x09, 0xE0, 0xFF, 0xFF, 0xFF,
  0x28, 0x00, 0x00, 0x00, 0x02, 0x00, 0x00, 0x00, 0x00, 0x00,
  0x00, 0x28, 0xF0, 0xFF, 0xFF, 0xFF, 0x11, 0x00, 0x00, 0x00,
  0x02, 0x00, 0x00, 0x00, 0x00, 0x00, 0x00, 0x11, 0x0C, 0x00,
  0x10, 0x00, 0x0F, 0x00, 0x00, 0x00, 0x08, 0x00, 0x04, 0x00,
  0x0C, 0x00, 0x00, 0x00, 0x03, 0x00, 0x00, 0x00, 0x03, 0x00,
  0x00, 0x00, 0x00, 0x00, 0x00, 0x03, 0x0C, 0x00, 0x0C, 0x00,
  0x0B, 0x00, 0x00, 0x00, 0x00, 0x00, 0x04, 0x00, 0x0C, 0x00,
  0x00, 0x00, 0x16, 0x00, 0x00, 0x00, 0x00, 0x00, 0x00, 0x16
};
unsigned int daghero_accel_rotation_t100_ptq_len = 26760;
