/* Converted from E03_arduino_downsample_20hz_T100/accel_rotation/daghero_cnn_2layer_conv2d/e03/daghero_cnn_2layer_conv2d_T100_Prandom_stratified_E03_daghero_cnn_2layer_conv2d_r0_qat.tflite */
const unsigned char daghero_accel_rotation_t100_qat[] = {
  0x20, 0x00, 0x00, 0x00, 0x54, 0x46, 0x4C, 0x33, 0x00, 0x00,
  0x00, 0x00, 0x14, 0x00, 0x20, 0x00, 0x1C, 0x00, 0x18, 0x00,
  0x14, 0x00, 0x10, 0x00, 0x0C, 0x00, 0x00, 0x00, 0x08, 0x00,
  0x04, 0x00, 0x14, 0x00, 0x00, 0x00, 0x1C, 0x00, 0x00, 0x00,
  0x98, 0x00, 0x00, 0x00, 0xF0, 0x00, 0x00, 0x00, 0x44, 0x51,
  0x00, 0x00, 0x54, 0x51, 0x00, 0x00, 0x28, 0x6A, 0x00, 0x00,
  0x03, 0x00, 0x00, 0x00, 0x01, 0x00, 0x00, 0x00, 0x10, 0x00,
  0x00, 0x00, 0x00, 0x00, 0x0A, 0x00, 0x10, 0x00, 0x0C, 0x00,
  0x08, 0x00, 0x04, 0x00, 0x0A, 0x00, 0x00, 0x00, 0x0C, 0x00,
  0x00, 0x00, 0x1C, 0x00, 0x00, 0x00, 0x44, 0x00, 0x00, 0x00,
  0x0F, 0x00, 0x00, 0x00, 0x73, 0x65, 0x72, 0x76, 0x69, 0x6E,
  0x67, 0x5F, 0x64, 0x65, 0x66, 0x61, 0x75, 0x6C, 0x74, 0x00,
  0x01, 0x00, 0x00, 0x00, 0x04, 0x00, 0x00, 0x00, 0x90, 0xFF,
  0xFF, 0xFF, 0x13, 0x00, 0x00, 0x00, 0x04, 0x00, 0x00, 0x00,
  0x10, 0x00, 0x00, 0x00, 0x71, 0x75, 0x61, 0x6E, 0x74, 0x5F,
  0x63, 0x6C, 0x61, 0x73, 0x73, 0x69, 0x66, 0x69, 0x65, 0x72,
  0x00, 0x00, 0x00, 0x00, 0x01, 0x00, 0x00, 0x00, 0x04, 0x00,
  0x00, 0x00, 0xA6, 0xAE, 0xFF, 0xFF, 0x04, 0x00, 0x00, 0x00,
  0x05, 0x00, 0x00, 0x00, 0x69, 0x6E, 0x70, 0x75, 0x74, 0x00,
  0x00, 0x00, 0x02, 0x00, 0x00, 0x00, 0x34, 0x00, 0x00, 0x00,
  0x04, 0x00, 0x00, 0x00, 0xDC, 0xFF, 0xFF, 0xFF, 0x16, 0x00,
  0x00, 0x00, 0x04, 0x00, 0x00, 0x00, 0x13, 0x00, 0x00, 0x00,
  0x43, 0x4F, 0x4E, 0x56, 0x45, 0x52, 0x53, 0x49, 0x4F, 0x4E,
  0x5F, 0x4D, 0x45, 0x54, 0x41, 0x44, 0x41, 0x54, 0x41, 0x00,
  0x08, 0x00, 0x0C, 0x00, 0x08, 0x00, 0x04, 0x00, 0x08, 0x00,
  0x00, 0x00, 0x15, 0x00, 0x00, 0x00, 0x04, 0x00, 0x00, 0x00,
  0x13, 0x00, 0x00, 0x00, 0x6D, 0x69, 0x6E, 0x5F, 0x72, 0x75,
  0x6E, 0x74, 0x69, 0x6D, 0x65, 0x5F, 0x76, 0x65, 0x72, 0x73,
  0x69, 0x6F, 0x6E, 0x00, 0x17, 0x00, 0x00, 0x00, 0x50, 0x50,
  0x00, 0x00, 0x48, 0x50, 0x00, 0x00, 0x30, 0x50, 0x00, 0x00,
  0x10, 0x50, 0x00, 0x00, 0x08, 0x50, 0x00, 0x00, 0x58, 0x4D,
  0x00, 0x00, 0xC8, 0x4C, 0x00, 0x00, 0xC0, 0x4C, 0x00, 0x00,
  0xB8, 0x4C, 0x00, 0x00, 0xA8, 0x14, 0x00, 0x00, 0x98, 0x13,
  0x00, 0x00, 0x90, 0x13, 0x00, 0x00, 0x88, 0x13, 0x00, 0x00,
  0x80, 0x13, 0x00, 0x00, 0x70, 0x03, 0x00, 0x00, 0x60, 0x02,
  0x00, 0x00, 0x58, 0x02, 0x00, 0x00, 0xC8, 0x00, 0x00, 0x00,
  0xA0, 0x00, 0x00, 0x00, 0x98, 0x00, 0x00, 0x00, 0x90, 0x00,
  0x00, 0x00, 0x70, 0x00, 0x00, 0x00, 0x04, 0x00, 0x00, 0x00,
  0x76, 0xAF, 0xFF, 0xFF, 0x04, 0x00, 0x00, 0x00, 0x5C, 0x00,
  0x00, 0x00, 0x0C, 0x00, 0x00, 0x00, 0x08, 0x00, 0x0E, 0x00,
  0x08, 0x00, 0x04, 0x00, 0x08, 0x00, 0x00, 0x00, 0x10, 0x00,
  0x00, 0x00, 0x2C, 0x00, 0x00, 0x00, 0x00, 0x00, 0x06, 0x00,
  0x08, 0x00, 0x04, 0x00, 0x06, 0x00, 0x00, 0x00, 0x04, 0x00,
  0x00, 0x00, 0x02, 0x00, 0x00, 0x00, 0xEB, 0x03, 0x00, 0x00,
  0xD0, 0x07, 0x00, 0x00, 0x00, 0x00, 0x0A, 0x00, 0x10, 0x00,
  0x0C, 0x00, 0x08, 0x00, 0x04, 0x00, 0x0A, 0x00, 0x00, 0x00,
  0x02, 0x00, 0x00, 0x00, 0x02, 0x00, 0x00, 0x00, 0x04, 0x00,
  0x00, 0x00, 0x06, 0x00, 0x00, 0x00, 0x32, 0x2E, 0x31, 0x34,
  0x2E, 0x31, 0x00, 0x00, 0xDE, 0xAF, 0xFF, 0xFF, 0x04, 0x00,
  0x00, 0x00, 0x10, 0x00, 0x00, 0x00, 0x31, 0x2E, 0x31, 0x34,
  0x2E, 0x30, 0x00, 0x00, 0x00, 0x00, 0x00, 0x00, 0x00, 0x00,
  0x00, 0x00, 0x80, 0x98, 0xFF, 0xFF, 0x84, 0x98, 0xFF, 0xFF,
  0x02, 0xB0, 0xFF, 0xFF, 0x04, 0x00, 0x00, 0x00, 0x18, 0x00,
  0x00, 0x00, 0xFF, 0xFE, 0xFF, 0xFF, 0x08, 0xFE, 0xFF, 0xFF,
  0x44, 0x01, 0x00, 0x00, 0x6C, 0x01, 0x00, 0x00, 0x0D, 0x00,
  0x00, 0x00, 0x24, 0x00, 0x00, 0x00, 0x26, 0xB0, 0xFF, 0xFF,
  0x04, 0x00, 0x00, 0x00, 0x80, 0x01, 0x00, 0x00, 0x41, 0x2C,
  0xFF, 0x17, 0xDE, 0xD2, 0xD5, 0x0C, 0x7F, 0xB7, 0x36, 0xF0,
  0xD4, 0xDD, 0xDE, 0xF7, 0xFD, 0x9F, 0x1C, 0xDB, 0x2E, 0xEF,
  0x01, 0xFA, 0x1F, 0x19, 0xF5, 0xDA, 0x00, 0xF7, 0x27, 0x02,
  0xCE, 0x16, 0xD9, 0xD9, 0xF8, 0xE4, 0xE8, 0xF0, 0x25, 0x1C,
  0x1B, 0xED, 0x31, 0x68, 0x1E, 0xE2, 0x28, 0x19, 0x37, 0xE8,
  0x01, 0xF6, 0x0F, 0x03, 0x16, 0x1A, 0x13, 0xF7, 0xFE, 0x0E,
  0x1C, 0x10, 0x0E, 0x32, 0x02, 0xDF, 0xF3, 0xE9, 0xF4, 0x09,
  0xAA, 0xDE, 0x14, 0x1A, 0x13, 0x1F, 0x14, 0x2A, 0x07, 0x85,
  0x17, 0x48, 0xE9, 0xD9, 0xF9, 0xF6, 0x07, 0x12, 0x12, 0x09,
  0xE5, 0x07, 0xD9, 0xDF, 0xE7, 0x1D, 0x48, 0x1D, 0xE5, 0xE9,
  0xD4, 0xF6, 0x31, 0x11, 0x12, 0x20, 0x24, 0x08, 0xE7, 0x2A,
  0x00, 0x0A, 0xFF, 0xE2, 0x24, 0xEE, 0xDE, 0xD2, 0xEF, 0xE5,
  0x15, 0x1A, 0xCE, 0x18, 0x14, 0xF5, 0xC5, 0xC8, 0x05, 0x02,
  0x20, 0xAE, 0x22, 0x0B, 0x95, 0x17, 0xF3, 0xF3, 0xC8, 0x0C,
  0xFD, 0xFD, 0xF3, 0xB3, 0xFC, 0xDB, 0xF3, 0x1D, 0xE8, 0xF2,
  0xF6, 0xF5, 0x04, 0x0E, 0x0F, 0x07, 0xEF, 0xEE, 0xC7, 0xCA,
  0xC9, 0xD9, 0xF0, 0x27, 0x39, 0x17, 0xB3, 0x0A, 0x0C, 0x0C,
  0xF6, 0xB8, 0xDD, 0xFF, 0x14, 0xFD, 0xF0, 0xED, 0x18, 0x0F,
  0xD4, 0x0C, 0xED, 0x15, 0x28, 0xF0, 0x1A, 0x1B, 0xF7, 0xF3,
  0xF9, 0xE9, 0xBF, 0xFA, 0xE9, 0x9A, 0xEC, 0x1C, 0xAF, 0x12,
  0xD8, 0x06, 0x2C, 0xE9, 0xFE, 0xCD, 0x1A, 0x8F, 0xDD, 0x09,
  0xD8, 0x15, 0x01, 0x14, 0xEB, 0xD4, 0xF1, 0x17, 0xEB, 0x25,
  0x13, 0x20, 0xC0, 0x03, 0x12, 0xCA, 0xE0, 0x0C, 0xCB, 0xF4,
  0xDC, 0xFC, 0xC8, 0xD1, 0xA7, 0xC3, 0x1F, 0xD5, 0xD2, 0xF0,
  0xEE, 0x1D, 0xC5, 0x19, 0xF5, 0xFE, 0x14, 0xEF, 0xB0, 0xF9,
  0x03, 0x1D, 0x03, 0xC9, 0x07, 0x08, 0xEE, 0x1C, 0x1E, 0x2C,
  0x17, 0xAF, 0x0D, 0x20, 0xF6, 0xF5, 0x13, 0xED, 0xF1, 0x01,
  0xDF, 0x26, 0xD5, 0x16, 0x0C, 0x19, 0xF6, 0xF6, 0xF6, 0xE9,
  0xF5, 0xFA, 0xEC, 0xCB, 0xCD, 0x06, 0x12, 0xF5, 0xF7, 0x0B,
  0x01, 0x01, 0xF7, 0xEA, 0x20, 0xDB, 0x13, 0xF3, 0x17, 0xF6,
  0x08, 0xF9, 0x0F, 0xCF, 0x15, 0xF9, 0xEE, 0x14, 0x18, 0x07,
  0xD2, 0xE3, 0x13, 0xF6, 0x06, 0xCD, 0x03, 0x23, 0x12, 0x05,
  0xFB, 0x17, 0x06, 0x28, 0xFA, 0xAD, 0x1E, 0x1C, 0xF6, 0x02,
  0x10, 0x12, 0xF8, 0x19, 0xE1, 0x1F, 0xB2, 0x1F, 0xF6, 0xFA,
  0x0C, 0x08, 0xEA, 0xE4, 0xEC, 0xE1, 0xE9, 0xD3, 0x0C, 0xFE,
  0x0E, 0x0D, 0x2C, 0xEE, 0xEB, 0x17, 0x1E, 0xFC, 0x0A, 0xCB,
  0xE8, 0x0A, 0xF6, 0xF8, 0xFF, 0xE5, 0x11, 0xBE, 0xE2, 0x0B,
  0xF6, 0xF2, 0x0C, 0x0F, 0xD1, 0xE6, 0x1B, 0xEB, 0x1E, 0xAA,
  0xF5, 0xE9, 0x38, 0x9A, 0xFF, 0xFF, 0xB6, 0xB1, 0xFF, 0xFF,
  0x04, 0x00, 0x00, 0x00, 0x00, 0x01, 0x00, 0x00, 0x0D, 0xFF,
  0xFF, 0xFF, 0x74, 0xFC, 0xFF, 0xFF, 0xFF, 0xF9, 0xFF, 0xFF,
  0xFF, 0x00, 0x00, 0x00, 0x46, 0x04, 0x00, 0x00, 0xF3, 0x07,
  0x00, 0x00, 0x4B, 0x04, 0x00, 0x00, 0x11, 0x02, 0x00, 0x00,
  0xA2, 0x06, 0x00, 0x00, 0x3C, 0x06, 0x00, 0x00, 0xE9, 0xFC,
  0xFF, 0xFF, 0x88, 0xFE, 0xFF, 0xFF, 0xA9, 0x04, 0x00, 0x00,
  0x0D, 0xFE, 0xFF, 0xFF, 0xA0, 0x01, 0x00, 0x00, 0x55, 0xFD,
  0xFF, 0xFF, 0x5C, 0x00, 0x00, 0x00, 0xED, 0x09, 0x00, 0x00,
  0xA9, 0xFB, 0xFF, 0xFF, 0x9A, 0x04, 0x00, 0x00, 0xB5, 0xFE,
  0xFF, 0xFF, 0xE7, 0x06, 0x00, 0x00, 0x35, 0xFE, 0xFF, 0xFF,
  0xFD, 0xFD, 0xFF, 0xFF, 0x23, 0xFC, 0xFF, 0xFF, 0x47, 0xFB,
  0xFF, 0xFF, 0xA0, 0xFE, 0xFF, 0xFF, 0xC3, 0x03, 0x00, 0x00,
  0x73, 0x02, 0x00, 0x00, 0x6D, 0x03, 0x00, 0x00, 0x2A, 0x02,
  0x00, 0x00, 0x0C, 0x04, 0x00, 0x00, 0xCD, 0x05, 0x00, 0x00,
  0x81, 0xFB, 0xFF, 0xFF, 0x17, 0x04, 0x00, 0x00, 0x6C, 0xFC,
  0xFF, 0xFF, 0x2A, 0x01, 0x00, 0x00, 0x44, 0x07, 0x00, 0x00,
  0x9E, 0x04, 0x00, 0x00, 0xE0, 0x02, 0x00, 0x00, 0x6C, 0x01,
  0x00, 0x00, 0x12, 0xFC, 0xFF, 0xFF, 0x24, 0xFF, 0xFF, 0xFF,
  0x3E, 0xFC, 0xFF, 0xFF, 0x49, 0xFA, 0xFF, 0xFF, 0x28, 0x00,
  0x00, 0x00, 0x2A, 0x00, 0x00, 0x00, 0x6D, 0xFB, 0xFF, 0xFF,
  0x3A, 0x01, 0x00, 0x00, 0x3E, 0xFC, 0xFF, 0xFF, 0x47, 0xFE,
  0xFF, 0xFF, 0x2E, 0x06, 0x00, 0x00, 0xFA, 0xFA, 0xFF, 0xFF,
  0xF1, 0x05, 0x00, 0x00, 0x06, 0x03, 0x00, 0x00, 0x61, 0x05,
  0x00, 0x00, 0x1B, 0x00, 0x00, 0x00, 0x03, 0x01, 0x00, 0x00,
  0x0A, 0x02, 0x00, 0x00, 0x24, 0xFC, 0xFF, 0xFF, 0xA8, 0x06,
  0x00, 0x00, 0x11, 0x01, 0x00, 0x00, 0xC1, 0xFB, 0xFF, 0xFF,
  0x0E, 0x00, 0x00, 0x00, 0xC2, 0xB2, 0xFF, 0xFF, 0x04, 0x00,
  0x00, 0x00, 0x00, 0x10, 0x00, 0x00, 0x0F, 0xE6, 0xF7, 0xDE,
  0x09, 0xF7, 0xF8, 0xF4, 0x02, 0x04, 0x09, 0xE0, 0x19, 0x0C,
  0x05, 0xD5, 0x04, 0x0B, 0x2B, 0x07, 0xDD, 0xE5, 0x12, 0xF7,
  0xF9, 0xF0, 0xFC, 0xFE, 0x18, 0x1D, 0xFD, 0x0C, 0x07, 0x21,
  0xFE, 0x08, 0xD0, 0x18, 0x2A, 0x18, 0x15, 0xD6, 0xD1, 0x1B,
  0x2A, 0xE5, 0x19, 0xF6, 0xC4, 0x0F, 0xF3, 0xED, 0xDB, 0x1E,
  0xF9, 0x07, 0x02, 0x13, 0xF9, 0xE6, 0x1C, 0x15, 0x1C, 0xD3,
  0x02, 0xDC, 0xEA, 0xDF, 0x02, 0xE7, 0x09, 0x17, 0x00, 0x02,
  0xFA, 0xF7, 0x20, 0x00, 0x0C, 0x14, 0xEF, 0xE3, 0x41, 0xFF,
  0xF0, 0x16, 0xFC, 0x04, 0x15, 0xE7, 0x1B, 0x01, 0xFA, 0x37,
  0x16, 0x16, 0x06, 0x13, 0x0F, 0x01, 0xF6, 0x20, 0xFD, 0x37,
  0xDC, 0x0B, 0xF7, 0x14, 0xE8, 0xE9, 0x3A, 0xFF, 0x07, 0x0D,
  0x0D, 0xCA, 0xF8, 0xED, 0x05, 0x03, 0x05, 0xF2, 0x0D, 0xFB,
  0xFF, 0x17, 0xEF, 0x10, 0x07, 0xE6, 0x0A, 0x2B, 0x0B, 0x20,
  0x2E, 0x0E, 0x00, 0xFA, 0x1E, 0x1D, 0x07, 0xF3, 0xF9, 0xEE,
  0xEF, 0xE4, 0x18, 0xFB, 0x07, 0x0A, 0x03, 0x13, 0x44, 0x29,
  0x0D, 0xEC, 0xFD, 0x13, 0x02, 0xF6, 0x03, 0x12, 0xF7, 0x17,
  0x08, 0xFF, 0x19, 0x03, 0x2D, 0x15, 0x19, 0xFE, 0x0B, 0x14,
  0x1A, 0xFC, 0x16, 0x08, 0xF8, 0x01, 0x0F, 0x0F, 0xDC, 0xF1,
  0xEC, 0xF8, 0x0D, 0x19, 0xFA, 0xF7, 0xF0, 0x05, 0xF8, 0x05,
  0x0D, 0xF7, 0xF6, 0xEE, 0x22, 0xF1, 0x12, 0xFE, 0xFB, 0xE9,
  0x2B, 0x17, 0xEE, 0x02, 0x16, 0xFA, 0xF4, 0xF4, 0xFA, 0xEE,
  0x0D, 0x0A, 0xFD, 0xF6, 0xF0, 0x06, 0xE5, 0x1C, 0x00, 0x0D,
  0xED, 0xEF, 0x0F, 0xFC, 0xF6, 0x17, 0x03, 0x0A, 0xF3, 0xE8,
  0xF6, 0x23, 0xFB, 0xFD, 0x0B, 0x08, 0xF8, 0x1B, 0x02, 0xF7,
  0xEF, 0x08, 0xF8, 0x12, 0xF2, 0x09, 0xFA, 0xF8, 0x0B, 0xFD,
  0x1F, 0xFA, 0x02, 0x1A, 0x0A, 0x12, 0xF9, 0x17, 0x19, 0x00,
  0xF4, 0xF3, 0x0A, 0x05, 0x13, 0x02, 0xF1, 0x1D, 0x01, 0xFF,
  0xE1, 0xFF, 0x0C, 0x01, 0xF7, 0xF8, 0x2D, 0x05, 0xF3, 0xF6,
  0xFA, 0xE8, 0xEF, 0x17, 0x06, 0xEC, 0x09, 0x09, 0x1C, 0x06,
  0xFA, 0xDE, 0x11, 0x16, 0x03, 0xFC, 0xED, 0x11, 0xD1, 0x00,
  0x0F, 0x08, 0x04, 0xF6, 0x19, 0x0C, 0xFF, 0x01, 0x17, 0xFE,
  0xF3, 0xDE, 0x03, 0xF6, 0x09, 0x0F, 0xEF, 0x1D, 0xE4, 0xFD,
  0xEF, 0x05, 0xEE, 0x9A, 0xFE, 0xB3, 0xF1, 0xC0, 0x19, 0x0D,
  0x03, 0x12, 0x08, 0x1D, 0xF1, 0xB5, 0xB5, 0xCE, 0xBB, 0xA6,
  0x0A, 0xF6, 0xD5, 0x1C, 0xBD, 0xEB, 0xB0, 0xFC, 0xF3, 0xDA,
  0x16, 0xD6, 0xCF, 0xEE, 0xE7, 0xFF, 0xFD, 0xAF, 0xBA, 0xBC,
  0xDF, 0x01, 0x05, 0xCE, 0xD6, 0x16, 0xBE, 0xDD, 0xC8, 0xDF,
  0xB7, 0x14, 0x02, 0xD3, 0xE6, 0xEA, 0xD3, 0xEB, 0xB4, 0xDF,
  0xE3, 0x0B, 0x03, 0xE1, 0xFE, 0xDB, 0x13, 0xF5, 0xE1, 0x04,
  0xF1, 0x1D, 0x21, 0x10, 0xF1, 0xE3, 0x05, 0xFD, 0xCC, 0xE6,
  0xFF, 0xFE, 0xF9, 0x04, 0x2D, 0xF6, 0x05, 0x1B, 0x12, 0xE1,
  0xEA, 0xEA, 0xFB, 0xFA, 0xFF, 0xF7, 0x0D, 0x10, 0xFB, 0xDF,
  0x10, 0x08, 0xF8, 0xEC, 0xFA, 0xE2, 0xD4, 0x11, 0x08, 0x09,
  0xFE, 0xFC, 0xF9, 0x06, 0xD8, 0x07, 0x16, 0xF2, 0xE6, 0xF7,
  0xF2, 0xDF, 0x00, 0xFA, 0x0D, 0xF8, 0x3C, 0x02, 0x05, 0x10,
  0xE4, 0x14, 0x14, 0x1E, 0x0E, 0x18, 0xF1, 0x00, 0x18, 0xF2,
  0x03, 0x0B, 0xD7, 0x2D, 0x0A, 0x05, 0x3D, 0x39, 0xF2, 0xD9,
  0x24, 0x01, 0x35, 0xF2, 0x39, 0x1C, 0x18, 0x0E, 0x03, 0x1B,
  0x27, 0xDF, 0x26, 0x0D, 0xFE, 0x1B, 0x0E, 0x35, 0x17, 0x00,
  0xF3, 0x0A, 0x0E, 0x07, 0x1F, 0x3B, 0x0E, 0x26, 0x10, 0x14,
  0x0A, 0x29, 0x1B, 0x23, 0x19, 0x0B, 0x38, 0x0E, 0xFC, 0xF5,
  0xFF, 0xC5, 0x01, 0xC5, 0xD7, 0xAF, 0x0B, 0x17, 0xCE, 0x9A,
  0xDC, 0x04, 0x29, 0xCF, 0x08, 0x05, 0x1B, 0x28, 0x81, 0xBA,
  0x14, 0x0E, 0xD0, 0xA1, 0x0A, 0x19, 0x16, 0xBF, 0x0E, 0x10,
  0x11, 0xE5, 0x03, 0xFA, 0xBF, 0xE1, 0x0F, 0xF5, 0xAF, 0xCF,
  0xC6, 0x1C, 0xEF, 0x98, 0x02, 0xF0, 0x9F, 0x06, 0x07, 0x24,
  0xA2, 0x03, 0xC3, 0x09, 0x11, 0x0D, 0x12, 0xBC, 0x0E, 0xF9,
  0x1B, 0x97, 0xF1, 0xF6, 0xE4, 0x02, 0xE6, 0x1E, 0x39, 0xED,
  0x19, 0xF7, 0x1C, 0x07, 0x17, 0x16, 0xDE, 0x23, 0x0D, 0xFA,
  0xB6, 0x05, 0x00, 0xF5, 0xE0, 0xF1, 0x2A, 0xE6, 0xFA, 0x14,
  0xF2, 0xD5, 0xE4, 0x07, 0x1A, 0xF3, 0x15, 0xED, 0xF8, 0xF8,
  0xD9, 0xC8, 0x0F, 0x0F, 0x09, 0xE6, 0xF5, 0xFC, 0xCC, 0xF7,
  0x11, 0x15, 0xE4, 0xFC, 0x03, 0xF7, 0x04, 0x14, 0x01, 0xE8,
  0xDE, 0x1A, 0xE3, 0xCA, 0xE3, 0x14, 0xD9, 0x05, 0x0B, 0xE7,
  0xFC, 0xE9, 0x16, 0xEF, 0x07, 0x07, 0xFB, 0x09, 0x04, 0x09,
  0x01, 0xED, 0xF9, 0x19, 0xF1, 0xF7, 0xF5, 0x00, 0xFA, 0x05,
  0x12, 0xC0, 0x08, 0xFC, 0x02, 0x27, 0x0B, 0xF0, 0xFB, 0xFD,
  0xF7, 0xEB, 0x03, 0x2A, 0x13, 0x2C, 0xEA, 0xFF, 0x12, 0xFA,
  0x11, 0xF6, 0x1A, 0xE7, 0xF5, 0x07, 0xF1, 0x1C, 0xEC, 0x1B,
  0xEB, 0x06, 0x04, 0x16, 0xF6, 0xFA, 0xF9, 0x34, 0xEA, 0xF3,
  0x0C, 0x12, 0x08, 0x0F, 0x0A, 0xF7, 0xDD, 0xF7, 0x04, 0x06,
  0x02, 0x07, 0xE0, 0xEE, 0xF6, 0x18, 0xFE, 0x17, 0x1B, 0x0A,
  0x11, 0xFE, 0x0A, 0xFC, 0xD4, 0x07, 0x12, 0x03, 0xF5, 0xFF,
  0xF9, 0x08, 0x05, 0x1E, 0xF5, 0x0E, 0x10, 0xFB, 0x08, 0xED,
  0x08, 0x06, 0x0A, 0xFE, 0x0A, 0xFE, 0xFC, 0xF9, 0x12, 0xE4,
  0x16, 0x13, 0x15, 0xFA, 0x0A, 0xDA, 0xED, 0xF9, 0xF7, 0x0D,
  0xF2, 0xEF, 0xF2, 0x19, 0xF9, 0x0D, 0xFB, 0xE6, 0xDA, 0x19,
  0xD8, 0xDF, 0x0A, 0x01, 0x2A, 0xFE, 0x09, 0x17, 0x02, 0x00,
  0x1B, 0x11, 0xEA, 0x04, 0xEF, 0x10, 0xE3, 0xF2, 0xE2, 0xE0,
  0x04, 0x08, 0x04, 0xD7, 0xFA, 0xFC, 0x15, 0x1D, 0x09, 0x10,
  0x03, 0xD4, 0x1A, 0xEE, 0x15, 0x03, 0xF3, 0xF2, 0x10, 0x13,
  0xDD, 0xE3, 0xF7, 0x05, 0xEE, 0x16, 0x06, 0x05, 0xD2, 0x13,
  0x15, 0xFE, 0x09, 0xFC, 0xF6, 0xE1, 0xFF, 0xFF, 0x1C, 0x01,
  0x16, 0x10, 0xF7, 0x1F, 0xD7, 0xFC, 0xE7, 0x00, 0x0F, 0x16,
  0xDF, 0xD7, 0xF8, 0xFD, 0xEF, 0x01, 0xEE, 0xF5, 0x1A, 0x01,
  0x0B, 0x08, 0xDB, 0x22, 0xFB, 0xE4, 0x09, 0xEF, 0x17, 0xEB,
  0x0D, 0xE9, 0xF0, 0xF2, 0x03, 0xE9, 0x01, 0x00, 0x17, 0xFF,
  0x0B, 0xFA, 0xFD, 0xF2, 0xF1, 0x13, 0x1B, 0xEF, 0x00, 0xF9,
  0x0F, 0x0C, 0x01, 0xFC, 0xF7, 0x0E, 0x19, 0x04, 0x09, 0x07,
  0x05, 0x05, 0x09, 0x18, 0x09, 0x05, 0x00, 0xF5, 0xF7, 0xF3,
  0x09, 0xFD, 0x12, 0x1C, 0xE1, 0xFC, 0xFA, 0x09, 0xEF, 0x15,
  0xFB, 0x06, 0x00, 0x1D, 0x1C, 0xFA, 0xE8, 0x1C, 0x04, 0xFE,
  0x03, 0xE7, 0x10, 0x14, 0x06, 0xF8, 0xED, 0x14, 0x18, 0xF8,
  0xFA, 0xF3, 0x11, 0x05, 0x1E, 0x01, 0x02, 0x14, 0xFD, 0x16,
  0x22, 0x05, 0xF9, 0xF9, 0x18, 0xF4, 0x01, 0xF3, 0xF2, 0x12,
  0x05, 0x0C, 0xFF, 0xF8, 0x0B, 0x00, 0x02, 0x1A, 0x0C, 0x1D,
  0xEE, 0x16, 0xFD, 0x05, 0xE8, 0xF6, 0x20, 0x08, 0xE1, 0xE2,
  0xFA, 0x05, 0xE2, 0x0B, 0x04, 0xF6, 0x1B, 0xFE, 0x01, 0xEE,
  0xE4, 0x1D, 0xF9, 0xF9, 0xFA, 0xE6, 0x00, 0xDA, 0x16, 0x0F,
  0xDB, 0x0C, 0xE3, 0x03, 0x12, 0x03, 0x15, 0xFB, 0x01, 0xEB,
  0x15, 0x1A, 0x05, 0xF1, 0x04, 0xE2, 0x0E, 0x0A, 0x14, 0xFD,
  0xFD, 0xF9, 0xE9, 0x02, 0x05, 0xFF, 0xEE, 0xFF, 0x02, 0x01,
  0xFF, 0x0A, 0x03, 0xF0, 0xFE, 0x02, 0xC5, 0x14, 0x08, 0x19,
  0x0D, 0x07, 0xF2, 0x07, 0x00, 0xF7, 0x08, 0x0C, 0x0A, 0x04,
  0xFC, 0x06, 0x04, 0x18, 0xD2, 0xFA, 0x18, 0xF7, 0xF9, 0xFD,
  0xF2, 0xFB, 0x0C, 0x27, 0xFD, 0xF5, 0x03, 0xEE, 0x1E, 0xF5,
  0x19, 0x0C, 0x15, 0x0F, 0x0E, 0x06, 0xFB, 0xFB, 0x14, 0x0F,
  0x0B, 0x09, 0x11, 0x0D, 0xF8, 0x00, 0x07, 0x15, 0x12, 0x22,
  0xFB, 0xEC, 0x0F, 0x0C, 0xD1, 0x24, 0xCA, 0xF2, 0xFC, 0xDE,
  0x17, 0x8E, 0xF6, 0x94, 0xDF, 0xAA, 0x14, 0x0E, 0xE1, 0x1D,
  0x14, 0x1A, 0xF5, 0xB5, 0x95, 0xDA, 0xA9, 0xB2, 0x0C, 0x02,
  0xB5, 0x15, 0x88, 0xDB, 0x95, 0xF6, 0x04, 0xDD, 0x1A, 0xC4,
  0xAE, 0xEA, 0xD5, 0xCF, 0x06, 0xA1, 0x9F, 0xAB, 0xCB, 0xBE,
  0xCE, 0xDE, 0xB3, 0x17, 0xAE, 0xC7, 0xA6, 0x9C, 0xB8, 0x12,
  0x22, 0xAF, 0xF2, 0xCF, 0xC0, 0xD9, 0xA0, 0xC9, 0xFD, 0xEF,
  0x03, 0xF8, 0x01, 0xDF, 0x2C, 0x0F, 0x00, 0x14, 0xE6, 0x10,
  0x0E, 0xFA, 0x1B, 0xFE, 0xFB, 0xED, 0x35, 0x00, 0x01, 0x11,
  0x15, 0x01, 0x11, 0xFC, 0x0A, 0x07, 0x0D, 0x17, 0xEF, 0x0F,
  0x02, 0xF9, 0x06, 0x09, 0x12, 0x2D, 0xF4, 0x27, 0xF0, 0xF1,
  0x04, 0x09, 0xF3, 0xF7, 0x0B, 0x1D, 0xF7, 0x02, 0x10, 0xF3,
  0xE9, 0x17, 0x23, 0x00, 0x06, 0x05, 0xFB, 0xF0, 0x08, 0x18,
  0x08, 0xEE, 0x05, 0x03, 0x11, 0xEA, 0xE7, 0xFB, 0xE2, 0xF4,
  0x16, 0x0A, 0x00, 0x13, 0xFB, 0x02, 0xF8, 0x01, 0xF9, 0x1F,
  0xF1, 0xF3, 0xF5, 0x12, 0xF1, 0x06, 0xEF, 0xED, 0xFD, 0xEF,
  0xEF, 0xFC, 0xDB, 0x13, 0x23, 0x05, 0x0F, 0x15, 0xF3, 0xF4,
  0x0F, 0xFD, 0x00, 0x24, 0x0C, 0xDF, 0xF3, 0x1A, 0x09, 0xF0,
  0x19, 0xEB, 0xF5, 0xFE, 0x15, 0xF0, 0xD7, 0xEC, 0x09, 0xF0,
  0x14, 0x0A, 0xE7, 0x00, 0xE3, 0x06, 0xE8, 0x03, 0x03, 0xF6,
  0x24, 0xE4, 0x1D, 0xFC, 0xF7, 0xF0, 0xED, 0x01, 0x1D, 0x00,
  0x01, 0x09, 0xF3, 0xF7, 0xFA, 0x19, 0xF3, 0x12, 0xEF, 0x14,
  0x04, 0xCF, 0xEC, 0x04, 0x06, 0x2E, 0x28, 0xF7, 0xEF, 0xEF,
  0x02, 0xEC, 0x0C, 0x2B, 0x0A, 0x0E, 0xE2, 0x0E, 0x08, 0xF8,
  0xFE, 0xF8, 0x13, 0xF8, 0xF8, 0x07, 0xE6, 0x17, 0xFB, 0x21,
  0xF6, 0x00, 0x15, 0xF8, 0xF8, 0xE0, 0xEE, 0x10, 0xFD, 0x13,
  0x15, 0x15, 0x0E, 0xF6, 0xF1, 0xF4, 0x1D, 0x08, 0x13, 0xE5,
  0xFD, 0x05, 0x06, 0x20, 0xFF, 0x16, 0x19, 0x0C, 0xE0, 0xF9,
  0x0F, 0x0B, 0x09, 0x00, 0x10, 0xF5, 0xF6, 0x06, 0x02, 0xE6,
  0x15, 0x0A, 0xF3, 0xF4, 0x10, 0xFD, 0xF3, 0xEA, 0x0C, 0xDB,
  0xF6, 0xFC, 0xFB, 0x00, 0xFC, 0x12, 0xDE, 0x0B, 0x07, 0x1E,
  0x10, 0x07, 0x12, 0xFB, 0x0F, 0x16, 0x1B, 0xFE, 0x14, 0xFF,
  0x03, 0xED, 0xF8, 0x0A, 0xEE, 0xFA, 0x03, 0x0E, 0x06, 0x0B,
  0xE8, 0xF9, 0x08, 0xF0, 0xF5, 0xEA, 0x0C, 0x03, 0xFA, 0xED,
  0x06, 0xF4, 0xF4, 0x02, 0xF6, 0xEA, 0xF2, 0x08, 0xEC, 0xEF,
  0x00, 0xEE, 0x02, 0xF0, 0x08, 0xF2, 0xF0, 0x09, 0xF5, 0xF8,
  0x06, 0x04, 0x0D, 0x04, 0xF9, 0x01, 0xF6, 0xFE, 0x0B, 0xF3,
  0xFE, 0xEB, 0x07, 0xEC, 0xF1, 0x09, 0xEC, 0xED, 0xE8, 0xF9,
  0xF8, 0xFE, 0xEB, 0xFA, 0x0C, 0xF5, 0x0C, 0xEE, 0xEA, 0xEB,
  0xF9, 0xE3, 0xF7, 0xF2, 0x04, 0x07, 0xF4, 0xEC, 0x08, 0xFA,
  0x08, 0xFF, 0xE7, 0xEC, 0xE9, 0xEF, 0xF9, 0xEA, 0x07, 0xFC,
  0xFC, 0x0C, 0xEC, 0x12, 0x04, 0x07, 0xF9, 0xF8, 0xDD, 0x0F,
  0x04, 0x07, 0xF4, 0x00, 0x0D, 0xF5, 0xFE, 0xF8, 0xFD, 0xF8,
  0x0E, 0x11, 0x05, 0x0D, 0xF8, 0xE9, 0x00, 0xE8, 0xE3, 0xE8,
  0xEB, 0xF4, 0xEE, 0xE5, 0xE7, 0x07, 0x03, 0x04, 0xEF, 0xEE,
  0xE4, 0xF3, 0xF4, 0xE1, 0xFC, 0xF2, 0x1A, 0xE3, 0x05, 0x1D,
  0x04, 0x03, 0x01, 0xEB, 0x1D, 0x0B, 0x05, 0x08, 0xF7, 0xDA,
  0x0F, 0x10, 0xF4, 0xED, 0x05, 0x05, 0x1A, 0xF5, 0x01, 0xF0,
  0x04, 0x08, 0x16, 0x02, 0xF7, 0xFE, 0x03, 0x11, 0x0E, 0x16,
  0xFB, 0x1C, 0xF0, 0xF3, 0xFA, 0x13, 0xF4, 0x06, 0x2A, 0x00,
  0xF5, 0x12, 0x11, 0xFC, 0x03, 0x02, 0x02, 0x08, 0xF9, 0x10,
  0x12, 0xE8, 0x00, 0x2A, 0x17, 0x09, 0x09, 0xEE, 0xF8, 0xEA,
  0x0E, 0xC5, 0x03, 0x1F, 0x10, 0x03, 0xD3, 0xFB, 0x11, 0x0A,
  0xFB, 0xEB, 0xF7, 0xF3, 0x2C, 0x06, 0x0F, 0x12, 0x08, 0x10,
  0x19, 0xE8, 0x0F, 0xF3, 0x0C, 0x35, 0xFB, 0xFD, 0xFB, 0xEC,
  0x0A, 0xFE, 0x0A, 0x2D, 0xEB, 0x14, 0xDA, 0xFF, 0x11, 0xF1,
  0x04, 0xEE, 0x33, 0x12, 0xF6, 0x04, 0x0A, 0x01, 0xFE, 0xF8,
  0x07, 0x09, 0x01, 0x0D, 0xE5, 0xE3, 0x10, 0x31, 0x01, 0xEB,
  0x0D, 0xF0, 0xF8, 0x01, 0x07, 0x09, 0xF0, 0x0E, 0x06, 0xF6,
  0xE8, 0x1B, 0xF5, 0xF5, 0xFE, 0x15, 0xE5, 0x0D, 0x0F, 0xFE,
  0x12, 0x0F, 0xFA, 0x01, 0xF7, 0x21, 0x06, 0x0D, 0x0E, 0xFB,
  0xF9, 0x03, 0x09, 0x00, 0x08, 0xFE, 0x15, 0x12, 0xF8, 0xEC,
  0xF8, 0x1E, 0x0E, 0x03, 0xFD, 0x07, 0x01, 0x11, 0xFB, 0xFC,
  0x02, 0x0A, 0x15, 0x01, 0xF7, 0xE1, 0xF7, 0x14, 0xF7, 0xFE,
  0xFB, 0x02, 0x0D, 0x00, 0x0B, 0x0D, 0x07, 0x09, 0xF5, 0x01,
  0xE6, 0x06, 0xF8, 0x14, 0x16, 0x22, 0xE0, 0xF9, 0x05, 0x16,
  0x06, 0x02, 0xE9, 0xF9, 0x1C, 0x1A, 0xF4, 0x0D, 0xE4, 0x25,
  0xFC, 0xF3, 0x02, 0xF8, 0xFB, 0x11, 0x06, 0x00, 0x03, 0x0E,
  0x1C, 0xE1, 0xF6, 0xF8, 0x11, 0x0D, 0x0A, 0x04, 0x14, 0x19,
  0xDC, 0x00, 0x10, 0x04, 0x0D, 0x12, 0x09, 0x0F, 0x01, 0x10,
  0xEE, 0xF9, 0x0C, 0x07, 0xFF, 0xDB, 0xF3, 0x24, 0x13, 0xFA,
  0xF6, 0x03, 0x0A, 0x09, 0x2B, 0x01, 0x10, 0x10, 0xEC, 0xF7,
  0x04, 0x03, 0xF5, 0xFF, 0x01, 0x08, 0xE5, 0xF7, 0xFD, 0x0A,
  0xFE, 0x19, 0x17, 0xFA, 0x06, 0x14, 0x12, 0x14, 0xF8, 0xFF,
  0x09, 0xF6, 0x11, 0x12, 0x01, 0x23, 0xFB, 0xFC, 0xF7, 0x03,
  0xF2, 0xF5, 0x05, 0xF9, 0xF1, 0x12, 0xEF, 0x09, 0xF8, 0x13,
  0xFE, 0x09, 0x15, 0x02, 0x0A, 0x02, 0xF5, 0xE3, 0x1C, 0x0F,
  0x08, 0x04, 0xFA, 0xF9, 0x17, 0x0B, 0xED, 0x22, 0xE0, 0xF7,
  0x16, 0x08, 0x12, 0x14, 0xEE, 0x03, 0x10, 0xFD, 0x0D, 0xFA,
  0xD7, 0x1D, 0x00, 0x0C, 0x18, 0x1B, 0xD8, 0xEA, 0x1B, 0xF9,
  0x1C, 0xE6, 0x15, 0x08, 0x1B, 0x0D, 0x07, 0x10, 0x16, 0xE4,
  0x1F, 0xEC, 0x0B, 0x0B, 0x0F, 0x06, 0x18, 0x03, 0xE1, 0xFE,
  0x03, 0x0D, 0x1C, 0x18, 0x17, 0x07, 0x0F, 0x0D, 0x0B, 0xF5,
  0x18, 0x0A, 0xF6, 0xF5, 0xF8, 0x06, 0x0C, 0xFC, 0xF7, 0xF4,
  0x1F, 0xF5, 0x02, 0xE7, 0x0F, 0x03, 0xFE, 0xEB, 0xF4, 0x05,
  0x00, 0xD2, 0x11, 0xFE, 0xF8, 0x14, 0xE8, 0xE5, 0x02, 0xFA,
  0x03, 0xE2, 0xF9, 0xF1, 0x0C, 0xF3, 0x19, 0x16, 0x15, 0x0C,
  0x0B, 0x14, 0xD5, 0x0E, 0x02, 0x17, 0xF2, 0xEE, 0xE3, 0x23,
  0x15, 0x00, 0x1B, 0xEA, 0xD7, 0xFE, 0x02, 0x00, 0xE8, 0xF4,
  0xE9, 0x04, 0x03, 0x05, 0x16, 0xE9, 0x1E, 0x03, 0x0C, 0xE2,
  0x02, 0xE9, 0x0B, 0xFE, 0x13, 0xEC, 0xCF, 0x11, 0xE0, 0xFE,
  0x08, 0xEF, 0x09, 0x11, 0xF6, 0x00, 0xED, 0xEB, 0x08, 0xF2,
  0xF8, 0xFD, 0x1B, 0xE2, 0x03, 0xF5, 0xFF, 0x18, 0x05, 0x03,
  0xE9, 0xFB, 0xF0, 0xFA, 0x16, 0xFC, 0xED, 0x01, 0x07, 0xF1,
  0xFC, 0xEC, 0xED, 0xEA, 0x06, 0x02, 0x04, 0x07, 0x03, 0x12,
  0x15, 0xED, 0xEE, 0x04, 0xFB, 0xEB, 0x16, 0x0A, 0x17, 0x03,
  0x07, 0x0B, 0x0F, 0xF3, 0xE0, 0x05, 0xDD, 0xF1, 0x15, 0xFA,
  0x07, 0xDD, 0xF4, 0xCC, 0xFC, 0xE9, 0x18, 0x0E, 0xFD, 0x08,
  0x20, 0x01, 0x08, 0xE0, 0xED, 0xEF, 0xC9, 0xCE, 0x07, 0x03,
  0xD4, 0x08, 0xD5, 0xE6, 0xD4, 0x04, 0xEF, 0xED, 0x0A, 0xFE,
  0xF7, 0x0A, 0xEC, 0x00, 0xF4, 0xF1, 0xF1, 0xF4, 0xEF, 0x01,
  0xEC, 0x01, 0xE5, 0xF9, 0xE1, 0xEF, 0xEB, 0xDB, 0xC7, 0x00,
  0x0E, 0xE6, 0xED, 0x07, 0xF1, 0x12, 0xD5, 0xFB, 0xF5, 0x10,
  0x05, 0x08, 0x01, 0xFF, 0xFA, 0x1E, 0xEE, 0xF3, 0xF2, 0x0C,
  0xFA, 0xFB, 0x03, 0x11, 0xDF, 0x01, 0x0E, 0x0C, 0x1D, 0xF6,
  0x1A, 0xEA, 0xED, 0x16, 0xF2, 0xF9, 0xF6, 0x08, 0x0A, 0xF7,
  0xDD, 0x04, 0xF1, 0xF8, 0x08, 0xFD, 0xF0, 0xF2, 0xE8, 0x0E,
  0x1D, 0x0D, 0xE2, 0x08, 0xF9, 0x07, 0x1A, 0x08, 0xFE, 0x0B,
  0x02, 0xF6, 0x1F, 0xFF, 0x03, 0xFD, 0xED, 0x10, 0x0A, 0x1F,
  0x13, 0x1F, 0x14, 0x1B, 0x0D, 0xF1, 0xDB, 0x0C, 0xF8, 0xE2,
  0x1C, 0xFF, 0xF6, 0x21, 0xF5, 0x03, 0xF1, 0xE9, 0x0F, 0xFF,
  0x12, 0xFB, 0xEA, 0x25, 0xE8, 0xF3, 0x02, 0xEF, 0xF7, 0xE9,
  0xDD, 0xF4, 0xD5, 0x16, 0x24, 0x10, 0xF6, 0x1C, 0xEC, 0xE4,
  0x1A, 0x0D, 0x01, 0x1B, 0xF2, 0xCE, 0x2C, 0x10, 0x07, 0xD9,
  0x0A, 0xF7, 0xEF, 0xFB, 0xFE, 0xFF, 0xEA, 0x0E, 0x03, 0xE8,
  0xF7, 0x21, 0xE9, 0xFC, 0xEA, 0x03, 0x18, 0x01, 0x13, 0x1D,
  0x0D, 0x19, 0xE7, 0x05, 0xE2, 0x01, 0x0B, 0x03, 0xEF, 0xB8,
  0x02, 0x2C, 0xD6, 0xEF, 0x0F, 0xFC, 0x1E, 0xFC, 0x04, 0x02,
  0xDB, 0xFF, 0x07, 0x06, 0xFA, 0xE4, 0x08, 0xEF, 0xFC, 0xF8,
  0xBD, 0x0A, 0x01, 0x0A, 0xF8, 0xEE, 0x07, 0x14, 0xFD, 0x0B,
  0xFA, 0x00, 0x03, 0x05, 0x14, 0xED, 0x03, 0x12, 0x0B, 0x03,
  0x20, 0xD4, 0xDF, 0x07, 0x13, 0x0D, 0xFA, 0xF9, 0x03, 0x0D,
  0xFF, 0x15, 0xF9, 0xF3, 0x03, 0xE3, 0xF9, 0xF5, 0x02, 0xEE,
  0xF8, 0x02, 0xF8, 0x0D, 0x13, 0x13, 0xFC, 0x16, 0x07, 0x0B,
  0xF2, 0x09, 0xE3, 0xF6, 0xFC, 0x07, 0x1D, 0x20, 0xE9, 0xF8,
  0x06, 0xF9, 0x03, 0xEE, 0xFF, 0xF7, 0x0C, 0xF6, 0xF2, 0x0C,
  0xDF, 0x01, 0x07, 0x03, 0xF8, 0xE6, 0x0D, 0x09, 0x03, 0xEF,
  0x03, 0x03, 0xF3, 0xF0, 0x03, 0xF3, 0xED, 0x10, 0xF9, 0xF1,
  0xFF, 0xEA, 0xEA, 0x06, 0x09, 0xFC, 0x09, 0x19, 0xE8, 0x05,
  0x0B, 0x0B, 0x14, 0xEE, 0xF1, 0x00, 0xE9, 0x14, 0xFD, 0x01,
  0x18, 0xFE, 0xDE, 0x12, 0x10, 0xFB, 0x02, 0xF4, 0x15, 0x10,
  0x03, 0xF1, 0x04, 0xD4, 0xFB, 0x15, 0x07, 0xF5, 0x13, 0x00,
  0x01, 0xFD, 0xF1, 0xDE, 0x00, 0x06, 0x14, 0x07, 0x00, 0xFD,
  0xC6, 0x07, 0xFB, 0x19, 0x01, 0x13, 0xFD, 0xF1, 0xF1, 0x05,
  0x0A, 0x09, 0xEC, 0xEA, 0x06, 0xE0, 0x01, 0x14, 0xF1, 0x10,
  0x0C, 0xFA, 0xD7, 0xE0, 0x28, 0x13, 0x13, 0x03, 0xAF, 0x01,
  0xF9, 0x05, 0xE6, 0xF5, 0x13, 0x1C, 0xCC, 0x06, 0x1C, 0xF6,
  0x15, 0xFF, 0x1C, 0xF7, 0x00, 0xF6, 0xF7, 0xE6, 0xFE, 0x12,
  0x17, 0xC3, 0x12, 0xCE, 0x09, 0x1E, 0xD0, 0xCE, 0xCA, 0xDF,
  0xF5, 0xEC, 0xDC, 0xE4, 0xD7, 0x1A, 0xFF, 0x0C, 0xFA, 0x05,
  0xF3, 0xF6, 0x33, 0x11, 0xFF, 0xFA, 0xAC, 0xD8, 0x07, 0xD7,
  0x0B, 0x04, 0xFA, 0xFB, 0x02, 0x11, 0xFF, 0xFD, 0x08, 0x16,
  0x05, 0x09, 0xFF, 0xF8, 0xEC, 0xFD, 0xFE, 0x11, 0x0F, 0x13,
  0xE5, 0x14, 0x17, 0x0B, 0x11, 0x03, 0x0B, 0x0F, 0xEF, 0xE9,
  0x1A, 0xFE, 0xF6, 0x14, 0x09, 0xE6, 0xF9, 0x0B, 0xF7, 0x0C,
  0xF0, 0xDD, 0xF9, 0x15, 0x13, 0xF0, 0xF0, 0x07, 0xE9, 0xF5,
  0xF6, 0x11, 0xF0, 0x04, 0x0A, 0xF2, 0x18, 0x0F, 0x08, 0x11,
  0xFE, 0xFF, 0x09, 0xE4, 0xF2, 0x12, 0xEE, 0x23, 0x0E, 0xF0,
  0x17, 0x12, 0xF3, 0xDC, 0x04, 0x09, 0x0A, 0xE4, 0x10, 0xFF,
  0xF1, 0x11, 0x07, 0x2C, 0x23, 0xFC, 0xE3, 0x1B, 0xED, 0xF9,
  0x03, 0xEF, 0xE3, 0xF5, 0x01, 0x10, 0xFB, 0xE9, 0x08, 0x08,
  0xF1, 0x0E, 0xFE, 0x15, 0x21, 0x17, 0xF4, 0xF2, 0xF7, 0x03,
  0x02, 0x1A, 0x05, 0xE0, 0xF0, 0x11, 0xD4, 0x27, 0x02, 0xF6,
  0xCF, 0x0F, 0xFD, 0xCD, 0xEE, 0xF9, 0x06, 0x2C, 0x10, 0xEC,
  0x15, 0xFA, 0xFF, 0xE5, 0x1E, 0xF8, 0x0E, 0x27, 0x0A, 0xFD,
  0xE5, 0xF6, 0x0D, 0x04, 0x16, 0xF7, 0x07, 0x07, 0x12, 0x0E,
  0xFA, 0xFD, 0x0C, 0x08, 0x0C, 0xF8, 0xFF, 0x09, 0x1C, 0x0F,
  0x11, 0xFE, 0x08, 0xFD, 0x00, 0xE8, 0x0D, 0x1F, 0x04, 0x0A,
  0xE5, 0x07, 0xF0, 0x18, 0xF4, 0xED, 0x28, 0x1C, 0xF4, 0x05,
  0x19, 0x0E, 0xE2, 0x05, 0x01, 0x02, 0xFE, 0xF7, 0x01, 0xFE,
  0x0C, 0x0B, 0x13, 0xFD, 0xF9, 0xEA, 0xFE, 0xF2, 0xFC, 0xE5,
  0x42, 0x0C, 0x0D, 0x02, 0xE1, 0x08, 0x1B, 0x16, 0x18, 0xFD,
  0xFD, 0xEB, 0x08, 0xF5, 0x16, 0xF2, 0xF6, 0xF2, 0x15, 0xFF,
  0x04, 0x12, 0x03, 0x0F, 0x02, 0xFC, 0x03, 0xF7, 0xFE, 0xEC,
  0x23, 0x52, 0xF1, 0x03, 0xF0, 0xF9, 0x09, 0x12, 0xEA, 0xE9,
  0x0C, 0x23, 0x01, 0xF9, 0xF3, 0x05, 0x0D, 0xF4, 0x0D, 0x09,
  0xF9, 0x1A, 0x0B, 0xCB, 0x00, 0x22, 0x08, 0x0C, 0x03, 0x04,
  0x13, 0x22, 0x16, 0x14, 0xEF, 0xF8, 0xF8, 0xEB, 0x27, 0x0C,
  0xF7, 0xDC, 0x09, 0x09, 0xFF, 0xF2, 0x0C, 0xF6, 0x0E, 0xFD,
  0x00, 0xF7, 0x0D, 0x28, 0xED, 0xE4, 0xF8, 0x19, 0xFB, 0xF8,
  0xF9, 0x16, 0xD5, 0x13, 0xFA, 0x03, 0x08, 0x0E, 0x15, 0x01,
  0x15, 0xF5, 0x18, 0xFB, 0x16, 0x0C, 0x09, 0xDE, 0x00, 0xFD,
  0x25, 0xF9, 0xFC, 0xE8, 0xDE, 0x02, 0x0A, 0x1F, 0x04, 0x10,
  0xFE, 0xFE, 0xFC, 0xF0, 0xEC, 0xF9, 0x25, 0xEB, 0x39, 0x27,
  0x04, 0x16, 0xF2, 0x25, 0x26, 0x05, 0xED, 0x00, 0xFB, 0xFB,
  0x23, 0xEF, 0xFF, 0x19, 0x09, 0x00, 0x3A, 0x00, 0x06, 0x08,
  0x04, 0x45, 0xE2, 0x10, 0x0A, 0xF8, 0x0C, 0x08, 0x1D, 0x42,
  0xF4, 0x2F, 0xDC, 0x00, 0xFA, 0xE6, 0x03, 0x09, 0x23, 0x1B,
  0x19, 0xFA, 0x08, 0xF2, 0xF8, 0xE8, 0x2D, 0xFE, 0x07, 0xE6,
  0xF4, 0xE4, 0xF9, 0x36, 0xF1, 0x19, 0x16, 0xCB, 0xF9, 0xDC,
  0x0A, 0xF5, 0xF9, 0xF6, 0x0F, 0x11, 0xEC, 0xD3, 0x1A, 0x0D,
  0x03, 0xCF, 0x08, 0xE0, 0x25, 0xFB, 0xEC, 0xDF, 0xF6, 0xF7,
  0x08, 0xFF, 0x24, 0x15, 0x07, 0x27, 0xFA, 0x16, 0x0E, 0x0D,
  0x18, 0x17, 0xCC, 0x1E, 0xFD, 0x1F, 0xEF, 0xBE, 0xD0, 0xF6,
  0xF2, 0xE6, 0x35, 0x00, 0xC6, 0xFA, 0x1E, 0xCD, 0xD9, 0xE4,
  0x00, 0x06, 0xEE, 0x1C, 0x1A, 0x04, 0x19, 0x28, 0x0B, 0xB7,
  0xF9, 0xF2, 0xFE, 0x03, 0x14, 0xFB, 0xDE, 0xD8, 0x05, 0xF0,
  0x21, 0xE1, 0x14, 0x07, 0x19, 0xE0, 0x18, 0xFB, 0x01, 0x17,
  0xCE, 0xF5, 0x09, 0x15, 0xF1, 0xE1, 0xF2, 0x18, 0x10, 0xFB,
  0x13, 0xFF, 0xF1, 0x0D, 0x0B, 0x0B, 0xEB, 0xF4, 0x19, 0x1F,
  0xF9, 0x07, 0xE7, 0xFF, 0x03, 0xF2, 0x0E, 0xF7, 0xF0, 0x00,
  0x02, 0x12, 0xF0, 0x14, 0xD6, 0x14, 0x0C, 0x18, 0x05, 0xFA,
  0xF2, 0x0A, 0x00, 0xE9, 0x17, 0x12, 0x19, 0x1C, 0x14, 0x19,
  0xE8, 0x10, 0xE3, 0xFD, 0x06, 0x16, 0xF9, 0xCC, 0xF7, 0x17,
  0xEC, 0xED, 0xFC, 0xF2, 0x1A, 0x0E, 0xFB, 0xF6, 0xD6, 0x16,
  0xFA, 0xF1, 0x06, 0xED, 0x02, 0xE5, 0xEE, 0xF9, 0xCA, 0x12,
  0x0F, 0xFB, 0x16, 0xF1, 0x17, 0xFD, 0x16, 0xFE, 0xF8, 0x0C,
  0x0E, 0x07, 0x0A, 0xDB, 0xFD, 0xF2, 0x17, 0x11, 0x11, 0xCC,
  0xD2, 0xFA, 0x1D, 0x14, 0x05, 0x0B, 0x01, 0x1B, 0x10, 0xFC,
  0x0E, 0xF3, 0x11, 0xE1, 0x2E, 0xF7, 0x0C, 0x09, 0xD4, 0xF2,
  0x02, 0xF6, 0xF5, 0x10, 0x07, 0x0A, 0x11, 0x00, 0x0A, 0xF1,
  0xF7, 0xFF, 0x1D, 0xF6, 0xEE, 0x12, 0x11, 0x2F, 0x12, 0xF7,
  0x0A, 0xF7, 0x02, 0xE9, 0x02, 0x0C, 0xEC, 0x1F, 0xCE, 0xEB,
  0xFC, 0x17, 0xE2, 0xD7, 0x09, 0x20, 0xFB, 0x07, 0x05, 0xEC,
  0xEA, 0xE9, 0x1C, 0x09, 0x13, 0x06, 0x00, 0xC9, 0xF6, 0x0C,
  0xFC, 0xF1, 0x14, 0xF2, 0xFB, 0x05, 0x13, 0xE8, 0x0F, 0x1C,
  0xFC, 0x00, 0xE3, 0x07, 0x0E, 0x08, 0xF8, 0xFD, 0x07, 0x01,
  0x13, 0xFB, 0x00, 0x05, 0x17, 0x1A, 0x1A, 0x0A, 0x17, 0xF3,
  0x0E, 0x09, 0x18, 0xF4, 0x0E, 0xF4, 0x03, 0x05, 0x16, 0x23,
  0x04, 0x07, 0xF9, 0xF9, 0xFA, 0x17, 0x06, 0xEF, 0x22, 0xFB,
  0xF9, 0x01, 0x0F, 0x03, 0xFD, 0x19, 0x19, 0x08, 0x01, 0x1B,
  0x16, 0xF1, 0x14, 0x18, 0x19, 0xF0, 0xD0, 0x0B, 0x12, 0xF9,
  0x1D, 0xDF, 0x15, 0xEF, 0xF2, 0xF8, 0xF1, 0x0E, 0x1C, 0x0C,
  0x18, 0x16, 0xFB, 0xFF, 0xEE, 0x0C, 0xF3, 0x0A, 0xFA, 0x16,
  0x07, 0xDD, 0xF1, 0xE1, 0xF8, 0x0D, 0xF5, 0xF8, 0xEC, 0xE7,
  0xEF, 0xE7, 0x23, 0x14, 0xF3, 0x36, 0xEC, 0x19, 0x17, 0x13,
  0x12, 0x15, 0x0C, 0xEF, 0x10, 0x0E, 0x09, 0x28, 0x03, 0x0A,
  0xEB, 0x0A, 0xFB, 0xF0, 0xF0, 0xFF, 0xF2, 0x1E, 0xFA, 0x1D,
  0xFE, 0x23, 0x10, 0x00, 0xE5, 0x1B, 0xEE, 0xEA, 0x12, 0x0B,
  0x23, 0x03, 0xF7, 0x05, 0xF7, 0x02, 0x00, 0x0E, 0xF4, 0x09,
  0x00, 0x02, 0xFF, 0x12, 0xDC, 0xEB, 0xFB, 0xF1, 0x03, 0xE8,
  0x04, 0x02, 0xFA, 0x22, 0x09, 0x15, 0xF9, 0xCB, 0x06, 0x0A,
  0x1E, 0x10, 0x07, 0x1A, 0x08, 0x0A, 0xF1, 0xE0, 0xF9, 0x17,
  0xEE, 0xFA, 0x0A, 0x00, 0xF9, 0x12, 0xFB, 0x11, 0x02, 0x0F,
  0x10, 0xFD, 0xF2, 0xF5, 0x0D, 0xFE, 0x11, 0x2F, 0xF6, 0x2C,
  0x0D, 0xF8, 0xF0, 0xF1, 0x17, 0x07, 0xEA, 0xE3, 0xF6, 0x0E,
  0xEC, 0xEE, 0x15, 0x05, 0x17, 0x06, 0xFA, 0xFB, 0x10, 0x28,
  0xFB, 0xE7, 0xF2, 0x01, 0xF5, 0xFD, 0xFD, 0x18, 0xDF, 0x26,
  0xFA, 0x06, 0x17, 0x0E, 0x12, 0x15, 0x03, 0xFB, 0x17, 0x19,
  0xF4, 0xF3, 0x0F, 0xF5, 0x02, 0x11, 0x0A, 0x03, 0x12, 0xF5,
  0xEF, 0x0F, 0x28, 0x16, 0xF5, 0xFB, 0xF6, 0x15, 0x07, 0x0D,
  0xFD, 0xFE, 0xF5, 0x00, 0x04, 0x03, 0xFF, 0xE9, 0x17, 0x15,
  0x0E, 0xFB, 0x11, 0x07, 0x00, 0x11, 0xCB, 0x05, 0x05, 0xF8,
  0x04, 0xF0, 0xF9, 0xFE, 0xF4, 0x18, 0x12, 0xF2, 0xFF, 0xFB,
  0xFC, 0xF0, 0x1D, 0x14, 0x0E, 0xDB, 0xF9, 0xF6, 0x03, 0xF6,
  0x08, 0x0F, 0x09, 0x0D, 0xE7, 0x0D, 0xF4, 0x02, 0x05, 0x0A,
  0xFA, 0x0B, 0xFE, 0x14, 0x00, 0x06, 0x0D, 0x0C, 0xEF, 0xE9,
  0x13, 0x04, 0xFC, 0xF8, 0xE9, 0xFE, 0x10, 0x01, 0xE2, 0xFE,
  0xF8, 0x0E, 0x11, 0xF2, 0x0B, 0xF6, 0x19, 0x0A, 0x07, 0xFA,
  0xFA, 0x05, 0xD9, 0xEF, 0xF7, 0xE9, 0xFE, 0xE8, 0x14, 0x25,
  0xEA, 0x1B, 0x10, 0x05, 0xF3, 0xFE, 0x17, 0x14, 0xF0, 0xF7,
  0x18, 0xF0, 0x0E, 0xE9, 0xF1, 0x13, 0x0D, 0x04, 0xFF, 0xF2,
  0xFA, 0x0E, 0x05, 0x03, 0xDC, 0xF0, 0xFF, 0x04, 0xF2, 0x14,
  0xF9, 0xF4, 0x11, 0xFF, 0xED, 0x06, 0xF1, 0x00, 0x07, 0x0C,
  0x07, 0x0F, 0x13, 0xF7, 0x07, 0xEE, 0xF9, 0xFC, 0x10, 0x27,
  0x06, 0xF5, 0x12, 0x08, 0xEF, 0x05, 0xF9, 0xF5, 0x0A, 0x04,
  0x2C, 0x0C, 0x05, 0x10, 0x16, 0xF6, 0xF9, 0x01, 0x14, 0xEE,
  0x10, 0xF8, 0xFA, 0x0B, 0xED, 0xF8, 0x01, 0xF3, 0x0C, 0x08,
  0x08, 0xFC, 0xF3, 0xFA, 0xEF, 0x26, 0xFB, 0x11, 0xF7, 0x0C,
  0x03, 0x1C, 0x24, 0xF2, 0x12, 0xFC, 0x07, 0x08, 0x09, 0xFF,
  0x0B, 0xF0, 0x17, 0xF3, 0x18, 0x03, 0xE2, 0xFA, 0x0D, 0x15,
  0x11, 0x0D, 0x00, 0x0D, 0x0C, 0xE8, 0x08, 0xF1, 0x00, 0x01,
  0xE3, 0x07, 0x0B, 0x17, 0xFC, 0xD4, 0x1A, 0xF7, 0x1D, 0x22,
  0x07, 0x06, 0x0E, 0x1A, 0x00, 0x14, 0xFC, 0xEF, 0x05, 0x2A,
  0xF7, 0xEF, 0x07, 0x02, 0x0C, 0xF7, 0x26, 0x11, 0xE9, 0x0F,
  0x09, 0x09, 0xFB, 0x21, 0xF9, 0x10, 0x19, 0x12, 0x11, 0x0B,
  0x1F, 0x12, 0x0A, 0xE3, 0xDE, 0xFE, 0x0D, 0xFA, 0x05, 0xE4,
  0x0C, 0xE7, 0xF5, 0xFF, 0xEB, 0xFD, 0x07, 0x12, 0x06, 0xE7,
  0x04, 0x07, 0xEC, 0x22, 0xF9, 0xF1, 0x0E, 0xFF, 0x24, 0xE1,
  0x19, 0xF7, 0x07, 0x1B, 0x18, 0xF9, 0xF7, 0xEB, 0x02, 0xE8,
  0x13, 0x27, 0xED, 0x00, 0xE2, 0xFE, 0x0A, 0xF2, 0x03, 0xF4,
  0xFD, 0x04, 0xF2, 0x08, 0x16, 0x03, 0xF3, 0x18, 0xEE, 0x00,
  0x08, 0x13, 0xE9, 0xEE, 0xFF, 0xF4, 0x05, 0xE4, 0x0F, 0x08,
  0xFA, 0x09, 0x0F, 0xD7, 0x4C, 0x24, 0x1C, 0x15, 0xBA, 0xE2,
  0x14, 0xFD, 0xEC, 0x21, 0x14, 0xFC, 0x2E, 0x0E, 0x1F, 0xDB,
  0x15, 0xF7, 0x31, 0x06, 0xEA, 0x0C, 0x00, 0x1D, 0x0D, 0x0B,
  0x1A, 0xDF, 0xF8, 0xF1, 0x02, 0x36, 0xDD, 0xF9, 0xB6, 0xD2,
  0xEE, 0xF3, 0xE8, 0xDD, 0x09, 0x31, 0x02, 0xF6, 0x0C, 0x0E,
  0xF4, 0x03, 0x3B, 0x08, 0xF7, 0xF8, 0xE6, 0xDA, 0x0E, 0xF7,
  0x09, 0xF6, 0x04, 0x0F, 0x11, 0x0E, 0xF3, 0x13, 0xFD, 0x08,
  0xE2, 0x14, 0xEE, 0xFE, 0xF2, 0xE9, 0xFB, 0x13, 0xFB, 0xFB,
  0xF3, 0x0F, 0xF8, 0xF4, 0xFC, 0x05, 0xEE, 0x03, 0xEC, 0x00,
  0x09, 0xF1, 0xF1, 0xE5, 0x08, 0xFB, 0xDC, 0x10, 0x06, 0xFB,
  0xFC, 0x06, 0x0D, 0x12, 0x19, 0xEE, 0x12, 0x07, 0xF5, 0x16,
  0xF7, 0xCD, 0x10, 0x04, 0x17, 0x0F, 0xFE, 0xEF, 0xCB, 0x09,
  0x08, 0x15, 0x08, 0xF9, 0x0A, 0x06, 0x12, 0x13, 0x12, 0xFB,
  0x10, 0xF3, 0x1F, 0xF4, 0x1D, 0xF1, 0x12, 0xFE, 0xFE, 0x29,
  0xF4, 0x03, 0x13, 0x17, 0xFC, 0xF3, 0x11, 0xEB, 0x08, 0x05,
  0x0C, 0x03, 0x0E, 0xEB, 0xFD, 0x13, 0x17, 0x27, 0x1D, 0xE9,
  0x10, 0xF8, 0xFB, 0xED, 0xF5, 0xF2, 0x07, 0xEE, 0x0B, 0x1B,
  0xF1, 0xF7, 0xF1, 0xFC, 0xF6, 0x15, 0x0E, 0xFA, 0x10, 0xF8,
  0x01, 0x21, 0x1A, 0xF2, 0x0C, 0xE4, 0x10, 0xED, 0xF6, 0xF1,
  0x0D, 0xFA, 0x31, 0xED, 0x01, 0x01, 0xFF, 0x2F, 0x0E, 0x2E,
  0x18, 0x34, 0x01, 0x00, 0x1C, 0xFC, 0xFD, 0xFB, 0xFE, 0x1E,
  0x03, 0x1C, 0x2B, 0x2D, 0xF4, 0xFC, 0x2B, 0x19, 0x28, 0xF8,
  0x19, 0x16, 0x0F, 0x00, 0x04, 0x00, 0x26, 0xFD, 0xF9, 0xF4,
  0x03, 0x1D, 0x20, 0x13, 0x07, 0x17, 0xD7, 0x1E, 0x1B, 0xF7,
  0x2B, 0x31, 0x33, 0x0E, 0x12, 0xFD, 0x01, 0x20, 0x04, 0x01,
  0x0B, 0xE5, 0x17, 0x0F, 0xFE, 0xFB, 0xFA, 0xE3, 0x1E, 0xE2,
  0xFA, 0xF9, 0xF5, 0x1E, 0xFF, 0x04, 0x0C, 0xF5, 0x02, 0xEF,
  0x03, 0xEF, 0x1B, 0x09, 0xF7, 0x0B, 0x02, 0x09, 0x03, 0x07,
  0x02, 0x07, 0x0E, 0x18, 0x11, 0xF7, 0x09, 0x1B, 0x0D, 0x06,
  0xFE, 0x09, 0x16, 0x14, 0x09, 0x01, 0x08, 0x0B, 0x14, 0x0E,
  0x18, 0x17, 0xED, 0x03, 0x0D, 0xF8, 0xF0, 0xED, 0x10, 0xF9,
  0x03, 0x14, 0x04, 0x07, 0x16, 0x1A, 0x02, 0xED, 0xE3, 0x14,
  0xF0, 0xF8, 0x0E, 0xF2, 0x2A, 0xDF, 0xE5, 0x02, 0x0D, 0xFD,
  0xF8, 0x08, 0x1F, 0x0D, 0xF6, 0x10, 0xEB, 0x08, 0xE2, 0x19,
  0xDC, 0xF4, 0x28, 0xF3, 0x15, 0x05, 0xF2, 0x0E, 0xF1, 0xDF,
  0xEE, 0x1C, 0x04, 0xF0, 0x01, 0x24, 0x0B, 0x0E, 0x0B, 0x0E,
  0x01, 0x0E, 0x19, 0x06, 0x1E, 0xF1, 0xDE, 0x03, 0xF7, 0x16,
  0xF7, 0xEB, 0xE7, 0x05, 0x06, 0x0B, 0x01, 0x09, 0xF3, 0xF6,
  0xF8, 0xED, 0x54, 0xAB, 0xFF, 0xFF, 0x58, 0xAB, 0xFF, 0xFF,
  0x5C, 0xAB, 0xFF, 0xFF, 0xDA, 0xC2, 0xFF, 0xFF, 0x04, 0x00,
  0x00, 0x00, 0x00, 0x01, 0x00, 0x00, 0x38, 0xC7, 0xFF, 0xFF,
  0xAF, 0x0E, 0x00, 0x00, 0x72, 0xFB, 0xFF, 0xFF, 0x8E, 0x78,
  0xFF, 0xFF, 0xE5, 0xC8, 0xFF, 0xFF, 0x29, 0xDA, 0xFF, 0xFF,
  0x1C, 0xE9, 0xFF, 0xFF, 0xE3, 0xE9, 0xFF, 0xFF, 0xE9, 0x0B,
  0x00, 0x00, 0x70, 0xE3, 0xFF, 0xFF, 0xFC, 0xDC, 0xFF, 0xFF,
  0x79, 0xF6, 0xFF, 0xFF, 0x45, 0xF2, 0xFF, 0xFF, 0x80, 0x5C,
  0x00, 0x00, 0x21, 0xF0, 0xFF, 0xFF, 0xC2, 0xFE, 0xFF, 0xFF,
  0x42, 0x22, 0x00, 0x00, 0x2F, 0x23, 0x00, 0x00, 0x0B, 0xC6,
  0xFF, 0xFF, 0x7B, 0xF7, 0xFF, 0xFF, 0x49, 0xFD, 0xFF, 0xFF,
  0xBA, 0x03, 0x00, 0x00, 0x70, 0xE8, 0xFF, 0xFF, 0x87, 0x02,
  0x00, 0x00, 0xC3, 0xFB, 0xFF, 0xFF, 0xC9, 0x7A, 0xFF, 0xFF,
  0x25, 0xF4, 0xFF, 0xFF, 0xA6, 0x02, 0x00, 0x00, 0x92, 0xFC,
  0xFF, 0xFF, 0xB2, 0xE7, 0xFF, 0xFF, 0x6C, 0xED, 0xFF, 0xFF,
  0xE4, 0x19, 0x00, 0x00, 0x26, 0x1B, 0x00, 0x00, 0x92, 0xBE,
  0xFF, 0xFF, 0xE3, 0x59, 0x00, 0x00, 0x4D, 0xD6, 0xFF, 0xFF,
  0xD5, 0xC3, 0xFF, 0xFF, 0x0A, 0xD4, 0xFF, 0xFF, 0xE5, 0xD6,
  0xFF, 0xFF, 0x9C, 0xE8, 0xFF, 0xFF, 0xCA, 0xA8, 0xFF, 0xFF,
  0x7E, 0xE2, 0xFF, 0xFF, 0x72, 0xEE, 0xFF, 0xFF, 0xD8, 0xEA,
  0xFF, 0xFF, 0x6E, 0xA6, 0xFF, 0xFF, 0x87, 0xCD, 0xFF, 0xFF,
  0xEC, 0xEB, 0xFF, 0xFF, 0xD4, 0xE3, 0xFF, 0xFF, 0xA6, 0xE4,
  0xFF, 0xFF, 0xE7, 0x4F, 0x00, 0x00, 0x42, 0xDC, 0xFF, 0xFF,
  0x6E, 0xF6, 0xFF, 0xFF, 0xEE, 0xF0, 0xFF, 0xFF, 0x24, 0xD0,
  0xFF, 0xFF, 0xAC, 0xE4, 0xFF, 0xFF, 0x1A, 0x69, 0x00, 0x00,
  0xDF, 0x55, 0x00, 0x00, 0xD4, 0x9A, 0xFF, 0xFF, 0x66, 0xF1,
  0xFF, 0xFF, 0x9E, 0xCB, 0xFF, 0xFF, 0x43, 0xFC, 0xFF, 0xFF,
  0x0F, 0xE6, 0xFF, 0xFF, 0x9E, 0xCA, 0xFF, 0xFF, 0x0A, 0xF6,
  0xFF, 0xFF, 0xE6, 0xC3, 0xFF, 0xFF, 0x04, 0x00, 0x00, 0x00,
  0x00, 0x38, 0x00, 0x00, 0xFF, 0x0F, 0x0C, 0xE3, 0x07, 0x2D,
  0x3E, 0x14, 0xA8, 0x18, 0x15, 0xFF, 0x23, 0xF6, 0x51, 0x2C,
  0xA7, 0xFF, 0x00, 0x88, 0xA8, 0xC3, 0x3D, 0x5D, 0x1A, 0xD1,
  0xEE, 0xC0, 0xF4, 0x29, 0x41, 0xE0, 0x30, 0xC7, 0x2F, 0x2A,
  0xAF, 0x10, 0xF6, 0xD2, 0x88, 0xF1, 0x2F, 0x03, 0x04, 0x04,
  0xF3, 0x7E, 0xC2, 0x8E, 0x07, 0x34, 0xD1, 0x0B, 0x16, 0x3B,
  0xE2, 0xD2, 0xFD, 0x1F, 0xEC, 0x73, 0x07, 0xED, 0xF1, 0xC7,
  0x28, 0xED, 0xBE, 0xED, 0xD1, 0xD4, 0xEA, 0x0E, 0x25, 0x18,
  0x16, 0xAA, 0x62, 0x6E, 0xC7, 0x3F, 0x17, 0x44, 0xBE, 0x3B,
  0xE2, 0x3B, 0x1A, 0x42, 0x43, 0x20, 0xCC, 0x3B, 0x2B, 0x17,
  0x2D, 0xE0, 0x3B, 0xD9, 0x04, 0x25, 0x11, 0xDE, 0x9D, 0x2B,
  0xFB, 0x0D, 0x3D, 0xC3, 0x6F, 0x37, 0xDC, 0x01, 0xDD, 0xD2,
  0xB2, 0xDD, 0xED, 0x30, 0x02, 0xEB, 0xFB, 0xF1, 0xCC, 0xF5,
  0x2E, 0x3A, 0x19, 0xC6, 0x0A, 0xF2, 0xDB, 0x1D, 0x12, 0x33,
  0x91, 0xF9, 0x35, 0x1F, 0xFA, 0xC8, 0x47, 0x6B, 0xC5, 0xDD,
  0x0A, 0x1E, 0xC0, 0xA7, 0xE3, 0x5D, 0x3D, 0xFD, 0x07, 0x12,
  0xB2, 0x31, 0x09, 0x06, 0xDB, 0xCF, 0x40, 0xB4, 0x9B, 0xCD,
  0xC4, 0xE6, 0x00, 0xEB, 0xFA, 0xC6, 0xE6, 0xB7, 0x4A, 0x7F,
  0xA4, 0x47, 0xE0, 0x52, 0xEC, 0x26, 0x05, 0x35, 0x29, 0x13,
  0x4F, 0xEC, 0xAE, 0x30, 0xEC, 0x32, 0xCD, 0xDF, 0x4C, 0xF0,
  0xEF, 0x35, 0xF1, 0x0F, 0xBB, 0xD0, 0x26, 0xFA, 0x00, 0xCE,
  0x4A, 0x52, 0x90, 0x26, 0xEC, 0xD3, 0xAA, 0x0B, 0xC5, 0x2D,
  0x08, 0x14, 0xF2, 0xEA, 0xD8, 0x2D, 0x1C, 0x16, 0x01, 0x1B,
  0x1E, 0x17, 0x06, 0xEE, 0x37, 0xF5, 0x12, 0x0C, 0xF9, 0xFD,
  0x01, 0x21, 0xF1, 0xF3, 0xF6, 0xE0, 0xF8, 0x1B, 0x02, 0xC1,
  0xE2, 0xFB, 0x06, 0xDD, 0x0A, 0x21, 0xFF, 0xE9, 0x06, 0x14,
  0x03, 0x28, 0x25, 0x06, 0x06, 0xEE, 0x42, 0xDE, 0xF9, 0x26,
  0x29, 0x18, 0xF9, 0x4B, 0xD8, 0x0D, 0xFF, 0xEC, 0xE2, 0x0D,
  0x17, 0xC5, 0xF0, 0xE8, 0xB7, 0xAE, 0xFC, 0x2C, 0xEB, 0x95,
  0x01, 0x0B, 0x1B, 0x3C, 0xEF, 0x1A, 0x26, 0xD0, 0x04, 0x08,
  0x08, 0x22, 0xFC, 0x18, 0x11, 0x18, 0xEF, 0x0D, 0x00, 0xE9,
  0x08, 0x19, 0x15, 0xEF, 0xC7, 0x1E, 0x94, 0xC7, 0x28, 0xF9,
  0x09, 0xEE, 0x1A, 0x0A, 0xF5, 0x14, 0x14, 0x01, 0x1D, 0xD6,
  0x11, 0x13, 0x11, 0xDA, 0xDF, 0x10, 0xFA, 0x2E, 0xE1, 0xD9,
  0x1B, 0xB4, 0x20, 0xFE, 0x14, 0x0B, 0x00, 0xE1, 0xD3, 0x9C,
  0x25, 0x02, 0x10, 0xFD, 0xFB, 0xE9, 0xF7, 0xFF, 0x28, 0xED,
  0xE8, 0xEC, 0x42, 0xE3, 0x33, 0xEB, 0xEC, 0xE3, 0xE8, 0x44,
  0xE2, 0xDB, 0x21, 0xD2, 0x10, 0x22, 0x11, 0xF5, 0x0E, 0xE5,
  0xD0, 0xD7, 0xF4, 0x0C, 0xFD, 0xCB, 0x0D, 0x06, 0x00, 0x10,
  0x05, 0xF0, 0xFD, 0xC4, 0x2B, 0x15, 0x1D, 0x0F, 0x09, 0x0A,
  0x1C, 0xF8, 0x07, 0xCD, 0x1D, 0xB6, 0x25, 0x18, 0x0D, 0x33,
  0x02, 0x04, 0xD9, 0xD2, 0xE9, 0xD5, 0xFA, 0xCB, 0x05, 0x39,
  0xDC, 0x28, 0x07, 0xE7, 0xEB, 0xC9, 0x26, 0x1D, 0x42, 0xE3,
  0x29, 0xF5, 0x2C, 0x11, 0xFC, 0xF0, 0x19, 0x81, 0x33, 0x19,
  0x09, 0x14, 0xFD, 0xFF, 0xDF, 0xE4, 0x08, 0x2E, 0xFB, 0x14,
  0x19, 0x2C, 0x06, 0x04, 0xFE, 0xC5, 0x1A, 0xD1, 0xF5, 0x19,
  0xED, 0x03, 0xF2, 0xD6, 0x01, 0x0E, 0x0C, 0x14, 0xDB, 0x1E,
  0xC7, 0x33, 0x14, 0x30, 0x01, 0x28, 0x81, 0x15, 0x2E, 0xC5,
  0xCC, 0x15, 0x0B, 0xFF, 0xDF, 0xF5, 0xFE, 0xB0, 0x32, 0xC8,
  0xFE, 0x27, 0x1F, 0xF4, 0xD8, 0x10, 0x09, 0xF8, 0xF2, 0xAE,
  0xDC, 0xFA, 0x10, 0x11, 0xFC, 0x23, 0x1A, 0xEC, 0xA7, 0xBA,
  0x17, 0xEA, 0x27, 0xE0, 0xF3, 0x05, 0xE3, 0xF2, 0x0D, 0x08,
  0x02, 0x1B, 0x06, 0x13, 0x1A, 0xE8, 0xE8, 0x12, 0xCF, 0xE7,
  0xC0, 0x27, 0xFE, 0x2C, 0x21, 0x17, 0xF6, 0xFA, 0xF8, 0xEE,
  0x16, 0xFC, 0xE6, 0x1B, 0xF3, 0x2E, 0x07, 0x02, 0xEB, 0xFD,
  0x11, 0x14, 0x10, 0xEB, 0x02, 0xF3, 0x37, 0xE9, 0xF6, 0xD0,
  0x0E, 0xFC, 0x0D, 0xE0, 0x1A, 0xDE, 0xD8, 0xF6, 0xF6, 0x09,
  0xFF, 0x37, 0xEE, 0xCB, 0xE0, 0xDB, 0xEA, 0xED, 0xEC, 0x06,
  0xEA, 0xFE, 0x0E, 0xF9, 0xDB, 0x30, 0x0F, 0xF4, 0x58, 0xDC,
  0xE4, 0x01, 0x2B, 0x01, 0xF6, 0xF4, 0x2B, 0xC6, 0x32, 0x11,
  0xCA, 0x18, 0x1C, 0x13, 0xAF, 0xC5, 0x08, 0x14, 0x2B, 0xE5,
  0x16, 0x24, 0x0F, 0x15, 0x0D, 0x1C, 0x19, 0x41, 0xF1, 0xD4,
  0x4E, 0x24, 0xF3, 0x20, 0x18, 0xDA, 0x9D, 0x14, 0x17, 0x22,
  0x2E, 0xF1, 0xE9, 0xF8, 0x3B, 0xE4, 0x0C, 0xBC, 0xE6, 0xF8,
  0x12, 0x13, 0xEA, 0xF6, 0x00, 0x32, 0x06, 0x32, 0xF3, 0x33,
  0x3A, 0x08, 0x32, 0xF1, 0x2D, 0xDD, 0xD7, 0x33, 0xC3, 0x09,
  0x02, 0xD0, 0xF4, 0x09, 0x2E, 0x0C, 0x34, 0xEE, 0x15, 0xC1,
  0xF0, 0x27, 0xDE, 0xF2, 0xE6, 0xC9, 0xE3, 0x2C, 0x30, 0xE4,
  0xFF, 0xAE, 0x2F, 0x25, 0x00, 0xCD, 0xC2, 0xC6, 0xBA, 0x1C,
  0x0D, 0x47, 0x06, 0x49, 0xDA, 0x35, 0xFB, 0x0F, 0x93, 0x50,
  0xD8, 0x4C, 0x66, 0x10, 0xB1, 0x15, 0x1C, 0x42, 0xBE, 0x19,
  0x70, 0xC9, 0x10, 0xD8, 0x31, 0x45, 0xDF, 0xE6, 0xCE, 0xFD,
  0xF6, 0xFB, 0xEE, 0x20, 0xF6, 0x05, 0x00, 0x5D, 0x2F, 0x32,
  0xD1, 0x34, 0xA1, 0xAC, 0x23, 0x12, 0xC9, 0x10, 0x32, 0x67,
  0xE1, 0xD2, 0x5E, 0xC8, 0xFF, 0x26, 0x57, 0x48, 0xCC, 0xEE,
  0xE3, 0x2A, 0x09, 0xE5, 0xCB, 0x02, 0xE1, 0x2A, 0x0E, 0x3E,
  0xEE, 0x0B, 0xEB, 0x35, 0xF8, 0xB4, 0xFD, 0xF7, 0xF0, 0x35,
  0x0A, 0x31, 0x0E, 0xC0, 0x5A, 0xDE, 0xCB, 0x2B, 0x25, 0x1F,
  0xC3, 0xE3, 0x1C, 0xEC, 0xBD, 0x9E, 0x1D, 0x3F, 0x01, 0x37,
  0x03, 0x4E, 0xA2, 0xE4, 0x01, 0x5F, 0x0F, 0x1C, 0x14, 0x14,
  0x9A, 0x0F, 0x10, 0x33, 0xF5, 0xEC, 0x2B, 0xCF, 0xF1, 0x33,
  0xD0, 0xED, 0xD9, 0xB1, 0xD5, 0xE0, 0x09, 0x97, 0x0B, 0x25,
  0xE3, 0xDB, 0x3C, 0x1D, 0xBF, 0xD0, 0xCB, 0x51, 0x47, 0xDF,
  0x11, 0xFF, 0xFA, 0xFB, 0x29, 0x40, 0xCC, 0x20, 0x2F, 0xF0,
  0xCD, 0x74, 0x28, 0xF1, 0xFE, 0xD2, 0xF5, 0x1B, 0x0F, 0xE6,
  0xFD, 0x0F, 0xFB, 0xC2, 0x7F, 0x0A, 0xBF, 0xC8, 0x11, 0xE2,
  0x40, 0x91, 0xE1, 0xCC, 0x3A, 0xF6, 0x4C, 0x1E, 0x04, 0x0B,
  0x29, 0x5A, 0xE6, 0x54, 0x1E, 0xC7, 0x1A, 0xD2, 0x0E, 0xEE,
  0xF8, 0x16, 0x03, 0x0C, 0x91, 0x27, 0x27, 0x0E, 0xE2, 0xC4,
  0x3A, 0x3F, 0x2D, 0x1C, 0xF9, 0xF3, 0xFE, 0x53, 0x44, 0xF9,
  0x1F, 0xFC, 0x9D, 0x26, 0x22, 0xCE, 0xBF, 0xC4, 0xCB, 0xE6,
  0x36, 0xAB, 0x32, 0xEE, 0xB0, 0xF4, 0x11, 0x00, 0x13, 0x95,
  0x0D, 0x1D, 0x17, 0xD9, 0x08, 0x0B, 0xAD, 0x45, 0x01, 0x09,
  0xC9, 0xAE, 0x33, 0xE3, 0xE1, 0x05, 0x16, 0xD0, 0x88, 0xCF,
  0xB8, 0xE5, 0xDE, 0xFC, 0x02, 0xE3, 0xC5, 0xF0, 0x19, 0x12,
  0xF4, 0x81, 0x02, 0xFA, 0xDC, 0xDD, 0xF7, 0x16, 0xAD, 0x2E,
  0xC7, 0xED, 0xD1, 0xE4, 0x0E, 0xCA, 0xFB, 0xFF, 0x18, 0x07,
  0xE8, 0x15, 0xFC, 0xF1, 0xEF, 0x20, 0xE7, 0xFA, 0x00, 0x05,
  0x15, 0x2C, 0xFF, 0xE5, 0xF8, 0xDE, 0xCF, 0xFC, 0x06, 0x1D,
  0xFC, 0x32, 0xF0, 0x20, 0xF9, 0x0B, 0xEC, 0xC8, 0xD1, 0xE4,
  0xD5, 0xFF, 0x3C, 0x2D, 0xF1, 0x14, 0x36, 0x12, 0xE6, 0xFE,
  0x04, 0xD5, 0x13, 0xE8, 0xEF, 0x2C, 0xE9, 0xDD, 0xEA, 0x15,
  0x0E, 0x13, 0x46, 0x1F, 0xEE, 0x2A, 0x0A, 0xE8, 0xF9, 0x07,
  0x17, 0x1A, 0xF3, 0xFC, 0x25, 0x10, 0x17, 0x00, 0x2E, 0xF5,
  0x20, 0x0B, 0x06, 0x07, 0xF2, 0x15, 0x1B, 0x2A, 0xD8, 0xFD,
  0x21, 0x00, 0x0A, 0xFB, 0x3C, 0xD6, 0xE0, 0x2F, 0x19, 0x0B,
  0xF6, 0x20, 0x31, 0x2A, 0x01, 0x02, 0x2E, 0xDE, 0x18, 0x17,
  0x27, 0x2F, 0x2B, 0x0D, 0x1D, 0xF4, 0x0A, 0x12, 0x21, 0x24,
  0xF5, 0x13, 0x1A, 0x0B, 0x0D, 0x14, 0x15, 0xF7, 0xFC, 0x2E,
  0x27, 0x27, 0xED, 0x3B, 0x51, 0x11, 0xC2, 0xED, 0x29, 0xF3,
  0x17, 0xEF, 0x0A, 0x5B, 0x01, 0x14, 0x22, 0x29, 0x08, 0x16,
  0x32, 0x16, 0x2D, 0x34, 0xEE, 0x22, 0xF7, 0x27, 0xEF, 0x01,
  0x25, 0x18, 0x20, 0x76, 0x19, 0x1D, 0x20, 0x05, 0xB4, 0x24,
  0x31, 0xCB, 0xEE, 0x9B, 0xE5, 0x29, 0xD3, 0x02, 0xDF, 0x4E,
  0x11, 0xF1, 0x1E, 0xFD, 0x10, 0x09, 0x03, 0x14, 0x02, 0xD5,
  0x0F, 0x09, 0xF3, 0xFD, 0x35, 0x31, 0xFB, 0x40, 0x19, 0xE9,
  0xEC, 0xDF, 0x0D, 0xF9, 0xF2, 0xF1, 0xDF, 0xEE, 0x11, 0x03,
  0x04, 0x16, 0xC3, 0xEA, 0xF5, 0x3D, 0x41, 0x1F, 0x09, 0x25,
  0xB0, 0xE6, 0x23, 0xAC, 0xFA, 0x16, 0x01, 0x07, 0xC9, 0xEE,
  0xFA, 0xCA, 0x39, 0xD4, 0xDE, 0x3C, 0x15, 0xDA, 0xCB, 0xDE,
  0xDD, 0x24, 0xE6, 0x0B, 0x0F, 0xFD, 0x0F, 0x00, 0xFE, 0x10,
  0x21, 0xD3, 0xB6, 0x04, 0xE7, 0x11, 0xF9, 0x2D, 0xE1, 0xEF,
  0x25, 0xF5, 0x0F, 0x08, 0xF3, 0xEF, 0x17, 0x1E, 0x36, 0x01,
  0xFA, 0xCC, 0xBF, 0x0D, 0xE6, 0x1A, 0x0C, 0x02, 0x13, 0x00,
  0xED, 0xC9, 0xE6, 0x1C, 0x20, 0x1D, 0xCB, 0x2C, 0xE0, 0x05,
  0x04, 0x35, 0x06, 0x1B, 0xF4, 0xE4, 0xD8, 0xCC, 0x0E, 0x25,
  0x15, 0x1A, 0x3E, 0xEF, 0x08, 0x0B, 0x0D, 0xE4, 0xF3, 0xE4,
  0x13, 0x01, 0x03, 0xED, 0xE3, 0xF4, 0xD5, 0xD0, 0xCD, 0x19,
  0xF4, 0x03, 0x02, 0x2B, 0xE6, 0x2F, 0x32, 0x81, 0xE6, 0xD4,
  0x27, 0x22, 0x1E, 0xF6, 0x05, 0xF1, 0x0B, 0xF7, 0x27, 0x32,
  0x12, 0xDE, 0x29, 0x2C, 0xF5, 0x29, 0xC8, 0x1D, 0xD0, 0xF6,
  0x38, 0x0A, 0x04, 0x2A, 0x1D, 0x45, 0xE1, 0x36, 0x16, 0xCB,
  0xFA, 0x03, 0xFB, 0x12, 0x1C, 0x1F, 0xE1, 0x2E, 0x18, 0xF7,
  0xC8, 0x11, 0xF5, 0xE3, 0x12, 0x03, 0xEC, 0x0A, 0xEA, 0xF1,
  0xFE, 0xD9, 0x20, 0xF6, 0x17, 0x1F, 0x12, 0x14, 0x32, 0x0D,
  0xD2, 0x5F, 0x50, 0xC1, 0xD1, 0xEA, 0xD2, 0x36, 0x53, 0xE0,
  0x3D, 0xE9, 0xCC, 0x10, 0x63, 0xFA, 0x2D, 0xF4, 0x01, 0xFE,
  0xE9, 0xE5, 0xC3, 0xEB, 0xE6, 0x49, 0xEE, 0xF8, 0xD2, 0xF3,
  0x15, 0x1B, 0xE4, 0x43, 0x32, 0xD6, 0xFF, 0xE3, 0xD3, 0x35,
  0x4B, 0x02, 0x4F, 0xFA, 0xE8, 0x18, 0x31, 0xDF, 0x34, 0xE9,
  0x05, 0x02, 0xE5, 0xEB, 0xC2, 0xE9, 0x0B, 0x3F, 0xFE, 0xFF,
  0xEE, 0x15, 0x2E, 0x02, 0xF5, 0x29, 0x22, 0xE7, 0x12, 0xE8,
  0xF2, 0x4B, 0x5B, 0x0C, 0x43, 0x01, 0x08, 0x07, 0x2B, 0xD8,
  0xF6, 0xFB, 0x01, 0xF3, 0xDC, 0xFC, 0xE3, 0x01, 0x1D, 0x4C,
  0xF9, 0x03, 0xF6, 0x08, 0x18, 0xD8, 0xE9, 0xE5, 0xD2, 0x0C,
  0x11, 0xFC, 0xFD, 0x30, 0x3E, 0x23, 0x25, 0x10, 0x05, 0xDD,
  0xF5, 0xE8, 0xED, 0x02, 0xE5, 0xFA, 0xE2, 0xFB, 0x0E, 0xED,
  0x12, 0x0F, 0xE0, 0x00, 0xFF, 0xF6, 0x01, 0xDF, 0xEF, 0xC0,
  0xBB, 0x2A, 0xE9, 0xF6, 0xFA, 0xF4, 0xE6, 0x12, 0xE9, 0x0D,
  0x03, 0xDB, 0xEC, 0xFB, 0xE0, 0x05, 0xD9, 0xE6, 0x02, 0x16,
  0x17, 0xFA, 0x0C, 0xC3, 0xE7, 0xE8, 0x0A, 0xF1, 0xF4, 0x0C,
  0x18, 0xB5, 0xDB, 0x3D, 0x27, 0xFF, 0x12, 0xCD, 0xC4, 0x29,
  0xC6, 0x1E, 0x1E, 0xF5, 0xB6, 0x11, 0x03, 0x19, 0xEE, 0xEB,
  0xE7, 0x0F, 0x1D, 0x23, 0x0B, 0xBE, 0x0F, 0x06, 0x17, 0xF6,
  0xE8, 0x4A, 0x28, 0xE7, 0xE5, 0x1A, 0x20, 0x22, 0x27, 0x9F,
  0x81, 0x0D, 0xA8, 0x31, 0x20, 0x2D, 0xC5, 0x17, 0x08, 0x2D,
  0x0D, 0x04, 0x1A, 0x18, 0x04, 0x18, 0x20, 0xA7, 0x39, 0x0A,
  0x29, 0x22, 0x55, 0x04, 0xEB, 0x1B, 0xF3, 0xFE, 0x0D, 0x18,
  0x0C, 0xB5, 0xB8, 0x3B, 0xEE, 0x12, 0xF3, 0xDF, 0x04, 0x1B,
  0x0B, 0xD1, 0x1E, 0x17, 0xDA, 0xE1, 0x46, 0x23, 0x49, 0x0B,
  0xFF, 0x2E, 0xD4, 0xE3, 0x18, 0x00, 0xFA, 0x10, 0xFC, 0x00,
  0x12, 0x0B, 0x12, 0xD8, 0x00, 0x22, 0x16, 0xEF, 0x04, 0xF9,
  0x1D, 0x07, 0x29, 0xD7, 0xF8, 0x1D, 0xEC, 0x00, 0x41, 0x0A,
  0x33, 0x22, 0xE9, 0x13, 0xBA, 0xFD, 0xFF, 0x04, 0xE2, 0xF8,
  0xCF, 0x15, 0x11, 0x09, 0xF7, 0xF6, 0x1F, 0x0A, 0x12, 0xC8,
  0xD5, 0x09, 0x06, 0xFE, 0x26, 0xDA, 0xD4, 0x03, 0xD0, 0xDE,
  0x3D, 0x08, 0x17, 0xFC, 0xBA, 0x18, 0xDD, 0xEE, 0xEF, 0x14,
  0xF5, 0xFA, 0xBB, 0x0B, 0x16, 0xE8, 0xE3, 0x0A, 0x0F, 0xFD,
  0x13, 0xB5, 0xDD, 0x0A, 0xFD, 0x0E, 0x23, 0xDC, 0xDD, 0xFA,
  0xB3, 0xCA, 0x21, 0xF3, 0x00, 0xF4, 0xC0, 0x04, 0xE6, 0xEE,
  0x03, 0x17, 0x1E, 0x28, 0xDD, 0x10, 0x25, 0xFD, 0xE4, 0x1F,
  0x0F, 0xED, 0x1D, 0xE0, 0xFE, 0x30, 0x2C, 0x1A, 0x25, 0xD6,
  0xFC, 0x06, 0xC2, 0xE5, 0x1E, 0xEE, 0xFC, 0xFA, 0xCF, 0x0E,
  0x13, 0x09, 0x0F, 0x0B, 0x12, 0x02, 0xE8, 0x1A, 0xFA, 0xF4,
  0xF4, 0x42, 0x47, 0xC1, 0x10, 0x0A, 0xF3, 0x25, 0x1E, 0x0F,
  0x14, 0xDD, 0x06, 0x0F, 0xDD, 0x12, 0xF8, 0xD8, 0xDF, 0x11,
  0xE8, 0xF4, 0x0A, 0x1F, 0x2D, 0x13, 0x1F, 0x2D, 0xF6, 0x0F,
  0xFB, 0x07, 0xEF, 0x5A, 0x7F, 0xD0, 0xE6, 0x22, 0xF2, 0x0E,
  0x0F, 0xFF, 0xF0, 0xF3, 0xF6, 0xFF, 0x16, 0x19, 0xFD, 0xD1,
  0xE9, 0x29, 0xF5, 0xDC, 0xF5, 0xE7, 0xB9, 0xD9, 0xE8, 0xEF,
  0xC2, 0x1F, 0xD0, 0x18, 0x2B, 0x09, 0x34, 0xBE, 0xDB, 0xD9,
  0xF7, 0xFE, 0xBD, 0x17, 0xE6, 0x2D, 0xD2, 0x0A, 0x10, 0x01,
  0xFE, 0xF1, 0xDE, 0x2C, 0xF3, 0x04, 0x0E, 0xF7, 0x14, 0xF8,
  0x0B, 0xF0, 0xE6, 0x2F, 0xB8, 0x41, 0x19, 0x04, 0x1D, 0x0E,
  0xED, 0xDD, 0x04, 0x15, 0xB6, 0x45, 0x32, 0x01, 0xDA, 0x1E,
  0x0D, 0x10, 0xFA, 0xF7, 0xEA, 0xEB, 0xDD, 0xF4, 0x42, 0xE5,
  0xED, 0xD5, 0x22, 0xE4, 0xF9, 0x1C, 0xDE, 0x0B, 0x0C, 0xF1,
  0x16, 0x28, 0xFD, 0xCC, 0xF0, 0xE0, 0x9C, 0x37, 0x12, 0xFD,
  0xCF, 0x08, 0x01, 0xE9, 0xE6, 0xEE, 0xEC, 0x0A, 0xF0, 0x12,
  0x18, 0x15, 0xAC, 0xE8, 0xFE, 0xE0, 0xEE, 0x22, 0x03, 0x08,
  0x1E, 0x0A, 0x3E, 0xC1, 0xE6, 0xF1, 0xEC, 0xE7, 0x81, 0x1F,
  0xF5, 0x0B, 0xC9, 0x04, 0x36, 0xEB, 0xCA, 0xFE, 0xF4, 0x45,
  0xF1, 0xFE, 0x13, 0xFE, 0xF0, 0xF7, 0x25, 0xEF, 0xD8, 0x33,
  0xDE, 0x24, 0xF8, 0xFE, 0x44, 0xD6, 0xF2, 0xED, 0xFF, 0x07,
  0x9B, 0x27, 0x08, 0x08, 0xE6, 0x14, 0x2C, 0xE2, 0x06, 0xD1,
  0xF6, 0x03, 0xED, 0x25, 0x00, 0xF6, 0x19, 0xEC, 0x14, 0xF2,
  0xEB, 0x06, 0xD4, 0x30, 0x3A, 0x14, 0x2A, 0xF0, 0x09, 0xC4,
  0xE2, 0xDF, 0x91, 0x29, 0x0E, 0xF0, 0xC1, 0x28, 0xFC, 0xE5,
  0xE7, 0x00, 0xF4, 0x0B, 0xD2, 0x10, 0x0B, 0xEF, 0xD6, 0x05,
  0xFE, 0x04, 0xCD, 0x15, 0xB6, 0x2F, 0xFB, 0x0F, 0x37, 0xF4,
  0x19, 0xDE, 0xF5, 0xF7, 0xA3, 0x24, 0x0A, 0x2C, 0xE7, 0xFA,
  0x23, 0xDA, 0xE3, 0xE8, 0x02, 0x16, 0xDB, 0xF1, 0x3A, 0xFE,
  0x3B, 0x23, 0xF0, 0x13, 0x23, 0x2F, 0x35, 0xD6, 0xE1, 0x17,
  0x12, 0xE2, 0x30, 0x16, 0xB2, 0xF5, 0xF6, 0x0F, 0xE5, 0xE5,
  0xF0, 0xDC, 0x2E, 0x02, 0x2E, 0xBF, 0xCF, 0x7F, 0x26, 0xFF,
  0xC4, 0x19, 0x4E, 0x03, 0x1B, 0x09, 0xFA, 0xE4, 0x00, 0xDD,
  0xEE, 0x4A, 0xD2, 0x0D, 0xFB, 0x32, 0x4E, 0x26, 0x2F, 0x25,
  0xD5, 0xE4, 0x0D, 0x32, 0xDA, 0xFC, 0x0D, 0xA8, 0x2F, 0x26,
  0xF5, 0x0E, 0xC5, 0xEC, 0xFC, 0x09, 0xE1, 0x32, 0xF0, 0xEC,
  0xC3, 0x09, 0xD3, 0x00, 0x33, 0x4C, 0x1F, 0x1D, 0x26, 0x00,
  0x0A, 0x3B, 0x03, 0xB3, 0x28, 0x1F, 0x28, 0x01, 0xE9, 0xED,
  0xFC, 0x03, 0xEF, 0x41, 0xEA, 0xC7, 0xD6, 0xEB, 0xE5, 0x1E,
  0x18, 0xEA, 0x90, 0x0D, 0xF0, 0x20, 0xFE, 0xFF, 0xE3, 0x1C,
  0xEE, 0xE0, 0x22, 0x00, 0xF8, 0xBF, 0x11, 0x48, 0xFD, 0xB6,
  0x33, 0xEA, 0x2B, 0xD6, 0x36, 0x29, 0x04, 0xD4, 0xA5, 0x02,
  0xF9, 0x0A, 0xEE, 0xE3, 0x0C, 0x48, 0x21, 0x0A, 0x03, 0x05,
  0xFD, 0x40, 0xDC, 0xE4, 0x1E, 0x0B, 0x30, 0x08, 0x3C, 0x10,
  0x38, 0xE8, 0x07, 0x14, 0xEF, 0xD5, 0x07, 0xCE, 0x2B, 0xE2,
  0xF2, 0x05, 0xF4, 0xDE, 0xDE, 0xDF, 0x38, 0x1E, 0xC0, 0x12,
  0x0D, 0xD0, 0xF7, 0x0D, 0xAC, 0xE0, 0xE7, 0xB7, 0x34, 0x2E,
  0xFD, 0xBD, 0x1A, 0x27, 0x35, 0xED, 0xD6, 0x17, 0x40, 0xDD,
  0xE3, 0x25, 0xE4, 0xF6, 0x1E, 0x21, 0xE2, 0xE1, 0x13, 0xB1,
  0x16, 0x02, 0xE7, 0xBF, 0x05, 0x37, 0x1F, 0x02, 0xF5, 0xE2,
  0xE4, 0x33, 0xF7, 0xDF, 0xF4, 0x26, 0x3F, 0xFB, 0x03, 0x0C,
  0x1A, 0xBB, 0x3B, 0x35, 0x17, 0x0F, 0x0F, 0xC5, 0xB4, 0x14,
  0x27, 0x04, 0xC7, 0x81, 0xDE, 0x37, 0xDD, 0xE6, 0x2B, 0x16,
  0x00, 0xE8, 0x24, 0x03, 0xE7, 0x05, 0xFC, 0x0F, 0xF2, 0xEE,
  0x10, 0x0A, 0xEF, 0x0D, 0x22, 0x4A, 0xFF, 0x3F, 0x54, 0xC8,
  0x02, 0x00, 0x53, 0xF5, 0xDA, 0x00, 0xC2, 0x1F, 0x1D, 0xF8,
  0x14, 0x2D, 0xA2, 0x0C, 0x16, 0x27, 0x17, 0x03, 0xFA, 0x27,
  0x09, 0xEC, 0x43, 0xBA, 0xF9, 0x29, 0x17, 0x2C, 0xBA, 0x1E,
  0x15, 0x1A, 0x25, 0xD6, 0x00, 0x0C, 0xF3, 0xEB, 0xC7, 0xC6,
  0xE7, 0x16, 0xEA, 0xFA, 0xDB, 0xD9, 0x03, 0xF7, 0xFD, 0x04,
  0xF2, 0xED, 0xCD, 0xEB, 0xEE, 0xF3, 0xD4, 0xEF, 0xD6, 0xFD,
  0x1E, 0x01, 0xCE, 0x20, 0x11, 0x25, 0xD0, 0x14, 0x32, 0x09,
  0x03, 0xCB, 0xBE, 0x45, 0x18, 0xEF, 0x14, 0x09, 0x04, 0xE7,
  0xD7, 0xF5, 0xEE, 0x14, 0x1C, 0x09, 0xD0, 0x0D, 0x1E, 0x14,
  0xF0, 0x02, 0xFE, 0x01, 0xE8, 0x20, 0x26, 0xF9, 0xE7, 0x07,
  0x3B, 0x2F, 0x25, 0xC5, 0xF7, 0x2B, 0xE4, 0xD7, 0x2C, 0x1D,
  0xF3, 0xCE, 0xD4, 0xE1, 0x13, 0xFD, 0x03, 0xFF, 0xBE, 0x07,
  0x1D, 0xD9, 0xD5, 0xF5, 0xEE, 0x22, 0x2A, 0xC1, 0xCF, 0xD9,
  0x17, 0x10, 0x33, 0xD4, 0x05, 0x06, 0xE7, 0x27, 0xF7, 0x2B,
  0x08, 0xE8, 0x22, 0x0D, 0xD9, 0x1B, 0x01, 0x08, 0xF5, 0xDE,
  0xE0, 0x37, 0x00, 0xFD, 0x29, 0x0F, 0x09, 0x49, 0x27, 0xCB,
  0xDD, 0x18, 0x08, 0x16, 0xE0, 0xD5, 0xFC, 0x15, 0x2D, 0xDB,
  0x03, 0x24, 0xD3, 0xE9, 0xE0, 0x36, 0x28, 0x46, 0x10, 0x23,
  0xF9, 0xF3, 0x1E, 0xB9, 0x2A, 0x37, 0x21, 0x14, 0xD1, 0x5C,
  0xCE, 0xE1, 0x20, 0x9F, 0xBB, 0x0A, 0xF9, 0x77, 0x47, 0x1C,
  0x1A, 0xFF, 0x4A, 0x98, 0x35, 0xF9, 0xF4, 0x2A, 0x40, 0xFB,
  0xBA, 0x31, 0xA9, 0x3E, 0x21, 0xF9, 0x0A, 0x59, 0xBE, 0xD0,
  0xD9, 0x16, 0xF4, 0xDC, 0x05, 0xBF, 0xFA, 0x36, 0xD0, 0x1C,
  0x32, 0x27, 0x10, 0x15, 0x06, 0xD6, 0x34, 0xD1, 0xEF, 0x05,
  0x2D, 0x15, 0xCB, 0x05, 0xF5, 0x1F, 0x0C, 0x27, 0xF3, 0x3B,
  0xED, 0xFA, 0xF1, 0x20, 0x02, 0xEC, 0xF7, 0xE6, 0x1C, 0xEC,
  0xE0, 0x0D, 0x02, 0x42, 0x12, 0x16, 0x0A, 0x0A, 0x04, 0xEE,
  0xD9, 0x3B, 0x44, 0x09, 0xEC, 0x16, 0x1C, 0x13, 0xFE, 0x21,
  0xDE, 0xFB, 0x0C, 0x12, 0x0B, 0x51, 0x10, 0xD0, 0xFE, 0x0E,
  0xE3, 0xEB, 0xD6, 0x03, 0xD2, 0x2C, 0x2C, 0xE8, 0x0B, 0x29,
  0xEB, 0x05, 0xD8, 0x1B, 0x0E, 0xED, 0xE9, 0x35, 0xF4, 0xDC,
  0x16, 0xEC, 0x05, 0xED, 0xE3, 0xF5, 0x30, 0x15, 0xFB, 0x1D,
  0x13, 0x27, 0xE0, 0x19, 0xEE, 0xDA, 0xC8, 0x0E, 0x08, 0xFA,
  0xDE, 0x03, 0xE7, 0xFC, 0xD6, 0x0D, 0xE8, 0xF2, 0x17, 0xEF,
  0xD7, 0xB4, 0x0C, 0xF9, 0x0A, 0xFB, 0x06, 0xE6, 0x32, 0xE4,
  0xF9, 0x3D, 0x1E, 0x32, 0xD0, 0x06, 0xE4, 0xBC, 0xEE, 0xC0,
  0xCB, 0x36, 0xAF, 0x52, 0xEE, 0x08, 0xFC, 0xF3, 0xCF, 0xF4,
  0x3F, 0xD9, 0x30, 0xBA, 0xCB, 0x05, 0xF6, 0xAE, 0x1D, 0xE7,
  0xF4, 0x2A, 0x2F, 0x51, 0xFE, 0x20, 0x01, 0xC0, 0x1A, 0xE8,
  0xDE, 0xC8, 0xFD, 0x0F, 0xD4, 0x50, 0xE1, 0xF7, 0x2D, 0xEE,
  0xF2, 0x0B, 0x49, 0xEB, 0x0B, 0x81, 0xD5, 0xF6, 0x0A, 0x9E,
  0x51, 0xE5, 0x08, 0x1E, 0xD2, 0x26, 0x3B, 0xD5, 0xF3, 0x01,
  0xE0, 0x18, 0xF6, 0xE0, 0xEB, 0x11, 0xD2, 0x08, 0x19, 0xD8,
  0x2C, 0xFF, 0x12, 0x01, 0x04, 0xFB, 0xE2, 0xE1, 0xDD, 0x12,
  0x15, 0x20, 0xCB, 0xF2, 0x0E, 0x1B, 0xA4, 0x23, 0x2A, 0xC9,
  0xB7, 0xD7, 0xD1, 0x35, 0xF8, 0xBD, 0x25, 0x2E, 0xC3, 0xE6,
  0x08, 0xDF, 0x17, 0xDC, 0x02, 0xF9, 0x06, 0xD6, 0xDF, 0xE3,
  0xB1, 0xFB, 0xFE, 0xE7, 0xC3, 0xDF, 0x0D, 0x09, 0xCD, 0x4A,
  0x30, 0xC1, 0xC0, 0xD9, 0xC8, 0x28, 0x26, 0xBB, 0x27, 0x22,
  0xD8, 0xF5, 0x51, 0xD6, 0x18, 0xEF, 0x02, 0xED, 0xF7, 0xFF,
  0xFF, 0x0E, 0x9F, 0x33, 0xFD, 0x14, 0xC8, 0x01, 0x1A, 0xE7,
  0xD7, 0x1D, 0xF5, 0xC5, 0xCE, 0xD2, 0xEB, 0x3D, 0x05, 0x29,
  0x0F, 0x0D, 0x13, 0xD6, 0x30, 0xCD, 0xE3, 0xD1, 0xDD, 0xF1,
  0xBC, 0x14, 0x0A, 0xFF, 0xBE, 0x27, 0xD4, 0xEA, 0xD2, 0xF8,
  0x2B, 0xCE, 0xE7, 0xE9, 0xFD, 0x01, 0xEF, 0x1F, 0x03, 0x12,
  0x09, 0x58, 0x08, 0x0F, 0x26, 0xEB, 0xFA, 0xD4, 0x06, 0xDA,
  0xE0, 0xDC, 0xD6, 0x26, 0x0B, 0xFE, 0x13, 0x14, 0xCE, 0x15,
  0x00, 0x2E, 0x1D, 0x09, 0xF4, 0xFB, 0xE7, 0x35, 0x2B, 0x10,
  0x03, 0x20, 0xF3, 0x33, 0x02, 0x0B, 0x1D, 0xE6, 0xDA, 0xE2,
  0x10, 0x0B, 0xFB, 0xD4, 0xE6, 0x2B, 0x34, 0x0E, 0x0B, 0x0E,
  0xF8, 0x28, 0xF9, 0x42, 0xE9, 0x57, 0x34, 0xFD, 0x36, 0x3C,
  0x39, 0x0B, 0x2A, 0x0F, 0xDB, 0x37, 0x21, 0x4E, 0x7F, 0x09,
  0xD3, 0x15, 0x22, 0x32, 0x32, 0xF1, 0x13, 0x32, 0x11, 0x4D,
  0x31, 0x07, 0x07, 0x05, 0x26, 0x5E, 0xFD, 0x14, 0x32, 0x08,
  0xEF, 0xEB, 0x04, 0xF5, 0x01, 0x4D, 0xF4, 0x37, 0xD7, 0x49,
  0xFE, 0xC9, 0x2B, 0x81, 0x15, 0x00, 0x38, 0x08, 0x60, 0xA0,
  0xDD, 0x13, 0xDE, 0x01, 0xFE, 0x5B, 0x04, 0x41, 0x00, 0xE6,
  0xE7, 0x39, 0x2B, 0xA5, 0x11, 0x25, 0x4C, 0x47, 0x65, 0x02,
  0xFC, 0x08, 0xD5, 0xB9, 0x2C, 0xBA, 0x11, 0xF4, 0x23, 0x1A,
  0xF9, 0xA5, 0xAD, 0xD2, 0xB5, 0x24, 0xC9, 0x00, 0xD1, 0xFD,
  0x0A, 0x1A, 0xF9, 0x1F, 0x52, 0x9E, 0x08, 0x14, 0x3E, 0x39,
  0x2C, 0x0D, 0x46, 0xB7, 0xBC, 0x03, 0x1A, 0xFB, 0x11, 0xF3,
  0xCF, 0x1C, 0xD9, 0xD5, 0xB8, 0xD7, 0x0C, 0x1E, 0xC9, 0xD7,
  0xF1, 0xD9, 0x3B, 0xCB, 0xB4, 0xF3, 0x1A, 0xD0, 0xAD, 0xE0,
  0xD3, 0x03, 0x0C, 0xEA, 0x1C, 0xD8, 0xB8, 0xBE, 0xFE, 0xD8,
  0xE6, 0xB4, 0xD4, 0xF0, 0xB0, 0xCC, 0xB4, 0xD8, 0x08, 0x28,
  0xB7, 0xC7, 0x04, 0xC9, 0x22, 0xE1, 0xAC, 0x1E, 0xFF, 0x2F,
  0xEB, 0x01, 0xC4, 0x37, 0x16, 0x0F, 0x21, 0xE2, 0x25, 0xE6,
  0xF3, 0xF7, 0x1A, 0xFD, 0xF3, 0xD3, 0xE7, 0x1D, 0xEE, 0xEA,
  0xD0, 0x3C, 0xD0, 0xCE, 0xC1, 0xFD, 0x37, 0xF0, 0xF0, 0xD8,
  0xF1, 0x45, 0xDC, 0x08, 0x1B, 0x11, 0xEF, 0xFA, 0x1D, 0x3F,
  0x55, 0xB8, 0xDE, 0xE5, 0x23, 0xE6, 0xFE, 0xD2, 0xD5, 0xFB,
  0x07, 0x09, 0xC9, 0x11, 0x12, 0xFE, 0xD5, 0x11, 0xDA, 0xD3,
  0x22, 0xE9, 0xDC, 0xFF, 0x29, 0x2B, 0x5F, 0x0B, 0xC9, 0x22,
  0x11, 0x56, 0x11, 0x98, 0xDC, 0x9E, 0x48, 0x34, 0x2B, 0xE3,
  0x2D, 0xC6, 0xC9, 0x2E, 0xF1, 0x16, 0x03, 0x1E, 0xEA, 0x4B,
  0xE6, 0x01, 0xFD, 0xFC, 0x0A, 0xD7, 0xF5, 0xEB, 0xEA, 0x27,
  0xEF, 0xC0, 0xEB, 0x38, 0x0B, 0x03, 0xF1, 0xF0, 0xB1, 0x7F,
  0x0D, 0xB9, 0x27, 0x0B, 0xA7, 0xEF, 0xFC, 0x0B, 0x03, 0xCF,
  0xF8, 0x37, 0x19, 0x25, 0xE9, 0x2A, 0x2B, 0xD1, 0x14, 0x01,
  0xD8, 0xE2, 0x27, 0x15, 0x07, 0xEB, 0x01, 0x35, 0xED, 0x0F,
  0x01, 0xF6, 0xD1, 0xA8, 0xE2, 0xFB, 0xBC, 0x21, 0xD0, 0x24,
  0x04, 0x33, 0x0B, 0x16, 0x1B, 0x11, 0xFE, 0x06, 0x03, 0x1C,
  0x19, 0xF6, 0xD1, 0x18, 0x23, 0x46, 0x07, 0xFF, 0xF8, 0x11,
  0x09, 0xEB, 0x28, 0xD6, 0x01, 0xF8, 0xC1, 0x26, 0xF0, 0x22,
  0x14, 0xF6, 0xF3, 0x22, 0xF9, 0xFD, 0x34, 0x05, 0x20, 0x09,
  0x07, 0x17, 0xD2, 0x1A, 0xDC, 0x0C, 0xF2, 0x43, 0x23, 0x05,
  0x12, 0x2D, 0x13, 0xF7, 0x12, 0xDE, 0x42, 0x21, 0xD1, 0xF5,
  0xFE, 0xDF, 0xE3, 0xE6, 0xBE, 0x08, 0x07, 0x39, 0x18, 0x1C,
  0x0F, 0x14, 0x0C, 0x26, 0xD9, 0x13, 0x12, 0xE3, 0xC1, 0xFF,
  0xDF, 0x19, 0xF7, 0x08, 0x11, 0xEA, 0xCE, 0xE5, 0x2A, 0x01,
  0xE7, 0x1D, 0xD6, 0x43, 0x0E, 0x0D, 0xE3, 0x27, 0x1E, 0x08,
  0xEA, 0x1C, 0xF9, 0xE9, 0x06, 0xE6, 0x05, 0x17, 0xF2, 0xFA,
  0xDE, 0xB7, 0xF3, 0x37, 0x0D, 0xF8, 0xF9, 0xCB, 0x84, 0x4F,
  0x13, 0xEF, 0x2D, 0x28, 0xC2, 0xDD, 0x0D, 0x34, 0xF1, 0xCF,
  0x0E, 0xF9, 0xFC, 0x06, 0xFC, 0x21, 0x3E, 0xFA, 0xFF, 0xF5,
  0xCD, 0xE8, 0x12, 0x0C, 0x33, 0xF6, 0x25, 0x10, 0x03, 0xFE,
  0xE1, 0x21, 0xD0, 0xCE, 0xF5, 0x1C, 0xC5, 0x1B, 0xFA, 0x55,
  0x20, 0x0C, 0x2A, 0x33, 0xE8, 0x00, 0x20, 0x20, 0x48, 0xEA,
  0xF7, 0xDB, 0xD5, 0x2D, 0x23, 0xD3, 0x19, 0x12, 0x17, 0x09,
  0xFE, 0xCB, 0xE4, 0x3B, 0x24, 0xDE, 0xF3, 0x30, 0xC0, 0xF4,
  0xEA, 0x15, 0xE5, 0xE2, 0x28, 0xFC, 0x09, 0x0C, 0x2E, 0x1A,
  0x26, 0xC8, 0x0E, 0xFB, 0xE6, 0x48, 0x1D, 0xF5, 0x0E, 0x25,
  0xF9, 0xFB, 0x01, 0xE0, 0xEA, 0x1E, 0x01, 0xDB, 0xEF, 0x38,
  0x81, 0xED, 0x21, 0x0C, 0x10, 0xEA, 0x1C, 0x10, 0x1B, 0xF5,
  0x1B, 0xF9, 0x32, 0xC3, 0xE8, 0x04, 0xEF, 0x21, 0xF1, 0x14,
  0x08, 0x1D, 0x0A, 0xF9, 0x26, 0xEC, 0xFE, 0x02, 0xF4, 0xDB,
  0x18, 0x1D, 0xB2, 0x0B, 0xF0, 0xF5, 0xF7, 0xF4, 0x14, 0x09,
  0x43, 0xDA, 0x19, 0x0D, 0x1E, 0xDC, 0xFC, 0x0C, 0xFC, 0xF5,
  0x03, 0x27, 0xC2, 0x05, 0x23, 0xFC, 0xED, 0xD8, 0x02, 0x04,
  0xFC, 0x01, 0x18, 0x45, 0xEF, 0x26, 0x1B, 0x03, 0x09, 0x28,
  0x05, 0x17, 0x3D, 0xBA, 0xFD, 0xDB, 0xF0, 0xEA, 0x0A, 0xFE,
  0xEF, 0xEA, 0xCF, 0x11, 0xF0, 0xF7, 0x1C, 0xD9, 0xE6, 0xAD,
  0x13, 0x0C, 0xE7, 0x05, 0x0E, 0x23, 0x06, 0xF8, 0x04, 0xCE,
  0x16, 0xF5, 0xF4, 0xFD, 0x08, 0xFD, 0xE3, 0xE0, 0xE6, 0xC7,
  0x0C, 0xE6, 0x04, 0xF3, 0xC8, 0x21, 0x1B, 0xE9, 0xFC, 0xB0,
  0x00, 0xB9, 0x2C, 0xE2, 0xB8, 0x13, 0xF6, 0xEF, 0xFF, 0x06,
  0xF3, 0xDE, 0x00, 0xFC, 0x0B, 0x03, 0xED, 0x1D, 0xE4, 0x1F,
  0xF8, 0xDF, 0x21, 0xDC, 0x1D, 0xFE, 0xEA, 0x04, 0x2F, 0x07,
  0x34, 0x00, 0x2C, 0xD5, 0x57, 0xB0, 0xED, 0x10, 0x03, 0x06,
  0x2B, 0x2A, 0xEA, 0x03, 0xFF, 0x2D, 0x04, 0x11, 0xA4, 0xE2,
  0xCD, 0xDE, 0xAA, 0xF6, 0xDE, 0x54, 0x39, 0x15, 0x32, 0xE8,
  0xA7, 0x26, 0x04, 0xED, 0xB2, 0xEF, 0xF3, 0x1B, 0x1C, 0xAE,
  0xD2, 0xD7, 0xB2, 0xE9, 0xF8, 0x5F, 0xD8, 0x01, 0xFD, 0xD3,
  0x21, 0x14, 0xE6, 0x08, 0xE6, 0x25, 0x07, 0x18, 0x11, 0x32,
  0x2C, 0x61, 0x0F, 0xEE, 0x1E, 0x35, 0xF8, 0xF6, 0x4C, 0x04,
  0xFB, 0x1B, 0xE1, 0x13, 0xC3, 0xF1, 0xD5, 0x0C, 0xB9, 0x95,
  0xFA, 0xFE, 0xF0, 0xEC, 0x31, 0xBD, 0xD6, 0x1E, 0xC1, 0x65,
  0x09, 0xC0, 0x1B, 0x42, 0xE5, 0xD6, 0xDD, 0xF3, 0xE6, 0x3B,
  0x0C, 0xD7, 0xBC, 0xE9, 0xE4, 0xD4, 0x87, 0xAD, 0x1D, 0x33,
  0x24, 0xCF, 0x39, 0xFC, 0xCC, 0xFD, 0x11, 0x03, 0xCC, 0x07,
  0xED, 0x01, 0xCE, 0x0D, 0x22, 0x47, 0x0A, 0x1C, 0x4A, 0xB1,
  0xDF, 0xC9, 0x7F, 0x2B, 0x10, 0x17, 0x71, 0xDA, 0xAD, 0xDA,
  0x1E, 0x1B, 0xC9, 0xDB, 0x25, 0xF2, 0xFD, 0xD1, 0x06, 0xC2,
  0xCB, 0x1F, 0x25, 0x36, 0x32, 0xE9, 0x28, 0xD6, 0xCD, 0xEA,
  0x12, 0x0F, 0xF4, 0xE5, 0x04, 0x00, 0x07, 0xF7, 0xFD, 0x1A,
  0xC8, 0x29, 0xDE, 0x50, 0xF0, 0xE6, 0xFE, 0xEE, 0x06, 0x1D,
  0x39, 0x08, 0xBE, 0xFF, 0x27, 0x1B, 0x2C, 0x1D, 0x21, 0x22,
  0x16, 0xFF, 0x05, 0xC6, 0xE3, 0xBE, 0x6B, 0x14, 0xCF, 0x36,
  0x1A, 0xB9, 0xA7, 0xD5, 0x0F, 0xE5, 0xDF, 0xD9, 0x12, 0x2D,
  0xDA, 0x28, 0xDE, 0x09, 0x81, 0xEE, 0xD8, 0x51, 0x3E, 0x1F,
  0x27, 0xFB, 0xE8, 0xEC, 0xC9, 0xEA, 0xFB, 0x06, 0xC5, 0x04,
  0x1A, 0xD1, 0x05, 0x21, 0xA5, 0xC3, 0x06, 0x20, 0xE8, 0x0A,
  0x46, 0xE0, 0x15, 0x11, 0xC7, 0xFE, 0xFE, 0xD8, 0xEC, 0x06,
  0x59, 0x11, 0x1D, 0x2E, 0xF7, 0x01, 0xDD, 0x02, 0x08, 0xE9,
  0xFA, 0x33, 0xEB, 0xC8, 0xA4, 0x0A, 0xEB, 0xB9, 0xEA, 0x17,
  0xE7, 0xD0, 0x17, 0xFC, 0xCB, 0x05, 0xFF, 0xDD, 0x25, 0xFA,
  0x1F, 0x10, 0x36, 0x07, 0xEB, 0x0B, 0x0A, 0x38, 0xE7, 0x06,
  0x13, 0xD1, 0x0C, 0x16, 0xEF, 0xF8, 0xAF, 0xF2, 0xF3, 0xCF,
  0x02, 0xFD, 0x2B, 0xDA, 0xEC, 0x11, 0xE4, 0x28, 0x49, 0xF1,
  0xF4, 0xED, 0x3D, 0xF3, 0x54, 0xF4, 0xD4, 0x14, 0xEE, 0x32,
  0xC8, 0xE9, 0x00, 0xF3, 0x29, 0x01, 0x46, 0xD2, 0xF6, 0xD5,
  0xD8, 0xBF, 0x0C, 0x04, 0x00, 0xC9, 0xD9, 0x21, 0x2D, 0x39,
  0xCE, 0xFD, 0x08, 0xEC, 0x21, 0xCD, 0x53, 0x18, 0xE0, 0x03,
  0x08, 0x4F, 0xE8, 0xE0, 0xFE, 0xCD, 0x1D, 0xF9, 0x34, 0xEC,
  0x16, 0xF0, 0xAB, 0xBA, 0xE6, 0xD4, 0x0E, 0xB1, 0x02, 0x18,
  0xFD, 0x4C, 0xDA, 0x07, 0x02, 0xF1, 0x4C, 0x33, 0x7F, 0xC4,
  0x16, 0xD9, 0x0E, 0x39, 0xDA, 0xAA, 0x0C, 0x88, 0xFC, 0x23,
  0x08, 0x34, 0x1C, 0xD9, 0xC9, 0x99, 0x20, 0x01, 0x21, 0xCB,
  0xF1, 0x2C, 0x00, 0x1A, 0x21, 0xF5, 0xD3, 0xEF, 0x5F, 0x0C,
  0x6C, 0x19, 0x0C, 0xEE, 0x25, 0x5B, 0xB7, 0xC7, 0x24, 0xE9,
  0x05, 0xF9, 0x28, 0xF3, 0x28, 0xC5, 0xDC, 0xCC, 0xE1, 0x1F,
  0xEE, 0xA5, 0xFF, 0x06, 0x03, 0x4A, 0x10, 0xEB, 0xE4, 0xE2,
  0x2F, 0x09, 0x4A, 0x2D, 0x22, 0xEE, 0x23, 0x38, 0x0F, 0xD5,
  0x20, 0xC6, 0xF7, 0x0F, 0x1D, 0x1E, 0x02, 0x17, 0xB9, 0xC7,
  0xEC, 0xDC, 0xD8, 0xC5, 0xEB, 0x23, 0x35, 0xD7, 0x05, 0x90,
  0xE7, 0xDC, 0x20, 0xE8, 0xDF, 0x18, 0x5E, 0x3E, 0x12, 0x07,
  0xE3, 0xF9, 0x37, 0xC0, 0x31, 0x11, 0xE8, 0xCA, 0xC6, 0x14,
  0x1D, 0x2E, 0xE6, 0x16, 0xE2, 0xF1, 0x42, 0x39, 0xF7, 0xBF,
  0x1A, 0x96, 0xC7, 0xE4, 0x24, 0xE7, 0x10, 0x25, 0xF6, 0x1B,
  0x2B, 0x1B, 0xF3, 0xE9, 0xDD, 0xB0, 0xFD, 0x32, 0xF2, 0xB2,
  0xEB, 0x43, 0x23, 0x07, 0x3D, 0x0D, 0x1E, 0xF9, 0x38, 0x36,
  0xAC, 0xE7, 0xCD, 0x23, 0x27, 0xBB, 0x18, 0xED, 0x21, 0x2B,
  0xF8, 0xC6, 0x20, 0x33, 0x0A, 0x15, 0x11, 0x20, 0x01, 0xDA,
  0xDD, 0xFA, 0xFE, 0x07, 0xF5, 0xD3, 0x38, 0xDC, 0x09, 0xFA,
  0xEF, 0x04, 0x20, 0x32, 0x07, 0x2F, 0x0E, 0xE0, 0x24, 0xE2,
  0xD2, 0xEF, 0xFF, 0x1C, 0xF3, 0x18, 0x0F, 0x42, 0x22, 0x10,
  0xE3, 0xF3, 0xF7, 0x3F, 0xF5, 0x0A, 0xF2, 0xE7, 0x22, 0x32,
  0x40, 0x1A, 0xF6, 0x01, 0x1F, 0x7F, 0x0C, 0xF1, 0x0C, 0xEE,
  0x10, 0xFF, 0xC9, 0xE2, 0x0B, 0x21, 0xF9, 0x2A, 0x07, 0x33,
  0xEF, 0x21, 0xFA, 0x3E, 0x13, 0x4C, 0x14, 0xFC, 0xEB, 0xF1,
  0x3D, 0x05, 0x35, 0xE8, 0x16, 0x25, 0x0C, 0x29, 0xE9, 0x1A,
  0x19, 0x22, 0xF4, 0x20, 0xBE, 0xEA, 0x0D, 0x01, 0x17, 0x2B,
  0x12, 0x33, 0xE4, 0x1C, 0xCD, 0x0E, 0x40, 0x42, 0x23, 0x36,
  0x01, 0x1A, 0x12, 0x10, 0x26, 0xDA, 0xE2, 0xEB, 0x15, 0xF2,
  0xDE, 0x04, 0xAB, 0xBA, 0xE4, 0x0D, 0xC0, 0xE4, 0xE0, 0xDD,
  0xFB, 0x07, 0xA7, 0xE6, 0x0A, 0xC7, 0xD7, 0xDD, 0x1B, 0x38,
  0x0D, 0xF9, 0x20, 0x04, 0x04, 0xF4, 0x0E, 0x8F, 0xE7, 0xB4,
  0x1A, 0x1B, 0xF1, 0x06, 0x03, 0x3A, 0xF5, 0x12, 0x10, 0xED,
  0xF0, 0x4F, 0x32, 0xE5, 0xF1, 0xA3, 0xF4, 0xDF, 0x36, 0xDC,
  0x2B, 0x01, 0xD6, 0xD7, 0x42, 0x1F, 0x02, 0x0B, 0xB5, 0x3B,
  0xC5, 0x81, 0x28, 0xEE, 0x33, 0x0A, 0xFB, 0x14, 0xC3, 0xEA,
  0x25, 0x0B, 0xE9, 0xF0, 0xDF, 0x1E, 0x1E, 0xEE, 0x0E, 0xD6,
  0x03, 0xF7, 0x4F, 0x12, 0xBA, 0xBB, 0x2C, 0x1F, 0x07, 0x0F,
  0xAC, 0x1F, 0xEE, 0xE8, 0xEF, 0xFB, 0x29, 0x05, 0x27, 0x07,
  0xDD, 0xEA, 0x02, 0x0B, 0x23, 0xD5, 0xF0, 0x23, 0x10, 0x07,
  0xF2, 0x28, 0xF0, 0x26, 0x00, 0xF3, 0x14, 0x05, 0xE2, 0x10,
  0x23, 0xF2, 0xEB, 0xE9, 0x18, 0xF7, 0xC1, 0x1F, 0x1E, 0xF0,
  0xDE, 0xD9, 0xF6, 0xDC, 0x0A, 0xF6, 0x25, 0xD5, 0x06, 0xF5,
  0xE7, 0x0A, 0x04, 0xFF, 0xCA, 0x08, 0xE5, 0xCC, 0x1D, 0xE7,
  0xE8, 0xE4, 0x01, 0x37, 0x09, 0xC4, 0x13, 0x2C, 0xF9, 0x1F,
  0x08, 0xFB, 0x11, 0x2B, 0xFA, 0x0A, 0xF5, 0xF6, 0x1F, 0xE8,
  0x16, 0x01, 0x27, 0x21, 0x03, 0x11, 0x11, 0xF7, 0xD3, 0xFD,
  0x03, 0xFE, 0x19, 0x01, 0xF4, 0x2D, 0x0B, 0x0F, 0x11, 0x20,
  0x0D, 0xEC, 0xEE, 0xED, 0x01, 0x36, 0x1D, 0x0B, 0x23, 0x43,
  0x12, 0x30, 0x30, 0xE1, 0xFA, 0xE0, 0x10, 0xEE, 0x69, 0xD9,
  0xD0, 0xD3, 0xC7, 0xFC, 0xFA, 0xD6, 0xAE, 0xE7, 0xAF, 0x44,
  0xDA, 0xD9, 0x1E, 0xFE, 0x1E, 0x24, 0xFD, 0x08, 0xCB, 0x32,
  0x3E, 0x2D, 0x21, 0xF7, 0xFC, 0x02, 0x18, 0xEE, 0x23, 0xE4,
  0xDF, 0xBC, 0x16, 0xF5, 0xBC, 0xCD, 0x1A, 0x1B, 0x07, 0xFE,
  0xA9, 0x59, 0xD3, 0xCD, 0x0B, 0x22, 0xEE, 0x21, 0xDC, 0x09,
  0x18, 0xE5, 0xC7, 0xDE, 0x2A, 0x29, 0xF4, 0xE3, 0x0E, 0x01,
  0x08, 0xB7, 0x30, 0xEE, 0x34, 0x01, 0xA3, 0xEA, 0x18, 0x02,
  0xE8, 0x4D, 0xCC, 0x0C, 0xD7, 0x0E, 0xFB, 0x19, 0x2A, 0x28,
  0x22, 0xF8, 0x37, 0x0E, 0xCB, 0x17, 0xEB, 0x1C, 0x4A, 0xC0,
  0x17, 0x19, 0x16, 0xB6, 0x0F, 0x18, 0x16, 0x04, 0xDF, 0x22,
  0xEA, 0xFE, 0x20, 0x35, 0xDF, 0xFC, 0x1E, 0x3A, 0xF4, 0x39,
  0x1A, 0x09, 0x10, 0xF4, 0x2B, 0x1A, 0xFE, 0x2D, 0xF7, 0xEA,
  0x4D, 0xEF, 0x06, 0x23, 0x1D, 0xE4, 0x02, 0x3E, 0x02, 0xFA,
  0xF1, 0x0B, 0x8D, 0xD0, 0x29, 0x0A, 0xD6, 0xE5, 0x44, 0x32,
  0x11, 0x00, 0x07, 0xF3, 0xC5, 0xF1, 0x06, 0x28, 0xFF, 0x24,
  0xFC, 0x1D, 0xF8, 0x0D, 0xE3, 0x06, 0x18, 0x1A, 0xB9, 0x18,
  0xE1, 0xDC, 0xE9, 0x43, 0xA6, 0xD0, 0x28, 0xE0, 0xDD, 0xFA,
  0x25, 0x2E, 0xEE, 0xDD, 0x2B, 0xA4, 0x10, 0x01, 0xE9, 0x14,
  0x05, 0xF9, 0xEE, 0xDE, 0xE1, 0x03, 0xEC, 0xE1, 0xE2, 0x0D,
  0x88, 0x19, 0xCC, 0xF2, 0x27, 0x4A, 0xFF, 0xD5, 0x21, 0xC8,
  0xFB, 0xC5, 0xE4, 0xE2, 0xCA, 0xEA, 0x0F, 0xA5, 0x06, 0xD9,
  0xEE, 0x15, 0xDD, 0xBD, 0xD9, 0xDD, 0xE5, 0x06, 0x08, 0x29,
  0xBF, 0x2C, 0xE6, 0x17, 0xEA, 0x06, 0x22, 0xF3, 0xBE, 0x05,
  0x05, 0xA8, 0xF9, 0x8A, 0xE4, 0xCA, 0xDB, 0x1C, 0xF6, 0xDA,
  0x2C, 0xF6, 0xFA, 0x20, 0xEF, 0xBA, 0x81, 0x05, 0xD2, 0x15,
  0x2E, 0x48, 0xEE, 0x32, 0x23, 0x2F, 0x04, 0x1D, 0x27, 0x40,
  0xCF, 0x36, 0x0D, 0xAD, 0x67, 0xE6, 0x6D, 0x3D, 0xE7, 0x33,
  0xED, 0x18, 0x25, 0x9D, 0xE4, 0x4E, 0x0E, 0x4E, 0x31, 0x9F,
  0xF1, 0x56, 0x10, 0xC0, 0x08, 0x00, 0xB6, 0x38, 0x3E, 0x03,
  0xF3, 0x0D, 0xC3, 0x3F, 0xDE, 0xFA, 0x30, 0x52, 0xBE, 0xD4,
  0xC1, 0x1F, 0xF0, 0xC6, 0xE3, 0x81, 0x03, 0x34, 0xE5, 0xFA,
  0x11, 0xFB, 0xED, 0x52, 0x0E, 0xC9, 0x04, 0xDB, 0xCE, 0x30,
  0x2F, 0x1D, 0xD0, 0x3C, 0x9A, 0x39, 0x37, 0xE4, 0xF2, 0x09,
  0xFE, 0xD4, 0xDB, 0x25, 0xF0, 0xE2, 0x19, 0xFC, 0x02, 0x03,
  0xD8, 0x09, 0xE7, 0x2D, 0x32, 0x1F, 0x17, 0xF2, 0xF9, 0xFD,
  0xD9, 0x48, 0x41, 0x1E, 0xDA, 0x18, 0x07, 0x1A, 0x34, 0x04,
  0xF2, 0x01, 0x00, 0x12, 0xB4, 0x10, 0xEA, 0xFC, 0x20, 0x0C,
  0xEB, 0xCA, 0x24, 0x16, 0xED, 0xF0, 0xE3, 0x1E, 0x12, 0xCC,
  0x0B, 0xFC, 0xBC, 0x07, 0x0F, 0xFC, 0xE9, 0x22, 0x19, 0xF5,
  0xD3, 0x30, 0x21, 0x03, 0xC2, 0xED, 0x42, 0x1B, 0xE9, 0x1A,
  0x17, 0x08, 0xB7, 0x02, 0xFB, 0xF0, 0xC4, 0x01, 0xDF, 0x20,
  0x2A, 0x08, 0x0C, 0x09, 0xB5, 0xE1, 0xDF, 0x16, 0xD3, 0xFA,
  0x04, 0xC2, 0xEB, 0xF8, 0xEC, 0xE5, 0xC8, 0xFC, 0x13, 0x0F,
  0xF5, 0xFF, 0x34, 0x39, 0xF4, 0xDB, 0xEB, 0xAD, 0xED, 0xF5,
  0x0C, 0xF5, 0xF2, 0xFB, 0xC9, 0x01, 0xF4, 0xC5, 0xEE, 0xFE,
  0x29, 0xFA, 0x21, 0xB9, 0x39, 0x0F, 0x01, 0xDA, 0x00, 0x1A,
  0x1C, 0x46, 0x0C, 0x57, 0x1C, 0x74, 0x2F, 0xAF, 0x2F, 0xFA,
  0x0B, 0xE1, 0x45, 0x21, 0xBD, 0x1A, 0xDA, 0x15, 0x28, 0xD7,
  0xF6, 0x22, 0x0C, 0xD0, 0x4F, 0x85, 0xD1, 0x50, 0x28, 0xA8,
  0x05, 0xD1, 0x18, 0xCE, 0x05, 0x1A, 0xD4, 0x17, 0x13, 0xDC,
  0xDB, 0x28, 0xEE, 0x09, 0x34, 0x18, 0x16, 0x21, 0x0D, 0xF6,
  0x20, 0x0B, 0x1B, 0xF4, 0x2C, 0xC4, 0xF5, 0xD2, 0xF2, 0x01,
  0x21, 0x3B, 0xFB, 0x06, 0xFF, 0xD3, 0xFA, 0x1B, 0xF9, 0xB2,
  0xFE, 0x1D, 0x0E, 0x08, 0x01, 0x20, 0xFF, 0xC7, 0x08, 0xED,
  0xE6, 0x26, 0x11, 0xFF, 0xF4, 0x31, 0xF5, 0xD3, 0x2A, 0x22,
  0x50, 0xFE, 0xD4, 0x7F, 0xF4, 0x1C, 0xBB, 0xCC, 0xE1, 0x00,
  0xE6, 0xD2, 0xD0, 0x2B, 0x2C, 0xFA, 0xFE, 0x11, 0xF2, 0x99,
  0x18, 0xFD, 0xE7, 0x39, 0xF6, 0x06, 0xE3, 0x3B, 0xDD, 0xE4,
  0x09, 0x51, 0x28, 0xF6, 0xC4, 0x1E, 0xF3, 0xF8, 0xFB, 0xC2,
  0x08, 0xEA, 0x11, 0xF1, 0xE6, 0x01, 0xF1, 0x1B, 0x11, 0xF6,
  0x03, 0xAA, 0xE5, 0xF1, 0x23, 0x1A, 0x22, 0xDE, 0xFA, 0xFF,
  0xDF, 0xDD, 0x14, 0x1F, 0xD6, 0xF0, 0xC7, 0x1F, 0xE6, 0x00,
  0xEB, 0x0D, 0x01, 0x21, 0x09, 0x2E, 0x1E, 0xF9, 0x08, 0xFA,
  0xE5, 0xE7, 0xF3, 0xEB, 0x09, 0x22, 0x14, 0xF2, 0x15, 0xE8,
  0x12, 0xEB, 0xD6, 0xF1, 0x12, 0x2C, 0xE0, 0x0C, 0x23, 0xF4,
  0x0E, 0xFE, 0x0A, 0xDA, 0x28, 0x5A, 0x09, 0x54, 0xFF, 0xBE,
  0xE7, 0x32, 0x09, 0xC6, 0x12, 0x1E, 0xF5, 0xFF, 0xFA, 0xE4,
  0x21, 0xFE, 0x16, 0xC8, 0x34, 0xF4, 0xEE, 0xE0, 0xC1, 0x3D,
  0x0A, 0xED, 0x12, 0xCA, 0xED, 0xA0, 0x01, 0x0C, 0x0C, 0xC5,
  0x16, 0xCA, 0xE4, 0x23, 0x2A, 0xF2, 0x1F, 0xC6, 0xDE, 0xDF,
  0x21, 0xF8, 0xD6, 0x28, 0x1B, 0x10, 0x29, 0xE6, 0x34, 0xDC,
  0xFD, 0x3D, 0xF0, 0x61, 0xF6, 0xD5, 0x35, 0x0A, 0xCD, 0xEC,
  0xF5, 0xF9, 0x3D, 0x0F, 0x23, 0xFC, 0x34, 0x2D, 0x28, 0xE3,
  0xCD, 0x03, 0xD6, 0x2B, 0x52, 0x81, 0xD3, 0x14, 0xCF, 0xC1,
  0x32, 0x2E, 0x1F, 0x1C, 0xD9, 0x3D, 0xD7, 0xCB, 0x34, 0xFE,
  0x04, 0x17, 0xFA, 0x0D, 0xDF, 0xF5, 0x08, 0x0A, 0xF4, 0x0C,
  0x06, 0x01, 0x05, 0x02, 0x15, 0x0F, 0x4B, 0xD2, 0x02, 0x26,
  0xCE, 0xC8, 0x58, 0x17, 0xE8, 0x0B, 0xD0, 0x37, 0xF7, 0xE7,
  0x05, 0xF5, 0x07, 0x17, 0x02, 0xFB, 0xD2, 0x00, 0x24, 0xF0,
  0xFD, 0x1D, 0xD6, 0x24, 0xFF, 0x02, 0x0D, 0x20, 0xC7, 0x1A,
  0x24, 0x19, 0xF6, 0x1F, 0xF7, 0x1B, 0x1B, 0xEB, 0xF0, 0x2A,
  0x2A, 0xE9, 0xC8, 0xF5, 0xFE, 0xFF, 0xEE, 0xDD, 0x05, 0xDF,
  0x0F, 0xDA, 0xFD, 0x08, 0xE2, 0xFF, 0x03, 0x1B, 0x15, 0x08,
  0xAF, 0x1C, 0x0A, 0xFA, 0x1E, 0x12, 0xE1, 0x16, 0xF9, 0x02,
  0x0C, 0x0C, 0x12, 0x02, 0xE5, 0x09, 0xFD, 0x07, 0x05, 0xDC,
  0xD5, 0x03, 0xF5, 0x03, 0x26, 0xEF, 0xE6, 0xDD, 0xE3, 0x2B,
  0xF3, 0x17, 0xA3, 0xF9, 0xE7, 0xDD, 0x20, 0x11, 0xDC, 0xFB,
  0xE3, 0xF6, 0x0B, 0xFE, 0x1D, 0x33, 0xF2, 0xE3, 0x10, 0xFE,
  0xEC, 0x08, 0x0F, 0xED, 0xF8, 0x1D, 0x1A, 0xE8, 0x1C, 0xCB,
  0xBE, 0x0C, 0xE5, 0x38, 0x47, 0xC2, 0xD3, 0xD6, 0xF7, 0xE5,
  0xEF, 0x1F, 0xE6, 0x05, 0xF4, 0xEB, 0xFA, 0x2D, 0x0C, 0x08,
  0xFC, 0xEC, 0xBF, 0xFD, 0x0E, 0xF7, 0x0E, 0x1F, 0xFF, 0x06,
  0x01, 0xDB, 0xD0, 0x0B, 0x0F, 0x2F, 0x3F, 0x8B, 0xB8, 0xFC,
  0xD8, 0xE1, 0x27, 0xE8, 0xF7, 0xDC, 0xEC, 0x09, 0xDD, 0xC4,
  0xBA, 0x2C, 0x0E, 0xD5, 0xF3, 0x1A, 0x23, 0xFB, 0x0A, 0xC7,
  0x81, 0x05, 0xD2, 0x16, 0x26, 0x12, 0xAD, 0x0C, 0x13, 0x0D,
  0x14, 0x22, 0x0C, 0xFA, 0x19, 0x04, 0x0B, 0xB7, 0x23, 0x16,
  0x0C, 0x01, 0xF5, 0x15, 0x1B, 0xFD, 0xF8, 0xEF, 0x16, 0x00,
  0x0C, 0xB8, 0xC3, 0xF4, 0xD5, 0x37, 0x19, 0x0D, 0xDE, 0x13,
  0x01, 0xF2, 0x15, 0x20, 0x1A, 0x09, 0xF7, 0xFE, 0xF0, 0xD7,
  0x18, 0x0B, 0x0B, 0x17, 0x08, 0x0B, 0x1B, 0xF4, 0xD5, 0xE4,
  0x16, 0xF9, 0x0A, 0xCE, 0xF5, 0x03, 0xB5, 0xFF, 0xF5, 0xF5,
  0xF8, 0x00, 0xED, 0xF5, 0xF7, 0x11, 0x1E, 0xFE, 0xDE, 0xE4,
  0xE2, 0xFF, 0x05, 0x07, 0x13, 0x10, 0xED, 0x02, 0x03, 0x0F,
  0x07, 0xF2, 0xE6, 0xFC, 0xF4, 0xE8, 0xFA, 0xE5, 0xFF, 0xD2,
  0x04, 0x21, 0xE4, 0x02, 0xEF, 0xF7, 0x08, 0x0A, 0x21, 0x04,
  0xF5, 0x0A, 0xF9, 0xFF, 0xE6, 0xED, 0x01, 0xFF, 0x0F, 0xFA,
  0xEB, 0x1A, 0xFE, 0xDE, 0xF9, 0x11, 0xDB, 0x1C, 0x30, 0xEC,
  0x17, 0xD6, 0xF0, 0x15, 0x1B, 0xE7, 0x03, 0xE6, 0xFF, 0xE5,
  0xEC, 0xFC, 0xF6, 0x0B, 0xE0, 0x13, 0xEB, 0x0D, 0xF4, 0xF3,
  0x03, 0x0E, 0xEF, 0x16, 0x17, 0xF1, 0x09, 0xEA, 0xEF, 0x3B,
  0x4E, 0xFF, 0x29, 0x02, 0xE7, 0x03, 0x2B, 0xE7, 0x13, 0xF0,
  0xFF, 0xE3, 0xE2, 0x12, 0xDD, 0x08, 0xF1, 0x13, 0xFF, 0xEB,
  0x14, 0xFE, 0xFF, 0xF7, 0xF5, 0x12, 0x37, 0xEA, 0xF7, 0xF4,
  0xEE, 0x31, 0x40, 0xEB, 0x32, 0x0F, 0xE2, 0xF9, 0x2D, 0xFE,
  0x21, 0xE5, 0xFC, 0xEA, 0xF5, 0x03, 0xEF, 0x00, 0xEB, 0x3C,
  0xFE, 0xFA, 0xED, 0xFF, 0xE9, 0x33, 0x1B, 0x28, 0xC2, 0x52,
  0x6B, 0x21, 0x09, 0x1B, 0x05, 0xEC, 0x0A, 0x26, 0xDB, 0xFF,
  0xF2, 0xE7, 0x06, 0xE8, 0x0C, 0x11, 0x38, 0x1F, 0x09, 0xBE,
  0xE2, 0x01, 0x12, 0x35, 0x0A, 0xD7, 0x2C, 0x1F, 0x3A, 0xFD,
  0xE4, 0x0E, 0x04, 0x00, 0xBC, 0xEA, 0xED, 0xEC, 0xDF, 0x17,
  0x19, 0x10, 0x12, 0xDE, 0x0E, 0x48, 0x03, 0x2B, 0xFF, 0x52,
  0xF0, 0x23, 0x23, 0x06, 0xF7, 0x4E, 0xB9, 0xD5, 0x20, 0xF2,
  0x29, 0xB6, 0xFB, 0xFC, 0x28, 0x19, 0xBD, 0xD1, 0xF1, 0xF4,
  0xE2, 0xF7, 0x2A, 0xFD, 0xE9, 0x1F, 0x0A, 0x51, 0x11, 0x13,
  0xFE, 0x52, 0x06, 0x15, 0x4E, 0xFA, 0xED, 0x33, 0xEB, 0x29,
  0xD1, 0xFD, 0x2F, 0x11, 0xED, 0x09, 0x36, 0xFE, 0xDA, 0x19,
  0x12, 0xDC, 0x14, 0xE2, 0x21, 0x08, 0xDB, 0xFD, 0x0C, 0x50,
  0x2D, 0xE6, 0x03, 0x2D, 0x19, 0xE9, 0x14, 0x24, 0xD2, 0x36,
  0xF4, 0x39, 0x09, 0xE0, 0x0F, 0x1D, 0xF0, 0xE7, 0x02, 0x18,
  0xCF, 0x2D, 0x01, 0xCD, 0x37, 0xDC, 0x03, 0xFB, 0x0E, 0xEE,
  0x1B, 0x2C, 0x20, 0xE3, 0xC6, 0x3D, 0xEF, 0xF5, 0x10, 0x33,
  0xA9, 0x34, 0xD1, 0x27, 0x0A, 0xFD, 0x31, 0x93, 0xD4, 0xDA,
  0x04, 0x24, 0x9C, 0xD6, 0x1C, 0x01, 0xE9, 0xEF, 0x19, 0x33,
  0xD2, 0x00, 0x13, 0x4E, 0xF0, 0xC9, 0xAB, 0x4A, 0xF5, 0x57,
  0x33, 0x1B, 0x95, 0x27, 0x0B, 0x58, 0x07, 0x0E, 0x7A, 0x8F,
  0x0B, 0x05, 0x28, 0xF5, 0xE8, 0xF2, 0xE2, 0x3B, 0xF3, 0xF3,
  0x11, 0x2A, 0x8F, 0x00, 0x11, 0x4D, 0xEC, 0xBD, 0xBD, 0x25,
  0x00, 0xF2, 0x26, 0x04, 0xD9, 0xCF, 0x46, 0x7F, 0x37, 0x04,
  0xE3, 0x29, 0xFC, 0xB3, 0xCD, 0xC9, 0xCE, 0x0E, 0xD9, 0x91,
  0xF3, 0xEB, 0xF1, 0x20, 0x10, 0x1C, 0x03, 0xAC, 0x1B, 0x5A,
  0xBF, 0xA9, 0x60, 0x0B, 0xD0, 0x1D, 0xE2, 0x03, 0xE5, 0x1D,
  0x0F, 0xEE, 0xD3, 0xE6, 0xED, 0xAA, 0xDB, 0xF9, 0xF3, 0x09,
  0xDD, 0x0A, 0xDB, 0x1E, 0xF1, 0x09, 0x03, 0xF6, 0xBF, 0xCD,
  0x0E, 0x1E, 0x0E, 0x01, 0xD9, 0x51, 0xED, 0x1E, 0x1B, 0xFE,
  0x0B, 0x16, 0xF2, 0x03, 0xD0, 0xEA, 0x12, 0x10, 0x3B, 0x42,
  0xF6, 0x0D, 0x2C, 0x33, 0xD5, 0x20, 0x06, 0xE9, 0xF7, 0xCC,
  0xB0, 0x03, 0x0F, 0xDD, 0xF8, 0x10, 0xD2, 0x1D, 0x1F, 0x29,
  0x42, 0x4B, 0xFD, 0xEE, 0xD9, 0x0C, 0xE1, 0xC3, 0x02, 0x30,
  0x32, 0x40, 0x28, 0xED, 0x45, 0x3B, 0x19, 0x0F, 0xE6, 0xFC,
  0x0D, 0x03, 0xD3, 0x11, 0x15, 0xD1, 0x05, 0x49, 0x07, 0x0A,
  0x22, 0xF8, 0x20, 0x08, 0xD8, 0xFC, 0x28, 0x37, 0x21, 0x45,
  0x02, 0x2D, 0x31, 0xDC, 0xE4, 0x36, 0x40, 0x06, 0x30, 0xDE,
  0x8D, 0xD5, 0xE5, 0xEB, 0x1A, 0x13, 0xE4, 0xE9, 0xF6, 0x3E,
  0x17, 0xEF, 0x06, 0x1D, 0xE5, 0x0F, 0xD9, 0xE7, 0x1B, 0x2A,
  0x3B, 0x42, 0xE7, 0xD3, 0xFD, 0xEA, 0xC9, 0x34, 0x1E, 0x0F,
  0x11, 0xF5, 0x08, 0x47, 0x0A, 0xED, 0x54, 0xDB, 0x05, 0x0B,
  0xC6, 0xC4, 0x44, 0xF0, 0xD1, 0x09, 0xF5, 0xB1, 0x11, 0xF9,
  0xFF, 0xF3, 0xF2, 0x08, 0xD7, 0xB6, 0xE1, 0xE9, 0xDE, 0x0C,
  0xD3, 0x18, 0xCA, 0x16, 0xDE, 0x7F, 0x13, 0x50, 0x15, 0xBA,
  0x2A, 0x13, 0xF7, 0xD0, 0xF0, 0x2A, 0xF3, 0xCB, 0xE3, 0xE8,
  0x34, 0xFF, 0x1F, 0x29, 0xF2, 0x11, 0x17, 0x1F, 0xFA, 0xE6,
  0xB8, 0x1E, 0x81, 0xF4, 0x2B, 0x1E, 0x60, 0xDC, 0xEB, 0xCA,
  0x18, 0x24, 0xF0, 0xB8, 0x17, 0x0B, 0xE0, 0xEB, 0xF0, 0x0A,
  0x17, 0x26, 0xE4, 0x16, 0x27, 0x24, 0xF2, 0x47, 0x2E, 0x09,
  0x27, 0x20, 0xC4, 0x45, 0xF5, 0xFA, 0x42, 0x26, 0xF6, 0xCC,
  0x0A, 0xBD, 0x45, 0xD1, 0xE4, 0xDB, 0xF9, 0xED, 0x03, 0xD3,
  0x01, 0xDE, 0xE1, 0x4E, 0xED, 0xE4, 0x05, 0x31, 0xFF, 0x2C,
  0x57, 0xEB, 0xED, 0xD9, 0xFA, 0x4F, 0xE1, 0xEA, 0x16, 0xFD,
  0x0C, 0xE5, 0x09, 0xBD, 0x01, 0xFF, 0xF1, 0x39, 0xE6, 0x0C,
  0x2F, 0xFB, 0xF7, 0xFB, 0xCE, 0xE8, 0xE9, 0x25, 0x18, 0xF6,
  0xF2, 0x4C, 0x55, 0xE8, 0xDF, 0xEA, 0xE8, 0x39, 0xEE, 0xD7,
  0x23, 0x2C, 0xF6, 0xF3, 0x17, 0x04, 0xEF, 0xE6, 0xEA, 0x0B,
  0xE9, 0x24, 0xF7, 0x1A, 0xE6, 0xEE, 0xD5, 0xB8, 0xDF, 0x12,
  0x21, 0xD3, 0xCC, 0x44, 0xFC, 0xEF, 0xE4, 0x1A, 0xD3, 0x1F,
  0xDB, 0xCC, 0x0A, 0x07, 0xE4, 0xC8, 0x03, 0xB9, 0xDB, 0xF7,
  0xE7, 0xC4, 0xE2, 0x1C, 0xDF, 0xE6, 0xE3, 0xF5, 0xFD, 0xF1,
  0x08, 0x16, 0x4B, 0xFB, 0xF3, 0x31, 0x22, 0x3D, 0x31, 0x00,
  0x0A, 0x20, 0xB3, 0xF0, 0x3B, 0x48, 0x59, 0xD9, 0xFC, 0xCF,
  0xE9, 0x41, 0xE8, 0xD8, 0x01, 0x47, 0xEC, 0xEC, 0xFF, 0x43,
  0x0E, 0xE3, 0x0F, 0x4C, 0xF8, 0xE0, 0xC1, 0x1C, 0x3A, 0x2C,
  0x1D, 0xF5, 0xEB, 0x6C, 0xCB, 0x2E, 0x68, 0x16, 0xF5, 0xD0,
  0xD8, 0x92, 0x45, 0xDA, 0xCC, 0xCF, 0xED, 0x2C, 0x0B, 0xF0,
  0xDA, 0x1F, 0xEC, 0x4C, 0xFA, 0x10, 0x29, 0xE5, 0xD3, 0x15,
  0x15, 0x99, 0xEE, 0x24, 0xE7, 0x08, 0x16, 0xF2, 0xF7, 0xD5,
  0xF9, 0x19, 0xD5, 0x29, 0x55, 0xF3, 0xAB, 0x22, 0xE4, 0xE8,
  0x3C, 0x3D, 0x29, 0x06, 0xF4, 0x2B, 0x06, 0x06, 0xD7, 0x1A,
  0xD3, 0xE0, 0xF6, 0xD0, 0xF4, 0x1C, 0x1D, 0xDB, 0xF5, 0x34,
  0xED, 0xE7, 0xF5, 0x19, 0xF9, 0x4B, 0x19, 0xCD, 0xEB, 0x24,
  0xF6, 0x0A, 0x3C, 0x43, 0x09, 0xD6, 0xE7, 0xE7, 0xF2, 0x1A,
  0xF4, 0xF4, 0xF6, 0x12, 0xF7, 0xFD, 0x05, 0x1D, 0xF7, 0xF3,
  0xDD, 0xE2, 0xF2, 0x08, 0xFA, 0x14, 0x00, 0xEC, 0xE6, 0xE8,
  0x1D, 0xF2, 0xFD, 0x0B, 0x2C, 0x27, 0xDD, 0xF6, 0xE9, 0x06,
  0xFC, 0x14, 0xFC, 0xF8, 0x21, 0x09, 0xF7, 0x30, 0x0F, 0x1B,
  0x07, 0xED, 0xDA, 0xFF, 0x09, 0x17, 0xF7, 0x01, 0xEA, 0xF4,
  0xD4, 0x02, 0x2A, 0xD2, 0xFA, 0xFD, 0xF7, 0xF5, 0xF4, 0x02,
  0xFE, 0x12, 0x10, 0xEF, 0x14, 0xE5, 0x04, 0xF3, 0xE1, 0x1E,
  0x1A, 0xF9, 0x04, 0x00, 0x04, 0xE5, 0x1B, 0x03, 0xF5, 0x00,
  0xFA, 0xFA, 0xFA, 0x19, 0xF4, 0xC6, 0x0C, 0x0E, 0x0E, 0xF1,
  0xDF, 0x13, 0x16, 0x1F, 0xED, 0xDF, 0xFD, 0xF4, 0xEC, 0x10,
  0x00, 0xBC, 0xF8, 0x00, 0xE9, 0x08, 0x0F, 0x19, 0x00, 0xD8,
  0x19, 0xF7, 0xFD, 0x0F, 0x24, 0x22, 0xEA, 0x07, 0x10, 0xEE,
  0xFC, 0x07, 0xE8, 0xF6, 0xF1, 0x19, 0x0D, 0x0E, 0xDA, 0xFF,
  0xE6, 0xD8, 0xC7, 0x81, 0xF7, 0xF3, 0xEE, 0x23, 0xE8, 0x13,
  0x0A, 0xB9, 0xB7, 0x30, 0x3F, 0x4B, 0x49, 0xDF, 0xFD, 0x0E,
  0x07, 0xF5, 0x05, 0x2D, 0xF0, 0xCD, 0xDF, 0xE4, 0xEB, 0x37,
  0xFC, 0x2C, 0x44, 0xF7, 0x0D, 0x31, 0x77, 0x20, 0x29, 0x13,
  0xD1, 0x3A, 0xE1, 0x1A, 0x27, 0x35, 0xE4, 0xF9, 0xF7, 0x2A,
  0x04, 0x0B, 0xEE, 0x42, 0x01, 0xFB, 0x54, 0x2A, 0x1C, 0x58,
  0x31, 0x40, 0xF8, 0x36, 0x39, 0x13, 0xEF, 0x19, 0x2E, 0xDA,
  0x02, 0x05, 0x05, 0x1A, 0xFB, 0x0C, 0x28, 0x0C, 0x0D, 0xF4,
  0x1F, 0x28, 0x10, 0x3C, 0x2D, 0x06, 0xFA, 0xD4, 0x47, 0x04,
  0x15, 0x21, 0x02, 0x4B, 0x14, 0x2D, 0x2A, 0xCC, 0xF8, 0xFF,
  0x36, 0xEA, 0xC5, 0xD7, 0xFF, 0x51, 0xD8, 0x3C, 0x10, 0x00,
  0xFC, 0x01, 0x10, 0x20, 0xEC, 0x12, 0xF8, 0x37, 0xDA, 0xFC,
  0x28, 0xF8, 0x06, 0xF7, 0x0A, 0x14, 0x12, 0x16, 0x19, 0x98,
  0xD1, 0xDE, 0xFD, 0xDD, 0xD6, 0xBB, 0xD4, 0x15, 0xE1, 0x0F,
  0xD3, 0x0C, 0xD9, 0xBE, 0xD0, 0x17, 0xF9, 0x01, 0xBC, 0x04,
  0xB9, 0xD5, 0x1C, 0xBC, 0x10, 0xB8, 0x0A, 0x02, 0xFE, 0x14,
  0xE9, 0xD4, 0x08, 0x19, 0xE8, 0x10, 0x03, 0xDC, 0xD5, 0xDC,
  0x11, 0xFC, 0xD7, 0x1B, 0xD7, 0xF3, 0xD0, 0x36, 0x4A, 0x1C,
  0x01, 0x1D, 0x10, 0xF7, 0x30, 0xD1, 0xF3, 0x01, 0x12, 0xF5,
  0xD3, 0xC7, 0xBD, 0x11, 0xEC, 0xBD, 0x95, 0x0B, 0xC2, 0x0B,
  0xF5, 0x81, 0xEA, 0xE3, 0x82, 0xDE, 0x0E, 0xBE, 0xEA, 0xC7,
  0x05, 0x08, 0x06, 0xEF, 0x05, 0xE5, 0xA7, 0x26, 0xE3, 0xFE,
  0xA7, 0xA9, 0x13, 0xEA, 0xD6, 0x30, 0x48, 0xF6, 0x8D, 0xF8,
  0xEF, 0x2D, 0x3B, 0x90, 0x32, 0xF2, 0xB4, 0xE9, 0x2A, 0xE6,
  0x36, 0xE5, 0x0D, 0x32, 0x07, 0x1E, 0x16, 0x08, 0x85, 0x1A,
  0x0E, 0x02, 0xB6, 0xB1, 0xE8, 0xF8, 0x40, 0xFB, 0x00, 0x4E,
  0x11, 0xCC, 0xDF, 0x32, 0xF8, 0xCB, 0x03, 0xD2, 0xB3, 0x2E,
  0x19, 0xF4, 0xF1, 0xDD, 0xF8, 0xDA, 0x0C, 0xEB, 0x3A, 0xBC,
  0x81, 0x3A, 0x21, 0xB1, 0x52, 0xD1, 0x07, 0xE6, 0xF8, 0x03,
  0xF7, 0x1E, 0x43, 0xE0, 0x04, 0x31, 0x02, 0xE6, 0x0C, 0xEA,
  0xE2, 0x37, 0x1A, 0xF6, 0x05, 0xF7, 0xFB, 0xC7, 0x23, 0xF9,
  0xF8, 0xE0, 0x96, 0x11, 0xFB, 0xBF, 0x0E, 0xFB, 0x34, 0xE0,
  0xF3, 0x06, 0x0F, 0xE4, 0xDC, 0x0A, 0x08, 0xDF, 0x1B, 0x2E,
  0xDF, 0xDF, 0x02, 0xF5, 0xF2, 0x2C, 0x00, 0x1D, 0xFB, 0xE6,
  0xE7, 0x1C, 0x21, 0xD4, 0xEC, 0x13, 0x11, 0x2A, 0xD8, 0x15,
  0xE4, 0xEF, 0xBB, 0xE7, 0xFE, 0xC7, 0xCE, 0x23, 0x19, 0x04,
  0xF4, 0x1D, 0xFE, 0xE0, 0x2E, 0xCA, 0x05, 0xE7, 0x1D, 0x0A,
  0xE0, 0x02, 0x01, 0xFE, 0xE8, 0x08, 0x31, 0x0A, 0xE9, 0x27,
  0xE9, 0x24, 0x09, 0xFA, 0xF1, 0xFB, 0x06, 0xF7, 0xFC, 0x06,
  0x1C, 0x06, 0xF0, 0x22, 0xF6, 0xE3, 0x1E, 0xF2, 0x18, 0x1F,
  0x0B, 0x12, 0x00, 0xFF, 0x10, 0x24, 0xF8, 0x10, 0x08, 0xDF,
  0xD0, 0x11, 0x0A, 0xFF, 0x0D, 0x16, 0x36, 0x1A, 0x11, 0x20,
  0x1F, 0xD1, 0x02, 0x2C, 0x12, 0x03, 0xD7, 0xF6, 0xAA, 0x22,
  0xFB, 0x12, 0xFB, 0xF1, 0x0B, 0xED, 0x24, 0x09, 0x13, 0xFA,
  0xF0, 0xEA, 0x1D, 0xCC, 0x2E, 0xE8, 0x25, 0xF6, 0x5A, 0x33,
  0x16, 0x45, 0x2F, 0xD5, 0xF1, 0xF9, 0x23, 0x13, 0xD4, 0xFD,
  0xBA, 0x3C, 0xF7, 0xF9, 0x28, 0xEE, 0x19, 0xB1, 0x15, 0xFF,
  0x09, 0x8C, 0xD1, 0xFE, 0xFE, 0x8F, 0x57, 0xD0, 0xEB, 0xC9,
  0xFD, 0xF3, 0xC6, 0xF3, 0xFD, 0xFF, 0x27, 0xFD, 0x48, 0xD6,
  0xD2, 0xAF, 0xDA, 0x51, 0x9E, 0xFF, 0xF1, 0xE6, 0xF9, 0x4C,
  0xE6, 0x01, 0x07, 0x0A, 0x19, 0x15, 0xE5, 0x06, 0x45, 0xEB,
  0xD3, 0xBA, 0x18, 0xCE, 0xCE, 0xFF, 0xD3, 0x1F, 0xEE, 0xC3,
  0x3C, 0x13, 0xD9, 0xC1, 0xF4, 0x3C, 0x87, 0x4B, 0xD3, 0xE7,
  0xD5, 0x0C, 0x0B, 0x14, 0xEE, 0x17, 0xF9, 0xE7, 0xF2, 0x04,
  0x1B, 0xFD, 0x02, 0xF0, 0x12, 0xD9, 0xE3, 0x24, 0xCF, 0x00,
  0xC7, 0xED, 0x3A, 0x1D, 0x04, 0xD9, 0x20, 0x38, 0x8A, 0x2A,
  0xCD, 0xED, 0xF9, 0xED, 0x24, 0xF0, 0x02, 0x0C, 0x0E, 0xE3,
  0xF4, 0x1F, 0x11, 0xE4, 0xD8, 0x0F, 0x12, 0xEC, 0xCB, 0xFC,
  0xFA, 0x08, 0x01, 0xE9, 0x31, 0xD8, 0x04, 0xE1, 0x26, 0x36,
  0x9F, 0x2B, 0xEC, 0xF5, 0xE8, 0xE4, 0x2A, 0xDF, 0xED, 0x26,
  0xE5, 0x0E, 0x1F, 0x1D, 0xF1, 0xE8, 0xDE, 0x03, 0x2F, 0xFA,
  0x01, 0x0A, 0xE3, 0x30, 0x0A, 0xE9, 0x19, 0xF6, 0xE8, 0xE2,
  0x12, 0x10, 0x81, 0x0A, 0x0D, 0xDF, 0xF0, 0x10, 0x0D, 0xCD,
  0xFA, 0xDF, 0x05, 0x1B, 0xFB, 0x20, 0x1D, 0xFB, 0x03, 0xD9,
  0xC3, 0xD6, 0xD9, 0xFA, 0xE9, 0x22, 0x2C, 0xD9, 0x36, 0xF0,
  0xE3, 0xC7, 0xF6, 0x31, 0xA1, 0xFB, 0x07, 0xD6, 0xD1, 0x0E,
  0x30, 0xDA, 0x15, 0x06, 0x11, 0x1E, 0xF1, 0x23, 0x26, 0xC3,
  0x0A, 0xF9, 0x11, 0x03, 0xB3, 0xDD, 0xD3, 0x40, 0x08, 0xDB,
  0x59, 0xD1, 0xEB, 0xC3, 0xE0, 0x47, 0xCF, 0x0A, 0xD9, 0x03,
  0x02, 0x13, 0x19, 0xE6, 0x13, 0x0C, 0x20, 0xC4, 0xD2, 0xFF,
  0x13, 0xDD, 0xE1, 0xEF, 0xE5, 0x81, 0xE1, 0xE8, 0xF8, 0x10,
  0x10, 0xE3, 0x3F, 0xEE, 0xFA, 0xEE, 0xE9, 0x16, 0xD7, 0x0F,
  0x15, 0x34, 0xBF, 0x15, 0xFE, 0x15, 0x16, 0xF0, 0xF5, 0xFC,
  0x0D, 0xCE, 0xFF, 0xE3, 0xDC, 0xF9, 0xF4, 0xB3, 0xC4, 0x0C,
  0xFA, 0xF6, 0x09, 0xA8, 0x2D, 0x24, 0xE5, 0xE1, 0x2A, 0x21,
  0xC2, 0x10, 0xDB, 0xE8, 0x16, 0x0C, 0x14, 0x10, 0x06, 0xCE,
  0xFC, 0xCE, 0xF2, 0xF0, 0x2F, 0xDA, 0xAC, 0x09, 0x24, 0xD5,
  0xD2, 0x11, 0xD4, 0x1B, 0xF3, 0xC4, 0x11, 0xEA, 0x1D, 0x54,
  0x20, 0x1A, 0xB3, 0xD9, 0xE0, 0x25, 0xF2, 0x0B, 0xF7, 0xD5,
  0xDF, 0xD3, 0x03, 0x0D, 0x3E, 0x15, 0x0F, 0xE1, 0xED, 0xC3,
  0x15, 0xC3, 0xDE, 0xFB, 0xE1, 0x28, 0x06, 0xEF, 0x26, 0xDE,
  0xB0, 0x32, 0xE7, 0x28, 0xD0, 0x40, 0xFB, 0x0A, 0xD1, 0x47,
  0x06, 0x22, 0x00, 0xDE, 0x17, 0x41, 0xEB, 0x03, 0xE4, 0xD5,
  0x01, 0xFA, 0xEF, 0xD7, 0xDB, 0x12, 0x03, 0x29, 0xF1, 0xF4,
  0x30, 0xF2, 0xDD, 0x1B, 0x02, 0x1C, 0xEA, 0x25, 0xE3, 0xFB,
  0x07, 0x32, 0xFE, 0x2E, 0x1F, 0xE6, 0xCE, 0xE8, 0x07, 0xED,
  0x01, 0xE5, 0xF1, 0xDA, 0xF8, 0xB4, 0xD5, 0x1D, 0xCF, 0x4C,
  0xFC, 0xC5, 0x47, 0x0C, 0x0A, 0x3A, 0x0A, 0x0A, 0xA9, 0x0E,
  0xD4, 0x20, 0x10, 0x00, 0x01, 0xE9, 0xFD, 0xE1, 0xF7, 0x1A,
  0xF9, 0x31, 0x05, 0xF0, 0xC2, 0xF7, 0x06, 0xD4, 0xD3, 0xF8,
  0xDA, 0x14, 0x00, 0xC9, 0x17, 0xE2, 0xFC, 0x21, 0x00, 0x29,
  0xCB, 0x06, 0x03, 0x32, 0xD3, 0x20, 0x15, 0x09, 0x1F, 0xE5,
  0x00, 0xF2, 0x39, 0xF8, 0xE8, 0xE1, 0xED, 0x41, 0x13, 0xAD,
  0xDC, 0xDA, 0x34, 0xDE, 0xDE, 0x1C, 0xC1, 0x07, 0xE2, 0x0A,
  0x0D, 0x1B, 0xCC, 0xB6, 0xDC, 0x23, 0x08, 0xDC, 0xF2, 0x43,
  0x54, 0xF9, 0xFC, 0x13, 0x0C, 0x47, 0x2F, 0xF8, 0xE7, 0x11,
  0xD3, 0x27, 0x56, 0x20, 0xD3, 0xF6, 0x15, 0x3A, 0xE4, 0xAA,
  0x18, 0x39, 0xD2, 0xF6, 0x23, 0x09, 0x0A, 0x8F, 0xDD, 0xE0,
  0xEC, 0x16, 0xE0, 0xC6, 0x28, 0x3D, 0x03, 0xE6, 0xB5, 0xDD,
  0x53, 0xC2, 0xFB, 0x35, 0x06, 0x16, 0x81, 0xB8, 0x43, 0x2F,
  0x62, 0x18, 0x25, 0x6F, 0x24, 0x3A, 0x36, 0x42, 0x02, 0xB3,
  0xE4, 0xE2, 0x05, 0xF8, 0x1A, 0xE2, 0x14, 0x06, 0x0E, 0xEB,
  0xC3, 0x02, 0x70, 0x64, 0xFE, 0x40, 0xE2, 0xCF, 0x98, 0xE8,
  0xCB, 0x41, 0x50, 0x5A, 0x03, 0x35, 0x75, 0xC7, 0x17, 0x14,
  0x5C, 0xA7, 0xEF, 0x70, 0xEC, 0x95, 0xDA, 0x4C, 0xE5, 0xE6,
  0x4C, 0xDB, 0x23, 0xE4, 0x17, 0x45, 0x24, 0xAF, 0xAF, 0x11,
  0xFA, 0xF2, 0xE5, 0xDB, 0x2F, 0x50, 0x02, 0x18, 0x02, 0x5E,
  0xF7, 0xA6, 0xF0, 0x0D, 0x25, 0x6C, 0x2F, 0x42, 0x19, 0xF8,
  0xBD, 0xF4, 0x1B, 0x1B, 0x65, 0x2C, 0xCE, 0x74, 0xCA, 0xCE,
  0xF1, 0x08, 0x02, 0x05, 0xD7, 0x92, 0x4A, 0x7A, 0x62, 0xFA,
  0xEF, 0x1E, 0xCE, 0xC6, 0xD8, 0x02, 0x4C, 0x14, 0x07, 0x47,
  0x20, 0xF2, 0x35, 0x19, 0x44, 0x29, 0xF8, 0x29, 0xDA, 0x2D,
  0x97, 0x32, 0x44, 0x22, 0xDE, 0xD5, 0xE1, 0x56, 0x23, 0x91,
  0x53, 0x0F, 0xDF, 0x49, 0x06, 0xBA, 0xC5, 0xBF, 0xDA, 0x00,
  0xD6, 0x07, 0x06, 0xD5, 0x03, 0x2F, 0x39, 0xDC, 0x9B, 0xFA,
  0x07, 0x19, 0xBF, 0x21, 0xFF, 0xD5, 0xF0, 0x3F, 0xC4, 0x0C,
  0xD8, 0x01, 0xF3, 0xF6, 0x4B, 0xD7, 0xF1, 0xEC, 0x0F, 0xE7,
  0xD5, 0x91, 0x4B, 0x06, 0x9A, 0x1C, 0xF9, 0xDB, 0x0D, 0xFE,
  0xDC, 0x32, 0xEE, 0x25, 0x15, 0x53, 0xEB, 0xDD, 0xBA, 0x3B,
  0xE8, 0x24, 0x21, 0x1C, 0x08, 0x23, 0x1F, 0xE6, 0xF7, 0x81,
  0x29, 0xEE, 0x23, 0xD9, 0x27, 0xC1, 0xCD, 0xE7, 0xFC, 0x16,
  0xFC, 0x37, 0xCD, 0xF1, 0xFB, 0xFA, 0xD9, 0x2E, 0x0D, 0xED,
  0x05, 0x21, 0x2D, 0x17, 0x35, 0xC9, 0x16, 0xF9, 0xF6, 0x04,
  0x1B, 0xB1, 0x28, 0xD4, 0x06, 0x01, 0x30, 0xF9, 0xEC, 0xD6,
  0xFD, 0x14, 0x05, 0x1C, 0xDC, 0xEF, 0xE5, 0xFC, 0xDA, 0x09,
  0xF5, 0xC6, 0xE0, 0xDD, 0x17, 0x2E, 0x06, 0xF7, 0x03, 0xE5,
  0xD0, 0x14, 0xFD, 0xD3, 0xEE, 0xD9, 0xF5, 0x0A, 0xFB, 0xE5,
  0xE2, 0xDB, 0x0C, 0xF7, 0xE3, 0xF0, 0x00, 0xDA, 0x13, 0xED,
  0xEB, 0xFA, 0x17, 0xE9, 0xE9, 0x09, 0xB8, 0x30, 0xEB, 0xF6,
  0x1B, 0x0C, 0x0E, 0xFF, 0x07, 0xC8, 0x0D, 0xDD, 0xDD, 0xF8,
  0x15, 0x0C, 0xCB, 0xE6, 0x16, 0xD3, 0xD0, 0xDB, 0xF8, 0xDC,
  0x4F, 0xD1, 0xEF, 0x07, 0x01, 0xEA, 0xFE, 0x32, 0xD2, 0x0B,
  0xEB, 0xD0, 0xE4, 0xF6, 0x46, 0x2C, 0x04, 0xCF, 0xB7, 0x11,
  0xF7, 0xDB, 0x08, 0x05, 0xA2, 0xF3, 0x0B, 0x17, 0x01, 0xE8,
  0xD9, 0xFE, 0x0A, 0xCB, 0xC0, 0x01, 0x19, 0x3B, 0x51, 0x20,
  0x09, 0x26, 0xE7, 0x0F, 0x14, 0x57, 0x62, 0x94, 0x0F, 0x97,
  0x14, 0xE4, 0xEC, 0x01, 0x19, 0x03, 0xA5, 0xFE, 0xF4, 0x17,
  0x29, 0x2D, 0xEC, 0xFF, 0x81, 0x40, 0xD3, 0xF6, 0x52, 0xD2,
  0x0C, 0xD1, 0xF0, 0xDF, 0xF8, 0xCC, 0xCE, 0x1E, 0x39, 0x37,
  0xE3, 0x57, 0xEC, 0xAE, 0xF0, 0xD2, 0x27, 0x01, 0x20, 0xB2,
  0x1D, 0xE6, 0x06, 0xE2, 0xF5, 0x36, 0x0B, 0x29, 0xF3, 0x4B,
  0x29, 0x26, 0x0C, 0xBF, 0xF0, 0x3B, 0x26, 0xC6, 0x00, 0x27,
  0x0C, 0x37, 0x1A, 0xCF, 0x07, 0xA9, 0xEC, 0x0F, 0xDB, 0x15,
  0xFA, 0xE1, 0xD5, 0x41, 0x12, 0xF9, 0xB3, 0xD6, 0x52, 0x60,
  0x0B, 0xEF, 0xE2, 0xE0, 0x01, 0x1B, 0xC2, 0x00, 0x36, 0x0C,
  0x39, 0x11, 0x0A, 0x24, 0x0D, 0x8F, 0x28, 0x2B, 0xE4, 0x1E,
  0xDF, 0xDA, 0x02, 0xDC, 0xE7, 0x28, 0xFE, 0xEC, 0xFA, 0x2F,
  0x10, 0x49, 0x2C, 0xCB, 0xF0, 0xEC, 0x18, 0xFD, 0xCE, 0xE4,
  0x27, 0x4F, 0xF9, 0x48, 0xFF, 0x64, 0xCF, 0x09, 0x06, 0x43,
  0x1C, 0x11, 0xEF, 0x0F, 0x00, 0x13, 0x02, 0xFF, 0x0A, 0x0C,
  0x50, 0x35, 0xB7, 0x36, 0xB9, 0xE7, 0xFD, 0x0D, 0x0A, 0xEA,
  0xFD, 0xFD, 0x26, 0x20, 0xD2, 0x3D, 0x09, 0x45, 0xD5, 0x3A,
  0xCB, 0xCF, 0x2A, 0x1D, 0xEE, 0x0C, 0x0A, 0xF1, 0xEF, 0x43,
  0x28, 0x35, 0x08, 0xE7, 0x15, 0x37, 0xC7, 0x15, 0xFC, 0x09,
  0xF2, 0xD4, 0xC4, 0x2D, 0x37, 0xEE, 0x0E, 0x33, 0xEF, 0xFD,
  0x49, 0xD6, 0x09, 0xE9, 0x10, 0x39, 0x93, 0x2D, 0xF2, 0x22,
  0xA5, 0x42, 0x3D, 0x18, 0x83, 0x97, 0x48, 0x0C, 0x2E, 0xC4,
  0xD2, 0x94, 0xB4, 0x05, 0x9B, 0x09, 0x46, 0xF6, 0x20, 0x33,
  0xEC, 0x1B, 0xE2, 0x1A, 0xFB, 0x25, 0xF7, 0x0E, 0x17, 0xDB,
  0x24, 0x16, 0x3F, 0xEF, 0x18, 0xE3, 0x16, 0xD9, 0xB1, 0x52,
  0x51, 0xDC, 0x22, 0x2A, 0x05, 0xF0, 0xF1, 0x7F, 0x38, 0x38,
  0x1A, 0x02, 0x52, 0xE5, 0x53, 0x0E, 0xEB, 0x45, 0x3C, 0xF9,
  0xC5, 0x27, 0xE7, 0x26, 0xF8, 0x33, 0xF3, 0x39, 0xFC, 0xDC,
  0xC0, 0x29, 0x09, 0x04, 0x05, 0x3B, 0x21, 0xEF, 0xD3, 0x52,
  0x30, 0x64, 0x17, 0xFC, 0x4E, 0xD7, 0x58, 0xDE, 0xDC, 0x26,
  0x47, 0xC7, 0xE0, 0x2D, 0xDB, 0xF1, 0x15, 0xF8, 0xE6, 0x14,
  0x06, 0xFE, 0x04, 0x29, 0x1E, 0x2C, 0x13, 0x32, 0xFC, 0x01,
  0xCA, 0x35, 0x05, 0x44, 0x2A, 0xF6, 0x30, 0xDA, 0x22, 0xD5,
  0xC9, 0x45, 0x48, 0xD8, 0x06, 0x1E, 0x05, 0xDF, 0xE3, 0x09,
  0xF9, 0xE2, 0xF5, 0xF8, 0x0F, 0x12, 0x23, 0x3E, 0x1E, 0x44,
  0xE0, 0x03, 0xE1, 0x22, 0xF9, 0x26, 0x0C, 0xE5, 0x10, 0xDA,
  0xF2, 0xDC, 0xDC, 0x33, 0x20, 0xC3, 0x0C, 0xF3, 0xEC, 0xA3,
  0xDB, 0x31, 0x1F, 0xD7, 0xF9, 0xE2, 0x59, 0x02, 0x0F, 0x2F,
  0x27, 0x49, 0xD5, 0x01, 0xC9, 0xF8, 0xDD, 0x29, 0xF8, 0xD5,
  0xF0, 0xE6, 0xE3, 0xBF, 0xD9, 0x39, 0x08, 0xD8, 0x1C, 0xF3,
  0x17, 0xC5, 0xDD, 0x0B, 0x0B, 0xED, 0x41, 0xDC, 0x2C, 0xEF,
  0x09, 0x15, 0x39, 0x17, 0xE8, 0xF2, 0xF1, 0xF6, 0xC3, 0xDF,
  0xD9, 0xF6, 0xC4, 0xFB, 0x9A, 0xBB, 0x03, 0x20, 0xEE, 0xE5,
  0x4B, 0xF6, 0x1F, 0xE2, 0xE8, 0xDC, 0x1F, 0xDD, 0x2A, 0xD8,
  0x40, 0xFB, 0x2B, 0x5E, 0x3F, 0x02, 0xE6, 0xCF, 0x13, 0xCC,
  0xC8, 0xB6, 0xEB, 0x26, 0xC5, 0x4A, 0xA3, 0xE3, 0x15, 0x09,
  0xF0, 0xF6, 0x4E, 0xEB, 0x17, 0xC7, 0xFD, 0x10, 0x26, 0xF3,
  0x36, 0xE0, 0x15, 0xFC, 0xBD, 0x76, 0x3B, 0xAB, 0x82, 0xEB,
  0xC7, 0x46, 0x53, 0xAB, 0x4E, 0xF9, 0x9E, 0xE6, 0x6D, 0xE7,
  0x0E, 0xC5, 0x0A, 0x27, 0x0A, 0xAE, 0xDB, 0x00, 0x99, 0x70,
  0xFE, 0x03, 0x8E, 0x81, 0x0F, 0x19, 0xD7, 0x3D, 0x2E, 0xEB,
  0xA8, 0xE7, 0xC8, 0x32, 0x60, 0xE6, 0x37, 0xF2, 0xE4, 0xE5,
  0x60, 0xF6, 0x3A, 0xAA, 0x0E, 0x11, 0xEA, 0xB3, 0xDA, 0x10,
  0xC7, 0x54, 0xED, 0x1A, 0xBF, 0xAA, 0x2D, 0xE4, 0x03, 0x17,
  0x16, 0x0C, 0xD4, 0xC9, 0xED, 0x1C, 0x41, 0x2C, 0x0D, 0x10,
  0x28, 0xF1, 0x13, 0x11, 0x11, 0xF1, 0x1A, 0xE9, 0xBC, 0xE6,
  0x28, 0x4B, 0x14, 0x3F, 0xF4, 0xFC, 0xDA, 0xE9, 0x2B, 0xB5,
  0xFB, 0xCE, 0xC4, 0x0F, 0x2A, 0xEA, 0x07, 0x1E, 0x03, 0x4E,
  0xF1, 0x02, 0x05, 0xB0, 0xFD, 0xD2, 0xF9, 0xEF, 0xF2, 0xFA,
  0xCC, 0x24, 0x18, 0xFB, 0x1B, 0x10, 0xBD, 0xEB, 0xF9, 0x16,
  0xFE, 0xE0, 0xF1, 0xCC, 0xCE, 0x11, 0x2A, 0xF5, 0x1F, 0x0F,
  0x0C, 0x3D, 0xEE, 0x1A, 0xFA, 0xD1, 0xB0, 0xE3, 0x05, 0x0C,
  0xF3, 0xD2, 0x05, 0x1B, 0x08, 0xEE, 0x35, 0xCE, 0xD4, 0xDE,
  0x20, 0x31, 0xEE, 0x13, 0x1E, 0x03, 0xEE, 0x11, 0x50, 0xF1,
  0x1B, 0x17, 0xE4, 0x23, 0x08, 0x4F, 0x1B, 0xFF, 0xE5, 0x0C,
  0x13, 0x11, 0x00, 0xEC, 0xFF, 0x16, 0x05, 0x00, 0x45, 0xE0,
  0x15, 0x0C, 0x36, 0x19, 0xFB, 0x54, 0x4A, 0xF2, 0x0F, 0xFE,
  0x5D, 0xFA, 0xF7, 0xB6, 0xD4, 0x2D, 0xD6, 0x16, 0x1C, 0x34,
  0xF9, 0x00, 0x0A, 0x53, 0xE6, 0x08, 0xFB, 0x31, 0xDC, 0xDC,
  0x56, 0xF0, 0x4A, 0x36, 0x2E, 0x45, 0x0D, 0x08, 0xDA, 0x41,
  0x38, 0x06, 0xA4, 0xEF, 0xEA, 0x11, 0x30, 0xBA, 0xD9, 0x48,
  0xE8, 0x10, 0xF9, 0x3B, 0x10, 0xAA, 0x0A, 0xE7, 0x07, 0x05,
  0xF0, 0x05, 0x95, 0x31, 0x2E, 0x0B, 0xB4, 0xA4, 0x59, 0x47,
  0xCA, 0x08, 0xD9, 0xD4, 0x03, 0x0B, 0xCD, 0xEC, 0x40, 0x21,
  0xFC, 0x28, 0x0D, 0x12, 0x45, 0xD5, 0x44, 0xF1, 0xF9, 0x12,
  0xD2, 0x02, 0x08, 0x23, 0xB8, 0x22, 0x32, 0xDC, 0xDD, 0xD1,
  0x09, 0x43, 0x15, 0xC8, 0xBE, 0x04, 0x40, 0xF4, 0xDC, 0xCE,
  0x00, 0x3F, 0x37, 0x21, 0x22, 0x1E, 0xD5, 0xE8, 0x0D, 0x47,
  0x05, 0x0F, 0xEC, 0x28, 0xF5, 0x03, 0x32, 0xFD, 0x1C, 0x25,
  0x57, 0x26, 0x81, 0x3D, 0x02, 0xEA, 0x00, 0xF2, 0xFD, 0xF2,
  0x23, 0x0A, 0xD2, 0xFE, 0x20, 0x3F, 0x09, 0x39, 0xA0, 0xE2,
  0xEB, 0x1C, 0x13, 0xFE, 0x1A, 0x1D, 0x1A, 0x08, 0x56, 0xFB,
  0xFA, 0x08, 0x37, 0x40, 0xA3, 0x1B, 0xE7, 0x77, 0x56, 0xFF,
  0xC5, 0xE8, 0x01, 0x1C, 0x10, 0x90, 0x03, 0x3E, 0xD8, 0xFE,
  0x19, 0xF4, 0xD6, 0x97, 0xFB, 0x02, 0x0D, 0xE8, 0xFA, 0xF8,
  0x07, 0x04, 0xFF, 0xE3, 0xA9, 0x0B, 0x36, 0x2C, 0xF9, 0x08,
  0x22, 0xFF, 0xF6, 0xEB, 0xD1, 0x50, 0x07, 0xE5, 0xCD, 0x73,
  0xF0, 0x0F, 0x38, 0xE1, 0x07, 0xBD, 0xF9, 0x26, 0xC9, 0x13,
  0x05, 0xC9, 0xA4, 0x1E, 0x0D, 0xF1, 0xD4, 0xD4, 0x38, 0x5D,
  0x04, 0xCC, 0xE4, 0x11, 0x1E, 0x11, 0xBB, 0x02, 0x21, 0x52,
  0x23, 0x22, 0x17, 0xF6, 0xF5, 0x28, 0x18, 0xF5, 0x29, 0x1A,
  0xEE, 0x04, 0xE0, 0xF6, 0x1D, 0xD3, 0x48, 0xF8, 0x31, 0x07,
  0xF8, 0x14, 0x47, 0x00, 0x02, 0x27, 0x56, 0x3A, 0x41, 0x2C,
  0xE1, 0x37, 0xEB, 0x07, 0xFD, 0x29, 0xF1, 0xFB, 0xF8, 0x30,
  0xFC, 0xFB, 0x02, 0x28, 0xEF, 0xFC, 0x47, 0x02, 0xF1, 0x36,
  0x58, 0x47, 0xF5, 0x15, 0x1A, 0x1E, 0x19, 0xF2, 0x26, 0x0B,
  0x0F, 0x11, 0xFA, 0xF9, 0x06, 0x08, 0xFE, 0xFB, 0xFB, 0xE4,
  0x08, 0x1E, 0xE0, 0x0E, 0x16, 0xDD, 0xDA, 0xE6, 0x30, 0x04,
  0x11, 0x1A, 0x07, 0x26, 0x1B, 0x28, 0x05, 0x00, 0x02, 0xE9,
  0x35, 0xF3, 0xCA, 0xF9, 0x2C, 0x2C, 0x05, 0x1A, 0x22, 0x08,
  0x21, 0xFA, 0x1D, 0x12, 0xEC, 0x17, 0xD7, 0xED, 0xE3, 0xDC,
  0xFE, 0x14, 0x10, 0xEE, 0x15, 0x1D, 0x15, 0x41, 0x1E, 0xB5,
  0xEA, 0xF3, 0x27, 0xD5, 0xE0, 0xF1, 0x27, 0x2F, 0x05, 0x26,
  0x0A, 0x0D, 0xE8, 0xE0, 0x0D, 0x27, 0x02, 0x14, 0xD7, 0x1C,
  0xBE, 0xD0, 0x1C, 0xE2, 0x38, 0xD1, 0x20, 0x10, 0xED, 0x2B,
  0xFA, 0xD9, 0x0E, 0x17, 0xFC, 0x03, 0xFC, 0xE1, 0xF5, 0x0F,
  0x0F, 0x22, 0x0B, 0x2E, 0xDD, 0x0D, 0xD1, 0x2C, 0x2D, 0x12,
  0xF0, 0x30, 0xFF, 0x09, 0x1D, 0xC7, 0x18, 0xE5, 0xFA, 0xFA,
  0xF0, 0xF4, 0xCB, 0xFD, 0xF8, 0xDA, 0xB3, 0x07, 0xDE, 0xD9,
  0xE2, 0xBF, 0xF7, 0xE7, 0xB7, 0xDC, 0x0F, 0xE2, 0xDD, 0xDD,
  0x16, 0x1E, 0x23, 0x02, 0x10, 0xE3, 0xD6, 0x0A, 0x00, 0xCA,
  0xCA, 0xB2, 0x06, 0xEB, 0xC2, 0x17, 0x18, 0xE8, 0xAC, 0x0F,
  0xEB, 0x00, 0xE8, 0x8F, 0xFF, 0xDF, 0xB0, 0xE3, 0x25, 0xEF,
  0x11, 0xEB, 0x0D, 0x1E, 0x22, 0xE3, 0x0C, 0xE8, 0xB8, 0x02,
  0xE4, 0xDB, 0xAA, 0x81, 0x13, 0x0A, 0x28, 0xE6, 0xDE, 0xD6,
  0x1C, 0xF2, 0xFF, 0xE4, 0xE9, 0x17, 0x83, 0xF7, 0x1C, 0x21,
  0xFC, 0xE2, 0x37, 0xE9, 0xC1, 0xEF, 0x10, 0x17, 0x17, 0xF8,
  0x12, 0x2F, 0xFE, 0x28, 0x16, 0x35, 0x14, 0x50, 0x6E, 0xF8,
  0xCC, 0x1C, 0x06, 0xD1, 0xF8, 0x0D, 0x08, 0x6B, 0xE0, 0xCC,
  0xF8, 0x54, 0xFE, 0xE6, 0xE5, 0x1C, 0x34, 0x27, 0x3E, 0x25,
  0x12, 0xC9, 0x20, 0xB8, 0xE1, 0x0D, 0x47, 0x43, 0xD7, 0x7D,
  0x2A, 0xF1, 0x36, 0xDE, 0xC4, 0x4B, 0x2D, 0xF3, 0xE9, 0xD4,
  0x32, 0xF7, 0x2E, 0xF2, 0xC6, 0xCF, 0xBF, 0x11, 0x2C, 0x1A,
  0x3D, 0x25, 0xB4, 0xD4, 0xE6, 0xDE, 0xFE, 0xE4, 0x25, 0xDC,
  0x07, 0xF0, 0xCD, 0xF2, 0x39, 0xF8, 0xB8, 0x46, 0x31, 0xD3,
  0x0B, 0xFA, 0xD5, 0x24, 0x11, 0x20, 0x0F, 0x09, 0x14, 0xD5,
  0xC2, 0xE4, 0x14, 0xFC, 0xF9, 0x5E, 0xCA, 0x0F, 0x04, 0x02,
  0x02, 0xCA, 0x1B, 0xEB, 0x39, 0xDF, 0x20, 0xDF, 0xD3, 0x19,
  0x13, 0x3D, 0x4D, 0x18, 0xA6, 0xFD, 0x1C, 0x31, 0xDF, 0x18,
  0x0C, 0xF8, 0xCE, 0xA3, 0x0F, 0x00, 0x15, 0x16, 0x9F, 0xF4,
  0xCF, 0xEA, 0x1D, 0x28, 0x0A, 0x29, 0x44, 0xAC, 0xE2, 0x05,
  0x10, 0xF5, 0x14, 0x0E, 0x14, 0x14, 0xE6, 0x00, 0x38, 0x30,
  0xED, 0xAF, 0x24, 0xF3, 0x0F, 0xEE, 0x1F, 0x43, 0xA6, 0xC2,
  0xE2, 0xE2, 0xF7, 0x0C, 0x4F, 0x40, 0xDD, 0x26, 0x24, 0x81,
  0xF6, 0x13, 0x22, 0x0C, 0xFA, 0xE0, 0xAC, 0x29, 0x39, 0xEF,
  0x3F, 0x2C, 0xE9, 0xE2, 0x3C, 0x23, 0xFD, 0x28, 0xF5, 0xF5,
  0xB4, 0x06, 0x3B, 0xE9, 0x31, 0x35, 0x26, 0x51, 0x7F, 0xFF,
  0x03, 0x59, 0xDC, 0x7E, 0x14, 0xFA, 0xDF, 0xC8, 0x01, 0x20,
  0x05, 0xDE, 0xE6, 0x15, 0x34, 0xFF, 0x29, 0xE1, 0x32, 0xE8,
  0x0F, 0xCF, 0x2C, 0xAD, 0xFB, 0x33, 0xE0, 0xA5, 0x14, 0x44,
  0x2F, 0x3E, 0xDB, 0x42, 0x0A, 0x50, 0x3D, 0xED, 0xFD, 0x03,
  0xEF, 0x10, 0x21, 0xC7, 0x10, 0xFF, 0xFF, 0xDA, 0x27, 0xDB,
  0x1A, 0xED, 0x0E, 0xDD, 0xD5, 0xA0, 0xE4, 0x16, 0x3A, 0xCB,
  0x13, 0x4D, 0x1B, 0x1B, 0xF5, 0x15, 0xF3, 0xF9, 0x33, 0x01,
  0xFF, 0x00, 0xDB, 0xE2, 0x12, 0xF3, 0xC7, 0x1A, 0x0F, 0xF2,
  0x10, 0xE5, 0xD7, 0x17, 0xE3, 0x03, 0xFB, 0xCD, 0x00, 0x19,
  0xF1, 0x45, 0x1A, 0xFC, 0xE1, 0x0B, 0xB9, 0xEA, 0xF1, 0xC4,
  0x03, 0xDC, 0xEB, 0xFB, 0xEF, 0xD6, 0xC7, 0x1A, 0xBA, 0xD4,
  0x02, 0xD3, 0x0D, 0xC4, 0xE9, 0x07, 0x00, 0xFC, 0x1D, 0xC9,
  0x19, 0x1B, 0x1A, 0xCE, 0xF3, 0x21, 0xD6, 0x18, 0xD0, 0xFE,
  0xD2, 0xEB, 0x20, 0xDF, 0x08, 0x4A, 0x25, 0xAD, 0xEA, 0x2F,
  0xE2, 0xE5, 0xE1, 0xEB, 0x1F, 0x08, 0x26, 0x15, 0xE7, 0xD9,
  0x23, 0x13, 0xE4, 0xD6, 0xF5, 0xC9, 0x10, 0x0D, 0xB2, 0x4A,
  0xD0, 0xD2, 0x1A, 0xC5, 0xFA, 0x00, 0x2B, 0x65, 0x15, 0xA8,
  0x25, 0x43, 0xDA, 0xFE, 0x21, 0x3B, 0x01, 0xF1, 0x26, 0x19,
  0xF7, 0x10, 0x0C, 0x23, 0x05, 0x00, 0x28, 0x23, 0xB5, 0xEA,
  0xD3, 0x20, 0xDF, 0xC8, 0xD0, 0x97, 0x15, 0x4A, 0xFA, 0x32,
  0x3A, 0x19, 0x1A, 0x2B, 0xE1, 0x01, 0x22, 0x2E, 0x0C, 0x1A,
  0xEA, 0x54, 0xC4, 0x08, 0xD8, 0x4C, 0x0F, 0x2A, 0x3F, 0x22,
  0xE2, 0x0A, 0xE5, 0x3B, 0x0E, 0x0D, 0x05, 0x54, 0xE4, 0xD9,
  0xE8, 0x20, 0xFA, 0x23, 0x30, 0xEC, 0x3B, 0xA9, 0x0F, 0xA3,
  0x30, 0x02, 0x7F, 0x24, 0xFD, 0xF2, 0xFE, 0xE5, 0x06, 0x0A,
  0xEA, 0x5B, 0xBC, 0x02, 0x17, 0xE7, 0xFE, 0x03, 0x15, 0x14,
  0xE8, 0x1A, 0xEF, 0xDA, 0x02, 0x32, 0x0C, 0x0F, 0x13, 0xC0,
  0xFA, 0xD0, 0x03, 0x13, 0x3A, 0x18, 0xF5, 0xF5, 0x1C, 0xEF,
  0xD5, 0x41, 0x04, 0x1F, 0xC9, 0x16, 0x33, 0x06, 0x1C, 0xF3,
  0x08, 0x03, 0xFB, 0x23, 0xFD, 0xB5, 0xE9, 0x2F, 0xE6, 0xDF,
  0x13, 0xF3, 0x00, 0xC1, 0xFA, 0x19, 0x22, 0xF8, 0x03, 0x0E,
  0x10, 0xCF, 0xFC, 0x23, 0x01, 0xFE, 0xF6, 0x62, 0x01, 0x1E,
  0x09, 0xF4, 0xD9, 0xEC, 0xED, 0x01, 0xDC, 0xEE, 0xE4, 0x24,
  0x05, 0xE0, 0xEA, 0x0D, 0xB6, 0xD1, 0xEE, 0x40, 0x14, 0xEB,
  0xF3, 0x21, 0xD6, 0xAF, 0x02, 0xFC, 0xE9, 0xFD, 0x19, 0x24,
  0xFC, 0x01, 0x23, 0xD1, 0x2B, 0xFA, 0x04, 0x0D, 0xEF, 0xB7,
  0xEC, 0xF1, 0x15, 0x08, 0xD6, 0x01, 0xC7, 0x04, 0xBA, 0x3F,
  0xEC, 0x15, 0xFF, 0x5E, 0xD8, 0xDD, 0x27, 0xF7, 0xFE, 0x01,
  0x17, 0xE8, 0xF3, 0xDC, 0x20, 0xFD, 0x1F, 0xD1, 0xDD, 0x2D,
  0xC5, 0xCA, 0xB8, 0xBD, 0xE0, 0x24, 0xD1, 0x29, 0x13, 0x3E,
  0xF4, 0x2F, 0xD1, 0xFC, 0x37, 0x04, 0x13, 0x14, 0xFF, 0xCB,
  0x0C, 0x8F, 0xD5, 0xC5, 0xD3, 0x0E, 0x1C, 0x00, 0x01, 0xBE,
  0xF1, 0xF0, 0x01, 0xE6, 0xCE, 0xD0, 0xDB, 0x00, 0xED, 0x5F,
  0xFC, 0x59, 0x18, 0x44, 0xEA, 0x1B, 0x3D, 0x37, 0xEC, 0xFC,
  0x07, 0xC1, 0x1E, 0x95, 0x34, 0x07, 0x12, 0x22, 0x11, 0x0F,
  0x03, 0x11, 0x46, 0xC7, 0xFC, 0x1E, 0xEA, 0x85, 0xF7, 0xCF,
  0x98, 0x17, 0xD1, 0x16, 0x09, 0xA6, 0xDF, 0x05, 0x1F, 0xE9,
  0x2A, 0xB0, 0x84, 0x20, 0x01, 0xB3, 0x3F, 0xDE, 0x23, 0x02,
  0xDE, 0xF7, 0xFE, 0x23, 0x0C, 0xF9, 0xE9, 0x05, 0x16, 0xE3,
  0xC4, 0x0D, 0xE2, 0xF9, 0x0E, 0x35, 0x11, 0xCA, 0xFA, 0xDB,
  0xE0, 0x0C, 0xF4, 0x13, 0xAA, 0xFF, 0xF7, 0xC9, 0x22, 0x13,
  0x07, 0xFC, 0xE8, 0xF7, 0x11, 0x16, 0xE4, 0x26, 0xF8, 0xFA,
  0x18, 0x30, 0xCD, 0xF2, 0x12, 0x15, 0x14, 0x07, 0xEB, 0xF0,
  0x15, 0xFA, 0xBF, 0x3A, 0x11, 0x01, 0x04, 0x11, 0x13, 0x44,
  0xDF, 0x08, 0xEE, 0xED, 0xDE, 0xFC, 0x10, 0xFF, 0xCF, 0x17,
  0x16, 0x18, 0x09, 0x21, 0xD4, 0xE3, 0x0D, 0x0B, 0x23, 0xE8,
  0x0A, 0xF5, 0xD1, 0xF1, 0xF7, 0x16, 0xDA, 0x19, 0x4E, 0xF8,
  0xE5, 0x33, 0xEA, 0xF3, 0xEE, 0xF2, 0x09, 0x2F, 0x0D, 0x24,
  0xEE, 0xEE, 0x18, 0x1A, 0x1B, 0x00, 0x0A, 0xF2, 0xC9, 0x05,
  0xFF, 0x26, 0x10, 0x30, 0x06, 0xFB, 0x1C, 0xFC, 0xFD, 0x0D,
  0x27, 0xD7, 0x0C, 0x10, 0x1E, 0x09, 0x0A, 0x55, 0x35, 0xFF,
  0x09, 0x24, 0x3D, 0xD3, 0x13, 0x1F, 0x24, 0xEC, 0xC6, 0xD0,
  0xB0, 0x29, 0xEB, 0x05, 0x1E, 0x03, 0x01, 0xEA, 0x15, 0xE3,
  0x14, 0xC0, 0xD2, 0x05, 0x0F, 0xB5, 0x57, 0x05, 0x01, 0x0F,
  0x2F, 0x20, 0xF0, 0x28, 0x2F, 0xCA, 0xF5, 0xD7, 0x14, 0xF2,
  0xC5, 0xF4, 0xC0, 0x27, 0x19, 0x38, 0x21, 0xE4, 0x02, 0xEA,
  0xF2, 0x15, 0x22, 0xD9, 0xCC, 0xDB, 0xE3, 0x81, 0x35, 0xFE,
  0x9D, 0x24, 0xD4, 0x2A, 0x49, 0xE2, 0xE4, 0xF1, 0x59, 0xE7,
  0xD9, 0x0A, 0x2C, 0x3E, 0xF9, 0x12, 0x13, 0xDB, 0xFE, 0xB6,
  0x2A, 0x79, 0x2C, 0xCA, 0x07, 0xDA, 0xBC, 0xEC, 0x13, 0x85,
  0xA9, 0xFD, 0x14, 0x1B, 0xD6, 0x39, 0x45, 0x36, 0x84, 0xD0,
  0x53, 0x2D, 0x24, 0xDC, 0xE7, 0x76, 0x0F, 0x36, 0xE1, 0x41,
  0x1C, 0xE5, 0xEF, 0x2C, 0xF1, 0x17, 0x05, 0x15, 0xAC, 0xE2,
  0xFE, 0x16, 0xCC, 0xE9, 0x04, 0x5B, 0xE3, 0x1E, 0x05, 0xB3,
  0xED, 0xEA, 0xAF, 0x31, 0x2E, 0xEB, 0xF2, 0x1B, 0x0E, 0xCD,
  0x2F, 0x09, 0x43, 0xC4, 0xE9, 0xEE, 0xF6, 0xEE, 0xF4, 0x19,
  0xDB, 0x1F, 0x48, 0xE3, 0xF5, 0xF1, 0x2B, 0x6F, 0x10, 0x02,
  0x99, 0x0D, 0x4A, 0x55, 0x07, 0xD5, 0x19, 0x7F, 0x1B, 0x22,
  0x3D, 0x6F, 0x1E, 0xB3, 0x43, 0x4A, 0x15, 0x2A, 0x38, 0x18,
  0x11, 0xC7, 0x32, 0x4B, 0x08, 0x18, 0x63, 0x1E, 0xD9, 0x5F,
  0x15, 0xB8, 0x41, 0x14, 0x2A, 0xD4, 0x01, 0x21, 0xED, 0x47,
  0x66, 0xF3, 0x09, 0x41, 0xA7, 0x22, 0xB3, 0xF4, 0x4C, 0x2B,
  0x49, 0x31, 0x16, 0xEB, 0x4D, 0xBF, 0x5A, 0x30, 0x1C, 0x1C,
  0x98, 0x26, 0xCA, 0x26, 0x5B, 0xD7, 0xCA, 0xF9, 0x3A, 0x10,
  0xCE, 0xBA, 0xEA, 0x6F, 0xE5, 0x02, 0xE6, 0xFD, 0xF8, 0xAB,
  0x06, 0x01, 0x1C, 0xBD, 0xD3, 0x09, 0xCC, 0x4E, 0x0F, 0xE7,
  0xBA, 0xD0, 0x0D, 0x46, 0xCD, 0x2D, 0x20, 0xFE, 0x9E, 0xDB,
  0xD1, 0x3A, 0x50, 0xFA, 0xE5, 0x54, 0x0B, 0x04, 0x31, 0x14,
  0x24, 0xCE, 0xCE, 0x06, 0xD1, 0x04, 0x0A, 0x04, 0x9B, 0x20,
  0x46, 0xED, 0xB5, 0xF9, 0x2B, 0xF1, 0xDA, 0xCE, 0xD0, 0x4A,
  0x3B, 0x13, 0xB3, 0xA4, 0xF9, 0x47, 0x1C, 0xB9, 0x30, 0x07,
  0xBA, 0xEB, 0x41, 0xF3, 0x20, 0x17, 0x19, 0x06, 0xD6, 0xCC,
  0x4E, 0xC6, 0x1B, 0x6A, 0x28, 0x7F, 0xEE, 0x00, 0x00, 0xD6,
  0x00, 0xD2, 0xFA, 0x0B, 0x37, 0xFC, 0xB7, 0xBF, 0xEA, 0x1E,
  0xC1, 0x12, 0xCD, 0x1E, 0x24, 0xFD, 0xBE, 0x0C, 0x12, 0xEB,
  0x17, 0xF1, 0x01, 0xF3, 0xF6, 0x32, 0xCD, 0x12, 0xF4, 0x08,
  0xD2, 0x35, 0x01, 0xCF, 0xD7, 0xE6, 0x1D, 0xE9, 0x05, 0xBB,
  0xA6, 0x3A, 0xD1, 0x03, 0xE6, 0xF4, 0x1C, 0xD1, 0xC8, 0x22,
  0xE9, 0x05, 0x27, 0xFF, 0xDC, 0x29, 0x01, 0x04, 0xD4, 0x02,
  0xFC, 0x2C, 0xC8, 0xED, 0xFE, 0xC9, 0xEB, 0x24, 0x1F, 0xF4,
  0x00, 0xBE, 0x30, 0x19, 0x2E, 0xC7, 0x14, 0xF3, 0x15, 0xFB,
  0xED, 0x23, 0xE8, 0xFC, 0x15, 0x06, 0x0E, 0x0A, 0x13, 0x12,
  0x04, 0xDA, 0xB9, 0x34, 0xD6, 0xBE, 0x02, 0xD4, 0x2A, 0x15,
  0x36, 0x21, 0x17, 0xF2, 0x34, 0x39, 0xBF, 0xF2, 0x26, 0x18,
  0x05, 0xFE, 0xC6, 0x1C, 0xE2, 0x2A, 0xE6, 0x0A, 0xEB, 0x26,
  0xEB, 0xFA, 0xFD, 0xDC, 0xD0, 0x3C, 0x12, 0xDC, 0x04, 0xDF,
  0x14, 0x08, 0x36, 0x0B, 0x03, 0x31, 0xE6, 0x19, 0xF3, 0x4F,
  0x16, 0x41, 0xF9, 0x26, 0x24, 0x2A, 0xF6, 0x21, 0x14, 0x32,
  0x0E, 0x17, 0x24, 0xE4, 0x23, 0xE7, 0x19, 0x71, 0xD5, 0xC8,
  0x24, 0xF3, 0xF5, 0x3F, 0xED, 0x25, 0x05, 0xFA, 0xE5, 0x0C,
  0x1E, 0xF5, 0x0F, 0xD3, 0xB1, 0x06, 0x48, 0x49, 0x2D, 0x4F,
  0xC5, 0xE8, 0x44, 0xD6, 0xFB, 0xF4, 0xF7, 0xD7, 0xED, 0x13,
  0x46, 0xFC, 0x11, 0x05, 0x7E, 0x23, 0x26, 0xE8, 0xFC, 0x4E,
  0xF7, 0x17, 0x0D, 0x19, 0xFA, 0xFD, 0xEE, 0x32, 0x03, 0xE8,
  0xF8, 0x45, 0xEF, 0xFC, 0x55, 0x1F, 0xE5, 0x35, 0x3B, 0x4F,
  0x05, 0x35, 0x1C, 0x1D, 0xF9, 0xF8, 0x1E, 0xDA, 0xF6, 0x2D,
  0x13, 0xF2, 0x0F, 0xF4, 0x13, 0xFD, 0xFB, 0xF1, 0x0C, 0xFC,
  0xDE, 0x2F, 0x1F, 0xDD, 0x05, 0xD3, 0x2F, 0x1B, 0x10, 0x15,
  0x04, 0x31, 0x16, 0x18, 0x18, 0xF6, 0x05, 0x06, 0x1E, 0xE8,
  0xC0, 0xF1, 0x15, 0x54, 0xF1, 0x3C, 0x1B, 0x0F, 0x21, 0xFE,
  0x14, 0x29, 0x05, 0x1F, 0xED, 0x18, 0xE9, 0xF4, 0x10, 0x01,
  0x10, 0xE8, 0xFF, 0x20, 0x32, 0x2A, 0x16, 0xB0, 0xDF, 0xDA,
  0x16, 0xEF, 0xD2, 0xDA, 0x12, 0x2E, 0xD0, 0x18, 0xEE, 0x15,
  0xE5, 0xC3, 0xEF, 0x17, 0xFD, 0xEE, 0xBF, 0x1A, 0xC7, 0xD3,
  0x22, 0xC9, 0x3D, 0xDB, 0x07, 0x0D, 0xF9, 0x27, 0xE6, 0xD7,
  0xFA, 0x14, 0xED, 0x17, 0xFB, 0xDF, 0xCC, 0x06, 0x24, 0x27,
  0xE3, 0x15, 0xD9, 0x04, 0xCA, 0x4B, 0x2E, 0x12, 0xEF, 0x30,
  0x0F, 0x0C, 0x1E, 0xE8, 0x19, 0xF9, 0x0E, 0xDC, 0xE4, 0xD4,
  0xC0, 0x20, 0xF8, 0xD3, 0xAE, 0x03, 0xD5, 0xF1, 0xEA, 0x9A,
  0x02, 0xE4, 0x92, 0xDF, 0x11, 0xC6, 0xF9, 0xE1, 0x10, 0x1E,
  0x18, 0xE7, 0x0E, 0xE3, 0xCB, 0x17, 0x07, 0xE5, 0xB2, 0x9D,
  0x19, 0xF7, 0xD4, 0x27, 0x16, 0xFE, 0xAF, 0x20, 0xE7, 0x1D,
  0xF2, 0xA7, 0x1A, 0xEB, 0xC9, 0xE8, 0x22, 0xE3, 0x1F, 0xFC,
  0xFD, 0x1E, 0x01, 0xF9, 0x0D, 0x03, 0xAA, 0x0C, 0xED, 0xE1,
  0xB7, 0x81, 0xB7, 0xC6, 0xE8, 0xEB, 0x1F, 0xF7, 0xDC, 0xEF,
  0x9C, 0x7F, 0x79, 0xF6, 0x30, 0xD5, 0x08, 0xEF, 0xE3, 0xF1,
  0xFF, 0x0B, 0xD0, 0xC2, 0xDE, 0x64, 0xEA, 0xEB, 0x0D, 0xF0,
  0xE1, 0x0F, 0x1C, 0x05, 0x18, 0xB8, 0xE5, 0x10, 0x05, 0xD4,
  0x31, 0xFB, 0x87, 0x5C, 0x4E, 0x08, 0x29, 0x06, 0xF5, 0x16,
  0xE1, 0xF3, 0xD8, 0x35, 0xB5, 0xB8, 0xA6, 0x4C, 0xFF, 0xF0,
  0x25, 0xF4, 0x01, 0xFE, 0x2A, 0x00, 0x52, 0x03, 0x19, 0xFE,
  0xFB, 0xC7, 0x19, 0xFF, 0xDA, 0x2F, 0xC8, 0xFA, 0x50, 0x45,
  0xE3, 0x12, 0x25, 0xFB, 0x19, 0x21, 0xC2, 0xFA, 0xEF, 0x64,
  0xF2, 0x15, 0x2C, 0xD9, 0x1B, 0xFC, 0x37, 0x36, 0x3B, 0xF2,
  0xFF, 0x0F, 0xF7, 0xBE, 0x03, 0x16, 0xF4, 0xEF, 0xFA, 0xFE,
  0x05, 0x53, 0xDF, 0x21, 0x0D, 0x24, 0x18, 0x24, 0xB2, 0x09,
  0x4F, 0x79, 0x1E, 0x0E, 0x39, 0x20, 0x1D, 0x11, 0x0D, 0x12,
  0x24, 0xE2, 0xD4, 0x02, 0xB2, 0xF7, 0x00, 0x13, 0x04, 0xCB,
  0xC6, 0xFF, 0xD9, 0xD9, 0x02, 0xFD, 0xD8, 0x34, 0xB0, 0x1A,
  0xBD, 0x36, 0x63, 0x1C, 0x4F, 0x2E, 0x3F, 0x00, 0x00, 0xB8,
  0xE2, 0xDD, 0xC9, 0xEB, 0xBE, 0xE3, 0x8D, 0x06, 0x23, 0x3B,
  0xC3, 0xA7, 0x92, 0x43, 0x14, 0xB7, 0xF8, 0x26, 0x18, 0x67,
  0x05, 0x01, 0xE1, 0x20, 0x18, 0x02, 0x17, 0x26, 0x20, 0xC1,
  0xA0, 0xC6, 0xDF, 0xE6, 0xB5, 0x21, 0xF3, 0xF0, 0xA1, 0xFE,
  0x14, 0x07, 0xA9, 0xB7, 0xE2, 0x09, 0x0C, 0xB0, 0x22, 0x69,
  0xFF, 0x55, 0x5B, 0xE7, 0xFE, 0xFE, 0xE9, 0xFC, 0x08, 0x31,
  0x1C, 0xEB, 0x0D, 0x13, 0x14, 0x36, 0x11, 0xE0, 0xAF, 0x18,
  0xF9, 0xF0, 0x03, 0x00, 0x37, 0xCE, 0xCE, 0xCB, 0xFB, 0x12,
  0xB0, 0x26, 0xFE, 0x36, 0x0C, 0xAE, 0x81, 0xFD, 0x04, 0xEA,
  0x3F, 0x27, 0x02, 0x14, 0x07, 0x16, 0xF0, 0x03, 0x04, 0xF1,
  0xCF, 0x38, 0x09, 0xFE, 0x18, 0xE9, 0x1A, 0x06, 0xF7, 0xE4,
  0x09, 0x09, 0xED, 0x31, 0x3D, 0x10, 0x07, 0xCC, 0xC8, 0x08,
  0x13, 0xF1, 0x23, 0xEE, 0xEB, 0x39, 0x17, 0xF5, 0xE2, 0x09,
  0xDE, 0x14, 0xF5, 0xDE, 0xF4, 0x17, 0x43, 0xFA, 0xE7, 0x01,
  0x16, 0x01, 0x0B, 0x1B, 0xFE, 0xF3, 0x20, 0xF4, 0x12, 0x0A,
  0xF1, 0x24, 0xF9, 0x16, 0x11, 0xE3, 0x3A, 0xFA, 0xE4, 0x15,
  0xEF, 0xF3, 0xF1, 0x1E, 0xE4, 0xC7, 0xF5, 0x0A, 0x0F, 0xF3,
  0xD6, 0x0A, 0x0A, 0x10, 0x20, 0x24, 0x01, 0x0B, 0xF8, 0x03,
  0xE9, 0x11, 0x1F, 0x05, 0xED, 0x0D, 0x08, 0xF3, 0x26, 0xD5,
  0x12, 0xF2, 0xF6, 0xE3, 0xE5, 0x16, 0xE2, 0x09, 0x11, 0xF7,
  0xEF, 0xFB, 0xE9, 0x18, 0x19, 0x03, 0x20, 0xF2, 0xF7, 0xFB,
  0x0F, 0xFA, 0x02, 0x0E, 0x58, 0xFB, 0xED, 0x06, 0x1A, 0xFF,
  0x0A, 0x15, 0xFF, 0x07, 0xDB, 0x08, 0xF8, 0x23, 0xF9, 0x12,
  0x11, 0x15, 0xD6, 0x1D, 0xFA, 0x13, 0x36, 0xE8, 0xFD, 0xFF,
  0x1E, 0xCD, 0xFA, 0xB9, 0xE3, 0x17, 0x52, 0xE1, 0xE1, 0xF9,
  0x00, 0x00, 0xD8, 0x25, 0xFF, 0x20, 0xB8, 0x14, 0x1D, 0x1A,
  0x07, 0x12, 0x43, 0xF6, 0x06, 0x25, 0xCF, 0x2A, 0x28, 0x0D,
  0x2E, 0x06, 0x3A, 0xBC, 0xF8, 0xA7, 0xD4, 0x12, 0x48, 0xEE,
  0xED, 0xFA, 0xCE, 0xD2, 0x06, 0x2A, 0xFF, 0x11, 0xCC, 0x24,
  0xED, 0x36, 0x0D, 0xE4, 0x21, 0x1D, 0x1B, 0x09, 0x00, 0x05,
  0xFA, 0x12, 0x04, 0xF9, 0xC6, 0x07, 0xF8, 0xFF, 0x31, 0xA4,
  0xE2, 0xEC, 0x25, 0xD5, 0x08, 0x0A, 0xEA, 0xD9, 0xFC, 0xEF,
  0x1D, 0xCA, 0xF2, 0x10, 0xDD, 0xE8, 0x1C, 0xFC, 0x39, 0xBA,
  0x1C, 0x12, 0x01, 0xFC, 0x15, 0x38, 0xC4, 0x01, 0x23, 0xF5,
  0x06, 0xE3, 0x0D, 0xE4, 0x0E, 0xC0, 0x0B, 0xF0, 0xF4, 0x05,
  0xC5, 0xEE, 0xF7, 0xF2, 0x21, 0x20, 0xFA, 0x18, 0xF3, 0xD4,
  0x36, 0xD1, 0x43, 0xFD, 0x03, 0xD3, 0xDE, 0x0B, 0xFC, 0xFC,
  0x1C, 0xE6, 0xE4, 0x18, 0x0D, 0xE5, 0xEF, 0xDE, 0xD4, 0xE4,
  0xF3, 0x19, 0xD2, 0xD0, 0x0A, 0x10, 0x2C, 0xEC, 0x03, 0xFA,
  0x08, 0xA0, 0x02, 0xEF, 0x2E, 0x15, 0x1B, 0xF5, 0xF6, 0xFF,
  0xEE, 0x32, 0xFE, 0xE7, 0xCD, 0xE1, 0xED, 0x01, 0xD3, 0xA6,
  0x81, 0xD0, 0x14, 0x28, 0xCF, 0xED, 0xD7, 0xDC, 0x03, 0x0C,
  0xFB, 0x07, 0xD2, 0xA8, 0x0C, 0xFC, 0x08, 0x3E, 0x15, 0x22,
  0x06, 0xF2, 0x16, 0x24, 0x0E, 0xF5, 0xC9, 0xC8, 0xFC, 0xFC,
  0xE2, 0xEE, 0x8C, 0xE9, 0xDF, 0xF9, 0xCD, 0x0E, 0xFB, 0xFA,
  0xEE, 0x0B, 0xEB, 0x06, 0x0C, 0x0D, 0x01, 0x13, 0x26, 0x39,
  0x34, 0xF4, 0x1C, 0xDC, 0xD6, 0x0C, 0x09, 0x03, 0x24, 0xFA,
  0xF6, 0x01, 0xCF, 0x08, 0xED, 0xFE, 0xD5, 0xE3, 0x09, 0x07,
  0xF8, 0xEA, 0xDC, 0x27, 0x2B, 0x14, 0x0E, 0x08, 0x3A, 0xEA,
  0x32, 0x1D, 0xE8, 0x06, 0xD8, 0xFC, 0xCF, 0xD1, 0x2E, 0xEF,
  0x58, 0xB5, 0xEA, 0x0B, 0x07, 0xDB, 0x2A, 0x16, 0xF8, 0xD0,
  0xED, 0xE0, 0x32, 0xF7, 0x31, 0x00, 0x35, 0x3B, 0xDF, 0x65,
  0x40, 0xFD, 0xCD, 0x5C, 0x0D, 0x46, 0x66, 0x03, 0xF1, 0x23,
  0xFD, 0xDD, 0x6C, 0x15, 0xCA, 0xCB, 0xF1, 0xC4, 0xDE, 0x1C,
  0x32, 0xBB, 0x07, 0x36, 0x00, 0x9C, 0x4A, 0x0A, 0x09, 0x15,
  0xFE, 0x3F, 0xEB, 0xCF, 0x94, 0x59, 0x22, 0x22, 0x09, 0xB5,
  0xE2, 0x36, 0x15, 0xDE, 0x64, 0xE5, 0xB9, 0xF2, 0xEF, 0x2B,
  0x7C, 0xD5, 0xEA, 0xE7, 0xDC, 0x43, 0x2D, 0xF2, 0xF8, 0xC9,
  0x1E, 0x15, 0xF5, 0x01, 0xF0, 0xE7, 0xFC, 0x53, 0x11, 0xDD,
  0xCD, 0x98, 0x1C, 0x32, 0x07, 0xE3, 0x08, 0xC8, 0x13, 0x56,
  0xFC, 0xF0, 0x4E, 0x00, 0x1E, 0xCA, 0xD5, 0xC6, 0x5B, 0x4D,
  0x00, 0xB9, 0xBE, 0x46, 0x0E, 0xA6, 0x09, 0x08, 0xC6, 0x10,
  0x10, 0xBD, 0xFB, 0xDB, 0xE3, 0x1A, 0x06, 0x07, 0xDA, 0xBD,
  0xFA, 0xCE, 0xF7, 0x28, 0x00, 0x25, 0xE4, 0xCC, 0xEB, 0xD8,
  0x1E, 0x36, 0x33, 0xF0, 0xEA, 0xFE, 0xCF, 0xEC, 0x1D, 0x0F,
  0xCF, 0x11, 0xBB, 0xE4, 0xEB, 0x23, 0x2C, 0x1A, 0x40, 0x03,
  0xA4, 0x19, 0xF1, 0xC2, 0xDD, 0x21, 0xEF, 0x39, 0xD8, 0x59,
  0x41, 0x1A, 0xF5, 0x46, 0x2B, 0x29, 0x21, 0x2C, 0xF1, 0x23,
  0x2B, 0xE9, 0xD4, 0xED, 0xF2, 0x31, 0x43, 0x44, 0x45, 0xEB,
  0x30, 0x08, 0xEE, 0x51, 0x26, 0xC7, 0x0D, 0x15, 0xA9, 0x0A,
  0x2A, 0x00, 0x12, 0x23, 0xD6, 0x06, 0x1A, 0xF5, 0xEC, 0x35,
  0xFC, 0x13, 0xEF, 0xDE, 0x81, 0xF9, 0xE1, 0x49, 0x37, 0xAB,
  0x24, 0xBF, 0x1E, 0xCB, 0xF0, 0xFD, 0xE1, 0xC9, 0x18, 0x2B,
  0x07, 0xF1, 0x14, 0x5D, 0x04, 0x70, 0xA7, 0x81, 0x1E, 0x2E,
  0xEC, 0xF5, 0x0A, 0x07, 0x28, 0xDB, 0x3D, 0x15, 0xD9, 0x04,
  0x05, 0x27, 0xA6, 0xCD, 0x1C, 0xEE, 0x57, 0xB8, 0x29, 0x1C,
  0x4A, 0xD3, 0x40, 0xD7, 0xE4, 0x18, 0x05, 0xBF, 0xEE, 0xF5,
  0xF7, 0x3C, 0xF7, 0x3B, 0xF2, 0x43, 0x10, 0xD0, 0x59, 0xE9,
  0xF2, 0xBA, 0xEE, 0x38, 0xAD, 0xC5, 0xFE, 0xFC, 0xFD, 0x36,
  0x3B, 0x21, 0x0D, 0x0A, 0x00, 0x14, 0xDA, 0x52, 0x1E, 0x02,
  0x16, 0x10, 0xFE, 0x39, 0xE4, 0xFD, 0xF7, 0xF6, 0xFD, 0x1C,
  0x0B, 0xEC, 0xFA, 0xEE, 0x06, 0x15, 0xE0, 0xAC, 0xCF, 0xD6,
  0xA0, 0x3B, 0x1C, 0x25, 0xD8, 0xE6, 0xFA, 0xCF, 0x03, 0x32,
  0xFE, 0x12, 0xE8, 0x1C, 0xBD, 0xFE, 0x1D, 0xCA, 0xFB, 0xBF,
  0xEF, 0x0B, 0xF1, 0xCC, 0xD9, 0xFE, 0xF7, 0x12, 0xF0, 0x0D,
  0xFB, 0xFD, 0xE1, 0x35, 0x08, 0xF8, 0xCC, 0xD5, 0xF1, 0xDF,
  0xFF, 0x28, 0xFA, 0xE3, 0x13, 0x16, 0xF2, 0x17, 0x01, 0xE1,
  0x1D, 0xEC, 0xF2, 0xAA, 0xEB, 0x0C, 0xE3, 0x08, 0x00, 0x24,
  0xC7, 0x41, 0xFE, 0x37, 0xFE, 0xEF, 0xFA, 0xDF, 0xFF, 0x09,
  0xF8, 0xF8, 0xFC, 0xF0, 0x2C, 0xEA, 0x1B, 0x21, 0xCB, 0x0C,
  0xFD, 0xF0, 0xFA, 0x35, 0x21, 0xEB, 0x12, 0x09, 0xE8, 0xEA,
  0xC1, 0x01, 0xA7, 0xFE, 0x20, 0x0C, 0x3B, 0x08, 0x0E, 0x0C,
  0x2C, 0x00, 0x39, 0xE1, 0xF4, 0xFA, 0x23, 0xEE, 0x11, 0xE7,
  0xDC, 0x26, 0xE6, 0x05, 0x0E, 0x20, 0x3D, 0x27, 0x34, 0x1A,
  0xDF, 0xC1, 0xDE, 0x07, 0xAA, 0x81, 0xFF, 0xC4, 0x11, 0x1E,
  0x01, 0x23, 0x19, 0xF6, 0x15, 0x09, 0xF6, 0xF6, 0xFB, 0x14,
  0xEE, 0xE1, 0xFB, 0x35, 0xBC, 0xD3, 0x36, 0xB7, 0xE4, 0x14,
  0x09, 0xF9, 0xC7, 0xF9, 0xE6, 0x06, 0x20, 0xC5, 0x1B, 0xEB,
  0x33, 0xF9, 0x17, 0x01, 0xDE, 0x08, 0xFA, 0x59, 0x35, 0xFD,
  0xE4, 0x4D, 0xD9, 0xFC, 0xD7, 0xF3, 0xFF, 0xE8, 0x25, 0x91,
  0x07, 0x2E, 0x19, 0x02, 0x13, 0xEE, 0x0B, 0x17, 0xE3, 0xD7,
  0xFF, 0xE4, 0x13, 0xC6, 0xFE, 0x27, 0xDE, 0xDB, 0x1B, 0x06,
  0x00, 0x4F, 0x02, 0x35, 0xD0, 0x25, 0x23, 0x1D, 0x26, 0xCD,
  0xC7, 0xEF, 0x38, 0x0A, 0x1B, 0xFA, 0x1F, 0x23, 0x06, 0x01,
  0xFF, 0xE6, 0x16, 0xE3, 0xF9, 0x04, 0x20, 0xF7, 0xFD, 0x23,
  0xF5, 0xF7, 0x23, 0x3D, 0xD2, 0x05, 0x27, 0x3C, 0x16, 0x60,
  0x12, 0x9E, 0xDB, 0xEC, 0x10, 0xFF, 0xE0, 0x0A, 0xD1, 0x0D,
  0x21, 0xF1, 0x17, 0xFA, 0xFB, 0x02, 0xE2, 0x3D, 0x2C, 0xF4,
  0xE7, 0x34, 0xED, 0xDC, 0x30, 0xBB, 0xDC, 0xFE, 0x2C, 0x1B,
  0xD7, 0x31, 0x10, 0xFD, 0x19, 0x05, 0xF6, 0x04, 0xF7, 0x0B,
  0xED, 0xFC, 0xED, 0xF9, 0xDD, 0xFD, 0x01, 0xE9, 0xEE, 0xF7,
  0xE5, 0xDF, 0xF0, 0x03, 0xC2, 0xD8, 0x1D, 0xFE, 0x14, 0x01,
  0x1B, 0xC9, 0x0D, 0x08, 0x1B, 0x3B, 0xF8, 0x15, 0xC9, 0x10,
  0xF5, 0xE9, 0xF3, 0xD2, 0xB5, 0x20, 0xE1, 0x29, 0xF5, 0x12,
  0xD1, 0xFF, 0x13, 0xD9, 0x1F, 0xF5, 0x14, 0xF3, 0xC9, 0xEA,
  0xFD, 0x98, 0xFC, 0xD8, 0xD9, 0x3D, 0x3E, 0x56, 0x1D, 0x18,
  0xFB, 0xE4, 0x08, 0x2F, 0xF7, 0xE5, 0xDE, 0x25, 0x14, 0x17,
  0xE8, 0xEA, 0x14, 0x18, 0x22, 0xEC, 0x37, 0xFF, 0xF8, 0xF7,
  0xDA, 0xEB, 0x0D, 0x81, 0x66, 0xF0, 0x26, 0x3C, 0xEB, 0x1B,
  0x28, 0xF8, 0x4E, 0x21, 0x58, 0x01, 0x46, 0x31, 0x20, 0x16,
  0xC1, 0x04, 0xEA, 0x40, 0x42, 0xB3, 0xDD, 0x0E, 0xE8, 0xE0,
  0x25, 0x10, 0x01, 0x15, 0xD5, 0xDA, 0xE8, 0xEE, 0x1D, 0x25,
  0x35, 0x41, 0xF6, 0x2B, 0xD4, 0x30, 0x38, 0xFE, 0x0D, 0x4F,
  0xEE, 0x19, 0x2E, 0xD3, 0x33, 0xB8, 0x20, 0xF6, 0x39, 0x06,
  0xF5, 0xD6, 0x0D, 0x07, 0x0A, 0x13, 0xCD, 0x29, 0xEC, 0xFD,
  0xE7, 0x13, 0x34, 0x19, 0xF0, 0xF7, 0xF4, 0xF9, 0xED, 0xE5,
  0x2B, 0x29, 0x1E, 0xF2, 0x0A, 0x0F, 0x02, 0xD5, 0xEE, 0x79,
  0x25, 0x00, 0x1B, 0xFF, 0xC4, 0xF6, 0x3B, 0xDE, 0xD1, 0x3B,
  0x33, 0x10, 0xE6, 0x27, 0xFD, 0xE3, 0x2B, 0xD9, 0x03, 0xC1,
  0x02, 0xDC, 0xF5, 0xFF, 0x12, 0xDE, 0xF1, 0x23, 0x07, 0xBF,
  0xEB, 0x31, 0x13, 0xE7, 0x10, 0x0C, 0xF8, 0xE7, 0x30, 0x4F,
  0x11, 0x2A, 0x5E, 0x2D, 0xD2, 0x21, 0x2D, 0xFC, 0x15, 0xB9,
  0x07, 0xDC, 0xFD, 0xCB, 0x17, 0xEC, 0x2B, 0x0C, 0xBE, 0x6B,
  0x03, 0x08, 0xE5, 0xDF, 0x1D, 0xE9, 0x0B, 0x3D, 0x08, 0xEC,
  0xE6, 0xFE, 0x11, 0xE5, 0x2D, 0x48, 0x22, 0xF4, 0xF9, 0x0D,
  0x1A, 0xEA, 0x03, 0xDE, 0xF1, 0x23, 0x22, 0x17, 0xE6, 0x11,
  0xA7, 0xF8, 0x3C, 0x39, 0x7F, 0xBD, 0xB5, 0xCA, 0xD9, 0xBD,
  0x12, 0x0D, 0xAE, 0xF7, 0xE0, 0xC3, 0xEA, 0xE5, 0x23, 0x3B,
  0xBF, 0x17, 0xF7, 0x0B, 0xFD, 0x10, 0x22, 0x19, 0x1A, 0x23,
  0x04, 0xED, 0x03, 0xD8, 0x26, 0xFA, 0x13, 0xC3, 0xB4, 0xE9,
  0xBB, 0xDF, 0x10, 0xD7, 0x8E, 0xF6, 0xD2, 0x1B, 0xDE, 0x9A,
  0x45, 0xF0, 0x0F, 0xFF, 0xD4, 0x17, 0xFF, 0x0F, 0x0F, 0xC2,
  0xCC, 0x33, 0xA8, 0x16, 0x27, 0xD5, 0x13, 0xEF, 0x14, 0xDF,
  0x18, 0x19, 0xF6, 0x03, 0x1E, 0x23, 0x2E, 0xFE, 0x06, 0x3D,
  0xED, 0xF4, 0x12, 0xD6, 0x03, 0xF1, 0xE9, 0x0A, 0xED, 0x12,
  0x1B, 0xBB, 0xD0, 0x1F, 0xE4, 0x00, 0x18, 0xD8, 0x10, 0xEF,
  0x01, 0xF9, 0x0A, 0x26, 0x00, 0xF8, 0x2E, 0x1C, 0x1D, 0x14,
  0xF9, 0x19, 0xD7, 0xF7, 0xEF, 0xED, 0xE1, 0xEC, 0xC3, 0x15,
  0xF4, 0x35, 0x03, 0xE2, 0xF8, 0x2A, 0x04, 0xC1, 0x0D, 0xE0,
  0xFE, 0xFB, 0x13, 0xFC, 0xEF, 0x17, 0xE9, 0xDA, 0x23, 0x09,
  0x10, 0xF0, 0xCF, 0x28, 0xE6, 0xE6, 0xE3, 0x1D, 0xE0, 0xF5,
  0xD6, 0x05, 0xF8, 0xFD, 0xD7, 0x04, 0x1B, 0x01, 0x14, 0xC4,
  0x2E, 0xFE, 0xE4, 0xF7, 0x32, 0xEE, 0xFB, 0xFC, 0xB3, 0xDF,
  0x06, 0xFB, 0x17, 0x02, 0xD4, 0x21, 0xF2, 0x0A, 0xEC, 0x22,
  0x12, 0x22, 0x02, 0xF6, 0x14, 0x16, 0xEC, 0x38, 0x1B, 0xDB,
  0x46, 0xE0, 0x26, 0x18, 0x08, 0xFD, 0x2B, 0xF0, 0x0E, 0xFB,
  0xB4, 0xFD, 0x01, 0xF5, 0x01, 0x15, 0xEF, 0x31, 0x0B, 0x24,
  0xFD, 0x0C, 0x04, 0x16, 0xE8, 0xE6, 0x26, 0x0F, 0x02, 0x49,
  0x4C, 0xC9, 0x3E, 0xF8, 0xF8, 0x07, 0x07, 0xFF, 0x02, 0xF7,
  0x03, 0xFB, 0xE0, 0x13, 0xE7, 0xC9, 0xFC, 0x22, 0xEA, 0x18,
  0xF3, 0x24, 0x45, 0xFF, 0x13, 0x1F, 0x03, 0xF9, 0x07, 0x03,
  0xE5, 0x5E, 0x7F, 0xD3, 0x34, 0x08, 0xCA, 0xEA, 0x11, 0xF9,
  0xF9, 0xF3, 0xEF, 0x06, 0x0A, 0xF0, 0xFC, 0xCE, 0xF0, 0x4A,
  0xE3, 0xF7, 0xEC, 0xEF, 0x08, 0x0D, 0x1B, 0xCB, 0x37, 0xE6,
  0x1E, 0x28, 0x33, 0xFB, 0xC1, 0x1F, 0x1F, 0xE7, 0x0E, 0xDC,
  0xEC, 0x1A, 0x3D, 0x9E, 0xF4, 0xDD, 0x38, 0xCA, 0xEC, 0x00,
  0xE8, 0x1F, 0xD0, 0x0B, 0x20, 0x11, 0xED, 0xFB, 0xD5, 0xEA,
  0xE2, 0xDE, 0x1F, 0x06, 0x46, 0xED, 0x0F, 0xFA, 0xF0, 0x1E,
  0xC2, 0xC2, 0x14, 0x0E, 0x1D, 0xDE, 0x16, 0xDA, 0xFA, 0xB8,
  0xDB, 0xE0, 0x0D, 0x1F, 0x93, 0xFE, 0x18, 0xF3, 0xEB, 0x0D,
  0xD7, 0x1A, 0xCE, 0x07, 0x09, 0xD7, 0x3B, 0x2D, 0x29, 0xE8,
  0xF6, 0xF4, 0x05, 0xEE, 0x0D, 0xEC, 0x12, 0x1B, 0x1A, 0xCE,
  0xF7, 0xE0, 0xDE, 0xC0, 0xB7, 0x1C, 0xD2, 0xD3, 0xFC, 0x00,
  0xE3, 0xEA, 0xF5, 0x05, 0x11, 0xE8, 0xD4, 0x05, 0x23, 0xED,
  0xF8, 0x04, 0xF7, 0x22, 0xD5, 0x0C, 0x16, 0x06, 0xFB, 0xC9,
  0x00, 0xD7, 0xB9, 0xC2, 0xA0, 0x9B, 0xD4, 0x11, 0xB3, 0xDD,
  0x12, 0xE9, 0xFE, 0xC2, 0xEC, 0x0D, 0x11, 0xD8, 0xF7, 0x2C,
  0x1A, 0xF8, 0x14, 0x29, 0x40, 0xF7, 0xF5, 0xD3, 0x33, 0x02,
  0x0D, 0xE8, 0xEC, 0xEB, 0xF1, 0xE5, 0x88, 0xBD, 0xD9, 0x36,
  0xC8, 0xD0, 0x0C, 0xEF, 0xED, 0xBA, 0x0D, 0xAA, 0xEF, 0x22,
  0xF2, 0x2B, 0x27, 0x5F, 0x0B, 0xDB, 0x0B, 0xD5, 0x07, 0xFB,
  0x26, 0x2C, 0x2B, 0xEF, 0x16, 0x0D, 0xE3, 0x1B, 0xE3, 0xD7,
  0x8F, 0x14, 0xD7, 0x05, 0x00, 0x04, 0xFA, 0x14, 0xD8, 0xCB,
  0xFB, 0x2E, 0x24, 0x14, 0x42, 0x36, 0x1B, 0x16, 0x11, 0x0F,
  0x01, 0x81, 0x03, 0xDD, 0x56, 0xCB, 0xE1, 0x13, 0xDA, 0xCF,
  0x10, 0x12, 0xFB, 0x00, 0xC5, 0xDD, 0xFE, 0x2B, 0x00, 0x1C,
  0x07, 0x03, 0xFE, 0xF7, 0xEF, 0xF8, 0x2B, 0xFA, 0xE6, 0x0A,
  0x18, 0x20, 0xC3, 0x16, 0x19, 0xC4, 0xBD, 0xF1, 0x36, 0x15,
  0xBD, 0xCB, 0x04, 0xF5, 0x0A, 0x2D, 0xBD, 0xFB, 0xF0, 0xF6,
  0x17, 0x01, 0x0F, 0x21, 0x10, 0xFF, 0xE2, 0xAD, 0x11, 0x27,
  0x0F, 0xF0, 0x18, 0x25, 0x05, 0x02, 0x0F, 0xDB, 0xEA, 0x26,
  0x18, 0xED, 0xF4, 0xF7, 0xCC, 0xBD, 0xF1, 0x0B, 0xE4, 0xE7,
  0xD7, 0x26, 0xFE, 0xDF, 0xF2, 0x0A, 0x01, 0xDC, 0xEF, 0xF9,
  0x17, 0xE8, 0xFD, 0x01, 0xF2, 0xF5, 0xDE, 0xF3, 0x3B, 0xF9,
  0xE9, 0xDB, 0x04, 0xDF, 0xF0, 0xDF, 0xA9, 0xC9, 0xCA, 0x29,
  0x0D, 0xE6, 0xF2, 0x06, 0xF6, 0xE2, 0xF7, 0xFA, 0x10, 0xEF,
  0x02, 0xFF, 0xE0, 0xFC, 0x03, 0xFF, 0x1D, 0xF3, 0xF3, 0xEF,
  0x3C, 0xDB, 0x14, 0xD9, 0x03, 0x02, 0xFF, 0x05, 0xF7, 0xEF,
  0xE1, 0x0D, 0xFA, 0xDC, 0xDD, 0x03, 0xF0, 0xF3, 0xD6, 0xF1,
  0x2D, 0x02, 0x1B, 0xF4, 0xF5, 0x11, 0x10, 0xF8, 0xFD, 0x01,
  0x09, 0xEA, 0x12, 0xF2, 0x15, 0xE3, 0x15, 0xE7, 0xF2, 0x12,
  0x11, 0xFD, 0xF1, 0x00, 0xF5, 0xF6, 0xC4, 0xFB, 0x1A, 0x0C,
  0x01, 0x17, 0xFD, 0xFF, 0x1A, 0xE6, 0x1C, 0x19, 0xEE, 0xFA,
  0x24, 0x19, 0x13, 0xE9, 0x32, 0xDF, 0x1F, 0xF8, 0xEE, 0xED,
  0x16, 0xEF, 0x16, 0xF6, 0x07, 0x07, 0xE0, 0xF6, 0xCB, 0x1E,
  0xF7, 0x2B, 0xF5, 0x21, 0xFB, 0xEC, 0xD3, 0x1D, 0x18, 0x1D,
  0xEF, 0xE0, 0x25, 0x12, 0xF1, 0xF0, 0x32, 0xF4, 0x81, 0x0E,
  0x2A, 0xDF, 0xFD, 0xF8, 0xCB, 0xD1, 0x0F, 0x06, 0xE2, 0xE0,
  0xF9, 0xD2, 0x17, 0xF5, 0xAB, 0xD3, 0x28, 0xB6, 0xDB, 0x55,
  0x08, 0x4A, 0x01, 0xFE, 0xC4, 0xFA, 0x46, 0x11, 0xFE, 0xD6,
  0xF2, 0x11, 0xD0, 0x2F, 0x23, 0x48, 0xCE, 0x38, 0x11, 0xFB,
  0xD7, 0x1E, 0x18, 0x3D, 0xED, 0x13, 0x27, 0xD1, 0xFF, 0xB8,
  0x2B, 0x3A, 0xD5, 0x13, 0x02, 0xFC, 0x29, 0x00, 0x2D, 0xCB,
  0x08, 0xC5, 0xE7, 0x32, 0xFA, 0xAF, 0xE2, 0x3A, 0xBC, 0x4A,
  0x22, 0x19, 0xEE, 0x4D, 0x2C, 0x46, 0xBE, 0x23, 0x0B, 0x12,
  0x0D, 0x2E, 0x32, 0x2D, 0xE5, 0x0B, 0xED, 0x40, 0x19, 0x1D,
  0x0F, 0xFA, 0xF8, 0x24, 0x1F, 0x13, 0xE6, 0xCC, 0x17, 0xF0,
  0x02, 0x03, 0x40, 0xF4, 0x17, 0x49, 0x42, 0x04, 0x17, 0x0B,
  0x30, 0x16, 0xEE, 0x1D, 0x47, 0xD6, 0xDD, 0x33, 0x0B, 0xE5,
  0x3D, 0xF3, 0xCF, 0x13, 0xDE, 0x05, 0x38, 0xF8, 0xEC, 0xD5,
  0x01, 0x05, 0x1B, 0xD8, 0xF6, 0x2E, 0xE0, 0x02, 0x04, 0xF7,
  0x37, 0xF2, 0x2D, 0x22, 0x12, 0x11, 0xFB, 0xE2, 0xEF, 0x6B,
  0xFF, 0xF7, 0xE1, 0xD9, 0x34, 0x13, 0xCF, 0x12, 0x44, 0xDF,
  0x28, 0x1E, 0xDE, 0x18, 0x08, 0xFE, 0xFC, 0xFE, 0xF0, 0x08,
  0x2B, 0x11, 0x06, 0x06, 0xE7, 0xCB, 0x1A, 0xA9, 0xD9, 0x45,
  0xE5, 0x2A, 0xE1, 0x35, 0x0E, 0xD7, 0x14, 0xF6, 0x2F, 0x11,
  0x11, 0x05, 0x02, 0x06, 0x31, 0x44, 0xDC, 0x2B, 0xF7, 0xFF,
  0xEE, 0x0B, 0x3A, 0x0D, 0xD3, 0xF1, 0xB5, 0x93, 0x53, 0xB4,
  0x1E, 0x7F, 0xD6, 0xF8, 0xE2, 0x1C, 0xF5, 0xD6, 0x6C, 0x07,
  0x2D, 0xE9, 0xBE, 0x4B, 0x20, 0xEF, 0x16, 0x79, 0xC0, 0x41,
  0x1D, 0xDB, 0xFF, 0x25, 0xEB, 0x27, 0x4A, 0x30, 0xF3, 0xFB,
  0xE8, 0xE1, 0xEE, 0xDC, 0xB1, 0xDA, 0xFF, 0x1A, 0xD3, 0xEC,
  0x23, 0x45, 0x2B, 0xED, 0x1B, 0x06, 0xD7, 0x17, 0xD2, 0xEB,
  0xF3, 0x25, 0xCC, 0x1F, 0x07, 0x0A, 0x1A, 0x2E, 0x18, 0x33,
  0x59, 0x8C, 0xD7, 0x1B, 0x47, 0xF5, 0xC0, 0xBE, 0xF4, 0x3D,
  0xFB, 0xE1, 0x29, 0x3D, 0xE4, 0xFF, 0xF8, 0x6C, 0xFA, 0xE8,
  0xD2, 0x38, 0x03, 0x1F, 0x22, 0x0E, 0xE0, 0x2D, 0x5C, 0x43,
  0xD0, 0x13, 0x0D, 0xD1, 0x13, 0x07, 0x41, 0x18, 0xE1, 0xF4,
  0x01, 0xEC, 0x11, 0xFF, 0x03, 0x16, 0xCA, 0xEC, 0xE5, 0x1C,
  0x05, 0xCB, 0xD3, 0x29, 0xF3, 0x00, 0x46, 0xEB, 0xF8, 0x19,
  0x13, 0x0A, 0xF8, 0x0F, 0xDB, 0x46, 0x23, 0xF2, 0xD2, 0xE1,
  0xEF, 0x15, 0x17, 0x81, 0x09, 0xF7, 0xE8, 0x16, 0x2F, 0xFA,
  0xFA, 0xC5, 0xD9, 0xEB, 0xD0, 0x30, 0xF5, 0xFE, 0xD4, 0x0E,
  0x0D, 0xF3, 0xB8, 0xDE, 0x44, 0x33, 0xFF, 0x2E, 0xFE, 0xE6,
  0xD0, 0xFE, 0xCD, 0x0A, 0x17, 0xEA, 0xFC, 0xEC, 0x1A, 0x13,
  0x14, 0xF7, 0x2F, 0xF6, 0xD1, 0xF9, 0xC8, 0xF6, 0xFE, 0x2A,
  0xEA, 0x0D, 0x0E, 0xF7, 0xED, 0x13, 0x0F, 0x2E, 0x32, 0xE6,
  0xE7, 0x0E, 0x07, 0x04, 0xE0, 0xEE, 0x09, 0x33, 0xFD, 0x09,
  0x1B, 0xFA, 0xEB, 0x14, 0x18, 0x09, 0xF5, 0xFF, 0xEF, 0x31,
  0xE3, 0xF7, 0x09, 0xD6, 0x0C, 0x11, 0x31, 0x25, 0x07, 0x2D,
  0x0B, 0xE5, 0xDE, 0x1D, 0x10, 0x3B, 0xDA, 0xE7, 0xEB, 0x0C,
  0x00, 0xF3, 0x0C, 0xEC, 0xCB, 0xDE, 0xFA, 0x0A, 0xF6, 0x04,
  0xF6, 0x28, 0x0C, 0x19, 0x17, 0xD4, 0xF8, 0x0D, 0xEE, 0xFB,
  0x0A, 0x09, 0x03, 0x28, 0x2A, 0x14, 0x0F, 0xD4, 0x0D, 0xDF,
  0xFB, 0xD7, 0xEA, 0x04, 0x0A, 0x15, 0xE9, 0x0C, 0x29, 0xDF,
  0xC8, 0xE2, 0x1D, 0xC3, 0x04, 0xDF, 0xF5, 0x33, 0x00, 0xEF,
  0xE5, 0x20, 0x17, 0x1F, 0x0B, 0x16, 0xEA, 0xF8, 0x34, 0xF1,
  0xFA, 0xE5, 0x03, 0x22, 0xF0, 0x01, 0x0E, 0x26, 0x1C, 0x06,
  0x24, 0x05, 0xFD, 0x09, 0x0A, 0x17, 0xD2, 0xEC, 0x0D, 0x16,
  0x0C, 0x19, 0xE6, 0x11, 0xFB, 0x16, 0x25, 0xD7, 0xF5, 0xDB,
  0x44, 0x1D, 0xE2, 0xFA, 0xDB, 0x1C, 0x26, 0x13, 0x12, 0xED,
  0xC8, 0xCF, 0x30, 0x04, 0x0D, 0x24, 0x16, 0xFA, 0xEE, 0xEC,
  0x28, 0xD4, 0xEB, 0x3D, 0xE3, 0x1F, 0xF9, 0xFE, 0xDB, 0xFA,
  0x1E, 0xF8, 0xEC, 0xEC, 0x08, 0xFD, 0xFC, 0xDD, 0x0A, 0x3D,
  0xEE, 0xF3, 0x03, 0xF0, 0x02, 0x0D, 0xF1, 0x06, 0x25, 0xDB,
  0x05, 0x23, 0xF1, 0x0B, 0xFD, 0x0D, 0xD6, 0x0C, 0xF1, 0xF5,
  0xAD, 0x36, 0x04, 0xFF, 0xD4, 0xE3, 0x40, 0x4E, 0x30, 0xE9,
  0x18, 0x2E, 0x12, 0xEC, 0x36, 0x18, 0xFC, 0xF8, 0xE7, 0xFE,
  0x0C, 0xFF, 0x33, 0x38, 0xCA, 0x3C, 0x1A, 0x0E, 0xAC, 0xD5,
  0x0C, 0x08, 0xC6, 0xF8, 0xD6, 0xE3, 0xEE, 0x2D, 0x24, 0x1A,
  0x2D, 0x3C, 0x2B, 0x2E, 0x08, 0xCE, 0x3F, 0x07, 0xFA, 0xE6,
  0xEC, 0x20, 0xDE, 0x08, 0xF5, 0x10, 0xEE, 0x2A, 0x0A, 0x1C,
  0xC8, 0xDD, 0x16, 0x0F, 0x09, 0x81, 0xE9, 0xF1, 0x2F, 0x1E,
  0xFC, 0x12, 0x20, 0x31, 0xFD, 0x23, 0x0A, 0x19, 0xF1, 0xE4,
  0x02, 0x20, 0xF2, 0x27, 0xF3, 0x14, 0xE9, 0xD4, 0x46, 0x09,
  0xE7, 0x04, 0x18, 0xF5, 0x11, 0x1E, 0xDA, 0x11, 0xFC, 0xB1,
  0x02, 0x0B, 0x28, 0xF1, 0xFD, 0xD9, 0xDD, 0xB6, 0x03, 0x25,
  0xF5, 0x27, 0x08, 0xFC, 0xDE, 0x3A, 0xFC, 0xFF, 0x28, 0x13,
  0x26, 0xE9, 0xCD, 0x13, 0x09, 0x28, 0x15, 0xE3, 0xCE, 0xEA,
  0xE4, 0xD9, 0x0F, 0x2A, 0x1A, 0xC6, 0xDA, 0x05, 0xE8, 0xEF,
  0xE6, 0x12, 0xF5, 0x26, 0x00, 0xE6, 0xEC, 0x04, 0xE9, 0x0D,
  0xFA, 0x39, 0x0F, 0xE5, 0xCD, 0xF7, 0x13, 0x1F, 0x13, 0xF3,
  0x10, 0x01, 0xEF, 0xFB, 0x1A, 0x1E, 0xEB, 0xED, 0xD7, 0x0F,
  0xF3, 0x02, 0xFC, 0x12, 0xFE, 0xE0, 0xF7, 0xFA, 0xF6, 0xD9,
  0xF3, 0x09, 0x15, 0x04, 0xFE, 0x0E, 0x08, 0x1C, 0x0E, 0x0B,
  0xDA, 0x0A, 0x0C, 0x0A, 0xE6, 0x20, 0x2C, 0xF7, 0x13, 0xFE,
  0x1A, 0xED, 0x1F, 0x2F, 0x14, 0x07, 0xE6, 0x01, 0xFE, 0x27,
  0xFF, 0xCF, 0x1C, 0xDE, 0xEF, 0xE4, 0x05, 0xF4, 0x07, 0xF3,
  0x01, 0xEF, 0xE1, 0x02, 0x23, 0xF8, 0xE2, 0xE8, 0x07, 0xE3,
  0xE5, 0x05, 0x00, 0x02, 0x13, 0xF9, 0xFE, 0x07, 0xF9, 0xE9,
  0x11, 0x25, 0xFC, 0xF9, 0x17, 0xF1, 0x01, 0xF2, 0x0C, 0x0F,
  0xF7, 0x15, 0x1F, 0xE7, 0xC4, 0xE8, 0x0A, 0xEC, 0x04, 0xB4,
  0x0A, 0xFA, 0x01, 0x2B, 0x0E, 0xF1, 0x04, 0xC5, 0xFD, 0x0A,
  0x0C, 0xFA, 0x2F, 0xFB, 0x08, 0x1C, 0x10, 0xF6, 0x19, 0x0B,
  0x1D, 0xCB, 0xE3, 0x09, 0x1D, 0xF9, 0xFF, 0xE6, 0xF8, 0xD9,
  0xB7, 0x81, 0xF6, 0x08, 0xE9, 0x05, 0xE4, 0xF6, 0x01, 0xDA,
  0xAF, 0x21, 0x22, 0x26, 0x30, 0xEB, 0xF2, 0xFB, 0xFA, 0xFA,
  0xFA, 0x1E, 0xF9, 0xE1, 0xE5, 0xFC, 0x0A, 0x35, 0xED, 0x04,
  0x4E, 0xF9, 0x0D, 0x27, 0x61, 0x33, 0x26, 0xF3, 0xD9, 0x5A,
  0xE7, 0x2A, 0x1F, 0x10, 0xF5, 0x07, 0xEE, 0x27, 0xF0, 0xDF,
  0xF6, 0x2A, 0xE4, 0xFB, 0x69, 0x12, 0xE1, 0x3C, 0x40, 0x63,
  0xFA, 0x53, 0x1A, 0x12, 0x0B, 0xEF, 0x2A, 0xEE, 0xF9, 0xFB,
  0x15, 0xD8, 0x07, 0xF7, 0x0F, 0x03, 0xF7, 0xE7, 0x20, 0x1F,
  0xD6, 0x27, 0x22, 0xF0, 0x00, 0xB7, 0x25, 0x0F, 0x05, 0x36,
  0x0D, 0x2A, 0xFD, 0x1C, 0x1E, 0xF4, 0x11, 0x09, 0x21, 0xF1,
  0xCA, 0x0D, 0x0A, 0x55, 0xE9, 0x2F, 0x24, 0xFA, 0x0B, 0x06,
  0x17, 0x28, 0xEF, 0x18, 0x09, 0x1C, 0xCE, 0x03, 0x17, 0x0D,
  0x10, 0xEA, 0x16, 0x20, 0x26, 0x3C, 0x13, 0xA9, 0xD1, 0xE5,
  0x37, 0xF6, 0xC9, 0xCD, 0x0C, 0x23, 0xE6, 0x0D, 0xF0, 0x17,
  0xE7, 0xC7, 0xEC, 0x38, 0xFD, 0xF5, 0xBE, 0x0B, 0xC1, 0xBC,
  0x19, 0xD5, 0x43, 0xEC, 0x20, 0x0A, 0xF6, 0x1C, 0xFB, 0xC6,
  0x0B, 0x0E, 0xE5, 0xFC, 0xF5, 0xE6, 0xD3, 0x07, 0x37, 0x32,
  0x0B, 0x25, 0xC7, 0x17, 0xCF, 0x4B, 0x2D, 0x1B, 0xEE, 0x28,
  0x04, 0x07, 0x32, 0xD7, 0x1D, 0xFF, 0x1C, 0xEA, 0xDC, 0xD4,
  0xC1, 0x15, 0x09, 0xDB, 0x95, 0x18, 0xDB, 0xE0, 0xFA, 0x9B,
  0x04, 0xEA, 0x9C, 0xEC, 0xFB, 0xCF, 0xEE, 0xED, 0x26, 0x28,
  0x20, 0xEF, 0x0F, 0xD9, 0xD4, 0xF9, 0xF9, 0xED, 0xAA, 0xA2,
  0xEF, 0xDF, 0xCF, 0x28, 0x17, 0xF2, 0xA8, 0x17, 0xDF, 0x1C,
  0x04, 0x81, 0x0B, 0xD4, 0xAF, 0xDE, 0x2D, 0xE2, 0x12, 0xD4,
  0x11, 0x1B, 0x19, 0x03, 0x0F, 0xFB, 0x96, 0x1F, 0xD0, 0xEF,
  0xAE, 0x8F, 0xCD, 0xDF, 0x06, 0x0A, 0x0D, 0x41, 0xDB, 0x11,
  0xDB, 0x13, 0x2B, 0x2B, 0x22, 0x2D, 0x64, 0xB5, 0x14, 0xC0,
  0xE2, 0x4D, 0x34, 0xC5, 0xEF, 0xF0, 0xBE, 0xE6, 0x5B, 0x17,
  0x03, 0x4B, 0xC6, 0xFD, 0xD3, 0x0E, 0x12, 0xE5, 0xF3, 0xFA,
  0xF4, 0xF3, 0xBD, 0x49, 0x39, 0x3B, 0x17, 0x0F, 0x0B, 0xB1,
  0x23, 0xA4, 0x33, 0x4E, 0x20, 0xF4, 0x24, 0xE5, 0xFB, 0xF4,
  0x3A, 0x09, 0x34, 0x46, 0x29, 0x0E, 0xEB, 0x08, 0xFC, 0x3F,
  0xF3, 0xFA, 0xFE, 0xCC, 0x00, 0x22, 0xF1, 0x0A, 0x04, 0xFA,
  0xFD, 0xEF, 0x00, 0xE7, 0x1C, 0x48, 0x17, 0x21, 0x52, 0xFA,
  0x18, 0x1E, 0x33, 0xFE, 0x0F, 0xF9, 0x14, 0x16, 0x01, 0xD6,
  0xED, 0x21, 0x1B, 0xD4, 0x1D, 0x02, 0xE2, 0xF5, 0xE8, 0x16,
  0xE2, 0x0B, 0xA6, 0xF1, 0x15, 0xC5, 0x32, 0xD1, 0x20, 0x02,
  0xED, 0x2F, 0xF4, 0xC8, 0xC3, 0xE2, 0xED, 0xEE, 0x05, 0x48,
  0x27, 0xE7, 0x2A, 0x17, 0x28, 0x1E, 0x26, 0x3C, 0xF6, 0xF4,
  0xD4, 0xDC, 0xD9, 0x1A, 0xC8, 0xE0, 0x01, 0xB1, 0xDF, 0x28,
  0xEA, 0xEE, 0xCA, 0x3B, 0x16, 0x2C, 0xDC, 0x1C, 0x20, 0x16,
  0x17, 0x24, 0xEA, 0xE7, 0x07, 0x09, 0x18, 0x4A, 0x0D, 0x1C,
  0x18, 0xFB, 0xF0, 0xFB, 0x40, 0x4E, 0x25, 0xC8, 0xD9, 0xC1,
  0xCE, 0x21, 0x09, 0xCF, 0xFA, 0x2D, 0xC6, 0xF0, 0x25, 0x3C,
  0xEE, 0x0D, 0xCB, 0x0F, 0x00, 0xFC, 0xFB, 0xEF, 0x38, 0x06,
  0x10, 0x13, 0xC3, 0x19, 0x1B, 0xFB, 0x3F, 0xFD, 0xFB, 0x87,
  0xE9, 0x84, 0xF9, 0x3D, 0x09, 0xDF, 0x10, 0x19, 0xDB, 0xDA,
  0x2B, 0x35, 0x0C, 0x7F, 0xF5, 0xEC, 0xDC, 0x3B, 0x2C, 0x29,
  0x29, 0xF5, 0xCB, 0xE3, 0xDE, 0x3D, 0x41, 0x02, 0x15, 0x08,
  0x39, 0xC3, 0x0F, 0xAA, 0xC5, 0x37, 0x7F, 0xF6, 0x15, 0x2D,
  0xB0, 0xF3, 0xE3, 0x1A, 0xFB, 0x04, 0xFA, 0x0E, 0x03, 0x03,
  0x20, 0x1C, 0x1F, 0xCB, 0xDE, 0x43, 0xFE, 0x16, 0x33, 0x20,
  0x21, 0x23, 0x3C, 0xE4, 0x15, 0xB5, 0xCB, 0x31, 0x51, 0xE2,
  0xE9, 0xFB, 0x89, 0xD5, 0xE7, 0x17, 0xFE, 0x14, 0x03, 0x04,
  0x23, 0xF8, 0x12, 0xE4, 0x2A, 0xE1, 0xF4, 0x15, 0xDB, 0xEC,
  0x0D, 0x2D, 0xFE, 0x0B, 0x21, 0xFE, 0x0F, 0xDB, 0xFF, 0x14,
  0x28, 0xF5, 0x0D, 0x0D, 0xDA, 0xF6, 0x00, 0x15, 0x17, 0xED,
  0x2E, 0x19, 0x13, 0xEA, 0x35, 0xB7, 0xF7, 0xCF, 0xF7, 0x1B,
  0xD7, 0xCF, 0xE9, 0x21, 0xBB, 0xDC, 0x0B, 0x0A, 0xC6, 0xBE,
  0x0D, 0x14, 0xFE, 0xED, 0x2A, 0x10, 0xEE, 0xDC, 0x16, 0xE8,
  0xF9, 0xFA, 0x2C, 0x24, 0xFC, 0xC0, 0x1D, 0xBE, 0xFA, 0xE6,
  0x06, 0x02, 0xF2, 0xC4, 0xB8, 0xFC, 0xE6, 0xCA, 0x12, 0x0A,
  0xD5, 0xD5, 0x0B, 0x21, 0xF3, 0x19, 0x0E, 0x2F, 0x11, 0xE2,
  0x21, 0xD2, 0x13, 0x00, 0x1B, 0xD8, 0xF4, 0xCA, 0x08, 0xE3,
  0xEA, 0xCB, 0xD9, 0xF6, 0x2B, 0xD6, 0xB4, 0xE3, 0x04, 0xEC,
  0xDF, 0xFA, 0x16, 0xEC, 0x35, 0xF8, 0x92, 0x1C, 0x19, 0x0A,
  0x0A, 0xFA, 0xF8, 0x97, 0xEA, 0xE0, 0x10, 0xD4, 0xCD, 0xFE,
  0xF6, 0x0F, 0x02, 0xCD, 0x0C, 0xC9, 0x37, 0xF3, 0xC0, 0xD0,
  0xE5, 0xFB, 0xD9, 0x44, 0x23, 0x53, 0x74, 0xDC, 0xA9, 0xFB,
  0x15, 0xFA, 0x53, 0x25, 0xF4, 0x23, 0x11, 0xE6, 0x1D, 0x12,
  0x78, 0xE4, 0xFF, 0xFF, 0x7C, 0xE4, 0xFF, 0xFF, 0xFA, 0xFB,
  0xFF, 0xFF, 0x04, 0x00, 0x00, 0x00, 0x80, 0x00, 0x00, 0x00,
  0x12, 0xF7, 0xFF, 0xFF, 0x73, 0xF6, 0xFF, 0xFF, 0xC5, 0x00,
  0x00, 0x00, 0xAB, 0xFB, 0xFF, 0xFF, 0xB0, 0xFF, 0xFF, 0xFF,
  0x2C, 0xFF, 0xFF, 0xFF, 0xFF, 0xF9, 0xFF, 0xFF, 0x6E, 0x01,
  0x00, 0x00, 0xF6, 0xFC, 0xFF, 0xFF, 0xA3, 0xFD, 0xFF, 0xFF,
  0x90, 0x03, 0x00, 0x00, 0x3F, 0xEC, 0xFF, 0xFF, 0xAC, 0xFA,
  0xFF, 0xFF, 0x2F, 0xFC, 0xFF, 0xFF, 0xD4, 0xF9, 0xFF, 0xFF,
  0x21, 0x00, 0x00, 0x00, 0xBD, 0xF7, 0xFF, 0xFF, 0xFE, 0xFF,
  0xFF, 0xFF, 0x41, 0x04, 0x00, 0x00, 0x27, 0x02, 0x00, 0x00,
  0xEE, 0xFE, 0xFF, 0xFF, 0x08, 0x03, 0x00, 0x00, 0x9A, 0x02,
  0x00, 0x00, 0x65, 0xFF, 0xFF, 0xFF, 0xBB, 0xFF, 0xFF, 0xFF,
  0xC8, 0xFC, 0xFF, 0xFF, 0xD0, 0xF7, 0xFF, 0xFF, 0xEE, 0x05,
  0x00, 0x00, 0x56, 0x00, 0x00, 0x00, 0xBD, 0xFE, 0xFF, 0xFF,
  0xA7, 0x03, 0x00, 0x00, 0x65, 0xFD, 0xFF, 0xFF, 0x86, 0xFC,
  0xFF, 0xFF, 0x04, 0x00, 0x00, 0x00, 0xA0, 0x02, 0x00, 0x00,
  0x36, 0xE8, 0xE9, 0x40, 0x00, 0x52, 0x3E, 0xE6, 0x4A, 0x3B,
  0xE5, 0x7F, 0x07, 0x21, 0x43, 0xBA, 0x6C, 0xD0, 0xDF, 0x37,
  0x19, 0xBF, 0xF3, 0x15, 0x24, 0xF7, 0x14, 0x13, 0xC6, 0x13,
  0x2B, 0x68, 0xCB, 0xE6, 0xCC, 0xF1, 0x53, 0x7F, 0xD7, 0x86,
  0x94, 0x38, 0xE6, 0x02, 0xCD, 0x25, 0x1A, 0xC4, 0x7F, 0x05,
  0xFC, 0x34, 0x01, 0x41, 0xDE, 0x21, 0x2B, 0xBF, 0xF3, 0x10,
  0xC1, 0xE5, 0xE6, 0x4F, 0xF8, 0xEE, 0x04, 0xFA, 0xFC, 0x17,
  0x0D, 0x00, 0xE6, 0x03, 0x00, 0xC4, 0xF1, 0x0D, 0xCF, 0x24,
  0x22, 0x81, 0xF7, 0x1F, 0xEF, 0x31, 0xF8, 0x0E, 0x11, 0x08,
  0xE4, 0x09, 0xDB, 0x15, 0xF1, 0xC8, 0x20, 0x1D, 0x21, 0x07,
  0xE6, 0x64, 0x0C, 0xD5, 0x7F, 0x51, 0xB6, 0xBF, 0x71, 0xED,
  0xB7, 0x0A, 0xF1, 0xD5, 0xCB, 0xF8, 0x1D, 0xFB, 0x19, 0x1C,
  0xFC, 0xEF, 0x08, 0x81, 0x56, 0x6A, 0x38, 0x3A, 0x22, 0x47,
  0xFB, 0x2E, 0x42, 0x98, 0x17, 0xD7, 0x81, 0xD3, 0x99, 0xEE,
  0xE8, 0xDC, 0x40, 0xE7, 0x26, 0x4F, 0x12, 0xDA, 0x2D, 0x7F,
  0xC7, 0xE6, 0x1E, 0x1F, 0xE2, 0xD7, 0xFA, 0x44, 0xE3, 0xE7,
  0x2F, 0xE7, 0x3C, 0xF0, 0xE2, 0x3B, 0xDE, 0x05, 0x20, 0xF6,
  0x4B, 0xBA, 0x9F, 0x09, 0xDE, 0x24, 0xA6, 0x69, 0x7F, 0xF6,
  0x28, 0x82, 0x33, 0xB3, 0xE1, 0xF8, 0xE6, 0x68, 0xFC, 0x3F,
  0x2C, 0xD1, 0x2C, 0x45, 0xF5, 0x10, 0x37, 0x26, 0x22, 0x20,
  0x47, 0x3B, 0x23, 0xC2, 0x51, 0x1F, 0x8B, 0xB2, 0x7F, 0xCC,
  0x16, 0x46, 0x1E, 0xC0, 0x48, 0xFE, 0xDB, 0x55, 0x06, 0x94,
  0x64, 0x0E, 0xC4, 0x7F, 0x2D, 0xED, 0x52, 0xC5, 0xA6, 0xE1,
  0xBD, 0xDC, 0xC9, 0xF3, 0xCB, 0xA1, 0xBB, 0x2D, 0x81, 0xF7,
  0x7A, 0xB7, 0x05, 0x32, 0x00, 0x2D, 0xE0, 0x52, 0x43, 0xA5,
  0x50, 0xD1, 0x7F, 0x54, 0x19, 0x3D, 0xC9, 0xD1, 0x06, 0xE0,
  0x09, 0xF3, 0xD8, 0xEC, 0xF7, 0xFE, 0x07, 0x63, 0x2C, 0x30,
  0x3D, 0x3D, 0xEA, 0x0B, 0xED, 0x00, 0xFE, 0x03, 0x0C, 0xF4,
  0x11, 0x01, 0xE8, 0xFF, 0x2D, 0xE6, 0xAF, 0x95, 0x77, 0x7F,
  0x2E, 0xC5, 0xD9, 0xF8, 0xAC, 0x37, 0xC1, 0xB3, 0x13, 0xC0,
  0xC3, 0xF2, 0xB6, 0x0D, 0xE8, 0xAA, 0x29, 0xBC, 0xE6, 0x0C,
  0xD9, 0x76, 0x6B, 0x30, 0x7F, 0x40, 0xD0, 0x0B, 0x58, 0x39,
  0x3D, 0x11, 0x20, 0x25, 0x15, 0x5D, 0x37, 0xB8, 0xC3, 0xD5,
  0xC0, 0x2B, 0xDE, 0xCA, 0x81, 0xB7, 0xFD, 0xD3, 0x1B, 0x07,
  0x14, 0x17, 0xEF, 0x0F, 0xD5, 0x02, 0xFA, 0x81, 0xD4, 0x09,
  0x85, 0x19, 0x17, 0xE6, 0xF1, 0x21, 0xFC, 0xEC, 0x3C, 0x78,
  0x1C, 0x13, 0x34, 0x1C, 0xF6, 0x28, 0xD8, 0xE7, 0xF8, 0x04,
  0x10, 0xF0, 0xF2, 0xDF, 0xC6, 0x0E, 0xE6, 0x81, 0xFF, 0x2C,
  0x13, 0xF6, 0xFD, 0x1C, 0x25, 0xAC, 0x19, 0x36, 0x9E, 0x17,
  0x03, 0xD1, 0x0B, 0xF4, 0x33, 0xD8, 0xBE, 0x7F, 0xC8, 0x88,
  0xF5, 0x8F, 0xB7, 0x77, 0x81, 0xC4, 0x66, 0x18, 0x34, 0x69,
  0x42, 0xFC, 0xA9, 0x66, 0x34, 0xE4, 0x23, 0x27, 0xA3, 0xEA,
  0x81, 0x9E, 0xCE, 0x70, 0xF0, 0xDF, 0xBF, 0x33, 0xCD, 0x3B,
  0x2D, 0xFD, 0x11, 0x37, 0x24, 0xB2, 0xEE, 0x32, 0x4E, 0x9F,
  0x1E, 0x42, 0xC5, 0xEE, 0x81, 0xFD, 0x76, 0x34, 0x4A, 0xED,
  0xE3, 0xCA, 0xFE, 0xF5, 0x58, 0xD3, 0x32, 0xB9, 0xE2, 0x05,
  0x2D, 0xF0, 0x3C, 0x7F, 0x44, 0xB3, 0x42, 0x90, 0xDB, 0xA9,
  0xFA, 0x44, 0xD0, 0x10, 0xF6, 0xD7, 0x33, 0xED, 0x35, 0xFE,
  0x10, 0xC4, 0xEF, 0xC5, 0x4D, 0x1B, 0xE9, 0x7F, 0x0F, 0xAE,
  0x49, 0xF6, 0x6D, 0xE8, 0xEA, 0xF0, 0xCC, 0xEC, 0x37, 0xE3,
  0xCE, 0x03, 0xBB, 0x25, 0x7F, 0xC7, 0x41, 0x0D, 0x87, 0x05,
  0x07, 0x4F, 0x21, 0x24, 0xB6, 0x00, 0xDF, 0x21, 0xED, 0xC1,
  0x2F, 0xE2, 0xA4, 0x67, 0xD0, 0x8B, 0x9A, 0x55, 0xCB, 0xF6,
  0x2E, 0xB5, 0xC5, 0x22, 0x04, 0x03, 0x01, 0x0E, 0xF0, 0xE8,
  0x76, 0x36, 0xBC, 0x7F, 0x76, 0xB5, 0xE4, 0xCA, 0x2C, 0x81,
  0xB2, 0x1D, 0xFD, 0x1A, 0x2C, 0x1A, 0x14, 0x07, 0x22, 0x19,
  0xD9, 0x2E, 0x10, 0xF3, 0x04, 0xED, 0xED, 0xD7, 0xD6, 0xEE,
  0xE3, 0xD4, 0xF2, 0xFB, 0x3A, 0x16, 0x69, 0x7F, 0x15, 0x3E,
  0x25, 0x3F, 0x03, 0x17, 0x30, 0x2D, 0x32, 0xFD, 0xFA, 0x26,
  0xFE, 0x33, 0x17, 0xF0, 0xD0, 0x34, 0xF7, 0x45, 0x9F, 0x00,
  0x92, 0x56, 0x02, 0x7F, 0x82, 0x3B, 0xB5, 0x13, 0xE2, 0xC1,
  0xCC, 0xD6, 0xBE, 0x81, 0xE7, 0xAE, 0xBC, 0x0D, 0x35, 0x1F,
  0x39, 0x0E, 0x3A, 0xF5, 0x55, 0x65, 0x05, 0x40, 0x25, 0x07,
  0x50, 0x10, 0x20, 0x7B, 0x42, 0x28, 0x5F, 0x7F, 0xD5, 0xFD,
  0x2E, 0xA3, 0xB0, 0xC8, 0xF3, 0x8C, 0x9F, 0x20, 0xF1, 0xDB,
  0x2A, 0x04, 0x24, 0xEC, 0xA9, 0x63, 0x0C, 0x8D, 0x38, 0x2E,
  0xC5, 0xCA, 0x5B, 0x3F, 0xB7, 0x0E, 0x7F, 0xA8, 0xC9, 0xF0,
  0x38, 0xC6, 0xB8, 0xE7, 0xFF, 0xFF, 0x36, 0xFF, 0xFF, 0xFF,
  0x04, 0x00, 0x00, 0x00, 0x10, 0x00, 0x00, 0x00, 0x01, 0x00,
  0x00, 0x00, 0x64, 0x00, 0x00, 0x00, 0x01, 0x00, 0x00, 0x00,
  0x03, 0x00, 0x00, 0x00, 0x52, 0xFF, 0xFF, 0xFF, 0x04, 0x00,
  0x00, 0x00, 0x08, 0x00, 0x00, 0x00, 0x01, 0x00, 0x00, 0x00,
  0x02, 0x00, 0x00, 0x00, 0xEC, 0xE7, 0xFF, 0xFF, 0xF0, 0xE7,
  0xFF, 0xFF, 0x0F, 0x00, 0x00, 0x00, 0x4D, 0x4C, 0x49, 0x52,
  0x20, 0x43, 0x6F, 0x6E, 0x76, 0x65, 0x72, 0x74, 0x65, 0x64,
  0x2E, 0x00, 0x01, 0x00, 0x00, 0x00, 0x14, 0x00, 0x00, 0x00,
  0x00, 0x00, 0x0E, 0x00, 0x18, 0x00, 0x14, 0x00, 0x10, 0x00,
  0x0C, 0x00, 0x08, 0x00, 0x04, 0x00, 0x0E, 0x00, 0x00, 0x00,
  0x14, 0x00, 0x00, 0x00, 0x1C, 0x00, 0x00, 0x00, 0x84, 0x02,
  0x00, 0x00, 0x88, 0x02, 0x00, 0x00, 0x8C, 0x02, 0x00, 0x00,
  0x04, 0x00, 0x00, 0x00, 0x6D, 0x61, 0x69, 0x6E, 0x00, 0x00,
  0x00, 0x00, 0x09, 0x00, 0x00, 0x00, 0x48, 0x02, 0x00, 0x00,
  0xEC, 0x01, 0x00, 0x00, 0x88, 0x01, 0x00, 0x00, 0x34, 0x01,
  0x00, 0x00, 0xF0, 0x00, 0x00, 0x00, 0xBC, 0x00, 0x00, 0x00,
  0x78, 0x00, 0x00, 0x00, 0x40, 0x00, 0x00, 0x00, 0x04, 0x00,
  0x00, 0x00, 0xA2, 0xFE, 0xFF, 0xFF, 0x1C, 0x00, 0x00, 0x00,
  0x00, 0x00, 0x00, 0x09, 0x1C, 0x00, 0x00, 0x00, 0x20, 0x00,
  0x00, 0x00, 0x05, 0x00, 0x00, 0x00, 0x00, 0x00, 0x06, 0x00,
  0x08, 0x00, 0x04, 0x00, 0x06, 0x00, 0x00, 0x00, 0x00, 0x00,
  0x80, 0x3F, 0x01, 0x00, 0x00, 0x00, 0x13, 0x00, 0x00, 0x00,
  0x01, 0x00, 0x00, 0x00, 0x12, 0x00, 0x00, 0x00, 0x7A, 0xFE,
  0xFF, 0xFF, 0x14, 0x00, 0x00, 0x00, 0x00, 0x00, 0x00, 0x08,
  0x10, 0x00, 0x00, 0x00, 0x14, 0x00, 0x00, 0x00, 0x04, 0x00,
  0x00, 0x00, 0xBC, 0xE8, 0xFF, 0xFF, 0x01, 0x00, 0x00, 0x00,
  0x12, 0x00, 0x00, 0x00, 0x03, 0x00, 0x00, 0x00, 0x0F, 0x00,
  0x00, 0x00, 0x10, 0x00, 0x00, 0x00, 0x11, 0x00, 0x00, 0x00,
  0x0E, 0xFF, 0xFF, 0xFF, 0x1C, 0x00, 0x00, 0x00, 0x00, 0x00,
  0x00, 0x08, 0x1C, 0x00, 0x00, 0x00, 0x20, 0x00, 0x00, 0x00,
  0x04, 0x00, 0x00, 0x00, 0x00, 0x00, 0x06, 0x00, 0x08, 0x00,
  0x07, 0x00, 0x06, 0x00, 0x00, 0x00, 0x00, 0x00, 0x00, 0x01,
  0x01, 0x00, 0x00, 0x00, 0x0F, 0x00, 0x00, 0x00, 0x03, 0x00,
  0x00, 0x00, 0x0C, 0x00, 0x00, 0x00, 0x0D, 0x00, 0x00, 0x00,
  0x0E, 0x00, 0x00, 0x00, 0xEE, 0xFE, 0xFF, 0xFF, 0x14, 0x00,
  0x00, 0x00, 0x00, 0x00, 0x00, 0x1B, 0x10, 0x00, 0x00, 0x00,
  0x14, 0x00, 0x00, 0x00, 0x03, 0x00, 0x00, 0x00, 0x30, 0xE9,
  0xFF, 0xFF, 0x01, 0x00, 0x00, 0x00, 0x0C, 0x00, 0x00, 0x00,
  0x02, 0x00, 0x00, 0x00, 0x0B, 0x00, 0x00, 0x00, 0x01, 0x00,
  0x00, 0x00, 0x1E, 0xFF, 0xFF, 0xFF, 0x14, 0x00, 0x00, 0x00,
  0x00, 0x00, 0x00, 0x05, 0x24, 0x00, 0x00, 0x00, 0x28, 0x00,
  0x00, 0x00, 0x02, 0x00, 0x00, 0x00, 0x6E, 0xFF, 0xFF, 0xFF,
  0x02, 0x00, 0x00, 0x00, 0x01, 0x00, 0x00, 0x00, 0x02, 0x00,
  0x00, 0x00, 0x01, 0x00, 0x00, 0x00, 0x00, 0x00, 0x00, 0x01,
  0x01, 0x00, 0x00, 0x00, 0x0B, 0x00, 0x00, 0x00, 0x01, 0x00,
  0x00, 0x00, 0x0A, 0x00, 0x00, 0x00, 0x5E, 0xFF, 0xFF, 0xFF,
  0x14, 0x00, 0x00, 0x00, 0x00, 0x00, 0x00, 0x01, 0x1C, 0x00,
  0x00, 0x00, 0x20, 0x00, 0x00, 0x00, 0x01, 0x00, 0x00, 0x00,
  0x50, 0xFF, 0xFF, 0xFF, 0x00, 0x00, 0x00, 0x01, 0x01, 0x00,
  0x00, 0x00, 0x01, 0x00, 0x00, 0x00, 0x01, 0x00, 0x00, 0x00,
  0x0A, 0x00, 0x00, 0x00, 0x03, 0x00, 0x00, 0x00, 0x07, 0x00,
  0x00, 0x00, 0x08, 0x00, 0x00, 0x00, 0x09, 0x00, 0x00, 0x00,
  0x00, 0x00, 0x0E, 0x00, 0x1A, 0x00, 0x14, 0x00, 0x10, 0x00,
  0x0C, 0x00, 0x0B, 0x00, 0x04, 0x00, 0x0E, 0x00, 0x00, 0x00,
  0x24, 0x00, 0x00, 0x00, 0x00, 0x00, 0x00, 0x05, 0x34, 0x00,
  0x00, 0x00, 0x38, 0x00, 0x00, 0x00, 0x02, 0x00, 0x00, 0x00,
  0x00, 0x00, 0x0E, 0x00, 0x18, 0x00, 0x17, 0x00, 0x10, 0x00,
  0x0C, 0x00, 0x08, 0x00, 0x04, 0x00, 0x0E, 0x00, 0x00, 0x00,
  0x02, 0x00, 0x00, 0x00, 0x01, 0x00, 0x00, 0x00, 0x02, 0x00,
  0x00, 0x00, 0x01, 0x00, 0x00, 0x00, 0x00, 0x00, 0x00, 0x01,
  0x01, 0x00, 0x00, 0x00, 0x07, 0x00, 0x00, 0x00, 0x01, 0x00,
  0x00, 0x00, 0x06, 0x00, 0x00, 0x00, 0x00, 0x00, 0x0E, 0x00,
  0x18, 0x00, 0x14, 0x00, 0x10, 0x00, 0x0C, 0x00, 0x0B, 0x00,
  0x04, 0x00, 0x0E, 0x00, 0x00, 0x00, 0x20, 0x00, 0x00, 0x00,
  0x00, 0x00, 0x00, 0x01, 0x28, 0x00, 0x00, 0x00, 0x2C, 0x00,
  0x00, 0x00, 0x01, 0x00, 0x00, 0x00, 0x0C, 0x00, 0x10, 0x00,
  0x00, 0x00, 0x0C, 0x00, 0x08, 0x00, 0x07, 0x00, 0x0C, 0x00,
  0x00, 0x00, 0x00, 0x00, 0x00, 0x01, 0x01, 0x00, 0x00, 0x00,
  0x01, 0x00, 0x00, 0x00, 0x01, 0x00, 0x00, 0x00, 0x06, 0x00,
  0x00, 0x00, 0x03, 0x00, 0x00, 0x00, 0x03, 0x00, 0x00, 0x00,
  0x04, 0x00, 0x00, 0x00, 0x05, 0x00, 0x00, 0x00, 0x00, 0x00,
  0x0A, 0x00, 0x0C, 0x00, 0x00, 0x00, 0x08, 0x00, 0x04, 0x00,
  0x0A, 0x00, 0x00, 0x00, 0x08, 0x00, 0x00, 0x00, 0x0C, 0x00,
  0x00, 0x00, 0x01, 0x00, 0x00, 0x00, 0x03, 0x00, 0x00, 0x00,
  0x02, 0x00, 0x00, 0x00, 0x00, 0x00, 0x00, 0x00, 0x02, 0x00,
  0x00, 0x00, 0x01, 0x00, 0x00, 0x00, 0x13, 0x00, 0x00, 0x00,
  0x01, 0x00, 0x00, 0x00, 0x00, 0x00, 0x00, 0x00, 0x14, 0x00,
  0x00, 0x00, 0xA4, 0x15, 0x00, 0x00, 0x1C, 0x15, 0x00, 0x00,
  0xB0, 0x14, 0x00, 0x00, 0xCC, 0x13, 0x00, 0x00, 0x78, 0x11,
  0x00, 0x00, 0x7C, 0x0F, 0x00, 0x00, 0x90, 0x0E, 0x00, 0x00,
  0x04, 0x0E, 0x00, 0x00, 0x30, 0x0A, 0x00, 0x00, 0xB4, 0x06,
  0x00, 0x00, 0xC8, 0x05, 0x00, 0x00, 0x3C, 0x05, 0x00, 0x00,
  0xC0, 0x04, 0x00, 0x00, 0xF4, 0x03, 0x00, 0x00, 0x68, 0x03,
  0x00, 0x00, 0x94, 0x02, 0x00, 0x00, 0xC0, 0x01, 0x00, 0x00,
  0x2C, 0x01, 0x00, 0x00, 0x70, 0x00, 0x00, 0x00, 0x04, 0x00,
  0x00, 0x00, 0xC2, 0xEA, 0xFF, 0xFF, 0x00, 0x00, 0x00, 0x01,
  0x14, 0x00, 0x00, 0x00, 0x30, 0x00, 0x00, 0x00, 0x14, 0x00,
  0x00, 0x00, 0x00, 0x00, 0x00, 0x09, 0x44, 0x00, 0x00, 0x00,
  0xAC, 0xEA, 0xFF, 0xFF, 0x08, 0x00, 0x00, 0x00, 0x10, 0x00,
  0x00, 0x00, 0x01, 0x00, 0x00, 0x00, 0x80, 0xFF, 0xFF, 0xFF,
  0xFF, 0xFF, 0xFF, 0xFF, 0x01, 0x00, 0x00, 0x00, 0x00, 0x00,
  0x80, 0x3B, 0x19, 0x00, 0x00, 0x00, 0x53, 0x74, 0x61, 0x74,
  0x65, 0x66, 0x75, 0x6C, 0x50, 0x61, 0x72, 0x74, 0x69, 0x74,
  0x69, 0x6F, 0x6E, 0x65, 0x64, 0x43, 0x61, 0x6C, 0x6C, 0x3A,
  0x30, 0x00, 0x00, 0x00, 0x02, 0x00, 0x00, 0x00, 0x01, 0x00,
  0x00, 0x00, 0x06, 0x00, 0x00, 0x00, 0x2A, 0xEB, 0xFF, 0xFF,
  0x00, 0x00, 0x00, 0x01, 0x14, 0x00, 0x00, 0x00, 0x34, 0x00,
  0x00, 0x00, 0x13, 0x00, 0x00, 0x00, 0x00, 0x00, 0x00, 0x09,
  0x94, 0x00, 0x00, 0x00, 0x14, 0xEB, 0xFF, 0xFF, 0x08, 0x00,
  0x00, 0x00, 0x14, 0x00, 0x00, 0x00, 0x01, 0x00, 0x00, 0x00,
  0x27, 0x00, 0x00, 0x00, 0x00, 0x00, 0x00, 0x00, 0x00, 0x00,
  0x00, 0x00, 0x01, 0x00, 0x00, 0x00, 0xF1, 0x8D, 0x38, 0x3E,
  0x64, 0x00, 0x00, 0x00, 0x64, 0x61, 0x67, 0x68, 0x65, 0x72,
  0x6F, 0x5F, 0x63, 0x6E, 0x6E, 0x5F, 0x32, 0x6C, 0x61, 0x79,
  0x65, 0x72, 0x5F, 0x63, 0x6F, 0x6E, 0x76, 0x32, 0x64, 0x2F,
  0x71, 0x75, 0x61, 0x6E, 0x74, 0x5F, 0x63, 0x6C, 0x61, 0x73,
  0x73, 0x69, 0x66, 0x69, 0x65, 0x72, 0x2F, 0x4D, 0x61, 0x74,
  0x4D, 0x75, 0x6C, 0x3B, 0x64, 0x61, 0x67, 0x68, 0x65, 0x72,
  0x6F, 0x5F, 0x63, 0x6E, 0x6E, 0x5F, 0x32, 0x6C, 0x61, 0x79,
  0x65, 0x72, 0x5F, 0x63, 0x6F, 0x6E, 0x76, 0x32, 0x64, 0x2F,
  0x71, 0x75, 0x61, 0x6E, 0x74, 0x5F, 0x63, 0x6C, 0x61, 0x73,
  0x73, 0x69, 0x66, 0x69, 0x65, 0x72, 0x2F, 0x42, 0x69, 0x61,
  0x73, 0x41, 0x64, 0x64, 0x00, 0x00, 0x00, 0x00, 0x02, 0x00,
  0x00, 0x00, 0x01, 0x00, 0x00, 0x00, 0x06, 0x00, 0x00, 0x00,
  0xE2, 0xEB, 0xFF, 0xFF, 0x00, 0x00, 0x00, 0x01, 0x14, 0x00,
  0x00, 0x00, 0x34, 0x00, 0x00, 0x00, 0x12, 0x00, 0x00, 0x00,
  0x00, 0x00, 0x00, 0x02, 0x70, 0x00, 0x00, 0x00, 0xCC, 0xEB,
  0xFF, 0xFF, 0x08, 0x00, 0x00, 0x00, 0x14, 0x00, 0x00, 0x00,
  0x01, 0x00, 0x00, 0x00, 0x00, 0x00, 0x00, 0x00, 0x00, 0x00,
  0x00, 0x00, 0x00, 0x00, 0x00, 0x00, 0x01, 0x00, 0x00, 0x00,
  0xDC, 0x74, 0x12, 0x3A, 0x41, 0x00, 0x00, 0x00, 0x64, 0x61,
  0x67, 0x68, 0x65, 0x72, 0x6F, 0x5F, 0x63, 0x6E, 0x6E, 0x5F,
  0x32, 0x6C, 0x61, 0x79, 0x65, 0x72, 0x5F, 0x63, 0x6F, 0x6E,
  0x76, 0x32, 0x64, 0x2F, 0x71, 0x75, 0x61, 0x6E, 0x74, 0x5F,
  0x63, 0x6C, 0x61, 0x73, 0x73, 0x69, 0x66, 0x69, 0x65, 0x72,
  0x2F, 0x42, 0x69, 0x61, 0x73, 0x41, 0x64, 0x64, 0x2F, 0x52,
  0x65, 0x61, 0x64, 0x56, 0x61, 0x72, 0x69, 0x61, 0x62, 0x6C,
  0x65, 0x4F, 0x70, 0x00, 0x00, 0x00, 0x01, 0x00, 0x00, 0x00,
  0x06, 0x00, 0x00, 0x00, 0x72, 0xEC, 0xFF, 0xFF, 0x00, 0x00,
  0x00, 0x01, 0x14, 0x00, 0x00, 0x00, 0x30, 0x00, 0x00, 0x00,
  0x11, 0x00, 0x00, 0x00, 0x00, 0x00, 0x00, 0x09, 0xAC, 0x00,
  0x00, 0x00, 0x5C, 0xEC, 0xFF, 0xFF, 0x08, 0x00, 0x00, 0x00,
  0x10, 0x00, 0x00, 0x00, 0x01, 0x00, 0x00, 0x00, 0x00, 0x00,
  0x00, 0x00, 0x00, 0x00, 0x00, 0x00, 0x01, 0x00, 0x00, 0x00,
  0xF6, 0x29, 0x3A, 0x3C, 0x83, 0x00, 0x00, 0x00, 0x64, 0x61,
  0x67, 0x68, 0x65, 0x72, 0x6F, 0x5F, 0x63, 0x6E, 0x6E, 0x5F,
  0x32, 0x6C, 0x61, 0x79, 0x65, 0x72, 0x5F, 0x63, 0x6F, 0x6E,
  0x76, 0x32, 0x64, 0x2F, 0x71, 0x75, 0x61, 0x6E, 0x74, 0x5F,
  0x63, 0x6C, 0x61, 0x73, 0x73, 0x69, 0x66, 0x69, 0x65, 0x72,
  0x2F, 0x4D, 0x61, 0x74, 0x4D, 0x75, 0x6C, 0x3B, 0x64, 0x61,
  0x67, 0x68, 0x65, 0x72, 0x6F, 0x5F, 0x63, 0x6E, 0x6E, 0x5F,
  0x32, 0x6C, 0x61, 0x79, 0x65, 0x72, 0x5F, 0x63, 0x6F, 0x6E,
  0x76, 0x32, 0x64, 0x2F, 0x71, 0x75, 0x61, 0x6E, 0x74, 0x5F,
  0x63, 0x6C, 0x61, 0x73, 0x73, 0x69, 0x66, 0x69, 0x65, 0x72,
  0x2F, 0x4C, 0x61, 0x73, 0x74, 0x56, 0x61, 0x6C, 0x75, 0x65,
  0x51, 0x75, 0x61, 0x6E, 0x74, 0x2F, 0x46, 0x61, 0x6B, 0x65,
  0x51, 0x75, 0x61, 0x6E, 0x74, 0x57, 0x69, 0x74, 0x68, 0x4D,
  0x69, 0x6E, 0x4D, 0x61, 0x78, 0x56, 0x61, 0x72, 0x73, 0x00,
  0x02, 0x00, 0x00, 0x00, 0x06, 0x00, 0x00, 0x00, 0x40, 0x00,
  0x00, 0x00, 0x42, 0xED, 0xFF, 0xFF, 0x00, 0x00, 0x00, 0x01,
  0x14, 0x00, 0x00, 0x00, 0x34, 0x00, 0x00, 0x00, 0x10, 0x00,
  0x00, 0x00, 0x00, 0x00, 0x00, 0x09, 0xAC, 0x00, 0x00, 0x00,
  0x2C, 0xED, 0xFF, 0xFF, 0x08, 0x00, 0x00, 0x00, 0x14, 0x00,
  0x00, 0x00, 0x01, 0x00, 0x00, 0x00, 0x95, 0xFF, 0xFF, 0xFF,
  0xFF, 0xFF, 0xFF, 0xFF, 0x00, 0x00, 0x00, 0x00, 0x01, 0x00,
  0x00, 0x00, 0xA5, 0x65, 0x49, 0x3D, 0x7F, 0x00, 0x00, 0x00,
  0x64, 0x61, 0x67, 0x68, 0x65, 0x72, 0x6F, 0x5F, 0x63, 0x6E,
  0x6E, 0x5F, 0x32, 0x6C, 0x61, 0x79, 0x65, 0x72, 0x5F, 0x63,
  0x6F, 0x6E, 0x76, 0x32, 0x64, 0x2F, 0x71, 0x75, 0x61, 0x6E,
  0x74, 0x5F, 0x66, 0x63, 0x31, 0x2F, 0x4D, 0x61, 0x74, 0x4D,
  0x75, 0x6C, 0x3B, 0x64, 0x61, 0x67, 0x68, 0x65, 0x72, 0x6F,
  0x5F, 0x63, 0x6E, 0x6E, 0x5F, 0x32, 0x6C, 0x61, 0x79, 0x65,
  0x72, 0x5F, 0x63, 0x6F, 0x6E, 0x76, 0x32, 0x64, 0x2F, 0x71,
  0x75, 0x61, 0x6E, 0x74, 0x5F, 0x66, 0x63, 0x31, 0x2F, 0x52,
  0x65, 0x6C, 0x75, 0x3B, 0x64, 0x61, 0x67, 0x68, 0x65, 0x72,
  0x6F, 0x5F, 0x63, 0x6E, 0x6E, 0x5F, 0x32, 0x6C, 0x61, 0x79,
  0x65, 0x72, 0x5F, 0x63, 0x6F, 0x6E, 0x76, 0x32, 0x64, 0x2F,
  0x71, 0x75, 0x61, 0x6E, 0x74, 0x5F, 0x66, 0x63, 0x31, 0x2F,
  0x42, 0x69, 0x61, 0x73, 0x41, 0x64, 0x64, 0x00, 0x02, 0x00,
  0x00, 0x00, 0x01, 0x00, 0x00, 0x00, 0x40, 0x00, 0x00, 0x00,
  0x12, 0xEE, 0xFF, 0xFF, 0x00, 0x00, 0x00, 0x01, 0x14, 0x00,
  0x00, 0x00, 0x34, 0x00, 0x00, 0x00, 0x0F, 0x00, 0x00, 0x00,
  0x00, 0x00, 0x00, 0x02, 0x68, 0x00, 0x00, 0x00, 0xFC, 0xED,
  0xFF, 0xFF, 0x08, 0x00, 0x00, 0x00, 0x14, 0x00, 0x00, 0x00,
  0x01, 0x00, 0x00, 0x00, 0x00, 0x00, 0x00, 0x00, 0x00, 0x00,
  0x00, 0x00, 0x00, 0x00, 0x00, 0x00, 0x01, 0x00, 0x00, 0x00,
  0x76, 0x8C, 0x43, 0x39, 0x3A, 0x00, 0x00, 0x00, 0x64, 0x61,
  0x67, 0x68, 0x65, 0x72, 0x6F, 0x5F, 0x63, 0x6E, 0x6E, 0x5F,
  0x32, 0x6C, 0x61, 0x79, 0x65, 0x72, 0x5F, 0x63, 0x6F, 0x6E,
  0x76, 0x32, 0x64, 0x2F, 0x71, 0x75, 0x61, 0x6E, 0x74, 0x5F,
  0x66, 0x63, 0x31, 0x2F, 0x42, 0x69, 0x61, 0x73, 0x41, 0x64,
  0x64, 0x2F, 0x52, 0x65, 0x61, 0x64, 0x56, 0x61, 0x72, 0x69,
  0x61, 0x62, 0x6C, 0x65, 0x4F, 0x70, 0x00, 0x00, 0x01, 0x00,
  0x00, 0x00, 0x40, 0x00, 0x00, 0x00, 0x9A, 0xEE, 0xFF, 0xFF,
  0x00, 0x00, 0x00, 0x01, 0x14, 0x00, 0x00, 0x00, 0x34, 0x00,
  0x00, 0x00, 0x0E, 0x00, 0x00, 0x00, 0x00, 0x00, 0x00, 0x09,
  0xA4, 0x00, 0x00, 0x00, 0x84, 0xEE, 0xFF, 0xFF, 0x08, 0x00,
  0x00, 0x00, 0x14, 0x00, 0x00, 0x00, 0x01, 0x00, 0x00, 0x00,
  0x00, 0x00, 0x00, 0x00, 0x00, 0x00, 0x00, 0x00, 0x00, 0x00,
  0x00, 0x00, 0x01, 0x00, 0x00, 0x00, 0x37, 0x5C, 0x2C, 0x3C,
  0x75, 0x00, 0x00, 0x00, 0x64, 0x61, 0x67, 0x68, 0x65, 0x72,
  0x6F, 0x5F, 0x63, 0x6E, 0x6E, 0x5F, 0x32, 0x6C, 0x61, 0x79,
  0x65, 0x72, 0x5F, 0x63, 0x6F, 0x6E, 0x76, 0x32, 0x64, 0x2F,
  0x71, 0x75, 0x61, 0x6E, 0x74, 0x5F, 0x66, 0x63, 0x31, 0x2F,
  0x4D, 0x61, 0x74, 0x4D, 0x75, 0x6C, 0x3B, 0x64, 0x61, 0x67,
  0x68, 0x65, 0x72, 0x6F, 0x5F, 0x63, 0x6E, 0x6E, 0x5F, 0x32,
  0x6C, 0x61, 0x79, 0x65, 0x72, 0x5F, 0x63, 0x6F, 0x6E, 0x76,
  0x32, 0x64, 0x2F, 0x71, 0x75, 0x61, 0x6E, 0x74, 0x5F, 0x66,
  0x63, 0x31, 0x2F, 0x4C, 0x61, 0x73, 0x74, 0x56, 0x61, 0x6C,
  0x75, 0x65, 0x51, 0x75, 0x61, 0x6E, 0x74, 0x2F, 0x46, 0x61,
  0x6B, 0x65, 0x51, 0x75, 0x61, 0x6E, 0x74, 0x57, 0x69, 0x74,
  0x68, 0x4D, 0x69, 0x6E, 0x4D, 0x61, 0x78, 0x56, 0x61, 0x72,
  0x73, 0x00, 0x00, 0x00, 0x02, 0x00, 0x00, 0x00, 0x40, 0x00,
  0x00, 0x00, 0x40, 0x00, 0x00, 0x00, 0x62, 0xEF, 0xFF, 0xFF,
  0x00, 0x00, 0x00, 0x01, 0x14, 0x00, 0x00, 0x00, 0x30, 0x00,
  0x00, 0x00, 0x0D, 0x00, 0x00, 0x00, 0x00, 0x00, 0x00, 0x09,
  0x54, 0x00, 0x00, 0x00, 0x4C, 0xEF, 0xFF, 0xFF, 0x08, 0x00,
  0x00, 0x00, 0x10, 0x00, 0x00, 0x00, 0x01, 0x00, 0x00, 0x00,
  0xBB, 0xFF, 0xFF, 0xFF, 0xFF, 0xFF, 0xFF, 0xFF, 0x01, 0x00,
  0x00, 0x00, 0x70, 0x38, 0x91, 0x3C, 0x28, 0x00, 0x00, 0x00,
  0x64, 0x61, 0x67, 0x68, 0x65, 0x72, 0x6F, 0x5F, 0x63, 0x6E,
  0x6E, 0x5F, 0x32, 0x6C, 0x61, 0x79, 0x65, 0x72, 0x5F, 0x63,
  0x6F, 0x6E, 0x76, 0x32, 0x64, 0x2F, 0x71, 0x75, 0x61, 0x6E,
  0x74, 0x5F, 0x67, 0x61, 0x70, 0x2F, 0x4D, 0x65, 0x61, 0x6E,
  0x00, 0x00, 0x00, 0x00, 0x02, 0x00, 0x00, 0x00, 0x01, 0x00,
  0x00, 0x00, 0x40, 0x00, 0x00, 0x00, 0xDA, 0xEF, 0xFF, 0xFF,
  0x00, 0x00, 0x00, 0x01, 0x14, 0x00, 0x00, 0x00, 0x34, 0x00,
  0x00, 0x00, 0x0C, 0x00, 0x00, 0x00, 0x00, 0x00, 0x00, 0x09,
  0x5C, 0x00, 0x00, 0x00, 0xC4, 0xEF, 0xFF, 0xFF, 0x08, 0x00,
  0x00, 0x00, 0x14, 0x00, 0x00, 0x00, 0x01, 0x00, 0x00, 0x00,
  0xA1, 0xFF, 0xFF, 0xFF, 0xFF, 0xFF, 0xFF, 0xFF, 0x00, 0x00,
  0x00, 0x00, 0x01, 0x00, 0x00, 0x00, 0xB2, 0x40, 0x01, 0x3D,
  0x2D, 0x00, 0x00, 0x00, 0x64, 0x61, 0x67, 0x68, 0x65, 0x72,
  0x6F, 0x5F, 0x63, 0x6E, 0x6E, 0x5F, 0x32, 0x6C, 0x61, 0x79,
  0x65, 0x72, 0x5F, 0x63, 0x6F, 0x6E, 0x76, 0x32, 0x64, 0x2F,
  0x71, 0x75, 0x61, 0x6E, 0x74, 0x5F, 0x70, 0x6F, 0x6F, 0x6C,
  0x32, 0x2F, 0x4D, 0x61, 0x78, 0x50, 0x6F, 0x6F, 0x6C, 0x00,
  0x00, 0x00, 0x04, 0x00, 0x00, 0x00, 0x01, 0x00, 0x00, 0x00,
  0x19, 0x00, 0x00, 0x00, 0x01, 0x00, 0x00, 0x00, 0x40, 0x00,
  0x00, 0x00, 0x62, 0xF0, 0xFF, 0xFF, 0x00, 0x00, 0x00, 0x01,
  0x14, 0x00, 0x00, 0x00, 0x34, 0x00, 0x00, 0x00, 0x0B, 0x00,
  0x00, 0x00, 0x00, 0x00, 0x00, 0x09, 0xBC, 0x00, 0x00, 0x00,
  0x4C, 0xF0, 0xFF, 0xFF, 0x08, 0x00, 0x00, 0x00, 0x14, 0x00,
  0x00, 0x00, 0x01, 0x00, 0x00, 0x00, 0xA1, 0xFF, 0xFF, 0xFF,
  0xFF, 0xFF, 0xFF, 0xFF, 0x00, 0x00, 0x00, 0x00, 0x01, 0x00,
  0x00, 0x00, 0xB2, 0x40, 0x01, 0x3D, 0x8C, 0x00, 0x00, 0x00,
  0x64, 0x61, 0x67, 0x68, 0x65, 0x72, 0x6F, 0x5F, 0x63, 0x6E,
  0x6E, 0x5F, 0x32, 0x6C, 0x61, 0x79, 0x65, 0x72, 0x5F, 0x63,
  0x6F, 0x6E, 0x76, 0x32, 0x64, 0x2F, 0x71, 0x75, 0x61, 0x6E,
  0x74, 0x5F, 0x72, 0x65, 0x6C, 0x75, 0x32, 0x2F, 0x52, 0x65,
  0x6C, 0x75, 0x3B, 0x64, 0x61, 0x67, 0x68, 0x65, 0x72, 0x6F,
  0x5F, 0x63, 0x6E, 0x6E, 0x5F, 0x32, 0x6C, 0x61, 0x79, 0x65,
  0x72, 0x5F, 0x63, 0x6F, 0x6E, 0x76, 0x32, 0x64, 0x2F, 0x71,
  0x75, 0x61, 0x6E, 0x74, 0x5F, 0x62, 0x6E, 0x32, 0x2F, 0x46,
  0x75, 0x73, 0x65, 0x64, 0x42, 0x61, 0x74, 0x63, 0x68, 0x4E,
  0x6F, 0x72, 0x6D, 0x56, 0x33, 0x3B, 0x64, 0x61, 0x67, 0x68,
  0x65, 0x72, 0x6F, 0x5F, 0x63, 0x6E, 0x6E, 0x5F, 0x32, 0x6C,
  0x61, 0x79, 0x65, 0x72, 0x5F, 0x63, 0x6F, 0x6E, 0x76, 0x32,
  0x64, 0x2F, 0x71, 0x75, 0x61, 0x6E, 0x74, 0x5F, 0x63, 0x6F,
  0x6E, 0x76, 0x32, 0x2F, 0x43, 0x6F, 0x6E, 0x76, 0x32, 0x44,
  0x00, 0x00, 0x00, 0x00, 0x04, 0x00, 0x00, 0x00, 0x01, 0x00,
  0x00, 0x00, 0x32, 0x00, 0x00, 0x00, 0x01, 0x00, 0x00, 0x00,
  0x40, 0x00, 0x00, 0x00, 0x4A, 0xF1, 0xFF, 0xFF, 0x00, 0x00,
  0x00, 0x01, 0x14, 0x00, 0x00, 0x00, 0x28, 0x03, 0x00, 0x00,
  0x0A, 0x00, 0x00, 0x00, 0x00, 0x00, 0x00, 0x02, 0x58, 0x03,
  0x00, 0x00, 0x34, 0xF1, 0xFF, 0xFF, 0x08, 0x00, 0x00, 0x00,
  0x0C, 0x02, 0x00, 0x00, 0x40, 0x00, 0x00, 0x00, 0x00, 0x00,
  0x00, 0x00, 0x00, 0x00, 0x00, 0x00, 0x00, 0x00, 0x00, 0x00,
  0x00, 0x00, 0x00, 0x00, 0x00, 0x00, 0x00, 0x00, 0x00, 0x00,
  0x00, 0x00, 0x00, 0x00, 0x00, 0x00, 0x00, 0x00, 0x00, 0x00,
  0x00, 0x00, 0x00, 0x00, 0x00, 0x00, 0x00, 0x00, 0x00, 0x00,
  0x00, 0x00, 0x00, 0x00, 0x00, 0x00, 0x00, 0x00, 0x00, 0x00,
  0x00, 0x00, 0x00, 0x00, 0x00, 0x00, 0x00, 0x00, 0x00, 0x00,
  0x00, 0x00, 0x00, 0x00, 0x00, 0x00, 0x00, 0x00, 0x00, 0x00,
  0x00, 0x00, 0x00, 0x00, 0x00, 0x00, 0x00, 0x00, 0x00, 0x00,
  0x00, 0x00, 0x00, 0x00, 0x00, 0x00, 0x00, 0x00, 0x00, 0x00,
  0x00, 0x00, 0x00, 0x00, 0x00, 0x00, 0x00, 0x00, 0x00, 0x00,
  0x00, 0x00, 0x00, 0x00, 0x00, 0x00, 0x00, 0x00, 0x00, 0x00,
  0x00, 0x00, 0x00, 0x00, 0x00, 0x00, 0x00, 0x00, 0x00, 0x00,
  0x00, 0x00, 0x00, 0x00, 0x00, 0x00, 0x00, 0x00, 0x00, 0x00,
  0x00, 0x00, 0x00, 0x00, 0x00, 0x00, 0x00, 0x00, 0x00, 0x00,
  0x00, 0x00, 0x00, 0x00, 0x00, 0x00, 0x00, 0x00, 0x00, 0x00,
  0x00, 0x00, 0x00, 0x00, 0x00, 0x00, 0x00, 0x00, 0x00, 0x00,
  0x00, 0x00, 0x00, 0x00, 0x00, 0x00, 0x00, 0x00, 0x00, 0x00,
  0x00, 0x00, 0x00, 0x00, 0x00, 0x00, 0x00, 0x00, 0x00, 0x00,
  0x00, 0x00, 0x00, 0x00, 0x00, 0x00, 0x00, 0x00, 0x00, 0x00,
  0x00, 0x00, 0x00, 0x00, 0x00, 0x00, 0x00, 0x00, 0x00, 0x00,
  0x00, 0x00, 0x00, 0x00, 0x00, 0x00, 0x00, 0x00, 0x00, 0x00,
  0x00, 0x00, 0x00, 0x00, 0x00, 0x00, 0x00, 0x00, 0x00, 0x00,
  0x00, 0x00, 0x00, 0x00, 0x00, 0x00, 0x00, 0x00, 0x00, 0x00,
  0x00, 0x00, 0x00, 0x00, 0x00, 0x00, 0x00, 0x00, 0x00, 0x00,
  0x00, 0x00, 0x00, 0x00, 0x00, 0x00, 0x00, 0x00, 0x00, 0x00,
  0x00, 0x00, 0x00, 0x00, 0x00, 0x00, 0x00, 0x00, 0x00, 0x00,
  0x00, 0x00, 0x00, 0x00, 0x00, 0x00, 0x00, 0x00, 0x00, 0x00,
  0x00, 0x00, 0x00, 0x00, 0x00, 0x00, 0x00, 0x00, 0x00, 0x00,
  0x00, 0x00, 0x00, 0x00, 0x00, 0x00, 0x00, 0x00, 0x00, 0x00,
  0x00, 0x00, 0x00, 0x00, 0x00, 0x00, 0x00, 0x00, 0x00, 0x00,
  0x00, 0x00, 0x00, 0x00, 0x00, 0x00, 0x00, 0x00, 0x00, 0x00,
  0x00, 0x00, 0x00, 0x00, 0x00, 0x00, 0x00, 0x00, 0x00, 0x00,
  0x00, 0x00, 0x00, 0x00, 0x00, 0x00, 0x00, 0x00, 0x00, 0x00,
  0x00, 0x00, 0x00, 0x00, 0x00, 0x00, 0x00, 0x00, 0x00, 0x00,
  0x00, 0x00, 0x00, 0x00, 0x00, 0x00, 0x00, 0x00, 0x00, 0x00,
  0x00, 0x00, 0x00, 0x00, 0x00, 0x00, 0x00, 0x00, 0x00, 0x00,
  0x00, 0x00, 0x00, 0x00, 0x00, 0x00, 0x00, 0x00, 0x00, 0x00,
  0x00, 0x00, 0x00, 0x00, 0x00, 0x00, 0x00, 0x00, 0x00, 0x00,
  0x00, 0x00, 0x00, 0x00, 0x00, 0x00, 0x00, 0x00, 0x00, 0x00,
  0x00, 0x00, 0x00, 0x00, 0x00, 0x00, 0x00, 0x00, 0x00, 0x00,
  0x00, 0x00, 0x00, 0x00, 0x00, 0x00, 0x00, 0x00, 0x00, 0x00,
  0x00, 0x00, 0x00, 0x00, 0x00, 0x00, 0x00, 0x00, 0x00, 0x00,
  0x00, 0x00, 0x00, 0x00, 0x00, 0x00, 0x00, 0x00, 0x00, 0x00,
  0x00, 0x00, 0x00, 0x00, 0x00, 0x00, 0x00, 0x00, 0x00, 0x00,
  0x00, 0x00, 0x00, 0x00, 0x00, 0x00, 0x00, 0x00, 0x00, 0x00,
  0x00, 0x00, 0x00, 0x00, 0x00, 0x00, 0x00, 0x00, 0x00, 0x00,
  0x00, 0x00, 0x00, 0x00, 0x00, 0x00, 0x00, 0x00, 0x00, 0x00,
  0x00, 0x00, 0x00, 0x00, 0x00, 0x00, 0x00, 0x00, 0x00, 0x00,
  0x00, 0x00, 0x00, 0x00, 0x00, 0x00, 0x00, 0x00, 0x00, 0x00,
  0x00, 0x00, 0x00, 0x00, 0x00, 0x00, 0x00, 0x00, 0x00, 0x00,
  0x00, 0x00, 0x00, 0x00, 0x00, 0x00, 0x00, 0x00, 0x00, 0x00,
  0x00, 0x00, 0x00, 0x00, 0x40, 0x00, 0x00, 0x00, 0xAC, 0x7F,
  0x6A, 0x38, 0xFD, 0x38, 0xD0, 0x38, 0x18, 0x70, 0x80, 0x38,
  0xF0, 0x8A, 0x36, 0x38, 0x9C, 0x79, 0x89, 0x38, 0xEC, 0xAB,
  0xBF, 0x38, 0x67, 0x33, 0x0E, 0x39, 0x97, 0xAE, 0xD3, 0x38,
  0x73, 0x05, 0x84, 0x38, 0x3D, 0x56, 0xC8, 0x38, 0x8D, 0xEC,
  0xE9, 0x38, 0x47, 0x75, 0x70, 0x38, 0xFF, 0xE8, 0x89, 0x38,
  0x88, 0x30, 0x40, 0x38, 0xF5, 0x1A, 0x6F, 0x38, 0x44, 0xCB,
  0x97, 0x38, 0x0C, 0xCF, 0x67, 0x38, 0xEE, 0x14, 0xB2, 0x38,
  0x04, 0x08, 0xBD, 0x38, 0xD1, 0xFF, 0x4A, 0x38, 0xB7, 0x43,
  0x95, 0x38, 0x5D, 0xE4, 0x6B, 0x38, 0x62, 0x6F, 0x8E, 0x38,
  0x43, 0x4F, 0x51, 0x38, 0x4A, 0x89, 0x28, 0x39, 0xE8, 0x2B,
  0x51, 0x38, 0x21, 0x85, 0x67, 0x38, 0xFE, 0x1E, 0x44, 0x38,
  0x96, 0x7C, 0x87, 0x38, 0xA8, 0x36, 0x85, 0x38, 0xA7, 0x5E,
  0x47, 0x38, 0x4F, 0xA3, 0x82, 0x38, 0x68, 0xFE, 0x94, 0x38,
  0xCC, 0x8E, 0x9A, 0x38, 0x76, 0x61, 0x43, 0x38, 0x61, 0xD7,
  0x9E, 0x38, 0xB7, 0xFC, 0xA5, 0x38, 0xFA, 0x24, 0x97, 0x38,
  0x9F, 0xC5, 0xC0, 0x38, 0xEE, 0xA8, 0xA6, 0x38, 0x7B, 0xCA,
  0x88, 0x38, 0xB0, 0x98, 0x89, 0x38, 0x9B, 0xBB, 0x96, 0x38,
  0xEC, 0xDF, 0x57, 0x38, 0x31, 0x3E, 0x9A, 0x38, 0x74, 0x0A,
  0x90, 0x38, 0xA6, 0xF2, 0x9A, 0x38, 0x24, 0x7B, 0xAF, 0x38,
  0x22, 0xBB, 0x9A, 0x38, 0xD7, 0x54, 0x6E, 0x38, 0x86, 0x1C,
  0x48, 0x38, 0x1B, 0x17, 0xBA, 0x38, 0xE4, 0x5D, 0x8F, 0x38,
  0xA1, 0xEE, 0x51, 0x38, 0xB1, 0x71, 0xF7, 0x38, 0x61, 0xF0,
  0x45, 0x38, 0xB9, 0xAB, 0x6E, 0x38, 0xCA, 0x6D, 0x48, 0x38,
  0xFE, 0x12, 0x17, 0x39, 0x75, 0xF5, 0xCA, 0x38, 0x87, 0x3D,
  0x9F, 0x38, 0x47, 0x00, 0x9D, 0x38, 0x0F, 0xCE, 0x75, 0x38,
  0x70, 0x1E, 0x78, 0x38, 0x34, 0x00, 0x00, 0x00, 0x64, 0x61,
  0x67, 0x68, 0x65, 0x72, 0x6F, 0x5F, 0x63, 0x6E, 0x6E, 0x5F,
  0x32, 0x6C, 0x61, 0x79, 0x65, 0x72, 0x5F, 0x63, 0x6F, 0x6E,
  0x76, 0x32, 0x64, 0x2F, 0x71, 0x75, 0x61, 0x6E, 0x74, 0x5F,
  0x62, 0x6E, 0x32, 0x2F, 0x46, 0x75, 0x73, 0x65, 0x64, 0x42,
  0x61, 0x74, 0x63, 0x68, 0x4E, 0x6F, 0x72, 0x6D, 0x56, 0x33,
  0x00, 0x00, 0x00, 0x00, 0x01, 0x00, 0x00, 0x00, 0x40, 0x00,
  0x00, 0x00, 0xC2, 0xF4, 0xFF, 0xFF, 0x00, 0x00, 0x00, 0x01,
  0x14, 0x00, 0x00, 0x00, 0x28, 0x03, 0x00, 0x00, 0x09, 0x00,
  0x00, 0x00, 0x00, 0x00, 0x00, 0x09, 0xA4, 0x03, 0x00, 0x00,
  0xAC, 0xF4, 0xFF, 0xFF, 0x08, 0x00, 0x00, 0x00, 0x0C, 0x02,
  0x00, 0x00, 0x40, 0x00, 0x00, 0x00, 0x00, 0x00, 0x00, 0x00,
  0x00, 0x00, 0x00, 0x00, 0x00, 0x00, 0x00, 0x00, 0x00, 0x00,
  0x00, 0x00, 0x00, 0x00, 0x00, 0x00, 0x00, 0x00, 0x00, 0x00,
  0x00, 0x00, 0x00, 0x00, 0x00, 0x00, 0x00, 0x00, 0x00, 0x00,
  0x00, 0x00, 0x00, 0x00, 0x00, 0x00, 0x00, 0x00, 0x00, 0x00,
  0x00, 0x00, 0x00, 0x00, 0x00, 0x00, 0x00, 0x00, 0x00, 0x00,
  0x00, 0x00, 0x00, 0x00, 0x00, 0x00, 0x00, 0x00, 0x00, 0x00,
  0x00, 0x00, 0x00, 0x00, 0x00, 0x00, 0x00, 0x00, 0x00, 0x00,
  0x00, 0x00, 0x00, 0x00, 0x00, 0x00, 0x00, 0x00, 0x00, 0x00,
  0x00, 0x00, 0x00, 0x00, 0x00, 0x00, 0x00, 0x00, 0x00, 0x00,
  0x00, 0x00, 0x00, 0x00, 0x00, 0x00, 0x00, 0x00, 0x00, 0x00,
  0x00, 0x00, 0x00, 0x00, 0x00, 0x00, 0x00, 0x00, 0x00, 0x00,
  0x00, 0x00, 0x00, 0x00, 0x00, 0x00, 0x00, 0x00, 0x00, 0x00,
  0x00, 0x00, 0x00, 0x00, 0x00, 0x00, 0x00, 0x00, 0x00, 0x00,
  0x00, 0x00, 0x00, 0x00, 0x00, 0x00, 0x00, 0x00, 0x00, 0x00,
  0x00, 0x00, 0x00, 0x00, 0x00, 0x00, 0x00, 0x00, 0x00, 0x00,
  0x00, 0x00, 0x00, 0x00, 0x00, 0x00, 0x00, 0x00, 0x00, 0x00,
  0x00, 0x00, 0x00, 0x00, 0x00, 0x00, 0x00, 0x00, 0x00, 0x00,
  0x00, 0x00, 0x00, 0x00, 0x00, 0x00, 0x00, 0x00, 0x00, 0x00,
  0x00, 0x00, 0x00, 0x00, 0x00, 0x00, 0x00, 0x00, 0x00, 0x00,
  0x00, 0x00, 0x00, 0x00, 0x00, 0x00, 0x00, 0x00, 0x00, 0x00,
  0x00, 0x00, 0x00, 0x00, 0x00, 0x00, 0x00, 0x00, 0x00, 0x00,
  0x00, 0x00, 0x00, 0x00, 0x00, 0x00, 0x00, 0x00, 0x00, 0x00,
  0x00, 0x00, 0x00, 0x00, 0x00, 0x00, 0x00, 0x00, 0x00, 0x00,
  0x00, 0x00, 0x00, 0x00, 0x00, 0x00, 0x00, 0x00, 0x00, 0x00,
  0x00, 0x00, 0x00, 0x00, 0x00, 0x00, 0x00, 0x00, 0x00, 0x00,
  0x00, 0x00, 0x00, 0x00, 0x00, 0x00, 0x00, 0x00, 0x00, 0x00,
  0x00, 0x00, 0x00, 0x00, 0x00, 0x00, 0x00, 0x00, 0x00, 0x00,
  0x00, 0x00, 0x00, 0x00, 0x00, 0x00, 0x00, 0x00, 0x00, 0x00,
  0x00, 0x00, 0x00, 0x00, 0x00, 0x00, 0x00, 0x00, 0x00, 0x00,
  0x00, 0x00, 0x00, 0x00, 0x00, 0x00, 0x00, 0x00, 0x00, 0x00,
  0x00, 0x00, 0x00, 0x00, 0x00, 0x00, 0x00, 0x00, 0x00, 0x00,
  0x00, 0x00, 0x00, 0x00, 0x00, 0x00, 0x00, 0x00, 0x00, 0x00,
  0x00, 0x00, 0x00, 0x00, 0x00, 0x00, 0x00, 0x00, 0x00, 0x00,
  0x00, 0x00, 0x00, 0x00, 0x00, 0x00, 0x00, 0x00, 0x00, 0x00,
  0x00, 0x00, 0x00, 0x00, 0x00, 0x00, 0x00, 0x00, 0x00, 0x00,
  0x00, 0x00, 0x00, 0x00, 0x00, 0x00, 0x00, 0x00, 0x00, 0x00,
  0x00, 0x00, 0x00, 0x00, 0x00, 0x00, 0x00, 0x00, 0x00, 0x00,
  0x00, 0x00, 0x00, 0x00, 0x00, 0x00, 0x00, 0x00, 0x00, 0x00,
  0x00, 0x00, 0x00, 0x00, 0x00, 0x00, 0x00, 0x00, 0x00, 0x00,
  0x00, 0x00, 0x00, 0x00, 0x00, 0x00, 0x00, 0x00, 0x00, 0x00,
  0x00, 0x00, 0x00, 0x00, 0x00, 0x00, 0x00, 0x00, 0x00, 0x00,
  0x00, 0x00, 0x00, 0x00, 0x00, 0x00, 0x00, 0x00, 0x00, 0x00,
  0x00, 0x00, 0x00, 0x00, 0x00, 0x00, 0x00, 0x00, 0x00, 0x00,
  0x00, 0x00, 0x00, 0x00, 0x00, 0x00, 0x00, 0x00, 0x00, 0x00,
  0x00, 0x00, 0x00, 0x00, 0x00, 0x00, 0x00, 0x00, 0x00, 0x00,
  0x00, 0x00, 0x00, 0x00, 0x00, 0x00, 0x00, 0x00, 0x00, 0x00,
  0x00, 0x00, 0x00, 0x00, 0x00, 0x00, 0x00, 0x00, 0x00, 0x00,
  0x00, 0x00, 0x00, 0x00, 0x00, 0x00, 0x00, 0x00, 0x00, 0x00,
  0x00, 0x00, 0x00, 0x00, 0x00, 0x00, 0x00, 0x00, 0x00, 0x00,
  0x00, 0x00, 0x00, 0x00, 0x00, 0x00, 0x00, 0x00, 0x00, 0x00,
  0x00, 0x00, 0x00, 0x00, 0x00, 0x00, 0x00, 0x00, 0x00, 0x00,
  0x00, 0x00, 0x40, 0x00, 0x00, 0x00, 0x59, 0xF9, 0x06, 0x3B,
  0x23, 0xB3, 0x6F, 0x3B, 0x99, 0xDA, 0x13, 0x3B, 0x48, 0x23,
  0xD2, 0x3A, 0xD9, 0x41, 0x1E, 0x3B, 0x8D, 0xA5, 0x5C, 0x3B,
  0x87, 0xB2, 0xA3, 0x3B, 0x9E, 0xAE, 0x73, 0x3B, 0xA1, 0xFA,
  0x17, 0x3B, 0x36, 0x9F, 0x66, 0x3B, 0xAB, 0xA4, 0x86, 0x3B,
  0x77, 0x67, 0x0A, 0x3B, 0x13, 0xC2, 0x1E, 0x3B, 0x34, 0x3E,
  0xDD, 0x3A, 0x20, 0xA0, 0x09, 0x3B, 0xA5, 0xBD, 0x2E, 0x3B,
  0xFC, 0x6C, 0x05, 0x3B, 0xA2, 0x00, 0x4D, 0x3B, 0x78, 0x9B,
  0x59, 0x3B, 0xD3, 0xAF, 0xE9, 0x3A, 0x34, 0xD4, 0x2B, 0x3B,
  0xA7, 0xC6, 0x07, 0x3B, 0x93, 0xF7, 0x23, 0x3B, 0x7A, 0xF3,
  0xF0, 0x3A, 0x97, 0x03, 0xC2, 0x3B, 0xC7, 0xCA, 0xF0, 0x3A,
  0x70, 0x42, 0x05, 0x3B, 0xD0, 0xC4, 0xE1, 0x3A, 0xE0, 0xF7,
  0x1B, 0x3B, 0xFA, 0x59, 0x19, 0x3B, 0x33, 0x82, 0xE5, 0x3A,
  0xF4, 0x62, 0x16, 0x3B, 0x6B, 0x84, 0x2B, 0x3B, 0x22, 0xEC,
  0x31, 0x3B, 0xA2, 0xEA, 0xE0, 0x3A, 0x7D, 0xDA, 0x36, 0x3B,
  0x5E, 0x14, 0x3F, 0x3B, 0x38, 0xFE, 0x2D, 0x3B, 0xD6, 0xE9,
  0x5D, 0x3B, 0x9D, 0xDA, 0x3F, 0x3B, 0x3F, 0x78, 0x1D, 0x3B,
  0xA0, 0x65, 0x1E, 0x3B, 0xEB, 0x84, 0x2D, 0x3B, 0x34, 0x82,
  0xF8, 0x3A, 0x58, 0x8F, 0x31, 0x3B, 0xCA, 0xD0, 0x25, 0x3B,
  0x15, 0x5F, 0x32, 0x3B, 0x33, 0x02, 0x4A, 0x3B, 0x2C, 0x1F,
  0x32, 0x3B, 0x18, 0x2E, 0x09, 0x3B, 0xC5, 0x5C, 0xE6, 0x3A,
  0xBD, 0x38, 0x56, 0x3B, 0x23, 0x0A, 0x25, 0x3B, 0xEF, 0xAA,
  0xF1, 0x3A, 0xDA, 0x6C, 0x8E, 0x3B, 0x8E, 0xDC, 0xE3, 0x3A,
  0x1A, 0x60, 0x09, 0x3B, 0x52, 0xBA, 0xE6, 0x3A, 0x84, 0xE9,
  0xAD, 0x3B, 0xE6, 0xA3, 0x69, 0x3B, 0x13, 0x50, 0x37, 0x3B,
  0x2B, 0xBC, 0x34, 0x3B, 0x51, 0x7B, 0x0D, 0x3B, 0x47, 0xD0,
  0x0E, 0x3B, 0x83, 0x00, 0x00, 0x00, 0x64, 0x61, 0x67, 0x68,
  0x65, 0x72, 0x6F, 0x5F, 0x63, 0x6E, 0x6E, 0x5F, 0x32, 0x6C,
  0x61, 0x79, 0x65, 0x72, 0x5F, 0x63, 0x6F, 0x6E, 0x76, 0x32,
  0x64, 0x2F, 0x71, 0x75, 0x61, 0x6E, 0x74, 0x5F, 0x63, 0x6F,
  0x6E, 0x76, 0x32, 0x2F, 0x43, 0x6F, 0x6E, 0x76, 0x32, 0x44,
  0x3B, 0x64, 0x61, 0x67, 0x68, 0x65, 0x72, 0x6F, 0x5F, 0x63,
  0x6E, 0x6E, 0x5F, 0x32, 0x6C, 0x61, 0x79, 0x65, 0x72, 0x5F,
  0x63, 0x6F, 0x6E, 0x76, 0x32, 0x64, 0x2F, 0x71, 0x75, 0x61,
  0x6E, 0x74, 0x5F, 0x63, 0x6F, 0x6E, 0x76, 0x32, 0x2F, 0x4C,
  0x61, 0x73, 0x74, 0x56, 0x61, 0x6C, 0x75, 0x65, 0x51, 0x75,
  0x61, 0x6E, 0x74, 0x2F, 0x46, 0x61, 0x6B, 0x65, 0x51, 0x75,
  0x61, 0x6E, 0x74, 0x57, 0x69, 0x74, 0x68, 0x4D, 0x69, 0x6E,
  0x4D, 0x61, 0x78, 0x56, 0x61, 0x72, 0x73, 0x50, 0x65, 0x72,
  0x43, 0x68, 0x61, 0x6E, 0x6E, 0x65, 0x6C, 0x00, 0x04, 0x00,
  0x00, 0x00, 0x40, 0x00, 0x00, 0x00, 0x07, 0x00, 0x00, 0x00,
  0x01, 0x00, 0x00, 0x00, 0x20, 0x00, 0x00, 0x00, 0x92, 0xF8,
  0xFF, 0xFF, 0x00, 0x00, 0x00, 0x01, 0x14, 0x00, 0x00, 0x00,
  0x34, 0x00, 0x00, 0x00, 0x08, 0x00, 0x00, 0x00, 0x00, 0x00,
  0x00, 0x09, 0x5C, 0x00, 0x00, 0x00, 0x7C, 0xF8, 0xFF, 0xFF,
  0x08, 0x00, 0x00, 0x00, 0x14, 0x00, 0x00, 0x00, 0x01, 0x00,
  0x00, 0x00, 0xA7, 0xFF, 0xFF, 0xFF, 0xFF, 0xFF, 0xFF, 0xFF,
  0x00, 0x00, 0x00, 0x00, 0x01, 0x00, 0x00, 0x00, 0xE0, 0x61,
  0xDE, 0x3C, 0x2D, 0x00, 0x00, 0x00, 0x64, 0x61, 0x67, 0x68,
  0x65, 0x72, 0x6F, 0x5F, 0x63, 0x6E, 0x6E, 0x5F, 0x32, 0x6C,
  0x61, 0x79, 0x65, 0x72, 0x5F, 0x63, 0x6F, 0x6E, 0x76, 0x32,
  0x64, 0x2F, 0x71, 0x75, 0x61, 0x6E, 0x74, 0x5F, 0x70, 0x6F,
  0x6F, 0x6C, 0x31, 0x2F, 0x4D, 0x61, 0x78, 0x50, 0x6F, 0x6F,
  0x6C, 0x00, 0x00, 0x00, 0x04, 0x00, 0x00, 0x00, 0x01, 0x00,
  0x00, 0x00, 0x32, 0x00, 0x00, 0x00, 0x01, 0x00, 0x00, 0x00,
  0x20, 0x00, 0x00, 0x00, 0x1A, 0xF9, 0xFF, 0xFF, 0x00, 0x00,
  0x00, 0x01, 0x14, 0x00, 0x00, 0x00, 0x34, 0x00, 0x00, 0x00,
  0x07, 0x00, 0x00, 0x00, 0x00, 0x00, 0x00, 0x09, 0xBC, 0x00,
  0x00, 0x00, 0x04, 0xF9, 0xFF, 0xFF, 0x08, 0x00, 0x00, 0x00,
  0x14, 0x00, 0x00, 0x00, 0x01, 0x00, 0x00, 0x00, 0xA7, 0xFF,
  0xFF, 0xFF, 0xFF, 0xFF, 0xFF, 0xFF, 0x00, 0x00, 0x00, 0x00,
  0x01, 0x00, 0x00, 0x00, 0xE0, 0x61, 0xDE, 0x3C, 0x8C, 0x00,
  0x00, 0x00, 0x64, 0x61, 0x67, 0x68, 0x65, 0x72, 0x6F, 0x5F,
  0x63, 0x6E, 0x6E, 0x5F, 0x32, 0x6C, 0x61, 0x79, 0x65, 0x72,
  0x5F, 0x63, 0x6F, 0x6E, 0x76, 0x32, 0x64, 0x2F, 0x71, 0x75,
  0x61, 0x6E, 0x74, 0x5F, 0x72, 0x65, 0x6C, 0x75, 0x31, 0x2F,
  0x52, 0x65, 0x6C, 0x75, 0x3B, 0x64, 0x61, 0x67, 0x68, 0x65,
  0x72, 0x6F, 0x5F, 0x63, 0x6E, 0x6E, 0x5F, 0x32, 0x6C, 0x61,
  0x79, 0x65, 0x72, 0x5F, 0x63, 0x6F, 0x6E, 0x76, 0x32, 0x64,
  0x2F, 0x71, 0x75, 0x61, 0x6E, 0x74, 0x5F, 0x62, 0x6E, 0x31,
  0x2F, 0x46, 0x75, 0x73, 0x65, 0x64, 0x42, 0x61, 0x74, 0x63,
  0x68, 0x4E, 0x6F, 0x72, 0x6D, 0x56, 0x33, 0x3B, 0x64, 0x61,
  0x67, 0x68, 0x65, 0x72, 0x6F, 0x5F, 0x63, 0x6E, 0x6E, 0x5F,
  0x32, 0x6C, 0x61, 0x79, 0x65, 0x72, 0x5F, 0x63, 0x6F, 0x6E,
  0x76, 0x32, 0x64, 0x2F, 0x71, 0x75, 0x61, 0x6E, 0x74, 0x5F,
  0x63, 0x6F, 0x6E, 0x76, 0x31, 0x2F, 0x43, 0x6F, 0x6E, 0x76,
  0x32, 0x44, 0x00, 0x00, 0x00, 0x00, 0x04, 0x00, 0x00, 0x00,
  0x01, 0x00, 0x00, 0x00, 0x64, 0x00, 0x00, 0x00, 0x01, 0x00,
  0x00, 0x00, 0x20, 0x00, 0x00, 0x00, 0x02, 0xFA, 0xFF, 0xFF,
  0x00, 0x00, 0x00, 0x01, 0x14, 0x00, 0x00, 0x00, 0xA8, 0x01,
  0x00, 0x00, 0x06, 0x00, 0x00, 0x00, 0x00, 0x00, 0x00, 0x02,
  0xD8, 0x01, 0x00, 0x00, 0xEC, 0xF9, 0xFF, 0xFF, 0x08, 0x00,
  0x00, 0x00, 0x0C, 0x01, 0x00, 0x00, 0x20, 0x00, 0x00, 0x00,
  0x00, 0x00, 0x00, 0x00, 0x00, 0x00, 0x00, 0x00, 0x00, 0x00,
  0x00, 0x00, 0x00, 0x00, 0x00, 0x00, 0x00, 0x00, 0x00, 0x00,
  0x00, 0x00, 0x00, 0x00, 0x00, 0x00, 0x00, 0x00, 0x00, 0x00,
  0x00, 0x00, 0x00, 0x00, 0x00, 0x00, 0x00, 0x00, 0x00, 0x00,
  0x00, 0x00, 0x00, 0x00, 0x00, 0x00, 0x00, 0x00, 0x00, 0x00,
  0x00, 0x00, 0x00, 0x00, 0x00, 0x00, 0x00, 0x00, 0x00, 0x00,
  0x00, 0x00, 0x00, 0x00, 0x00, 0x00, 0x00, 0x00, 0x00, 0x00,
  0x00, 0x00, 0x00, 0x00, 0x00, 0x00, 0x00, 0x00, 0x00, 0x00,
  0x00, 0x00, 0x00, 0x00, 0x00, 0x00, 0x00, 0x00, 0x00, 0x00,
  0x00, 0x00, 0x00, 0x00, 0x00, 0x00, 0x00, 0x00, 0x00, 0x00,
  0x00, 0x00, 0x00, 0x00, 0x00, 0x00, 0x00, 0x00, 0x00, 0x00,
  0x00, 0x00, 0x00, 0x00, 0x00, 0x00, 0x00, 0x00, 0x00, 0x00,
  0x00, 0x00, 0x00, 0x00, 0x00, 0x00, 0x00, 0x00, 0x00, 0x00,
  0x00, 0x00, 0x00, 0x00, 0x00, 0x00, 0x00, 0x00, 0x00, 0x00,
  0x00, 0x00, 0x00, 0x00, 0x00, 0x00, 0x00, 0x00, 0x00, 0x00,
  0x00, 0x00, 0x00, 0x00, 0x00, 0x00, 0x00, 0x00, 0x00, 0x00,
  0x00, 0x00, 0x00, 0x00, 0x00, 0x00, 0x00, 0x00, 0x00, 0x00,
  0x00, 0x00, 0x00, 0x00, 0x00, 0x00, 0x00, 0x00, 0x00, 0x00,
  0x00, 0x00, 0x00, 0x00, 0x00, 0x00, 0x00, 0x00, 0x00, 0x00,
  0x00, 0x00, 0x00, 0x00, 0x00, 0x00, 0x00, 0x00, 0x00, 0x00,
  0x00, 0x00, 0x00, 0x00, 0x00, 0x00, 0x00, 0x00, 0x00, 0x00,
  0x00, 0x00, 0x00, 0x00, 0x00, 0x00, 0x00, 0x00, 0x00, 0x00,
  0x00, 0x00, 0x00, 0x00, 0x00, 0x00, 0x00, 0x00, 0x00, 0x00,
  0x00, 0x00, 0x00, 0x00, 0x00, 0x00, 0x00, 0x00, 0x00, 0x00,
  0x00, 0x00, 0x00, 0x00, 0x00, 0x00, 0x00, 0x00, 0x00, 0x00,
  0x00, 0x00, 0x00, 0x00, 0x00, 0x00, 0x00, 0x00, 0x00, 0x00,
  0x20, 0x00, 0x00, 0x00, 0x81, 0x27, 0xDF, 0x38, 0x4C, 0xC8,
  0x76, 0x39, 0x64, 0x7A, 0x5D, 0x39, 0x9A, 0xEB, 0x85, 0x39,
  0x6F, 0xDE, 0x2C, 0x39, 0x99, 0x12, 0x5C, 0x39, 0x1A, 0x9B,
  0x53, 0x39, 0xB8, 0xF9, 0x32, 0x39, 0x68, 0x9E, 0x7B, 0x39,
  0x14, 0xD4, 0xD6, 0x38, 0x46, 0xF1, 0xCF, 0x38, 0xA5, 0x2A,
  0x2A, 0x39, 0xE7, 0x95, 0x14, 0x39, 0x7E, 0xFE, 0xAA, 0x39,
  0x38, 0xED, 0x1D, 0x39, 0xFE, 0x64, 0x48, 0x39, 0x6F, 0xCE,
  0x11, 0x39, 0x7D, 0x98, 0x65, 0x39, 0x3F, 0x47, 0x55, 0x39,
  0x4F, 0x52, 0x11, 0x39, 0xDA, 0x0A, 0x3E, 0x39, 0x37, 0xC6,
  0x72, 0x39, 0x6F, 0x72, 0x42, 0x39, 0xAB, 0x3E, 0x37, 0x39,
  0x69, 0x84, 0x69, 0x39, 0xB2, 0xF8, 0x18, 0x39, 0x78, 0xEC,
  0x8D, 0x39, 0xF7, 0x97, 0x19, 0x39, 0x78, 0x51, 0x7C, 0x39,
  0x9C, 0xB0, 0x4B, 0x39, 0xA5, 0x1E, 0x19, 0x39, 0x10, 0x59,
  0x3C, 0x39, 0x34, 0x00, 0x00, 0x00, 0x64, 0x61, 0x67, 0x68,
  0x65, 0x72, 0x6F, 0x5F, 0x63, 0x6E, 0x6E, 0x5F, 0x32, 0x6C,
  0x61, 0x79, 0x65, 0x72, 0x5F, 0x63, 0x6F, 0x6E, 0x76, 0x32,
  0x64, 0x2F, 0x71, 0x75, 0x61, 0x6E, 0x74, 0x5F, 0x62, 0x6E,
  0x31, 0x2F, 0x46, 0x75, 0x73, 0x65, 0x64, 0x42, 0x61, 0x74,
  0x63, 0x68, 0x4E, 0x6F, 0x72, 0x6D, 0x56, 0x33, 0x00, 0x00,
  0x00, 0x00, 0x01, 0x00, 0x00, 0x00, 0x20, 0x00, 0x00, 0x00,
  0xFA, 0xFB, 0xFF, 0xFF, 0x00, 0x00, 0x00, 0x01, 0x14, 0x00,
  0x00, 0x00, 0xA8, 0x01, 0x00, 0x00, 0x05, 0x00, 0x00, 0x00,
  0x00, 0x00, 0x00, 0x09, 0x24, 0x02, 0x00, 0x00, 0xE4, 0xFB,
  0xFF, 0xFF, 0x08, 0x00, 0x00, 0x00, 0x0C, 0x01, 0x00, 0x00,
  0x20, 0x00, 0x00, 0x00, 0x00, 0x00, 0x00, 0x00, 0x00, 0x00,
  0x00, 0x00, 0x00, 0x00, 0x00, 0x00, 0x00, 0x00, 0x00, 0x00,
  0x00, 0x00, 0x00, 0x00, 0x00, 0x00, 0x00, 0x00, 0x00, 0x00,
  0x00, 0x00, 0x00, 0x00, 0x00, 0x00, 0x00, 0x00, 0x00, 0x00,
  0x00, 0x00, 0x00, 0x00, 0x00, 0x00, 0x00, 0x00, 0x00, 0x00,
  0x00, 0x00, 0x00, 0x00, 0x00, 0x00, 0x00, 0x00, 0x00, 0x00,
  0x00, 0x00, 0x00, 0x00, 0x00, 0x00, 0x00, 0x00, 0x00, 0x00,
  0x00, 0x00, 0x00, 0x00, 0x00, 0x00, 0x00, 0x00, 0x00, 0x00,
  0x00, 0x00, 0x00, 0x00, 0x00, 0x00, 0x00, 0x00, 0x00, 0x00,
  0x00, 0x00, 0x00, 0x00, 0x00, 0x00, 0x00, 0x00, 0x00, 0x00,
  0x00, 0x00, 0x00, 0x00, 0x00, 0x00, 0x00, 0x00, 0x00, 0x00,
  0x00, 0x00, 0x00, 0x00, 0x00, 0x00, 0x00, 0x00, 0x00, 0x00,
  0x00, 0x00, 0x00, 0x00, 0x00, 0x00, 0x00, 0x00, 0x00, 0x00,
  0x00, 0x00, 0x00, 0x00, 0x00, 0x00, 0x00, 0x00, 0x00, 0x00,
  0x00, 0x00, 0x00, 0x00, 0x00, 0x00, 0x00, 0x00, 0x00, 0x00,
  0x00, 0x00, 0x00, 0x00, 0x00, 0x00, 0x00, 0x00, 0x00, 0x00,
  0x00, 0x00, 0x00, 0x00, 0x00, 0x00, 0x00, 0x00, 0x00, 0x00,
  0x00, 0x00, 0x00, 0x00, 0x00, 0x00, 0x00, 0x00, 0x00, 0x00,
  0x00, 0x00, 0x00, 0x00, 0x00, 0x00, 0x00, 0x00, 0x00, 0x00,
  0x00, 0x00, 0x00, 0x00, 0x00, 0x00, 0x00, 0x00, 0x00, 0x00,
  0x00, 0x00, 0x00, 0x00, 0x00, 0x00, 0x00, 0x00, 0x00, 0x00,
  0x00, 0x00, 0x00, 0x00, 0x00, 0x00, 0x00, 0x00, 0x00, 0x00,
  0x00, 0x00, 0x00, 0x00, 0x00, 0x00, 0x00, 0x00, 0x00, 0x00,
  0x00, 0x00, 0x00, 0x00, 0x00, 0x00, 0x00, 0x00, 0x00, 0x00,
  0x00, 0x00, 0x00, 0x00, 0x00, 0x00, 0x00, 0x00, 0x00, 0x00,
  0x00, 0x00, 0x00, 0x00, 0x00, 0x00, 0x00, 0x00, 0x00, 0x00,
  0x00, 0x00, 0x00, 0x00, 0x20, 0x00, 0x00, 0x00, 0x41, 0x04,
  0x04, 0x3B, 0xAE, 0xFE, 0x91, 0x3B, 0x65, 0x06, 0x83, 0x3B,
  0xE8, 0x73, 0x9E, 0x3B, 0x42, 0x89, 0x4C, 0x3B, 0x8B, 0x31,
  0x82, 0x3B, 0x88, 0x5E, 0x7A, 0x3B, 0xEC, 0xC2, 0x53, 0x3B,
  0x23, 0xDB, 0x94, 0x3B, 0xA3, 0x2E, 0xFE, 0x3A, 0xE8, 0x08,
  0xF6, 0x3A, 0xBF, 0x56, 0x49, 0x3B, 0xF2, 0xCD, 0x2F, 0x3B,
  0x67, 0x51, 0xCA, 0x3B, 0x51, 0xDB, 0x3A, 0x3B, 0xA8, 0x1A,
  0x6D, 0x3B, 0x24, 0x84, 0x2C, 0x3B, 0xC9, 0xD3, 0x87, 0x3B,
  0x1B, 0x59, 0x7C, 0x3B, 0x47, 0xF1, 0x2B, 0x3B, 0x0C, 0xDB,
  0x60, 0x3B, 0xA8, 0x9F, 0x8F, 0x3B, 0x2F, 0x11, 0x66, 0x3B,
  0x15, 0xD0, 0x58, 0x3B, 0xB2, 0x25, 0x8A, 0x3B, 0x6B, 0xFE,
  0x34, 0x3B, 0x19, 0xEC, 0xA7, 0x3B, 0xDD, 0xBA, 0x35, 0x3B,
  0x12, 0x45, 0x95, 0x3B, 0xD0, 0x00, 0x71, 0x3B, 0x52, 0x2B,
  0x35, 0x3B, 0xCA, 0xD9, 0x5E, 0x3B, 0x83, 0x00, 0x00, 0x00,
  0x64, 0x61, 0x67, 0x68, 0x65, 0x72, 0x6F, 0x5F, 0x63, 0x6E,
  0x6E, 0x5F, 0x32, 0x6C, 0x61, 0x79, 0x65, 0x72, 0x5F, 0x63,
  0x6F, 0x6E, 0x76, 0x32, 0x64, 0x2F, 0x71, 0x75, 0x61, 0x6E,
  0x74, 0x5F, 0x63, 0x6F, 0x6E, 0x76, 0x31, 0x2F, 0x43, 0x6F,
  0x6E, 0x76, 0x32, 0x44, 0x3B, 0x64, 0x61, 0x67, 0x68, 0x65,
  0x72, 0x6F, 0x5F, 0x63, 0x6E, 0x6E, 0x5F, 0x32, 0x6C, 0x61,
  0x79, 0x65, 0x72, 0x5F, 0x63, 0x6F, 0x6E, 0x76, 0x32, 0x64,
  0x2F, 0x71, 0x75, 0x61, 0x6E, 0x74, 0x5F, 0x63, 0x6F, 0x6E,
  0x76, 0x31, 0x2F, 0x4C, 0x61, 0x73, 0x74, 0x56, 0x61, 0x6C,
  0x75, 0x65, 0x51, 0x75, 0x61, 0x6E, 0x74, 0x2F, 0x46, 0x61,
  0x6B, 0x65, 0x51, 0x75, 0x61, 0x6E, 0x74, 0x57, 0x69, 0x74,
  0x68, 0x4D, 0x69, 0x6E, 0x4D, 0x61, 0x78, 0x56, 0x61, 0x72,
  0x73, 0x50, 0x65, 0x72, 0x43, 0x68, 0x61, 0x6E, 0x6E, 0x65,
  0x6C, 0x00, 0x04, 0x00, 0x00, 0x00, 0x20, 0x00, 0x00, 0x00,
  0x07, 0x00, 0x00, 0x00, 0x01, 0x00, 0x00, 0x00, 0x03, 0x00,
  0x00, 0x00, 0x4A, 0xFE, 0xFF, 0xFF, 0x00, 0x00, 0x00, 0x01,
  0x14, 0x00, 0x00, 0x00, 0x34, 0x00, 0x00, 0x00, 0x04, 0x00,
  0x00, 0x00, 0x00, 0x00, 0x00, 0x09, 0xB4, 0x00, 0x00, 0x00,
  0x34, 0xFE, 0xFF, 0xFF, 0x08, 0x00, 0x00, 0x00, 0x14, 0x00,
  0x00, 0x00, 0x01, 0x00, 0x00, 0x00, 0x03, 0x00, 0x00, 0x00,
  0x00, 0x00, 0x00, 0x00, 0x00, 0x00, 0x00, 0x00, 0x01, 0x00,
  0x00, 0x00, 0x65, 0x5D, 0x58, 0x3D, 0x85, 0x00, 0x00, 0x00,
  0x64, 0x61, 0x67, 0x68, 0x65, 0x72, 0x6F, 0x5F, 0x63, 0x6E,
  0x6E, 0x5F, 0x32, 0x6C, 0x61, 0x79, 0x65, 0x72, 0x5F, 0x63,
  0x6F, 0x6E, 0x76, 0x32, 0x64, 0x2F, 0x71, 0x75, 0x61, 0x6E,
  0x74, 0x5F, 0x72, 0x65, 0x73, 0x68, 0x61, 0x70, 0x65, 0x5F,
  0x69, 0x6E, 0x2F, 0x52, 0x65, 0x73, 0x68, 0x61, 0x70, 0x65,
  0x3B, 0x64, 0x61, 0x67, 0x68, 0x65, 0x72, 0x6F, 0x5F, 0x63,
  0x6E, 0x6E, 0x5F, 0x32, 0x6C, 0x61, 0x79, 0x65, 0x72, 0x5F,
  0x63, 0x6F, 0x6E, 0x76, 0x32, 0x64, 0x2F, 0x71, 0x75, 0x61,
  0x6E, 0x74, 0x69, 0x7A, 0x65, 0x5F, 0x6C, 0x61, 0x79, 0x65,
  0x72, 0x2F, 0x41, 0x6C, 0x6C, 0x56, 0x61, 0x6C, 0x75, 0x65,
  0x73, 0x51, 0x75, 0x61, 0x6E, 0x74, 0x69, 0x7A, 0x65, 0x2F,
  0x46, 0x61, 0x6B, 0x65, 0x51, 0x75, 0x61, 0x6E, 0x74, 0x57,
  0x69, 0x74, 0x68, 0x4D, 0x69, 0x6E, 0x4D, 0x61, 0x78, 0x56,
  0x61, 0x72, 0x73, 0x00, 0x00, 0x00, 0x04, 0x00, 0x00, 0x00,
  0x01, 0x00, 0x00, 0x00, 0x64, 0x00, 0x00, 0x00, 0x01, 0x00,
  0x00, 0x00, 0x03, 0x00, 0x00, 0x00, 0x2A, 0xFF, 0xFF, 0xFF,
  0x00, 0x00, 0x00, 0x01, 0x14, 0x00, 0x00, 0x00, 0x14, 0x00,
  0x00, 0x00, 0x03, 0x00, 0x00, 0x00, 0x00, 0x00, 0x00, 0x02,
  0x48, 0x00, 0x00, 0x00, 0x98, 0xFF, 0xFF, 0xFF, 0x38, 0x00,
  0x00, 0x00, 0x64, 0x61, 0x67, 0x68, 0x65, 0x72, 0x6F, 0x5F,
  0x63, 0x6E, 0x6E, 0x5F, 0x32, 0x6C, 0x61, 0x79, 0x65, 0x72,
  0x5F, 0x63, 0x6F, 0x6E, 0x76, 0x32, 0x64, 0x2F, 0x71, 0x75,
  0x61, 0x6E, 0x74, 0x5F, 0x72, 0x65, 0x73, 0x68, 0x61, 0x70,
  0x65, 0x5F, 0x69, 0x6E, 0x2F, 0x52, 0x65, 0x73, 0x68, 0x61,
  0x70, 0x65, 0x2F, 0x73, 0x68, 0x61, 0x70, 0x65, 0x00, 0x00,
  0x00, 0x00, 0x01, 0x00, 0x00, 0x00, 0x04, 0x00, 0x00, 0x00,
  0x92, 0xFF, 0xFF, 0xFF, 0x00, 0x00, 0x00, 0x01, 0x18, 0x00,
  0x00, 0x00, 0x18, 0x00, 0x00, 0x00, 0x02, 0x00, 0x00, 0x00,
  0x00, 0x00, 0x00, 0x02, 0x4C, 0x00, 0x00, 0x00, 0x04, 0x00,
  0x04, 0x00, 0x04, 0x00, 0x00, 0x00, 0x3A, 0x00, 0x00, 0x00,
  0x64, 0x61, 0x67, 0x68, 0x65, 0x72, 0x6F, 0x5F, 0x63, 0x6E,
  0x6E, 0x5F, 0x32, 0x6C, 0x61, 0x79, 0x65, 0x72, 0x5F, 0x63,
  0x6F, 0x6E, 0x76, 0x32, 0x64, 0x2F, 0x71, 0x75, 0x61, 0x6E,
  0x74, 0x5F, 0x67, 0x61, 0x70, 0x2F, 0x4D, 0x65, 0x61, 0x6E,
  0x2F, 0x72, 0x65, 0x64, 0x75, 0x63, 0x74, 0x69, 0x6F, 0x6E,
  0x5F, 0x69, 0x6E, 0x64, 0x69, 0x63, 0x65, 0x73, 0x00, 0x00,
  0x01, 0x00, 0x00, 0x00, 0x02, 0x00, 0x00, 0x00, 0x00, 0x00,
  0x16, 0x00, 0x1C, 0x00, 0x18, 0x00, 0x17, 0x00, 0x10, 0x00,
  0x0C, 0x00, 0x08, 0x00, 0x00, 0x00, 0x00, 0x00, 0x00, 0x00,
  0x07, 0x00, 0x16, 0x00, 0x00, 0x00, 0x00, 0x00, 0x00, 0x01,
  0x20, 0x00, 0x00, 0x00, 0x40, 0x00, 0x00, 0x00, 0x01, 0x00,
  0x00, 0x00, 0x00, 0x00, 0x00, 0x09, 0x50, 0x00, 0x00, 0x00,
  0x0C, 0x00, 0x0C, 0x00, 0x00, 0x00, 0x00, 0x00, 0x08, 0x00,
  0x04, 0x00, 0x0C, 0x00, 0x00, 0x00, 0x08, 0x00, 0x00, 0x00,
  0x14, 0x00, 0x00, 0x00, 0x01, 0x00, 0x00, 0x00, 0x03, 0x00,
  0x00, 0x00, 0x00, 0x00, 0x00, 0x00, 0x00, 0x00, 0x00, 0x00,
  0x01, 0x00, 0x00, 0x00, 0x65, 0x5D, 0x58, 0x3D, 0x17, 0x00,
  0x00, 0x00, 0x73, 0x65, 0x72, 0x76, 0x69, 0x6E, 0x67, 0x5F,
  0x64, 0x65, 0x66, 0x61, 0x75, 0x6C, 0x74, 0x5F, 0x69, 0x6E,
  0x70, 0x75, 0x74, 0x3A, 0x30, 0x00, 0x03, 0x00, 0x00, 0x00,
  0x01, 0x00, 0x00, 0x00, 0x64, 0x00, 0x00, 0x00, 0x03, 0x00,
  0x00, 0x00, 0x06, 0x00, 0x00, 0x00, 0x80, 0x00, 0x00, 0x00,
  0x60, 0x00, 0x00, 0x00, 0x40, 0x00, 0x00, 0x00, 0x2C, 0x00,
  0x00, 0x00, 0x18, 0x00, 0x00, 0x00, 0x04, 0x00, 0x00, 0x00,
  0xC0, 0xFF, 0xFF, 0xFF, 0x19, 0x00, 0x00, 0x00, 0x02, 0x00,
  0x00, 0x00, 0x00, 0x00, 0x00, 0x19, 0xD0, 0xFF, 0xFF, 0xFF,
  0x09, 0x00, 0x00, 0x00, 0x04, 0x00, 0x00, 0x00, 0x00, 0x00,
  0x00, 0x09, 0xE0, 0xFF, 0xFF, 0xFF, 0x28, 0x00, 0x00, 0x00,
  0x02, 0x00, 0x00, 0x00, 0x00, 0x00, 0x00, 0x28, 0xF0, 0xFF,
  0xFF, 0xFF, 0x11, 0x00, 0x00, 0x00, 0x02, 0x00, 0x00, 0x00,
  0x00, 0x00, 0x00, 0x11, 0x0C, 0x00, 0x10, 0x00, 0x0F, 0x00,
  0x00, 0x00, 0x08, 0x00, 0x04, 0x00, 0x0C, 0x00, 0x00, 0x00,
  0x03, 0x00, 0x00, 0x00, 0x03, 0x00, 0x00, 0x00, 0x00, 0x00,
  0x00, 0x03, 0x0C, 0x00, 0x0C, 0x00, 0x0B, 0x00, 0x00, 0x00,
  0x00, 0x00, 0x04, 0x00, 0x0C, 0x00, 0x00, 0x00, 0x16, 0x00,
  0x00, 0x00, 0x00, 0x00, 0x00, 0x16
};
unsigned int daghero_accel_rotation_t100_qat_len = 27376;
