/* Converted from E11_wisdm_pretrain_arduino_finetune_T50/accel_rotation_v3_target_clusters_p025/daghero_cnn_2layer_conv2d/e11/daghero_cnn_2layer_conv2d_T50_Prandom_stratified_E11_daghero_cnn_2layer_conv2d_r0_ptq_int8.tflite */
const unsigned char daghero_accel_rotation_v3_target_clusters_p025_t50_ptq[] = {
  0x1C, 0x00, 0x00, 0x00, 0x54, 0x46, 0x4C, 0x33, 0x14, 0x00,
  0x20, 0x00, 0x1C, 0x00, 0x18, 0x00, 0x14, 0x00, 0x10, 0x00,
  0x0C, 0x00, 0x00, 0x00, 0x08, 0x00, 0x04, 0x00, 0x14, 0x00,
  0x00, 0x00, 0x1C, 0x00, 0x00, 0x00, 0x90, 0x00, 0x00, 0x00,
  0xE8, 0x00, 0x00, 0x00, 0x38, 0x51, 0x00, 0x00, 0x48, 0x51,
  0x00, 0x00, 0xC4, 0x67, 0x00, 0x00, 0x03, 0x00, 0x00, 0x00,
  0x01, 0x00, 0x00, 0x00, 0x10, 0x00, 0x00, 0x00, 0x00, 0x00,
  0x0A, 0x00, 0x10, 0x00, 0x0C, 0x00, 0x08, 0x00, 0x04, 0x00,
  0x0A, 0x00, 0x00, 0x00, 0x0C, 0x00, 0x00, 0x00, 0x1C, 0x00,
  0x00, 0x00, 0x3C, 0x00, 0x00, 0x00, 0x0F, 0x00, 0x00, 0x00,
  0x73, 0x65, 0x72, 0x76, 0x69, 0x6E, 0x67, 0x5F, 0x64, 0x65,
  0x66, 0x61, 0x75, 0x6C, 0x74, 0x00, 0x01, 0x00, 0x00, 0x00,
  0x04, 0x00, 0x00, 0x00, 0x98, 0xFF, 0xFF, 0xFF, 0x13, 0x00,
  0x00, 0x00, 0x04, 0x00, 0x00, 0x00, 0x0A, 0x00, 0x00, 0x00,
  0x63, 0x6C, 0x61, 0x73, 0x73, 0x69, 0x66, 0x69, 0x65, 0x72,
  0x00, 0x00, 0x01, 0x00, 0x00, 0x00, 0x04, 0x00, 0x00, 0x00,
  0xAA, 0xAE, 0xFF, 0xFF, 0x04, 0x00, 0x00, 0x00, 0x05, 0x00,
  0x00, 0x00, 0x69, 0x6E, 0x70, 0x75, 0x74, 0x00, 0x00, 0x00,
  0x02, 0x00, 0x00, 0x00, 0x34, 0x00, 0x00, 0x00, 0x04, 0x00,
  0x00, 0x00, 0xDC, 0xFF, 0xFF, 0xFF, 0x16, 0x00, 0x00, 0x00,
  0x04, 0x00, 0x00, 0x00, 0x13, 0x00, 0x00, 0x00, 0x43, 0x4F,
  0x4E, 0x56, 0x45, 0x52, 0x53, 0x49, 0x4F, 0x4E, 0x5F, 0x4D,
  0x45, 0x54, 0x41, 0x44, 0x41, 0x54, 0x41, 0x00, 0x08, 0x00,
  0x0C, 0x00, 0x08, 0x00, 0x04, 0x00, 0x08, 0x00, 0x00, 0x00,
  0x15, 0x00, 0x00, 0x00, 0x04, 0x00, 0x00, 0x00, 0x13, 0x00,
  0x00, 0x00, 0x6D, 0x69, 0x6E, 0x5F, 0x72, 0x75, 0x6E, 0x74,
  0x69, 0x6D, 0x65, 0x5F, 0x76, 0x65, 0x72, 0x73, 0x69, 0x6F,
  0x6E, 0x00, 0x17, 0x00, 0x00, 0x00, 0x4C, 0x50, 0x00, 0x00,
  0x44, 0x50, 0x00, 0x00, 0x24, 0x50, 0x00, 0x00, 0x0C, 0x50,
  0x00, 0x00, 0xE4, 0x4F, 0x00, 0x00, 0x54, 0x4E, 0x00, 0x00,
  0x44, 0x4D, 0x00, 0x00, 0x34, 0x3D, 0x00, 0x00, 0x24, 0x3C,
  0x00, 0x00, 0x14, 0x04, 0x00, 0x00, 0x84, 0x03, 0x00, 0x00,
  0xD4, 0x00, 0x00, 0x00, 0xCC, 0x00, 0x00, 0x00, 0xC4, 0x00,
  0x00, 0x00, 0xBC, 0x00, 0x00, 0x00, 0xB4, 0x00, 0x00, 0x00,
  0xAC, 0x00, 0x00, 0x00, 0xA4, 0x00, 0x00, 0x00, 0x9C, 0x00,
  0x00, 0x00, 0x94, 0x00, 0x00, 0x00, 0x8C, 0x00, 0x00, 0x00,
  0x6C, 0x00, 0x00, 0x00, 0x04, 0x00, 0x00, 0x00, 0x7A, 0xAF,
  0xFF, 0xFF, 0x04, 0x00, 0x00, 0x00, 0x58, 0x00, 0x00, 0x00,
  0x0C, 0x00, 0x00, 0x00, 0x08, 0x00, 0x0E, 0x00, 0x08, 0x00,
  0x04, 0x00, 0x08, 0x00, 0x00, 0x00, 0x10, 0x00, 0x00, 0x00,
  0x28, 0x00, 0x00, 0x00, 0x00, 0x00, 0x06, 0x00, 0x08, 0x00,
  0x04, 0x00, 0x06, 0x00, 0x00, 0x00, 0x04, 0x00, 0x00, 0x00,
  0x01, 0x00, 0x00, 0x00, 0xEB, 0x03, 0x00, 0x00, 0x00, 0x00,
  0x0A, 0x00, 0x10, 0x00, 0x0C, 0x00, 0x08, 0x00, 0x04, 0x00,
  0x0A, 0x00, 0x00, 0x00, 0x02, 0x00, 0x00, 0x00, 0x02, 0x00,
  0x00, 0x00, 0x04, 0x00, 0x00, 0x00, 0x06, 0x00, 0x00, 0x00,
  0x32, 0x2E, 0x31, 0x34, 0x2E, 0x31, 0x00, 0x00, 0xDE, 0xAF,
  0xFF, 0xFF, 0x04, 0x00, 0x00, 0x00, 0x10, 0x00, 0x00, 0x00,
  0x31, 0x2E, 0x31, 0x34, 0x2E, 0x30, 0x00, 0x00, 0x00, 0x00,
  0x00, 0x00, 0x00, 0x00, 0x00, 0x00, 0xD0, 0x9A, 0xFF, 0xFF,
  0xD4, 0x9A, 0xFF, 0xFF, 0xD8, 0x9A, 0xFF, 0xFF, 0xDC, 0x9A,
  0xFF, 0xFF, 0xE0, 0x9A, 0xFF, 0xFF, 0xE4, 0x9A, 0xFF, 0xFF,
  0xE8, 0x9A, 0xFF, 0xFF, 0xEC, 0x9A, 0xFF, 0xFF, 0xF0, 0x9A,
  0xFF, 0xFF, 0x1E, 0xB0, 0xFF, 0xFF, 0x04, 0x00, 0x00, 0x00,
  0xA0, 0x02, 0x00, 0x00, 0x2A, 0xF3, 0xED, 0x21, 0x0F, 0xE1,
  0x22, 0x06, 0x2D, 0x1F, 0x2E, 0x72, 0x03, 0x00, 0x6C, 0x94,
  0x51, 0xEF, 0xA6, 0x22, 0x7F, 0x0C, 0x10, 0x11, 0x51, 0x09,
  0x19, 0x45, 0xEA, 0xFD, 0x2F, 0x2A, 0xEA, 0x21, 0xE4, 0xD9,
  0x2A, 0x50, 0xF0, 0x81, 0xDC, 0x10, 0xD1, 0xEA, 0xE5, 0x06,
  0x1F, 0xDA, 0x77, 0x32, 0x12, 0x52, 0x19, 0xF1, 0xCC, 0x56,
  0x07, 0xB8, 0x1C, 0x0E, 0x81, 0xF9, 0xFC, 0x7F, 0xDB, 0x0C,
  0xCF, 0xEE, 0x1F, 0x33, 0xF1, 0x06, 0x05, 0x05, 0x01, 0x1A,
  0xF3, 0x01, 0x16, 0x37, 0x09, 0xB1, 0xDF, 0x19, 0xE0, 0x46,
  0x1B, 0x1B, 0x52, 0x1D, 0xF5, 0x12, 0xDD, 0x3F, 0xF2, 0xC6,
  0x7F, 0x1C, 0x18, 0x40, 0x9B, 0x44, 0xB8, 0xDB, 0x02, 0x4E,
  0xD8, 0xE4, 0x60, 0xF2, 0xCB, 0xFF, 0xF6, 0xED, 0xAF, 0xD9,
  0x1A, 0x2C, 0xE2, 0x1F, 0x17, 0xEA, 0x0E, 0x92, 0x7F, 0x2A,
  0x45, 0xD1, 0x3B, 0x39, 0xA6, 0x1F, 0x1D, 0x87, 0x1F, 0x2F,
  0x81, 0xA5, 0x87, 0x0D, 0xC6, 0xFA, 0x2E, 0xF4, 0x28, 0x2F,
  0x38, 0xF5, 0x5C, 0x3D, 0xD5, 0xF6, 0x00, 0x39, 0x58, 0xF3,
  0x02, 0x7F, 0xC8, 0x04, 0x4D, 0xE6, 0x6A, 0x3D, 0xF5, 0x0A,
  0x2B, 0x30, 0xF9, 0xF8, 0x41, 0xD1, 0xC1, 0x0F, 0xD9, 0x02,
  0xB2, 0x40, 0x7F, 0xCD, 0x23, 0x96, 0x0A, 0xF1, 0xF2, 0x0A,
  0x09, 0x1A, 0xF8, 0x18, 0x28, 0x81, 0x2A, 0x0B, 0xB9, 0x0B,
  0xD8, 0xB7, 0x1D, 0xB3, 0x9F, 0x17, 0xD1, 0x9D, 0x05, 0xEA,
  0xA9, 0xE9, 0x50, 0x9D, 0xF4, 0xDF, 0x81, 0xE8, 0xF8, 0x8D,
  0xD1, 0x20, 0xB4, 0x9C, 0x35, 0xF7, 0xA7, 0x27, 0x30, 0xC3,
  0x39, 0x1D, 0xBE, 0x23, 0xF1, 0xE6, 0xCD, 0xD3, 0xC6, 0xAA,
  0xCB, 0x0C, 0xAC, 0x12, 0x44, 0xCD, 0x10, 0x46, 0xFE, 0x2E,
  0xC5, 0x7F, 0x0E, 0xC6, 0x69, 0xEE, 0x6C, 0x54, 0x1A, 0x47,
  0xB7, 0xD3, 0x62, 0xAB, 0xEF, 0x2B, 0xAE, 0xDD, 0x61, 0xF5,
  0xEC, 0x56, 0x37, 0xF5, 0x23, 0x7F, 0x01, 0xF6, 0xA6, 0xD2,
  0xB8, 0x96, 0xB9, 0x91, 0x30, 0xD0, 0xF9, 0x15, 0x3C, 0x00,
  0xAA, 0xC4, 0x24, 0x4F, 0x71, 0xC2, 0xAC, 0x7F, 0xD7, 0x3C,
  0xB1, 0xE2, 0x5C, 0xDA, 0xE1, 0xF9, 0x8F, 0x1E, 0x1D, 0x97,
  0x49, 0xC1, 0xEC, 0x1E, 0xE8, 0x7F, 0x4A, 0xE5, 0x59, 0x61,
  0xEB, 0x08, 0x24, 0x20, 0x06, 0x02, 0x2C, 0x34, 0x11, 0x3F,
  0x2F, 0xD0, 0x81, 0xE2, 0xEF, 0x32, 0xFA, 0xC7, 0xAE, 0xCB,
  0xD9, 0xE5, 0x13, 0xED, 0x30, 0xF3, 0xEE, 0x5C, 0xC2, 0xA2,
  0x81, 0x89, 0xAE, 0x3B, 0xE2, 0x38, 0x04, 0xEB, 0xE6, 0xE7,
  0xE1, 0xDA, 0x32, 0x7F, 0x05, 0x27, 0x28, 0x10, 0x12, 0x23,
  0xDA, 0x03, 0x11, 0x04, 0xFE, 0xFC, 0xF5, 0xED, 0xAB, 0x1F,
  0xD2, 0xB2, 0xF6, 0x49, 0x0D, 0x14, 0x17, 0xF1, 0xFA, 0xFE,
  0x09, 0x00, 0xE2, 0x18, 0xD3, 0x1C, 0x74, 0xFB, 0xFF, 0xA8,
  0x81, 0x4D, 0xB3, 0xAD, 0xD3, 0xC5, 0xA6, 0x66, 0xC7, 0x88,
  0x6A, 0x31, 0x43, 0x5C, 0x3D, 0x04, 0xA6, 0x65, 0x59, 0x18,
  0x81, 0x10, 0xB9, 0xDE, 0xAD, 0xF4, 0xCC, 0x7F, 0xFF, 0x06,
  0xB4, 0x0A, 0x02, 0x09, 0xF4, 0xF5, 0xD4, 0x02, 0x02, 0xD0,
  0xEC, 0x08, 0x0B, 0xBD, 0x00, 0xF8, 0x81, 0x0D, 0xDE, 0xDC,
  0x34, 0xF5, 0x03, 0x1E, 0x17, 0xD5, 0x12, 0xF4, 0x04, 0xF6,
  0x28, 0xCA, 0x06, 0x11, 0x68, 0xEF, 0x7F, 0x21, 0x11, 0xA9,
  0x19, 0xCB, 0xD4, 0x9E, 0xF5, 0xD8, 0x92, 0x19, 0xC6, 0x04,
  0x38, 0xC0, 0xEF, 0x1E, 0xF9, 0xC2, 0x3B, 0xF6, 0x7F, 0x18,
  0xE4, 0x50, 0xFE, 0xAF, 0x3C, 0x12, 0x10, 0xE5, 0xE1, 0x05,
  0xB2, 0xC2, 0x0D, 0x08, 0xD3, 0xC1, 0xAE, 0xA5, 0x55, 0xE8,
  0x2E, 0x01, 0x90, 0x0F, 0x1E, 0x1E, 0x16, 0x3D, 0xC8, 0x14,
  0x12, 0x3C, 0xEC, 0xEC, 0x33, 0xDA, 0x81, 0x3C, 0xA8, 0xF6,
  0xB7, 0x4E, 0xD7, 0xBD, 0xFA, 0xE0, 0xB9, 0xD3, 0xFB, 0xF2,
  0x81, 0xF0, 0x07, 0x81, 0x0B, 0x2E, 0x95, 0x0D, 0x34, 0xB4,
  0xD4, 0xC4, 0x28, 0x81, 0xD7, 0xEE, 0xF0, 0x5C, 0x4F, 0x59,
  0xF2, 0xF4, 0x01, 0x5B, 0xDD, 0x3C, 0x18, 0xF2, 0x1C, 0x8F,
  0xC8, 0xD5, 0xEF, 0x3D, 0x35, 0xEA, 0xA3, 0xB1, 0x17, 0x51,
  0x26, 0x7F, 0xF2, 0xFF, 0xD6, 0x11, 0xEE, 0x46, 0xFF, 0x2F,
  0xCB, 0x16, 0xFE, 0x40, 0x55, 0x31, 0x16, 0xCA, 0x22, 0x20,
  0x8E, 0x20, 0x0F, 0x81, 0x9F, 0x08, 0xA9, 0x17, 0xF2, 0x6E,
  0xFC, 0x18, 0xB5, 0x81, 0x1B, 0x3B, 0xB0, 0xBD, 0x15, 0xA6,
  0xB6, 0x25, 0x0C, 0x61, 0x25, 0xBB, 0x3C, 0xF1, 0x22, 0x2B,
  0x01, 0x36, 0x23, 0x0F, 0x16, 0xCE, 0xEF, 0x7D, 0x24, 0xC9,
  0x5D, 0x7F, 0xE4, 0xEF, 0x1D, 0xFE, 0xFA, 0xF4, 0x01, 0x08,
  0x04, 0xE4, 0xF1, 0x3F, 0xF1, 0x0B, 0x49, 0xFC, 0xFD, 0x65,
  0xD9, 0xCC, 0x4F, 0xF0, 0xE4, 0xC7, 0x43, 0x21, 0x81, 0x0C,
  0x6E, 0xB6, 0xEC, 0xFC, 0x21, 0xE0, 0xCA, 0xB2, 0xFF, 0xFF,
  0x04, 0x00, 0x00, 0x00, 0x80, 0x00, 0x00, 0x00, 0x99, 0xF7,
  0xFF, 0xFF, 0xE3, 0xFB, 0xFF, 0xFF, 0x7E, 0xFD, 0xFF, 0xFF,
  0x26, 0xFA, 0xFF, 0xFF, 0x55, 0xF9, 0xFF, 0xFF, 0xB9, 0xFB,
  0xFF, 0xFF, 0xD7, 0xF0, 0xFF, 0xFF, 0xA5, 0xFB, 0xFF, 0xFF,
  0xA7, 0xFB, 0xFF, 0xFF, 0xD4, 0xF8, 0xFF, 0xFF, 0xCC, 0xFE,
  0xFF, 0xFF, 0x99, 0xFB, 0xFF, 0xFF, 0xA7, 0xF1, 0xFF, 0xFF,
  0x21, 0xF5, 0xFF, 0xFF, 0x35, 0x03, 0x00, 0x00, 0x9E, 0xF7,
  0xFF, 0xFF, 0x1B, 0xF7, 0xFF, 0xFF, 0x88, 0x01, 0x00, 0x00,
  0x01, 0xFF, 0xFF, 0xFF, 0x41, 0xF8, 0xFF, 0xFF, 0x21, 0xF6,
  0xFF, 0xFF, 0x79, 0xFD, 0xFF, 0xFF, 0xA5, 0x00, 0x00, 0x00,
  0x10, 0xFB, 0xFF, 0xFF, 0x38, 0xFF, 0xFF, 0xFF, 0x28, 0xF5,
  0xFF, 0xFF, 0x51, 0xF5, 0xFF, 0xFF, 0x0D, 0xFF, 0xFF, 0xFF,
  0x25, 0xFA, 0xFF, 0xFF, 0xE1, 0x03, 0x00, 0x00, 0x86, 0xF9,
  0xFF, 0xFF, 0x1F, 0x01, 0x00, 0x00, 0x56, 0xB3, 0xFF, 0xFF,
  0x04, 0x00, 0x00, 0x00, 0x00, 0x38, 0x00, 0x00, 0xE9, 0x2B,
  0xCD, 0xF7, 0x1A, 0x2A, 0x28, 0x2B, 0xDB, 0x15, 0x38, 0xFE,
  0x2F, 0x19, 0x30, 0xC9, 0x02, 0x23, 0x12, 0x30, 0xB8, 0xB1,
  0x46, 0xC7, 0xD6, 0xFE, 0x25, 0xEC, 0xCD, 0x14, 0x02, 0xAE,
  0x24, 0xFE, 0xD3, 0x00, 0xDE, 0x2C, 0x00, 0x1F, 0xD9, 0xF0,
  0x1D, 0xFE, 0xF4, 0x28, 0xF9, 0xF2, 0x2A, 0xB3, 0x29, 0x20,
  0xC1, 0x15, 0x0F, 0x13, 0xBF, 0x50, 0x38, 0x14, 0xD3, 0xF2,
  0x13, 0xCF, 0x1F, 0xED, 0xB5, 0x1D, 0xBA, 0x11, 0xEA, 0x08,
  0x05, 0xC7, 0x19, 0x13, 0x4C, 0xEE, 0x09, 0x0F, 0xF8, 0x20,
  0x41, 0x0B, 0x14, 0x11, 0x05, 0x28, 0x9F, 0x38, 0x2E, 0x08,
  0xDA, 0x2A, 0xE7, 0xEC, 0x18, 0x00, 0xE2, 0xFD, 0xC7, 0x13,
  0xFE, 0xDF, 0x19, 0xD7, 0x0E, 0xCC, 0x27, 0x04, 0x0F, 0xEE,
  0xC8, 0xC2, 0x1B, 0xFB, 0xD9, 0xBA, 0xEE, 0xE4, 0xCD, 0xDF,
  0xF4, 0xDE, 0xC1, 0x2F, 0xEA, 0xCB, 0x0E, 0xB8, 0xBC, 0xC3,
  0xA3, 0x27, 0xCE, 0x0D, 0xF1, 0xEC, 0x29, 0xE7, 0x07, 0xD6,
  0xC2, 0x1D, 0x3A, 0xD5, 0x0C, 0x13, 0xA5, 0xCC, 0x37, 0xD1,
  0xE4, 0x03, 0x50, 0x13, 0xE4, 0xE4, 0x25, 0xC3, 0xF9, 0x05,
  0xD4, 0xD6, 0xA5, 0x02, 0xD0, 0xDC, 0x53, 0x02, 0x07, 0x16,
  0xCE, 0xEA, 0xBE, 0x7F, 0xDE, 0x09, 0x25, 0x28, 0xDC, 0x22,
  0x15, 0x52, 0xD8, 0xD1, 0x31, 0xF8, 0xE1, 0x1E, 0xEA, 0x24,
  0xC2, 0xF6, 0xEB, 0xDD, 0x02, 0xEE, 0x25, 0xEA, 0x0B, 0xEC,
  0x21, 0x0D, 0xE7, 0xCA, 0xEA, 0x21, 0xC3, 0x2C, 0x1E, 0x05,
  0xFB, 0xC7, 0x6A, 0x51, 0xD8, 0xDA, 0xD4, 0xDE, 0xC0, 0x39,
  0x01, 0x23, 0xC8, 0x1C, 0x14, 0x15, 0xCB, 0x1B, 0x0D, 0x26,
  0x1F, 0x0F, 0xD2, 0x00, 0x19, 0x7F, 0xD5, 0xD8, 0x1A, 0xE4,
  0x09, 0x0B, 0x23, 0xDA, 0xC0, 0x13, 0xD5, 0xF2, 0xE6, 0x0F,
  0xF8, 0xFC, 0xFA, 0x16, 0xB2, 0xF8, 0x36, 0x29, 0xE4, 0x14,
  0x1B, 0x18, 0x00, 0x08, 0xFA, 0xF9, 0x09, 0x0E, 0xB4, 0x0C,
  0xF4, 0xD4, 0x16, 0xFA, 0x2F, 0x23, 0xB3, 0x0E, 0x18, 0xE0,
  0xEF, 0xFD, 0xE7, 0xE8, 0xF2, 0x01, 0xDE, 0x1F, 0x24, 0x39,
  0x12, 0x21, 0x2B, 0x20, 0xE1, 0xEE, 0x0F, 0xF8, 0x27, 0xF1,
  0xC2, 0x0B, 0x18, 0xB4, 0xF8, 0x01, 0x3A, 0x15, 0xB6, 0xDF,
  0xF3, 0xCB, 0x2A, 0x21, 0x05, 0xFE, 0x06, 0xFF, 0xDB, 0x0D,
  0x07, 0x21, 0x0D, 0x18, 0x22, 0x24, 0xF2, 0xD5, 0x00, 0xFA,
  0x36, 0x34, 0xB8, 0xFB, 0x15, 0xC6, 0xE7, 0x1A, 0x2F, 0xF1,
  0xE3, 0x13, 0xCA, 0xDB, 0x08, 0x14, 0x24, 0xEB, 0x01, 0x1C,
  0xD0, 0x0D, 0x13, 0xFB, 0xFC, 0x0E, 0x11, 0x00, 0xE8, 0x01,
  0x05, 0xF0, 0x17, 0x4C, 0xB6, 0xCC, 0x11, 0x09, 0x1F, 0x1C,
  0x22, 0xE9, 0xEB, 0x15, 0xAB, 0xF6, 0xF8, 0xF7, 0x13, 0x0E,
  0x2D, 0xDB, 0xD6, 0xFE, 0x27, 0x03, 0x06, 0x20, 0xFF, 0x42,
  0xEE, 0x06, 0x2A, 0xEE, 0x27, 0x15, 0xC6, 0xF1, 0xFA, 0xE9,
  0x1A, 0x24, 0x4D, 0x1D, 0xF0, 0xE7, 0xDC, 0xF7, 0xF7, 0xE1,
  0xD2, 0x20, 0x05, 0xFE, 0xEB, 0x30, 0xB7, 0xDD, 0x04, 0x0A,
  0xE8, 0xF9, 0xEE, 0x03, 0x01, 0xCF, 0xC8, 0x19, 0xEC, 0x27,
  0xDA, 0xE3, 0x0F, 0xFF, 0x4A, 0x0F, 0x0B, 0xD8, 0xE9, 0xF5,
  0xEC, 0xEA, 0xFA, 0xFD, 0xFD, 0x07, 0xE8, 0xF1, 0x1A, 0x0E,
  0x57, 0xE4, 0x04, 0xE2, 0x27, 0x03, 0xD1, 0x56, 0xFD, 0xBB,
  0x58, 0xD0, 0xDF, 0xF0, 0x2F, 0xF5, 0xF4, 0x01, 0x04, 0xFB,
  0x03, 0x50, 0x62, 0xDB, 0x07, 0x5B, 0x1A, 0x4A, 0xA7, 0xCF,
  0x2D, 0x2F, 0x33, 0x18, 0xDD, 0xE1, 0x0B, 0x4D, 0x98, 0x2E,
  0x25, 0xB1, 0xFF, 0xE7, 0xD5, 0xD1, 0x40, 0xFC, 0x05, 0xF4,
  0xFE, 0xEC, 0xCD, 0xC0, 0xF6, 0xC8, 0xC8, 0x53, 0xA8, 0xF6,
  0x99, 0x12, 0xDB, 0x6A, 0x45, 0x2F, 0xEE, 0x1E, 0x2C, 0x5C,
  0xB6, 0x83, 0xEB, 0xDF, 0xD2, 0xE8, 0x2A, 0xCA, 0xF8, 0xF5,
  0x19, 0x2A, 0xD4, 0xE9, 0x55, 0xB8, 0x0E, 0x14, 0xBA, 0x4D,
  0xDD, 0x00, 0x01, 0x15, 0x0A, 0x4F, 0x36, 0xE0, 0xEA, 0x1F,
  0x11, 0x1F, 0xCA, 0xA3, 0x26, 0x95, 0xEB, 0xEE, 0x43, 0xB5,
  0xF2, 0xF7, 0xF0, 0x2C, 0xE5, 0xDC, 0x48, 0x81, 0xC1, 0x09,
  0xBC, 0x21, 0xB6, 0xFE, 0xB7, 0xEC, 0xD9, 0x30, 0xEE, 0x27,
  0x24, 0x4F, 0xF8, 0x20, 0xDF, 0xC1, 0x48, 0x19, 0xD9, 0x85,
  0x76, 0xF9, 0x46, 0x19, 0xC6, 0xFF, 0xEC, 0xE5, 0xBD, 0xE6,
  0x58, 0x71, 0x09, 0x15, 0x1F, 0xB8, 0x16, 0xF6, 0x00, 0x49,
  0x57, 0xF4, 0xEA, 0x16, 0xE6, 0x40, 0xE1, 0xF3, 0x6A, 0xE7,
  0xEC, 0xB3, 0x3E, 0xCF, 0xF5, 0x24, 0x0F, 0xEF, 0xF7, 0x14,
  0xEE, 0xE7, 0x1C, 0x37, 0xCC, 0x0B, 0xD9, 0x26, 0x12, 0x24,
  0xFD, 0x59, 0x14, 0xD5, 0x07, 0xFD, 0xC5, 0x08, 0x0C, 0xF1,
  0xDD, 0xE3, 0xD7, 0xFF, 0x18, 0xC5, 0xEA, 0x26, 0x2C, 0x30,
  0x5D, 0xD1, 0xFC, 0xD0, 0x37, 0xF9, 0xE5, 0x13, 0x83, 0x30,
  0x44, 0x5C, 0xFE, 0xCA, 0xCF, 0x49, 0x1B, 0xF4, 0xF6, 0xB9,
  0xAE, 0x00, 0xCA, 0xF4, 0x53, 0x32, 0x00, 0xD5, 0xE5, 0xCA,
  0xB9, 0xB3, 0x0F, 0xBF, 0x3A, 0x11, 0x06, 0xDC, 0x8A, 0xD0,
  0x55, 0x30, 0x30, 0xFC, 0x18, 0xE1, 0xC1, 0xFB, 0x16, 0xE5,
  0xE3, 0xC1, 0xE0, 0x1C, 0x21, 0x05, 0x26, 0x01, 0x16, 0x12,
  0x2E, 0x1F, 0xE9, 0x0D, 0x1A, 0xF5, 0x37, 0xA3, 0xE9, 0xD3,
  0xB5, 0xB8, 0x46, 0x3B, 0xB0, 0xB0, 0x2B, 0xDD, 0x3D, 0xCF,
  0x20, 0x2E, 0x4F, 0xC3, 0xC2, 0x1F, 0x0D, 0x38, 0x12, 0x24,
  0xF1, 0x17, 0x45, 0x0A, 0x23, 0xD1, 0xE2, 0xF3, 0xE1, 0xC7,
  0xF5, 0xE2, 0xA4, 0xE1, 0x31, 0x54, 0x42, 0xF8, 0xFF, 0xED,
  0x1E, 0xD8, 0x2E, 0xDC, 0x4D, 0xE1, 0x17, 0x04, 0xB1, 0xF0,
  0x3F, 0x4F, 0x3D, 0xBA, 0x23, 0x16, 0x2D, 0xF3, 0xF6, 0x3B,
  0xFD, 0xD0, 0xEA, 0x2F, 0xAA, 0xB5, 0x6D, 0x1A, 0x61, 0x0D,
  0xFC, 0xE8, 0xD9, 0xF2, 0xD5, 0x27, 0xF9, 0x15, 0x08, 0x91,
  0x3C, 0x14, 0xEA, 0xEF, 0x60, 0xE2, 0x30, 0xB8, 0x3C, 0x17,
  0xFC, 0x11, 0xD9, 0x03, 0xEE, 0x28, 0xFA, 0x3A, 0xFE, 0xF5,
  0x31, 0x3F, 0xD4, 0xB0, 0xCA, 0x0F, 0xD3, 0xFC, 0x18, 0xFB,
  0x3F, 0xFB, 0x0F, 0x42, 0xE6, 0x4C, 0x7F, 0x1B, 0x75, 0xFA,
  0x2D, 0x00, 0x26, 0x4D, 0x00, 0x0F, 0xE9, 0xEF, 0x0E, 0x01,
  0x27, 0x51, 0x0B, 0xE7, 0xB7, 0x38, 0x24, 0xD1, 0x3D, 0xCF,
  0x0F, 0x0C, 0x12, 0x31, 0x14, 0xF8, 0xEA, 0x25, 0xEB, 0x1C,
  0xF5, 0x2D, 0x4F, 0xE1, 0x13, 0x56, 0xD3, 0x25, 0xD9, 0x2E,
  0xB3, 0xE3, 0xFE, 0x4E, 0xE7, 0x12, 0xDC, 0x10, 0xFE, 0xE8,
  0x1C, 0xCF, 0x1F, 0xE1, 0xED, 0x06, 0xE6, 0xC8, 0x2B, 0xF5,
  0xBD, 0x54, 0xF7, 0x0D, 0x1B, 0x1D, 0x06, 0x4A, 0x01, 0xF4,
  0x2F, 0xEA, 0x32, 0x07, 0xEF, 0x02, 0xFF, 0x25, 0xF4, 0xF2,
  0xDC, 0x0E, 0xF1, 0xD8, 0xEF, 0x29, 0xE8, 0x07, 0xEC, 0x0D,
  0x1C, 0x03, 0xF2, 0xF3, 0xF0, 0xCA, 0xD8, 0x0A, 0xEC, 0x11,
  0xF7, 0xC5, 0x9F, 0xF5, 0xFC, 0x1E, 0xA7, 0x1C, 0xE2, 0xFF,
  0x42, 0x04, 0x2E, 0xF5, 0x3C, 0xDE, 0xF5, 0x3A, 0xE0, 0xF2,
  0x25, 0x2F, 0x55, 0x20, 0xFF, 0xE3, 0x58, 0x19, 0x01, 0xF9,
  0xFC, 0x09, 0x16, 0xCB, 0xFE, 0xF4, 0xEB, 0x21, 0xD8, 0x25,
  0xF0, 0xB2, 0x2A, 0xC8, 0x0F, 0xEE, 0xF0, 0x03, 0x25, 0xF1,
  0x08, 0xF0, 0x42, 0xF3, 0xEB, 0x1F, 0x0F, 0xCA, 0x23, 0x12,
  0xE0, 0xA2, 0x07, 0xED, 0xC1, 0x10, 0x0A, 0xEB, 0x17, 0x18,
  0xF6, 0x17, 0x14, 0xD1, 0x18, 0xF0, 0x0C, 0xE0, 0x02, 0x1A,
  0x12, 0xF0, 0xF2, 0xE8, 0x0F, 0xF3, 0xD3, 0xC7, 0x14, 0xE2,
  0x10, 0xF7, 0xF0, 0xD2, 0xF4, 0xC0, 0xEB, 0xE9, 0x12, 0xE7,
  0x1C, 0xF9, 0x07, 0xF1, 0x39, 0xE8, 0x01, 0xF2, 0xD0, 0xD7,
  0x04, 0xD0, 0x01, 0x03, 0x04, 0xE6, 0x32, 0xC8, 0x3A, 0xEA,
  0xFA, 0x24, 0xFC, 0x23, 0xE2, 0xE9, 0xE0, 0xCC, 0xF8, 0x0F,
  0x5B, 0xDE, 0x2E, 0xC6, 0xE7, 0xF9, 0x12, 0xFE, 0xEF, 0xF5,
  0xCF, 0xEA, 0xEB, 0xCE, 0xEE, 0x1E, 0x02, 0x12, 0xDF, 0xCE,
  0x00, 0x04, 0x26, 0xDF, 0xD6, 0xFB, 0xC0, 0xF3, 0x81, 0xED,
  0xD5, 0xEF, 0xE5, 0xD5, 0x0D, 0x11, 0xCE, 0x0D, 0xDC, 0xE9,
  0xD7, 0x41, 0xF8, 0x23, 0x31, 0xFE, 0x06, 0xE4, 0xFB, 0x01,
  0xFB, 0xDA, 0xE3, 0x21, 0x07, 0xFD, 0x13, 0x40, 0x33, 0xFE,
  0x25, 0x0B, 0x13, 0x04, 0x1C, 0x2B, 0xCF, 0xDF, 0xEB, 0x02,
  0x26, 0xE2, 0xA2, 0x26, 0x02, 0xCD, 0xE7, 0xE3, 0x03, 0xD2,
  0x01, 0xC9, 0x03, 0x04, 0x23, 0xBD, 0x46, 0xF5, 0x2A, 0x14,
  0x09, 0x36, 0x27, 0xFE, 0xEE, 0xFD, 0xE5, 0x37, 0xF9, 0x02,
  0x21, 0xEC, 0xD2, 0xD3, 0xDC, 0xF4, 0x35, 0xE9, 0x81, 0x03,
  0x00, 0x0F, 0xEC, 0x04, 0x16, 0x16, 0xE1, 0xEC, 0x22, 0x08,
  0x3F, 0xF5, 0x08, 0xF6, 0xE1, 0xD8, 0xB5, 0xE6, 0xC3, 0xE7,
  0x15, 0x0B, 0xF6, 0xF8, 0xF0, 0xEB, 0xF9, 0x1C, 0x06, 0x11,
  0x0C, 0x52, 0xCB, 0x17, 0xFA, 0xF2, 0x03, 0x06, 0x01, 0x1B,
  0x0B, 0x06, 0xC0, 0x15, 0x19, 0xF3, 0xD4, 0xFF, 0xD7, 0xFB,
  0x04, 0x2B, 0x29, 0x46, 0xEF, 0x23, 0xDE, 0x0B, 0xD8, 0x1A,
  0x1F, 0xFF, 0xFE, 0x1B, 0x09, 0xEE, 0x19, 0x25, 0xF6, 0xAE,
  0x21, 0xE6, 0xFE, 0xDB, 0xEB, 0xF4, 0x2A, 0xF8, 0x07, 0xD5,
  0xE7, 0xC6, 0x16, 0x0C, 0x1A, 0x0D, 0xED, 0x0E, 0xF2, 0x0F,
  0xE6, 0x0A, 0x02, 0xDD, 0xED, 0xDF, 0x15, 0xDA, 0x07, 0x3D,
  0xF6, 0x21, 0x4C, 0x17, 0x07, 0x0F, 0xE1, 0xD1, 0x18, 0x1B,
  0x05, 0xE5, 0xB4, 0x09, 0x28, 0x10, 0x13, 0xD2, 0x14, 0x07,
  0xF1, 0xF0, 0xFE, 0xE6, 0xEF, 0x13, 0xEC, 0x1B, 0x21, 0xC8,
  0xF3, 0x2E, 0x05, 0x37, 0x0F, 0x06, 0xDF, 0x07, 0x0B, 0xF6,
  0xE0, 0xE3, 0xD2, 0xED, 0xD1, 0xDF, 0xF6, 0xF2, 0xF6, 0xDF,
  0x28, 0x1A, 0x03, 0xF9, 0x03, 0xDA, 0xFC, 0xF9, 0x01, 0xB8,
  0x15, 0x1A, 0xF6, 0xFF, 0xFF, 0x29, 0x1B, 0xF2, 0x1E, 0xC1,
  0x28, 0x01, 0x7F, 0xFE, 0x1E, 0x19, 0xDB, 0xDE, 0x2A, 0x45,
  0xE6, 0xE4, 0xDC, 0x1F, 0x20, 0xEC, 0xDB, 0xDD, 0xF7, 0xE5,
  0x1E, 0xF6, 0x20, 0x04, 0xEB, 0xEB, 0x13, 0x06, 0x09, 0xF3,
  0xEA, 0xEB, 0x1B, 0xEF, 0x15, 0x16, 0xF8, 0x00, 0xE7, 0x01,
  0x10, 0x1E, 0xF6, 0xD9, 0x1F, 0xF9, 0x3A, 0xBB, 0xD8, 0xD0,
  0xF1, 0xFB, 0xFA, 0x1D, 0xCF, 0x19, 0xD7, 0x00, 0x06, 0xFC,
  0x0D, 0xF6, 0xF9, 0xDF, 0x1C, 0xEF, 0x2A, 0xEA, 0xD0, 0x15,
  0xDC, 0x10, 0xFF, 0x19, 0x13, 0xF6, 0x0C, 0xF2, 0xEC, 0xD7,
  0xFB, 0xE0, 0xF2, 0xF8, 0xE4, 0xFA, 0xD7, 0xFD, 0xBF, 0x0B,
  0x10, 0xC6, 0x22, 0xF2, 0xFA, 0xB2, 0xE7, 0x08, 0xC1, 0xD0,
  0xD7, 0xE7, 0x0D, 0xF8, 0x04, 0x08, 0x08, 0xD7, 0x09, 0xEE,
  0x00, 0xBC, 0x25, 0x0D, 0x02, 0x0C, 0xE8, 0xCE, 0xE1, 0xE5,
  0xD0, 0xF7, 0x26, 0x03, 0xFF, 0x2C, 0x0C, 0xDF, 0xFE, 0x00,
  0xB7, 0xBC, 0xD5, 0xE8, 0x01, 0x06, 0x1B, 0xEF, 0xFD, 0x0B,
  0x32, 0xED, 0x05, 0xEE, 0x32, 0x09, 0x2A, 0xFF, 0x1A, 0xBA,
  0xF5, 0xE7, 0x02, 0xE7, 0x21, 0x10, 0x00, 0x07, 0x10, 0xF8,
  0xF1, 0x29, 0xE0, 0xF6, 0xEC, 0x04, 0xE5, 0x01, 0x1D, 0xFB,
  0xE2, 0x2E, 0x02, 0xF9, 0xF3, 0x29, 0x32, 0xFE, 0x1E, 0x0C,
  0x1B, 0xDA, 0x05, 0xE5, 0x13, 0x1A, 0x15, 0x0D, 0x1B, 0x00,
  0xF7, 0x0E, 0x04, 0x3B, 0xF9, 0x23, 0x18, 0xE8, 0xEF, 0xEB,
  0x57, 0xE6, 0xC6, 0xFE, 0xFC, 0xEF, 0xFE, 0xE9, 0x3F, 0x7E,
  0x31, 0xBD, 0x03, 0x1F, 0xDE, 0x4B, 0xF3, 0xFB, 0x28, 0xD4,
  0xAD, 0x04, 0x1B, 0x19, 0xD7, 0xB3, 0x45, 0xF0, 0xF1, 0xD3,
  0x02, 0x2F, 0x11, 0x2B, 0x0F, 0x39, 0xB7, 0x1C, 0x04, 0xE0,
  0x0F, 0x17, 0x46, 0x99, 0xEF, 0x04, 0xFC, 0x19, 0x49, 0xE7,
  0x1E, 0x0D, 0xD6, 0x3C, 0xDD, 0x33, 0xD8, 0xF1, 0x0F, 0xFC,
  0x04, 0xE9, 0xFF, 0xE8, 0x06, 0xE9, 0x17, 0x36, 0xE9, 0x0E,
  0xC5, 0xF5, 0xFE, 0xF7, 0x03, 0xC7, 0x06, 0x08, 0x21, 0x20,
  0x40, 0xF9, 0x14, 0xFD, 0x82, 0xE1, 0xC4, 0x3A, 0xDA, 0x1E,
  0x08, 0xDA, 0x10, 0xD5, 0x3D, 0x10, 0x1D, 0xE5, 0xFA, 0x37,
  0x50, 0xA2, 0xEB, 0x18, 0xF4, 0xE1, 0xC5, 0xD9, 0xF6, 0x30,
  0xC4, 0xEE, 0x32, 0x33, 0x2B, 0x28, 0x88, 0xEA, 0xB9, 0x18,
  0xE8, 0x0E, 0x04, 0x2B, 0x00, 0x27, 0xF3, 0xF1, 0xF0, 0xBB,
  0x20, 0xFC, 0x31, 0xA8, 0x40, 0x20, 0xE4, 0xF8, 0xDE, 0xF8,
  0x0F, 0x10, 0x81, 0xFD, 0x01, 0x11, 0x10, 0x21, 0xC1, 0xEC,
  0x00, 0x10, 0xE9, 0xED, 0xCC, 0x1C, 0xFB, 0x45, 0xD3, 0xFD,
  0xDF, 0xE3, 0x09, 0xF2, 0xF7, 0xA4, 0x38, 0xDA, 0xD2, 0xB2,
  0x2E, 0xDA, 0x05, 0x17, 0xCF, 0xFC, 0x0C, 0xDC, 0x03, 0x31,
  0x09, 0x2D, 0x0B, 0x18, 0x09, 0xCE, 0xB5, 0x2A, 0x1B, 0x37,
  0xCE, 0x0A, 0x04, 0x11, 0x1C, 0xE0, 0x16, 0xE8, 0x18, 0xDA,
  0xFF, 0xE5, 0xFA, 0xE0, 0xD2, 0x21, 0x1C, 0xE8, 0x2B, 0xA8,
  0xC0, 0x29, 0xED, 0xF2, 0x29, 0xE2, 0x2C, 0xC3, 0xE7, 0x16,
  0x71, 0x48, 0xB1, 0xFA, 0x2C, 0x78, 0xF2, 0xE1, 0x05, 0x9E,
  0xDF, 0x9D, 0xE3, 0x0D, 0xE8, 0x1B, 0xE6, 0xDC, 0x05, 0xF0,
  0xEB, 0xF7, 0xCD, 0x0F, 0x15, 0xB3, 0x2C, 0x61, 0xF8, 0x36,
  0xEA, 0xB6, 0x1D, 0x26, 0xF9, 0x23, 0xD4, 0x1A, 0xD4, 0x49,
  0x1E, 0xD9, 0x37, 0xDE, 0xF4, 0x22, 0xE3, 0x03, 0xF1, 0x0E,
  0xF1, 0xDF, 0xDC, 0x31, 0x04, 0xFE, 0x15, 0xFB, 0x18, 0x31,
  0x22, 0xD2, 0xDC, 0x08, 0x22, 0x11, 0xF5, 0x03, 0xAC, 0xCA,
  0xEF, 0x14, 0x04, 0xF0, 0x0D, 0xC4, 0x10, 0x0A, 0xFE, 0xD3,
  0x15, 0xFE, 0x3A, 0xD3, 0x01, 0x4F, 0x3A, 0xB5, 0xDA, 0xE6,
  0xC0, 0x18, 0x2E, 0xD7, 0xDF, 0x0E, 0x0D, 0xE2, 0x1F, 0xCD,
  0x87, 0xFD, 0xE9, 0x43, 0xE1, 0x62, 0xB6, 0xC9, 0x0A, 0xE1,
  0xF2, 0xEF, 0x28, 0x1C, 0x34, 0xBA, 0x10, 0x39, 0x1F, 0x05,
  0xA4, 0xAE, 0x94, 0x25, 0x14, 0xF6, 0xBF, 0xF2, 0x27, 0xEE,
  0x27, 0xF2, 0xA3, 0x10, 0x0C, 0x27, 0x18, 0x3B, 0x95, 0x9B,
  0x0C, 0xFB, 0xEC, 0x39, 0xE4, 0x1F, 0xF6, 0xC9, 0x2C, 0xF3,
  0x09, 0x0C, 0xD3, 0xAE, 0xEC, 0x1D, 0xEB, 0x12, 0xB0, 0xFC,
  0x39, 0xCA, 0x28, 0xC4, 0xA6, 0xCB, 0xF6, 0x1A, 0x05, 0xF1,
  0x02, 0xDF, 0xF0, 0x22, 0xD5, 0x07, 0xC3, 0x26, 0x2E, 0x2A,
  0x0D, 0x24, 0x44, 0x2D, 0x12, 0xB3, 0x26, 0x35, 0xE9, 0xD2,
  0xD0, 0x37, 0x4C, 0x06, 0x03, 0x50, 0x81, 0xEF, 0xE4, 0xF2,
  0x06, 0xD5, 0x3E, 0x0A, 0xF6, 0x07, 0xA5, 0xE0, 0x89, 0x22,
  0x05, 0x0F, 0xFA, 0x04, 0x14, 0x44, 0x0E, 0xFC, 0x3E, 0x5F,
  0x00, 0xDE, 0xFC, 0xBE, 0x51, 0x1E, 0x07, 0x59, 0xBF, 0x16,
  0x20, 0xE6, 0x35, 0xFA, 0xFB, 0xF9, 0x0F, 0x5A, 0x05, 0x45,
  0x13, 0xEB, 0xE4, 0x41, 0xE4, 0x28, 0x0B, 0xD8, 0xD0, 0x00,
  0xC9, 0xF7, 0xFD, 0xF5, 0x35, 0x06, 0x00, 0xE5, 0x1B, 0xF1,
  0x07, 0x22, 0xD6, 0x2C, 0x12, 0xF4, 0xD6, 0xD8, 0x09, 0x5D,
  0x2F, 0x0C, 0x10, 0x06, 0x03, 0x57, 0x9C, 0xFA, 0xC7, 0xE5,
  0x3C, 0x1A, 0xFB, 0x17, 0x05, 0xD3, 0x05, 0x22, 0x23, 0x1A,
  0x0D, 0xE4, 0x32, 0xE6, 0xE5, 0x30, 0x12, 0x0D, 0xC3, 0xFE,
  0x00, 0x2B, 0x07, 0x1E, 0x1F, 0x12, 0x2B, 0x10, 0xD5, 0xCF,
  0xBC, 0xAC, 0x1A, 0x45, 0xBD, 0x15, 0x24, 0xED, 0xAF, 0x13,
  0x0A, 0x10, 0x1A, 0xDB, 0x23, 0x0C, 0xCA, 0x29, 0xF7, 0xF0,
  0xB7, 0xD0, 0xE4, 0x2C, 0xF7, 0xEE, 0x35, 0x0A, 0x40, 0x08,
  0xCE, 0xD7, 0x05, 0xDA, 0xE1, 0xFD, 0xA7, 0x05, 0xC9, 0xE6,
  0xEC, 0xF2, 0x19, 0x23, 0xF7, 0xA5, 0x4C, 0x22, 0xE7, 0xFE,
  0x0E, 0xE0, 0xC2, 0xE7, 0x2E, 0x25, 0xB2, 0xE3, 0xE7, 0x27,
  0x13, 0xD2, 0x02, 0xF1, 0x34, 0xCC, 0x86, 0x0F, 0x99, 0xFA,
  0xF4, 0xE0, 0xFD, 0xD5, 0x33, 0x03, 0x0D, 0xCE, 0x45, 0x0B,
  0x03, 0xED, 0xBB, 0xAE, 0xBF, 0xC7, 0xEC, 0x03, 0xBE, 0xE3,
  0x03, 0x3D, 0x90, 0xEE, 0x2D, 0xE9, 0x12, 0x04, 0x81, 0x61,
  0xCC, 0xBE, 0x2F, 0x1C, 0xD3, 0xD5, 0x09, 0x1D, 0x3A, 0xDB,
  0x01, 0x11, 0x2B, 0x19, 0xE9, 0xD6, 0xBD, 0xE7, 0x15, 0xFE,
  0xEE, 0xCF, 0x0A, 0x4B, 0xE7, 0xEC, 0x30, 0xC4, 0x32, 0xEB,
  0xDD, 0x2B, 0x42, 0xAC, 0x2A, 0xDB, 0xCC, 0xFF, 0x01, 0x0A,
  0xD5, 0xF7, 0xD1, 0xF8, 0x67, 0xE3, 0x22, 0x1F, 0xEA, 0x07,
  0x09, 0x19, 0xDF, 0x16, 0x00, 0x14, 0xD6, 0xB1, 0xD4, 0x1B,
  0x48, 0xF0, 0xFA, 0x1F, 0xF0, 0xFB, 0xFE, 0x1A, 0x0B, 0xEB,
  0xFF, 0x16, 0xD8, 0x08, 0x0F, 0xE9, 0x2E, 0xFE, 0x2B, 0x27,
  0x99, 0xF7, 0xED, 0x0A, 0x12, 0x0F, 0x34, 0xF9, 0xD9, 0xDB,
  0xEA, 0x13, 0x2F, 0x34, 0xFA, 0x17, 0xE0, 0x30, 0xF1, 0x20,
  0x36, 0xFD, 0xF3, 0xF9, 0xDD, 0xE5, 0x06, 0xB8, 0x16, 0xD6,
  0x2B, 0xF9, 0xC4, 0x34, 0x0E, 0x11, 0x25, 0xDF, 0x35, 0x0E,
  0xF3, 0x11, 0xD5, 0x25, 0x43, 0x1C, 0x12, 0x15, 0x02, 0xD3,
  0x14, 0x2E, 0x38, 0x00, 0xE3, 0x0D, 0xFF, 0x0C, 0x22, 0xAC,
  0x0D, 0xE6, 0x37, 0x09, 0xEC, 0x18, 0x06, 0xF3, 0x16, 0xE6,
  0x16, 0x07, 0x1B, 0xDA, 0xB5, 0xEC, 0x17, 0x30, 0xE0, 0x14,
  0x0A, 0xC6, 0x19, 0x1C, 0x44, 0x03, 0xC5, 0x62, 0xFB, 0x0A,
  0x18, 0xD4, 0x0E, 0xE6, 0x17, 0x25, 0xDB, 0x05, 0x0C, 0xEA,
  0xF2, 0xEA, 0xFA, 0xBA, 0x1D, 0x81, 0xD2, 0xE6, 0xF1, 0xFE,
  0xCA, 0xF8, 0x0F, 0xF7, 0xFA, 0x1C, 0x3D, 0xFE, 0xD8, 0x05,
  0xD5, 0x98, 0x12, 0xC2, 0xEA, 0xD8, 0x29, 0x08, 0xCF, 0x0F,
  0xE5, 0xF8, 0x15, 0x31, 0xF7, 0x3C, 0x0F, 0xB7, 0xC6, 0xE8,
  0x09, 0xF9, 0xCD, 0xDA, 0xFF, 0xD1, 0x18, 0x14, 0x0D, 0xDB,
  0x07, 0xF7, 0x05, 0xB9, 0x2F, 0xE0, 0xE7, 0x1D, 0x0C, 0x18,
  0xE2, 0xF6, 0x21, 0x14, 0x0F, 0x04, 0xCB, 0x26, 0xF7, 0xC8,
  0xE0, 0xF3, 0x1E, 0x10, 0xED, 0x2A, 0x14, 0x0E, 0x0D, 0x34,
  0x1A, 0xEC, 0x1C, 0x1C, 0xE8, 0xF6, 0xE4, 0xFC, 0x0E, 0xF1,
  0x15, 0xE7, 0x0E, 0xF8, 0x01, 0x36, 0xDB, 0x35, 0x20, 0x4B,
  0x11, 0x0B, 0x45, 0x2B, 0x2D, 0x69, 0xE4, 0x9C, 0x33, 0x0B,
  0x37, 0x2A, 0x32, 0x3C, 0x0A, 0x18, 0xC8, 0x04, 0x15, 0xFA,
  0x37, 0xCD, 0x30, 0x98, 0x32, 0xC0, 0xD6, 0x12, 0xDF, 0x25,
  0x11, 0x56, 0x07, 0xE1, 0x2A, 0xE3, 0x17, 0x51, 0x1F, 0x88,
  0x17, 0xDB, 0x10, 0x13, 0x22, 0x40, 0xCB, 0xFE, 0x0A, 0x14,
  0xE7, 0x04, 0x3B, 0xCF, 0x01, 0x81, 0x20, 0x04, 0xE4, 0x0F,
  0xCA, 0x22, 0x4D, 0x14, 0xEC, 0x06, 0xD1, 0xF3, 0x02, 0x05,
  0x11, 0xBD, 0x06, 0xE8, 0x0E, 0xFD, 0x19, 0x10, 0xD1, 0x04,
  0x18, 0x38, 0xB0, 0x42, 0x01, 0xD2, 0xE9, 0xD6, 0x0B, 0x0E,
  0x0A, 0xFC, 0x0F, 0x16, 0x14, 0xF3, 0xC6, 0x1A, 0xD3, 0x1B,
  0x03, 0x16, 0xBD, 0x09, 0x31, 0xCA, 0x39, 0xDC, 0x40, 0xF0,
  0xFE, 0x15, 0x21, 0x2F, 0xF8, 0x2C, 0x02, 0x19, 0xFD, 0x0D,
  0x04, 0xC2, 0x24, 0xFE, 0x17, 0xE4, 0xD9, 0xE5, 0xED, 0xD6,
  0xD2, 0x09, 0x0D, 0xBE, 0xA9, 0x49, 0x4C, 0xBF, 0x1C, 0xBD,
  0x27, 0x0B, 0x1F, 0xEE, 0xDE, 0x92, 0x02, 0x17, 0xC4, 0x08,
  0xF0, 0xFF, 0x08, 0xD4, 0x1C, 0x0D, 0x15, 0xD5, 0x0A, 0x22,
  0x1F, 0xE8, 0x16, 0xE8, 0xFE, 0x44, 0xE5, 0x2A, 0x2E, 0xE5,
  0xDC, 0xF0, 0x40, 0x00, 0x27, 0x30, 0x2B, 0xAA, 0xDA, 0x11,
  0xB0, 0x3D, 0x10, 0xFC, 0xD0, 0xF4, 0x48, 0xED, 0xDC, 0xB5,
  0xF5, 0x0A, 0xD5, 0x14, 0x14, 0xF9, 0x28, 0x3E, 0xFC, 0x04,
  0xE8, 0xF8, 0xBB, 0xD3, 0x21, 0x20, 0x30, 0x28, 0x23, 0xF2,
  0xCF, 0x13, 0xDD, 0x09, 0x2B, 0x05, 0x1C, 0x12, 0x27, 0x29,
  0x24, 0xF5, 0xDE, 0x0A, 0xCB, 0x0E, 0xCB, 0x25, 0xFD, 0xFF,
  0xD1, 0x20, 0x39, 0x95, 0x25, 0xF6, 0x25, 0x11, 0x08, 0x29,
  0xC4, 0x42, 0xB7, 0x23, 0x2A, 0xEC, 0xEA, 0x2C, 0x21, 0x11,
  0x1E, 0x39, 0x3A, 0xA2, 0xF3, 0x10, 0x0D, 0x0B, 0xE6, 0x2A,
  0x27, 0x04, 0xF4, 0xCE, 0x2F, 0xB1, 0x15, 0x1B, 0x1A, 0x12,
  0xF2, 0x2E, 0xDB, 0x22, 0xE7, 0xFF, 0x2A, 0xDA, 0x08, 0x37,
  0x09, 0x25, 0x2C, 0x59, 0x26, 0xF9, 0x03, 0x19, 0x04, 0x0B,
  0xDD, 0xD2, 0x36, 0x18, 0xD5, 0xF2, 0x77, 0xE6, 0x1E, 0x11,
  0x3A, 0x18, 0xEB, 0x04, 0xF7, 0x3C, 0xC8, 0xFB, 0xF5, 0x00,
  0x30, 0xE5, 0x07, 0xF7, 0x12, 0x54, 0x06, 0x0B, 0x3B, 0x3E,
  0xDE, 0x28, 0xE1, 0xBE, 0x1E, 0xFA, 0xF8, 0x1B, 0x7F, 0xF3,
  0xEB, 0x0D, 0x1D, 0x3F, 0x06, 0x49, 0xF5, 0x2F, 0xB7, 0x61,
  0x0B, 0x21, 0x00, 0xEC, 0x1E, 0xF7, 0xF7, 0x3A, 0x57, 0xEF,
  0xFC, 0x5A, 0xC8, 0xE8, 0x19, 0xFF, 0x2F, 0xFB, 0xE3, 0x20,
  0x4D, 0xAC, 0x10, 0x00, 0x0B, 0x16, 0xF8, 0x47, 0xF5, 0xE7,
  0xCD, 0x3F, 0x23, 0x3A, 0xAB, 0x19, 0x33, 0x36, 0xF0, 0x33,
  0x41, 0xDE, 0x14, 0x25, 0xA8, 0xDB, 0xF0, 0xFD, 0x37, 0x2B,
  0xAC, 0xCC, 0x30, 0xCB, 0x12, 0xEE, 0x0C, 0x07, 0xCB, 0xFD,
  0xF8, 0x0B, 0xD0, 0x37, 0x1B, 0x22, 0x00, 0xF0, 0x08, 0x3C,
  0x25, 0x14, 0x3F, 0xE1, 0x1B, 0x16, 0xA0, 0xDC, 0xDD, 0x08,
  0x5D, 0x14, 0xE5, 0xFC, 0x01, 0xC4, 0x1B, 0xC4, 0x50, 0xFE,
  0xFA, 0x19, 0xEB, 0x38, 0xD7, 0x26, 0xD4, 0x16, 0x26, 0xC2,
  0xE5, 0x03, 0x35, 0xE7, 0x13, 0xF3, 0x19, 0x1A, 0xE7, 0x2F,
  0xC4, 0x04, 0x9A, 0x0B, 0xF5, 0x1C, 0xCC, 0xF0, 0xF4, 0x2B,
  0xEF, 0xEB, 0x09, 0xE7, 0xCE, 0x16, 0x0A, 0x0B, 0x15, 0x0C,
  0xFE, 0x28, 0xF9, 0x35, 0x28, 0x15, 0x0B, 0xF9, 0x15, 0x53,
  0xF2, 0x0D, 0x00, 0x15, 0x96, 0xC0, 0x05, 0x18, 0xBA, 0x15,
  0x09, 0x01, 0xFA, 0xF0, 0x2B, 0xB3, 0xF0, 0x9A, 0xDC, 0x1D,
  0x29, 0xD2, 0x0F, 0xEB, 0x1D, 0xFF, 0xFA, 0x05, 0xE9, 0x07,
  0x1B, 0x1A, 0x06, 0x07, 0xFA, 0xE2, 0xB3, 0xE2, 0xC3, 0xED,
  0xB3, 0x10, 0xF5, 0x15, 0xE6, 0xC6, 0x1F, 0xC5, 0xF4, 0xC2,
  0x30, 0xE2, 0x2C, 0xB9, 0x07, 0xFE, 0x16, 0xD7, 0xE2, 0xE6,
  0xC3, 0xFA, 0x32, 0xFD, 0xC2, 0xF0, 0xEA, 0x29, 0xBE, 0x0D,
  0x09, 0xBE, 0x8D, 0x13, 0x13, 0xFB, 0xF9, 0x27, 0xFE, 0xD7,
  0xD4, 0xFC, 0xFF, 0xAE, 0x37, 0xB3, 0xDD, 0xFB, 0xF3, 0xEC,
  0xC8, 0xEB, 0xB1, 0x05, 0x27, 0xD6, 0xBC, 0x01, 0xD8, 0xF8,
  0xC0, 0x11, 0x27, 0xF2, 0xCB, 0xFD, 0x0B, 0x32, 0xD4, 0xEE,
  0xF9, 0xFE, 0xE5, 0xBF, 0xD5, 0xA9, 0x11, 0xD4, 0xC4, 0xE1,
  0xDF, 0x05, 0xD0, 0x02, 0x16, 0xE3, 0xFE, 0xC9, 0x1E, 0xEC,
  0xD5, 0xC5, 0xEA, 0x5A, 0x18, 0xFE, 0x81, 0x10, 0x50, 0x27,
  0x26, 0x03, 0xD6, 0xFC, 0xD6, 0xBC, 0x1F, 0xF1, 0x09, 0x1D,
  0xF7, 0x03, 0xD5, 0xF0, 0x45, 0xFA, 0x33, 0x19, 0x20, 0x1E,
  0x71, 0xD9, 0xF6, 0x24, 0xC1, 0x4D, 0xD1, 0xCD, 0xBC, 0x08,
  0x2C, 0x4E, 0x3D, 0x10, 0xF8, 0xE4, 0xCF, 0xDC, 0xDA, 0x05,
  0x44, 0xFE, 0xE7, 0x3D, 0x33, 0x37, 0x4A, 0x37, 0x02, 0x04,
  0x0A, 0xB0, 0x0F, 0x66, 0xEE, 0xBE, 0x74, 0xE4, 0x16, 0x03,
  0xCB, 0xEE, 0x2E, 0x54, 0x42, 0xDF, 0x04, 0xB1, 0xDF, 0xF3,
  0x1B, 0xD2, 0x2A, 0x19, 0x49, 0xDD, 0x30, 0xD5, 0x31, 0x09,
  0xFA, 0x48, 0xED, 0x16, 0x0C, 0x1F, 0xD9, 0xFA, 0x09, 0xC6,
  0xED, 0xE5, 0xC0, 0x0C, 0x1E, 0xE7, 0x0C, 0xAC, 0x03, 0xE4,
  0xEE, 0x39, 0x13, 0x14, 0xD9, 0x03, 0x23, 0xFC, 0x03, 0xB7,
  0xDE, 0xE5, 0xD2, 0x42, 0x2E, 0x1E, 0xF0, 0xF4, 0x15, 0x7F,
  0xBD, 0x03, 0xCB, 0xF8, 0xD3, 0x1C, 0xF6, 0xE1, 0x3C, 0x14,
  0xF9, 0x31, 0x11, 0x53, 0x2E, 0x02, 0xC6, 0xDE, 0xE5, 0x08,
  0x3C, 0xF1, 0xD2, 0x0F, 0xEC, 0x22, 0x24, 0x17, 0x05, 0xF7,
  0x2F, 0x27, 0xF9, 0x27, 0xDC, 0xE8, 0x2E, 0x14, 0xDB, 0x0D,
  0x3D, 0x0C, 0xE8, 0x12, 0x12, 0x2E, 0xC9, 0x14, 0xD5, 0xE4,
  0x97, 0xEA, 0x13, 0x13, 0xCE, 0xFA, 0xEB, 0xC9, 0xAF, 0xF4,
  0xE9, 0xEA, 0xFF, 0xEB, 0xFA, 0xF9, 0xED, 0x14, 0x1C, 0xF8,
  0xD4, 0xDA, 0x09, 0xE6, 0xEB, 0xCB, 0xF6, 0x08, 0xCE, 0xE5,
  0x07, 0x2D, 0xDE, 0xF9, 0xC5, 0x3F, 0x1A, 0xFB, 0x00, 0xA1,
  0x04, 0x08, 0xFF, 0x3F, 0xDF, 0xEE, 0xFE, 0xD5, 0x12, 0x2E,
  0xEA, 0x08, 0xDD, 0x0D, 0x2A, 0xFE, 0xE8, 0xCD, 0xCB, 0xC7,
  0xCA, 0xE8, 0x15, 0x39, 0x2A, 0xCB, 0xB3, 0xDD, 0x1C, 0x27,
  0x36, 0x0D, 0xE7, 0x0B, 0xDE, 0xD9, 0x11, 0xFF, 0xF3, 0xBE,
  0x69, 0xED, 0xBB, 0x18, 0x87, 0x05, 0xEC, 0xF3, 0xFA, 0xC2,
  0xB8, 0xF8, 0xF0, 0x2E, 0xFE, 0x31, 0x1E, 0xF4, 0x35, 0x25,
  0xD9, 0xCD, 0x1D, 0xE4, 0xE2, 0x0F, 0xBC, 0xEE, 0x3D, 0xFC,
  0x62, 0x11, 0xF7, 0x35, 0xB1, 0xE5, 0xF9, 0x46, 0xF1, 0xC1,
  0x04, 0xEE, 0xC3, 0x0D, 0x11, 0xDC, 0x12, 0xE9, 0x07, 0xD0,
  0x30, 0x4B, 0x08, 0xDB, 0x01, 0xDB, 0x30, 0xD8, 0x81, 0x04,
  0x0D, 0x25, 0x6B, 0x3E, 0xCD, 0xBD, 0xEA, 0xE5, 0x2B, 0x27,
  0x0D, 0xAF, 0xDD, 0x1C, 0x9F, 0x2B, 0xF5, 0xCD, 0x27, 0x2F,
  0x0A, 0xDB, 0x3A, 0x14, 0x26, 0xF3, 0x63, 0x0C, 0x3A, 0xE7,
  0x23, 0xD2, 0xEA, 0x3C, 0x60, 0xFF, 0xF1, 0xFC, 0x20, 0xFC,
  0x1A, 0x3D, 0x44, 0xE7, 0xEA, 0xFF, 0xBF, 0x17, 0xFD, 0xCD,
  0xD1, 0x33, 0xD6, 0xE0, 0x1B, 0x41, 0x1E, 0x04, 0x3E, 0x0C,
  0x0D, 0xE4, 0x06, 0xAF, 0x02, 0xE8, 0x0D, 0x39, 0x17, 0x5D,
  0xF6, 0xEE, 0x20, 0x0F, 0x2E, 0x26, 0x07, 0x0E, 0xC6, 0xF1,
  0x14, 0xE5, 0xAC, 0x25, 0xEC, 0x01, 0x28, 0x49, 0xF4, 0xE0,
  0xED, 0x02, 0x10, 0xD7, 0xC0, 0xEE, 0xD7, 0xEF, 0x2D, 0x5F,
  0xF2, 0xEE, 0x02, 0xD3, 0xEA, 0xD8, 0x0D, 0xEB, 0xF1, 0x25,
  0xEF, 0xF3, 0xE0, 0xF3, 0xE1, 0x10, 0xDC, 0xDA, 0x17, 0x1C,
  0x50, 0xE8, 0xEB, 0xE2, 0x2A, 0xD3, 0xB7, 0xFE, 0xE1, 0x27,
  0x59, 0x2A, 0x05, 0xE7, 0x0F, 0xE0, 0x28, 0xBF, 0x10, 0xEF,
  0xFE, 0x25, 0x06, 0x03, 0x1B, 0x38, 0xE6, 0x10, 0x12, 0xFE,
  0xF6, 0xFF, 0x35, 0xD7, 0x01, 0x0D, 0x1A, 0xF5, 0x27, 0xA5,
  0xD6, 0x23, 0x77, 0xFD, 0x05, 0xF3, 0x61, 0xCD, 0x44, 0xCD,
  0x0D, 0xF1, 0xFB, 0x1B, 0xE3, 0xB3, 0x28, 0xD0, 0x8D, 0xFB,
  0x1F, 0xE8, 0x4D, 0x1F, 0x03, 0x30, 0xEA, 0x28, 0x10, 0x23,
  0xE9, 0x56, 0x27, 0x19, 0x3B, 0x41, 0x27, 0xE5, 0x1F, 0xB1,
  0xFA, 0x32, 0xCC, 0xBE, 0xF0, 0xF0, 0xF9, 0x1B, 0x0F, 0xDD,
  0x25, 0xEF, 0x22, 0x98, 0x3E, 0x03, 0xE4, 0x33, 0xC2, 0x38,
  0xE1, 0x15, 0xDF, 0xBE, 0xF8, 0x30, 0x0C, 0x38, 0xDB, 0x14,
  0x44, 0xEA, 0xE6, 0x1D, 0x2D, 0xEA, 0xC9, 0x23, 0xCD, 0x46,
  0x3E, 0xE7, 0x15, 0xC5, 0x3E, 0xC8, 0xF2, 0x1A, 0x96, 0xFA,
  0x20, 0x2C, 0xA3, 0x03, 0xAD, 0xD2, 0x15, 0x22, 0x17, 0xEB,
  0x1C, 0x5A, 0x0F, 0xEB, 0x19, 0x13, 0x1D, 0xC6, 0xD6, 0xE6,
  0xE4, 0xE0, 0x5F, 0xF8, 0xA4, 0xF0, 0xF8, 0xD4, 0xC7, 0x54,
  0xE1, 0x17, 0x25, 0xE9, 0xDE, 0xEC, 0xDA, 0x02, 0xE8, 0x32,
  0x1E, 0x03, 0xCD, 0x3D, 0x1C, 0x8C, 0xEB, 0xD4, 0x7A, 0xCE,
  0x09, 0x0F, 0x0D, 0xF6, 0x19, 0xDE, 0xFA, 0xED, 0x07, 0x64,
  0xE2, 0x0F, 0xF8, 0xD8, 0xE9, 0xA5, 0x0A, 0xA4, 0xE0, 0x81,
  0xC3, 0xC3, 0x11, 0x1C, 0x88, 0x27, 0x24, 0xBC, 0xFE, 0x07,
  0x09, 0x04, 0xA1, 0x38, 0xC3, 0xC8, 0xC9, 0xE6, 0x87, 0x8B,
  0x2D, 0x0D, 0xB9, 0x68, 0x25, 0xC7, 0xBC, 0x0A, 0xFD, 0x00,
  0xEF, 0xB7, 0xD6, 0x1D, 0x2B, 0x06, 0xF1, 0xDB, 0xD5, 0xA5,
  0x12, 0x37, 0x49, 0xF0, 0xF6, 0xD3, 0x08, 0xA2, 0x31, 0xD1,
  0xC8, 0xE9, 0x79, 0x2A, 0xBD, 0x38, 0xD7, 0xFE, 0xCC, 0xDB,
  0x0A, 0x1E, 0x34, 0x2A, 0xAE, 0x13, 0xD8, 0x08, 0xFB, 0xC5,
  0x02, 0x94, 0xB9, 0x36, 0x26, 0xFA, 0xFF, 0x2B, 0x50, 0xEC,
  0xFE, 0x0A, 0xE9, 0x0C, 0x5A, 0x37, 0x06, 0xF9, 0x2A, 0xD5,
  0xF3, 0xBF, 0xF0, 0x0C, 0xB3, 0x49, 0x3B, 0x0E, 0xE5, 0xF1,
  0xBD, 0xCF, 0xA9, 0xEB, 0x4F, 0xD3, 0xC5, 0x21, 0xFA, 0xCB,
  0x00, 0xED, 0x84, 0x19, 0x1F, 0xF3, 0xC4, 0x08, 0xEB, 0x0E,
  0xFB, 0x82, 0x4B, 0xD8, 0x1D, 0xE8, 0xCA, 0x63, 0x08, 0x37,
  0xFE, 0x2E, 0xC6, 0xAA, 0xAA, 0x1D, 0x6A, 0xB5, 0x02, 0x04,
  0x06, 0x0C, 0xD7, 0xB3, 0x01, 0x20, 0x1C, 0x26, 0x02, 0x42,
  0x00, 0xDC, 0x59, 0xB3, 0x01, 0x03, 0x3F, 0x04, 0x07, 0x2A,
  0xD7, 0x13, 0xD7, 0x3A, 0xAE, 0xA6, 0x91, 0x44, 0x4C, 0xED,
  0xFB, 0xF7, 0x03, 0x13, 0x8A, 0xD1, 0xCC, 0xF3, 0x41, 0xE5,
  0xEA, 0x35, 0x1C, 0x09, 0x29, 0xE7, 0xDC, 0xE1, 0x01, 0x07,
  0x3A, 0x41, 0xC5, 0xBC, 0xB7, 0xF7, 0x11, 0xD0, 0x81, 0x1C,
  0x20, 0x16, 0xC8, 0xEB, 0x24, 0xD7, 0xBA, 0xC3, 0xCD, 0xDF,
  0x10, 0xE6, 0x19, 0x98, 0xEB, 0x3D, 0xD5, 0xBC, 0xD9, 0xBD,
  0xF8, 0x08, 0x22, 0x1A, 0xFD, 0xF0, 0xC0, 0x0C, 0xF2, 0xEC,
  0x94, 0x1E, 0x43, 0x20, 0xE4, 0x04, 0x05, 0xAF, 0xD6, 0xA2,
  0xCC, 0xDB, 0x24, 0x0E, 0xE2, 0xB5, 0x18, 0x29, 0x0A, 0xE4,
  0xEC, 0xFE, 0xF4, 0xC6, 0x00, 0x45, 0xEF, 0xEA, 0xCC, 0x56,
  0xE4, 0x03, 0xFB, 0x2D, 0x28, 0xEF, 0xEE, 0xCB, 0x17, 0xF2,
  0xD6, 0x14, 0xD6, 0x2A, 0x1A, 0x12, 0xFC, 0x9F, 0x07, 0x3C,
  0x53, 0xB9, 0x34, 0x44, 0xFB, 0xD5, 0xDF, 0x2D, 0x21, 0x3A,
  0xAE, 0x4A, 0x10, 0xED, 0xCF, 0x15, 0x3D, 0xDB, 0x5E, 0x44,
  0x40, 0x32, 0xBD, 0x17, 0xE1, 0x27, 0xFA, 0xB2, 0xD0, 0xD9,
  0xBA, 0xC7, 0xC8, 0xBB, 0x08, 0xE2, 0xFF, 0x2F, 0x0B, 0xF3,
  0x1A, 0x35, 0x14, 0xDF, 0xF8, 0xE9, 0xEB, 0x87, 0xEA, 0xDE,
  0xD7, 0xD2, 0xA7, 0x1D, 0x27, 0x11, 0xF5, 0x05, 0x2A, 0xF5,
  0x19, 0x29, 0xC3, 0xD9, 0xFB, 0xE7, 0xD3, 0xEA, 0xE6, 0x34,
  0x13, 0xE5, 0xE8, 0x0F, 0x4A, 0xEC, 0x0E, 0xDB, 0x1A, 0x81,
  0xE8, 0xFB, 0xF9, 0xAD, 0xA3, 0xFF, 0x20, 0x0C, 0xF3, 0x3A,
  0x26, 0xCC, 0x23, 0x1B, 0xE9, 0xD1, 0x0F, 0x05, 0xE6, 0xE8,
  0xE2, 0xBA, 0x05, 0xC8, 0xEF, 0xF2, 0x33, 0x2E, 0xE7, 0x04,
  0x08, 0xD4, 0xF1, 0x1B, 0xED, 0xF4, 0xC1, 0xFA, 0xF2, 0xF5,
  0x36, 0xF1, 0x32, 0xE5, 0x14, 0x01, 0xF9, 0x19, 0x1A, 0x1E,
  0x0F, 0x16, 0xFC, 0x88, 0xF9, 0xFA, 0xEB, 0x2A, 0x27, 0xFA,
  0xFD, 0x32, 0x2F, 0xF3, 0xD6, 0x44, 0xD5, 0x43, 0xDE, 0x11,
  0xF5, 0xE7, 0x51, 0x0D, 0xC8, 0x14, 0x30, 0xD3, 0x0B, 0x44,
  0x15, 0xFB, 0x0F, 0x15, 0xDE, 0xEE, 0xF0, 0xDA, 0xF7, 0xFA,
  0xEE, 0xE8, 0x16, 0x13, 0xD8, 0x12, 0x01, 0x28, 0xFB, 0x31,
  0xFC, 0x08, 0x27, 0xB7, 0x17, 0x10, 0xDB, 0xF4, 0xDA, 0xDE,
  0x20, 0xFE, 0xF3, 0x04, 0xEB, 0xFF, 0xE8, 0xF7, 0x2B, 0xE5,
  0xD8, 0xF4, 0x04, 0x01, 0x0E, 0x1D, 0xE9, 0xFA, 0xF0, 0x20,
  0x27, 0x3A, 0xEC, 0x22, 0xD3, 0xDA, 0xD6, 0x1A, 0xF3, 0xE4,
  0xA9, 0x05, 0xF6, 0x0A, 0x3D, 0x23, 0xD0, 0x19, 0x00, 0xFB,
  0xEC, 0xCB, 0xCC, 0x04, 0x0F, 0xEC, 0xE3, 0x16, 0xF9, 0x0C,
  0x2B, 0xFD, 0x55, 0xFE, 0xFA, 0x43, 0x13, 0xFB, 0x25, 0xE1,
  0xFC, 0xD0, 0x16, 0xE8, 0xEA, 0xCA, 0xE4, 0x01, 0xFA, 0xF6,
  0xD7, 0x26, 0xD5, 0xFD, 0xF7, 0xF1, 0x19, 0xF6, 0x02, 0xF2,
  0xDE, 0xFD, 0x24, 0x08, 0x01, 0x1D, 0x09, 0x05, 0x05, 0xF6,
  0x16, 0x04, 0xF3, 0x13, 0xCC, 0xE0, 0x33, 0x28, 0xD6, 0x06,
  0x33, 0x03, 0xF7, 0x28, 0xD6, 0x16, 0x0F, 0xA5, 0xC2, 0x0C,
  0xE7, 0x03, 0x37, 0xCA, 0x13, 0xF2, 0x08, 0x14, 0x19, 0xC5,
  0xFC, 0x16, 0x13, 0x3F, 0x03, 0x41, 0x9D, 0xF9, 0x09, 0x32,
  0x09, 0xFA, 0x11, 0xCE, 0x0B, 0xFB, 0xB6, 0x04, 0x21, 0x25,
  0x1B, 0xA2, 0x14, 0xFD, 0xD4, 0xF3, 0xE4, 0x28, 0xFB, 0xF3,
  0xFB, 0xAC, 0xCC, 0xF4, 0xED, 0xF2, 0x35, 0x02, 0xFD, 0x08,
  0xD9, 0x46, 0x3E, 0x2C, 0xE8, 0x0A, 0x13, 0xC5, 0xEA, 0xE9,
  0x0A, 0x47, 0x0B, 0xBB, 0x14, 0xF8, 0xE3, 0x0A, 0x81, 0x38,
  0x00, 0xEB, 0x1C, 0xBD, 0x09, 0x16, 0x49, 0xFF, 0x25, 0xD5,
  0x10, 0x2D, 0xC8, 0xBD, 0xF6, 0xE8, 0xE4, 0x29, 0x04, 0x03,
  0x02, 0xB9, 0x0F, 0xF7, 0xEA, 0x09, 0x12, 0xF4, 0x15, 0xE7,
  0xFD, 0x08, 0x39, 0x21, 0x2D, 0xD3, 0xF0, 0xC3, 0xE1, 0xE7,
  0x18, 0xC7, 0x13, 0x0E, 0xEE, 0xD8, 0xFD, 0xBA, 0x0F, 0x03,
  0x14, 0xFD, 0x03, 0x12, 0xF8, 0x1E, 0x26, 0x21, 0xEF, 0x10,
  0x1A, 0xF5, 0x23, 0x0A, 0x11, 0x18, 0xBE, 0x46, 0xE4, 0xE9,
  0x2A, 0xE3, 0xEC, 0xD9, 0xD6, 0x15, 0x2D, 0x4D, 0xFF, 0xFE,
  0x09, 0xFA, 0xD3, 0x27, 0x19, 0x40, 0xE0, 0xA1, 0xF3, 0xF9,
  0xF1, 0xE7, 0x2D, 0xFE, 0x0E, 0x92, 0x1F, 0xE2, 0xBA, 0xF3,
  0xEB, 0x37, 0x59, 0x32, 0x03, 0x00, 0xD3, 0x01, 0x1E, 0x20,
  0xE2, 0x2A, 0xC5, 0x2D, 0xC2, 0xCA, 0xE1, 0x56, 0xF2, 0xFE,
  0xDC, 0x23, 0x43, 0x08, 0x22, 0xAD, 0xE6, 0xE5, 0x32, 0xEB,
  0xE0, 0x0C, 0xF6, 0x16, 0x32, 0x32, 0xF3, 0xC1, 0xD1, 0x18,
  0x10, 0xE8, 0xF0, 0x13, 0xEA, 0xF4, 0xDD, 0xD4, 0xCF, 0x00,
  0xD5, 0x06, 0x7C, 0x89, 0x15, 0xD0, 0x01, 0xDE, 0xEE, 0x15,
  0x4F, 0xE0, 0xCC, 0x0A, 0x15, 0x32, 0x45, 0x24, 0x49, 0xE9,
  0xEF, 0x05, 0x19, 0x01, 0xFD, 0xFD, 0x0C, 0xBA, 0x07, 0xF0,
  0x35, 0x98, 0x06, 0xBD, 0x6B, 0xB5, 0x3A, 0xFA, 0xC2, 0x11,
  0x25, 0x73, 0x05, 0xB2, 0xC4, 0xB7, 0xEC, 0xF2, 0x46, 0x05,
  0x00, 0xF5, 0xE6, 0x64, 0x99, 0x44, 0xC1, 0xF4, 0x15, 0xC4,
  0x45, 0x09, 0xD2, 0xDA, 0x15, 0x05, 0x18, 0x15, 0xEF, 0x0E,
  0xC5, 0x0D, 0x02, 0x7B, 0x21, 0x81, 0xD2, 0xEA, 0xD9, 0xB5,
  0xE4, 0x96, 0xCC, 0xF9, 0xF9, 0x4A, 0xD3, 0x12, 0xE8, 0xCF,
  0x2D, 0xD7, 0xFF, 0xC0, 0xD3, 0xC1, 0xCE, 0x24, 0xF0, 0xFB,
  0xDA, 0xCF, 0xBE, 0xE8, 0xE7, 0x07, 0xE7, 0x47, 0xF3, 0x10,
  0xEF, 0xE0, 0x53, 0xA5, 0xE4, 0xD6, 0x3A, 0xF9, 0xEA, 0x26,
  0xF0, 0xFC, 0x19, 0xE3, 0xDC, 0xA3, 0xC8, 0xA6, 0x17, 0x38,
  0xED, 0xAC, 0x07, 0x2D, 0x95, 0x07, 0x28, 0xE2, 0xEC, 0xCB,
  0xF2, 0x2A, 0xDA, 0x09, 0x00, 0xA1, 0xD2, 0x11, 0xF9, 0x14,
  0xE3, 0xDB, 0x5E, 0xF1, 0x0C, 0x09, 0x09, 0xD8, 0xD6, 0xFB,
  0xBC, 0x43, 0xF8, 0xA0, 0x64, 0x70, 0x1D, 0x01, 0x42, 0x20,
  0x3B, 0xAC, 0xD9, 0x44, 0xF2, 0xAC, 0xE2, 0xE0, 0xF0, 0x1D,
  0x53, 0x16, 0x00, 0x12, 0xDE, 0x00, 0xD8, 0xCD, 0xD6, 0x46,
  0xAA, 0x03, 0x4D, 0xAB, 0x57, 0xAC, 0xE3, 0xE8, 0x23, 0xBC,
  0x37, 0xFD, 0xCD, 0xC5, 0xBC, 0x32, 0xD2, 0xE4, 0x01, 0xF9,
  0x72, 0xD0, 0xCA, 0xF0, 0x23, 0xF5, 0xE6, 0xE1, 0xC1, 0xAF,
  0x31, 0x3B, 0xBD, 0xCC, 0x36, 0xCF, 0x49, 0xDC, 0xFE, 0xD9,
  0x22, 0xD8, 0x02, 0x18, 0xC1, 0xDD, 0x81, 0x4F, 0xE6, 0x32,
  0xE2, 0xE8, 0x7B, 0xED, 0x03, 0xD7, 0x09, 0xF0, 0xEF, 0x06,
  0xE2, 0xCA, 0x18, 0xE5, 0x1A, 0xC8, 0xFF, 0xC8, 0x24, 0xD4,
  0xE6, 0x22, 0x17, 0x1D, 0xE8, 0x38, 0xCF, 0x06, 0xA0, 0xFA,
  0xF4, 0x08, 0xE0, 0xDA, 0x1A, 0xF8, 0x2B, 0xE2, 0xF2, 0x12,
  0xF2, 0x03, 0xE1, 0x07, 0x3B, 0xAB, 0x06, 0xEC, 0xD3, 0xE2,
  0x09, 0x10, 0x09, 0x16, 0x05, 0xED, 0x07, 0x34, 0xFA, 0x2B,
  0xAD, 0xCD, 0x31, 0x2D, 0xED, 0x08, 0xD7, 0x3D, 0x02, 0xE9,
  0x04, 0x28, 0x0F, 0x23, 0x26, 0x20, 0x0A, 0xB3, 0xFA, 0xE9,
  0x9A, 0xFD, 0x16, 0xDA, 0x10, 0x2D, 0x16, 0x13, 0xEE, 0x24,
  0x11, 0x1C, 0xF5, 0x00, 0x35, 0xDF, 0x2A, 0x07, 0xF4, 0x21,
  0xE3, 0xF4, 0xF9, 0x10, 0x32, 0x0F, 0x4E, 0x0B, 0x0D, 0xCF,
  0x1E, 0xD7, 0xAE, 0x2F, 0xC8, 0xFE, 0xE4, 0x2D, 0x1E, 0x17,
  0x04, 0x06, 0x13, 0xEC, 0x35, 0x19, 0x26, 0xF6, 0x28, 0x12,
  0x94, 0x43, 0xEE, 0x03, 0xF8, 0xE1, 0x2C, 0xCB, 0xEF, 0x26,
  0x20, 0xE5, 0x13, 0x09, 0xD0, 0x12, 0xD8, 0xE6, 0xE5, 0x07,
  0xF1, 0xFB, 0xE2, 0xF0, 0x18, 0xD4, 0x1F, 0xEF, 0x06, 0xD1,
  0x62, 0x0D, 0xC7, 0x1C, 0x0A, 0xF1, 0x09, 0x21, 0x01, 0xF4,
  0x05, 0xFC, 0x3F, 0x29, 0x19, 0x13, 0xF3, 0x0F, 0xC9, 0xF8,
  0xFF, 0x06, 0xA5, 0x46, 0x1D, 0x0F, 0xF2, 0x0F, 0xF8, 0xF8,
  0xE8, 0xDA, 0xFE, 0xE5, 0x24, 0xFD, 0x13, 0xEE, 0xEA, 0x16,
  0xFB, 0xEC, 0x04, 0x03, 0x14, 0x2C, 0x16, 0x1E, 0x09, 0x0A,
  0xB0, 0xFA, 0xE1, 0xFD, 0x94, 0x10, 0x03, 0x1F, 0xEC, 0xF9,
  0x10, 0xED, 0xE1, 0xC3, 0x09, 0xEB, 0x1A, 0xF1, 0x09, 0xFF,
  0x07, 0x20, 0xDC, 0x14, 0xD1, 0x03, 0xF3, 0x24, 0x0B, 0x0A,
  0x22, 0xEC, 0xAB, 0xF3, 0x14, 0xFA, 0xBD, 0x27, 0x16, 0x19,
  0xE4, 0xF0, 0x0D, 0xDE, 0xF4, 0xE0, 0xE4, 0xD5, 0x23, 0xFB,
  0x10, 0xE5, 0x05, 0xEC, 0x03, 0xCD, 0xE7, 0xFE, 0x10, 0xF6,
  0xED, 0x34, 0x18, 0x0E, 0xD4, 0xFD, 0xE6, 0xEA, 0xCD, 0xFF,
  0x17, 0x1D, 0xF8, 0x01, 0xFB, 0xBF, 0xCE, 0xCD, 0xF7, 0xCB,
  0xFC, 0xEC, 0xF2, 0xC9, 0x20, 0x0A, 0x11, 0xDF, 0xD5, 0x00,
  0x1B, 0xE9, 0xF9, 0x15, 0xEA, 0x17, 0xE6, 0x08, 0xFA, 0x01,
  0xBE, 0x1B, 0x1B, 0xE9, 0xD7, 0x0F, 0x06, 0x07, 0xC9, 0x04,
  0xDC, 0x00, 0x02, 0xE0, 0x0E, 0xF4, 0x1B, 0xFD, 0xF1, 0xE2,
  0xD1, 0x10, 0x22, 0xDF, 0x17, 0x12, 0xF9, 0x09, 0xBD, 0x1B,
  0xF6, 0xDB, 0x81, 0x1B, 0x24, 0x25, 0x17, 0x0C, 0xFD, 0x01,
  0xF0, 0x0E, 0x16, 0x08, 0x10, 0xD6, 0x15, 0xF6, 0xBA, 0xEF,
  0xC5, 0xBC, 0xFC, 0xFC, 0x33, 0x13, 0x2C, 0xE8, 0x08, 0x29,
  0xD7, 0x28, 0xEB, 0xC4, 0x95, 0x26, 0x18, 0x33, 0xFE, 0x13,
  0x28, 0x0E, 0xE8, 0xC0, 0xE5, 0xE6, 0x28, 0xFF, 0xFC, 0xF6,
  0x25, 0xEB, 0x32, 0xF4, 0x0F, 0xF6, 0xFC, 0x2C, 0x16, 0x28,
  0x16, 0x49, 0x28, 0xE3, 0xCF, 0xF7, 0xC8, 0x49, 0xF1, 0x98,
  0xD6, 0x3F, 0xEC, 0xB2, 0x3B, 0xF9, 0x00, 0x17, 0xBE, 0x5D,
  0xD9, 0x13, 0xF2, 0x1E, 0xFB, 0x34, 0x32, 0x16, 0x02, 0x2E,
  0x0D, 0x36, 0x05, 0x06, 0x28, 0xF6, 0xC0, 0xE0, 0x0D, 0x6C,
  0x01, 0xF2, 0xB0, 0x36, 0xF3, 0xDA, 0x71, 0x23, 0x94, 0x03,
  0xE5, 0xEB, 0xE7, 0x04, 0xC8, 0x30, 0xC2, 0x29, 0xFF, 0x18,
  0xF5, 0x12, 0x1D, 0x02, 0x04, 0x35, 0x02, 0x12, 0xC1, 0xCE,
  0x1F, 0x4D, 0xC8, 0x04, 0x12, 0xFE, 0xE2, 0x2E, 0x2F, 0xF3,
  0x8B, 0xCB, 0xF6, 0x06, 0xEE, 0x1D, 0x93, 0xBE, 0xCF, 0xEA,
  0xA7, 0x15, 0xDC, 0x1A, 0xDD, 0xD6, 0xA2, 0x28, 0xEC, 0xEC,
  0x0C, 0xF6, 0x29, 0x1C, 0xC5, 0xFE, 0x19, 0xE4, 0x0C, 0xF4,
  0x0B, 0xF5, 0x8E, 0xC6, 0xE4, 0x50, 0xFF, 0x18, 0xF3, 0x92,
  0xC5, 0x0B, 0xD2, 0x33, 0xAE, 0x10, 0xCE, 0xDC, 0xC1, 0x0C,
  0xF8, 0x0B, 0x36, 0x1A, 0x0E, 0x1F, 0xE5, 0xB9, 0xCB, 0x99,
  0x4A, 0xFB, 0x17, 0xC9, 0xC9, 0x9E, 0xE1, 0x0A, 0xFD, 0x47,
  0x03, 0x81, 0x08, 0xE1, 0xF0, 0x05, 0x9F, 0x3C, 0x05, 0xDB,
  0x17, 0x2A, 0x1A, 0xFC, 0x29, 0xE3, 0xEC, 0xFF, 0x25, 0xC1,
  0xCF, 0xE1, 0x4B, 0xA6, 0xFD, 0x0F, 0xC3, 0xED, 0xE1, 0x25,
  0xB6, 0x45, 0xDF, 0x0A, 0x0E, 0xDA, 0xF7, 0xBA, 0xDB, 0x2F,
  0x0E, 0x0A, 0x39, 0x3A, 0x0F, 0xD9, 0x9C, 0xD5, 0x04, 0x1E,
  0x24, 0xE9, 0xD9, 0x30, 0xFF, 0xE2, 0x2C, 0x08, 0xE1, 0xF6,
  0x24, 0xC1, 0xC8, 0xEC, 0x61, 0x35, 0x05, 0xFA, 0x1D, 0xC8,
  0x48, 0xD9, 0xF9, 0x28, 0xE6, 0xEF, 0x53, 0xBD, 0xE1, 0xF0,
  0xE2, 0x25, 0x14, 0xDC, 0xFD, 0x2F, 0x34, 0x1C, 0xF4, 0x2D,
  0x3B, 0x12, 0x1E, 0xCD, 0xEE, 0x30, 0x13, 0xFB, 0xB2, 0x1E,
  0xE5, 0x16, 0x4E, 0xD8, 0xD7, 0x24, 0xFA, 0x27, 0x17, 0x1C,
  0xD9, 0x24, 0x16, 0x07, 0xE7, 0x3F, 0x02, 0x08, 0xD1, 0x1F,
  0xDF, 0x2D, 0xFC, 0x25, 0x24, 0x19, 0xF0, 0x5D, 0xEE, 0xBF,
  0xF6, 0x31, 0xEB, 0xE1, 0xF6, 0x15, 0xC8, 0x0B, 0x35, 0x54,
  0xE9, 0x0F, 0xFC, 0x28, 0x19, 0x01, 0xE0, 0x05, 0x08, 0x13,
  0xDE, 0xFE, 0xFA, 0x0A, 0x06, 0x30, 0x38, 0x3F, 0x05, 0x0B,
  0x05, 0xC8, 0xFA, 0x06, 0x19, 0xE4, 0xF4, 0xED, 0xFB, 0xC6,
  0x3A, 0xE1, 0x01, 0xFC, 0xD5, 0x23, 0x06, 0xBF, 0xF0, 0x19,
  0xC5, 0x83, 0xE5, 0xC1, 0xB1, 0x01, 0xD9, 0x19, 0xFA, 0x03,
  0x05, 0xE2, 0x07, 0xE2, 0x26, 0x08, 0xFD, 0x9A, 0x15, 0xEF,
  0x12, 0xDB, 0x16, 0xCC, 0xF9, 0x05, 0xDB, 0xE9, 0x1A, 0x81,
  0xF7, 0xEF, 0xE7, 0xEC, 0xD7, 0xED, 0xA8, 0xA5, 0x0A, 0x07,
  0xF8, 0xE0, 0x03, 0xAE, 0x1C, 0x07, 0x45, 0xD1, 0xD1, 0xC0,
  0x1C, 0xCB, 0xD0, 0xFC, 0x38, 0xD8, 0x40, 0xC5, 0xC8, 0xFE,
  0x1A, 0x03, 0x05, 0xFC, 0x22, 0x09, 0x02, 0x44, 0xB9, 0xCF,
  0x4E, 0xF0, 0x24, 0x99, 0x28, 0xCF, 0x13, 0xEC, 0xE6, 0xE4,
  0xB6, 0x2E, 0x35, 0xF2, 0xB8, 0xEC, 0x00, 0xEF, 0xFA, 0xE2,
  0xFA, 0xE9, 0x22, 0xC4, 0x17, 0xC9, 0xE2, 0x17, 0xF4, 0x03,
  0xF5, 0xD3, 0x21, 0x1F, 0xE4, 0xAB, 0xE9, 0x29, 0x1C, 0x15,
  0x1F, 0x26, 0xEE, 0x6F, 0x11, 0xDB, 0x33, 0x5F, 0xD0, 0x3F,
  0x26, 0xEC, 0xD6, 0x13, 0x12, 0xF9, 0xE1, 0xBB, 0x09, 0xFA,
  0xF0, 0xCF, 0x63, 0xCB, 0x68, 0x48, 0xBA, 0x1B, 0x24, 0xE4,
  0x05, 0xFB, 0x09, 0xD7, 0x01, 0x28, 0xCF, 0xED, 0x0E, 0x18,
  0xE0, 0x05, 0xF2, 0xE3, 0xFD, 0x04, 0xF1, 0x42, 0xC1, 0xE3,
  0x33, 0x35, 0xF9, 0x0F, 0x1B, 0xDC, 0x1C, 0xC8, 0xAD, 0xFD,
  0xDB, 0x0B, 0xAC, 0x1D, 0xF5, 0xC1, 0x1B, 0x11, 0x23, 0xD4,
  0xCE, 0x08, 0xEC, 0x2C, 0x14, 0xEB, 0x29, 0xE8, 0xAA, 0x3A,
  0x0A, 0x1A, 0x0C, 0xD5, 0xDA, 0x1D, 0x42, 0xA5, 0x33, 0xBE,
  0xCF, 0x1C, 0x04, 0xFF, 0x01, 0x20, 0x29, 0x10, 0x19, 0xEE,
  0x48, 0xEC, 0xFB, 0xF3, 0x03, 0x01, 0x3E, 0xF0, 0xDE, 0x4B,
  0x81, 0x1A, 0x29, 0x30, 0x08, 0xC0, 0xE6, 0x16, 0x4E, 0xB6,
  0x58, 0xEC, 0xE5, 0x00, 0x13, 0x1C, 0x19, 0x0B, 0x09, 0xDC,
  0xB4, 0xB1, 0x16, 0xFF, 0xC9, 0xDE, 0xFC, 0xF9, 0x5F, 0xE0,
  0x85, 0x43, 0xF6, 0xEE, 0x30, 0xE7, 0x36, 0xA2, 0xCA, 0x06,
  0x13, 0xAB, 0x2F, 0xD8, 0xCA, 0xA7, 0x92, 0xF8, 0xED, 0x02,
  0xBD, 0xA9, 0x0C, 0xB1, 0x25, 0x1E, 0xF6, 0xB4, 0x42, 0xBA,
  0x3A, 0xD9, 0x9D, 0x41, 0x3D, 0xC5, 0xFF, 0x06, 0x10, 0xD3,
  0xEE, 0xF1, 0xF5, 0x1A, 0x29, 0x13, 0x3C, 0xE5, 0x04, 0xCF,
  0xC1, 0x52, 0x2E, 0x07, 0x5D, 0xBC, 0x1F, 0x0B, 0xB9, 0xC2,
  0x54, 0xC5, 0xF9, 0x25, 0xA6, 0x6A, 0xE9, 0xD0, 0xF5, 0x2A,
  0xEE, 0x30, 0x05, 0x31, 0x1A, 0xC2, 0xFD, 0x01, 0x1C, 0x24,
  0x2D, 0xC8, 0xDA, 0x0B, 0xF7, 0x2C, 0x07, 0xFE, 0xFF, 0x14,
  0x01, 0x02, 0xDD, 0xB6, 0xF7, 0xFF, 0xFD, 0xE1, 0xE5, 0xE6,
  0xD6, 0x1C, 0xD0, 0xF7, 0xEE, 0xB7, 0x1C, 0x2C, 0x2F, 0xE9,
  0x1C, 0x3A, 0x26, 0xE4, 0x03, 0xF6, 0xFA, 0x07, 0xCC, 0x1F,
  0xE2, 0x07, 0x03, 0xE1, 0x04, 0x07, 0x1E, 0xED, 0xED, 0xE0,
  0xE0, 0x12, 0x01, 0x02, 0xC4, 0x02, 0x11, 0x1B, 0xE7, 0x23,
  0x17, 0xE4, 0x46, 0x17, 0xF7, 0xE7, 0x15, 0x1B, 0xEE, 0x00,
  0x1D, 0x14, 0x0F, 0xB4, 0xC4, 0x21, 0x42, 0x31, 0xB9, 0xF3,
  0x1E, 0x81, 0xDF, 0xD7, 0x17, 0x27, 0x01, 0x26, 0xD8, 0x2A,
  0x23, 0xC5, 0x43, 0x55, 0xE8, 0x2A, 0xEC, 0xDE, 0xB2, 0x2A,
  0xDC, 0xCE, 0x09, 0x0A, 0x1F, 0x13, 0x5F, 0x27, 0x18, 0x16,
  0x04, 0x29, 0x27, 0xE9, 0xF9, 0x1D, 0x2C, 0xED, 0xF5, 0xF3,
  0x21, 0x3A, 0x21, 0xCC, 0xD4, 0x34, 0x36, 0xD2, 0xFA, 0xF1,
  0x09, 0x22, 0xF6, 0x33, 0x14, 0xF9, 0x5B, 0xF3, 0xF3, 0x08,
  0xF0, 0xE1, 0xDE, 0xD6, 0xC0, 0xE4, 0xEA, 0x08, 0x05, 0xF5,
  0xD6, 0x38, 0xFB, 0x29, 0xF5, 0xD5, 0xBF, 0x0D, 0x04, 0xD1,
  0xCF, 0xDF, 0xE8, 0xF7, 0x26, 0x3C, 0xD5, 0xF6, 0x1F, 0xFC,
  0x1E, 0xF6, 0xD2, 0xD9, 0x17, 0x9A, 0x36, 0x0E, 0x42, 0xD1,
  0xE1, 0x31, 0xB8, 0xC7, 0xE4, 0x08, 0x49, 0x02, 0xDC, 0x02,
  0x04, 0xD3, 0x1E, 0x3E, 0x2B, 0xD4, 0xD4, 0xF6, 0xBE, 0xE5,
  0xD2, 0xC7, 0xBD, 0xBD, 0xF4, 0xD9, 0x7C, 0xE9, 0x25, 0x44,
  0x44, 0xF8, 0x28, 0xD8, 0xED, 0x89, 0xDC, 0xF7, 0x1D, 0xE7,
  0x05, 0x32, 0x17, 0x32, 0xFD, 0x1F, 0xE9, 0x0B, 0xF4, 0x13,
  0x19, 0xCE, 0x00, 0xDE, 0x1C, 0xD9, 0x95, 0x09, 0x00, 0x0A,
  0x31, 0x12, 0x31, 0xF2, 0xEC, 0x31, 0x09, 0xEC, 0x05, 0x39,
  0xFB, 0x19, 0x12, 0x1B, 0xD3, 0x3C, 0xF4, 0xDC, 0x04, 0xFF,
  0x1B, 0x15, 0xEB, 0xDF, 0xC2, 0xFD, 0xD9, 0xE6, 0xE7, 0xF5,
  0xF3, 0xFC, 0xE4, 0xFB, 0x02, 0xBB, 0xF3, 0xE7, 0x28, 0xF1,
  0xEA, 0xF0, 0x1F, 0x0A, 0x24, 0x0A, 0x09, 0x08, 0xE4, 0x2C,
  0xFB, 0xF4, 0x23, 0xFA, 0x32, 0xEE, 0x0F, 0xF6, 0xEF, 0xC1,
  0x1B, 0x02, 0x00, 0xFD, 0xE1, 0x09, 0x2C, 0xE1, 0xF3, 0x03,
  0xB9, 0xF2, 0xFB, 0xE7, 0x1F, 0x36, 0x20, 0xFA, 0xF5, 0xDF,
  0xEE, 0x29, 0xDF, 0xDE, 0x11, 0x07, 0x43, 0x14, 0xFB, 0xB0,
  0xDF, 0xE6, 0x43, 0x1B, 0x0D, 0xEC, 0xBF, 0xFE, 0x54, 0xD7,
  0xCD, 0x2A, 0xD5, 0xE8, 0xEC, 0xE8, 0x17, 0x0A, 0x07, 0x08,
  0x03, 0xF2, 0xE4, 0xD7, 0xEA, 0xA4, 0x18, 0x2A, 0xD6, 0xE4,
  0xE2, 0xC3, 0xC5, 0xCA, 0x02, 0xE8, 0x25, 0xEC, 0xF2, 0x17,
  0x22, 0xDC, 0xB7, 0x09, 0x0C, 0x0A, 0xF4, 0x10, 0xC7, 0xF5,
  0xF6, 0xC9, 0x16, 0xCA, 0xD1, 0xE6, 0x29, 0xCA, 0x0A, 0x1B,
  0xEF, 0xF0, 0x16, 0xF4, 0xF0, 0xD0, 0xD8, 0xF9, 0x19, 0x15,
  0x15, 0x1C, 0x25, 0xF5, 0xB4, 0x25, 0xF9, 0x0C, 0xDD, 0x0E,
  0xE6, 0x1B, 0x04, 0x07, 0xF7, 0x03, 0xDE, 0x01, 0x1C, 0x0B,
  0xF3, 0x28, 0x39, 0xF8, 0x16, 0x08, 0x15, 0xD4, 0xF7, 0xFA,
  0xF2, 0x43, 0xEE, 0x24, 0x21, 0x81, 0x06, 0xF7, 0xFE, 0x15,
  0xF0, 0x05, 0x2A, 0x1B, 0x02, 0x17, 0x20, 0xF6, 0x01, 0x18,
  0xEB, 0xE0, 0x0F, 0xDD, 0x0E, 0x8C, 0xD8, 0xE9, 0xB8, 0x12,
  0x46, 0xE2, 0x28, 0x0B, 0x11, 0xB4, 0x28, 0xF3, 0x43, 0xDB,
  0xE6, 0x33, 0x24, 0xED, 0x1A, 0xB9, 0xF0, 0x19, 0xDF, 0x29,
  0xE0, 0xE2, 0xD4, 0x3A, 0xF5, 0xDC, 0xE7, 0xAE, 0x0F, 0x15,
  0xFB, 0xF4, 0x3C, 0x18, 0xF0, 0xE7, 0xEC, 0x00, 0xE3, 0xE1,
  0xFA, 0x10, 0x36, 0x24, 0xE5, 0xED, 0xFD, 0xE2, 0xE2, 0x3B,
  0x26, 0xF1, 0x09, 0x35, 0xDB, 0x32, 0xCE, 0x5D, 0x09, 0xB6,
  0x28, 0x15, 0x13, 0x0E, 0xF7, 0x2A, 0xCB, 0xC8, 0x00, 0x2D,
  0x13, 0xE3, 0xCA, 0x1E, 0x40, 0xE7, 0xDB, 0x07, 0x19, 0x09,
  0xFA, 0x10, 0xF9, 0xF9, 0xF3, 0x14, 0xE3, 0x12, 0xFC, 0x0E,
  0xEE, 0x32, 0xF1, 0x0F, 0x26, 0xD6, 0xAD, 0x0E, 0x13, 0xB6,
  0xFC, 0x4A, 0xE8, 0x01, 0xBF, 0x1C, 0x34, 0xBF, 0xF0, 0xF3,
  0x15, 0x18, 0xE8, 0xEC, 0x11, 0x45, 0x08, 0x1C, 0x2B, 0x89,
  0x51, 0xFD, 0xD1, 0x27, 0x3E, 0xD7, 0x28, 0xE6, 0xDF, 0xF3,
  0x41, 0xEA, 0xEF, 0x23, 0x37, 0x01, 0xFE, 0x06, 0xF9, 0xDC,
  0xFD, 0xF1, 0xBC, 0xE7, 0xFD, 0xD9, 0x20, 0xFE, 0xCC, 0xDA,
  0x30, 0xFF, 0x29, 0xB1, 0x05, 0xFD, 0x04, 0xF4, 0xDA, 0xF7,
  0x25, 0xE1, 0x2A, 0xE1, 0x1E, 0xD4, 0xE9, 0x06, 0x5A, 0x02,
  0xFA, 0xEC, 0x02, 0xE1, 0xAB, 0xFA, 0x69, 0x0E, 0x81, 0xFF,
  0xFC, 0x08, 0x40, 0x15, 0xBB, 0x0B, 0xF6, 0x02, 0x12, 0xEC,
  0xFA, 0x2D, 0xD1, 0xD2, 0xC1, 0x30, 0xFE, 0xA9, 0xE7, 0x30,
  0x17, 0xD1, 0x46, 0xE7, 0xFA, 0x05, 0xEF, 0x27, 0xDC, 0x29,
  0xED, 0xB9, 0xEA, 0x15, 0x05, 0xFC, 0xF1, 0x03, 0x1D, 0x09,
  0x4D, 0xCE, 0x0F, 0x0B, 0xF8, 0x13, 0x2A, 0xCE, 0xCC, 0x63,
  0x07, 0xCE, 0x0D, 0xDD, 0x8A, 0xC2, 0xF4, 0xCD, 0xE1, 0x0C,
  0x5F, 0xFF, 0x1C, 0x09, 0xA9, 0x19, 0xF2, 0xCD, 0xB7, 0x02,
  0xF5, 0xD9, 0xE7, 0x81, 0x06, 0xDA, 0x38, 0xEC, 0xE1, 0xDB,
  0xD3, 0xCE, 0xE4, 0x15, 0xEF, 0x21, 0xF4, 0x1E, 0xEE, 0x15,
  0x22, 0xDE, 0x25, 0x12, 0xF2, 0x20, 0xED, 0x32, 0x04, 0x0A,
  0x04, 0xE7, 0xF8, 0xE6, 0xCA, 0xC8, 0x0D, 0x03, 0x12, 0x03,
  0x00, 0x06, 0xFB, 0xEC, 0xE8, 0x3D, 0xF2, 0xBE, 0x0D, 0x1C,
  0x10, 0x16, 0x03, 0x28, 0x16, 0xDE, 0xE2, 0xE4, 0x4B, 0xBD,
  0x2D, 0x0A, 0xC7, 0xFD, 0x12, 0xEE, 0x2A, 0xCE, 0xC7, 0x10,
  0xF2, 0x31, 0x23, 0x0E, 0xE0, 0x07, 0x32, 0xFA, 0x1D, 0xED,
  0xCA, 0x33, 0xEA, 0x0F, 0x09, 0x2D, 0xBC, 0xED, 0x15, 0x0C,
  0xC5, 0x0F, 0xDE, 0xFA, 0x2B, 0xE9, 0x2E, 0xE9, 0x2D, 0xFD,
  0x01, 0xED, 0xEF, 0x0D, 0xEE, 0xDF, 0xFB, 0x02, 0xEA, 0x10,
  0xFE, 0x14, 0xBE, 0x99, 0x15, 0x92, 0xF8, 0xF4, 0x60, 0xF2,
  0xB4, 0xDE, 0xFC, 0x08, 0xB0, 0x03, 0x1B, 0xF9, 0x0A, 0xC6,
  0x09, 0x3C, 0x1D, 0xE9, 0x55, 0xC6, 0x3D, 0x12, 0xEE, 0x64,
  0xD0, 0x1A, 0x05, 0x03, 0xD7, 0x9A, 0x49, 0xCB, 0x0D, 0xEF,
  0x7B, 0x25, 0xE6, 0x3F, 0x05, 0x10, 0xDA, 0xB6, 0xD5, 0x0A,
  0x1A, 0x94, 0xD4, 0x13, 0xF6, 0x0C, 0x61, 0xC9, 0x3C, 0x19,
  0xAC, 0xDD, 0x9F, 0xE6, 0xFE, 0x28, 0x03, 0xB9, 0x15, 0x1B,
  0x2A, 0xF7, 0x99, 0x0E, 0x07, 0x27, 0x49, 0xD7, 0xDF, 0x5D,
  0xDF, 0x1C, 0x2C, 0xCA, 0x39, 0x1C, 0xC6, 0x03, 0x0A, 0x3C,
  0xE2, 0xC6, 0x1D, 0x5B, 0x43, 0xF6, 0x9B, 0x4D, 0xE9, 0xE8,
  0xDE, 0x06, 0xC8, 0x15, 0xEA, 0x15, 0x28, 0x29, 0xC3, 0x14,
  0xE7, 0xB2, 0x15, 0xD7, 0xBA, 0xC8, 0x3A, 0xE7, 0xCC, 0x00,
  0xE6, 0xF5, 0x14, 0xB1, 0x1C, 0x2F, 0xCD, 0xCD, 0xAE, 0x2A,
  0x00, 0xBB, 0x40, 0x8F, 0xDC, 0xE4, 0x23, 0x03, 0x0D, 0x38,
  0x34, 0xD1, 0x14, 0x91, 0x64, 0x0A, 0x14, 0xDA, 0xD2, 0x1B,
  0x20, 0xAB, 0xEF, 0x87, 0x1F, 0xF0, 0x21, 0xF1, 0xBB, 0x31,
  0x26, 0xCC, 0x9D, 0xCE, 0x24, 0xEC, 0xFD, 0x81, 0x5D, 0x00,
  0x07, 0x2E, 0x0C, 0xCC, 0x4C, 0xEB, 0x1E, 0x92, 0xF2, 0xF6,
  0x11, 0xEC, 0xEF, 0xD7, 0x09, 0xF7, 0x0C, 0xF6, 0xC2, 0xAA,
  0x12, 0xE5, 0x48, 0xBF, 0xAF, 0x10, 0xB9, 0xCE, 0x25, 0xE7,
  0x2D, 0x44, 0xD1, 0x01, 0xEF, 0x1E, 0x2B, 0x41, 0xDB, 0xC2,
  0xB4, 0xD3, 0x5A, 0xE0, 0xC3, 0xF2, 0x13, 0x5A, 0xDD, 0x3A,
  0x08, 0xC6, 0x20, 0x18, 0x4A, 0xAB, 0x13, 0xF2, 0x11, 0xCB,
  0x3A, 0x19, 0xCD, 0x05, 0xDD, 0xD9, 0xE4, 0x26, 0x8D, 0x25,
  0x87, 0x22, 0x1E, 0xB9, 0x32, 0xBC, 0xB5, 0x1B, 0x4B, 0x20,
  0xEF, 0xE3, 0xD3, 0x1E, 0xC3, 0x28, 0xF6, 0x07, 0x3F, 0x27,
  0xF7, 0xD5, 0x49, 0x3F, 0xF1, 0xE7, 0xF7, 0x17, 0x9F, 0x11,
  0x07, 0x36, 0x23, 0x52, 0x33, 0xEB, 0xFE, 0xCB, 0x0B, 0x2C,
  0x4A, 0xFB, 0x01, 0xF8, 0x32, 0xE5, 0xFF, 0xE0, 0xC1, 0x20,
  0x18, 0x2B, 0xC7, 0xC0, 0x19, 0x04, 0xDB, 0xCC, 0x02, 0x2C,
  0xF6, 0xE5, 0xF8, 0xCC, 0x13, 0xCE, 0xFA, 0x0D, 0x13, 0xE9,
  0xEB, 0xF5, 0xF1, 0xDC, 0x1D, 0x02, 0xF5, 0xD2, 0xDA, 0x1C,
  0xF5, 0xF5, 0xEF, 0xFC, 0x0D, 0x14, 0xE6, 0xC1, 0xED, 0x21,
  0xEE, 0xFB, 0x07, 0x2B, 0x06, 0xF3, 0x26, 0xC2, 0xDC, 0x1E,
  0xC9, 0x10, 0x07, 0xB2, 0x09, 0x0F, 0x43, 0xDE, 0x04, 0xC6,
  0xC6, 0x53, 0x13, 0xE4, 0xF8, 0xE5, 0x30, 0xFF, 0xD9, 0xF3,
  0xD1, 0xED, 0x1A, 0x17, 0xF6, 0x05, 0x2B, 0xFE, 0xE1, 0xB0,
  0xE0, 0xF9, 0xCB, 0xE7, 0xEC, 0x12, 0xE5, 0x00, 0x4C, 0xE6,
  0x2F, 0xE8, 0xD2, 0x2A, 0x0A, 0xCF, 0xFC, 0xD4, 0x2E, 0xE6,
  0xF9, 0xCF, 0xBD, 0xEC, 0x16, 0x45, 0xFC, 0xF6, 0xF5, 0x00,
  0xFD, 0x99, 0x81, 0xB1, 0x01, 0xE4, 0x0A, 0x2C, 0x12, 0xD9,
  0x39, 0x11, 0x1F, 0xD7, 0xC6, 0x43, 0x28, 0xF6, 0xC4, 0xD5,
  0x1A, 0xDE, 0x09, 0xC9, 0xCD, 0x00, 0x05, 0x27, 0xE6, 0x1D,
  0xD0, 0x13, 0x24, 0xA6, 0xE6, 0x10, 0xE1, 0x1C, 0x04, 0xE7,
  0x01, 0xF1, 0x09, 0x07, 0xFA, 0xC1, 0xD1, 0x31, 0x28, 0x04,
  0xB0, 0xE3, 0x24, 0xCB, 0xDA, 0xB3, 0xDC, 0xFE, 0xE6, 0x01,
  0xF6, 0x1D, 0xF3, 0x09, 0xDD, 0xC0, 0xF0, 0x19, 0xC4, 0x25,
  0x30, 0xFF, 0x0C, 0x12, 0x10, 0xF0, 0x27, 0xB4, 0xEC, 0x30,
  0x04, 0xFD, 0xD4, 0xE1, 0x5C, 0xDE, 0x16, 0xE9, 0xF0, 0xEB,
  0x1F, 0xFD, 0x02, 0xDE, 0x06, 0xFB, 0xF8, 0xE0, 0x90, 0xCB,
  0xBE, 0xDF, 0x39, 0x09, 0x1C, 0xED, 0x25, 0xC9, 0x17, 0xFB,
  0x15, 0x43, 0x20, 0x0D, 0x0C, 0xE6, 0x4F, 0x00, 0x08, 0x09,
  0xF0, 0xE2, 0x09, 0x2B, 0xED, 0xD7, 0xDD, 0x03, 0xD6, 0xB5,
  0x38, 0xBB, 0xC4, 0x16, 0x47, 0x19, 0x28, 0xBF, 0xDF, 0xC7,
  0xF2, 0x30, 0x9F, 0xF3, 0x1B, 0x57, 0xFC, 0x34, 0xCF, 0xF1,
  0x9D, 0xE0, 0x46, 0x35, 0x13, 0x20, 0x20, 0xEA, 0xF5, 0x24,
  0x11, 0xBB, 0xFD, 0x10, 0xC8, 0x28, 0x3C, 0x1E, 0x3D, 0xF2,
  0xE8, 0xC3, 0x26, 0x12, 0xA1, 0x3C, 0x47, 0x02, 0xF3, 0x04,
  0xC5, 0xE7, 0x81, 0xC1, 0x66, 0xFA, 0x29, 0x21, 0x22, 0xCA,
  0xC5, 0x51, 0x1C, 0xD2, 0xE0, 0x19, 0xDD, 0xFB, 0x1C, 0x36,
  0x31, 0x06, 0x24, 0xF3, 0x18, 0x1A, 0x98, 0xF6, 0x56, 0x1B,
  0xFD, 0x1D, 0xE7, 0xB8, 0x97, 0xAF, 0x14, 0xE8, 0x13, 0xF9,
  0x24, 0xDF, 0xEF, 0xF2, 0xE4, 0xC3, 0xED, 0xFC, 0x10, 0xFB,
  0xF2, 0x42, 0x26, 0x0C, 0xD8, 0x26, 0x07, 0xD9, 0xC6, 0x19,
  0x45, 0x37, 0x00, 0x1D, 0x18, 0x38, 0xC1, 0x94, 0x0B, 0x2B,
  0x06, 0x20, 0x29, 0xB5, 0x18, 0x2A, 0xE5, 0x08, 0xE4, 0x07,
  0x2D, 0x0F, 0xE2, 0x3C, 0x31, 0xF9, 0xCE, 0x26, 0xD4, 0x00,
  0xB0, 0xF8, 0x48, 0x2A, 0x17, 0x4F, 0xB5, 0x05, 0xA0, 0xC0,
  0x0C, 0x0B, 0x16, 0xEB, 0xC9, 0xD1, 0xC9, 0x1B, 0x0B, 0x09,
  0x15, 0x4E, 0xF1, 0x3E, 0x06, 0xF7, 0x3E, 0xFE, 0xDD, 0x00,
  0xFA, 0xE4, 0x8D, 0x3B, 0x56, 0x0D, 0xE8, 0x0E, 0xED, 0xA7,
  0x89, 0xBE, 0x1B, 0x00, 0x13, 0x1E, 0x28, 0xEE, 0xB2, 0x29,
  0xF3, 0x1B, 0xF9, 0xEB, 0xC4, 0xF4, 0x62, 0x14, 0x38, 0x15,
  0xFE, 0x0D, 0xF0, 0x21, 0xB9, 0xF2, 0x41, 0x23, 0xDF, 0xF2,
  0x15, 0x9F, 0xC9, 0xD1, 0x24, 0x33, 0x2E, 0x31, 0xF5, 0x95,
  0x31, 0x01, 0xFF, 0x3E, 0xF4, 0x11, 0xD3, 0x0C, 0x2A, 0x27,
  0x29, 0x13, 0x10, 0x92, 0xEA, 0x0A, 0xD9, 0x27, 0x04, 0xF9,
  0xDF, 0xD1, 0xEB, 0xE9, 0x04, 0xED, 0xFA, 0x13, 0xFF, 0x08,
  0x32, 0x09, 0x0A, 0xD8, 0x5C, 0xFE, 0x12, 0x22, 0xCA, 0xD2,
  0x43, 0xF2, 0xE9, 0xF0, 0xFD, 0xBE, 0x30, 0xF6, 0x2D, 0xEB,
  0x57, 0xBE, 0xC9, 0x00, 0xF7, 0xE2, 0xDA, 0xBE, 0x39, 0x17,
  0x2D, 0x0B, 0x03, 0xE6, 0xB1, 0xCA, 0x14, 0xE2, 0xE6, 0x18,
  0x12, 0x81, 0x14, 0x0C, 0x00, 0x30, 0x21, 0x2E, 0xE5, 0x2A,
  0x11, 0x03, 0x4A, 0xDF, 0xD8, 0x09, 0x02, 0x28, 0xF0, 0xBA,
  0x0E, 0xCA, 0xE5, 0xE8, 0x21, 0x03, 0x09, 0x76, 0xD3, 0xDF,
  0xF1, 0x13, 0x09, 0xBA, 0xEC, 0xFE, 0x2C, 0x33, 0xDA, 0x48,
  0x0F, 0x89, 0x21, 0x16, 0x1D, 0xBA, 0xE8, 0x2F, 0x10, 0xC2,
  0xEC, 0xA9, 0xE7, 0x23, 0x09, 0xDA, 0xFC, 0xCD, 0xAF, 0x0B,
  0xFC, 0xEF, 0xB1, 0xE5, 0xF5, 0xBC, 0x32, 0xC8, 0x10, 0xF1,
  0x1E, 0xC2, 0xFA, 0xF2, 0xF8, 0xF5, 0x1D, 0xFD, 0x5A, 0x2C,
  0x23, 0xFC, 0xEB, 0x8F, 0xD8, 0x45, 0x21, 0x8F, 0xF0, 0x31,
  0xE7, 0x2D, 0x1B, 0x1E, 0xCA, 0xD5, 0xFD, 0x05, 0x1C, 0x0C,
  0xF5, 0x4C, 0xF9, 0xB7, 0x02, 0x1D, 0x2D, 0xEE, 0xD0, 0xEC,
  0x3E, 0x16, 0xCD, 0x20, 0xB3, 0x11, 0x37, 0x0F, 0x4F, 0xD7,
  0x0E, 0x28, 0x02, 0x02, 0x0A, 0xF6, 0xAF, 0x59, 0x20, 0x0B,
  0xFC, 0xBC, 0xDC, 0xBF, 0xD7, 0x03, 0x1D, 0x2F, 0x2F, 0x02,
  0x3A, 0xCF, 0x04, 0xE8, 0xF3, 0xE8, 0xE2, 0xE3, 0x4C, 0x45,
  0x42, 0xFF, 0x6B, 0xE5, 0xD4, 0x26, 0xEF, 0xDA, 0xB5, 0x29,
  0x1F, 0xC9, 0x03, 0x0E, 0x88, 0xF5, 0xF1, 0x54, 0x3F, 0xF6,
  0x0B, 0xC7, 0x47, 0xFE, 0xE6, 0xD6, 0xFD, 0x17, 0xC9, 0x28,
  0x17, 0xF1, 0x27, 0x1F, 0xD1, 0x30, 0xE8, 0x1A, 0xF4, 0xBF,
  0x06, 0xD5, 0xF2, 0x8B, 0x16, 0x01, 0xC8, 0xF0, 0x25, 0x25,
  0x3F, 0x12, 0xC6, 0xBA, 0x36, 0x0C, 0x37, 0xB6, 0x12, 0x10,
  0xF8, 0xC2, 0x53, 0x07, 0xD0, 0x19, 0xEE, 0x55, 0xFF, 0xF3,
  0x0D, 0xAD, 0x05, 0xC9, 0xCC, 0xC9, 0x6E, 0x12, 0xFD, 0xB9,
  0xF8, 0xF9, 0xFF, 0xFD, 0x20, 0xF8, 0x2B, 0xF0, 0x1B, 0x93,
  0x31, 0xF0, 0xE1, 0xDA, 0x18, 0x26, 0xE7, 0xE3, 0x37, 0x08,
  0x14, 0x1C, 0x02, 0xF5, 0xEE, 0xD5, 0xCB, 0xC5, 0xDB, 0xEA,
  0xF3, 0xB9, 0x16, 0xD7, 0x33, 0x23, 0x21, 0xD1, 0x17, 0xE4,
  0x0E, 0xE0, 0x0C, 0x11, 0x05, 0x0D, 0x13, 0x20, 0x2E, 0xC1,
  0x43, 0xC3, 0x2A, 0xD1, 0xF4, 0xEE, 0x04, 0xDE, 0xAD, 0xC5,
  0xA2, 0xBF, 0xE0, 0xB6, 0xEE, 0x95, 0x14, 0x06, 0x1B, 0xA8,
  0xD9, 0xCF, 0xB3, 0xFE, 0xEB, 0x28, 0xAB, 0x07, 0xEA, 0xBB,
  0x1F, 0xA2, 0xBC, 0xD7, 0x10, 0xEC, 0x0E, 0x18, 0x0A, 0x02,
  0xE9, 0xE8, 0xDB, 0xE7, 0xE5, 0x81, 0x44, 0xE9, 0x3C, 0x51,
  0x45, 0xD2, 0x0B, 0x1A, 0xAD, 0xA8, 0xD5, 0x1A, 0xBE, 0x36,
  0x18, 0xB9, 0x3E, 0x07, 0x1C, 0x1E, 0x07, 0x1D, 0xF5, 0x57,
  0x53, 0x1C, 0xD9, 0xF6, 0x23, 0xA3, 0x14, 0xC7, 0x34, 0xF9,
  0x06, 0x29, 0x60, 0xEB, 0x44, 0x11, 0xEB, 0xFE, 0xDB, 0xEE,
  0xCB, 0xD6, 0x4C, 0xC8, 0x17, 0x59, 0x36, 0xEB, 0x12, 0xFD,
  0xC4, 0x0E, 0x92, 0x22, 0xF9, 0x12, 0x0A, 0x18, 0xCF, 0x0F,
  0x11, 0xC0, 0x33, 0x2E, 0xE3, 0xF2, 0xF0, 0xFD, 0x05, 0xB4,
  0x0B, 0x08, 0x14, 0xEC, 0x08, 0x0A, 0xD8, 0xF8, 0x2F, 0x35,
  0xFC, 0x10, 0xFC, 0x4E, 0xB1, 0x22, 0x28, 0x1D, 0x14, 0x1E,
  0xCF, 0xF0, 0xFC, 0xE9, 0xF9, 0x2A, 0xDD, 0x19, 0xD7, 0x34,
  0xE5, 0xB6, 0xF1, 0x21, 0xCD, 0xF2, 0x41, 0x2A, 0xE6, 0xEC,
  0x0D, 0x04, 0x14, 0x04, 0xEC, 0x0E, 0x81, 0xEA, 0x2C, 0x12,
  0x11, 0x19, 0x04, 0xF9, 0x07, 0x1A, 0x1C, 0x03, 0x04, 0xEE,
  0x06, 0x44, 0x12, 0x08, 0x2B, 0xFD, 0xFD, 0x09, 0xEE, 0x13,
  0xD8, 0xED, 0x1F, 0x01, 0x2A, 0xB1, 0x9F, 0xCA, 0x19, 0xFC,
  0xF2, 0x18, 0xF5, 0xED, 0xD8, 0xEB, 0x0E, 0x22, 0x0C, 0xE1,
  0xEC, 0xE6, 0x2B, 0x21, 0x29, 0x04, 0xF8, 0x5B, 0xEB, 0x46,
  0xF8, 0x0A, 0xBC, 0xF8, 0xF3, 0xCC, 0x23, 0xCC, 0xA9, 0x2C,
  0x3C, 0xFC, 0xD8, 0x10, 0xEB, 0xE3, 0x0A, 0xF7, 0xC4, 0x41,
  0xF0, 0x18, 0x11, 0xF8, 0x34, 0x11, 0x34, 0x06, 0xD2, 0x33,
  0x28, 0x2E, 0xD4, 0x55, 0xF2, 0x42, 0xC2, 0xC8, 0xD6, 0xF5,
  0x01, 0x09, 0x0B, 0xD5, 0xE7, 0x24, 0xC6, 0xE7, 0x2A, 0xF2,
  0x38, 0xF1, 0xCE, 0x10, 0x43, 0xED, 0x08, 0x05, 0x46, 0x04,
  0xC4, 0x86, 0xDC, 0x2C, 0xAB, 0x2A, 0x37, 0x17, 0x86, 0xD3,
  0xA9, 0xFA, 0x0F, 0x07, 0x2D, 0xA7, 0xE9, 0x2A, 0xF2, 0xB2,
  0x17, 0x10, 0x5B, 0xFB, 0xEA, 0xCD, 0x22, 0xEE, 0x81, 0x3B,
  0x47, 0x26, 0xB5, 0xE8, 0xB7, 0x18, 0x5E, 0x1F, 0x43, 0xF6,
  0xD7, 0x02, 0xDA, 0x4F, 0x1C, 0x23, 0x36, 0x72, 0xFA, 0x13,
  0x07, 0xE5, 0x17, 0xFE, 0xF1, 0xEC, 0xE2, 0x01, 0x18, 0xD7,
  0xEF, 0xBD, 0xED, 0x19, 0x21, 0x02, 0xE6, 0xD7, 0xB4, 0x33,
  0x04, 0xE3, 0xCB, 0x0A, 0xC2, 0x0A, 0xE6, 0x04, 0x07, 0x3F,
  0x06, 0x1A, 0xE3, 0x1F, 0xF3, 0x61, 0x04, 0x31, 0xD9, 0xD9,
  0x49, 0x0B, 0x0E, 0xFB, 0xF9, 0x18, 0xEF, 0xEE, 0xCF, 0x04,
  0x20, 0xF1, 0x20, 0xCD, 0xC8, 0x52, 0xEF, 0x0C, 0x23, 0x24,
  0xEC, 0x24, 0x0F, 0x27, 0xBB, 0xF6, 0xD4, 0x01, 0x18, 0xCE,
  0xBC, 0xE2, 0xF5, 0xFE, 0x05, 0xED, 0x09, 0xD3, 0xD2, 0x11,
  0x52, 0x0E, 0xE4, 0xE0, 0x22, 0xD6, 0x0A, 0x02, 0xB6, 0x41,
  0xE6, 0x48, 0x23, 0x5D, 0xC5, 0x14, 0x17, 0xD2, 0x1C, 0xB7,
  0x11, 0xAF, 0x36, 0x1B, 0x13, 0xDC, 0x69, 0xC6, 0x24, 0x16,
  0x55, 0xA3, 0x33, 0xAB, 0xDB, 0x1F, 0x02, 0x2D, 0xF8, 0xF5,
  0xC8, 0xE7, 0xCB, 0x40, 0xD9, 0x02, 0xF2, 0x10, 0x1C, 0x04,
  0x23, 0x2B, 0x43, 0xFF, 0xFE, 0xAE, 0x01, 0xD2, 0xE6, 0xFF,
  0x08, 0xCD, 0x03, 0xCF, 0x1E, 0xD2, 0xD7, 0x0A, 0x24, 0xF7,
  0xFB, 0x44, 0xD3, 0x60, 0x08, 0x00, 0xEE, 0x00, 0x24, 0xDA,
  0xDC, 0x02, 0xFC, 0x3B, 0xF7, 0x0D, 0x96, 0xCA, 0x04, 0xE4,
  0x13, 0xE3, 0x0A, 0x03, 0xB7, 0xFC, 0xD9, 0x32, 0x04, 0x19,
  0x38, 0x13, 0x08, 0xE4, 0xEA, 0x0C, 0xE0, 0x1C, 0xE9, 0x5F,
  0xF1, 0xBF, 0xD9, 0xDD, 0x5E, 0x81, 0x06, 0xF7, 0xD6, 0x07,
  0x04, 0x10, 0x1B, 0xF0, 0xD6, 0x10, 0x43, 0x0A, 0x31, 0x17,
  0xDF, 0xFF, 0xEB, 0x0F, 0x45, 0xE1, 0x05, 0xFB, 0xF7, 0x65,
  0x00, 0xCD, 0xF2, 0x03, 0xD7, 0x0D, 0x22, 0xEA, 0x63, 0x17,
  0xF4, 0x35, 0xED, 0x03, 0xF2, 0xDA, 0xCE, 0x02, 0x12, 0xF4,
  0xAC, 0xFB, 0x53, 0x16, 0x0C, 0x20, 0xD9, 0x00, 0xEE, 0x14,
  0x0E, 0x15, 0x04, 0xA7, 0x09, 0x30, 0xC3, 0x1D, 0x50, 0x07,
  0x44, 0x15, 0xA4, 0xFB, 0xF6, 0xDD, 0x12, 0xEE, 0xA5, 0x09,
  0x28, 0x1C, 0xF5, 0xAB, 0xD0, 0x27, 0x1D, 0x47, 0x14, 0xB2,
  0x23, 0xED, 0xE2, 0xFE, 0xDA, 0xDB, 0x02, 0x2F, 0x21, 0xE0,
  0x2B, 0xD8, 0x01, 0xF7, 0xC5, 0xCC, 0xF4, 0x2A, 0xDB, 0x2B,
  0xD9, 0x01, 0xEF, 0x39, 0x2D, 0x16, 0xC1, 0x1A, 0x5E, 0xD8,
  0x54, 0xC8, 0x2E, 0xD2, 0xCE, 0x02, 0xB0, 0x17, 0xF9, 0x2E,
  0xFB, 0x04, 0xEF, 0x09, 0xD2, 0xDA, 0xF1, 0xB8, 0x46, 0xFC,
  0xEF, 0xF5, 0xBC, 0x1C, 0xAF, 0x4C, 0xEE, 0x23, 0xBA, 0xEE,
  0x3A, 0xCC, 0x1A, 0xD1, 0x1B, 0xBF, 0xBD, 0x1C, 0x24, 0xEC,
  0x30, 0xF7, 0xC1, 0xE9, 0xD0, 0xE2, 0xE8, 0xF3, 0x00, 0x0B,
  0x2B, 0xF0, 0x06, 0xE3, 0xAB, 0x19, 0xDE, 0xF2, 0x06, 0x39,
  0x12, 0xEF, 0x44, 0x1B, 0xDE, 0xE1, 0x28, 0xD1, 0x19, 0xF3,
  0x17, 0xDA, 0x51, 0x81, 0x3B, 0xEA, 0x96, 0xDB, 0xFA, 0x32,
  0xF8, 0x65, 0x2D, 0xE7, 0x38, 0x01, 0xB6, 0xFD, 0x1E, 0xE2,
  0xE2, 0x0B, 0x5A, 0x32, 0xE4, 0x21, 0xE1, 0x35, 0xF4, 0xEF,
  0x30, 0xDA, 0x1A, 0xF7, 0xF8, 0xAF, 0x3B, 0x02, 0x07, 0xE7,
  0xCB, 0x13, 0xFB, 0xC8, 0x2E, 0x02, 0xF4, 0x1C, 0xD0, 0xD2,
  0x45, 0xD5, 0xB2, 0xDA, 0x18, 0x45, 0xBB, 0x47, 0xE8, 0x25,
  0xD1, 0x04, 0xE1, 0xF3, 0x35, 0x06, 0xE7, 0x21, 0xF5, 0x00,
  0xD5, 0x0A, 0x8B, 0x31, 0xE9, 0x38, 0x37, 0xE7, 0x17, 0xFA,
  0x2B, 0x08, 0x22, 0xDC, 0x07, 0x05, 0xD8, 0x4C, 0x02, 0xDF,
  0x2E, 0xFA, 0x35, 0xF9, 0x21, 0xDD, 0x02, 0x0E, 0xB9, 0x24,
  0xBE, 0xEE, 0x0D, 0x24, 0xB8, 0xE5, 0x1E, 0x60, 0xFA, 0x12,
  0xFC, 0xFA, 0x01, 0x04, 0xD5, 0xA2, 0xDF, 0xF2, 0xCF, 0xE7,
  0x32, 0x35, 0xFB, 0x14, 0xCC, 0x17, 0x08, 0xFE, 0xC5, 0x32,
  0xD2, 0x28, 0xE7, 0x53, 0x0E, 0x1E, 0x05, 0xC3, 0x1F, 0x48,
  0xD2, 0x0D, 0xB5, 0xF4, 0x0B, 0xBB, 0xE9, 0x93, 0x0B, 0x39,
  0x2C, 0x09, 0x2A, 0x23, 0xEB, 0x3D, 0xE1, 0x40, 0xAB, 0xEA,
  0xB6, 0xF5, 0xF1, 0xD8, 0xED, 0x0E, 0xE5, 0x16, 0xB8, 0xD2,
  0x2E, 0xF2, 0xF9, 0xDB, 0xAF, 0x06, 0x04, 0xCA, 0xE2, 0x32,
  0x0A, 0xEF, 0x04, 0x07, 0xFF, 0xF9, 0xFD, 0x21, 0xE9, 0xB8,
  0x14, 0xE2, 0x04, 0x1D, 0x27, 0xFE, 0x05, 0x19, 0xD1, 0xFD,
  0xD5, 0xFA, 0x08, 0x10, 0xEE, 0xF0, 0x0F, 0x21, 0x16, 0xB5,
  0x20, 0x31, 0x2C, 0xB3, 0x25, 0xFA, 0xDA, 0xAB, 0x17, 0x7F,
  0xBC, 0x06, 0x52, 0xB7, 0x19, 0x09, 0x25, 0x26, 0xFE, 0x2E,
  0xAF, 0x23, 0xB8, 0x2B, 0x15, 0x22, 0xF9, 0xD3, 0x20, 0x0D,
  0x6A, 0xE9, 0x18, 0x2B, 0xEC, 0xF5, 0x24, 0x0B, 0xB9, 0xD8,
  0x3B, 0x02, 0x2A, 0x33, 0x02, 0xEA, 0x20, 0x0D, 0x07, 0x0B,
  0xD8, 0x24, 0x0A, 0x27, 0xB3, 0x26, 0xE4, 0x09, 0x0E, 0xCD,
  0x4A, 0xFD, 0x33, 0x28, 0x05, 0xE4, 0x12, 0x01, 0x25, 0x21,
  0xE1, 0xF7, 0x26, 0xDA, 0xF4, 0x1D, 0xF2, 0x43, 0x23, 0xD8,
  0xFC, 0x21, 0xED, 0x3E, 0xED, 0xAD, 0x04, 0xE6, 0xEC, 0xD7,
  0x06, 0xCD, 0x13, 0xFD, 0xDF, 0x14, 0x01, 0xE2, 0xF3, 0x00,
  0xFC, 0x41, 0x28, 0x7F, 0x1B, 0xEB, 0xE8, 0xE2, 0x10, 0x30,
  0x07, 0x40, 0xF7, 0xEE, 0xDD, 0x02, 0x30, 0x24, 0x05, 0x2F,
  0xC3, 0x42, 0xF3, 0x1B, 0x03, 0x21, 0x05, 0xD2, 0xEE, 0xAE,
  0xF2, 0x11, 0xEB, 0xEE, 0x3A, 0x40, 0x05, 0xDE, 0x10, 0x03,
  0x1F, 0xFC, 0x37, 0x35, 0x15, 0xDC, 0xB7, 0x30, 0x34, 0x38,
  0x20, 0xFE, 0xDE, 0x14, 0x0F, 0xF2, 0xDA, 0x1E, 0x37, 0x14,
  0xEA, 0xE5, 0xD7, 0x19, 0x16, 0xFE, 0xD1, 0xFA, 0xFD, 0xEB,
  0xE8, 0x1E, 0xF0, 0x10, 0x02, 0xE3, 0x3E, 0xBD, 0x3B, 0x0D,
  0x19, 0x0D, 0x16, 0x24, 0x15, 0xE7, 0xE3, 0x08, 0x05, 0xCD,
  0xFD, 0x28, 0x18, 0x0B, 0xEF, 0xD8, 0xDC, 0x05, 0x0B, 0xC5,
  0x11, 0xFC, 0xDF, 0xFF, 0xFE, 0x04, 0xF9, 0x8F, 0xFE, 0xD9,
  0x18, 0xEA, 0x1D, 0x07, 0xB8, 0xF1, 0xD0, 0xE5, 0xD0, 0xFD,
  0x05, 0xAD, 0x0B, 0x11, 0xDE, 0x16, 0xD3, 0xE9, 0xDE, 0x04,
  0x0E, 0xB5, 0xE8, 0x0E, 0xD8, 0x30, 0x00, 0x0E, 0xEA, 0xB2,
  0x17, 0xD5, 0xDB, 0x01, 0xEF, 0x1E, 0xCF, 0xAE, 0x0E, 0xDD,
  0x1A, 0x02, 0x1A, 0xF6, 0xF3, 0xF2, 0xB6, 0xDB, 0xF8, 0xE3,
  0xB3, 0x32, 0xF2, 0xF5, 0x08, 0x19, 0xD2, 0x01, 0xE0, 0xDC,
  0xD4, 0xFC, 0x0C, 0xEB, 0x06, 0xB9, 0xE1, 0x1A, 0xFA, 0xD9,
  0x2D, 0x00, 0xF5, 0x18, 0x20, 0x18, 0x29, 0xB0, 0xF5, 0xC8,
  0xED, 0xE9, 0x1D, 0xF6, 0x28, 0x2E, 0x48, 0x00, 0xDB, 0xE9,
  0x27, 0xFD, 0xFB, 0xC5, 0x25, 0xFA, 0x36, 0xDA, 0xD7, 0xFD,
  0x19, 0xFA, 0xF9, 0xF6, 0xF7, 0xE0, 0x1F, 0xFA, 0x2B, 0x07,
  0x19, 0x19, 0x3F, 0xD4, 0x2D, 0xFE, 0xDA, 0x20, 0xFF, 0x37,
  0xEC, 0xF7, 0x28, 0xF4, 0x05, 0x0D, 0xFF, 0xE5, 0xE6, 0xB2,
  0xFB, 0xE9, 0xE8, 0xE8, 0xC2, 0xFA, 0x27, 0xFA, 0x00, 0x08,
  0x28, 0xFE, 0x0B, 0xFD, 0xF9, 0xB8, 0x05, 0x22, 0xB1, 0xDC,
  0x03, 0x04, 0xF5, 0x06, 0x2E, 0xEC, 0xF5, 0xF3, 0xF6, 0x0F,
  0xF9, 0xC7, 0x00, 0xF4, 0x19, 0x15, 0xE7, 0x00, 0xFA, 0xF8,
  0xDC, 0x24, 0x15, 0x22, 0x15, 0xF0, 0xE9, 0xF2, 0xE6, 0xF6,
  0xE6, 0xE1, 0x4A, 0x04, 0x07, 0xE2, 0x03, 0xF2, 0x05, 0xEB,
  0xF6, 0x37, 0x15, 0x21, 0x02, 0x02, 0x21, 0xF5, 0xFB, 0x07,
  0x1F, 0xD3, 0xFD, 0xFA, 0x53, 0x09, 0x0B, 0xF4, 0x01, 0x3F,
  0x01, 0xF6, 0xD4, 0x42, 0x1F, 0xF7, 0x27, 0xE5, 0x1F, 0xF1,
  0xDE, 0xA8, 0xFC, 0xE6, 0xF0, 0xFB, 0x12, 0x01, 0xFE, 0xE2,
  0xF1, 0x26, 0x0B, 0xD7, 0xFD, 0x08, 0x03, 0xD7, 0xFF, 0x37,
  0xF6, 0x3D, 0xC2, 0xE7, 0xDD, 0xFA, 0xF5, 0x39, 0xE9, 0xDD,
  0xE7, 0xD0, 0xF1, 0xE5, 0x2F, 0xD8, 0x07, 0xDE, 0xF7, 0x17,
  0xFF, 0xF1, 0x0C, 0x1A, 0xE3, 0xF9, 0x05, 0x1B, 0x13, 0xF2,
  0xF0, 0x1B, 0x07, 0x00, 0x18, 0xC1, 0xD3, 0xF8, 0x04, 0x28,
  0xC2, 0xEC, 0xDD, 0x0C, 0x07, 0xDA, 0x13, 0x01, 0xED, 0x0F,
  0xF0, 0x0B, 0xFC, 0xE9, 0x05, 0xFA, 0x06, 0xD8, 0xF6, 0x20,
  0x21, 0x0E, 0xFA, 0xF5, 0xFF, 0x24, 0x39, 0xEE, 0xD3, 0xD7,
  0x7F, 0x16, 0xC3, 0xFC, 0x2B, 0x0D, 0xDC, 0xED, 0x1F, 0xCC,
  0x21, 0xDA, 0x81, 0x2B, 0xDE, 0xF5, 0xF2, 0x2B, 0xC8, 0x0F,
  0xFE, 0x3A, 0xE9, 0x2E, 0xE9, 0xE3, 0x44, 0xD8, 0x3D, 0xD5,
  0x1F, 0xF6, 0x20, 0x55, 0xDB, 0x1D, 0x28, 0xE0, 0xFE, 0xB4,
  0xDD, 0xE0, 0xF4, 0x16, 0xE8, 0xEE, 0xE1, 0xFA, 0xD0, 0x1B,
  0xF7, 0xDB, 0x23, 0x00, 0xF9, 0xE0, 0xEE, 0xEE, 0xF6, 0xE3,
  0x29, 0x2B, 0xEC, 0x05, 0x24, 0x48, 0xEC, 0x07, 0x17, 0x04,
  0x22, 0xF9, 0x1B, 0x17, 0xFA, 0xED, 0xE4, 0xD1, 0xF8, 0x0C,
  0x2A, 0xF8, 0xFD, 0x13, 0x23, 0x30, 0x39, 0x06, 0x22, 0xD7,
  0xF6, 0xC7, 0x00, 0x24, 0xE1, 0xE8, 0xF5, 0xF0, 0xED, 0x00,
  0xD3, 0x12, 0x10, 0xF4, 0xD9, 0x09, 0xF8, 0xC3, 0xFF, 0x2F,
  0xA2, 0x20, 0x00, 0x0E, 0xFC, 0xF8, 0x05, 0xF7, 0x44, 0xE2,
  0x28, 0x3C, 0xD9, 0x3D, 0x3E, 0xE4, 0xF2, 0xE9, 0xCA, 0x1A,
  0xF6, 0xD1, 0x9C, 0x1B, 0xF5, 0xC9, 0xB1, 0x0F, 0xEB, 0xF3,
  0xE0, 0xA0, 0xE9, 0xC0, 0xF6, 0xF6, 0xD7, 0xE4, 0xE2, 0x0B,
  0x21, 0xD5, 0x08, 0xFB, 0xEF, 0xFD, 0xE1, 0xDE, 0xD7, 0xFF,
  0x16, 0xB9, 0xA5, 0xE7, 0xFF, 0x17, 0x34, 0xDB, 0xD8, 0x11,
  0xE3, 0x28, 0xEB, 0xE3, 0x3B, 0xD6, 0xAE, 0xD1, 0xCE, 0x2A,
  0x32, 0xF4, 0x07, 0x0F, 0x1D, 0x08, 0xF5, 0x44, 0x33, 0xF0,
  0x25, 0x0C, 0xCB, 0xE4, 0xD6, 0xA4, 0xE7, 0x0F, 0x1D, 0xEA,
  0xB4, 0x53, 0xD6, 0x0B, 0x57, 0xD3, 0x15, 0x19, 0xBC, 0xAB,
  0xCC, 0xE2, 0x3F, 0xA6, 0xD8, 0xC3, 0x13, 0xD9, 0xD8, 0x02,
  0x9D, 0x1C, 0x16, 0x08, 0xE6, 0xEF, 0x42, 0x14, 0x46, 0x00,
  0x5E, 0x07, 0x0E, 0xA3, 0x36, 0x46, 0xED, 0x2C, 0x40, 0xE1,
  0x30, 0xC8, 0xF7, 0x1A, 0xC7, 0xCA, 0xF4, 0xF1, 0x96, 0x1A,
  0x0E, 0x20, 0x0C, 0x1A, 0x46, 0x17, 0xF6, 0x39, 0x22, 0x3D,
  0x1B, 0x09, 0x7F, 0x26, 0x2D, 0xEA, 0x0F, 0x1B, 0xDB, 0x13,
  0x37, 0xBC, 0x1F, 0x65, 0xB7, 0x53, 0xC4, 0xAA, 0xF2, 0x07,
  0xCF, 0x12, 0x0A, 0xE8, 0xFE, 0x00, 0xE1, 0x09, 0xC4, 0x3B,
  0x3D, 0x32, 0xC9, 0x3B, 0x2D, 0x51, 0x47, 0xF7, 0x1C, 0xD8,
  0xE2, 0x32, 0x00, 0x8C, 0x00, 0x29, 0xC6, 0x1B, 0xBD, 0xEA,
  0xFE, 0xD4, 0xC8, 0xE1, 0x53, 0xA1, 0xD8, 0xE2, 0xB2, 0xFB,
  0xE0, 0x04, 0x21, 0x1A, 0xDA, 0x48, 0xFC, 0xF2, 0x3D, 0xF0,
  0xC5, 0x0A, 0xD7, 0x28, 0xEE, 0xDD, 0xE8, 0xD6, 0xAD, 0x13,
  0xE5, 0x01, 0xE6, 0xC1, 0xAA, 0xD4, 0x01, 0xF4, 0xA5, 0xF6,
  0xE0, 0xDF, 0x21, 0x08, 0xFA, 0x22, 0x29, 0x32, 0x47, 0xDC,
  0x1B, 0xF9, 0xDB, 0xF2, 0xF4, 0x2B, 0x18, 0xF5, 0xB1, 0x0E,
  0xDA, 0x1B, 0x1F, 0x01, 0x07, 0xB9, 0xCA, 0xFE, 0xE5, 0x18,
  0xE3, 0x04, 0x0D, 0xD4, 0x1C, 0xEC, 0xD6, 0x0E, 0x24, 0x68,
  0x77, 0x4A, 0x1E, 0x31, 0xCE, 0xED, 0xF6, 0xB3, 0x09, 0xCE,
  0xF8, 0x63, 0x58, 0x0B, 0x18, 0x21, 0x24, 0xD2, 0x1E, 0xBC,
  0x3E, 0x10, 0x5B, 0xE5, 0xC4, 0xE0, 0xD1, 0x25, 0x38, 0x05,
  0xD5, 0x56, 0x4A, 0x1D, 0x08, 0xF1, 0xCC, 0xFF, 0x06, 0x8E,
  0xEE, 0xAD, 0xDE, 0x77, 0x21, 0xEC, 0xF2, 0xED, 0x37, 0xE3,
  0x41, 0xC4, 0x24, 0x13, 0x1A, 0xF8, 0xC9, 0xFF, 0x9B, 0x16,
  0x39, 0x43, 0xCA, 0x2A, 0x1E, 0x9F, 0x19, 0xEB, 0xC6, 0x1E,
  0x49, 0xF6, 0xF8, 0x0C, 0xEC, 0xA8, 0xC3, 0x33, 0x01, 0xBC,
  0x99, 0x2A, 0x1A, 0x31, 0x03, 0x24, 0xE5, 0x23, 0xC6, 0xED,
  0x9D, 0xC8, 0xE0, 0x1A, 0xCD, 0x32, 0x1A, 0x0B, 0xF9, 0xF0,
  0xD2, 0xED, 0x3F, 0x52, 0x8A, 0x2E, 0xF4, 0x1A, 0x1E, 0x1A,
  0x32, 0x1B, 0xB9, 0x00, 0xB9, 0x26, 0xEF, 0xEA, 0xA6, 0xED,
  0x11, 0xEF, 0xC6, 0xFC, 0xB8, 0x29, 0xD6, 0x19, 0xD6, 0x11,
  0x43, 0xBB, 0xE8, 0xCA, 0xF0, 0x3D, 0xAA, 0xFB, 0x2B, 0x53,
  0x0A, 0xF7, 0xDA, 0x41, 0x00, 0xDC, 0xB2, 0x04, 0x45, 0xCE,
  0xDC, 0x09, 0x1D, 0x4F, 0x1C, 0x17, 0x0D, 0xE4, 0x35, 0xBF,
  0x28, 0xE3, 0x16, 0xEC, 0x23, 0xFF, 0xEA, 0xDB, 0x1A, 0xD3,
  0x14, 0x28, 0x19, 0xFF, 0x26, 0xE4, 0xD3, 0xB6, 0xBB, 0xEA,
  0x21, 0x0B, 0x37, 0xF9, 0x3B, 0x61, 0x15, 0xEF, 0x04, 0xDD,
  0x75, 0xC8, 0x09, 0xAB, 0xA1, 0xAF, 0xF4, 0x2D, 0xE3, 0xA0,
  0x27, 0xB7, 0xD2, 0xCE, 0xDB, 0xB1, 0x0D, 0x01, 0xDC, 0xE9,
  0xF2, 0x92, 0xC3, 0xAD, 0x2F, 0x0F, 0xE3, 0xFB, 0x01, 0xDD,
  0x1F, 0x47, 0x0B, 0x8D, 0xB6, 0xD3, 0x36, 0xC9, 0x97, 0x18,
  0xFA, 0x26, 0xDF, 0x22, 0x02, 0xE2, 0x9E, 0x3A, 0x17, 0xCC,
  0x02, 0xF5, 0x22, 0xC8, 0xCD, 0xE4, 0x24, 0xF0, 0x2B, 0x9E,
  0x23, 0x40, 0xE1, 0x30, 0x90, 0xFD, 0xF2, 0x51, 0x0E, 0xB8,
  0xD0, 0xCD, 0xD8, 0x75, 0x81, 0x23, 0x1D, 0x3A, 0x2A, 0xC6,
  0xD4, 0x25, 0xED, 0x30, 0xF3, 0x0C, 0xD0, 0xC6, 0x10, 0x51,
  0x00, 0xF6, 0xE6, 0x3A, 0xD2, 0xE7, 0x29, 0xAF, 0x19, 0x09,
  0x0F, 0x19, 0x0D, 0x1E, 0x2E, 0x3E, 0x34, 0xC5, 0x15, 0xFC,
  0x3F, 0x9E, 0xEC, 0xE9, 0xE8, 0x05, 0x81, 0xBA, 0xBD, 0xBB,
  0xE0, 0x38, 0x42, 0xDC, 0xCB, 0xF3, 0xEE, 0xFE, 0x05, 0xDD,
  0xDE, 0xDF, 0x46, 0x24, 0x05, 0x1B, 0xF5, 0x2E, 0x0C, 0xF1,
  0x1D, 0xED, 0xFA, 0xB2, 0x9E, 0x31, 0xD9, 0x1C, 0xA1, 0x1D,
  0xF1, 0xB9, 0x4E, 0xFE, 0x21, 0xF3, 0x49, 0x3B, 0xCE, 0x47,
  0xF9, 0x16, 0xF8, 0xE3, 0xDC, 0xB5, 0x38, 0x44, 0xEB, 0x1B,
  0xC3, 0x27, 0x00, 0x08, 0xD1, 0x16, 0xF5, 0xC5, 0xEC, 0x11,
  0xF3, 0x01, 0xE7, 0x9C, 0x07, 0xF1, 0x2A, 0xF5, 0x3E, 0xD5,
  0x23, 0x2E, 0xEF, 0x17, 0xF0, 0x18, 0xEA, 0x15, 0xFC, 0xDC,
  0xF4, 0xF6, 0xE4, 0xCF, 0x45, 0x61, 0x36, 0x14, 0xFF, 0xF0,
  0x26, 0xF6, 0x42, 0xC7, 0x05, 0xD1, 0xCF, 0x04, 0xFF, 0x18,
  0xEC, 0xB9, 0x29, 0xD8, 0x0C, 0xD8, 0xC1, 0xFC, 0xD9, 0x24,
  0xF0, 0xC9, 0xE9, 0x71, 0x07, 0xDB, 0x0B, 0xF3, 0x01, 0xF4,
  0xF5, 0x1E, 0x0D, 0xE7, 0xF5, 0x04, 0xDD, 0xBE, 0xFE, 0x21,
  0x02, 0xD6, 0xD5, 0x11, 0x0A, 0xF2, 0xEC, 0xD5, 0xED, 0xD1,
  0x01, 0xEB, 0x05, 0xF1, 0xEE, 0xEA, 0xF9, 0x2B, 0xFD, 0xE1,
  0x0F, 0x07, 0x60, 0xE7, 0x46, 0xF6, 0x20, 0x4A, 0x1A, 0x1B,
  0x5B, 0x54, 0x68, 0xB0, 0x24, 0xE1, 0xDB, 0xE6, 0xC5, 0x10,
  0x05, 0x45, 0xE2, 0xF0, 0xEE, 0x07, 0x3C, 0xA6, 0x15, 0x07,
  0xC7, 0xCA, 0x19, 0xD0, 0x72, 0xDE, 0x11, 0x1B, 0x20, 0xEC,
  0x46, 0xEA, 0xC1, 0x60, 0xF2, 0xD2, 0xF6, 0xC8, 0x1A, 0xF3,
  0xFB, 0x0F, 0xD2, 0x5C, 0x29, 0xFF, 0x33, 0xC9, 0xAB, 0x5D,
  0xD4, 0x21, 0x1A, 0xEF, 0xCF, 0x0F, 0x32, 0xDE, 0xFF, 0xC2,
  0xED, 0x22, 0x4A, 0xA7, 0x0F, 0xDA, 0xE1, 0xAC, 0x25, 0x05,
  0xD0, 0x14, 0x25, 0x19, 0xE3, 0x04, 0xFB, 0x14, 0x46, 0xFC,
  0xB3, 0x00, 0x27, 0x0D, 0xFD, 0x03, 0xE5, 0x04, 0x4A, 0xFF,
  0xF6, 0xF4, 0x05, 0xF1, 0xF4, 0xFA, 0x29, 0x02, 0xB8, 0xDD,
  0xFA, 0xE9, 0xDD, 0xED, 0xDD, 0x34, 0x20, 0xF7, 0xB8, 0x1E,
  0x28, 0x97, 0xDB, 0x24, 0xF2, 0xFA, 0x18, 0xD2, 0x0C, 0xC4,
  0x53, 0xE2, 0x07, 0x0B, 0x21, 0x24, 0x13, 0xB8, 0xDF, 0x48,
  0xEC, 0xD2, 0x08, 0x0E, 0x1B, 0xA7, 0xFA, 0x3B, 0xF7, 0x06,
  0x01, 0xF2, 0x45, 0xCA, 0xCF, 0x27, 0x1D, 0xF7, 0x25, 0xFA,
  0x61, 0xC6, 0x74, 0x16, 0x15, 0x0E, 0xE6, 0x15, 0x0E, 0xD5,
  0x87, 0x22, 0x1F, 0x81, 0x24, 0x04, 0xE8, 0xFF, 0x21, 0x1E,
  0xF4, 0x0C, 0xD8, 0x20, 0x31, 0xF1, 0xE1, 0xE8, 0x44, 0x11,
  0xCF, 0xCB, 0x05, 0x21, 0x34, 0xE1, 0x07, 0x03, 0x01, 0xE5,
  0xD5, 0x4A, 0x05, 0xFD, 0xD1, 0x2C, 0x18, 0xDD, 0x03, 0x04,
  0xD0, 0x21, 0x1D, 0x32, 0xC7, 0x36, 0xF7, 0xCA, 0x2B, 0xF3,
  0x01, 0xFF, 0xFF, 0xF4, 0x38, 0xD8, 0x3F, 0xB8, 0x4E, 0xFA,
  0x57, 0xF8, 0x0C, 0x28, 0xB9, 0xFC, 0xF1, 0x28, 0x1B, 0x04,
  0x43, 0x15, 0xDB, 0x16, 0xF4, 0xFF, 0xC2, 0x00, 0x11, 0x2D,
  0x06, 0xE9, 0x0C, 0x40, 0x01, 0x08, 0x57, 0x1C, 0x19, 0xEE,
  0x33, 0x17, 0xEF, 0x50, 0xD5, 0x18, 0xEE, 0xFE, 0x15, 0xCD,
  0x0C, 0x24, 0xED, 0xF0, 0x2F, 0x1B, 0xD1, 0xF7, 0x20, 0xE4,
  0xED, 0xF9, 0xFE, 0x02, 0x35, 0xC2, 0xEF, 0x15, 0x31, 0xFF,
  0x23, 0xEB, 0x24, 0xEE, 0xE3, 0x63, 0xE6, 0x02, 0xFA, 0xCA,
  0x4E, 0x01, 0xAE, 0xF6, 0xED, 0x03, 0x08, 0x2C, 0x05, 0xD4,
  0x3D, 0x81, 0xEB, 0x32, 0x10, 0xCB, 0x35, 0xD1, 0x23, 0x11,
  0x25, 0xAB, 0x20, 0x0B, 0x07, 0x05, 0xEB, 0xE5, 0x12, 0xB4,
  0x26, 0x3C, 0xB5, 0xFC, 0x04, 0xFD, 0xDB, 0x0C, 0xE5, 0xE6,
  0xBC, 0xF9, 0x04, 0x00, 0xF7, 0x0C, 0xE8, 0x13, 0x36, 0xD0,
  0xED, 0x20, 0xC3, 0xEA, 0x1C, 0xC0, 0x23, 0x15, 0xE4, 0xC9,
  0x03, 0x9C, 0x0F, 0x29, 0x07, 0xBC, 0x21, 0x28, 0x07, 0xEE,
  0xC3, 0x35, 0xD7, 0xE7, 0x32, 0x23, 0xB6, 0x28, 0xBE, 0xEF,
  0xC7, 0x94, 0x2C, 0x01, 0xCE, 0xC8, 0xEB, 0x26, 0xF6, 0x05,
  0xAD, 0x05, 0xF3, 0xF1, 0x20, 0x12, 0xD8, 0x12, 0x16, 0xED,
  0xF6, 0xBB, 0x03, 0x00, 0xDE, 0x5B, 0xD5, 0x1C, 0x02, 0xCA,
  0xA8, 0xDE, 0x04, 0xBF, 0xFA, 0x21, 0xC1, 0x05, 0xE6, 0x43,
  0xCF, 0x88, 0x19, 0x11, 0xE5, 0x19, 0x1E, 0xDD, 0xEB, 0x31,
  0xF4, 0xCD, 0x24, 0xB9, 0x1A, 0x0C, 0xFB, 0x32, 0xDE, 0xE1,
  0xF4, 0xB7, 0x38, 0x18, 0x1E, 0x25, 0xD0, 0xFA, 0x1E, 0xFA,
  0x0C, 0x22, 0x0B, 0xA6, 0x4E, 0x2B, 0xA3, 0x3F, 0x3D, 0xF2,
  0xFC, 0x23, 0xD3, 0xE4, 0x13, 0xF9, 0x26, 0xE6, 0x2D, 0xE8,
  0xD1, 0xE7, 0x9F, 0xE1, 0x42, 0xEC, 0x0B, 0x28, 0xF9, 0xA3,
  0xFB, 0xCD, 0xD8, 0x34, 0xF7, 0x12, 0x12, 0xEB, 0xCD, 0xEC,
  0xF5, 0x1C, 0xB3, 0x34, 0xFF, 0xBF, 0xDA, 0xBF, 0xF3, 0xA7,
  0xEE, 0xD8, 0x2A, 0x07, 0x17, 0xD8, 0x4F, 0xD8, 0x2F, 0x30,
  0x1C, 0xB9, 0xE1, 0x82, 0x33, 0x27, 0xF1, 0x2C, 0x11, 0xE3,
  0xBE, 0xEC, 0x25, 0x28, 0x2B, 0xE9, 0xA6, 0xFC, 0xE6, 0xDF,
  0xC4, 0xE3, 0xD0, 0xD2, 0x2D, 0xDB, 0xDF, 0xEA, 0x49, 0xF7,
  0x58, 0x27, 0xFB, 0x89, 0xD2, 0xBE, 0xF5, 0x26, 0xED, 0xE3,
  0x01, 0xD2, 0xE9, 0xF3, 0x0D, 0xF4, 0x2F, 0x01, 0xED, 0xE5,
  0x10, 0x02, 0x2D, 0xD0, 0xE7, 0xF4, 0xF3, 0xBC, 0xCE, 0x54,
  0xEC, 0x09, 0x7F, 0x29, 0x18, 0xB6, 0xC1, 0x37, 0xF3, 0xDE,
  0x34, 0xE7, 0x08, 0x34, 0xFA, 0x48, 0xF2, 0xF9, 0x30, 0x0F,
  0x1F, 0xD9, 0x31, 0xE2, 0xF8, 0x05, 0x46, 0x25, 0xEF, 0x16,
  0xE7, 0x0E, 0x26, 0x34, 0x37, 0x4B, 0x40, 0xC9, 0x30, 0x36,
  0x29, 0x1A, 0xFC, 0x1D, 0x0A, 0x5F, 0x2E, 0x0B, 0xEC, 0x1C,
  0x5B, 0x48, 0xFC, 0x15, 0x09, 0xFB, 0xC5, 0x39, 0xF1, 0xE2,
  0xCA, 0x1A, 0x0A, 0xF9, 0xE7, 0xE1, 0x1F, 0xF4, 0x3A, 0xC2,
  0xEF, 0x08, 0x0D, 0xE6, 0xEA, 0x23, 0x03, 0xEA, 0x24, 0xA0,
  0x9B, 0x01, 0x0C, 0x17, 0x31, 0xC5, 0xCA, 0x08, 0x21, 0x13,
  0xEB, 0xDC, 0xE5, 0x0E, 0xFB, 0x22, 0xC5, 0x4C, 0x3E, 0x1D,
  0xF9, 0xB3, 0x0C, 0x4C, 0xD9, 0xD2, 0x48, 0xF2, 0x0C, 0x1D,
  0xD1, 0xCB, 0xC1, 0x27, 0xF0, 0x2F, 0x25, 0xE2, 0xE5, 0xFB,
  0x05, 0x27, 0xD7, 0x2A, 0xE6, 0x10, 0x9D, 0x1B, 0x04, 0x13,
  0x41, 0xE9, 0x86, 0xE6, 0xC2, 0x3B, 0x26, 0xD5, 0xC9, 0x00,
  0x17, 0x1C, 0x07, 0xDB, 0xDA, 0x27, 0x06, 0x53, 0xE5, 0xDD,
  0xCB, 0xE5, 0x33, 0x3C, 0xF8, 0x03, 0xFF, 0x0C, 0x02, 0x44,
  0x24, 0xFC, 0x1E, 0x16, 0xFA, 0xDE, 0x0F, 0x14, 0x22, 0xDD,
  0xED, 0xED, 0xEF, 0x13, 0x20, 0xFD, 0x95, 0x5A, 0x15, 0x18,
  0x0C, 0xF5, 0xB5, 0xBC, 0x2E, 0x3E, 0x1A, 0x0D, 0x16, 0x0D,
  0x12, 0x42, 0xF6, 0x06, 0x24, 0x07, 0xA3, 0x1F, 0x33, 0x2A,
  0x16, 0xED, 0x0F, 0xF5, 0x01, 0xCC, 0x14, 0x94, 0xBA, 0xFD,
  0xE6, 0x05, 0xE0, 0xAF, 0xD1, 0x20, 0x0B, 0x1F, 0xFB, 0xE9,
  0x04, 0x2A, 0xE1, 0x16, 0x0D, 0xBE, 0xED, 0x20, 0xA1, 0xE5,
  0x2B, 0x06, 0xE3, 0xEE, 0xD8, 0x35, 0xD5, 0xF6, 0x10, 0xDA,
  0xDE, 0xD8, 0x18, 0xF6, 0x49, 0xEF, 0x57, 0x06, 0xF5, 0xFE,
  0xAC, 0xD9, 0x3D, 0x1B, 0xBF, 0x08, 0xE9, 0xE8, 0x17, 0x2D,
  0xCB, 0x03, 0x2D, 0x2D, 0xFC, 0x01, 0xD7, 0xEE, 0xE2, 0x33,
  0x18, 0x50, 0xBB, 0x1A, 0x39, 0xD8, 0xE6, 0xDE, 0x32, 0x91,
  0x33, 0x1F, 0x1B, 0x13, 0x2E, 0xFC, 0x0B, 0x0A, 0x1A, 0xD1,
  0x1D, 0x3B, 0x1D, 0x0D, 0x15, 0x42, 0x47, 0x39, 0xDF, 0xB8,
  0x25, 0x12, 0xFF, 0x2B, 0x0F, 0x27, 0xDC, 0xB3, 0x37, 0xE0,
  0x4F, 0xD1, 0xE4, 0xFA, 0x25, 0x11, 0x0A, 0x43, 0x41, 0x08,
  0x3A, 0xC2, 0x03, 0xFB, 0x22, 0x04, 0x18, 0xD6, 0xEE, 0x04,
  0xF5, 0x13, 0x43, 0xCD, 0xE3, 0x18, 0xF8, 0x2C, 0xD8, 0xDB,
  0xEC, 0x11, 0x6F, 0x01, 0xBA, 0x00, 0xE1, 0x07, 0xCE, 0x12,
  0xBE, 0x0E, 0x21, 0xC0, 0xA5, 0xF4, 0x2A, 0x9D, 0xBA, 0xD1,
  0xE0, 0xDB, 0x14, 0x00, 0x24, 0x10, 0x81, 0xF3, 0x0B, 0x17,
  0x20, 0xCD, 0xF6, 0xEC, 0xDD, 0x31, 0x49, 0xD4, 0x16, 0x44,
  0x00, 0x18, 0x50, 0xED, 0x8E, 0x4C, 0xF3, 0x2E, 0x18, 0xD7,
  0x92, 0x06, 0x08, 0x12, 0x40, 0xE0, 0x2B, 0xC5, 0x43, 0xDF,
  0x1B, 0x3A, 0xDD, 0x34, 0x03, 0x1B, 0x01, 0xE1, 0x0B, 0xE1,
  0x0D, 0xED, 0xFE, 0xF5, 0x57, 0x3C, 0xF7, 0xC5, 0x20, 0x1F,
  0xDE, 0xE1, 0xC5, 0xD0, 0xC8, 0xFB, 0xD7, 0xC3, 0x17, 0xB8,
  0x17, 0xE9, 0xD2, 0x47, 0xC7, 0xD8, 0xCF, 0xFD, 0x3A, 0x15,
  0x66, 0xF4, 0xDB, 0xB8, 0x12, 0x32, 0x21, 0xDE, 0x14, 0xD4,
  0x20, 0x00, 0xD6, 0x08, 0xF4, 0xE3, 0x23, 0x33, 0x18, 0xD5,
  0xE4, 0xF8, 0xA6, 0xFA, 0xDC, 0x12, 0x06, 0x90, 0x1C, 0x1C,
  0x50, 0x93, 0x24, 0xDB, 0xD9, 0xB0, 0x02, 0xFC, 0xE0, 0x08,
  0xD9, 0xA8, 0x46, 0xCB, 0xE2, 0x21, 0xFC, 0xD6, 0xCB, 0xD7,
  0x03, 0x18, 0x2F, 0xD5, 0xB9, 0xE6, 0x09, 0x39, 0xF5, 0x93,
  0x12, 0xCD, 0x52, 0xE0, 0x11, 0xE7, 0xA3, 0x81, 0xD4, 0xBD,
  0xC8, 0x2C, 0x9C, 0xCB, 0x24, 0xDD, 0x08, 0x03, 0x88, 0xA4,
  0xDD, 0xEB, 0xE4, 0xEB, 0xDC, 0xE1, 0xC1, 0x17, 0xBE, 0xE5,
  0x09, 0xB9, 0xFD, 0xF5, 0x0D, 0x03, 0xF7, 0xF5, 0x0E, 0xE2,
  0x38, 0x04, 0x04, 0x01, 0xFE, 0xE0, 0x56, 0x15, 0x04, 0xF4,
  0xAE, 0xD0, 0x27, 0x6F, 0xDD, 0x0A, 0xAD, 0xD1, 0x0A, 0x00,
  0xBB, 0xDE, 0xFE, 0x06, 0xD3, 0xF4, 0xBD, 0x0D, 0x09, 0xEF,
  0x54, 0xF5, 0x32, 0xF2, 0x48, 0xD5, 0xD6, 0xFC, 0x37, 0x52,
  0xE7, 0xE2, 0xC2, 0xD6, 0x18, 0x2D, 0x29, 0x06, 0xE8, 0xF0,
  0xF8, 0xC4, 0x02, 0x06, 0x0A, 0xEB, 0xE1, 0x31, 0xEE, 0xAA,
  0x53, 0x1E, 0xF6, 0x27, 0x0A, 0x21, 0xEC, 0x3B, 0xE6, 0xEC,
  0x3D, 0x12, 0x16, 0xD5, 0xED, 0xE3, 0x30, 0x14, 0x11, 0xEE,
  0x64, 0x07, 0xDF, 0xCF, 0x56, 0xCC, 0x37, 0x18, 0x1D, 0xC5,
  0xDF, 0xCE, 0x11, 0xC2, 0x28, 0xCA, 0x9F, 0xF7, 0x9C, 0xFF,
  0x1A, 0x91, 0x17, 0x06, 0xFE, 0xE8, 0xE9, 0x01, 0x4F, 0xC6,
  0x0B, 0x28, 0xD3, 0x1C, 0x0E, 0xC6, 0x0A, 0x16, 0x05, 0x37,
  0xCA, 0xE2, 0xD2, 0x2C, 0xF0, 0xD6, 0x07, 0xEB, 0xA9, 0xE6,
  0xF1, 0x15, 0x20, 0xD7, 0xDE, 0x0B, 0xFF, 0xBB, 0xE4, 0xEA,
  0x10, 0xD7, 0x0F, 0x59, 0xCA, 0xCA, 0x06, 0xF1, 0x1A, 0x45,
  0xFB, 0xBF, 0x1F, 0x21, 0xEA, 0x24, 0xAE, 0x1B, 0x10, 0xC6,
  0x0F, 0x16, 0x2A, 0xF2, 0x0A, 0x54, 0xDF, 0xE0, 0xEF, 0xDB,
  0x19, 0xE1, 0xF5, 0xBC, 0xED, 0x1D, 0xB0, 0x05, 0x0D, 0x04,
  0x22, 0x10, 0x43, 0xA7, 0xF0, 0x10, 0xEC, 0x0E, 0x06, 0x3D,
  0xDD, 0x1C, 0x55, 0xCF, 0x10, 0xF5, 0xAE, 0x24, 0xD0, 0xED,
  0xAE, 0x4C, 0xF2, 0x1D, 0xD1, 0x49, 0xD6, 0xF3, 0xEB, 0xFE,
  0xDD, 0x13, 0x36, 0x02, 0xDF, 0x0F, 0xD9, 0x57, 0x03, 0xEF,
  0x5A, 0x39, 0xA9, 0xDB, 0x70, 0xDD, 0xF8, 0xEA, 0xCE, 0xE2,
  0x17, 0xF7, 0x2D, 0x36, 0x37, 0x0D, 0xDD, 0x28, 0xED, 0xC4,
  0xFA, 0x09, 0xE4, 0xFE, 0x56, 0xA9, 0x26, 0xFA, 0x0D, 0x01,
  0x2B, 0xD6, 0xE2, 0x03, 0xF0, 0x03, 0xD5, 0xD5, 0xCD, 0x0B,
  0x24, 0xB6, 0x5E, 0xB1, 0x37, 0x0D, 0xEA, 0x0A, 0x2B, 0xF5,
  0xC7, 0x09, 0x02, 0x34, 0x0D, 0x02, 0x3F, 0x7F, 0xE8, 0x53,
  0xCD, 0x0F, 0xE1, 0x43, 0x11, 0x17, 0xF3, 0x02, 0x0E, 0x0A,
  0x10, 0xEC, 0xF8, 0xEE, 0x1F, 0x33, 0xD7, 0xF7, 0xE5, 0x12,
  0xEA, 0x18, 0x2F, 0x10, 0x1A, 0xBB, 0x05, 0xDB, 0x25, 0x01,
  0xEE, 0x0A, 0x18, 0xFD, 0xDA, 0x07, 0xEB, 0x13, 0x1A, 0x22,
  0xE0, 0xEA, 0xF7, 0xA3, 0xF9, 0xFE, 0xF0, 0x2E, 0x14, 0xCD,
  0x25, 0x0D, 0x0E, 0x29, 0x1A, 0x13, 0xE1, 0xCE, 0xDE, 0x06,
  0xF6, 0x04, 0x0A, 0xE2, 0x6A, 0x00, 0xE9, 0x4C, 0x2D, 0xD1,
  0x02, 0xDE, 0xE1, 0x03, 0xFC, 0xDA, 0xF8, 0x33, 0x22, 0x05,
  0x1A, 0x18, 0xD6, 0x03, 0xC8, 0xF5, 0xFC, 0xF4, 0xE7, 0x81,
  0x11, 0xE7, 0x13, 0xD0, 0x1E, 0x31, 0x32, 0x18, 0xCA, 0x0C,
  0x19, 0xD7, 0x10, 0xB3, 0x1F, 0x0C, 0xE5, 0xFC, 0xF5, 0x27,
  0x04, 0x03, 0x01, 0x15, 0x28, 0xD6, 0xF0, 0x07, 0x2B, 0xFF,
  0xE5, 0xC1, 0x01, 0xF9, 0xE0, 0xE3, 0xC8, 0x03, 0x35, 0x10,
  0x1D, 0x1D, 0xCE, 0x0F, 0x30, 0x17, 0x2F, 0xB7, 0x0B, 0xE9,
  0xC9, 0xF7, 0x09, 0x04, 0xBB, 0xFF, 0xE6, 0xFA, 0x03, 0x27,
  0xF7, 0xC1, 0x95, 0x40, 0x0B, 0xCF, 0xEF, 0xAE, 0xA7, 0xA8,
  0x1F, 0x33, 0xDD, 0x12, 0x1B, 0x09, 0x0E, 0x19, 0x17, 0x37,
  0x07, 0xDC, 0xBE, 0x9F, 0x07, 0xEA, 0x05, 0x0F, 0xE9, 0xD3,
  0x13, 0xFB, 0x32, 0xF0, 0x36, 0x0B, 0x18, 0xC1, 0x63, 0xF1,
  0xD2, 0xF6, 0x06, 0x51, 0xE3, 0x61, 0x22, 0x00, 0x21, 0x1B,
  0x0E, 0x0E, 0x00, 0x3D, 0xD0, 0x36, 0xFA, 0x28, 0x1A, 0x21,
  0xD4, 0xF0, 0xFD, 0x0B, 0x19, 0xE4, 0x17, 0xED, 0xE4, 0xF1,
  0x41, 0x2B, 0x10, 0x07, 0x12, 0x24, 0x16, 0x0F, 0x31, 0xD2,
  0x21, 0xDF, 0xD0, 0x0E, 0x33, 0x25, 0xBE, 0xBA, 0xF3, 0x03,
  0xF4, 0xDE, 0x26, 0xE7, 0x42, 0xDD, 0x4B, 0xCA, 0xF3, 0xC0,
  0xC1, 0x00, 0xF4, 0x14, 0xD5, 0x1A, 0x32, 0x1D, 0xE8, 0x2B,
  0x1A, 0xDF, 0x4E, 0xD8, 0xF3, 0x2A, 0x22, 0x18, 0x02, 0xD1,
  0x19, 0xD4, 0xEA, 0x20, 0x0C, 0xAA, 0xF8, 0xE6, 0x67, 0xE9,
  0xE4, 0xB1, 0xD4, 0xDF, 0xE9, 0x3E, 0xCE, 0x5B, 0x0D, 0x34,
  0x46, 0x0B, 0x07, 0xFB, 0xFD, 0xDE, 0x37, 0x1C, 0xEA, 0xFC,
  0x12, 0xDB, 0x1C, 0xF4, 0xDE, 0xEE, 0x2A, 0xB4, 0xF3, 0xEF,
  0x60, 0x11, 0xDA, 0xF1, 0x06, 0xBD, 0xDB, 0x49, 0x10, 0x54,
  0x1C, 0x57, 0x04, 0xCC, 0x1B, 0xEE, 0xDF, 0xCF, 0x65, 0x1F,
  0xFB, 0x31, 0x06, 0x06, 0x46, 0x35, 0xDE, 0xD2, 0xF8, 0x33,
  0xDA, 0x23, 0x23, 0xEF, 0x0E, 0xF1, 0x0D, 0x0F, 0xDE, 0x16,
  0xEA, 0x58, 0x05, 0x45, 0xE8, 0xFF, 0x1A, 0xDA, 0x23, 0xE3,
  0x51, 0x0F, 0xE1, 0x34, 0x1E, 0x06, 0x1D, 0x2C, 0x04, 0xD6,
  0xFE, 0xED, 0x27, 0x0D, 0x24, 0xEE, 0x08, 0xF3, 0x97, 0x1D,
  0xEB, 0x0A, 0xCC, 0x31, 0x69, 0xD6, 0x7F, 0xDD, 0xF8, 0xEB,
  0x3E, 0xC2, 0x08, 0x00, 0x11, 0xFE, 0xE5, 0x14, 0xB9, 0x4F,
  0x08, 0xF5, 0xF7, 0xF1, 0xF8, 0xF0, 0x40, 0x0B, 0xF0, 0x09,
  0xD8, 0x3D, 0xBC, 0xE7, 0xFD, 0x27, 0x1C, 0xD4, 0x50, 0xFC,
  0x05, 0xEA, 0x18, 0xED, 0xE6, 0x0E, 0x09, 0x44, 0xCD, 0xF4,
  0x9F, 0x17, 0x47, 0x19, 0xFE, 0x12, 0xF6, 0xDA, 0x06, 0x2F,
  0xE5, 0xB9, 0x0F, 0x39, 0x92, 0x11, 0x04, 0x25, 0x34, 0x08,
  0xC5, 0x26, 0xF2, 0x21, 0x3D, 0x31, 0x0A, 0xFD, 0xE7, 0xF8,
  0x3E, 0x10, 0x1F, 0x0F, 0x04, 0x14, 0xE3, 0x0D, 0xC7, 0xE7,
  0x51, 0x22, 0xD3, 0xD1, 0xD5, 0x1F, 0xF4, 0x1C, 0xC3, 0xF5,
  0xF6, 0x18, 0x05, 0x06, 0x48, 0x07, 0x49, 0xBB, 0xE1, 0x20,
  0xB3, 0x31, 0xFD, 0x33, 0x40, 0xBC, 0x21, 0x67, 0x02, 0xB9,
  0x2C, 0xC5, 0x16, 0xE8, 0xDD, 0xF5, 0x4F, 0x14, 0xFA, 0xD4,
  0xDA, 0xF3, 0xE9, 0x3A, 0x30, 0x12, 0x3A, 0x24, 0x39, 0x1D,
  0x01, 0xEA, 0xC6, 0x15, 0x3C, 0x05, 0xF8, 0x94, 0x01, 0x29,
  0x46, 0xEE, 0xFB, 0xE4, 0x3C, 0xD6, 0xC0, 0xC5, 0x2E, 0xFD,
  0x21, 0x17, 0xBF, 0x14, 0x20, 0xD9, 0x26, 0x00, 0xA8, 0x0E,
  0x56, 0x12, 0xF7, 0xB8, 0xC9, 0xEF, 0x9D, 0xFD, 0x0E, 0xC4,
  0x2F, 0x19, 0x06, 0xA0, 0xC0, 0xFC, 0x50, 0xA9, 0x01, 0xEF,
  0x2D, 0xE3, 0x28, 0xE0, 0xB5, 0x25, 0x3B, 0x17, 0xDB, 0xF5,
  0x11, 0x15, 0x2A, 0x8D, 0x02, 0xE3, 0xE3, 0x0D, 0xAF, 0x3D,
  0x3A, 0xDD, 0xEE, 0x16, 0x31, 0x81, 0xE7, 0xD8, 0x14, 0xF1,
  0xC2, 0x3B, 0x5E, 0xE0, 0x28, 0xA7, 0xE8, 0xD9, 0xF8, 0x7D,
  0x29, 0x21, 0x3F, 0x1E, 0xFD, 0xCB, 0x06, 0x03, 0x9A, 0x4C,
  0xEC, 0xDB, 0x1C, 0xC6, 0xBB, 0x15, 0x3A, 0x03, 0x3D, 0xC3,
  0x13, 0x09, 0x98, 0xF9, 0x1E, 0x02, 0x0A, 0xED, 0xCA, 0x0A,
  0xE8, 0xDE, 0x18, 0xFE, 0xD9, 0x12, 0x33, 0x0F, 0xEC, 0xFC,
  0xC9, 0x5E, 0x0E, 0x95, 0x1A, 0xF8, 0x07, 0x0F, 0x26, 0x08,
  0x35, 0xEE, 0x02, 0x18, 0x02, 0x13, 0x55, 0xEB, 0x2E, 0xF7,
  0xD2, 0x15, 0x13, 0xE0, 0xE9, 0xFC, 0x31, 0xF7, 0xD1, 0x17,
  0xD0, 0x3F, 0xFF, 0xF7, 0x2D, 0xE6, 0xF7, 0x22, 0xF7, 0x1A,
  0xF3, 0xFB, 0x08, 0xE4, 0x22, 0x2A, 0x22, 0xF1, 0xF9, 0xA3,
  0x1C, 0xD3, 0xF7, 0x33, 0xFD, 0xF4, 0xC1, 0x36, 0x05, 0xD8,
  0xEE, 0xD7, 0x10, 0x4C, 0x1D, 0x0A, 0x0C, 0xEA, 0x1B, 0x0A,
  0xDB, 0xF9, 0x13, 0xD9, 0x1E, 0x06, 0x33, 0x2D, 0xE8, 0x0B,
  0xFD, 0xDC, 0xFE, 0x1A, 0x37, 0x39, 0x0B, 0x24, 0x15, 0xE5,
  0x04, 0xF8, 0xCC, 0x12, 0x24, 0x10, 0x2A, 0xE8, 0xD6, 0x18,
  0xF8, 0x02, 0xDD, 0xD9, 0x15, 0xE0, 0x2D, 0x3A, 0x00, 0x3A,
  0xFF, 0x0D, 0xF3, 0xC0, 0x1D, 0x14, 0x08, 0x0B, 0x10, 0xF7,
  0xEA, 0xF9, 0xD7, 0xDF, 0xA5, 0x1B, 0xE0, 0x19, 0x1B, 0x0E,
  0x08, 0xC5, 0x19, 0x35, 0xF2, 0xD4, 0xBC, 0xBD, 0x16, 0x23,
  0x1B, 0x52, 0xCE, 0xCB, 0xE8, 0xD4, 0x2A, 0xFC, 0xDF, 0x08,
  0xED, 0xFF, 0x81, 0x41, 0xF8, 0xEE, 0xE5, 0x0B, 0xBC, 0x17,
  0xF6, 0x46, 0x01, 0xD2, 0x20, 0xE9, 0xD4, 0xFF, 0xDA, 0xD7,
  0x0A, 0xF5, 0x03, 0x1A, 0xD2, 0xAE, 0xDC, 0xE2, 0x22, 0xF1,
  0xE5, 0xFA, 0xFD, 0xCB, 0xDE, 0x0B, 0x05, 0xF3, 0x03, 0x22,
  0xDD, 0x20, 0x32, 0x26, 0x12, 0x0E, 0xF5, 0x0A, 0xC7, 0xF6,
  0xFF, 0xFC, 0x23, 0xF9, 0x3F, 0xEB, 0xE9, 0xE1, 0xDB, 0xD6,
  0x5E, 0x12, 0xD0, 0x15, 0xB5, 0xFB, 0xBC, 0xDE, 0x17, 0xED,
  0xF5, 0xFB, 0xF5, 0x28, 0x03, 0x35, 0x27, 0xDA, 0x1B, 0x14,
  0xEB, 0x05, 0x1B, 0x03, 0x0E, 0x0B, 0x1F, 0xFA, 0x1E, 0xC4,
  0xF3, 0xC5, 0x1F, 0x06, 0xC3, 0x2E, 0xE9, 0xDD, 0x29, 0x00,
  0x27, 0xF2, 0x0A, 0xD4, 0x1B, 0x2D, 0xDB, 0xB9, 0xEC, 0x1D,
  0x21, 0xFE, 0x13, 0x24, 0xE7, 0xFB, 0x14, 0x0D, 0x06, 0x05,
  0x14, 0x1C, 0x00, 0xF4, 0xFE, 0xD0, 0xED, 0xFE, 0xFA, 0x21,
  0x2D, 0xFE, 0x1C, 0xEA, 0x03, 0xE0, 0xF1, 0x1A, 0x09, 0x81,
  0xEA, 0x27, 0x1B, 0x02, 0xCA, 0x0A, 0x12, 0xDE, 0xFD, 0xD7,
  0x08, 0xE8, 0xDE, 0x3C, 0x03, 0xE1, 0x01, 0x09, 0xDF, 0x0F,
  0x19, 0x01, 0xF6, 0xDA, 0x0C, 0xFB, 0xD1, 0xCF, 0xFD, 0x06,
  0xF7, 0x90, 0xEC, 0x11, 0xF1, 0x2D, 0xDE, 0x0A, 0xF1, 0xD0,
  0xF8, 0x33, 0xFE, 0xFE, 0xDD, 0x09, 0x08, 0xDF, 0xF0, 0xF5,
  0x02, 0x16, 0x30, 0x01, 0x06, 0x14, 0xF7, 0x24, 0xE9, 0x0D,
  0x01, 0x28, 0xD2, 0xBF, 0xEB, 0x05, 0xEC, 0x10, 0xF8, 0x00,
  0xCF, 0xA0, 0xFF, 0x01, 0xEE, 0xF6, 0xF0, 0xFB, 0x0E, 0xBC,
  0xE1, 0xE3, 0xA8, 0x05, 0x10, 0x1D, 0x1A, 0x08, 0x1A, 0x01,
  0xF5, 0xC8, 0x1B, 0x1A, 0xEA, 0xCE, 0xC7, 0x2B, 0x30, 0xFE,
  0xC5, 0x16, 0xF4, 0xA6, 0x0E, 0xFD, 0x22, 0xE5, 0xE4, 0xE5,
  0x0A, 0xE4, 0xE7, 0xE3, 0xC9, 0xE0, 0x21, 0x17, 0x15, 0xDF,
  0x22, 0xC5, 0xF6, 0x00, 0x33, 0x26, 0x2F, 0xAE, 0xC6, 0xF3,
  0x04, 0x3C, 0xFA, 0xF9, 0x07, 0x16, 0xCB, 0xFF, 0xF4, 0xEB,
  0xF2, 0xF1, 0x05, 0xFD, 0xE5, 0xFC, 0xCE, 0x07, 0x3F, 0x11,
  0xD8, 0xE7, 0x00, 0xE7, 0xE1, 0x19, 0x07, 0x2B, 0x13, 0x01,
  0xEF, 0x41, 0x1C, 0x18, 0xFB, 0x0E, 0xEF, 0x07, 0x0B, 0x1A,
  0x15, 0x35, 0x0E, 0xE2, 0x3E, 0xF9, 0x27, 0xDF, 0x1B, 0xE7,
  0x3F, 0x35, 0xC3, 0x53, 0xDD, 0x1E, 0x2D, 0x22, 0x44, 0x27,
  0x37, 0x08, 0x8A, 0x32, 0xE6, 0x19, 0xFC, 0x27, 0xD5, 0xFD,
  0xDC, 0xBB, 0xEE, 0xF6, 0xE5, 0x0D, 0x09, 0x05, 0x1E, 0x07,
  0x20, 0x14, 0x0A, 0xE8, 0xAD, 0xD1, 0xF1, 0xD4, 0xE2, 0x24,
  0x26, 0xBC, 0xF4, 0x4F, 0x23, 0x05, 0x03, 0x68, 0xF9, 0xF8,
  0xD1, 0xD9, 0x0F, 0x27, 0xE3, 0xCE, 0xFB, 0xDA, 0x23, 0xDE,
  0xFF, 0x0E, 0xE9, 0xF5, 0xA5, 0x2B, 0xDA, 0xF4, 0x25, 0xD2,
  0x0B, 0xD7, 0x1F, 0xF1, 0x14, 0x06, 0x42, 0xF9, 0x16, 0x36,
  0xED, 0xC7, 0x2E, 0xD4, 0x47, 0x02, 0xFD, 0xBE, 0x10, 0xD8,
  0xC5, 0x04, 0x03, 0x27, 0xCA, 0xD1, 0xF6, 0x44, 0x3B, 0xC1,
  0xFA, 0xE6, 0xD9, 0xE5, 0xC1, 0xED, 0x19, 0xCA, 0x17, 0xD3,
  0x13, 0xFB, 0xE5, 0xDF, 0x5E, 0xBF, 0xDA, 0xDE, 0x04, 0x90,
  0x10, 0xC2, 0x90, 0x12, 0x1C, 0x16, 0x3F, 0x8F, 0x3B, 0xD9,
  0x42, 0xA5, 0xF0, 0xC4, 0xC1, 0xA7, 0xFE, 0xE6, 0xE0, 0x02,
  0x18, 0x03, 0x01, 0xE2, 0xE8, 0xCA, 0xEA, 0xE5, 0xC2, 0xD4,
  0xFB, 0xA9, 0x0C, 0xFC, 0xAD, 0x09, 0xFC, 0xDA, 0x29, 0x81,
  0xD5, 0xCE, 0x19, 0x03, 0xFA, 0xC0, 0xA2, 0xC7, 0x09, 0xCB,
  0xE4, 0x20, 0x34, 0x08, 0x29, 0xDF, 0x18, 0xD0, 0x16, 0xEF,
  0xEA, 0x23, 0x97, 0xD7, 0x1D, 0x44, 0x07, 0x19, 0x11, 0x0E,
  0x2E, 0xCF, 0xD6, 0xD4, 0x0C, 0xFC, 0xBA, 0xD5, 0xE1, 0x1B,
  0x06, 0xC2, 0xE3, 0x16, 0x08, 0xBB, 0x27, 0x2A, 0xE9, 0xE0,
  0x0A, 0xDC, 0x3B, 0x2A, 0xC9, 0xD4, 0xED, 0x52, 0xF8, 0x1B,
  0xED, 0xA2, 0xFD, 0xD1, 0xEF, 0xCF, 0x2A, 0xF2, 0xD9, 0xEC,
  0x24, 0xFD, 0xF6, 0x0C, 0xFA, 0x1D, 0x39, 0x13, 0x2B, 0xF9,
  0x29, 0x17, 0x30, 0xF9, 0x0E, 0x24, 0xF5, 0x0B, 0x00, 0xCA,
  0xD8, 0x2F, 0xD4, 0xF4, 0x36, 0x15, 0xF5, 0x18, 0xF1, 0xEE,
  0x1C, 0x04, 0xB7, 0x09, 0x2F, 0xDE, 0xD9, 0xEB, 0x24, 0x23,
  0x53, 0xF1, 0x36, 0xDC, 0x12, 0xFD, 0xB7, 0x66, 0x00, 0xD3,
  0xD1, 0xEA, 0xEC, 0x05, 0xF7, 0xF0, 0x29, 0x0A, 0x2A, 0x3A,
  0xBB, 0xDD, 0x0A, 0x0B, 0xCB, 0x2D, 0xF1, 0x01, 0xEE, 0xE3,
  0xDE, 0x19, 0xEA, 0xF6, 0x46, 0xEB, 0xFD, 0x0A, 0xA5, 0x1E,
  0xE1, 0xCE, 0x1E, 0xEF, 0xF8, 0xC7, 0x31, 0xD1, 0x01, 0x01,
  0x5A, 0xEE, 0x40, 0xBF, 0x2F, 0xE5, 0xCC, 0x0E, 0xEF, 0xC5,
  0x08, 0xE0, 0xD2, 0xD8, 0xF7, 0xE9, 0x08, 0xF9, 0xCF, 0xE8,
  0xFC, 0xEC, 0xD8, 0xDE, 0x13, 0xFE, 0x0F, 0xB9, 0xE6, 0x0D,
  0xF0, 0xE5, 0xF6, 0xE5, 0x7F, 0xBA, 0x3C, 0xDA, 0xF1, 0x04,
  0xD0, 0xE7, 0x06, 0x1A, 0xDF, 0xC4, 0xBE, 0xEE, 0xE3, 0x11,
  0xFD, 0x40, 0x4C, 0xE3, 0xE4, 0x06, 0xE9, 0x02, 0xF2, 0xFD,
  0xA7, 0x2C, 0xDF, 0x16, 0xE7, 0x30, 0x22, 0xEC, 0xD4, 0xB8,
  0x1C, 0xE0, 0xDE, 0x17, 0x13, 0x22, 0xE7, 0x1A, 0x06, 0x15,
  0xC1, 0x0F, 0x11, 0x5F, 0xFF, 0xFC, 0xE2, 0xDA, 0x2C, 0xDD,
  0xEF, 0x0D, 0xC7, 0x30, 0xF5, 0x0A, 0x0F, 0x31, 0xB5, 0xF1,
  0x17, 0xEC, 0x2D, 0xD3, 0x1B, 0x00, 0xD9, 0x17, 0x10, 0x36,
  0x0C, 0xE8, 0xFA, 0x32, 0xF2, 0x25, 0xCC, 0x46, 0x18, 0xDE,
  0x34, 0xEC, 0xF4, 0x01, 0xEE, 0xD6, 0xDB, 0xF5, 0xEF, 0x20,
  0x4F, 0xF9, 0x18, 0xDF, 0xE5, 0x19, 0xCA, 0xF2, 0x13, 0xD0,
  0xC3, 0xD1, 0xF0, 0xBF, 0x06, 0x39, 0xFE, 0x23, 0x4E, 0x12,
  0xD9, 0xE7, 0x08, 0x1B, 0x1B, 0x1A, 0x9E, 0xCF, 0xD3, 0xFD,
  0xFF, 0x00, 0x14, 0xF9, 0x1E, 0xE1, 0xDA, 0xDD, 0xCE, 0xD9,
  0x00, 0xD2, 0xDF, 0x11, 0x6B, 0xE9, 0xA7, 0x7F, 0x11, 0x29,
  0x17, 0x00, 0x51, 0xFD, 0xA2, 0x1E, 0x17, 0x00, 0xF8, 0xF9,
  0x09, 0x21, 0xF1, 0x1C, 0xE9, 0x35, 0xDD, 0xEC, 0xDC, 0xAA,
  0x29, 0xE6, 0xBE, 0x32, 0x25, 0x1F, 0x1B, 0x05, 0x20, 0x64,
  0x39, 0xEF, 0xD3, 0x48, 0x38, 0xCE, 0xC7, 0x0D, 0xE7, 0xF8,
  0xF7, 0x2E, 0xF5, 0x13, 0x04, 0xFC, 0x0A, 0x37, 0xD9, 0xDF,
  0xE3, 0xC1, 0x18, 0xAC, 0xB5, 0x54, 0xE6, 0x32, 0xEA, 0x01,
  0x2F, 0x6E, 0x16, 0xCE, 0xAE, 0x45, 0x1B, 0xF3, 0xC6, 0x4C,
  0xFD, 0x23, 0x31, 0x10, 0xB9, 0xE9, 0x49, 0xEA, 0x03, 0xF2,
  0x02, 0xE0, 0xCB, 0xDB, 0xE0, 0x01, 0x15, 0x04, 0xD3, 0x12,
  0xE0, 0xC1, 0xD9, 0x44, 0xA2, 0xE8, 0xFD, 0xEE, 0xD2, 0xB0,
  0x94, 0x05, 0xAB, 0x09, 0x1A, 0xEB, 0xCE, 0xDF, 0x24, 0x28,
  0xE6, 0xDA, 0x4F, 0xBA, 0xE8, 0x05, 0xEE, 0xFA, 0x12, 0x3F,
  0xFB, 0x4A, 0x0D, 0x12, 0xC3, 0x58, 0xC3, 0x39, 0x24, 0x11,
  0x0F, 0xAC, 0xD4, 0x2A, 0x95, 0xB6, 0x05, 0xB1, 0xF3, 0x32,
  0x32, 0x74, 0x48, 0xE0, 0xF0, 0xCB, 0xC9, 0x44, 0x44, 0x06,
  0xE8, 0x31, 0xF8, 0x69, 0x10, 0x06, 0x34, 0x6A, 0xEC, 0xDD,
  0xD9, 0x27, 0xDE, 0xD5, 0x25, 0x53, 0xD4, 0xFD, 0x08, 0x3D,
  0xD4, 0x10, 0x15, 0x09, 0x17, 0xFE, 0x0F, 0x37, 0x2B, 0x3D,
  0x09, 0x0C, 0x3F, 0xFF, 0x00, 0x11, 0xB3, 0xAB, 0x50, 0x0D,
  0xA3, 0xEB, 0xD8, 0xA7, 0xF4, 0xD6, 0x22, 0x0C, 0x53, 0xEB,
  0x0D, 0x22, 0x09, 0x2F, 0x22, 0x16, 0x06, 0xEB, 0xCD, 0x2C,
  0x18, 0x20, 0x06, 0x19, 0x15, 0x15, 0xFC, 0x6F, 0x81, 0xD6,
  0x3C, 0xE5, 0xDB, 0xDE, 0xD6, 0xD4, 0x0A, 0xE1, 0x24, 0x10,
  0xF2, 0xF2, 0x2A, 0x12, 0xE3, 0x19, 0xEF, 0x29, 0x0F, 0xD4,
  0xF4, 0x12, 0x08, 0xF2, 0xFB, 0xF5, 0x0C, 0x0F, 0xE2, 0x22,
  0xF1, 0x01, 0xEA, 0xBB, 0xF1, 0xD8, 0x00, 0xCA, 0xBF, 0x1F,
  0xD2, 0xC5, 0x36, 0x03, 0x0E, 0xF6, 0x13, 0xCC, 0xF3, 0x61,
  0xFD, 0x12, 0x0A, 0x3C, 0x21, 0x16, 0xD8, 0xD9, 0x0F, 0x2F,
  0xFF, 0xD4, 0xE5, 0xE8, 0xC6, 0xC9, 0xD8, 0x08, 0x10, 0xE1,
  0xF1, 0x26, 0x0A, 0xBA, 0x2B, 0x13, 0x31, 0xE6, 0xE7, 0x04,
  0xF6, 0xC2, 0x17, 0x02, 0xF5, 0x77, 0x23, 0x21, 0xFC, 0x22,
  0x20, 0x40, 0x12, 0xA5, 0xFB, 0xA4, 0xF6, 0xF1, 0x11, 0xE7,
  0xF5, 0xF3, 0x17, 0x07, 0x1D, 0xD2, 0x42, 0x1C, 0x14, 0x3A,
  0xF4, 0xFF, 0xE3, 0xA1, 0x29, 0x44, 0xBB, 0x2C, 0x0E, 0x02,
  0x07, 0x3D, 0xE3, 0x26, 0x27, 0xBD, 0x03, 0xAA, 0xE7, 0x06,
  0x41, 0xDD, 0xE4, 0xBF, 0xF8, 0xD9, 0x12, 0xD5, 0x06, 0x1A,
  0xFD, 0x35, 0x31, 0x10, 0xD5, 0x22, 0x19, 0x05, 0xC1, 0x08,
  0x0B, 0x17, 0x38, 0xE2, 0xBA, 0x28, 0x3B, 0x13, 0xC1, 0xE7,
  0x27, 0xC1, 0x21, 0xF5, 0x12, 0x0C, 0xEF, 0xDA, 0x1B, 0xE6,
  0x09, 0x2B, 0x14, 0x2B, 0x2A, 0xD2, 0x4E, 0x0F, 0xE1, 0x57,
  0xB9, 0x11, 0x06, 0xDF, 0x03, 0xFA, 0xCD, 0xF0, 0x50, 0x12,
  0xEB, 0xF2, 0xD6, 0xA8, 0xD7, 0x22, 0xD7, 0x14, 0xB0, 0xF4,
  0x16, 0xCA, 0xFD, 0xEE, 0x07, 0x1C, 0xF4, 0xE8, 0x06, 0xDA,
  0xF8, 0x0A, 0xC8, 0x59, 0x15, 0x07, 0xDC, 0x2F, 0xE5, 0xDC,
  0xFD, 0x29, 0xE1, 0xED, 0x28, 0xDC, 0xE8, 0x0C, 0x00, 0x2D,
  0xE3, 0xF8, 0xBE, 0x22, 0x0B, 0x2D, 0xEE, 0xCB, 0x39, 0x31,
  0x00, 0xE9, 0xCC, 0x23, 0x19, 0x1E, 0x33, 0x1D, 0x16, 0x13,
  0x10, 0x1E, 0xD4, 0x1F, 0xD1, 0xD5, 0x0A, 0x01, 0x0F, 0xCF,
  0x0E, 0xE8, 0x83, 0xFD, 0xBD, 0x19, 0x2D, 0xF5, 0xEC, 0xD8,
  0x1A, 0x69, 0xF4, 0xE5, 0xBF, 0xE0, 0x24, 0x16, 0x0B, 0x10,
  0x72, 0xBA, 0x18, 0xCD, 0xF9, 0xFB, 0x47, 0xF0, 0x1C, 0x23,
  0x31, 0xF9, 0x3C, 0xEF, 0xBC, 0x0D, 0x1C, 0xFD, 0x0B, 0x0A,
  0x34, 0xE9, 0x2C, 0x1B, 0x04, 0x1E, 0xE1, 0xE9, 0x4E, 0xD7,
  0x01, 0xB2, 0xF0, 0xB3, 0x18, 0xF1, 0x16, 0x28, 0x53, 0xE5,
  0xD7, 0x05, 0xFB, 0xBB, 0x2E, 0x11, 0xC2, 0x3E, 0xFC, 0x00,
  0xD9, 0xDA, 0x6A, 0x3C, 0xCA, 0x02, 0xDA, 0xC3, 0xEF, 0x58,
  0xF8, 0xCE, 0xE3, 0xD4, 0x2E, 0xE5, 0x02, 0xFA, 0x56, 0xF0,
  0xEE, 0x29, 0x0F, 0xDD, 0xBA, 0x37, 0x2C, 0xE8, 0xE6, 0x1C,
  0x12, 0xFE, 0x2C, 0xEF, 0x32, 0xE4, 0xFC, 0xB1, 0x1F, 0xDE,
  0x36, 0x32, 0xEA, 0x17, 0xE2, 0xDD, 0x09, 0xCD, 0xFA, 0x22,
  0xE7, 0x3B, 0xA8, 0xD7, 0x07, 0xF1, 0xD7, 0xFF, 0xEB, 0x23,
  0x2E, 0xCF, 0x81, 0x1C, 0xE6, 0xF4, 0xCD, 0x37, 0x2D, 0xCA,
  0xF8, 0x18, 0x0D, 0xF4, 0x38, 0xE8, 0xF8, 0xF2, 0x39, 0x02,
  0x1A, 0xEE, 0xE1, 0x4B, 0xD7, 0xE2, 0xE6, 0xEB, 0x06, 0x03,
  0xD3, 0x3E, 0xDD, 0xF2, 0xE9, 0x01, 0x03, 0xD0, 0x27, 0x1A,
  0x11, 0xF4, 0x08, 0x2C, 0x11, 0x0A, 0x22, 0x17, 0x03, 0xF8,
  0x01, 0xDA, 0xF1, 0xE9, 0xF3, 0xD5, 0xEF, 0x1B, 0x1A, 0x06,
  0x08, 0xE8, 0x21, 0x3E, 0xF7, 0x1F, 0xFA, 0x03, 0xFE, 0xE4,
  0x18, 0x2B, 0xEB, 0xCE, 0xDF, 0x19, 0x10, 0x38, 0x0F, 0xE1,
  0x0C, 0xDC, 0xE0, 0xE2, 0xFF, 0xFC, 0x01, 0x31, 0xDA, 0xDB,
  0x07, 0xF5, 0xE8, 0x05, 0x1C, 0x1D, 0x28, 0x0F, 0xE1, 0xEC,
  0xC7, 0x0D, 0x30, 0x1A, 0xE0, 0xF6, 0xE6, 0x1A, 0x05, 0x22,
  0xAC, 0x19, 0xBF, 0xEB, 0x04, 0x16, 0xD9, 0xC4, 0xD1, 0xE6,
  0xE0, 0xCB, 0xFE, 0xFF, 0xE2, 0xF5, 0xF6, 0x09, 0x2A, 0x06,
  0xF2, 0x06, 0xF9, 0xEB, 0xE1, 0x11, 0x18, 0xEB, 0xFD, 0xEB,
  0xBB, 0xC5, 0xCE, 0x14, 0x16, 0xD4, 0xCB, 0xE3, 0x0B, 0xE6,
  0xBA, 0xEE, 0xE2, 0xF9, 0xDE, 0xE4, 0xE9, 0xE1, 0xFC, 0xF1,
  0x2C, 0xD5, 0xED, 0x1B, 0xCF, 0x01, 0x2D, 0x06, 0xFB, 0xBB,
  0xCE, 0xE3, 0xCA, 0xAD, 0xD8, 0x01, 0x3D, 0xE4, 0xB6, 0xF4,
  0xEC, 0x00, 0xEC, 0xE2, 0xFE, 0xC6, 0xFB, 0xE5, 0xE0, 0xFC,
  0x2D, 0xE0, 0x3A, 0xD1, 0x27, 0xEB, 0xED, 0x1E, 0xDC, 0x46,
  0xF7, 0x12, 0xED, 0xD1, 0xE9, 0xBF, 0xE8, 0x0D, 0x38, 0x0B,
  0xD1, 0x29, 0xE7, 0x10, 0xF5, 0xCC, 0x44, 0xF8, 0x23, 0xCA,
  0xF1, 0xCE, 0x43, 0xDB, 0x14, 0x03, 0xEE, 0xEA, 0xD1, 0xEA,
  0x81, 0x2A, 0xE8, 0x10, 0xFE, 0xF5, 0xF9, 0x0D, 0x0E, 0x1F,
  0xF5, 0x07, 0x10, 0x00, 0xBD, 0x25, 0x1F, 0xE9, 0x10, 0x29,
  0xAC, 0xF8, 0xE7, 0x1F, 0xEB, 0x1F, 0x23, 0x05, 0x13, 0xD6,
  0x11, 0x23, 0x1F, 0x26, 0xF5, 0x16, 0xE9, 0x01, 0xF8, 0x1F,
  0x2D, 0xF3, 0xCC, 0x01, 0x40, 0x17, 0xD7, 0x3C, 0x2A, 0x26,
  0x11, 0xE5, 0xB5, 0xCD, 0xF9, 0x0D, 0xCA, 0x42, 0x18, 0xF9,
  0x05, 0x0A, 0xE6, 0xFF, 0x3C, 0xE7, 0x03, 0xE7, 0x0D, 0xEB,
  0x2B, 0x21, 0xA7, 0xE7, 0x02, 0x04, 0x22, 0xF0, 0x00, 0xFC,
  0xD3, 0xE8, 0xF2, 0xEA, 0xB5, 0x0E, 0x1E, 0xE5, 0x13, 0x19,
  0x39, 0x1E, 0xF6, 0x1E, 0x22, 0x03, 0x15, 0x12, 0xD1, 0xF6,
  0x14, 0x1D, 0x0B, 0xF7, 0xCF, 0x11, 0x33, 0xD0, 0x32, 0x14,
  0xED, 0x18, 0xAC, 0xF6, 0xBE, 0x19, 0x05, 0xDE, 0x38, 0xFD,
  0x4E, 0xD6, 0x1E, 0x29, 0xB9, 0x03, 0x2C, 0x08, 0xB6, 0x4F,
  0x1F, 0x48, 0xC5, 0xFE, 0x9B, 0x0C, 0xF9, 0x1D, 0x4E, 0xFD,
  0xCD, 0x23, 0x15, 0xF4, 0x05, 0xEB, 0xDE, 0xB4, 0xC8, 0xF4,
  0x17, 0xE4, 0xEB, 0x04, 0x27, 0xE2, 0x81, 0x8A, 0xD7, 0x0B,
  0xC2, 0x3B, 0x37, 0x40, 0x9A, 0xC4, 0xA0, 0xFD, 0x16, 0x0F,
  0x21, 0x42, 0xD7, 0x00, 0xEF, 0xCB, 0x18, 0x31, 0x2D, 0xC3,
  0x07, 0xFB, 0x07, 0xFE, 0x98, 0x2D, 0x14, 0xCF, 0xB8, 0xAF,
  0xCE, 0x1B, 0x0E, 0x26, 0xEA, 0xED, 0xE2, 0x05, 0xCE, 0x11,
  0x08, 0xDD, 0x0C, 0x2A, 0x14, 0xCC, 0xE7, 0x36, 0x00, 0x02,
  0xFD, 0xCA, 0x16, 0xDB, 0x05, 0xE2, 0xDF, 0x2E, 0xE7, 0xCF,
  0xE8, 0x17, 0xAA, 0xE2, 0x41, 0xFE, 0x20, 0xD8, 0x28, 0xF4,
  0x0F, 0xDB, 0x14, 0x01, 0xE4, 0x1B, 0xD5, 0xEC, 0xCE, 0xC0,
  0x15, 0x20, 0x1F, 0xF1, 0x0A, 0xD1, 0xEF, 0xE7, 0xF9, 0xED,
  0x4E, 0x32, 0x0D, 0xFA, 0x15, 0xFB, 0x31, 0xDD, 0xE4, 0xDF,
  0x32, 0xD5, 0xC7, 0x15, 0xE6, 0xF2, 0xBB, 0x19, 0x03, 0x21,
  0xCE, 0xE4, 0x25, 0xE2, 0x19, 0x09, 0x10, 0xFC, 0x03, 0x11,
  0xDD, 0x04, 0x4B, 0xFE, 0x13, 0xE9, 0xF8, 0xF1, 0x01, 0xDE,
  0xD0, 0xFA, 0xFF, 0x1F, 0xD7, 0x24, 0xEB, 0xE5, 0xEE, 0x35,
  0x0B, 0xE7, 0xB0, 0xD9, 0xEA, 0x45, 0x1C, 0x0D, 0x19, 0x10,
  0x17, 0x1D, 0x14, 0x26, 0x0C, 0xDC, 0x1C, 0x26, 0x04, 0x1C,
  0xF6, 0xD4, 0x05, 0xFD, 0x59, 0x0B, 0xBD, 0x25, 0xF0, 0xE7,
  0x43, 0x07, 0xE2, 0xF4, 0xE3, 0xCD, 0xB8, 0x42, 0xFC, 0x19,
  0xEF, 0x0C, 0xFB, 0xCB, 0x03, 0xFB, 0x42, 0x1F, 0xEF, 0x22,
  0x38, 0x17, 0x2B, 0xBE, 0xEE, 0xE9, 0x3C, 0x48, 0xC7, 0x21,
  0xBC, 0xA9, 0xE9, 0xED, 0xC3, 0x81, 0xE6, 0xE8, 0x89, 0xEB,
  0xD9, 0xFE, 0x0D, 0xF8, 0x00, 0xC1, 0xEC, 0xF0, 0x1A, 0x19,
  0xDA, 0x05, 0x02, 0xA8, 0x06, 0x9F, 0xBB, 0xC5, 0x3C, 0xDF,
  0xE3, 0x23, 0xE8, 0xF7, 0xC4, 0x05, 0xCC, 0x0E, 0x0C, 0x12,
  0xE3, 0xF1, 0x1C, 0x33, 0xEE, 0xE3, 0x3B, 0xDA, 0xF9, 0x1B,
  0xF8, 0xF3, 0xF2, 0x25, 0x3F, 0xDE, 0xF2, 0xBE, 0xF6, 0x11,
  0x43, 0x1F, 0xC3, 0xE7, 0x47, 0xE4, 0x11, 0x1B, 0xBE, 0x2C,
  0x04, 0x05, 0xEE, 0xEE, 0x1C, 0xFD, 0xE8, 0x07, 0x41, 0xD8,
  0x0B, 0x1D, 0x08, 0xFD, 0x14, 0x27, 0x19, 0xC3, 0x2A, 0x1D,
  0xFF, 0x03, 0x57, 0xF8, 0x62, 0xEB, 0xFF, 0xFF, 0x04, 0x00,
  0x00, 0x00, 0x00, 0x01, 0x00, 0x00, 0xB7, 0x19, 0x00, 0x00,
  0x1F, 0x0C, 0x00, 0x00, 0x23, 0xF1, 0xFF, 0xFF, 0x28, 0xBD,
  0xFF, 0xFF, 0x99, 0x03, 0x00, 0x00, 0x8A, 0xF3, 0xFF, 0xFF,
  0x6B, 0x08, 0x00, 0x00, 0xEB, 0xE4, 0xFF, 0xFF, 0xC2, 0xED,
  0xFF, 0xFF, 0x3E, 0xFB, 0xFF, 0xFF, 0x23, 0x14, 0x00, 0x00,
  0xE9, 0xDF, 0xFF, 0xFF, 0x1F, 0xB9, 0xFF, 0xFF, 0x0B, 0x36,
  0x00, 0x00, 0xC8, 0xFC, 0xFF, 0xFF, 0x79, 0xE9, 0xFF, 0xFF,
  0xF7, 0x28, 0x00, 0x00, 0xB1, 0x08, 0x00, 0x00, 0x92, 0x02,
  0x00, 0x00, 0xA4, 0xF9, 0xFF, 0xFF, 0x5A, 0x01, 0x00, 0x00,
  0xE8, 0xF6, 0xFF, 0xFF, 0xA4, 0x16, 0x00, 0x00, 0x66, 0x03,
  0x00, 0x00, 0x28, 0x13, 0x00, 0x00, 0xC9, 0xEA, 0xFF, 0xFF,
  0x4C, 0xE9, 0xFF, 0xFF, 0x63, 0x14, 0x00, 0x00, 0x7C, 0x03,
  0x00, 0x00, 0xB5, 0xFA, 0xFF, 0xFF, 0x40, 0xFF, 0xFF, 0xFF,
  0xA0, 0x05, 0x00, 0x00, 0x76, 0xF9, 0xFF, 0xFF, 0x89, 0xF7,
  0xFF, 0xFF, 0x35, 0x0D, 0x00, 0x00, 0x59, 0xF6, 0xFF, 0xFF,
  0xB7, 0xEE, 0xFF, 0xFF, 0x13, 0xED, 0xFF, 0xFF, 0xC9, 0xED,
  0xFF, 0xFF, 0xBB, 0x01, 0x00, 0x00, 0x0C, 0x01, 0x00, 0x00,
  0x89, 0x08, 0x00, 0x00, 0xA0, 0xE1, 0xFF, 0xFF, 0xF7, 0x07,
  0x00, 0x00, 0x1B, 0xF4, 0xFF, 0xFF, 0x1E, 0xDC, 0xFF, 0xFF,
  0x0F, 0x0B, 0x00, 0x00, 0x0A, 0xCC, 0xFF, 0xFF, 0x73, 0xDD,
  0xFF, 0xFF, 0x47, 0x31, 0x00, 0x00, 0x04, 0xF3, 0xFF, 0xFF,
  0x98, 0x04, 0x00, 0x00, 0x7B, 0xCC, 0xFF, 0xFF, 0xE6, 0x01,
  0x00, 0x00, 0x8A, 0x00, 0x00, 0x00, 0x98, 0x14, 0x00, 0x00,
  0x63, 0x42, 0x00, 0x00, 0x38, 0x00, 0x00, 0x00, 0x93, 0x01,
  0x00, 0x00, 0xCF, 0xDF, 0xFF, 0xFF, 0x43, 0xF0, 0xFF, 0xFF,
  0xAA, 0x0E, 0x00, 0x00, 0xE0, 0x01, 0x00, 0x00, 0xB2, 0x0B,
  0x00, 0x00, 0x6E, 0xEC, 0xFF, 0xFF, 0x04, 0x00, 0x00, 0x00,
  0x00, 0x10, 0x00, 0x00, 0x0D, 0xDB, 0xB7, 0xFD, 0x0C, 0xF2,
  0x0D, 0x0E, 0xFE, 0xE8, 0xE0, 0xC9, 0xD7, 0x0E, 0xF6, 0xE6,
  0xD3, 0x07, 0x1D, 0x00, 0xBC, 0xE5, 0x10, 0xFA, 0x00, 0x08,
  0x0C, 0xEF, 0x27, 0x21, 0x05, 0x0C, 0x02, 0x20, 0x0F, 0x07,
  0xE8, 0x1B, 0xF3, 0x02, 0xEC, 0xF2, 0xDA, 0x28, 0x1B, 0xD1,
  0x1E, 0xFD, 0xD0, 0x07, 0x1C, 0xDC, 0xDA, 0xDF, 0xEE, 0xF0,
  0x0B, 0x0C, 0x04, 0xC2, 0x20, 0x0B, 0x22, 0xC5, 0x0B, 0xEC,
  0xAF, 0xF8, 0xFF, 0x10, 0x27, 0xFF, 0xFE, 0xF7, 0xDC, 0xDD,
  0xEC, 0xFD, 0x04, 0xF1, 0xD3, 0xFC, 0x4C, 0x0C, 0xD0, 0xFD,
  0xFD, 0xFE, 0x17, 0x14, 0x17, 0xE6, 0x0E, 0x1F, 0x1D, 0x14,
  0x12, 0x19, 0x09, 0x14, 0xE4, 0x15, 0xF8, 0x20, 0xDC, 0x12,
  0xE5, 0x19, 0x09, 0xF0, 0x2C, 0xFD, 0xFB, 0xFE, 0x23, 0xDA,
  0xE6, 0xC9, 0xED, 0xDF, 0x06, 0x00, 0x11, 0xD1, 0x10, 0x12,
  0x17, 0xDF, 0xFD, 0xD1, 0xFC, 0x28, 0x1C, 0x03, 0x2B, 0x06,
  0x01, 0xF2, 0x1A, 0x00, 0xED, 0x03, 0xF3, 0xF7, 0x0D, 0xEF,
  0x1E, 0xF2, 0x1D, 0xF5, 0x0E, 0xFE, 0x08, 0x0D, 0x09, 0xFB,
  0xFD, 0x14, 0x09, 0xFA, 0xF7, 0x15, 0x29, 0x0E, 0xFA, 0xE2,
  0x16, 0x02, 0x24, 0x23, 0x05, 0x01, 0x11, 0x14, 0x09, 0xE4,
  0x0A, 0x0D, 0xFB, 0x0E, 0xF9, 0x07, 0xFF, 0xFA, 0x0C, 0x03,
  0x15, 0x03, 0xF9, 0x01, 0xF0, 0x08, 0xF2, 0xDC, 0x14, 0xD9,
  0x01, 0xDD, 0x1A, 0xEF, 0x0B, 0xF7, 0xF2, 0xC6, 0x0A, 0x11,
  0x07, 0xFA, 0xF4, 0xF6, 0x04, 0x02, 0xCA, 0x03, 0x08, 0x15,
  0x00, 0xED, 0xFF, 0x13, 0xF7, 0x2B, 0x0A, 0x17, 0xE6, 0xF8,
  0x0C, 0xDB, 0x09, 0x06, 0xD0, 0xFD, 0xDE, 0x07, 0xFD, 0x1B,
  0xFF, 0xDD, 0xEE, 0x02, 0xE9, 0x0E, 0x0F, 0xFF, 0xDC, 0x0D,
  0xC8, 0x17, 0xF9, 0xF9, 0xE8, 0x06, 0x1F, 0x22, 0x03, 0xCA,
  0x06, 0x1F, 0x06, 0xF4, 0x0B, 0xF3, 0x0A, 0x04, 0x02, 0x0E,
  0x1D, 0x05, 0x10, 0x03, 0xFB, 0x1C, 0x10, 0xFC, 0xF5, 0xEB,
  0x1F, 0x0D, 0x07, 0xFD, 0x11, 0x09, 0xF4, 0xF1, 0xED, 0x04,
  0xE5, 0x18, 0x01, 0xE4, 0x18, 0xFA, 0x08, 0x0E, 0x0A, 0xCE,
  0x21, 0x27, 0x03, 0xDC, 0xDA, 0xF8, 0xDF, 0x07, 0x0D, 0x08,
  0xEB, 0xFC, 0x1E, 0x0B, 0x04, 0x07, 0x17, 0x0B, 0xF1, 0xF6,
  0xF4, 0xF3, 0xE6, 0x16, 0x11, 0x16, 0x0E, 0xDC, 0x0C, 0x05,
  0xFC, 0x96, 0xBF, 0xAB, 0x09, 0xBB, 0x0F, 0x0C, 0xBA, 0x0B,
  0x0B, 0x11, 0x04, 0xC8, 0xCD, 0xDA, 0x03, 0xAC, 0x16, 0xE7,
  0xCB, 0x18, 0xC5, 0xD0, 0xC4, 0xFF, 0xF6, 0xCA, 0x35, 0xE5,
  0x01, 0xCF, 0xCA, 0xE4, 0xE8, 0xDD, 0x0C, 0xBD, 0xD3, 0xF5,
  0xF2, 0xBB, 0xC0, 0x11, 0xCF, 0x0A, 0x1B, 0x0D, 0xF8, 0x0B,
  0x07, 0xBA, 0xDE, 0xF0, 0xAF, 0x00, 0xB4, 0xE5, 0xFB, 0x23,
  0x0D, 0xDB, 0xFF, 0xDD, 0x04, 0x10, 0xF5, 0x11, 0x13, 0x2F,
  0x13, 0x12, 0xF3, 0xF1, 0x0D, 0xFD, 0xD5, 0xEE, 0x22, 0xFE,
  0x0B, 0x05, 0x0F, 0x0A, 0xF7, 0x04, 0xED, 0xEE, 0xE1, 0x00,
  0x0C, 0xDA, 0x0C, 0xE8, 0x01, 0x1B, 0x14, 0xD4, 0x13, 0x12,
  0xF7, 0xC8, 0xC8, 0xE7, 0xE1, 0x13, 0x19, 0x05, 0xDD, 0xFE,
  0x21, 0x01, 0x00, 0x01, 0x0C, 0xFA, 0xED, 0x02, 0xE7, 0xD4,
  0xE2, 0x0C, 0xFE, 0xF2, 0x1C, 0x10, 0xFD, 0x13, 0xEF, 0x0E,
  0x32, 0x14, 0x06, 0x1D, 0x11, 0x0A, 0x25, 0xFC, 0x00, 0x15,
  0xC2, 0x22, 0xF2, 0xEA, 0x1A, 0x2E, 0x0A, 0xBC, 0x10, 0x11,
  0x31, 0xFB, 0x2E, 0x17, 0x12, 0x0F, 0xE4, 0x03, 0x20, 0x15,
  0x21, 0x2F, 0x07, 0xD7, 0x03, 0x3E, 0xE8, 0x06, 0x0B, 0xFD,
  0x1B, 0x07, 0x25, 0x22, 0x00, 0x08, 0x04, 0x12, 0x0E, 0x27,
  0x11, 0x24, 0x18, 0xE9, 0x37, 0x11, 0xFE, 0x16, 0x07, 0xC1,
  0x16, 0xC5, 0x19, 0x81, 0xA5, 0xA4, 0x05, 0x8D, 0x06, 0x04,
  0x88, 0x0D, 0x12, 0xF9, 0x14, 0xC5, 0xA7, 0xD0, 0x05, 0x8F,
  0x19, 0xC9, 0x90, 0x20, 0x9E, 0xA3, 0x98, 0x09, 0x01, 0xA4,
  0x30, 0xBC, 0xEA, 0xB2, 0xA7, 0xA8, 0xC0, 0xE0, 0x11, 0xA4,
  0xBE, 0xE3, 0xD0, 0xBD, 0x90, 0x0F, 0xBA, 0xFF, 0x07, 0x07,
  0xEF, 0x13, 0x1C, 0x86, 0xDE, 0xF4, 0x9B, 0x04, 0x95, 0xB5,
  0x03, 0xF3, 0xED, 0x00, 0x03, 0x0B, 0x0A, 0xBB, 0xFD, 0xCC,
  0x0D, 0xFD, 0xF2, 0x05, 0xF7, 0xEF, 0x14, 0xFC, 0xB1, 0x27,
  0xE4, 0xB9, 0x06, 0xF4, 0x12, 0xCB, 0xE7, 0xFD, 0x07, 0xB9,
  0x05, 0x0A, 0x0A, 0xF0, 0xF3, 0x1B, 0xDD, 0xCA, 0x01, 0xFC,
  0x04, 0xD8, 0xCC, 0xEE, 0x0E, 0x00, 0x08, 0xDA, 0xF5, 0x0E,
  0xDE, 0x0D, 0x17, 0x09, 0x03, 0x0A, 0x05, 0x0B, 0x07, 0xF9,
  0xE5, 0xCF, 0x22, 0x1A, 0xD2, 0xE8, 0x18, 0xE9, 0x00, 0x06,
  0x01, 0xDB, 0x14, 0xF7, 0xEF, 0x06, 0x01, 0x02, 0x18, 0xE2,
  0xEF, 0x07, 0xDC, 0x02, 0x07, 0x05, 0x09, 0x0E, 0xF8, 0xDD,
  0x16, 0x08, 0xFE, 0x0A, 0x03, 0xD3, 0xDF, 0x10, 0xF6, 0xD5,
  0x09, 0xF1, 0xF9, 0x0A, 0xEF, 0x24, 0x0B, 0xF1, 0x1F, 0xF4,
  0xE9, 0xED, 0x01, 0xF9, 0xE7, 0x13, 0xEF, 0x16, 0xDD, 0x03,
  0x08, 0xF9, 0xE2, 0x15, 0x02, 0x35, 0xEE, 0xF1, 0x0B, 0x1C,
  0xEA, 0x02, 0x1D, 0xEB, 0xEB, 0xD7, 0xF8, 0xC3, 0xFD, 0xFE,
  0xEA, 0x19, 0xD6, 0x10, 0x0B, 0x28, 0x06, 0x10, 0x07, 0xDA,
  0x17, 0xE4, 0xEC, 0xE7, 0xFA, 0xE2, 0xFE, 0xD8, 0xE3, 0x05,
  0x0A, 0x03, 0xF6, 0x05, 0x16, 0xEF, 0x01, 0xF1, 0x00, 0xEB,
  0xEB, 0xF4, 0x11, 0x0F, 0xF7, 0xE4, 0x02, 0x04, 0x05, 0x03,
  0x00, 0xE8, 0x2E, 0xF2, 0xFD, 0xE6, 0xF2, 0xF5, 0xF7, 0xEB,
  0xFD, 0x0A, 0xFC, 0x07, 0xF8, 0xF7, 0xEA, 0x14, 0xE1, 0xD8,
  0x02, 0xE4, 0x10, 0xFC, 0x07, 0x0E, 0x0E, 0xF1, 0x1A, 0x0C,
  0xD9, 0x1B, 0xF7, 0xDB, 0x01, 0xFA, 0xFF, 0xD2, 0xFA, 0xFB,
  0x0A, 0xCA, 0x00, 0x05, 0x14, 0x10, 0xD0, 0x0E, 0x13, 0xD9,
  0x12, 0x03, 0x07, 0xC9, 0xF0, 0xFB, 0x07, 0x15, 0xE2, 0xF1,
  0xED, 0x05, 0xF5, 0x12, 0x0C, 0x09, 0xFC, 0x08, 0x07, 0x04,
  0x09, 0xF3, 0xF0, 0xCC, 0x1B, 0x06, 0x20, 0x19, 0x0A, 0x05,
  0xE9, 0x06, 0xD0, 0x14, 0xFF, 0x0A, 0x23, 0x1F, 0xF8, 0xEF,
  0x00, 0xF9, 0x14, 0xFA, 0xFA, 0xF2, 0x2F, 0xF4, 0x07, 0x10,
  0xF1, 0x18, 0x04, 0xEB, 0x10, 0x0A, 0x0D, 0x05, 0x14, 0xEE,
  0xF2, 0xFB, 0x0A, 0x05, 0x01, 0xF3, 0x1A, 0xFA, 0x0B, 0xF6,
  0xFF, 0xF8, 0xFD, 0x1C, 0x21, 0xE2, 0x03, 0xFC, 0x0C, 0x0A,
  0x1A, 0x0D, 0x01, 0x10, 0x11, 0x06, 0x0C, 0xFA, 0xFA, 0x18,
  0x06, 0x27, 0x07, 0xFD, 0xE9, 0xF6, 0xDA, 0xF6, 0x0E, 0x07,
  0x26, 0x1C, 0xFF, 0x01, 0xFC, 0xFC, 0x0E, 0x05, 0xF6, 0x02,
  0x05, 0x04, 0x0F, 0xFD, 0xE3, 0x10, 0x02, 0xEE, 0x03, 0xF2,
  0xFF, 0x10, 0x0E, 0xF5, 0xCA, 0x0F, 0x12, 0xF8, 0xF5, 0xF5,
  0x13, 0xED, 0x13, 0xFA, 0xFB, 0x0E, 0x04, 0x15, 0x20, 0xFA,
  0xF6, 0xFD, 0x1A, 0xFF, 0x19, 0xFE, 0xE0, 0x12, 0xFF, 0x08,
  0xF8, 0xE5, 0x0E, 0x0C, 0xFF, 0x23, 0x00, 0x0F, 0xD0, 0x08,
  0xF8, 0x09, 0x01, 0xFA, 0x0F, 0x0F, 0x07, 0xDD, 0x03, 0x05,
  0xED, 0xEA, 0x03, 0x01, 0x17, 0x01, 0xD6, 0xF6, 0xC4, 0x14,
  0x0C, 0xDC, 0x04, 0xE7, 0xFC, 0xD3, 0x04, 0x16, 0xE2, 0x0C,
  0x03, 0x0F, 0x10, 0x12, 0x09, 0xF2, 0xFF, 0xFB, 0x11, 0x17,
  0x2C, 0xFB, 0x09, 0xC7, 0x13, 0x0C, 0x0F, 0x03, 0x10, 0xEA,
  0xCE, 0x03, 0x09, 0xFD, 0x09, 0x04, 0x0F, 0x0B, 0x01, 0x0B,
  0x03, 0xFB, 0xEE, 0x0F, 0xDC, 0x04, 0x0D, 0x10, 0x0B, 0x09,
  0x05, 0x0B, 0x05, 0xF1, 0x07, 0x0A, 0xF3, 0x17, 0xF0, 0xE6,
  0xFE, 0x17, 0xFF, 0xEA, 0x0B, 0xFC, 0x0A, 0xF4, 0xFA, 0x03,
  0x0D, 0x1C, 0xDD, 0xFE, 0x09, 0xFE, 0x11, 0x0B, 0x13, 0xD9,
  0x0E, 0x1C, 0xFE, 0x08, 0x0B, 0xFD, 0x0F, 0x0C, 0x16, 0x06,
  0x14, 0x0A, 0x02, 0x01, 0x06, 0x16, 0x09, 0x0B, 0xFB, 0xD7,
  0x29, 0x0F, 0x08, 0x1D, 0x12, 0xC1, 0x22, 0xCA, 0x20, 0x81,
  0xA8, 0x87, 0x04, 0x93, 0x07, 0x08, 0x8F, 0x13, 0x18, 0x0C,
  0x0E, 0xBD, 0xAB, 0xCF, 0xFD, 0xA2, 0x20, 0xD2, 0x98, 0x16,
  0x8D, 0xB3, 0xAC, 0xFC, 0x00, 0xB7, 0x3C, 0xD6, 0xE7, 0xBA,
  0xC1, 0xAD, 0xD6, 0xCB, 0xF4, 0xA7, 0xCC, 0xE2, 0xC3, 0xCC,
  0x84, 0x13, 0xBF, 0xF9, 0xF7, 0x09, 0xF7, 0x05, 0x1C, 0x86,
  0xE5, 0xEB, 0x92, 0xF7, 0x90, 0xC7, 0x01, 0x01, 0x03, 0xF9,
  0xFD, 0xF0, 0x1F, 0x03, 0x05, 0x14, 0xF1, 0x0D, 0x02, 0xF8,
  0x17, 0x02, 0xE5, 0xF5, 0x30, 0x07, 0x0C, 0x20, 0x0B, 0x01,
  0xF4, 0x0C, 0x1E, 0xFA, 0x0E, 0x0F, 0xF1, 0x10, 0x05, 0x02,
  0x09, 0x0A, 0x07, 0x10, 0xFA, 0x14, 0xF1, 0x21, 0xFF, 0x02,
  0x11, 0xFB, 0x13, 0x1D, 0x02, 0xFD, 0x0D, 0xF6, 0xEC, 0x0B,
  0x0E, 0xF8, 0x06, 0x05, 0xFE, 0xFE, 0x1B, 0x23, 0x0E, 0xF0,
  0x0E, 0xF5, 0x06, 0xEE, 0xDF, 0xF9, 0xEB, 0x11, 0x09, 0x14,
  0xF7, 0x0E, 0x0E, 0xF8, 0x04, 0x0D, 0xF2, 0xF6, 0xEE, 0xF3,
  0x0B, 0x00, 0xE5, 0x06, 0xED, 0x0B, 0x0F, 0xE5, 0xF9, 0x02,
  0xF5, 0xF0, 0xFD, 0xFE, 0x03, 0x08, 0xFC, 0xFD, 0x06, 0x0C,
  0xFF, 0xF9, 0x10, 0x0B, 0xEC, 0x0E, 0x27, 0xF8, 0x14, 0xD3,
  0x0F, 0x06, 0x21, 0xF6, 0x01, 0xD0, 0x0C, 0xF3, 0x0D, 0x00,
  0x11, 0xF9, 0xFF, 0x0A, 0xC6, 0x10, 0x0B, 0xEF, 0x1B, 0xFC,
  0x11, 0xED, 0xE2, 0x07, 0x0A, 0xE6, 0x08, 0x0D, 0x05, 0x11,
  0xFE, 0xED, 0x0C, 0x1C, 0xEE, 0x19, 0xF8, 0x08, 0x04, 0x01,
  0xF9, 0x11, 0x0F, 0x19, 0x12, 0xEB, 0xC6, 0x00, 0x13, 0xF2,
  0x14, 0xF8, 0xF2, 0xFF, 0xF0, 0x2C, 0x0F, 0xF0, 0x07, 0xF4,
  0xE9, 0xF9, 0xFE, 0x0D, 0xFA, 0x18, 0x0A, 0x1B, 0xCC, 0x13,
  0x12, 0xE3, 0xEC, 0x01, 0xFB, 0x0F, 0x0A, 0xEF, 0x10, 0x07,
  0x10, 0xF8, 0x08, 0xED, 0x17, 0x17, 0x14, 0xF2, 0x0E, 0x08,
  0x03, 0x19, 0xFF, 0x16, 0x2B, 0x09, 0xED, 0xE5, 0x10, 0x0E,
  0x0F, 0x02, 0x19, 0xF2, 0xE7, 0x1A, 0xF8, 0xFE, 0x13, 0x0F,
  0xEA, 0xF1, 0x1E, 0xF6, 0xF7, 0x08, 0x11, 0xE7, 0x02, 0xFB,
  0xFF, 0xFC, 0xE9, 0x0F, 0xD7, 0x01, 0x0A, 0x1D, 0x02, 0x08,
  0x1C, 0x01, 0x0B, 0x21, 0x19, 0x04, 0x15, 0x08, 0xF3, 0xF1,
  0xE0, 0x0D, 0x05, 0xF0, 0xF0, 0x1A, 0xFD, 0x22, 0xCA, 0xEA,
  0x0C, 0xD4, 0xFF, 0xF7, 0xF8, 0x04, 0x06, 0xD6, 0x10, 0x01,
  0xD5, 0x26, 0xDD, 0xB9, 0x07, 0x17, 0x05, 0xBD, 0xEE, 0xE8,
  0x15, 0xE5, 0x14, 0x0F, 0x08, 0x1E, 0xDB, 0x15, 0xF9, 0xE8,
  0x1E, 0x11, 0x0A, 0xDC, 0xD7, 0x0B, 0x24, 0xFF, 0xF3, 0xF4,
  0x04, 0xEC, 0xFD, 0x0E, 0xFD, 0xF1, 0xFE, 0x0C, 0xFF, 0x0C,
  0xFA, 0xF3, 0x0D, 0xDB, 0x1C, 0xFF, 0xFE, 0x14, 0xDC, 0xE3,
  0x19, 0xD0, 0x08, 0x0C, 0xEB, 0xD2, 0x05, 0xF6, 0x04, 0x18,
  0xD2, 0x1E, 0xF4, 0x28, 0xD3, 0xC3, 0xE6, 0xF1, 0x1F, 0xE9,
  0xE5, 0xF8, 0xE2, 0xF4, 0xC9, 0xEE, 0xC2, 0x14, 0x26, 0xF5,
  0xFA, 0xDB, 0xE9, 0xEF, 0x03, 0xE4, 0x0E, 0xDF, 0xF8, 0xEF,
  0xF1, 0x04, 0xD4, 0xEB, 0xD8, 0x09, 0xDE, 0xF5, 0xC8, 0xC9,
  0x0B, 0xEA, 0xF9, 0xE4, 0x02, 0xF2, 0xD5, 0xE7, 0xC0, 0xFE,
  0xED, 0xEB, 0xF5, 0xF3, 0x10, 0xF1, 0x1B, 0x12, 0x00, 0x01,
  0xF3, 0xE7, 0x02, 0x05, 0x04, 0x0F, 0xE0, 0xF8, 0x13, 0x11,
  0xDC, 0x02, 0x03, 0x02, 0x0C, 0x0A, 0x0C, 0xED, 0x09, 0xF8,
  0x16, 0x02, 0xFB, 0x08, 0x11, 0x13, 0x11, 0x03, 0xFD, 0x12,
  0xE7, 0x11, 0xFC, 0x15, 0x0B, 0x04, 0x20, 0x01, 0x01, 0x11,
  0x13, 0x00, 0xF9, 0xFD, 0xE6, 0x01, 0x01, 0x05, 0x06, 0xF6,
  0x0C, 0x2D, 0x18, 0xED, 0x0E, 0xFF, 0xF7, 0xE6, 0x06, 0xD5,
  0x06, 0x16, 0x0F, 0x09, 0xE7, 0xF7, 0xED, 0x0B, 0xFC, 0xE5,
  0xE6, 0xFF, 0x25, 0xFB, 0x0C, 0x28, 0x09, 0x0A, 0x00, 0x1B,
  0x18, 0xEB, 0x0C, 0x22, 0x01, 0x09, 0x03, 0xE3, 0x11, 0x01,
  0xF2, 0x13, 0xE9, 0xF4, 0xDC, 0x3B, 0x05, 0xEF, 0x0E, 0xD9,
  0x27, 0x10, 0x04, 0x05, 0x04, 0xF6, 0x05, 0xF1, 0xEF, 0x0A,
  0x04, 0x07, 0xEB, 0xF3, 0x1A, 0x41, 0xF8, 0xDE, 0x12, 0x0D,
  0xFA, 0xFE, 0x0B, 0xFC, 0xEF, 0x0A, 0x07, 0xF4, 0x03, 0x1D,
  0x00, 0xFA, 0xFF, 0x14, 0x05, 0x03, 0x18, 0xF8, 0x2E, 0x0B,
  0xEA, 0x02, 0xEA, 0x1C, 0x07, 0x04, 0x08, 0x13, 0xF5, 0x0F,
  0x03, 0xF8, 0x0D, 0x02, 0x0C, 0x16, 0xFF, 0xE2, 0x03, 0x24,
  0x0B, 0xEF, 0x03, 0x06, 0x0E, 0x20, 0x0A, 0xF6, 0xF6, 0x09,
  0x0B, 0xFD, 0x0F, 0xF7, 0x0A, 0x13, 0x01, 0x02, 0x02, 0x04,
  0x03, 0x10, 0x12, 0x06, 0xF8, 0x08, 0xFE, 0xEB, 0xD2, 0x19,
  0x04, 0x12, 0x27, 0x26, 0xEF, 0xF4, 0x0A, 0x0D, 0x28, 0xEF,
  0xF9, 0xDF, 0x24, 0x07, 0xF2, 0x15, 0xFC, 0x18, 0xF9, 0xFE,
  0x08, 0x19, 0xFD, 0x14, 0xFF, 0xF3, 0xFE, 0x0D, 0x14, 0x0A,
  0xF6, 0xFE, 0x1E, 0x03, 0x06, 0x08, 0x0B, 0x1B, 0xED, 0x09,
  0x0D, 0xF5, 0x0A, 0x12, 0xF6, 0x09, 0x0D, 0x0F, 0xFD, 0x08,
  0x1E, 0x02, 0x04, 0xE1, 0xEA, 0x28, 0x0D, 0xEC, 0xED, 0x03,
  0x20, 0xED, 0x29, 0x0D, 0x12, 0x10, 0x00, 0xF4, 0xF0, 0x04,
  0xF5, 0x0D, 0x0C, 0x10, 0x02, 0xD1, 0x0D, 0x23, 0x02, 0x0D,
  0xFF, 0xFE, 0x05, 0x25, 0xF9, 0x20, 0xF6, 0x05, 0x01, 0xF6,
  0x33, 0xFD, 0xEC, 0x25, 0x07, 0xEC, 0x08, 0x29, 0xEC, 0xEE,
  0xF7, 0xF3, 0xE5, 0xFB, 0xF0, 0x0F, 0xF0, 0x11, 0xF7, 0x01,
  0x0A, 0x0E, 0x16, 0x06, 0xFE, 0xF2, 0x11, 0x1A, 0xE3, 0x04,
  0xFA, 0xFC, 0x10, 0x10, 0xED, 0x1C, 0xE4, 0xF9, 0x1C, 0x06,
  0x10, 0x18, 0x0F, 0x0A, 0x11, 0xFA, 0x17, 0xFE, 0xCC, 0x16,
  0xF6, 0xEB, 0x0B, 0x18, 0xFC, 0xCB, 0x03, 0x07, 0x19, 0xEF,
  0x12, 0x07, 0x13, 0x07, 0xEE, 0x08, 0x14, 0x03, 0x1B, 0x06,
  0x12, 0xCD, 0x0A, 0x11, 0xF7, 0x05, 0xF6, 0xFA, 0x04, 0x0B,
  0x1A, 0x0F, 0x12, 0x07, 0x15, 0x0C, 0x09, 0xFE, 0x14, 0x02,
  0xEF, 0xDB, 0x03, 0x11, 0x18, 0xF5, 0xCA, 0x0B, 0x19, 0x0C,
  0x0D, 0xFB, 0x0E, 0xDA, 0xEA, 0x03, 0xE1, 0x04, 0x04, 0xFB,
  0x07, 0x15, 0xF6, 0x14, 0xDB, 0xDD, 0x03, 0xF9, 0x0F, 0xE2,
  0xFD, 0xF0, 0x0D, 0xEA, 0x14, 0x0C, 0x1A, 0x1A, 0x06, 0x23,
  0xE8, 0x13, 0x16, 0x2D, 0xE9, 0xEB, 0xD0, 0x2F, 0x14, 0x1A,
  0x26, 0xE9, 0xE0, 0xFC, 0x0A, 0xEF, 0x00, 0xCC, 0x01, 0xF5,
  0x03, 0x03, 0x22, 0xD4, 0x19, 0xFE, 0x0A, 0xF9, 0x0A, 0xE2,
  0x12, 0x0F, 0x17, 0xFE, 0xF6, 0xFF, 0xFA, 0xE9, 0x04, 0xF8,
  0x09, 0x1C, 0x02, 0x04, 0x0C, 0x0C, 0xF9, 0xEF, 0xFA, 0x05,
  0x11, 0xF6, 0x2B, 0xF2, 0xEF, 0x31, 0x02, 0x00, 0x00, 0x0A,
  0xFA, 0xFA, 0x1E, 0x01, 0x02, 0x0E, 0x0A, 0x0D, 0x0F, 0xE5,
  0x01, 0x09, 0xF6, 0x0D, 0xE7, 0xED, 0xF5, 0x23, 0x06, 0xFB,
  0xFA, 0x0F, 0xF5, 0x07, 0x16, 0x0C, 0x15, 0x04, 0xF4, 0x05,
  0x08, 0xF7, 0xC0, 0x06, 0xFD, 0xDF, 0x19, 0x06, 0x13, 0xF5,
  0xE1, 0xF0, 0xFE, 0xFD, 0x10, 0x0D, 0x0A, 0x02, 0x0E, 0xF7,
  0x0C, 0x13, 0xF4, 0x0B, 0x04, 0xFD, 0x10, 0xF9, 0xEA, 0xFF,
  0x00, 0xEA, 0x01, 0x01, 0xD0, 0xEA, 0x0D, 0xF9, 0x1D, 0xFC,
  0xE3, 0x10, 0xE8, 0x22, 0x1D, 0x15, 0x0F, 0xFC, 0xD1, 0xF2,
  0xF7, 0xF9, 0xFF, 0x0F, 0x07, 0xF1, 0xD5, 0x02, 0x10, 0xE1,
  0xDE, 0x12, 0x10, 0x1C, 0xF2, 0xF3, 0x02, 0x05, 0xE0, 0x12,
  0x0A, 0x1B, 0xEC, 0xED, 0xF8, 0xCA, 0xED, 0xF4, 0xE1, 0x10,
  0x0B, 0xF4, 0xF8, 0x23, 0xF4, 0x22, 0xE9, 0xCB, 0x1E, 0xF8,
  0x02, 0xD9, 0xEB, 0xEA, 0x02, 0xE5, 0x0F, 0x10, 0x0E, 0x22,
  0xDE, 0x17, 0x0E, 0xDE, 0xFC, 0x14, 0xFC, 0xD5, 0x05, 0x24,
  0x14, 0x13, 0xF3, 0xF2, 0x01, 0x10, 0x04, 0x02, 0xFF, 0xEC,
  0x22, 0x04, 0x11, 0xF7, 0x04, 0x02, 0xFC, 0xFD, 0x29, 0x01,
  0x10, 0x14, 0x03, 0xFB, 0xF9, 0x0E, 0xFF, 0xD2, 0x00, 0xD3,
  0xFD, 0x01, 0xFB, 0x13, 0xF8, 0xF2, 0x12, 0x06, 0xD9, 0x00,
  0xEB, 0xCF, 0x0F, 0xFB, 0x0E, 0xD8, 0xD0, 0xFB, 0xF1, 0xC3,
  0x01, 0x0B, 0x12, 0xF6, 0xE8, 0x11, 0xF8, 0xC6, 0x07, 0xFF,
  0xFE, 0xCE, 0xE7, 0xEF, 0x14, 0x17, 0xF0, 0xE2, 0xF6, 0x0C,
  0xEC, 0xFE, 0xFB, 0x00, 0x25, 0x11, 0x0C, 0xEC, 0xF1, 0x0C,
  0xE3, 0xE4, 0x09, 0x0D, 0x02, 0x13, 0xFE, 0x08, 0xEF, 0x0B,
  0x0A, 0xE8, 0xDF, 0xF6, 0x21, 0xF5, 0x10, 0xEC, 0xF2, 0x36,
  0x05, 0xDC, 0x1A, 0x02, 0x0D, 0x04, 0xD0, 0xE0, 0x03, 0xF1,
  0x0B, 0xFC, 0xFA, 0xE3, 0xE5, 0xD9, 0xF1, 0x04, 0xE2, 0x11,
  0x0B, 0xFD, 0xF8, 0xFE, 0xFA, 0xFC, 0xF2, 0xFB, 0xFC, 0xFA,
  0x26, 0xF6, 0x07, 0x0B, 0xF9, 0x14, 0x0B, 0x01, 0x04, 0x02,
  0xF6, 0xF0, 0x09, 0xF8, 0xFE, 0x00, 0x00, 0x02, 0x0F, 0x10,
  0x03, 0x02, 0xF1, 0xEB, 0xE7, 0x0D, 0x15, 0x07, 0x3D, 0x25,
  0xF9, 0x01, 0x07, 0x0C, 0x18, 0x09, 0xED, 0x05, 0x16, 0xF7,
  0x00, 0x0B, 0xF5, 0x0B, 0x00, 0x12, 0xF8, 0x00, 0x08, 0x07,
  0x0D, 0xE1, 0xF3, 0xF7, 0x07, 0x02, 0xFD, 0xF7, 0x07, 0xF3,
  0x14, 0xFC, 0xD9, 0xF5, 0xEE, 0x0B, 0x24, 0xF0, 0xF2, 0x19,
  0x3E, 0xFE, 0x1A, 0x05, 0xF7, 0x17, 0xF5, 0x01, 0xEF, 0xC5,
  0xEC, 0x30, 0x0A, 0x06, 0xF9, 0xE3, 0xFE, 0xEC, 0x11, 0x21,
  0x08, 0x28, 0x02, 0x0D, 0xF3, 0x0E, 0xF4, 0x10, 0x11, 0xF9,
  0xFA, 0xEA, 0x20, 0x1A, 0x0B, 0x00, 0xEE, 0x27, 0x06, 0xFD,
  0xEE, 0xFD, 0xD7, 0x0E, 0x14, 0xDD, 0x08, 0xDC, 0xF4, 0x1D,
  0xFA, 0xD1, 0x04, 0x36, 0xFB, 0xCF, 0xD7, 0xE3, 0xDC, 0x20,
  0xFC, 0x0B, 0xDD, 0x05, 0x04, 0xF2, 0x0F, 0x05, 0xFA, 0xFF,
  0xE1, 0xF5, 0xEC, 0x01, 0xE1, 0x24, 0xFB, 0x1A, 0x0C, 0xC1,
  0xF5, 0xD7, 0xF7, 0x16, 0x0B, 0x0A, 0xE6, 0x29, 0x12, 0x07,
  0xF4, 0xF3, 0x04, 0x19, 0xC9, 0xF3, 0x0C, 0x1C, 0x12, 0x05,
  0xF3, 0x02, 0x13, 0xF5, 0xE8, 0xEF, 0xE7, 0x03, 0x19, 0xD4,
  0x07, 0xD0, 0x05, 0x27, 0x00, 0xD8, 0xD3, 0x03, 0x06, 0xC6,
  0xB8, 0xD1, 0xF2, 0x13, 0x19, 0x05, 0xD9, 0xEB, 0x05, 0xFD,
  0x20, 0x0B, 0xF7, 0xF3, 0xD2, 0x0D, 0xF1, 0xE1, 0xDB, 0x00,
  0x00, 0xF9, 0xEC, 0x0A, 0x1F, 0xD8, 0x09, 0x1B, 0x11, 0x1F,
  0x19, 0xF7, 0xEE, 0x05, 0x00, 0x29, 0x17, 0x1D, 0x00, 0xE2,
  0x21, 0x33, 0x12, 0x06, 0xF4, 0x17, 0xF6, 0xFD, 0xFB, 0x1D,
  0xE0, 0x15, 0x05, 0xDC, 0x0B, 0xF2, 0xDE, 0x1D, 0x00, 0xCC,
  0x08, 0x2B, 0xFE, 0xEB, 0xD6, 0xF7, 0xE7, 0xFC, 0xF5, 0x13,
  0xE2, 0x00, 0x01, 0xF2, 0x17, 0x12, 0x0A, 0x12, 0x0B, 0xFA,
  0x00, 0xFA, 0xCE, 0x10, 0xFC, 0x1F, 0x12, 0xFE, 0xF8, 0x18,
  0x03, 0xE6, 0xF7, 0x09, 0x1A, 0xFA, 0x12, 0xF8, 0xF2, 0x18,
  0x0E, 0xFF, 0x09, 0x07, 0x03, 0x14, 0xE6, 0xF4, 0xF1, 0xFC,
  0x04, 0xF3, 0x02, 0xF3, 0xEF, 0xDA, 0xF9, 0x18, 0xFC, 0x03,
  0x11, 0xF3, 0x11, 0x0B, 0xF9, 0xF1, 0xF5, 0xFA, 0xF6, 0x18,
  0x0E, 0xED, 0xF1, 0x0A, 0xE0, 0x0C, 0x1A, 0xF7, 0xEF, 0x16,
  0xF1, 0xE8, 0xF8, 0xF4, 0x01, 0x11, 0x0C, 0xF5, 0x0E, 0xF9,
  0xFD, 0xE5, 0x1D, 0xFA, 0x18, 0x1E, 0x16, 0x03, 0xF4, 0xFB,
  0x04, 0x0C, 0x19, 0x0A, 0xF7, 0x12, 0x16, 0x0A, 0x09, 0x1E,
  0x09, 0x09, 0xF6, 0x10, 0x16, 0x03, 0x1A, 0x13, 0x0F, 0x08,
  0x0A, 0x03, 0x09, 0xE9, 0x05, 0x15, 0x04, 0xFF, 0xE7, 0x39,
  0xF9, 0x0F, 0x07, 0xED, 0x22, 0x19, 0x07, 0x09, 0x14, 0x07,
  0xE6, 0xFB, 0xF0, 0x02, 0x0A, 0xFC, 0x03, 0x0E, 0x1F, 0x22,
  0x0B, 0xF5, 0xE9, 0x05, 0x02, 0xFA, 0x07, 0x07, 0x25, 0xE6,
  0x05, 0xEB, 0x19, 0x0F, 0x08, 0x0A, 0x02, 0xFF, 0x0C, 0xED,
  0x09, 0xEA, 0x0E, 0xEA, 0xFA, 0xF4, 0xF7, 0x06, 0xF0, 0x0E,
  0xFC, 0x03, 0x02, 0xDA, 0xFC, 0x19, 0x0C, 0xFD, 0x13, 0xFF,
  0x0A, 0xF7, 0x1C, 0x08, 0xF3, 0x04, 0x03, 0x06, 0xF9, 0x04,
  0x05, 0xFA, 0xF2, 0x15, 0x09, 0x03, 0x12, 0x12, 0xFB, 0xFD,
  0x05, 0xEB, 0xEE, 0x04, 0xFA, 0x0A, 0x04, 0x10, 0x04, 0x13,
  0xFC, 0x02, 0xE0, 0x08, 0x10, 0xFD, 0x16, 0x0B, 0x02, 0xCA,
  0x13, 0x02, 0x08, 0xD0, 0x12, 0x06, 0x13, 0xF3, 0xDB, 0x0D,
  0xDD, 0x1E, 0xFC, 0xD9, 0x09, 0x16, 0x06, 0x0C, 0xFC, 0x16,
  0xD1, 0x12, 0x03, 0x08, 0x02, 0x02, 0x0B, 0xF6, 0x04, 0x06,
  0x1E, 0xF4, 0x22, 0x13, 0x13, 0xC7, 0x0C, 0x06, 0x11, 0x02,
  0x0A, 0xE6, 0xC9, 0x0E, 0x0E, 0x0C, 0x14, 0x02, 0x0E, 0x05,
  0x10, 0x14, 0xE6, 0xEF, 0x1C, 0xEB, 0x25, 0x23, 0x05, 0x30,
  0xF1, 0x07, 0xF5, 0x0B, 0xE5, 0x08, 0xED, 0x0A, 0x38, 0xF1,
  0xF7, 0x37, 0x08, 0x02, 0xFC, 0x3F, 0x14, 0xFD, 0x0A, 0x2E,
  0xE9, 0x15, 0x14, 0xDC, 0x18, 0x04, 0xD7, 0x23, 0xF0, 0xF4,
  0xEA, 0x24, 0xF2, 0xE2, 0xF5, 0xE3, 0x0E, 0x24, 0x10, 0xFC,
  0x02, 0xE5, 0xF1, 0xD7, 0x14, 0xFE, 0x0D, 0xFD, 0xFF, 0xD8,
  0x02, 0x2A, 0xF5, 0xF3, 0x0B, 0xE9, 0xFA, 0xDE, 0x0D, 0xED,
  0x09, 0xEC, 0x16, 0xFB, 0xC1, 0xBE, 0xD9, 0x04, 0xFD, 0xD0,
  0xD4, 0xFE, 0x15, 0x01, 0xBA, 0xF6, 0xFF, 0xFC, 0x07, 0xF7,
  0x1F, 0xFF, 0x07, 0x27, 0x00, 0x12, 0x02, 0x01, 0x10, 0x05,
  0xE2, 0x11, 0xE1, 0x0F, 0xC6, 0xFE, 0xBD, 0xFB, 0xE4, 0xDD,
  0x2C, 0xF5, 0xD4, 0xF0, 0x18, 0xD1, 0xD2, 0xE0, 0xEC, 0xF4,
  0xFD, 0x16, 0xFF, 0xFC, 0x1A, 0x26, 0x0B, 0xB2, 0x02, 0xE4,
  0xF0, 0x0C, 0xFB, 0x02, 0xD8, 0xD8, 0x0C, 0xD8, 0x08, 0xE4,
  0x01, 0x03, 0x18, 0xE0, 0x00, 0x07, 0xE2, 0x20, 0xB9, 0xCB,
  0x08, 0x12, 0x03, 0xC5, 0xED, 0x01, 0x1F, 0xEF, 0x11, 0x08,
  0xF7, 0x1C, 0xF2, 0x0A, 0xFD, 0xE6, 0x0C, 0x2C, 0xF5, 0xEC,
  0xF3, 0x12, 0xF6, 0xF6, 0x11, 0xF2, 0xDF, 0xFA, 0x0E, 0x00,
  0x09, 0xFF, 0xEF, 0x10, 0x01, 0x0D, 0xFF, 0xED, 0xFB, 0xF0,
  0x1D, 0xFC, 0x0B, 0x20, 0x0D, 0x13, 0xF1, 0x05, 0xE9, 0x1A,
  0x01, 0xFA, 0x03, 0x13, 0x10, 0xDC, 0xFC, 0x11, 0xFA, 0xE6,
  0x00, 0xF5, 0x13, 0x04, 0xE3, 0xF6, 0xD0, 0x0C, 0x09, 0xDA,
  0x0F, 0xF0, 0xFB, 0xDB, 0xF7, 0x0D, 0xDB, 0x12, 0x15, 0x07,
  0x19, 0xFC, 0x0E, 0xEF, 0x0C, 0x03, 0x06, 0x0D, 0x2E, 0x08,
  0x12, 0xD8, 0x01, 0xFB, 0x13, 0x0D, 0x23, 0xD5, 0xD3, 0xF8,
  0x1E, 0x0D, 0x18, 0x0A, 0x08, 0x1F, 0x15, 0x0B, 0xF8, 0xF0,
  0x0B, 0xEF, 0x2A, 0x10, 0x13, 0x0A, 0xD1, 0xF8, 0xF5, 0xF1,
  0xEC, 0x1F, 0xEC, 0x0C, 0x15, 0xEE, 0xCF, 0x19, 0xF5, 0xFD,
  0x09, 0x18, 0x05, 0x09, 0x05, 0x26, 0x05, 0x02, 0x13, 0x06,
  0x0A, 0xF9, 0xDC, 0x12, 0xF6, 0x06, 0xD7, 0x03, 0xF0, 0x10,
  0xEC, 0xEF, 0x10, 0x13, 0x01, 0x00, 0x02, 0xCC, 0xF9, 0xB4,
  0x0E, 0xF0, 0x0B, 0x08, 0x0C, 0xE5, 0x09, 0x0E, 0xF1, 0xCC,
  0x0D, 0xE8, 0xF4, 0xFE, 0x05, 0xEF, 0x1D, 0x09, 0xF9, 0xFB,
  0xDD, 0xFB, 0xFF, 0x03, 0xF7, 0xFD, 0xE8, 0xFC, 0x15, 0xFE,
  0xF3, 0x14, 0x09, 0x0B, 0x06, 0x16, 0x21, 0xEA, 0x11, 0xFD,
  0x12, 0xF6, 0x0B, 0xF9, 0xFE, 0x05, 0x09, 0x0C, 0xFD, 0xFE,
  0xE9, 0x14, 0xF8, 0x10, 0x12, 0xEA, 0x20, 0xFA, 0x00, 0xFF,
  0x0F, 0xF4, 0xF7, 0x05, 0xF8, 0xFD, 0x06, 0x13, 0x09, 0xF1,
  0x1B, 0x24, 0x17, 0xDD, 0xB0, 0x08, 0x13, 0xED, 0x1B, 0xF4,
  0x0E, 0xDC, 0xEB, 0x10, 0x16, 0xE9, 0x0E, 0x0F, 0x1C, 0x1F,
  0xFA, 0xF8, 0xEF, 0x15, 0xDD, 0x0F, 0x04, 0x15, 0xFC, 0x09,
  0x0A, 0xF9, 0x05, 0x06, 0xFA, 0xE4, 0xD3, 0x03, 0xF1, 0xD1,
  0x18, 0xE9, 0xCF, 0x1C, 0xFE, 0x2A, 0x12, 0x09, 0x18, 0xEE,
  0xE5, 0xFA, 0x00, 0x1A, 0x10, 0x24, 0x00, 0x11, 0xBC, 0x22,
  0x04, 0xE1, 0xD8, 0x0F, 0xFE, 0x1E, 0x07, 0xFC, 0xFD, 0x04,
  0x07, 0x07, 0xD9, 0x0D, 0x12, 0xF5, 0xFB, 0xEE, 0xFA, 0xDF,
  0x0C, 0xFC, 0x04, 0xE9, 0xE8, 0x0E, 0xFC, 0x1A, 0xCE, 0xE1,
  0x05, 0x19, 0xF5, 0xD7, 0x01, 0xD6, 0x07, 0xF3, 0x0B, 0x03,
  0xF2, 0x21, 0xFA, 0x01, 0xEB, 0xF1, 0xFF, 0x1B, 0x07, 0xF0,
  0x03, 0x1A, 0xFC, 0xF6, 0xF5, 0xF4, 0xE8, 0x06, 0xEE, 0xE3,
  0x0D, 0xDF, 0x06, 0xF8, 0xF4, 0x0C, 0xEC, 0xF0, 0x06, 0xFD,
  0xEE, 0xCD, 0x05, 0x09, 0xF9, 0x23, 0xE9, 0x16, 0x0F, 0xF6,
  0xF9, 0xFD, 0x08, 0xFE, 0xFB, 0xD8, 0xFF, 0x19, 0xF9, 0xE3,
  0x1A, 0x0C, 0x21, 0xFD, 0xE3, 0xFE, 0xE4, 0x1C, 0x00, 0xE0,
  0xFF, 0x03, 0x02, 0xFE, 0xF3, 0x17, 0xEA, 0x23, 0xFC, 0xFD,
  0x18, 0x0B, 0x06, 0x0F, 0xFE, 0xFF, 0x21, 0x13, 0x06, 0xF9,
  0x13, 0xE8, 0x05, 0x0C, 0xF9, 0xFE, 0x21, 0xED, 0xF0, 0x17,
  0x1F, 0xFD, 0x01, 0xFC, 0x10, 0x1B, 0x01, 0x07, 0x00, 0x01,
  0xF5, 0xFD, 0xF8, 0x05, 0x05, 0xEE, 0x1D, 0x12, 0x0C, 0xF9,
  0x0C, 0xFF, 0x15, 0x0B, 0xCF, 0xFF, 0xF8, 0xE4, 0x03, 0xF4,
  0x0A, 0xEA, 0xDF, 0x1A, 0x07, 0xF4, 0x03, 0xFE, 0xF7, 0xF2,
  0x0D, 0x0D, 0x09, 0xF3, 0x01, 0x0A, 0x0B, 0xC9, 0x0A, 0x10,
  0xEB, 0x0B, 0xE9, 0xFE, 0xF8, 0x04, 0x01, 0x06, 0x0E, 0x0C,
  0xFD, 0x16, 0xFE, 0x0A, 0x0D, 0x0A, 0xE0, 0xD6, 0x07, 0x07,
  0x0C, 0xE9, 0xDF, 0x03, 0x0D, 0xFC, 0xE0, 0xF2, 0x0B, 0xDD,
  0x0A, 0x18, 0xED, 0xF9, 0x13, 0x01, 0x17, 0xE2, 0xD8, 0xF8,
  0xEA, 0xE4, 0xF6, 0x02, 0x16, 0xDD, 0xF8, 0x16, 0xF1, 0xF7,
  0x07, 0x0D, 0xE9, 0x04, 0x0E, 0x27, 0xE2, 0xF7, 0x16, 0xF7,
  0x0D, 0xDF, 0xDA, 0x18, 0xFD, 0x10, 0x02, 0xEC, 0xFE, 0x06,
  0xFA, 0x00, 0x0D, 0xF5, 0xEC, 0x0A, 0x08, 0x09, 0x03, 0xE8,
  0xF2, 0xFA, 0xF5, 0x21, 0xF5, 0xF6, 0x05, 0x00, 0x11, 0x03,
  0x11, 0x0D, 0xE2, 0x06, 0xE8, 0xFC, 0x12, 0x19, 0x11, 0xFD,
  0x07, 0x13, 0xF5, 0x09, 0xF1, 0x04, 0x15, 0x06, 0x23, 0x09,
  0x08, 0x20, 0x12, 0xF5, 0xFB, 0xF4, 0x18, 0xF9, 0x15, 0xF8,
  0x0B, 0x13, 0xEA, 0x0A, 0xEF, 0x0E, 0x13, 0x04, 0x03, 0xF8,
  0xE9, 0x03, 0xFE, 0x15, 0x00, 0xFF, 0xF2, 0xFF, 0xFF, 0x11,
  0x15, 0xF4, 0x03, 0x11, 0x0A, 0x0E, 0xFD, 0xEB, 0x02, 0xE1,
  0x09, 0x02, 0x04, 0x13, 0xF7, 0xEE, 0x0B, 0x09, 0x01, 0x02,
  0xF3, 0x09, 0x0C, 0xF0, 0xF3, 0xFA, 0xF4, 0x14, 0xC7, 0x00,
  0x06, 0x10, 0x12, 0xDD, 0x12, 0xFB, 0x23, 0x0B, 0x0E, 0x05,
  0x0E, 0x20, 0xEA, 0x0F, 0x05, 0xEC, 0xFD, 0x38, 0xF2, 0xE6,
  0x06, 0x16, 0x04, 0xFB, 0x1D, 0x02, 0xE7, 0x0F, 0x16, 0x05,
  0x01, 0x0F, 0xEC, 0x0B, 0x12, 0x0A, 0x03, 0x02, 0x1C, 0x09,
  0x1E, 0xE1, 0xE3, 0xE9, 0x0C, 0xF4, 0x1E, 0xE7, 0xFC, 0x01,
  0xF1, 0xFE, 0xFB, 0xFA, 0x08, 0x1B, 0x0F, 0xEB, 0xF8, 0x00,
  0xEC, 0x0F, 0x00, 0xF6, 0x10, 0x01, 0x11, 0xE9, 0x15, 0x0B,
  0x06, 0x1C, 0x09, 0xFF, 0xF7, 0xEC, 0x01, 0xDB, 0x1A, 0x20,
  0xDF, 0xFA, 0xE4, 0x23, 0x0D, 0xE9, 0xFB, 0xEF, 0xF1, 0x07,
  0xF6, 0x08, 0x0A, 0xF2, 0xED, 0x09, 0xE7, 0x0B, 0x08, 0xFF,
  0xF5, 0x0C, 0x14, 0x07, 0xF5, 0xE0, 0x09, 0x10, 0xFB, 0xD3,
  0x0B, 0xCC, 0x24, 0x0A, 0xFE, 0x0C, 0xCC, 0xEB, 0x18, 0x04,
  0xC0, 0x03, 0x0B, 0x05, 0xF0, 0xC2, 0x01, 0xF2, 0x11, 0xE7,
  0x10, 0xF4, 0xD7, 0x0F, 0xD9, 0xE5, 0xDD, 0x01, 0x1B, 0xE3,
  0xFE, 0xC2, 0xF7, 0xF2, 0xD0, 0xDB, 0xD4, 0xEB, 0xF4, 0xCE,
  0xEC, 0xED, 0xEC, 0x08, 0xEB, 0x02, 0xE7, 0xF7, 0xE3, 0x0F,
  0x11, 0x07, 0x01, 0xE2, 0xD7, 0x06, 0xD9, 0xFB, 0xC0, 0xD4,
  0x05, 0x23, 0x19, 0x08, 0xD0, 0x15, 0xF8, 0xFF, 0xF9, 0x1B,
  0xEE, 0x03, 0x13, 0xF6, 0xFF, 0x03, 0x01, 0xE3, 0xF2, 0x27,
  0xF4, 0xF0, 0xDC, 0x0D, 0xF4, 0x05, 0xFF, 0xF1, 0x15, 0xF7,
  0xEA, 0xEF, 0x13, 0x00, 0xE2, 0x11, 0x02, 0xF7, 0xFD, 0x13,
  0x08, 0xFA, 0x12, 0xF7, 0x14, 0x04, 0x1A, 0x1B, 0xFC, 0xDD,
  0x18, 0x05, 0x0C, 0x15, 0xFB, 0xF7, 0xD4, 0x0D, 0x08, 0x09,
  0x18, 0xF7, 0x1E, 0x08, 0x0D, 0xFC, 0x0E, 0xF7, 0x2A, 0xE3,
  0x1F, 0x05, 0x13, 0xF5, 0x13, 0xFB, 0x03, 0x1A, 0xFC, 0x14,
  0x1A, 0x22, 0xFF, 0xDA, 0x0E, 0x05, 0x15, 0x0A, 0x0B, 0x02,
  0xF9, 0x10, 0xF0, 0x14, 0x10, 0x1E, 0x0C, 0xF0, 0x28, 0xEF,
  0xF9, 0x05, 0xFE, 0xE5, 0x0E, 0x04, 0x07, 0x0A, 0xE0, 0xF4,
  0xDC, 0xF4, 0xF9, 0x18, 0x01, 0xFC, 0x0E, 0xFA, 0x04, 0x23,
  0x1B, 0xF7, 0x0B, 0xF8, 0xFD, 0xFC, 0xD4, 0xF9, 0x03, 0x05,
  0x10, 0xF2, 0xFE, 0xF0, 0xFC, 0x3E, 0x40, 0x3D, 0x4D, 0x4E,
  0x0B, 0x08, 0x29, 0x16, 0x0C, 0xFA, 0xFE, 0x0D, 0x27, 0x14,
  0x0D, 0x32, 0xFA, 0xED, 0x1B, 0x14, 0x23, 0x20, 0x16, 0x23,
  0x06, 0xF7, 0xFD, 0xF8, 0x1B, 0x2F, 0x0D, 0x00, 0x20, 0x0D,
  0x0F, 0x0D, 0xE5, 0x18, 0xF9, 0x1D, 0x46, 0xF9, 0x19, 0x2A,
  0x41, 0xFE, 0x02, 0x0F, 0x0B, 0x3A, 0x11, 0x06, 0x0E, 0xD6,
  0x09, 0x29, 0x01, 0x04, 0xF8, 0xF0, 0x04, 0xF1, 0x1F, 0xF1,
  0xEF, 0x0D, 0xE9, 0xFB, 0xF5, 0xFA, 0x03, 0xED, 0xE4, 0xF5,
  0x1B, 0x1C, 0xF6, 0x09, 0x00, 0x03, 0x07, 0x13, 0x11, 0xF4,
  0x10, 0x02, 0x0C, 0xF3, 0x0D, 0x1A, 0x08, 0x14, 0x00, 0xF4,
  0x0A, 0x09, 0x01, 0x0D, 0x0B, 0x07, 0x27, 0x0A, 0x18, 0x14,
  0xF2, 0x04, 0x11, 0xFC, 0xEF, 0xF0, 0x05, 0xE7, 0x08, 0x07,
  0xFF, 0x00, 0x21, 0x1B, 0x1A, 0xEB, 0xF0, 0xFB, 0xFE, 0x00,
  0x10, 0xEC, 0x1B, 0xF5, 0x04, 0x03, 0x14, 0xF4, 0xD1, 0x00,
  0x14, 0x13, 0xF2, 0xFA, 0xFB, 0x0F, 0xEF, 0x16, 0xF8, 0xFD,
  0x18, 0x03, 0x12, 0x06, 0x04, 0x13, 0xFE, 0x02, 0xF2, 0x11,
  0x16, 0xF8, 0xF5, 0x07, 0x09, 0x07, 0x04, 0x16, 0xF8, 0x0D,
  0x0C, 0xFB, 0x0A, 0xF2, 0xE8, 0x03, 0xF6, 0x0D, 0x03, 0xF7,
  0xE4, 0x06, 0x06, 0x0B, 0x0C, 0x04, 0x0E, 0x03, 0xFD, 0xF1,
  0x7A, 0xFC, 0xFF, 0xFF, 0x04, 0x00, 0x00, 0x00, 0x00, 0x01,
  0x00, 0x00, 0x87, 0x03, 0x00, 0x00, 0x22, 0x02, 0x00, 0x00,
  0xF8, 0xF4, 0xFF, 0xFF, 0xF0, 0x08, 0x00, 0x00, 0x7B, 0x02,
  0x00, 0x00, 0xD0, 0x0E, 0x00, 0x00, 0xFE, 0x04, 0x00, 0x00,
  0x47, 0x04, 0x00, 0x00, 0x81, 0x14, 0x00, 0x00, 0x16, 0x04,
  0x00, 0x00, 0xD3, 0xFF, 0xFF, 0xFF, 0xBE, 0x03, 0x00, 0x00,
  0x4E, 0x03, 0x00, 0x00, 0x0D, 0xFE, 0xFF, 0xFF, 0x82, 0xFF,
  0xFF, 0xFF, 0xD9, 0xFD, 0xFF, 0xFF, 0x1D, 0x01, 0x00, 0x00,
  0x93, 0x13, 0x00, 0x00, 0xEE, 0x00, 0x00, 0x00, 0xF0, 0x02,
  0x00, 0x00, 0x95, 0x04, 0x00, 0x00, 0x2E, 0x03, 0x00, 0x00,
  0xE5, 0x02, 0x00, 0x00, 0x42, 0x05, 0x00, 0x00, 0xF7, 0x00,
  0x00, 0x00, 0xA8, 0xFD, 0xFF, 0xFF, 0x32, 0xFE, 0xFF, 0xFF,
  0x3C, 0x02, 0x00, 0x00, 0xE1, 0x02, 0x00, 0x00, 0xD8, 0x02,
  0x00, 0x00, 0x66, 0x04, 0x00, 0x00, 0xB1, 0x06, 0x00, 0x00,
  0x44, 0x06, 0x00, 0x00, 0x4E, 0x04, 0x00, 0x00, 0x65, 0x06,
  0x00, 0x00, 0x1E, 0xFE, 0xFF, 0xFF, 0x85, 0xFF, 0xFF, 0xFF,
  0x2D, 0x07, 0x00, 0x00, 0x3E, 0x06, 0x00, 0x00, 0x33, 0x04,
  0x00, 0x00, 0xB5, 0xFF, 0xFF, 0xFF, 0x1A, 0x01, 0x00, 0x00,
  0x80, 0xFC, 0xFF, 0xFF, 0x4E, 0xFD, 0xFF, 0xFF, 0x4D, 0x04,
  0x00, 0x00, 0xAD, 0x05, 0x00, 0x00, 0xA9, 0x01, 0x00, 0x00,
  0x31, 0xFB, 0xFF, 0xFF, 0xE4, 0x05, 0x00, 0x00, 0x44, 0xFE,
  0xFF, 0xFF, 0x46, 0x04, 0x00, 0x00, 0xA4, 0xFD, 0xFF, 0xFF,
  0x4C, 0xF8, 0xFF, 0xFF, 0x3F, 0x02, 0x00, 0x00, 0x35, 0x06,
  0x00, 0x00, 0x6E, 0x09, 0x00, 0x00, 0x0C, 0x02, 0x00, 0x00,
  0xDC, 0x07, 0x00, 0x00, 0x90, 0x0A, 0x00, 0x00, 0x3B, 0x01,
  0x00, 0x00, 0x85, 0x05, 0x00, 0x00, 0x8A, 0x00, 0x00, 0x00,
  0x55, 0x00, 0x00, 0x00, 0x4D, 0x04, 0x00, 0x00, 0x86, 0xFD,
  0xFF, 0xFF, 0x04, 0x00, 0x00, 0x00, 0x80, 0x01, 0x00, 0x00,
  0x31, 0x2C, 0xF9, 0x1B, 0xE7, 0xE5, 0xE6, 0x04, 0xB3, 0xEC,
  0x19, 0xF6, 0xE7, 0xE8, 0xE8, 0xF5, 0xFC, 0xBC, 0x0C, 0xF4,
  0x0E, 0xF5, 0xFA, 0xDD, 0x11, 0x0C, 0xF7, 0xE6, 0x01, 0xFA,
  0x1E, 0x00, 0x13, 0x05, 0xE4, 0xEE, 0xE7, 0xEE, 0xF0, 0xF6,
  0x07, 0x0F, 0x02, 0xEB, 0x13, 0x39, 0x0D, 0xEC, 0x20, 0x0E,
  0x20, 0xFF, 0x00, 0xF5, 0xFA, 0x06, 0x0B, 0x11, 0xE7, 0xFB,
  0xFD, 0x03, 0x11, 0x09, 0x13, 0x0E, 0xFD, 0xE7, 0xFC, 0xFD,
  0xFC, 0x05, 0x81, 0xFD, 0x03, 0x1C, 0x0F, 0x0E, 0x0C, 0x1A,
  0x05, 0xB9, 0x0A, 0x19, 0xE8, 0xEE, 0x04, 0xE7, 0x02, 0x07,
  0x08, 0x06, 0xEB, 0x05, 0xE7, 0xEC, 0xE7, 0x02, 0x1C, 0x04,
  0x00, 0x05, 0xF4, 0xEB, 0x0A, 0x06, 0x04, 0x18, 0x0F, 0xFC,
  0xF6, 0x17, 0xEE, 0x06, 0xF5, 0xED, 0x14, 0xF9, 0xDE, 0xE5,
  0xFB, 0xEB, 0xFD, 0x10, 0xE7, 0x0B, 0x0A, 0xF2, 0xD4, 0xD6,
  0x0C, 0xF8, 0x11, 0xD3, 0x1B, 0x04, 0xC9, 0xE0, 0xFF, 0xF0,
  0xE4, 0x07, 0xFE, 0xF8, 0xFD, 0xC9, 0xFF, 0xF3, 0xF3, 0x12,
  0xD6, 0xFC, 0xFA, 0x01, 0x07, 0x0C, 0x12, 0x02, 0xEA, 0x03,
  0xF2, 0xE0, 0xE9, 0xF5, 0x03, 0x1F, 0x20, 0x1F, 0xEE, 0x07,
  0x08, 0xFC, 0x0D, 0xDC, 0xE4, 0xFD, 0x07, 0xFD, 0xF0, 0xE9,
  0x08, 0x04, 0xF8, 0x03, 0xF5, 0x08, 0x09, 0xEF, 0x11, 0x0F,
  0xFA, 0x00, 0xEC, 0xE9, 0xE5, 0xF4, 0xF8, 0xD9, 0xF7, 0x0E,
  0xC5, 0x2A, 0xEE, 0x01, 0x1E, 0xFD, 0x03, 0xEE, 0x0A, 0xCB,
  0xF1, 0xFE, 0xFD, 0x09, 0x1D, 0xE8, 0xF7, 0xE7, 0xF5, 0x05,
  0xF0, 0x12, 0x0B, 0x09, 0xEF, 0x19, 0x12, 0xF2, 0x01, 0xE7,
  0xE5, 0xED, 0xF9, 0xFB, 0xF1, 0xF8, 0xD7, 0xDD, 0x19, 0xF1,
  0xE3, 0xF4, 0xFF, 0x12, 0xE4, 0x11, 0x19, 0xFE, 0x09, 0xF8,
  0xDE, 0x03, 0xFF, 0x0C, 0xF9, 0xF5, 0x02, 0x0A, 0xF0, 0x0A,
  0x0F, 0x15, 0x07, 0xDD, 0x14, 0x13, 0xEC, 0xE4, 0x06, 0x13,
  0x05, 0xF8, 0xEC, 0x11, 0xE9, 0x23, 0x0F, 0x08, 0x00, 0xE0,
  0xFF, 0xFE, 0xFD, 0xFD, 0xF6, 0xE8, 0xEC, 0xFE, 0x12, 0xED,
  0xFC, 0x28, 0x08, 0x04, 0xF8, 0xEC, 0x19, 0xE6, 0x19, 0xF7,
  0xFC, 0xFA, 0x01, 0xF1, 0x03, 0xF5, 0x0F, 0x09, 0xE0, 0x05,
  0x11, 0xFE, 0xED, 0xF0, 0x09, 0xF1, 0x01, 0xED, 0x0B, 0x09,
  0x0C, 0xFC, 0xFA, 0x0C, 0x00, 0x13, 0xFC, 0xE3, 0x14, 0x05,
  0x07, 0x1C, 0x00, 0xF9, 0xEF, 0xFF, 0xEA, 0x14, 0xEE, 0xEF,
  0xF9, 0xFD, 0xED, 0x25, 0xF6, 0xE8, 0xED, 0xE0, 0xF7, 0xEE,
  0x09, 0x04, 0xFD, 0x14, 0x13, 0xDB, 0xD7, 0x0A, 0x0F, 0x06,
  0xF9, 0xEB, 0xE7, 0xE0, 0x0A, 0xFA, 0xFE, 0xF1, 0x09, 0xEB,
  0xF5, 0x00, 0xE0, 0xFD, 0xF8, 0x0B, 0xEA, 0xFB, 0x17, 0x05,
  0x0B, 0xD6, 0xFB, 0xF2, 0x12, 0xFF, 0xFF, 0xFF, 0x04, 0x00,
  0x00, 0x00, 0x18, 0x00, 0x00, 0x00, 0x21, 0x00, 0x00, 0x00,
  0x4E, 0xFF, 0xFF, 0xFF, 0x48, 0x00, 0x00, 0x00, 0x6A, 0x00,
  0x00, 0x00, 0xA4, 0xFF, 0xFF, 0xFF, 0x3D, 0x00, 0x00, 0x00,
  0x36, 0xFF, 0xFF, 0xFF, 0x04, 0x00, 0x00, 0x00, 0x08, 0x00,
  0x00, 0x00, 0x01, 0x00, 0x00, 0x00, 0x02, 0x00, 0x00, 0x00,
  0x4A, 0xFF, 0xFF, 0xFF, 0x04, 0x00, 0x00, 0x00, 0x10, 0x00,
  0x00, 0x00, 0x01, 0x00, 0x00, 0x00, 0x32, 0x00, 0x00, 0x00,
  0x01, 0x00, 0x00, 0x00, 0x03, 0x00, 0x00, 0x00, 0x3C, 0xEA,
  0xFF, 0xFF, 0x40, 0xEA, 0xFF, 0xFF, 0x0F, 0x00, 0x00, 0x00,
  0x4D, 0x4C, 0x49, 0x52, 0x20, 0x43, 0x6F, 0x6E, 0x76, 0x65,
  0x72, 0x74, 0x65, 0x64, 0x2E, 0x00, 0x01, 0x00, 0x00, 0x00,
  0x14, 0x00, 0x00, 0x00, 0x00, 0x00, 0x0E, 0x00, 0x18, 0x00,
  0x14, 0x00, 0x10, 0x00, 0x0C, 0x00, 0x08, 0x00, 0x04, 0x00,
  0x0E, 0x00, 0x00, 0x00, 0x14, 0x00, 0x00, 0x00, 0x1C, 0x00,
  0x00, 0x00, 0x84, 0x02, 0x00, 0x00, 0x88, 0x02, 0x00, 0x00,
  0x8C, 0x02, 0x00, 0x00, 0x04, 0x00, 0x00, 0x00, 0x6D, 0x61,
  0x69, 0x6E, 0x00, 0x00, 0x00, 0x00, 0x09, 0x00, 0x00, 0x00,
  0x48, 0x02, 0x00, 0x00, 0xEC, 0x01, 0x00, 0x00, 0x88, 0x01,
  0x00, 0x00, 0x34, 0x01, 0x00, 0x00, 0xF0, 0x00, 0x00, 0x00,
  0xBC, 0x00, 0x00, 0x00, 0x78, 0x00, 0x00, 0x00, 0x40, 0x00,
  0x00, 0x00, 0x04, 0x00, 0x00, 0x00, 0xA2, 0xFE, 0xFF, 0xFF,
  0x1C, 0x00, 0x00, 0x00, 0x00, 0x00, 0x00, 0x09, 0x1C, 0x00,
  0x00, 0x00, 0x20, 0x00, 0x00, 0x00, 0x05, 0x00, 0x00, 0x00,
  0x00, 0x00, 0x06, 0x00, 0x08, 0x00, 0x04, 0x00, 0x06, 0x00,
  0x00, 0x00, 0x00, 0x00, 0x80, 0x3F, 0x01, 0x00, 0x00, 0x00,
  0x13, 0x00, 0x00, 0x00, 0x01, 0x00, 0x00, 0x00, 0x12, 0x00,
  0x00, 0x00, 0x7A, 0xFE, 0xFF, 0xFF, 0x14, 0x00, 0x00, 0x00,
  0x00, 0x00, 0x00, 0x08, 0x10, 0x00, 0x00, 0x00, 0x14, 0x00,
  0x00, 0x00, 0x04, 0x00, 0x00, 0x00, 0x0C, 0xEB, 0xFF, 0xFF,
  0x01, 0x00, 0x00, 0x00, 0x12, 0x00, 0x00, 0x00, 0x03, 0x00,
  0x00, 0x00, 0x11, 0x00, 0x00, 0x00, 0x04, 0x00, 0x00, 0x00,
  0x03, 0x00, 0x00, 0x00, 0x0E, 0xFF, 0xFF, 0xFF, 0x1C, 0x00,
  0x00, 0x00, 0x00, 0x00, 0x00, 0x08, 0x1C, 0x00, 0x00, 0x00,
  0x20, 0x00, 0x00, 0x00, 0x04, 0x00, 0x00, 0x00, 0x00, 0x00,
  0x06, 0x00, 0x08, 0x00, 0x07, 0x00, 0x06, 0x00, 0x00, 0x00,
  0x00, 0x00, 0x00, 0x01, 0x01, 0x00, 0x00, 0x00, 0x11, 0x00,
  0x00, 0x00, 0x03, 0x00, 0x00, 0x00, 0x10, 0x00, 0x00, 0x00,
  0x06, 0x00, 0x00, 0x00, 0x05, 0x00, 0x00, 0x00, 0xEE, 0xFE,
  0xFF, 0xFF, 0x14, 0x00, 0x00, 0x00, 0x00, 0x00, 0x00, 0x1B,
  0x10, 0x00, 0x00, 0x00, 0x14, 0x00, 0x00, 0x00, 0x03, 0x00,
  0x00, 0x00, 0x80, 0xEB, 0xFF, 0xFF, 0x01, 0x00, 0x00, 0x00,
  0x10, 0x00, 0x00, 0x00, 0x02, 0x00, 0x00, 0x00, 0x0F, 0x00,
  0x00, 0x00, 0x02, 0x00, 0x00, 0x00, 0x1E, 0xFF, 0xFF, 0xFF,
  0x14, 0x00, 0x00, 0x00, 0x00, 0x00, 0x00, 0x05, 0x24, 0x00,
  0x00, 0x00, 0x28, 0x00, 0x00, 0x00, 0x02, 0x00, 0x00, 0x00,
  0x6E, 0xFF, 0xFF, 0xFF, 0x02, 0x00, 0x00, 0x00, 0x01, 0x00,
  0x00, 0x00, 0x02, 0x00, 0x00, 0x00, 0x01, 0x00, 0x00, 0x00,
  0x00, 0x00, 0x00, 0x01, 0x01, 0x00, 0x00, 0x00, 0x0F, 0x00,
  0x00, 0x00, 0x01, 0x00, 0x00, 0x00, 0x0E, 0x00, 0x00, 0x00,
  0x5E, 0xFF, 0xFF, 0xFF, 0x14, 0x00, 0x00, 0x00, 0x00, 0x00,
  0x00, 0x01, 0x1C, 0x00, 0x00, 0x00, 0x20, 0x00, 0x00, 0x00,
  0x01, 0x00, 0x00, 0x00, 0x50, 0xFF, 0xFF, 0xFF, 0x00, 0x00,
  0x00, 0x01, 0x01, 0x00, 0x00, 0x00, 0x01, 0x00, 0x00, 0x00,
  0x01, 0x00, 0x00, 0x00, 0x0E, 0x00, 0x00, 0x00, 0x03, 0x00,
  0x00, 0x00, 0x0D, 0x00, 0x00, 0x00, 0x08, 0x00, 0x00, 0x00,
  0x07, 0x00, 0x00, 0x00, 0x00, 0x00, 0x0E, 0x00, 0x1A, 0x00,
  0x14, 0x00, 0x10, 0x00, 0x0C, 0x00, 0x0B, 0x00, 0x04, 0x00,
  0x0E, 0x00, 0x00, 0x00, 0x24, 0x00, 0x00, 0x00, 0x00, 0x00,
  0x00, 0x05, 0x34, 0x00, 0x00, 0x00, 0x38, 0x00, 0x00, 0x00,
  0x02, 0x00, 0x00, 0x00, 0x00, 0x00, 0x0E, 0x00, 0x18, 0x00,
  0x17, 0x00, 0x10, 0x00, 0x0C, 0x00, 0x08, 0x00, 0x04, 0x00,
  0x0E, 0x00, 0x00, 0x00, 0x02, 0x00, 0x00, 0x00, 0x01, 0x00,
  0x00, 0x00, 0x02, 0x00, 0x00, 0x00, 0x01, 0x00, 0x00, 0x00,
  0x00, 0x00, 0x00, 0x01, 0x01, 0x00, 0x00, 0x00, 0x0D, 0x00,
  0x00, 0x00, 0x01, 0x00, 0x00, 0x00, 0x0C, 0x00, 0x00, 0x00,
  0x00, 0x00, 0x0E, 0x00, 0x18, 0x00, 0x14, 0x00, 0x10, 0x00,
  0x0C, 0x00, 0x0B, 0x00, 0x04, 0x00, 0x0E, 0x00, 0x00, 0x00,
  0x20, 0x00, 0x00, 0x00, 0x00, 0x00, 0x00, 0x01, 0x28, 0x00,
  0x00, 0x00, 0x2C, 0x00, 0x00, 0x00, 0x01, 0x00, 0x00, 0x00,
  0x0C, 0x00, 0x10, 0x00, 0x00, 0x00, 0x0C, 0x00, 0x08, 0x00,
  0x07, 0x00, 0x0C, 0x00, 0x00, 0x00, 0x00, 0x00, 0x00, 0x01,
  0x01, 0x00, 0x00, 0x00, 0x01, 0x00, 0x00, 0x00, 0x01, 0x00,
  0x00, 0x00, 0x0C, 0x00, 0x00, 0x00, 0x03, 0x00, 0x00, 0x00,
  0x0B, 0x00, 0x00, 0x00, 0x0A, 0x00, 0x00, 0x00, 0x09, 0x00,
  0x00, 0x00, 0x00, 0x00, 0x0A, 0x00, 0x0C, 0x00, 0x00, 0x00,
  0x08, 0x00, 0x04, 0x00, 0x0A, 0x00, 0x00, 0x00, 0x08, 0x00,
  0x00, 0x00, 0x0C, 0x00, 0x00, 0x00, 0x01, 0x00, 0x00, 0x00,
  0x0B, 0x00, 0x00, 0x00, 0x02, 0x00, 0x00, 0x00, 0x00, 0x00,
  0x00, 0x00, 0x01, 0x00, 0x00, 0x00, 0x01, 0x00, 0x00, 0x00,
  0x13, 0x00, 0x00, 0x00, 0x01, 0x00, 0x00, 0x00, 0x00, 0x00,
  0x00, 0x00, 0x14, 0x00, 0x00, 0x00, 0x4C, 0x13, 0x00, 0x00,
  0xCC, 0x12, 0x00, 0x00, 0x64, 0x12, 0x00, 0x00, 0xDC, 0x11,
  0x00, 0x00, 0x60, 0x11, 0x00, 0x00, 0xDC, 0x10, 0x00, 0x00,
  0x60, 0x10, 0x00, 0x00, 0xEC, 0x0C, 0x00, 0x00, 0x78, 0x09,
  0x00, 0x00, 0x84, 0x07, 0x00, 0x00, 0x90, 0x05, 0x00, 0x00,
  0x04, 0x05, 0x00, 0x00, 0x30, 0x04, 0x00, 0x00, 0xAC, 0x03,
  0x00, 0x00, 0xD8, 0x02, 0x00, 0x00, 0x54, 0x02, 0x00, 0x00,
  0xE0, 0x01, 0x00, 0x00, 0x1C, 0x01, 0x00, 0x00, 0x70, 0x00,
  0x00, 0x00, 0x04, 0x00, 0x00, 0x00, 0x1A, 0xED, 0xFF, 0xFF,
  0x00, 0x00, 0x00, 0x01, 0x14, 0x00, 0x00, 0x00, 0x30, 0x00,
  0x00, 0x00, 0x14, 0x00, 0x00, 0x00, 0x00, 0x00, 0x00, 0x09,
  0x44, 0x00, 0x00, 0x00, 0x04, 0xED, 0xFF, 0xFF, 0x08, 0x00,
  0x00, 0x00, 0x10, 0x00, 0x00, 0x00, 0x01, 0x00, 0x00, 0x00,
  0x80, 0xFF, 0xFF, 0xFF, 0xFF, 0xFF, 0xFF, 0xFF, 0x01, 0x00,
  0x00, 0x00, 0x00, 0x00, 0x80, 0x3B, 0x19, 0x00, 0x00, 0x00,
  0x53, 0x74, 0x61, 0x74, 0x65, 0x66, 0x75, 0x6C, 0x50, 0x61,
  0x72, 0x74, 0x69, 0x74, 0x69, 0x6F, 0x6E, 0x65, 0x64, 0x43,
  0x61, 0x6C, 0x6C, 0x3A, 0x30, 0x00, 0x00, 0x00, 0x02, 0x00,
  0x00, 0x00, 0x01, 0x00, 0x00, 0x00, 0x06, 0x00, 0x00, 0x00,
  0x82, 0xED, 0xFF, 0xFF, 0x00, 0x00, 0x00, 0x01, 0x14, 0x00,
  0x00, 0x00, 0x30, 0x00, 0x00, 0x00, 0x13, 0x00, 0x00, 0x00,
  0x00, 0x00, 0x00, 0x09, 0x84, 0x00, 0x00, 0x00, 0x6C, 0xED,
  0xFF, 0xFF, 0x08, 0x00, 0x00, 0x00, 0x10, 0x00, 0x00, 0x00,
  0x01, 0x00, 0x00, 0x00, 0x2D, 0x00, 0x00, 0x00, 0x00, 0x00,
  0x00, 0x00, 0x01, 0x00, 0x00, 0x00, 0x46, 0xE3, 0x8E, 0x3E,
  0x58, 0x00, 0x00, 0x00, 0x64, 0x61, 0x67, 0x68, 0x65, 0x72,
  0x6F, 0x5F, 0x63, 0x6E, 0x6E, 0x5F, 0x32, 0x6C, 0x61, 0x79,
  0x65, 0x72, 0x5F, 0x63, 0x6F, 0x6E, 0x76, 0x32, 0x64, 0x2F,
  0x63, 0x6C, 0x61, 0x73, 0x73, 0x69, 0x66, 0x69, 0x65, 0x72,
  0x2F, 0x4D, 0x61, 0x74, 0x4D, 0x75, 0x6C, 0x3B, 0x64, 0x61,
  0x67, 0x68, 0x65, 0x72, 0x6F, 0x5F, 0x63, 0x6E, 0x6E, 0x5F,
  0x32, 0x6C, 0x61, 0x79, 0x65, 0x72, 0x5F, 0x63, 0x6F, 0x6E,
  0x76, 0x32, 0x64, 0x2F, 0x63, 0x6C, 0x61, 0x73, 0x73, 0x69,
  0x66, 0x69, 0x65, 0x72, 0x2F, 0x42, 0x69, 0x61, 0x73, 0x41,
  0x64, 0x64, 0x00, 0x00, 0x00, 0x00, 0x02, 0x00, 0x00, 0x00,
  0x01, 0x00, 0x00, 0x00, 0x06, 0x00, 0x00, 0x00, 0x2A, 0xEE,
  0xFF, 0xFF, 0x00, 0x00, 0x00, 0x01, 0x14, 0x00, 0x00, 0x00,
  0x34, 0x00, 0x00, 0x00, 0x12, 0x00, 0x00, 0x00, 0x00, 0x00,
  0x00, 0x09, 0x9C, 0x00, 0x00, 0x00, 0x14, 0xEE, 0xFF, 0xFF,
  0x08, 0x00, 0x00, 0x00, 0x14, 0x00, 0x00, 0x00, 0x01, 0x00,
  0x00, 0x00, 0x80, 0xFF, 0xFF, 0xFF, 0xFF, 0xFF, 0xFF, 0xFF,
  0x00, 0x00, 0x00, 0x00, 0x01, 0x00, 0x00, 0x00, 0x13, 0x22,
  0x2E, 0x3D, 0x6D, 0x00, 0x00, 0x00, 0x64, 0x61, 0x67, 0x68,
  0x65, 0x72, 0x6F, 0x5F, 0x63, 0x6E, 0x6E, 0x5F, 0x32, 0x6C,
  0x61, 0x79, 0x65, 0x72, 0x5F, 0x63, 0x6F, 0x6E, 0x76, 0x32,
  0x64, 0x2F, 0x66, 0x63, 0x31, 0x2F, 0x4D, 0x61, 0x74, 0x4D,
  0x75, 0x6C, 0x3B, 0x64, 0x61, 0x67, 0x68, 0x65, 0x72, 0x6F,
  0x5F, 0x63, 0x6E, 0x6E, 0x5F, 0x32, 0x6C, 0x61, 0x79, 0x65,
  0x72, 0x5F, 0x63, 0x6F, 0x6E, 0x76, 0x32, 0x64, 0x2F, 0x66,
  0x63, 0x31, 0x2F, 0x52, 0x65, 0x6C, 0x75, 0x3B, 0x64, 0x61,
  0x67, 0x68, 0x65, 0x72, 0x6F, 0x5F, 0x63, 0x6E, 0x6E, 0x5F,
  0x32, 0x6C, 0x61, 0x79, 0x65, 0x72, 0x5F, 0x63, 0x6F, 0x6E,
  0x76, 0x32, 0x64, 0x2F, 0x66, 0x63, 0x31, 0x2F, 0x42, 0x69,
  0x61, 0x73, 0x41, 0x64, 0x64, 0x00, 0x00, 0x00, 0x02, 0x00,
  0x00, 0x00, 0x01, 0x00, 0x00, 0x00, 0x40, 0x00, 0x00, 0x00,
  0xEA, 0xEE, 0xFF, 0xFF, 0x00, 0x00, 0x00, 0x01, 0x14, 0x00,
  0x00, 0x00, 0x30, 0x00, 0x00, 0x00, 0x11, 0x00, 0x00, 0x00,
  0x00, 0x00, 0x00, 0x09, 0x4C, 0x00, 0x00, 0x00, 0xD4, 0xEE,
  0xFF, 0xFF, 0x08, 0x00, 0x00, 0x00, 0x10, 0x00, 0x00, 0x00,
  0x01, 0x00, 0x00, 0x00, 0x80, 0xFF, 0xFF, 0xFF, 0xFF, 0xFF,
  0xFF, 0xFF, 0x01, 0x00, 0x00, 0x00, 0x2D, 0xD5, 0x28, 0x3C,
  0x22, 0x00, 0x00, 0x00, 0x64, 0x61, 0x67, 0x68, 0x65, 0x72,
  0x6F, 0x5F, 0x63, 0x6E, 0x6E, 0x5F, 0x32, 0x6C, 0x61, 0x79,
  0x65, 0x72, 0x5F, 0x63, 0x6F, 0x6E, 0x76, 0x32, 0x64, 0x2F,
  0x67, 0x61, 0x70, 0x2F, 0x4D, 0x65, 0x61, 0x6E, 0x00, 0x00,
  0x02, 0x00, 0x00, 0x00, 0x01, 0x00, 0x00, 0x00, 0x40, 0x00,
  0x00, 0x00, 0x5A, 0xEF, 0xFF, 0xFF, 0x00, 0x00, 0x00, 0x01,
  0x14, 0x00, 0x00, 0x00, 0x34, 0x00, 0x00, 0x00, 0x10, 0x00,
  0x00, 0x00, 0x00, 0x00, 0x00, 0x09, 0x54, 0x00, 0x00, 0x00,
  0x44, 0xEF, 0xFF, 0xFF, 0x08, 0x00, 0x00, 0x00, 0x14, 0x00,
  0x00, 0x00, 0x01, 0x00, 0x00, 0x00, 0x80, 0xFF, 0xFF, 0xFF,
  0xFF, 0xFF, 0xFF, 0xFF, 0x00, 0x00, 0x00, 0x00, 0x01, 0x00,
  0x00, 0x00, 0x53, 0x07, 0x21, 0x3D, 0x27, 0x00, 0x00, 0x00,
  0x64, 0x61, 0x67, 0x68, 0x65, 0x72, 0x6F, 0x5F, 0x63, 0x6E,
  0x6E, 0x5F, 0x32, 0x6C, 0x61, 0x79, 0x65, 0x72, 0x5F, 0x63,
  0x6F, 0x6E, 0x76, 0x32, 0x64, 0x2F, 0x70, 0x6F, 0x6F, 0x6C,
  0x32, 0x2F, 0x4D, 0x61, 0x78, 0x50, 0x6F, 0x6F, 0x6C, 0x00,
  0x04, 0x00, 0x00, 0x00, 0x01, 0x00, 0x00, 0x00, 0x0C, 0x00,
  0x00, 0x00, 0x01, 0x00, 0x00, 0x00, 0x40, 0x00, 0x00, 0x00,
  0xDA, 0xEF, 0xFF, 0xFF, 0x00, 0x00, 0x00, 0x01, 0x14, 0x00,
  0x00, 0x00, 0x30, 0x00, 0x00, 0x00, 0x0F, 0x00, 0x00, 0x00,
  0x00, 0x00, 0x00, 0x09, 0xA4, 0x00, 0x00, 0x00, 0xC4, 0xEF,
  0xFF, 0xFF, 0x08, 0x00, 0x00, 0x00, 0x10, 0x00, 0x00, 0x00,
  0x01, 0x00, 0x00, 0x00, 0x80, 0xFF, 0xFF, 0xFF, 0xFF, 0xFF,
  0xFF, 0xFF, 0x01, 0x00, 0x00, 0x00, 0x53, 0x07, 0x21, 0x3D,
  0x7A, 0x00, 0x00, 0x00, 0x64, 0x61, 0x67, 0x68, 0x65, 0x72,
  0x6F, 0x5F, 0x63, 0x6E, 0x6E, 0x5F, 0x32, 0x6C, 0x61, 0x79,
  0x65, 0x72, 0x5F, 0x63, 0x6F, 0x6E, 0x76, 0x32, 0x64, 0x2F,
  0x72, 0x65, 0x6C, 0x75, 0x32, 0x2F, 0x52, 0x65, 0x6C, 0x75,
  0x3B, 0x64, 0x61, 0x67, 0x68, 0x65, 0x72, 0x6F, 0x5F, 0x63,
  0x6E, 0x6E, 0x5F, 0x32, 0x6C, 0x61, 0x79, 0x65, 0x72, 0x5F,
  0x63, 0x6F, 0x6E, 0x76, 0x32, 0x64, 0x2F, 0x62, 0x6E, 0x32,
  0x2F, 0x46, 0x75, 0x73, 0x65, 0x64, 0x42, 0x61, 0x74, 0x63,
  0x68, 0x4E, 0x6F, 0x72, 0x6D, 0x56, 0x33, 0x3B, 0x64, 0x61,
  0x67, 0x68, 0x65, 0x72, 0x6F, 0x5F, 0x63, 0x6E, 0x6E, 0x5F,
  0x32, 0x6C, 0x61, 0x79, 0x65, 0x72, 0x5F, 0x63, 0x6F, 0x6E,
  0x76, 0x32, 0x64, 0x2F, 0x63, 0x6F, 0x6E, 0x76, 0x32, 0x2F,
  0x43, 0x6F, 0x6E, 0x76, 0x32, 0x44, 0x00, 0x00, 0x04, 0x00,
  0x00, 0x00, 0x01, 0x00, 0x00, 0x00, 0x19, 0x00, 0x00, 0x00,
  0x01, 0x00, 0x00, 0x00, 0x40, 0x00, 0x00, 0x00, 0xAA, 0xF0,
  0xFF, 0xFF, 0x00, 0x00, 0x00, 0x01, 0x14, 0x00, 0x00, 0x00,
  0x34, 0x00, 0x00, 0x00, 0x0E, 0x00, 0x00, 0x00, 0x00, 0x00,
  0x00, 0x09, 0x54, 0x00, 0x00, 0x00, 0x94, 0xF0, 0xFF, 0xFF,
  0x08, 0x00, 0x00, 0x00, 0x14, 0x00, 0x00, 0x00, 0x01, 0x00,
  0x00, 0x00, 0x80, 0xFF, 0xFF, 0xFF, 0xFF, 0xFF, 0xFF, 0xFF,
  0x00, 0x00, 0x00, 0x00, 0x01, 0x00, 0x00, 0x00, 0xCA, 0xE5,
  0x03, 0x3D, 0x27, 0x00, 0x00, 0x00, 0x64, 0x61, 0x67, 0x68,
  0x65, 0x72, 0x6F, 0x5F, 0x63, 0x6E, 0x6E, 0x5F, 0x32, 0x6C,
  0x61, 0x79, 0x65, 0x72, 0x5F, 0x63, 0x6F, 0x6E, 0x76, 0x32,
  0x64, 0x2F, 0x70, 0x6F, 0x6F, 0x6C, 0x31, 0x2F, 0x4D, 0x61,
  0x78, 0x50, 0x6F, 0x6F, 0x6C, 0x00, 0x04, 0x00, 0x00, 0x00,
  0x01, 0x00, 0x00, 0x00, 0x19, 0x00, 0x00, 0x00, 0x01, 0x00,
  0x00, 0x00, 0x20, 0x00, 0x00, 0x00, 0x2A, 0xF1, 0xFF, 0xFF,
  0x00, 0x00, 0x00, 0x01, 0x14, 0x00, 0x00, 0x00, 0x30, 0x00,
  0x00, 0x00, 0x0D, 0x00, 0x00, 0x00, 0x00, 0x00, 0x00, 0x09,
  0xA4, 0x00, 0x00, 0x00, 0x14, 0xF1, 0xFF, 0xFF, 0x08, 0x00,
  0x00, 0x00, 0x10, 0x00, 0x00, 0x00, 0x01, 0x00, 0x00, 0x00,
  0x80, 0xFF, 0xFF, 0xFF, 0xFF, 0xFF, 0xFF, 0xFF, 0x01, 0x00,
  0x00, 0x00, 0xCA, 0xE5, 0x03, 0x3D, 0x7A, 0x00, 0x00, 0x00,
  0x64, 0x61, 0x67, 0x68, 0x65, 0x72, 0x6F, 0x5F, 0x63, 0x6E,
  0x6E, 0x5F, 0x32, 0x6C, 0x61, 0x79, 0x65, 0x72, 0x5F, 0x63,
  0x6F, 0x6E, 0x76, 0x32, 0x64, 0x2F, 0x72, 0x65, 0x6C, 0x75,
  0x31, 0x2F, 0x52, 0x65, 0x6C, 0x75, 0x3B, 0x64, 0x61, 0x67,
  0x68, 0x65, 0x72, 0x6F, 0x5F, 0x63, 0x6E, 0x6E, 0x5F, 0x32,
  0x6C, 0x61, 0x79, 0x65, 0x72, 0x5F, 0x63, 0x6F, 0x6E, 0x76,
  0x32, 0x64, 0x2F, 0x62, 0x6E, 0x31, 0x2F, 0x46, 0x75, 0x73,
  0x65, 0x64, 0x42, 0x61, 0x74, 0x63, 0x68, 0x4E, 0x6F, 0x72,
  0x6D, 0x56, 0x33, 0x3B, 0x64, 0x61, 0x67, 0x68, 0x65, 0x72,
  0x6F, 0x5F, 0x63, 0x6E, 0x6E, 0x5F, 0x32, 0x6C, 0x61, 0x79,
  0x65, 0x72, 0x5F, 0x63, 0x6F, 0x6E, 0x76, 0x32, 0x64, 0x2F,
  0x63, 0x6F, 0x6E, 0x76, 0x31, 0x2F, 0x43, 0x6F, 0x6E, 0x76,
  0x32, 0x44, 0x00, 0x00, 0x04, 0x00, 0x00, 0x00, 0x01, 0x00,
  0x00, 0x00, 0x32, 0x00, 0x00, 0x00, 0x01, 0x00, 0x00, 0x00,
  0x20, 0x00, 0x00, 0x00, 0xFA, 0xF1, 0xFF, 0xFF, 0x00, 0x00,
  0x00, 0x01, 0x14, 0x00, 0x00, 0x00, 0x34, 0x00, 0x00, 0x00,
  0x0C, 0x00, 0x00, 0x00, 0x00, 0x00, 0x00, 0x09, 0x5C, 0x00,
  0x00, 0x00, 0xE4, 0xF1, 0xFF, 0xFF, 0x08, 0x00, 0x00, 0x00,
  0x14, 0x00, 0x00, 0x00, 0x01, 0x00, 0x00, 0x00, 0xF8, 0xFF,
  0xFF, 0xFF, 0xFF, 0xFF, 0xFF, 0xFF, 0x00, 0x00, 0x00, 0x00,
  0x01, 0x00, 0x00, 0x00, 0x10, 0xB2, 0x5F, 0x3D, 0x2C, 0x00,
  0x00, 0x00, 0x64, 0x61, 0x67, 0x68, 0x65, 0x72, 0x6F, 0x5F,
  0x63, 0x6E, 0x6E, 0x5F, 0x32, 0x6C, 0x61, 0x79, 0x65, 0x72,
  0x5F, 0x63, 0x6F, 0x6E, 0x76, 0x32, 0x64, 0x2F, 0x72, 0x65,
  0x73, 0x68, 0x61, 0x70, 0x65, 0x5F, 0x69, 0x6E, 0x2F, 0x52,
  0x65, 0x73, 0x68, 0x61, 0x70, 0x65, 0x00, 0x00, 0x00, 0x00,
  0x04, 0x00, 0x00, 0x00, 0x01, 0x00, 0x00, 0x00, 0x32, 0x00,
  0x00, 0x00, 0x01, 0x00, 0x00, 0x00, 0x03, 0x00, 0x00, 0x00,
  0x82, 0xF2, 0xFF, 0xFF, 0x00, 0x00, 0x00, 0x01, 0x14, 0x00,
  0x00, 0x00, 0xA4, 0x01, 0x00, 0x00, 0x0B, 0x00, 0x00, 0x00,
  0x00, 0x00, 0x00, 0x09, 0xC4, 0x01, 0x00, 0x00, 0x6C, 0xF2,
  0xFF, 0xFF, 0x08, 0x00, 0x00, 0x00, 0x08, 0x01, 0x00, 0x00,
  0x20, 0x00, 0x00, 0x00, 0x00, 0x00, 0x00, 0x00, 0x00, 0x00,
  0x00, 0x00, 0x00, 0x00, 0x00, 0x00, 0x00, 0x00, 0x00, 0x00,
  0x00, 0x00, 0x00, 0x00, 0x00, 0x00, 0x00, 0x00, 0x00, 0x00,
  0x00, 0x00, 0x00, 0x00, 0x00, 0x00, 0x00, 0x00, 0x00, 0x00,
  0x00, 0x00, 0x00, 0x00, 0x00, 0x00, 0x00, 0x00, 0x00, 0x00,
  0x00, 0x00, 0x00, 0x00, 0x00, 0x00, 0x00, 0x00, 0x00, 0x00,
  0x00, 0x00, 0x00, 0x00, 0x00, 0x00, 0x00, 0x00, 0x00, 0x00,
  0x00, 0x00, 0x00, 0x00, 0x00, 0x00, 0x00, 0x00, 0x00, 0x00,
  0x00, 0x00, 0x00, 0x00, 0x00, 0x00, 0x00, 0x00, 0x00, 0x00,
  0x00, 0x00, 0x00, 0x00, 0x00, 0x00, 0x00, 0x00, 0x00, 0x00,
  0x00, 0x00, 0x00, 0x00, 0x00, 0x00, 0x00, 0x00, 0x00, 0x00,
  0x00, 0x00, 0x00, 0x00, 0x00, 0x00, 0x00, 0x00, 0x00, 0x00,
  0x00, 0x00, 0x00, 0x00, 0x00, 0x00, 0x00, 0x00, 0x00, 0x00,
  0x00, 0x00, 0x00, 0x00, 0x00, 0x00, 0x00, 0x00, 0x00, 0x00,
  0x00, 0x00, 0x00, 0x00, 0x00, 0x00, 0x00, 0x00, 0x00, 0x00,
  0x00, 0x00, 0x00, 0x00, 0x00, 0x00, 0x00, 0x00, 0x00, 0x00,
  0x00, 0x00, 0x00, 0x00, 0x00, 0x00, 0x00, 0x00, 0x00, 0x00,
  0x00, 0x00, 0x00, 0x00, 0x00, 0x00, 0x00, 0x00, 0x00, 0x00,
  0x00, 0x00, 0x00, 0x00, 0x00, 0x00, 0x00, 0x00, 0x00, 0x00,
  0x00, 0x00, 0x00, 0x00, 0x00, 0x00, 0x00, 0x00, 0x00, 0x00,
  0x00, 0x00, 0x00, 0x00, 0x00, 0x00, 0x00, 0x00, 0x00, 0x00,
  0x00, 0x00, 0x00, 0x00, 0x00, 0x00, 0x00, 0x00, 0x00, 0x00,
  0x00, 0x00, 0x00, 0x00, 0x00, 0x00, 0x00, 0x00, 0x00, 0x00,
  0x00, 0x00, 0x00, 0x00, 0x00, 0x00, 0x00, 0x00, 0x00, 0x00,
  0x00, 0x00, 0x00, 0x00, 0x00, 0x00, 0x00, 0x00, 0x00, 0x00,
  0x00, 0x00, 0x00, 0x00, 0x00, 0x00, 0x00, 0x00, 0x00, 0x00,
  0x20, 0x00, 0x00, 0x00, 0x91, 0x68, 0x23, 0x3B, 0x8C, 0x56,
  0x9D, 0x3B, 0x39, 0x64, 0x61, 0x3B, 0x3A, 0x79, 0xA0, 0x3B,
  0x75, 0xEE, 0x6E, 0x3B, 0x2E, 0x0F, 0x96, 0x3B, 0x90, 0x53,
  0x25, 0x3B, 0x32, 0xBD, 0x14, 0x3B, 0x24, 0xAB, 0xC4, 0x3B,
  0xCC, 0x34, 0xFA, 0x3A, 0xFB, 0xF8, 0x02, 0x3B, 0x44, 0x61,
  0x8A, 0x3B, 0x51, 0xF1, 0x15, 0x3B, 0xDA, 0x72, 0x36, 0x3B,
  0xE7, 0x6E, 0x69, 0x3B, 0xBD, 0xB3, 0xB9, 0x3B, 0x84, 0xE1,
  0x48, 0x3B, 0x52, 0x0E, 0x9A, 0x3B, 0x75, 0x25, 0x79, 0x3B,
  0xD2, 0x1A, 0x37, 0x3B, 0x7B, 0x07, 0xAE, 0x3B, 0x03, 0x86,
  0x9B, 0x3B, 0xE6, 0xD0, 0x4B, 0x3B, 0xA3, 0x5B, 0x5B, 0x3B,
  0xB9, 0x58, 0x9E, 0x3B, 0x8F, 0xB6, 0x19, 0x3B, 0xEC, 0x43,
  0xA4, 0x3B, 0xFC, 0xA2, 0xA6, 0x3B, 0xAE, 0xAE, 0x5E, 0x3B,
  0x9A, 0x7E, 0x5E, 0x3B, 0x98, 0xEE, 0x6C, 0x3B, 0xF1, 0x82,
  0x97, 0x3B, 0x26, 0x00, 0x00, 0x00, 0x64, 0x61, 0x67, 0x68,
  0x65, 0x72, 0x6F, 0x5F, 0x63, 0x6E, 0x6E, 0x5F, 0x32, 0x6C,
  0x61, 0x79, 0x65, 0x72, 0x5F, 0x63, 0x6F, 0x6E, 0x76, 0x32,
  0x64, 0x2F, 0x63, 0x6F, 0x6E, 0x76, 0x31, 0x2F, 0x43, 0x6F,
  0x6E, 0x76, 0x32, 0x44, 0x00, 0x00, 0x04, 0x00, 0x00, 0x00,
  0x20, 0x00, 0x00, 0x00, 0x07, 0x00, 0x00, 0x00, 0x01, 0x00,
  0x00, 0x00, 0x03, 0x00, 0x00, 0x00, 0x72, 0xF4, 0xFF, 0xFF,
  0x00, 0x00, 0x00, 0x01, 0x14, 0x00, 0x00, 0x00, 0xA8, 0x01,
  0x00, 0x00, 0x0A, 0x00, 0x00, 0x00, 0x00, 0x00, 0x00, 0x02,
  0xD0, 0x01, 0x00, 0x00, 0x5C, 0xF4, 0xFF, 0xFF, 0x08, 0x00,
  0x00, 0x00, 0x0C, 0x01, 0x00, 0x00, 0x20, 0x00, 0x00, 0x00,
  0x00, 0x00, 0x00, 0x00, 0x00, 0x00, 0x00, 0x00, 0x00, 0x00,
  0x00, 0x00, 0x00, 0x00, 0x00, 0x00, 0x00, 0x00, 0x00, 0x00,
  0x00, 0x00, 0x00, 0x00, 0x00, 0x00, 0x00, 0x00, 0x00, 0x00,
  0x00, 0x00, 0x00, 0x00, 0x00, 0x00, 0x00, 0x00, 0x00, 0x00,
  0x00, 0x00, 0x00, 0x00, 0x00, 0x00, 0x00, 0x00, 0x00, 0x00,
  0x00, 0x00, 0x00, 0x00, 0x00, 0x00, 0x00, 0x00, 0x00, 0x00,
  0x00, 0x00, 0x00, 0x00, 0x00, 0x00, 0x00, 0x00, 0x00, 0x00,
  0x00, 0x00, 0x00, 0x00, 0x00, 0x00, 0x00, 0x00, 0x00, 0x00,
  0x00, 0x00, 0x00, 0x00, 0x00, 0x00, 0x00, 0x00, 0x00, 0x00,
  0x00, 0x00, 0x00, 0x00, 0x00, 0x00, 0x00, 0x00, 0x00, 0x00,
  0x00, 0x00, 0x00, 0x00, 0x00, 0x00, 0x00, 0x00, 0x00, 0x00,
  0x00, 0x00, 0x00, 0x00, 0x00, 0x00, 0x00, 0x00, 0x00, 0x00,
  0x00, 0x00, 0x00, 0x00, 0x00, 0x00, 0x00, 0x00, 0x00, 0x00,
  0x00, 0x00, 0x00, 0x00, 0x00, 0x00, 0x00, 0x00, 0x00, 0x00,
  0x00, 0x00, 0x00, 0x00, 0x00, 0x00, 0x00, 0x00, 0x00, 0x00,
  0x00, 0x00, 0x00, 0x00, 0x00, 0x00, 0x00, 0x00, 0x00, 0x00,
  0x00, 0x00, 0x00, 0x00, 0x00, 0x00, 0x00, 0x00, 0x00, 0x00,
  0x00, 0x00, 0x00, 0x00, 0x00, 0x00, 0x00, 0x00, 0x00, 0x00,
  0x00, 0x00, 0x00, 0x00, 0x00, 0x00, 0x00, 0x00, 0x00, 0x00,
  0x00, 0x00, 0x00, 0x00, 0x00, 0x00, 0x00, 0x00, 0x00, 0x00,
  0x00, 0x00, 0x00, 0x00, 0x00, 0x00, 0x00, 0x00, 0x00, 0x00,
  0x00, 0x00, 0x00, 0x00, 0x00, 0x00, 0x00, 0x00, 0x00, 0x00,
  0x00, 0x00, 0x00, 0x00, 0x00, 0x00, 0x00, 0x00, 0x00, 0x00,
  0x00, 0x00, 0x00, 0x00, 0x00, 0x00, 0x00, 0x00, 0x00, 0x00,
  0x00, 0x00, 0x00, 0x00, 0x00, 0x00, 0x00, 0x00, 0x00, 0x00,
  0x00, 0x00, 0x00, 0x00, 0x00, 0x00, 0x00, 0x00, 0x00, 0x00,
  0x20, 0x00, 0x00, 0x00, 0xBF, 0xC9, 0x0E, 0x39, 0xD4, 0x7B,
  0x89, 0x39, 0x13, 0xF3, 0x44, 0x39, 0x38, 0x39, 0x8C, 0x39,
  0xE9, 0xC7, 0x50, 0x39, 0x99, 0x1F, 0x83, 0x39, 0xC9, 0x76,
  0x10, 0x39, 0x43, 0xF8, 0x01, 0x39, 0xE0, 0xD9, 0xAB, 0x39,
  0x06, 0xA2, 0xDA, 0x38, 0xF8, 0xE3, 0xE4, 0x38, 0xF5, 0xD5,
  0x71, 0x39, 0x81, 0x05, 0x03, 0x39, 0xF3, 0x6C, 0x1F, 0x39,
  0xF9, 0xF9, 0x4B, 0x39, 0xBC, 0x44, 0xA2, 0x39, 0x2B, 0x88,
  0x2F, 0x39, 0xA1, 0x9D, 0x86, 0x39, 0xED, 0xB4, 0x59, 0x39,
  0xB9, 0xFF, 0x1F, 0x39, 0x90, 0x11, 0x98, 0x39, 0xEA, 0xE5,
  0x87, 0x39, 0xBC, 0x18, 0x32, 0x39, 0x66, 0xAD, 0x3F, 0x39,
  0x6D, 0x5D, 0x8A, 0x39, 0xF1, 0x50, 0x06, 0x39, 0x6C, 0x89,
  0x8F, 0x39, 0xE1, 0x9B, 0x91, 0x39, 0x0D, 0x95, 0x42, 0x39,
  0x0A, 0x6B, 0x42, 0x39, 0xA3, 0x08, 0x4F, 0x39, 0x72, 0x64,
  0x84, 0x39, 0x2E, 0x00, 0x00, 0x00, 0x64, 0x61, 0x67, 0x68,
  0x65, 0x72, 0x6F, 0x5F, 0x63, 0x6E, 0x6E, 0x5F, 0x32, 0x6C,
  0x61, 0x79, 0x65, 0x72, 0x5F, 0x63, 0x6F, 0x6E, 0x76, 0x32,
  0x64, 0x2F, 0x62, 0x6E, 0x31, 0x2F, 0x46, 0x75, 0x73, 0x65,
  0x64, 0x42, 0x61, 0x74, 0x63, 0x68, 0x4E, 0x6F, 0x72, 0x6D,
  0x56, 0x33, 0x00, 0x00, 0x01, 0x00, 0x00, 0x00, 0x20, 0x00,
  0x00, 0x00, 0x62, 0xF6, 0xFF, 0xFF, 0x00, 0x00, 0x00, 0x01,
  0x14, 0x00, 0x00, 0x00, 0x24, 0x03, 0x00, 0x00, 0x09, 0x00,
  0x00, 0x00, 0x00, 0x00, 0x00, 0x09, 0x44, 0x03, 0x00, 0x00,
  0x4C, 0xF6, 0xFF, 0xFF, 0x08, 0x00, 0x00, 0x00, 0x08, 0x02,
  0x00, 0x00, 0x40, 0x00, 0x00, 0x00, 0x00, 0x00, 0x00, 0x00,
  0x00, 0x00, 0x00, 0x00, 0x00, 0x00, 0x00, 0x00, 0x00, 0x00,
  0x00, 0x00, 0x00, 0x00, 0x00, 0x00, 0x00, 0x00, 0x00, 0x00,
  0x00, 0x00, 0x00, 0x00, 0x00, 0x00, 0x00, 0x00, 0x00, 0x00,
  0x00, 0x00, 0x00, 0x00, 0x00, 0x00, 0x00, 0x00, 0x00, 0x00,
  0x00, 0x00, 0x00, 0x00, 0x00, 0x00, 0x00, 0x00, 0x00, 0x00,
  0x00, 0x00, 0x00, 0x00, 0x00, 0x00, 0x00, 0x00, 0x00, 0x00,
  0x00, 0x00, 0x00, 0x00, 0x00, 0x00, 0x00, 0x00, 0x00, 0x00,
  0x00, 0x00, 0x00, 0x00, 0x00, 0x00, 0x00, 0x00, 0x00, 0x00,
  0x00, 0x00, 0x00, 0x00, 0x00, 0x00, 0x00, 0x00, 0x00, 0x00,
  0x00, 0x00, 0x00, 0x00, 0x00, 0x00, 0x00, 0x00, 0x00, 0x00,
  0x00, 0x00, 0x00, 0x00, 0x00, 0x00, 0x00, 0x00, 0x00, 0x00,
  0x00, 0x00, 0x00, 0x00, 0x00, 0x00, 0x00, 0x00, 0x00, 0x00,
  0x00, 0x00, 0x00, 0x00, 0x00, 0x00, 0x00, 0x00, 0x00, 0x00,
  0x00, 0x00, 0x00, 0x00, 0x00, 0x00, 0x00, 0x00, 0x00, 0x00,
  0x00, 0x00, 0x00, 0x00, 0x00, 0x00, 0x00, 0x00, 0x00, 0x00,
  0x00, 0x00, 0x00, 0x00, 0x00, 0x00, 0x00, 0x00, 0x00, 0x00,
  0x00, 0x00, 0x00, 0x00, 0x00, 0x00, 0x00, 0x00, 0x00, 0x00,
  0x00, 0x00, 0x00, 0x00, 0x00, 0x00, 0x00, 0x00, 0x00, 0x00,
  0x00, 0x00, 0x00, 0x00, 0x00, 0x00, 0x00, 0x00, 0x00, 0x00,
  0x00, 0x00, 0x00, 0x00, 0x00, 0x00, 0x00, 0x00, 0x00, 0x00,
  0x00, 0x00, 0x00, 0x00, 0x00, 0x00, 0x00, 0x00, 0x00, 0x00,
  0x00, 0x00, 0x00, 0x00, 0x00, 0x00, 0x00, 0x00, 0x00, 0x00,
  0x00, 0x00, 0x00, 0x00, 0x00, 0x00, 0x00, 0x00, 0x00, 0x00,
  0x00, 0x00, 0x00, 0x00, 0x00, 0x00, 0x00, 0x00, 0x00, 0x00,
  0x00, 0x00, 0x00, 0x00, 0x00, 0x00, 0x00, 0x00, 0x00, 0x00,
  0x00, 0x00, 0x00, 0x00, 0x00, 0x00, 0x00, 0x00, 0x00, 0x00,
  0x00, 0x00, 0x00, 0x00, 0x00, 0x00, 0x00, 0x00, 0x00, 0x00,
  0x00, 0x00, 0x00, 0x00, 0x00, 0x00, 0x00, 0x00, 0x00, 0x00,
  0x00, 0x00, 0x00, 0x00, 0x00, 0x00, 0x00, 0x00, 0x00, 0x00,
  0x00, 0x00, 0x00, 0x00, 0x00, 0x00, 0x00, 0x00, 0x00, 0x00,
  0x00, 0x00, 0x00, 0x00, 0x00, 0x00, 0x00, 0x00, 0x00, 0x00,
  0x00, 0x00, 0x00, 0x00, 0x00, 0x00, 0x00, 0x00, 0x00, 0x00,
  0x00, 0x00, 0x00, 0x00, 0x00, 0x00, 0x00, 0x00, 0x00, 0x00,
  0x00, 0x00, 0x00, 0x00, 0x00, 0x00, 0x00, 0x00, 0x00, 0x00,
  0x00, 0x00, 0x00, 0x00, 0x00, 0x00, 0x00, 0x00, 0x00, 0x00,
  0x00, 0x00, 0x00, 0x00, 0x00, 0x00, 0x00, 0x00, 0x00, 0x00,
  0x00, 0x00, 0x00, 0x00, 0x00, 0x00, 0x00, 0x00, 0x00, 0x00,
  0x00, 0x00, 0x00, 0x00, 0x00, 0x00, 0x00, 0x00, 0x00, 0x00,
  0x00, 0x00, 0x00, 0x00, 0x00, 0x00, 0x00, 0x00, 0x00, 0x00,
  0x00, 0x00, 0x00, 0x00, 0x00, 0x00, 0x00, 0x00, 0x00, 0x00,
  0x00, 0x00, 0x00, 0x00, 0x00, 0x00, 0x00, 0x00, 0x00, 0x00,
  0x00, 0x00, 0x00, 0x00, 0x00, 0x00, 0x00, 0x00, 0x00, 0x00,
  0x00, 0x00, 0x00, 0x00, 0x00, 0x00, 0x00, 0x00, 0x00, 0x00,
  0x00, 0x00, 0x00, 0x00, 0x00, 0x00, 0x00, 0x00, 0x00, 0x00,
  0x00, 0x00, 0x00, 0x00, 0x00, 0x00, 0x00, 0x00, 0x00, 0x00,
  0x00, 0x00, 0x00, 0x00, 0x00, 0x00, 0x00, 0x00, 0x00, 0x00,
  0x00, 0x00, 0x00, 0x00, 0x00, 0x00, 0x00, 0x00, 0x00, 0x00,
  0x00, 0x00, 0x00, 0x00, 0x00, 0x00, 0x00, 0x00, 0x00, 0x00,
  0x00, 0x00, 0x00, 0x00, 0x00, 0x00, 0x00, 0x00, 0x00, 0x00,
  0x00, 0x00, 0x00, 0x00, 0x00, 0x00, 0x00, 0x00, 0x00, 0x00,
  0x00, 0x00, 0x00, 0x00, 0x00, 0x00, 0x00, 0x00, 0x40, 0x00,
  0x00, 0x00, 0x01, 0x60, 0x4B, 0x3B, 0xED, 0xA3, 0x64, 0x3B,
  0x52, 0x8C, 0x41, 0x3B, 0x9E, 0x9E, 0xFB, 0x3A, 0xF7, 0x24,
  0x40, 0x3B, 0x23, 0xA1, 0x4D, 0x3B, 0x8C, 0xBB, 0x5D, 0x3B,
  0x64, 0x6E, 0x29, 0x3B, 0x32, 0x19, 0x6B, 0x3B, 0x5B, 0xCD,
  0x1E, 0x3B, 0xD3, 0x57, 0x82, 0x3B, 0x7C, 0xF2, 0x4B, 0x3B,
  0xDD, 0x2E, 0x2C, 0x3B, 0x23, 0x49, 0x19, 0x3B, 0x42, 0xEC,
  0x37, 0x3B, 0x58, 0x3C, 0x60, 0x3B, 0x6B, 0x52, 0xFB, 0x3A,
  0x73, 0x02, 0x08, 0x3B, 0xCD, 0xC1, 0x30, 0x3B, 0x20, 0xDF,
  0x63, 0x3B, 0x1F, 0x56, 0x00, 0x3B, 0x2E, 0x8B, 0x3D, 0x3B,
  0x0D, 0x26, 0x6B, 0x3B, 0x34, 0x1F, 0x29, 0x3B, 0xE2, 0xE0,
  0x08, 0x3B, 0x92, 0xB4, 0x0B, 0x3B, 0xBE, 0xA8, 0x5D, 0x3B,
  0x25, 0x30, 0x3E, 0x3B, 0xFA, 0x7F, 0x66, 0x3B, 0x96, 0x28,
  0x45, 0x3B, 0x7D, 0x76, 0x14, 0x3B, 0x14, 0x21, 0x4F, 0x3B,
  0xF3, 0xB3, 0x36, 0x3B, 0xE9, 0x80, 0x73, 0x3B, 0xA7, 0x04,
  0x11, 0x3B, 0x51, 0x44, 0x3B, 0x3B, 0x45, 0xCD, 0x57, 0x3B,
  0x59, 0x06, 0x4A, 0x3B, 0x14, 0xCE, 0x44, 0x3B, 0xE8, 0x61,
  0x63, 0x3B, 0xC6, 0xEB, 0x7B, 0x3B, 0xB3, 0xEB, 0x11, 0x3B,
  0xC4, 0xBE, 0xDB, 0x3A, 0x5B, 0xB4, 0x1A, 0x3B, 0xC2, 0xC6,
  0x38, 0x3B, 0xD6, 0x2E, 0x39, 0x3B, 0x06, 0xA8, 0x0D, 0x3B,
  0xCA, 0x42, 0x4F, 0x3B, 0x2E, 0x62, 0x22, 0x3B, 0x6A, 0x81,
  0xC5, 0x3A, 0xC2, 0x53, 0x74, 0x3B, 0x0B, 0xF2, 0x44, 0x3B,
  0x7E, 0x63, 0x67, 0x3B, 0xC4, 0xA5, 0x2C, 0x3B, 0xFF, 0xEA,
  0x58, 0x3B, 0x87, 0x3B, 0x31, 0x3B, 0x3F, 0x64, 0xE3, 0x3A,
  0x86, 0xA0, 0x5C, 0x3B, 0xBC, 0x92, 0x5B, 0x3B, 0xDF, 0x70,
  0x36, 0x3B, 0x14, 0x39, 0x71, 0x3B, 0x7B, 0x56, 0x0E, 0x3B,
  0xEE, 0xD7, 0x32, 0x3B, 0xDE, 0xCA, 0x60, 0x3B, 0x26, 0x00,
  0x00, 0x00, 0x64, 0x61, 0x67, 0x68, 0x65, 0x72, 0x6F, 0x5F,
  0x63, 0x6E, 0x6E, 0x5F, 0x32, 0x6C, 0x61, 0x79, 0x65, 0x72,
  0x5F, 0x63, 0x6F, 0x6E, 0x76, 0x32, 0x64, 0x2F, 0x63, 0x6F,
  0x6E, 0x76, 0x32, 0x2F, 0x43, 0x6F, 0x6E, 0x76, 0x32, 0x44,
  0x00, 0x00, 0x04, 0x00, 0x00, 0x00, 0x40, 0x00, 0x00, 0x00,
  0x07, 0x00, 0x00, 0x00, 0x01, 0x00, 0x00, 0x00, 0x20, 0x00,
  0x00, 0x00, 0xD2, 0xF9, 0xFF, 0xFF, 0x00, 0x00, 0x00, 0x01,
  0x14, 0x00, 0x00, 0x00, 0x28, 0x03, 0x00, 0x00, 0x08, 0x00,
  0x00, 0x00, 0x00, 0x00, 0x00, 0x02, 0x50, 0x03, 0x00, 0x00,
  0xBC, 0xF9, 0xFF, 0xFF, 0x08, 0x00, 0x00, 0x00, 0x0C, 0x02,
  0x00, 0x00, 0x40, 0x00, 0x00, 0x00, 0x00, 0x00, 0x00, 0x00,
  0x00, 0x00, 0x00, 0x00, 0x00, 0x00, 0x00, 0x00, 0x00, 0x00,
  0x00, 0x00, 0x00, 0x00, 0x00, 0x00, 0x00, 0x00, 0x00, 0x00,
  0x00, 0x00, 0x00, 0x00, 0x00, 0x00, 0x00, 0x00, 0x00, 0x00,
  0x00, 0x00, 0x00, 0x00, 0x00, 0x00, 0x00, 0x00, 0x00, 0x00,
  0x00, 0x00, 0x00, 0x00, 0x00, 0x00, 0x00, 0x00, 0x00, 0x00,
  0x00, 0x00, 0x00, 0x00, 0x00, 0x00, 0x00, 0x00, 0x00, 0x00,
  0x00, 0x00, 0x00, 0x00, 0x00, 0x00, 0x00, 0x00, 0x00, 0x00,
  0x00, 0x00, 0x00, 0x00, 0x00, 0x00, 0x00, 0x00, 0x00, 0x00,
  0x00, 0x00, 0x00, 0x00, 0x00, 0x00, 0x00, 0x00, 0x00, 0x00,
  0x00, 0x00, 0x00, 0x00, 0x00, 0x00, 0x00, 0x00, 0x00, 0x00,
  0x00, 0x00, 0x00, 0x00, 0x00, 0x00, 0x00, 0x00, 0x00, 0x00,
  0x00, 0x00, 0x00, 0x00, 0x00, 0x00, 0x00, 0x00, 0x00, 0x00,
  0x00, 0x00, 0x00, 0x00, 0x00, 0x00, 0x00, 0x00, 0x00, 0x00,
  0x00, 0x00, 0x00, 0x00, 0x00, 0x00, 0x00, 0x00, 0x00, 0x00,
  0x00, 0x00, 0x00, 0x00, 0x00, 0x00, 0x00, 0x00, 0x00, 0x00,
  0x00, 0x00, 0x00, 0x00, 0x00, 0x00, 0x00, 0x00, 0x00, 0x00,
  0x00, 0x00, 0x00, 0x00, 0x00, 0x00, 0x00, 0x00, 0x00, 0x00,
  0x00, 0x00, 0x00, 0x00, 0x00, 0x00, 0x00, 0x00, 0x00, 0x00,
  0x00, 0x00, 0x00, 0x00, 0x00, 0x00, 0x00, 0x00, 0x00, 0x00,
  0x00, 0x00, 0x00, 0x00, 0x00, 0x00, 0x00, 0x00, 0x00, 0x00,
  0x00, 0x00, 0x00, 0x00, 0x00, 0x00, 0x00, 0x00, 0x00, 0x00,
  0x00, 0x00, 0x00, 0x00, 0x00, 0x00, 0x00, 0x00, 0x00, 0x00,
  0x00, 0x00, 0x00, 0x00, 0x00, 0x00, 0x00, 0x00, 0x00, 0x00,
  0x00, 0x00, 0x00, 0x00, 0x00, 0x00, 0x00, 0x00, 0x00, 0x00,
  0x00, 0x00, 0x00, 0x00, 0x00, 0x00, 0x00, 0x00, 0x00, 0x00,
  0x00, 0x00, 0x00, 0x00, 0x00, 0x00, 0x00, 0x00, 0x00, 0x00,
  0x00, 0x00, 0x00, 0x00, 0x00, 0x00, 0x00, 0x00, 0x00, 0x00,
  0x00, 0x00, 0x00, 0x00, 0x00, 0x00, 0x00, 0x00, 0x00, 0x00,
  0x00, 0x00, 0x00, 0x00, 0x00, 0x00, 0x00, 0x00, 0x00, 0x00,
  0x00, 0x00, 0x00, 0x00, 0x00, 0x00, 0x00, 0x00, 0x00, 0x00,
  0x00, 0x00, 0x00, 0x00, 0x00, 0x00, 0x00, 0x00, 0x00, 0x00,
  0x00, 0x00, 0x00, 0x00, 0x00, 0x00, 0x00, 0x00, 0x00, 0x00,
  0x00, 0x00, 0x00, 0x00, 0x00, 0x00, 0x00, 0x00, 0x00, 0x00,
  0x00, 0x00, 0x00, 0x00, 0x00, 0x00, 0x00, 0x00, 0x00, 0x00,
  0x00, 0x00, 0x00, 0x00, 0x00, 0x00, 0x00, 0x00, 0x00, 0x00,
  0x00, 0x00, 0x00, 0x00, 0x00, 0x00, 0x00, 0x00, 0x00, 0x00,
  0x00, 0x00, 0x00, 0x00, 0x00, 0x00, 0x00, 0x00, 0x00, 0x00,
  0x00, 0x00, 0x00, 0x00, 0x00, 0x00, 0x00, 0x00, 0x00, 0x00,
  0x00, 0x00, 0x00, 0x00, 0x00, 0x00, 0x00, 0x00, 0x00, 0x00,
  0x00, 0x00, 0x00, 0x00, 0x00, 0x00, 0x00, 0x00, 0x00, 0x00,
  0x00, 0x00, 0x00, 0x00, 0x00, 0x00, 0x00, 0x00, 0x00, 0x00,
  0x00, 0x00, 0x00, 0x00, 0x00, 0x00, 0x00, 0x00, 0x00, 0x00,
  0x00, 0x00, 0x00, 0x00, 0x00, 0x00, 0x00, 0x00, 0x00, 0x00,
  0x00, 0x00, 0x00, 0x00, 0x00, 0x00, 0x00, 0x00, 0x00, 0x00,
  0x00, 0x00, 0x00, 0x00, 0x00, 0x00, 0x00, 0x00, 0x00, 0x00,
  0x00, 0x00, 0x00, 0x00, 0x00, 0x00, 0x00, 0x00, 0x00, 0x00,
  0x00, 0x00, 0x00, 0x00, 0x00, 0x00, 0x00, 0x00, 0x00, 0x00,
  0x00, 0x00, 0x00, 0x00, 0x00, 0x00, 0x00, 0x00, 0x00, 0x00,
  0x00, 0x00, 0x00, 0x00, 0x00, 0x00, 0x00, 0x00, 0x00, 0x00,
  0x00, 0x00, 0x00, 0x00, 0x00, 0x00, 0x00, 0x00, 0x00, 0x00,
  0x00, 0x00, 0x00, 0x00, 0x00, 0x00, 0x00, 0x00, 0x00, 0x00,
  0x00, 0x00, 0x40, 0x00, 0x00, 0x00, 0x5C, 0x91, 0xD1, 0x38,
  0x3B, 0x9A, 0xEB, 0x38, 0x12, 0x71, 0xC7, 0x38, 0x06, 0xA4,
  0x81, 0x38, 0xC6, 0xFE, 0xC5, 0x38, 0x11, 0xE4, 0xD3, 0x38,
  0x01, 0x7C, 0xE4, 0x38, 0x25, 0x97, 0xAE, 0x38, 0xD7, 0x41,
  0xF2, 0x38, 0x41, 0xA3, 0xA3, 0x38, 0xE1, 0x4F, 0x06, 0x39,
  0x4D, 0x28, 0xD2, 0x38, 0x12, 0x6D, 0xB1, 0x38, 0x09, 0xF4,
  0x9D, 0x38, 0xFA, 0x85, 0xBD, 0x38, 0x50, 0x10, 0xE7, 0x38,
  0xC4, 0x7C, 0x81, 0x38, 0xAD, 0x26, 0x8C, 0x38, 0xA9, 0x23,
  0xB6, 0x38, 0x70, 0xCF, 0xEA, 0x38, 0x88, 0x3E, 0x84, 0x38,
  0xB7, 0x50, 0xC3, 0x38, 0x16, 0x4F, 0xF2, 0x38, 0x8C, 0x45,
  0xAE, 0x38, 0xE2, 0x0B, 0x8D, 0x38, 0x9B, 0xF5, 0x8F, 0x38,
  0xA0, 0x68, 0xE4, 0x38, 0xB4, 0xFA, 0xC3, 0x38, 0xC7, 0x84,
  0xED, 0x38, 0x7B, 0x29, 0xCB, 0x38, 0xCA, 0xFB, 0x98, 0x38,
  0xB3, 0x6F, 0xD5, 0x38, 0x29, 0x44, 0xBC, 0x38, 0x13, 0xEB,
  0xFA, 0x38, 0x1A, 0x6F, 0x95, 0x38, 0x1B, 0xF8, 0xC0, 0x38,
  0x7E, 0x5F, 0xDE, 0x38, 0x2D, 0x2D, 0xD0, 0x38, 0x38, 0xCC,
  0xCA, 0x38, 0x67, 0x4E, 0xEA, 0x38, 0xC7, 0xCB, 0x01, 0x39,
  0x2F, 0x5D, 0x96, 0x38, 0xBB, 0x6F, 0x62, 0x38, 0x50, 0x6A,
  0x9F, 0x38, 0x22, 0x67, 0xBE, 0x38, 0x61, 0xD2, 0xBE, 0x38,
  0x44, 0xF8, 0x91, 0x38, 0x6F, 0x92, 0xD5, 0x38, 0xFF, 0x53,
  0xA7, 0x38, 0x04, 0x85, 0x4B, 0x38, 0x58, 0xC4, 0xFB, 0x38,
  0x47, 0xF1, 0xCA, 0x38, 0x38, 0x6F, 0xEE, 0x38, 0x98, 0xE7,
  0xB1, 0x38, 0xEC, 0x85, 0xDF, 0x38, 0x18, 0xA1, 0xB6, 0x38,
  0xD1, 0x50, 0x6A, 0x38, 0x5D, 0x58, 0xE3, 0x38, 0x5B, 0x42,
  0xE2, 0x38, 0x0A, 0xFF, 0xBB, 0x38, 0x77, 0x91, 0xF8, 0x38,
  0x09, 0xAC, 0x92, 0x38, 0x0E, 0x4A, 0xB8, 0x38, 0x2D, 0xA3,
  0xE7, 0x38, 0x2E, 0x00, 0x00, 0x00, 0x64, 0x61, 0x67, 0x68,
  0x65, 0x72, 0x6F, 0x5F, 0x63, 0x6E, 0x6E, 0x5F, 0x32, 0x6C,
  0x61, 0x79, 0x65, 0x72, 0x5F, 0x63, 0x6F, 0x6E, 0x76, 0x32,
  0x64, 0x2F, 0x62, 0x6E, 0x32, 0x2F, 0x46, 0x75, 0x73, 0x65,
  0x64, 0x42, 0x61, 0x74, 0x63, 0x68, 0x4E, 0x6F, 0x72, 0x6D,
  0x56, 0x33, 0x00, 0x00, 0x01, 0x00, 0x00, 0x00, 0x40, 0x00,
  0x00, 0x00, 0x42, 0xFD, 0xFF, 0xFF, 0x00, 0x00, 0x00, 0x01,
  0x14, 0x00, 0x00, 0x00, 0x34, 0x00, 0x00, 0x00, 0x07, 0x00,
  0x00, 0x00, 0x00, 0x00, 0x00, 0x09, 0x54, 0x00, 0x00, 0x00,
  0x2C, 0xFD, 0xFF, 0xFF, 0x08, 0x00, 0x00, 0x00, 0x14, 0x00,
  0x00, 0x00, 0x01, 0x00, 0x00, 0x00, 0x00, 0x00, 0x00, 0x00,
  0x00, 0x00, 0x00, 0x00, 0x00, 0x00, 0x00, 0x00, 0x01, 0x00,
  0x00, 0x00, 0x78, 0x9E, 0x63, 0x3C, 0x24, 0x00, 0x00, 0x00,
  0x64, 0x61, 0x67, 0x68, 0x65, 0x72, 0x6F, 0x5F, 0x63, 0x6E,
  0x6E, 0x5F, 0x32, 0x6C, 0x61, 0x79, 0x65, 0x72, 0x5F, 0x63,
  0x6F, 0x6E, 0x76, 0x32, 0x64, 0x2F, 0x66, 0x63, 0x31, 0x2F,
  0x4D, 0x61, 0x74, 0x4D, 0x75, 0x6C, 0x00, 0x00, 0x00, 0x00,
  0x02, 0x00, 0x00, 0x00, 0x40, 0x00, 0x00, 0x00, 0x40, 0x00,
  0x00, 0x00, 0xBA, 0xFD, 0xFF, 0xFF, 0x00, 0x00, 0x00, 0x01,
  0x14, 0x00, 0x00, 0x00, 0x30, 0x00, 0x00, 0x00, 0x06, 0x00,
  0x00, 0x00, 0x00, 0x00, 0x00, 0x02, 0x60, 0x00, 0x00, 0x00,
  0xA4, 0xFD, 0xFF, 0xFF, 0x08, 0x00, 0x00, 0x00, 0x10, 0x00,
  0x00, 0x00, 0x01, 0x00, 0x00, 0x00, 0x00, 0x00, 0x00, 0x00,
  0x00, 0x00, 0x00, 0x00, 0x01, 0x00, 0x00, 0x00, 0x8A, 0x1D,
  0x16, 0x39, 0x34, 0x00, 0x00, 0x00, 0x64, 0x61, 0x67, 0x68,
  0x65, 0x72, 0x6F, 0x5F, 0x63, 0x6E, 0x6E, 0x5F, 0x32, 0x6C,
  0x61, 0x79, 0x65, 0x72, 0x5F, 0x63, 0x6F, 0x6E, 0x76, 0x32,
  0x64, 0x2F, 0x66, 0x63, 0x31, 0x2F, 0x42, 0x69, 0x61, 0x73,
  0x41, 0x64, 0x64, 0x2F, 0x52, 0x65, 0x61, 0x64, 0x56, 0x61,
  0x72, 0x69, 0x61, 0x62, 0x6C, 0x65, 0x4F, 0x70, 0x00, 0x00,
  0x00, 0x00, 0x01, 0x00, 0x00, 0x00, 0x40, 0x00, 0x00, 0x00,
  0x3A, 0xFE, 0xFF, 0xFF, 0x00, 0x00, 0x00, 0x01, 0x14, 0x00,
  0x00, 0x00, 0x30, 0x00, 0x00, 0x00, 0x05, 0x00, 0x00, 0x00,
  0x00, 0x00, 0x00, 0x09, 0x54, 0x00, 0x00, 0x00, 0x24, 0xFE,
  0xFF, 0xFF, 0x08, 0x00, 0x00, 0x00, 0x10, 0x00, 0x00, 0x00,
  0x01, 0x00, 0x00, 0x00, 0x00, 0x00, 0x00, 0x00, 0x00, 0x00,
  0x00, 0x00, 0x01, 0x00, 0x00, 0x00, 0x34, 0xDE, 0xDE, 0x3C,
  0x2B, 0x00, 0x00, 0x00, 0x64, 0x61, 0x67, 0x68, 0x65, 0x72,
  0x6F, 0x5F, 0x63, 0x6E, 0x6E, 0x5F, 0x32, 0x6C, 0x61, 0x79,
  0x65, 0x72, 0x5F, 0x63, 0x6F, 0x6E, 0x76, 0x32, 0x64, 0x2F,
  0x63, 0x6C, 0x61, 0x73, 0x73, 0x69, 0x66, 0x69, 0x65, 0x72,
  0x2F, 0x4D, 0x61, 0x74, 0x4D, 0x75, 0x6C, 0x00, 0x02, 0x00,
  0x00, 0x00, 0x06, 0x00, 0x00, 0x00, 0x40, 0x00, 0x00, 0x00,
  0xB2, 0xFE, 0xFF, 0xFF, 0x00, 0x00, 0x00, 0x01, 0x14, 0x00,
  0x00, 0x00, 0x30, 0x00, 0x00, 0x00, 0x04, 0x00, 0x00, 0x00,
  0x00, 0x00, 0x00, 0x02, 0x64, 0x00, 0x00, 0x00, 0x9C, 0xFE,
  0xFF, 0xFF, 0x08, 0x00, 0x00, 0x00, 0x10, 0x00, 0x00, 0x00,
  0x01, 0x00, 0x00, 0x00, 0x00, 0x00, 0x00, 0x00, 0x00, 0x00,
  0x00, 0x00, 0x01, 0x00, 0x00, 0x00, 0xB1, 0x98, 0x97, 0x3A,
  0x3B, 0x00, 0x00, 0x00, 0x64, 0x61, 0x67, 0x68, 0x65, 0x72,
  0x6F, 0x5F, 0x63, 0x6E, 0x6E, 0x5F, 0x32, 0x6C, 0x61, 0x79,
  0x65, 0x72, 0x5F, 0x63, 0x6F, 0x6E, 0x76, 0x32, 0x64, 0x2F,
  0x63, 0x6C, 0x61, 0x73, 0x73, 0x69, 0x66, 0x69, 0x65, 0x72,
  0x2F, 0x42, 0x69, 0x61, 0x73, 0x41, 0x64, 0x64, 0x2F, 0x52,
  0x65, 0x61, 0x64, 0x56, 0x61, 0x72, 0x69, 0x61, 0x62, 0x6C,
  0x65, 0x4F, 0x70, 0x00, 0x01, 0x00, 0x00, 0x00, 0x06, 0x00,
  0x00, 0x00, 0x36, 0xFF, 0xFF, 0xFF, 0x00, 0x00, 0x00, 0x01,
  0x14, 0x00, 0x00, 0x00, 0x14, 0x00, 0x00, 0x00, 0x03, 0x00,
  0x00, 0x00, 0x00, 0x00, 0x00, 0x02, 0x44, 0x00, 0x00, 0x00,
  0x9C, 0xFF, 0xFF, 0xFF, 0x34, 0x00, 0x00, 0x00, 0x64, 0x61,
  0x67, 0x68, 0x65, 0x72, 0x6F, 0x5F, 0x63, 0x6E, 0x6E, 0x5F,
  0x32, 0x6C, 0x61, 0x79, 0x65, 0x72, 0x5F, 0x63, 0x6F, 0x6E,
  0x76, 0x32, 0x64, 0x2F, 0x67, 0x61, 0x70, 0x2F, 0x4D, 0x65,
  0x61, 0x6E, 0x2F, 0x72, 0x65, 0x64, 0x75, 0x63, 0x74, 0x69,
  0x6F, 0x6E, 0x5F, 0x69, 0x6E, 0x64, 0x69, 0x63, 0x65, 0x73,
  0x00, 0x00, 0x00, 0x00, 0x01, 0x00, 0x00, 0x00, 0x02, 0x00,
  0x00, 0x00, 0x9A, 0xFF, 0xFF, 0xFF, 0x00, 0x00, 0x00, 0x01,
  0x18, 0x00, 0x00, 0x00, 0x18, 0x00, 0x00, 0x00, 0x02, 0x00,
  0x00, 0x00, 0x00, 0x00, 0x00, 0x02, 0x44, 0x00, 0x00, 0x00,
  0x04, 0x00, 0x04, 0x00, 0x04, 0x00, 0x00, 0x00, 0x32, 0x00,
  0x00, 0x00, 0x64, 0x61, 0x67, 0x68, 0x65, 0x72, 0x6F, 0x5F,
  0x63, 0x6E, 0x6E, 0x5F, 0x32, 0x6C, 0x61, 0x79, 0x65, 0x72,
  0x5F, 0x63, 0x6F, 0x6E, 0x76, 0x32, 0x64, 0x2F, 0x72, 0x65,
  0x73, 0x68, 0x61, 0x70, 0x65, 0x5F, 0x69, 0x6E, 0x2F, 0x52,
  0x65, 0x73, 0x68, 0x61, 0x70, 0x65, 0x2F, 0x73, 0x68, 0x61,
  0x70, 0x65, 0x00, 0x00, 0x01, 0x00, 0x00, 0x00, 0x04, 0x00,
  0x00, 0x00, 0x00, 0x00, 0x16, 0x00, 0x1C, 0x00, 0x18, 0x00,
  0x17, 0x00, 0x10, 0x00, 0x0C, 0x00, 0x08, 0x00, 0x00, 0x00,
  0x00, 0x00, 0x00, 0x00, 0x07, 0x00, 0x16, 0x00, 0x00, 0x00,
  0x00, 0x00, 0x00, 0x01, 0x20, 0x00, 0x00, 0x00, 0x40, 0x00,
  0x00, 0x00, 0x01, 0x00, 0x00, 0x00, 0x00, 0x00, 0x00, 0x09,
  0x50, 0x00, 0x00, 0x00, 0x0C, 0x00, 0x0C, 0x00, 0x00, 0x00,
  0x00, 0x00, 0x08, 0x00, 0x04, 0x00, 0x0C, 0x00, 0x00, 0x00,
  0x08, 0x00, 0x00, 0x00, 0x14, 0x00, 0x00, 0x00, 0x01, 0x00,
  0x00, 0x00, 0xF8, 0xFF, 0xFF, 0xFF, 0xFF, 0xFF, 0xFF, 0xFF,
  0x00, 0x00, 0x00, 0x00, 0x01, 0x00, 0x00, 0x00, 0x10, 0xB2,
  0x5F, 0x3D, 0x17, 0x00, 0x00, 0x00, 0x73, 0x65, 0x72, 0x76,
  0x69, 0x6E, 0x67, 0x5F, 0x64, 0x65, 0x66, 0x61, 0x75, 0x6C,
  0x74, 0x5F, 0x69, 0x6E, 0x70, 0x75, 0x74, 0x3A, 0x30, 0x00,
  0x03, 0x00, 0x00, 0x00, 0x01, 0x00, 0x00, 0x00, 0x32, 0x00,
  0x00, 0x00, 0x03, 0x00, 0x00, 0x00, 0x06, 0x00, 0x00, 0x00,
  0x80, 0x00, 0x00, 0x00, 0x60, 0x00, 0x00, 0x00, 0x40, 0x00,
  0x00, 0x00, 0x2C, 0x00, 0x00, 0x00, 0x18, 0x00, 0x00, 0x00,
  0x04, 0x00, 0x00, 0x00, 0xC0, 0xFF, 0xFF, 0xFF, 0x19, 0x00,
  0x00, 0x00, 0x02, 0x00, 0x00, 0x00, 0x00, 0x00, 0x00, 0x19,
  0xD0, 0xFF, 0xFF, 0xFF, 0x09, 0x00, 0x00, 0x00, 0x04, 0x00,
  0x00, 0x00, 0x00, 0x00, 0x00, 0x09, 0xE0, 0xFF, 0xFF, 0xFF,
  0x28, 0x00, 0x00, 0x00, 0x02, 0x00, 0x00, 0x00, 0x00, 0x00,
  0x00, 0x28, 0xF0, 0xFF, 0xFF, 0xFF, 0x11, 0x00, 0x00, 0x00,
  0x02, 0x00, 0x00, 0x00, 0x00, 0x00, 0x00, 0x11, 0x0C, 0x00,
  0x10, 0x00, 0x0F, 0x00, 0x00, 0x00, 0x08, 0x00, 0x04, 0x00,
  0x0C, 0x00, 0x00, 0x00, 0x03, 0x00, 0x00, 0x00, 0x03, 0x00,
  0x00, 0x00, 0x00, 0x00, 0x00, 0x03, 0x0C, 0x00, 0x0C, 0x00,
  0x0B, 0x00, 0x00, 0x00, 0x00, 0x00, 0x04, 0x00, 0x0C, 0x00,
  0x00, 0x00, 0x16, 0x00, 0x00, 0x00, 0x00, 0x00, 0x00, 0x16
};
unsigned int daghero_accel_rotation_v3_target_clusters_p025_t50_ptq_len = 26760;
