/* Converted from E05_legacy_arduino_to_mps2/no_accel_rotation/daghero_cnn_2layer_conv2d/e05/daghero_cnn_2layer_conv2d_T100_Prandom_stratified_E05_daghero_cnn_2layer_conv2d_r0_qat.tflite */
alignas(16) const unsigned char daghero_no_accel_rotation_t100_qat[] = {
  0x20, 0x00, 0x00, 0x00, 0x54, 0x46, 0x4C, 0x33, 0x00, 0x00,
  0x00, 0x00, 0x14, 0x00, 0x20, 0x00, 0x1C, 0x00, 0x18, 0x00,
  0x14, 0x00, 0x10, 0x00, 0x0C, 0x00, 0x00, 0x00, 0x08, 0x00,
  0x04, 0x00, 0x14, 0x00, 0x00, 0x00, 0x1C, 0x00, 0x00, 0x00,
  0x98, 0x00, 0x00, 0x00, 0xF0, 0x00, 0x00, 0x00, 0x44, 0x51,
  0x00, 0x00, 0x54, 0x51, 0x00, 0x00, 0x28, 0x6A, 0x00, 0x00,
  0x03, 0x00, 0x00, 0x00, 0x01, 0x00, 0x00, 0x00, 0x10, 0x00,
  0x00, 0x00, 0x00, 0x00, 0x0A, 0x00, 0x10, 0x00, 0x0C, 0x00,
  0x08, 0x00, 0x04, 0x00, 0x0A, 0x00, 0x00, 0x00, 0x0C, 0x00,
  0x00, 0x00, 0x1C, 0x00, 0x00, 0x00, 0x44, 0x00, 0x00, 0x00,
  0x0F, 0x00, 0x00, 0x00, 0x73, 0x65, 0x72, 0x76, 0x69, 0x6E,
  0x67, 0x5F, 0x64, 0x65, 0x66, 0x61, 0x75, 0x6C, 0x74, 0x00,
  0x01, 0x00, 0x00, 0x00, 0x04, 0x00, 0x00, 0x00, 0x90, 0xFF,
  0xFF, 0xFF, 0x13, 0x00, 0x00, 0x00, 0x04, 0x00, 0x00, 0x00,
  0x10, 0x00, 0x00, 0x00, 0x71, 0x75, 0x61, 0x6E, 0x74, 0x5F,
  0x63, 0x6C, 0x61, 0x73, 0x73, 0x69, 0x66, 0x69, 0x65, 0x72,
  0x00, 0x00, 0x00, 0x00, 0x01, 0x00, 0x00, 0x00, 0x04, 0x00,
  0x00, 0x00, 0xA6, 0xAE, 0xFF, 0xFF, 0x04, 0x00, 0x00, 0x00,
  0x05, 0x00, 0x00, 0x00, 0x69, 0x6E, 0x70, 0x75, 0x74, 0x00,
  0x00, 0x00, 0x02, 0x00, 0x00, 0x00, 0x34, 0x00, 0x00, 0x00,
  0x04, 0x00, 0x00, 0x00, 0xDC, 0xFF, 0xFF, 0xFF, 0x16, 0x00,
  0x00, 0x00, 0x04, 0x00, 0x00, 0x00, 0x13, 0x00, 0x00, 0x00,
  0x43, 0x4F, 0x4E, 0x56, 0x45, 0x52, 0x53, 0x49, 0x4F, 0x4E,
  0x5F, 0x4D, 0x45, 0x54, 0x41, 0x44, 0x41, 0x54, 0x41, 0x00,
  0x08, 0x00, 0x0C, 0x00, 0x08, 0x00, 0x04, 0x00, 0x08, 0x00,
  0x00, 0x00, 0x15, 0x00, 0x00, 0x00, 0x04, 0x00, 0x00, 0x00,
  0x13, 0x00, 0x00, 0x00, 0x6D, 0x69, 0x6E, 0x5F, 0x72, 0x75,
  0x6E, 0x74, 0x69, 0x6D, 0x65, 0x5F, 0x76, 0x65, 0x72, 0x73,
  0x69, 0x6F, 0x6E, 0x00, 0x17, 0x00, 0x00, 0x00, 0x50, 0x50,
  0x00, 0x00, 0x48, 0x50, 0x00, 0x00, 0x30, 0x50, 0x00, 0x00,
  0x10, 0x50, 0x00, 0x00, 0x08, 0x50, 0x00, 0x00, 0x58, 0x4D,
  0x00, 0x00, 0xC8, 0x4C, 0x00, 0x00, 0xC0, 0x4C, 0x00, 0x00,
  0xB8, 0x4C, 0x00, 0x00, 0xA8, 0x14, 0x00, 0x00, 0x98, 0x13,
  0x00, 0x00, 0x90, 0x13, 0x00, 0x00, 0x88, 0x13, 0x00, 0x00,
  0x80, 0x13, 0x00, 0x00, 0x70, 0x03, 0x00, 0x00, 0x60, 0x02,
  0x00, 0x00, 0x58, 0x02, 0x00, 0x00, 0xC8, 0x00, 0x00, 0x00,
  0xA0, 0x00, 0x00, 0x00, 0x98, 0x00, 0x00, 0x00, 0x90, 0x00,
  0x00, 0x00, 0x70, 0x00, 0x00, 0x00, 0x04, 0x00, 0x00, 0x00,
  0x76, 0xAF, 0xFF, 0xFF, 0x04, 0x00, 0x00, 0x00, 0x5C, 0x00,
  0x00, 0x00, 0x0C, 0x00, 0x00, 0x00, 0x08, 0x00, 0x0E, 0x00,
  0x08, 0x00, 0x04, 0x00, 0x08, 0x00, 0x00, 0x00, 0x10, 0x00,
  0x00, 0x00, 0x2C, 0x00, 0x00, 0x00, 0x00, 0x00, 0x06, 0x00,
  0x08, 0x00, 0x04, 0x00, 0x06, 0x00, 0x00, 0x00, 0x04, 0x00,
  0x00, 0x00, 0x02, 0x00, 0x00, 0x00, 0xEB, 0x03, 0x00, 0x00,
  0xD0, 0x07, 0x00, 0x00, 0x00, 0x00, 0x0A, 0x00, 0x10, 0x00,
  0x0C, 0x00, 0x08, 0x00, 0x04, 0x00, 0x0A, 0x00, 0x00, 0x00,
  0x02, 0x00, 0x00, 0x00, 0x02, 0x00, 0x00, 0x00, 0x04, 0x00,
  0x00, 0x00, 0x06, 0x00, 0x00, 0x00, 0x32, 0x2E, 0x31, 0x34,
  0x2E, 0x31, 0x00, 0x00, 0xDE, 0xAF, 0xFF, 0xFF, 0x04, 0x00,
  0x00, 0x00, 0x10, 0x00, 0x00, 0x00, 0x31, 0x2E, 0x31, 0x34,
  0x2E, 0x30, 0x00, 0x00, 0x00, 0x00, 0x00, 0x00, 0x00, 0x00,
  0x00, 0x00, 0x80, 0x98, 0xFF, 0xFF, 0x84, 0x98, 0xFF, 0xFF,
  0x02, 0xB0, 0xFF, 0xFF, 0x04, 0x00, 0x00, 0x00, 0x18, 0x00,
  0x00, 0x00, 0xE6, 0xFF, 0xFF, 0xFF, 0x1C, 0xFF, 0xFF, 0xFF,
  0x7A, 0x00, 0x00, 0x00, 0x7B, 0x00, 0x00, 0x00, 0x0E, 0xFF,
  0xFF, 0xFF, 0xF6, 0x00, 0x00, 0x00, 0x26, 0xB0, 0xFF, 0xFF,
  0x04, 0x00, 0x00, 0x00, 0x80, 0x01, 0x00, 0x00, 0x38, 0x39,
  0xE7, 0x2D, 0xD0, 0xE3, 0xCE, 0x0E, 0xC3, 0x03, 0x29, 0xDE,
  0xB1, 0xCB, 0xD0, 0xEF, 0xF9, 0xC9, 0x2A, 0xDB, 0x2D, 0xE7,
  0x14, 0xF2, 0x2F, 0x1F, 0xEC, 0xB6, 0x06, 0xEC, 0x33, 0x04,
  0xF8, 0xF8, 0xF5, 0xD3, 0xCB, 0xCA, 0xD5, 0xE3, 0x13, 0x37,
  0x14, 0xE7, 0x24, 0x4A, 0x21, 0xDD, 0x39, 0x25, 0x24, 0x09,
  0xF2, 0xEB, 0xE4, 0x0B, 0x20, 0x1F, 0x06, 0xEF, 0x00, 0x11,
  0x2C, 0x19, 0x06, 0x2C, 0x06, 0xCD, 0xFC, 0xED, 0xEE, 0x0D,
  0x81, 0x0C, 0x1E, 0x20, 0x21, 0x20, 0x1E, 0x38, 0x0B, 0xBE,
  0x20, 0x2C, 0xDA, 0xD1, 0xEB, 0x05, 0xFE, 0x02, 0x1F, 0x09,
  0xE0, 0x0C, 0xD6, 0xCC, 0xE4, 0xFB, 0x3B, 0x08, 0xEF, 0xCD,
  0xCF, 0xE5, 0x2D, 0x17, 0x02, 0x2D, 0x20, 0x11, 0xDF, 0x2E,
  0xFA, 0x12, 0x09, 0xBD, 0x2F, 0xEC, 0xC2, 0xC4, 0xE8, 0xE1,
  0x37, 0x26, 0xC0, 0x20, 0x1E, 0xCE, 0xDF, 0xBD, 0x0B, 0x0E,
  0x27, 0xB3, 0x20, 0x07, 0xB8, 0xF0, 0xFA, 0xE8, 0xC8, 0x15,
  0xFA, 0xF4, 0xF1, 0xCC, 0xF9, 0xE0, 0xD0, 0x28, 0xB7, 0xCA,
  0xEA, 0xFE, 0x09, 0x1B, 0x1E, 0x05, 0xD2, 0xF7, 0xD4, 0xB3,
  0xC6, 0xD3, 0x03, 0x48, 0x4B, 0x2B, 0xCF, 0x01, 0x26, 0x10,
  0x19, 0xDC, 0xC9, 0x07, 0x0C, 0xEB, 0xDB, 0xC9, 0x26, 0x0F,
  0xE1, 0x0C, 0xDF, 0x19, 0xE1, 0xE0, 0x27, 0x26, 0xE7, 0xD9,
  0xFC, 0xFE, 0xB3, 0xD4, 0xDB, 0xBF, 0x0E, 0x27, 0xA6, 0x20,
  0xD4, 0x0F, 0x33, 0xEF, 0xF7, 0xDC, 0x1E, 0xB3, 0xC4, 0x1B,
  0xE3, 0x1D, 0x12, 0x27, 0xEC, 0xCC, 0xDE, 0x21, 0xCD, 0x31,
  0x25, 0x23, 0xEE, 0x3F, 0x0D, 0xEE, 0x03, 0xFE, 0xCA, 0xE6,
  0xDC, 0xE0, 0xD8, 0xC9, 0xB7, 0xCC, 0x34, 0xD8, 0xD7, 0xE7,
  0x04, 0x36, 0xC0, 0x2B, 0x30, 0xF9, 0x18, 0xE4, 0xF4, 0xFE,
  0xFE, 0x22, 0xFF, 0xFA, 0x17, 0xDB, 0xDD, 0x2C, 0x2F, 0x30,
  0x1E, 0xC5, 0x1C, 0x34, 0xDE, 0xDF, 0x13, 0xE2, 0xE1, 0xF9,
  0xEA, 0x2C, 0xCD, 0x2B, 0x41, 0x25, 0xEF, 0xEF, 0xE8, 0xF1,
  0xD6, 0x15, 0xE1, 0xCD, 0xC3, 0x08, 0xF3, 0xE3, 0xE3, 0x28,
  0xFC, 0xE9, 0xE5, 0xDB, 0x3F, 0xF5, 0x0D, 0xD5, 0xF9, 0xCC,
  0x07, 0xFA, 0x08, 0xD2, 0x44, 0xF0, 0xE1, 0x24, 0x07, 0x02,
  0xDA, 0xD1, 0x18, 0xEA, 0xFF, 0xEE, 0x03, 0x0A, 0x0C, 0x28,
  0xFB, 0x23, 0x00, 0x46, 0xD4, 0x92, 0x41, 0x06, 0x06, 0x23,
  0x1E, 0x19, 0xFD, 0x1C, 0xCE, 0x30, 0xCD, 0x0F, 0xD0, 0xEE,
  0x12, 0x22, 0xFB, 0xD1, 0xE4, 0xC5, 0xCB, 0xD6, 0xF2, 0xF9,
  0x2B, 0x37, 0x1C, 0xD6, 0xBB, 0x35, 0x2D, 0x0E, 0xF8, 0xD7,
  0xD1, 0x0F, 0x13, 0xF8, 0x04, 0xD9, 0x11, 0xDD, 0xF0, 0xD8,
  0xF0, 0xD7, 0x25, 0x19, 0xBB, 0xD8, 0x19, 0xEA, 0x29, 0x99,
  0xFD, 0xF4, 0x38, 0x9A, 0xFF, 0xFF, 0xB6, 0xB1, 0xFF, 0xFF,
  0x04, 0x00, 0x00, 0x00, 0x00, 0x01, 0x00, 0x00, 0xEB, 0xFF,
  0xFF, 0xFF, 0xC5, 0x02, 0x00, 0x00, 0xBE, 0xFB, 0xFF, 0xFF,
  0xA9, 0x03, 0x00, 0x00, 0x86, 0x01, 0x00, 0x00, 0x1D, 0x08,
  0x00, 0x00, 0x78, 0x02, 0x00, 0x00, 0x27, 0x01, 0x00, 0x00,
  0x0C, 0x0B, 0x00, 0x00, 0xA8, 0x00, 0x00, 0x00, 0x07, 0xFE,
  0xFF, 0xFF, 0x77, 0x01, 0x00, 0x00, 0x47, 0x03, 0x00, 0x00,
  0xD9, 0xFF, 0xFF, 0xFF, 0x2C, 0x00, 0x00, 0x00, 0x2C, 0xFD,
  0xFF, 0xFF, 0xAC, 0x00, 0x00, 0x00, 0x9B, 0x08, 0x00, 0x00,
  0x95, 0x00, 0x00, 0x00, 0x7A, 0x00, 0x00, 0x00, 0xE2, 0x02,
  0x00, 0x00, 0x55, 0x02, 0x00, 0x00, 0x5D, 0x02, 0x00, 0x00,
  0x5C, 0x05, 0x00, 0x00, 0xEE, 0xFF, 0xFF, 0xFF, 0x86, 0xFF,
  0xFF, 0xFF, 0x57, 0x00, 0x00, 0x00, 0xAC, 0x01, 0x00, 0x00,
  0x03, 0x01, 0x00, 0x00, 0xE2, 0x00, 0x00, 0x00, 0xAC, 0x02,
  0x00, 0x00, 0x3C, 0x03, 0x00, 0x00, 0xBF, 0x03, 0x00, 0x00,
  0x4A, 0x04, 0x00, 0x00, 0x3F, 0xFF, 0xFF, 0xFF, 0xE5, 0x00,
  0x00, 0x00, 0x6B, 0x01, 0x00, 0x00, 0xFA, 0x05, 0x00, 0x00,
  0x00, 0x05, 0x00, 0x00, 0xE6, 0x01, 0x00, 0x00, 0x1E, 0xFF,
  0xFF, 0xFF, 0x29, 0x00, 0x00, 0x00, 0x3E, 0x01, 0x00, 0x00,
  0x96, 0xFC, 0xFF, 0xFF, 0x03, 0x00, 0x00, 0x00, 0xF6, 0x00,
  0x00, 0x00, 0x7C, 0x01, 0x00, 0x00, 0x3B, 0xFE, 0xFF, 0xFF,
  0x59, 0x01, 0x00, 0x00, 0x78, 0xFF, 0xFF, 0xFF, 0x0E, 0x02,
  0x00, 0x00, 0x5F, 0x00, 0x00, 0x00, 0xB3, 0xFD, 0xFF, 0xFF,
  0xC6, 0x01, 0x00, 0x00, 0xF7, 0x03, 0x00, 0x00, 0xE0, 0x03,
  0x00, 0x00, 0x02, 0x01, 0x00, 0x00, 0xC4, 0x01, 0x00, 0x00,
  0x7C, 0xFD, 0xFF, 0xFF, 0x79, 0xFF, 0xFF, 0xFF, 0x87, 0x04,
  0x00, 0x00, 0x27, 0x00, 0x00, 0x00, 0x51, 0xFF, 0xFF, 0xFF,
  0x4B, 0x01, 0x00, 0x00, 0xC2, 0xB2, 0xFF, 0xFF, 0x04, 0x00,
  0x00, 0x00, 0x00, 0x10, 0x00, 0x00, 0x21, 0xB4, 0xC8, 0xD1,
  0x01, 0x28, 0x1C, 0x07, 0xEC, 0xFA, 0x16, 0x06, 0xF1, 0x17,
  0xF9, 0xD7, 0xD3, 0x01, 0x2D, 0x00, 0xE1, 0xEF, 0x17, 0xEC,
  0x07, 0xEF, 0xFB, 0x07, 0x2D, 0x0C, 0xF6, 0x11, 0xEA, 0x35,
  0x00, 0x03, 0xF8, 0x09, 0x24, 0x0E, 0xF6, 0xFA, 0xF5, 0x1A,
  0x2E, 0xBF, 0x13, 0x06, 0xB9, 0x1F, 0xFE, 0xCB, 0xE3, 0xF4,
  0xE6, 0x07, 0x09, 0x20, 0xF9, 0xD8, 0x1D, 0x17, 0x3C, 0xD8,
  0x0B, 0xAA, 0xBB, 0xD9, 0xFA, 0x37, 0x33, 0xE7, 0xEC, 0xF4,
  0x16, 0xD9, 0xE8, 0xF8, 0x1F, 0x15, 0xE3, 0xFA, 0x52, 0x0F,
  0xBE, 0x07, 0xEC, 0x0C, 0x3D, 0xF0, 0x24, 0xED, 0x0B, 0x1B,
  0x31, 0x27, 0x09, 0x1A, 0x18, 0x1D, 0xDE, 0xFF, 0xFB, 0x2A,
  0xD3, 0x38, 0xE7, 0x2C, 0xF9, 0xD7, 0x32, 0xEB, 0xE7, 0x26,
  0x18, 0xC2, 0xF0, 0xD3, 0xD0, 0x03, 0x08, 0xF6, 0x2E, 0xF1,
  0xFA, 0x0B, 0x0C, 0xF7, 0xF6, 0xEB, 0xF9, 0x30, 0x09, 0x2D,
  0x31, 0x10, 0x04, 0x06, 0xF9, 0x0A, 0xE1, 0xDE, 0xFC, 0xD2,
  0xFA, 0xC0, 0x26, 0xEB, 0x1A, 0xF5, 0xFD, 0x03, 0x19, 0x37,
  0x09, 0xE3, 0x0B, 0x10, 0x1B, 0xEC, 0xEF, 0x23, 0xDB, 0x1A,
  0x0D, 0xEF, 0x26, 0xF8, 0x3E, 0x13, 0x1D, 0x0F, 0x0A, 0x0A,
  0x21, 0x01, 0x23, 0xFA, 0x08, 0xFE, 0xF7, 0x21, 0xD1, 0xE1,
  0xCB, 0xEE, 0x23, 0x40, 0xFD, 0xF5, 0x03, 0x0B, 0xF5, 0x11,
  0x1C, 0xAA, 0xFF, 0x08, 0x45, 0xDD, 0x1E, 0x13, 0x10, 0xC5,
  0x25, 0x22, 0xE1, 0x00, 0x15, 0xFB, 0x0D, 0xF4, 0xCF, 0x05,
  0x1E, 0x1E, 0xF1, 0xE2, 0xF0, 0x19, 0xE6, 0x30, 0xF9, 0x27,
  0xC8, 0xD5, 0x2F, 0xF2, 0x06, 0x21, 0xE7, 0xF4, 0xD1, 0xDF,
  0xC6, 0x29, 0xEA, 0x09, 0xF9, 0x1B, 0x05, 0x2C, 0x0E, 0xE0,
  0xD5, 0xF3, 0xD6, 0x1F, 0xF9, 0xFE, 0xE4, 0xE8, 0x2B, 0xFA,
  0x28, 0xF2, 0xF5, 0x39, 0x20, 0x04, 0xFB, 0x1A, 0xFA, 0x0B,
  0xED, 0x09, 0x27, 0x06, 0x32, 0x04, 0xE4, 0x28, 0x05, 0xF7,
  0xE6, 0x03, 0x15, 0x18, 0xF8, 0xF9, 0x05, 0x0A, 0xF4, 0xDC,
  0xE2, 0x00, 0xD7, 0x27, 0xFF, 0xED, 0x0C, 0xFA, 0x37, 0x1D,
  0x03, 0xE1, 0x22, 0x00, 0xF9, 0x02, 0xD7, 0x26, 0xCD, 0x08,
  0x1D, 0x0D, 0x00, 0xFF, 0x1A, 0x2A, 0xFA, 0x00, 0x2A, 0xFF,
  0xEE, 0xEB, 0x11, 0x12, 0x10, 0x1E, 0xDF, 0x10, 0x1E, 0xDA,
  0xE2, 0x08, 0xD6, 0x90, 0xA7, 0x9F, 0x1A, 0xC4, 0x1B, 0x1C,
  0x1D, 0x22, 0x15, 0x28, 0xD9, 0xF2, 0xD8, 0xA7, 0xD7, 0x9E,
  0xFF, 0xE4, 0x1F, 0x22, 0xD8, 0xDE, 0xB4, 0xFF, 0xB7, 0xC8,
  0x31, 0xC4, 0xE3, 0xCE, 0xF5, 0xEF, 0xD9, 0xDA, 0xAB, 0xE0,
  0xEA, 0x24, 0x0E, 0xA7, 0x16, 0x27, 0xDD, 0x10, 0x03, 0x1B,
  0xC3, 0x1F, 0x03, 0xD2, 0xE5, 0xEE, 0xCE, 0xDC, 0xC7, 0x16,
  0xF4, 0x38, 0x39, 0x01, 0xFB, 0xC6, 0xCE, 0x12, 0xF4, 0x0F,
  0x2A, 0x40, 0x37, 0x25, 0xEA, 0xF4, 0x15, 0x05, 0xBB, 0xF1,
  0x1F, 0xF0, 0x01, 0x1A, 0x08, 0x14, 0xE6, 0x11, 0x14, 0xEC,
  0xF5, 0xFF, 0x0E, 0xE6, 0x03, 0xE1, 0x0B, 0x29, 0x1F, 0x0B,
  0x37, 0xEB, 0xFB, 0xF4, 0xE9, 0x08, 0xD3, 0x1F, 0x28, 0x19,
  0xEE, 0x1A, 0x1F, 0x2A, 0xFC, 0x08, 0x2A, 0xFB, 0x11, 0xF4,
  0xF6, 0xE8, 0xDF, 0x1A, 0x27, 0xED, 0x35, 0x3E, 0x00, 0xF4,
  0xEE, 0xFD, 0x34, 0xFA, 0xF0, 0x21, 0x0A, 0xF2, 0x16, 0xE7,
  0xF4, 0x0A, 0xD7, 0x1C, 0x09, 0xDA, 0x37, 0x3B, 0x29, 0xD1,
  0xFC, 0x17, 0x3E, 0xEE, 0x46, 0x1D, 0x43, 0x06, 0xEE, 0x38,
  0x11, 0xFE, 0x39, 0x39, 0x0F, 0x0B, 0x0A, 0x2B, 0x0E, 0x02,
  0xFE, 0xFF, 0x18, 0xFA, 0x15, 0x34, 0x1A, 0x17, 0x21, 0x1A,
  0xFE, 0x3A, 0x1B, 0x14, 0x0C, 0x0B, 0x38, 0xFE, 0x95, 0xF2,
  0xF6, 0xCC, 0xDD, 0xE7, 0xF7, 0x81, 0xA8, 0xCB, 0x18, 0x97,
  0xFE, 0x11, 0x0D, 0x1F, 0x1D, 0x03, 0xE6, 0x1C, 0xB1, 0x94,
  0xF9, 0x94, 0xC4, 0xE3, 0x1E, 0x2B, 0xC9, 0xBF, 0x96, 0x2A,
  0xD6, 0xD7, 0x0E, 0x89, 0xC9, 0xC5, 0xD4, 0xCE, 0xC1, 0xD8,
  0xB5, 0xF8, 0xD3, 0x0C, 0xF9, 0xB2, 0x41, 0x11, 0xF4, 0xFD,
  0xC5, 0xEE, 0xB4, 0x2E, 0x34, 0xAE, 0xD5, 0x1B, 0xC8, 0xE3,
  0xF0, 0xCA, 0xD3, 0xCE, 0xF6, 0xFB, 0x08, 0xFD, 0x1E, 0xE8,
  0x13, 0x07, 0x02, 0xF9, 0x13, 0x04, 0xCD, 0x10, 0xF8, 0xF1,
  0xEE, 0xF8, 0xE7, 0xEE, 0xF1, 0xEA, 0x06, 0xF2, 0x14, 0x27,
  0x18, 0xF1, 0xF7, 0xE5, 0x03, 0xD9, 0x06, 0xEF, 0xD5, 0x11,
  0xD0, 0xFB, 0xE8, 0x10, 0x0C, 0xDF, 0x10, 0xE1, 0x12, 0x14,
  0x1C, 0x13, 0xF9, 0x34, 0xEC, 0x20, 0x07, 0xF2, 0xF1, 0xFF,
  0x13, 0x10, 0x04, 0xEE, 0x06, 0xFE, 0xEF, 0xFA, 0x1B, 0xFE,
  0xEB, 0x22, 0xFB, 0x05, 0x14, 0x22, 0xF9, 0x25, 0xE9, 0x05,
  0xFD, 0xE8, 0xF2, 0x12, 0x09, 0xEA, 0x22, 0x20, 0xE5, 0xED,
  0xE4, 0xF6, 0x1B, 0xFD, 0xFE, 0x10, 0xF7, 0xE1, 0x12, 0x1C,
  0xCA, 0x03, 0x11, 0x1A, 0x22, 0x02, 0x03, 0x02, 0x2F, 0xE0,
  0x21, 0xEA, 0x16, 0xF8, 0x0C, 0xD8, 0xF3, 0x21, 0x04, 0x1B,
  0xF4, 0xEF, 0xEC, 0x18, 0x12, 0x2E, 0xF2, 0x27, 0xF5, 0xF4,
  0x04, 0x0B, 0x04, 0x1C, 0x0B, 0xE6, 0xDE, 0xD7, 0xF7, 0xE4,
  0xFD, 0x05, 0xDD, 0x19, 0xE7, 0x2F, 0x1C, 0x1A, 0x1C, 0x0A,
  0x1A, 0xEE, 0x00, 0xD3, 0xE9, 0xFF, 0x26, 0xF7, 0xEC, 0xF8,
  0xE6, 0x13, 0x09, 0x27, 0x0D, 0x1F, 0x08, 0xF0, 0x0E, 0xDB,
  0x08, 0x0A, 0x0C, 0xF6, 0x12, 0xF2, 0xFC, 0xDD, 0x0A, 0xF3,
  0x14, 0x2B, 0x16, 0xE9, 0x19, 0xF0, 0xFC, 0xDE, 0xDE, 0x02,
  0xD9, 0xD6, 0xE2, 0x23, 0xF1, 0xF2, 0xF7, 0xF5, 0xE1, 0xFB,
  0xD4, 0xD7, 0xF6, 0xDF, 0x17, 0xFB, 0x10, 0x23, 0x13, 0x0D,
  0x29, 0x15, 0xEA, 0x16, 0x00, 0xE5, 0xD6, 0xD9, 0xF3, 0xE8,
  0x0C, 0x0B, 0x16, 0xB3, 0x0C, 0xF5, 0x28, 0x21, 0x07, 0x20,
  0xF1, 0xE9, 0x1D, 0xEE, 0x0D, 0x04, 0xED, 0xF6, 0x0F, 0x0E,
  0xCF, 0xD6, 0xFB, 0x09, 0xDB, 0x2C, 0x0A, 0x21, 0xF0, 0x18,
  0x23, 0xFD, 0x16, 0xD1, 0xDC, 0xCB, 0x0B, 0x03, 0x22, 0x0A,
  0x1B, 0x18, 0xDD, 0x27, 0xF8, 0x00, 0xE2, 0x0B, 0x16, 0x2F,
  0xF5, 0xD9, 0xEF, 0xF3, 0xF0, 0xEA, 0xE5, 0xE1, 0x44, 0x02,
  0x06, 0x0C, 0x00, 0x3E, 0xFE, 0xE1, 0x22, 0x0D, 0x2A, 0xEA,
  0x1E, 0xE0, 0xFB, 0xEF, 0x22, 0xF2, 0xFD, 0x09, 0x2C, 0xF4,
  0x0C, 0xE8, 0xFE, 0xF7, 0xF8, 0x1D, 0x33, 0xD9, 0x09, 0xED,
  0x04, 0x19, 0x10, 0x0F, 0xF9, 0x1B, 0x20, 0x18, 0x14, 0x19,
  0xFD, 0x16, 0x0B, 0x1B, 0x0E, 0x07, 0xFA, 0xE2, 0x08, 0xDF,
  0x0F, 0xEB, 0x10, 0x30, 0x01, 0xFD, 0xE9, 0x04, 0xF4, 0xF8,
  0xF0, 0xF6, 0x08, 0x2C, 0x20, 0xF0, 0xF9, 0x2B, 0x06, 0xF8,
  0x04, 0xF2, 0x18, 0x1A, 0x0E, 0xE6, 0xD6, 0x20, 0x2A, 0xFC,
  0xEB, 0x00, 0x22, 0x08, 0x2F, 0x01, 0x02, 0x27, 0x15, 0x1A,
  0x2C, 0xFA, 0xEE, 0xEE, 0x1E, 0xE6, 0x06, 0xE4, 0xCD, 0x22,
  0x0E, 0x13, 0x02, 0xF8, 0x0C, 0x05, 0xEC, 0x2A, 0x13, 0x22,
  0xEB, 0x14, 0x21, 0x0E, 0xE6, 0xE3, 0xFD, 0x14, 0x05, 0xE8,
  0xF2, 0x04, 0xE2, 0xE0, 0x06, 0xE4, 0x28, 0x06, 0xEF, 0xC9,
  0xED, 0x29, 0xF5, 0xF9, 0x01, 0xEC, 0x04, 0xBC, 0x2C, 0x15,
  0xCF, 0x0E, 0xEE, 0x1F, 0x10, 0x0F, 0x10, 0x02, 0x03, 0xD3,
  0x19, 0x19, 0x23, 0xEF, 0x08, 0xCB, 0x18, 0x1A, 0x1B, 0x03,
  0x05, 0x06, 0xD6, 0xFF, 0xFE, 0xFB, 0xEA, 0x06, 0x0A, 0x0D,
  0x0F, 0x06, 0x01, 0x07, 0xFC, 0xE5, 0xD0, 0x10, 0x05, 0xFD,
  0xFB, 0x17, 0xF9, 0x07, 0xFF, 0xEC, 0x04, 0x10, 0x07, 0x04,
  0x03, 0xE4, 0xF7, 0x26, 0x05, 0xF4, 0x11, 0xF9, 0x05, 0xFC,
  0xF7, 0xFB, 0x28, 0x2B, 0xEE, 0x01, 0xFA, 0xFF, 0x2D, 0xFF,
  0x2D, 0x26, 0x2E, 0x11, 0x19, 0x0F, 0x06, 0xEF, 0x1C, 0x16,
  0x0E, 0x0C, 0x27, 0x17, 0x0C, 0xF9, 0x02, 0x2C, 0x1E, 0x0E,
  0xE8, 0xD3, 0x13, 0x15, 0xC9, 0x2B, 0x2A, 0xB8, 0x14, 0xCE,
  0x13, 0x8B, 0x9E, 0x8A, 0x1E, 0xB1, 0x0F, 0x0E, 0xED, 0x29,
  0x28, 0x26, 0xDF, 0x02, 0xC6, 0xCD, 0xD3, 0xDD, 0xF1, 0xEA,
  0x04, 0x19, 0xA4, 0xD7, 0xA9, 0xF7, 0xD5, 0xE7, 0x2B, 0xB6,
  0xD7, 0xD1, 0xFA, 0xA1, 0xE9, 0xE2, 0x97, 0xE2, 0xF8, 0x09,
  0xD4, 0xD4, 0x23, 0x1B, 0xE1, 0x1D, 0xFE, 0x02, 0xD9, 0x0D,
  0x32, 0xA0, 0x0D, 0xEE, 0xC4, 0xCC, 0xCB, 0x0B, 0xFE, 0xED,
  0xFD, 0xE8, 0xF9, 0x12, 0x47, 0x16, 0x03, 0x34, 0xFB, 0x14,
  0xEB, 0xE5, 0x24, 0xF7, 0xE0, 0xED, 0x4E, 0xF7, 0x07, 0x41,
  0x18, 0xFE, 0x0A, 0x01, 0x1D, 0x0A, 0x1A, 0x18, 0xE5, 0x1C,
  0x05, 0x04, 0x0F, 0x1B, 0x29, 0x24, 0xEB, 0x28, 0xE9, 0xFC,
  0x00, 0x11, 0xF6, 0xEB, 0xF8, 0x39, 0xE6, 0xFE, 0x20, 0xE1,
  0xDB, 0x03, 0x17, 0xF0, 0x07, 0x03, 0x02, 0xFE, 0x1E, 0x1C,
  0x1F, 0xDE, 0x06, 0xEB, 0x19, 0xEE, 0xEE, 0xF0, 0xEF, 0x00,
  0x1B, 0x05, 0xED, 0x23, 0x25, 0x0C, 0xF8, 0x0E, 0xF4, 0x0E,
  0xE8, 0xDB, 0x10, 0xFE, 0xFC, 0x21, 0xF7, 0xF7, 0xF7, 0xE6,
  0xFA, 0x04, 0xED, 0x0D, 0x2B, 0xFF, 0x10, 0x19, 0xFB, 0xEB,
  0x0C, 0x0A, 0x06, 0x3D, 0x1F, 0xF9, 0xF6, 0x1D, 0x1C, 0xE5,
  0x19, 0xD2, 0x06, 0x04, 0x36, 0xF6, 0xF9, 0xDC, 0x09, 0xEA,
  0x2A, 0x01, 0xF1, 0xF0, 0xE6, 0x1A, 0x00, 0x34, 0x3E, 0xE0,
  0x37, 0xE9, 0x13, 0xEC, 0xEA, 0xF1, 0xF8, 0xD6, 0x31, 0x01,
  0xD5, 0x1D, 0xDF, 0xF6, 0x0F, 0xD2, 0xDF, 0x20, 0xD2, 0x20,
  0x09, 0xC2, 0xC1, 0x4C, 0x13, 0x16, 0x1A, 0xDC, 0xC3, 0xB8,
  0x18, 0x07, 0x04, 0x14, 0x12, 0xE4, 0xEE, 0x12, 0xE3, 0xDC,
  0xFB, 0x19, 0xE9, 0xFC, 0x33, 0x0D, 0xDB, 0x2C, 0x1A, 0x3F,
  0xCF, 0xDD, 0x23, 0xDB, 0x15, 0xCA, 0x04, 0xE7, 0xF6, 0x28,
  0x24, 0x25, 0x1F, 0xF1, 0xED, 0xCE, 0x11, 0x1C, 0x28, 0xDF,
  0x03, 0x0F, 0x11, 0x34, 0xF9, 0x1D, 0x24, 0x10, 0xD8, 0xFA,
  0x15, 0x0B, 0x1D, 0x05, 0xF4, 0xF0, 0xE1, 0x09, 0xF3, 0xE8,
  0x1B, 0x12, 0xEB, 0xE4, 0x0E, 0xE9, 0xE1, 0xFA, 0x17, 0xE2,
  0xFB, 0xD6, 0xF5, 0xFA, 0xEA, 0x2D, 0xD4, 0x13, 0x1E, 0x29,
  0x16, 0x0F, 0x1E, 0x09, 0x2D, 0x20, 0x2D, 0x02, 0x23, 0x06,
  0xFF, 0xF7, 0xE2, 0x0E, 0xEA, 0x0A, 0x05, 0x0C, 0x2F, 0x1A,
  0xD8, 0xEC, 0x0F, 0xEC, 0x08, 0xD7, 0x22, 0x12, 0x10, 0xDB,
  0x04, 0x04, 0xED, 0x1B, 0xE4, 0xDA, 0x00, 0x29, 0xFA, 0xD2,
  0xFB, 0xE3, 0x2E, 0xEB, 0x2B, 0xF3, 0xD9, 0x21, 0xFF, 0xFB,
  0xF6, 0xF8, 0x2C, 0x23, 0xF7, 0x12, 0xEC, 0x1C, 0x33, 0xED,
  0x0E, 0xEA, 0x05, 0xF4, 0xFC, 0x03, 0xDB, 0xF1, 0xD9, 0x04,
  0x0C, 0x13, 0xEE, 0xF1, 0x2E, 0xF9, 0x1E, 0xD3, 0xE2, 0xCC,
  0xF4, 0xFB, 0xF5, 0xD0, 0xF9, 0xF5, 0xF3, 0xCB, 0x27, 0x04,
  0x07, 0x1A, 0xF4, 0x06, 0xFD, 0xFD, 0xED, 0xF2, 0x01, 0xE1,
  0x00, 0x1D, 0xFD, 0x0F, 0x19, 0x13, 0xFF, 0xD6, 0xE8, 0x2E,
  0x30, 0x25, 0x04, 0x2B, 0xFD, 0xD5, 0x1A, 0x15, 0x18, 0x1C,
  0x2E, 0x30, 0x3C, 0x17, 0x02, 0xD5, 0x07, 0xFF, 0xD6, 0xDC,
  0xF7, 0xEB, 0xEB, 0xEF, 0xF6, 0x20, 0x24, 0xF9, 0xCD, 0xD9,
  0xE3, 0x04, 0xEC, 0xCE, 0xE6, 0xDA, 0x22, 0x09, 0x0E, 0x2B,
  0x05, 0x0A, 0x12, 0xD5, 0xFF, 0x17, 0x03, 0x03, 0xDB, 0xE1,
  0x1B, 0x10, 0xD7, 0xF1, 0x09, 0x01, 0x2D, 0xF0, 0x07, 0xEE,
  0x0A, 0xEC, 0x21, 0xFB, 0xE6, 0x12, 0x0D, 0x2C, 0x17, 0x00,
  0xFF, 0x13, 0xE0, 0xFC, 0xF3, 0x1B, 0xFE, 0xFA, 0x2A, 0x07,
  0xE6, 0x21, 0x2B, 0xE7, 0x06, 0xE0, 0xE2, 0x10, 0xF8, 0x11,
  0x1F, 0xE7, 0x03, 0x35, 0x32, 0xFB, 0x1A, 0xF8, 0xF4, 0xD3,
  0x11, 0x0A, 0x0C, 0x32, 0x28, 0x22, 0xFC, 0xF2, 0xEF, 0x1F,
  0xF1, 0xD5, 0xDA, 0x04, 0x3E, 0x05, 0x17, 0x49, 0x12, 0x18,
  0x13, 0xFD, 0x1C, 0xFA, 0x19, 0x39, 0xF9, 0xF8, 0xF8, 0xE7,
  0x18, 0x0C, 0x1D, 0x23, 0xDF, 0xF4, 0xDA, 0x00, 0x19, 0xED,
  0x17, 0xDF, 0x24, 0x2A, 0xDE, 0x0E, 0x1C, 0xF9, 0xFE, 0xD0,
  0xE1, 0x0F, 0x0C, 0x13, 0xDF, 0xFB, 0x30, 0x40, 0x18, 0xCD,
  0x0E, 0xFB, 0xF6, 0xFE, 0x03, 0x1A, 0xF3, 0x1D, 0x0F, 0xFC,
  0xE8, 0x33, 0x09, 0xFD, 0xF2, 0x1F, 0xF0, 0x08, 0x14, 0xEB,
  0x32, 0x2D, 0xE4, 0xF5, 0xE5, 0x3A, 0x14, 0x05, 0x10, 0x23,
  0xE5, 0x08, 0x1B, 0xFC, 0x0F, 0xF7, 0x34, 0x2E, 0xED, 0xE7,
  0xFD, 0x2C, 0x19, 0x02, 0xF9, 0x14, 0x17, 0x24, 0xF0, 0x05,
  0xF8, 0x20, 0x18, 0x00, 0xF8, 0xE4, 0xF7, 0x1F, 0xEE, 0x0E,
  0x03, 0x13, 0x17, 0x09, 0x12, 0x0E, 0x16, 0x27, 0xF2, 0xC4,
  0xC7, 0x01, 0xEB, 0x1D, 0x1B, 0x47, 0x04, 0xF8, 0x0C, 0x13,
  0x17, 0xF1, 0xC5, 0xF4, 0x3B, 0x17, 0xE7, 0x20, 0xE3, 0x3A,
  0xF5, 0xF0, 0x00, 0x1D, 0xFD, 0x19, 0x05, 0xE7, 0x07, 0x09,
  0x2E, 0xE0, 0xEE, 0x1A, 0x32, 0xFC, 0x0E, 0x0C, 0x16, 0x48,
  0xDB, 0xF7, 0x2D, 0x02, 0x11, 0x3E, 0xFC, 0x42, 0x1A, 0x19,
  0xEA, 0x02, 0x1F, 0x01, 0xF7, 0xD1, 0xD2, 0x45, 0x18, 0x01,
  0xE2, 0xF5, 0x12, 0x1D, 0x23, 0x19, 0x28, 0x44, 0xF9, 0xEF,
  0xFE, 0x05, 0xEF, 0x05, 0x05, 0x10, 0xE4, 0xEC, 0xF8, 0x32,
  0x09, 0x28, 0xE5, 0xFE, 0x0C, 0x23, 0x09, 0x2E, 0xE2, 0xFB,
  0x01, 0xFB, 0x1A, 0x0D, 0x06, 0x42, 0xF6, 0xF6, 0xF3, 0xE4,
  0xDC, 0xEB, 0xF9, 0xF1, 0xDC, 0x2E, 0xEF, 0x0E, 0xF4, 0x13,
  0xF2, 0x01, 0x15, 0x07, 0x14, 0xFD, 0xE2, 0xEB, 0x35, 0x2A,
  0x0A, 0x03, 0xFA, 0xEB, 0x18, 0x3A, 0xDC, 0xFD, 0xDE, 0xE2,
  0x26, 0xEB, 0xFB, 0x24, 0x12, 0x03, 0x1A, 0xF7, 0x10, 0xE4,
  0xC2, 0x24, 0x07, 0xED, 0x19, 0x20, 0xEB, 0xDA, 0x15, 0xF5,
  0x27, 0xEC, 0x1F, 0x02, 0x38, 0x02, 0xF7, 0x1B, 0x0B, 0xFE,
  0x33, 0x06, 0x1D, 0x03, 0x16, 0xFB, 0x1C, 0x09, 0xEE, 0xF1,
  0x01, 0x0D, 0x1E, 0x20, 0x21, 0x11, 0x38, 0x15, 0x04, 0xF1,
  0x1F, 0xEF, 0xDC, 0xF6, 0xDC, 0x06, 0x26, 0xEA, 0xEA, 0xFB,
  0x36, 0xF5, 0x19, 0xE8, 0x0B, 0xF3, 0x03, 0xF5, 0xDB, 0x08,
  0x10, 0xD4, 0x08, 0x01, 0x01, 0x2B, 0xD8, 0xCA, 0x05, 0xF7,
  0x2A, 0xC2, 0xEA, 0x05, 0x21, 0xDA, 0x28, 0x1E, 0x19, 0x22,
  0x19, 0x37, 0xC7, 0x0F, 0x13, 0x2E, 0xE0, 0x06, 0xF8, 0x30,
  0x31, 0x01, 0x30, 0xE6, 0xD4, 0xF8, 0x08, 0xE5, 0xFE, 0xD7,
  0xE4, 0x04, 0x04, 0x11, 0x38, 0xDE, 0x1D, 0x04, 0x0A, 0xE4,
  0x1C, 0xE8, 0x1C, 0x2A, 0x25, 0xDC, 0xD3, 0xF1, 0xED, 0xD2,
  0x08, 0xF5, 0x11, 0x39, 0x05, 0x06, 0xFF, 0x09, 0x02, 0xF3,
  0x05, 0xF4, 0x1E, 0xE8, 0x1E, 0xF5, 0xEC, 0x33, 0x05, 0xEA,
  0xF1, 0x1C, 0x01, 0xF1, 0x2B, 0x0D, 0xE3, 0x0B, 0x18, 0x0F,
  0x1A, 0xE9, 0xF0, 0xFB, 0x06, 0x16, 0xF3, 0xDA, 0x02, 0x2B,
  0x0A, 0xEE, 0xF8, 0x27, 0xFB, 0xFD, 0x2A, 0x24, 0x2E, 0xE8,
  0xEE, 0x0F, 0x19, 0xED, 0xC5, 0xD3, 0xE9, 0xF0, 0x14, 0xFB,
  0x0C, 0xFD, 0xDC, 0xCB, 0x1F, 0x09, 0x04, 0x13, 0x11, 0x06,
  0x33, 0xF7, 0x0A, 0x03, 0x06, 0xEE, 0xEB, 0xD5, 0x13, 0x05,
  0xEB, 0xE6, 0xF6, 0xC7, 0xE7, 0x1E, 0xE8, 0xE2, 0x11, 0x18,
  0x00, 0x06, 0xF4, 0x08, 0xF4, 0x21, 0x22, 0x2C, 0xF5, 0x03,
  0xDC, 0xFE, 0xFF, 0xD9, 0x00, 0x10, 0x0D, 0xDF, 0xDF, 0x01,
  0x13, 0xF1, 0xE9, 0x0E, 0x01, 0x1F, 0xE0, 0x13, 0x05, 0xD7,
  0xED, 0x30, 0xF6, 0xE1, 0xD0, 0xDA, 0xDC, 0xB9, 0x02, 0x17,
  0xC4, 0x0E, 0x28, 0x13, 0xF2, 0x19, 0x00, 0x1E, 0xEA, 0xB2,
  0xFD, 0xED, 0x01, 0xE7, 0xFF, 0xE3, 0x03, 0xCB, 0x20, 0x1B,
  0xE1, 0x18, 0x03, 0x3B, 0xD0, 0xB2, 0x08, 0xF2, 0xF9, 0x2F,
  0x28, 0x34, 0xFF, 0x08, 0xEA, 0xCD, 0x10, 0x29, 0xEF, 0xEF,
  0xEA, 0xF3, 0xFF, 0x1E, 0x23, 0x04, 0x09, 0xF8, 0xD5, 0x00,
  0x0B, 0x12, 0x24, 0x2D, 0x19, 0xED, 0xF7, 0x13, 0x1D, 0x04,
  0x17, 0x0C, 0xDA, 0x21, 0x15, 0xF1, 0xE8, 0x06, 0x18, 0xDA,
  0x20, 0xF0, 0x0F, 0x1B, 0x07, 0xE2, 0x1B, 0x07, 0xF2, 0xE5,
  0xE3, 0xF5, 0xEA, 0xF8, 0x33, 0x0C, 0xCA, 0x14, 0xEC, 0xF8,
  0x18, 0x05, 0xF8, 0x1D, 0xEA, 0xD3, 0x22, 0x09, 0x0F, 0xE4,
  0x01, 0xE3, 0xFA, 0x0E, 0x15, 0x01, 0x2B, 0x10, 0xEB, 0xCF,
  0xE7, 0x27, 0x0C, 0xF9, 0x0A, 0x1B, 0x18, 0x0E, 0x26, 0x1D,
  0x05, 0x12, 0xF0, 0xEC, 0xE4, 0xE5, 0xFB, 0x03, 0x17, 0xEE,
  0xEA, 0x2D, 0xE5, 0xE7, 0x1B, 0xDF, 0x1D, 0xF1, 0xEA, 0xED,
  0x08, 0xEE, 0xFA, 0x26, 0xF8, 0xE1, 0xF7, 0xEC, 0x10, 0xF4,
  0xEE, 0x17, 0x00, 0x17, 0xFA, 0xEE, 0xFE, 0x32, 0xF7, 0xEA,
  0x03, 0x0B, 0x28, 0xF5, 0x1E, 0x23, 0xF1, 0x33, 0x13, 0x0A,
  0x1C, 0xF1, 0x0B, 0xF9, 0x1C, 0x16, 0xF7, 0xF7, 0xF0, 0x18,
  0x1E, 0x40, 0x1E, 0x21, 0xFA, 0xBB, 0xD5, 0xFE, 0x1D, 0xF2,
  0x0F, 0x37, 0x0F, 0x12, 0x0E, 0x26, 0x09, 0x1D, 0xEA, 0x25,
  0x0E, 0x06, 0xEE, 0x0F, 0xE1, 0x2B, 0x13, 0x22, 0xEB, 0xFD,
  0x1E, 0xFF, 0x21, 0xD3, 0xFA, 0xE5, 0x11, 0x06, 0xE8, 0x16,
  0xFC, 0xE9, 0x32, 0x07, 0xDD, 0x14, 0xFD, 0x0A, 0x3E, 0xF5,
  0xFE, 0x45, 0x2D, 0x1D, 0x2B, 0xF0, 0xEE, 0x24, 0xF1, 0x03,
  0xF5, 0xD3, 0xDA, 0x36, 0xFC, 0x11, 0x17, 0x03, 0xCF, 0xC1,
  0xD4, 0x38, 0x1B, 0xFD, 0xEF, 0xFE, 0x14, 0x26, 0x0C, 0x26,
  0x37, 0xF4, 0xD8, 0x28, 0x07, 0x0B, 0x13, 0xE5, 0xE1, 0x06,
  0x1E, 0xC9, 0xD5, 0xEA, 0xD9, 0x12, 0x10, 0xDA, 0x15, 0xE4,
  0xF8, 0x37, 0xE9, 0xE1, 0xD7, 0xD8, 0x31, 0xFD, 0xE0, 0xDC,
  0xCA, 0x1A, 0xD5, 0x25, 0xDB, 0x25, 0xFF, 0xCA, 0x08, 0x13,
  0x0F, 0x0A, 0xBA, 0xD8, 0x06, 0xE4, 0xE1, 0x1F, 0xE2, 0x21,
  0x11, 0xCD, 0xC6, 0xDC, 0xD4, 0x20, 0x18, 0x18, 0x09, 0x23,
  0x17, 0x17, 0xF4, 0x0A, 0x2E, 0x26, 0xD7, 0x18, 0xFA, 0x3A,
  0x27, 0x14, 0xCA, 0xF6, 0x30, 0xD2, 0xD0, 0x08, 0xDF, 0x12,
  0x1F, 0xBB, 0x24, 0xBF, 0x18, 0x2F, 0xEB, 0xDF, 0xBA, 0xBA,
  0x07, 0xE0, 0xC1, 0xD0, 0xFF, 0x2F, 0xE7, 0x1F, 0xC2, 0x05,
  0xF4, 0xE8, 0x37, 0x28, 0x08, 0xEB, 0xB5, 0xEF, 0x26, 0xE2,
  0xF3, 0x07, 0xE1, 0xFA, 0xF8, 0x09, 0x02, 0xF2, 0xDF, 0x33,
  0x0B, 0x2C, 0x23, 0xE6, 0xFE, 0x04, 0x0B, 0x2C, 0x2C, 0x21,
  0xE6, 0x22, 0x20, 0x26, 0x25, 0xFC, 0xD6, 0x15, 0xF5, 0xD3,
  0x0B, 0x23, 0xD5, 0x1A, 0xFA, 0xDE, 0xF7, 0xFA, 0xE9, 0x27,
  0xEC, 0xCF, 0xF9, 0xEF, 0x11, 0xE5, 0xD7, 0x0F, 0xE7, 0xF6,
  0xF0, 0x23, 0xD5, 0x01, 0xF7, 0xEA, 0x24, 0x27, 0x16, 0x17,
  0xF8, 0x1D, 0x14, 0xEC, 0xDF, 0x17, 0x01, 0x2E, 0x38, 0xFE,
  0x1E, 0x2E, 0xEE, 0xFE, 0xF3, 0x04, 0x08, 0xF4, 0x24, 0xF1,
  0xE2, 0x2F, 0x03, 0x19, 0x20, 0xE1, 0x0A, 0x2D, 0xD2, 0xDB,
  0xEB, 0x03, 0xDC, 0x08, 0x02, 0xF6, 0xFB, 0xD5, 0xFD, 0x22,
  0xFA, 0x0F, 0x27, 0x15, 0x29, 0xF1, 0xF5, 0x03, 0x14, 0xFB,
  0xFD, 0x23, 0xFD, 0xE8, 0x00, 0x13, 0xD2, 0x28, 0x25, 0xF6,
  0xF0, 0xFC, 0xFD, 0xC9, 0xE6, 0xFE, 0x07, 0x1C, 0x06, 0xF6,
  0x24, 0xE3, 0xE2, 0xC6, 0x2C, 0x48, 0x1A, 0x3A, 0x28, 0x07,
  0xFE, 0xE6, 0xED, 0x07, 0x1B, 0xE2, 0x04, 0x0E, 0x28, 0x03,
  0xEE, 0x1B, 0x08, 0x06, 0x00, 0xFB, 0x03, 0x16, 0x28, 0x04,
  0x12, 0x08, 0x11, 0x0B, 0x02, 0xE5, 0x1A, 0x0D, 0x01, 0xF7,
  0xDB, 0x0D, 0xDA, 0x23, 0xEF, 0xD8, 0x26, 0x37, 0xE0, 0x06,
  0x31, 0xFF, 0xCF, 0xE2, 0xD7, 0xFE, 0xF4, 0xEA, 0x09, 0x16,
  0x1E, 0x0C, 0x2F, 0xE6, 0xE9, 0xF7, 0x02, 0xE7, 0xF2, 0x23,
  0x3B, 0x0C, 0x27, 0x28, 0x0D, 0x05, 0x18, 0x2A, 0x19, 0xF1,
  0xED, 0xF3, 0x04, 0xED, 0x1B, 0x0F, 0xFD, 0xED, 0xE5, 0x26,
  0x08, 0x27, 0x01, 0x15, 0x01, 0xF6, 0xFD, 0x10, 0x0C, 0xDB,
  0x39, 0x49, 0xF5, 0xE7, 0x10, 0xCF, 0xF9, 0x1E, 0xD0, 0xF5,
  0xF3, 0x43, 0x0A, 0x01, 0xE5, 0x02, 0x0B, 0xEF, 0xE8, 0x15,
  0x11, 0x1B, 0x15, 0xEB, 0x15, 0x24, 0x13, 0x06, 0xE3, 0x06,
  0x18, 0x33, 0x1C, 0x10, 0x0E, 0xEF, 0xFC, 0xDF, 0x11, 0x05,
  0x07, 0xB5, 0x08, 0xFC, 0x0F, 0xBB, 0x08, 0xEB, 0x11, 0xEF,
  0xEE, 0xD7, 0x21, 0x3D, 0xDC, 0xEA, 0xFD, 0x23, 0x06, 0xE5,
  0xED, 0x23, 0xAD, 0x0E, 0xFD, 0x06, 0x03, 0x02, 0x20, 0xF8,
  0x08, 0xED, 0x24, 0xFF, 0x1E, 0x09, 0x18, 0xC6, 0x0C, 0x07,
  0x23, 0x14, 0xF0, 0xEC, 0xBA, 0x05, 0x0F, 0x39, 0x0A, 0x0E,
  0x0D, 0xFC, 0x01, 0xFA, 0xCE, 0xEA, 0x2D, 0x3F, 0x45, 0x26,
  0x09, 0x46, 0x1C, 0x10, 0x0B, 0x04, 0xF8, 0xEF, 0xFA, 0x07,
  0x25, 0xF5, 0xF2, 0x47, 0x10, 0x0D, 0x10, 0x20, 0x2B, 0x08,
  0x0D, 0x43, 0xE1, 0x1E, 0x0B, 0xF1, 0x1F, 0x0C, 0x28, 0x34,
  0xDC, 0x06, 0xDC, 0xEB, 0xD4, 0xEB, 0xFC, 0xFE, 0xF9, 0x39,
  0xF4, 0xE8, 0x0E, 0xE5, 0xD4, 0xCB, 0x12, 0xF7, 0x20, 0xDD,
  0xFE, 0xEB, 0x0C, 0x39, 0xFE, 0x09, 0x05, 0xBD, 0xE9, 0xCF,
  0x14, 0x42, 0x1C, 0xF4, 0x11, 0x21, 0xF2, 0xD6, 0xF8, 0x16,
  0x07, 0xC6, 0xE6, 0xEB, 0x28, 0x05, 0xEE, 0xFC, 0xF9, 0xF6,
  0x19, 0xE5, 0x30, 0x18, 0x0E, 0x29, 0x01, 0x21, 0xFF, 0x07,
  0x25, 0x0F, 0xFB, 0x1C, 0xE9, 0x1C, 0xCC, 0xE4, 0xD9, 0xF9,
  0xEE, 0xE7, 0x30, 0x02, 0xB0, 0xF9, 0x37, 0xC5, 0xE4, 0xC4,
  0xD5, 0x00, 0xF0, 0x2C, 0x1A, 0x18, 0x27, 0x38, 0x21, 0xB7,
  0x11, 0xE0, 0xF5, 0x24, 0x22, 0xE2, 0xF5, 0xCC, 0xFE, 0xC9,
  0x1C, 0xE0, 0x07, 0x12, 0x23, 0xE3, 0x1D, 0x02, 0xFA, 0x25,
  0xBC, 0xCC, 0x10, 0x28, 0x20, 0xBA, 0xDF, 0x33, 0x34, 0xCD,
  0x2B, 0x01, 0xE9, 0x15, 0x17, 0x22, 0xDE, 0xE2, 0x29, 0x31,
  0xE2, 0x2B, 0xF8, 0xFF, 0x04, 0xDE, 0x09, 0xFA, 0x0A, 0xFF,
  0x0D, 0x07, 0x10, 0x1B, 0xDC, 0x28, 0x1B, 0x30, 0x10, 0xD8,
  0xDE, 0xFB, 0x04, 0xEB, 0x11, 0x2C, 0x23, 0x1E, 0x13, 0x19,
  0x0C, 0x21, 0xDF, 0xF7, 0xE3, 0x26, 0x1C, 0xD9, 0xDF, 0x1F,
  0xFE, 0xD4, 0xFB, 0xDB, 0x24, 0x1D, 0xE2, 0xDE, 0xF4, 0x1D,
  0xFB, 0xEC, 0x20, 0xF1, 0xF7, 0xD0, 0xEB, 0xFC, 0xD2, 0x1C,
  0x2B, 0x0C, 0x28, 0xE3, 0x1A, 0x01, 0x15, 0xEA, 0xFA, 0x14,
  0x29, 0x0A, 0x1B, 0xDB, 0xFC, 0xE9, 0x16, 0x24, 0x1F, 0xCA,
  0xCF, 0xE8, 0x2B, 0x28, 0x0A, 0x19, 0x03, 0x33, 0x0F, 0xEA,
  0x0A, 0xD3, 0x1B, 0x2A, 0x3B, 0xF6, 0x1C, 0x24, 0x09, 0xF1,
  0xF9, 0xEE, 0xF4, 0x0B, 0x02, 0x07, 0x1E, 0xFD, 0xCD, 0x13,
  0xFB, 0x01, 0x18, 0xF1, 0xFD, 0x24, 0x16, 0x31, 0x15, 0xF1,
  0x06, 0x1B, 0x08, 0xE6, 0x0B, 0x04, 0xEA, 0x0B, 0xC8, 0xE5,
  0xDD, 0x23, 0xEA, 0xCC, 0xF2, 0x32, 0xE9, 0x0C, 0x0D, 0xD4,
  0xE2, 0xB8, 0x05, 0x10, 0x26, 0x0A, 0x05, 0xE5, 0x01, 0x0D,
  0x02, 0xC1, 0x26, 0xD7, 0xE1, 0xFF, 0x14, 0x10, 0x1C, 0x22,
  0xF3, 0xFB, 0xE0, 0xFF, 0xF3, 0x10, 0xEB, 0xEF, 0xF4, 0xFE,
  0x19, 0xEB, 0xFA, 0x14, 0x1A, 0x20, 0x2B, 0x15, 0x26, 0xEA,
  0x17, 0xF2, 0x23, 0xE6, 0x14, 0xF9, 0x00, 0x14, 0x21, 0x12,
  0x03, 0xF0, 0xEF, 0x07, 0xED, 0x20, 0x14, 0xD3, 0x20, 0xF7,
  0xE9, 0xF7, 0x1C, 0xED, 0xFC, 0x07, 0x04, 0x04, 0xFC, 0x24,
  0x27, 0xF5, 0x24, 0x15, 0x32, 0xD9, 0xE7, 0x20, 0x3A, 0xF4,
  0x2E, 0xD9, 0xFA, 0xE4, 0xE9, 0xE7, 0xF7, 0x08, 0x24, 0x0C,
  0x0C, 0x29, 0xFF, 0xF8, 0xE3, 0xEB, 0xE9, 0xF4, 0xE6, 0x15,
  0xF3, 0xF3, 0xDC, 0x02, 0xF3, 0xCB, 0xDA, 0xFB, 0x01, 0xD6,
  0xF6, 0xEF, 0x18, 0xF6, 0xE1, 0x13, 0xEF, 0x36, 0x1D, 0x0F,
  0x1A, 0x23, 0xE3, 0xEE, 0x2A, 0x15, 0x12, 0x3E, 0x15, 0x0F,
  0xF0, 0xFF, 0xF9, 0xDA, 0x00, 0x0E, 0xEB, 0xF5, 0xF1, 0x23,
  0x0E, 0x46, 0x13, 0xE5, 0xF1, 0x09, 0x1C, 0xFB, 0xFE, 0x1B,
  0xF2, 0xE5, 0x30, 0xF8, 0xF7, 0xE9, 0xBA, 0x10, 0x14, 0x0E,
  0x03, 0x07, 0x05, 0x10, 0x00, 0xE8, 0xE1, 0x00, 0x23, 0xF3,
  0xFD, 0xC8, 0xD0, 0x15, 0xEC, 0x19, 0xF3, 0xFE, 0xF8, 0x17,
  0xE9, 0x0D, 0x06, 0x2B, 0xFA, 0xD6, 0xEE, 0xF5, 0xB9, 0xED,
  0xEC, 0xCB, 0xFD, 0xDD, 0xDD, 0xEA, 0xFC, 0x30, 0xF5, 0x0D,
  0x35, 0x1F, 0xEF, 0xD3, 0xF3, 0x09, 0x0B, 0x39, 0xED, 0x3A,
  0x2E, 0xF1, 0xD6, 0xF9, 0xEC, 0xF9, 0xDC, 0xBF, 0xF5, 0x05,
  0xE6, 0xCF, 0x25, 0x03, 0x32, 0x06, 0xE5, 0xEC, 0x0F, 0x3F,
  0xFE, 0xE0, 0x08, 0x0A, 0xF9, 0xF5, 0xE7, 0x2C, 0xCC, 0x33,
  0x04, 0x04, 0x1B, 0x0D, 0x10, 0x20, 0xF4, 0xFD, 0x29, 0x14,
  0xF4, 0xF5, 0x1E, 0xDB, 0x15, 0x11, 0xF3, 0x14, 0x12, 0xEC,
  0xD9, 0x19, 0x33, 0x26, 0xEE, 0x01, 0x10, 0x2D, 0x18, 0x20,
  0x0B, 0x10, 0xF4, 0xCA, 0xF0, 0x08, 0x09, 0xD2, 0x1B, 0x32,
  0x28, 0xF7, 0x14, 0x00, 0xFD, 0x1A, 0xB1, 0x0C, 0x04, 0xD6,
  0x11, 0xED, 0xEA, 0xFC, 0xD1, 0x30, 0x14, 0xF8, 0x02, 0xFC,
  0x05, 0xDB, 0x23, 0x1A, 0x09, 0xE1, 0xFB, 0x1B, 0x14, 0xD6,
  0x15, 0x13, 0x04, 0x2A, 0xF1, 0x0F, 0x06, 0x03, 0x05, 0x1D,
  0x05, 0x2D, 0x1D, 0x1D, 0x05, 0x16, 0x1B, 0x0F, 0xD8, 0xE7,
  0x0B, 0x06, 0xF7, 0xCF, 0xEC, 0x34, 0x10, 0xE5, 0xD3, 0xED,
  0xF5, 0xEB, 0x25, 0x26, 0xE9, 0x03, 0x22, 0x23, 0x29, 0xFD,
  0xE7, 0x14, 0xE5, 0xD7, 0xE0, 0xE2, 0x0C, 0xE2, 0x25, 0x23,
  0xE2, 0xF2, 0x17, 0x1C, 0xF2, 0x08, 0x20, 0x31, 0xDE, 0xDF,
  0x1C, 0xF4, 0x2C, 0xFD, 0x0E, 0x24, 0x0C, 0x1D, 0xF6, 0xC7,
  0x26, 0x1D, 0x15, 0x17, 0xF9, 0x0D, 0x29, 0x11, 0xFC, 0x1A,
  0xFF, 0xE5, 0xDE, 0xE4, 0xEA, 0x23, 0xE1, 0xF4, 0xF9, 0x0E,
  0x17, 0x1B, 0xFF, 0x0A, 0x00, 0x03, 0x0D, 0xF3, 0x02, 0x38,
  0x16, 0xFA, 0x16, 0x17, 0xF9, 0x15, 0xEE, 0xF9, 0x2A, 0x0B,
  0x1D, 0x15, 0x14, 0x22, 0x18, 0xEA, 0xEC, 0x01, 0x0B, 0xEB,
  0x16, 0xEA, 0xF8, 0x19, 0xE4, 0xEF, 0x05, 0xDE, 0x16, 0x0D,
  0x0E, 0xF4, 0xDF, 0x03, 0xEE, 0x32, 0xFC, 0x12, 0xED, 0x10,
  0x0B, 0x31, 0x3B, 0xE2, 0x18, 0x06, 0x0D, 0x16, 0x0F, 0xFB,
  0x27, 0xD4, 0x18, 0x06, 0x27, 0x06, 0xEF, 0xF1, 0x16, 0x0B,
  0x09, 0x1C, 0xE4, 0x0D, 0x0E, 0xD7, 0xF2, 0xEE, 0x07, 0xFE,
  0xC7, 0xF8, 0x0E, 0x25, 0x2F, 0xB6, 0x12, 0x06, 0x39, 0x14,
  0x13, 0x0D, 0x23, 0x28, 0xF6, 0x30, 0xED, 0xDC, 0x05, 0x3E,
  0xEC, 0xF3, 0x18, 0xF5, 0x14, 0xEF, 0x2C, 0x1C, 0xE4, 0x12,
  0x14, 0xFC, 0x0E, 0x2A, 0xF8, 0x0F, 0x25, 0x20, 0x16, 0xF8,
  0x24, 0x09, 0x0C, 0xC9, 0xEB, 0xF7, 0x17, 0x0C, 0x1C, 0x04,
  0xF9, 0x07, 0xFF, 0x1F, 0x0F, 0x05, 0x04, 0x2A, 0x06, 0xEC,
  0x00, 0x02, 0xFB, 0x2E, 0x13, 0x04, 0x2C, 0x01, 0x1A, 0xEB,
  0x26, 0x04, 0x0A, 0x36, 0x25, 0xF7, 0xE9, 0xEA, 0x04, 0xE2,
  0x24, 0x41, 0xDF, 0xFE, 0xD8, 0xE9, 0x17, 0xF4, 0x03, 0xF3,
  0xFD, 0x31, 0xEB, 0x0A, 0x30, 0xF0, 0xFD, 0x0E, 0xF1, 0xFA,
  0x16, 0x1F, 0xFA, 0xFE, 0x1F, 0x04, 0x1C, 0xD6, 0x08, 0x1F,
  0x00, 0x16, 0x16, 0xFE, 0x20, 0x09, 0x12, 0x0C, 0xD6, 0xE6,
  0x27, 0xCD, 0xD3, 0x2C, 0x1F, 0xD2, 0x21, 0xFB, 0x08, 0xF0,
  0x0A, 0xDB, 0x03, 0xF3, 0xDE, 0x13, 0xF7, 0x0D, 0x14, 0xCA,
  0x2B, 0x14, 0xCB, 0xF8, 0xF2, 0xFA, 0xF6, 0x07, 0xF4, 0xFC,
  0xF7, 0xE7, 0x2C, 0x07, 0x18, 0x1F, 0x05, 0xC9, 0x09, 0x29,
  0x02, 0x28, 0x20, 0xE8, 0xC9, 0xEB, 0xFB, 0x32, 0x05, 0xE4,
  0x08, 0xF3, 0x0C, 0x1F, 0x24, 0x15, 0xE6, 0x1D, 0x1F, 0x01,
  0xE7, 0x0F, 0xCB, 0x04, 0x17, 0x06, 0xF9, 0x14, 0x18, 0xE8,
  0xEA, 0x19, 0xF1, 0xF0, 0xF6, 0x11, 0x1D, 0xFB, 0xE4, 0x04,
  0x21, 0xFE, 0xE2, 0xDC, 0x25, 0xF6, 0xF0, 0x27, 0x0F, 0xFB,
  0x01, 0x1F, 0x14, 0x35, 0x2A, 0xDE, 0x29, 0x10, 0x09, 0x1F,
  0xE9, 0xD2, 0x1B, 0x12, 0x28, 0x1F, 0xFB, 0x0D, 0xCA, 0x0E,
  0x15, 0x1C, 0x1F, 0xF9, 0x11, 0x0E, 0x15, 0x0D, 0x18, 0xF2,
  0x25, 0xE1, 0x05, 0x01, 0x20, 0x02, 0x45, 0xFA, 0xFA, 0x3D,
  0xFF, 0x1A, 0x20, 0x2C, 0x07, 0xFF, 0x1C, 0xE9, 0x20, 0x08,
  0xDA, 0x0A, 0x25, 0xDF, 0xE8, 0x22, 0x1F, 0x3C, 0x13, 0xDF,
  0x15, 0xE1, 0xF7, 0xF6, 0xEE, 0xE8, 0x11, 0xC7, 0x12, 0x2A,
  0xD7, 0xF7, 0xD9, 0x05, 0x02, 0x1A, 0x19, 0xF0, 0x14, 0xF7,
  0x04, 0x3C, 0x29, 0xE7, 0x11, 0xE0, 0x17, 0xF7, 0xEE, 0xE9,
  0x23, 0x19, 0x42, 0x03, 0x03, 0xF0, 0xFA, 0x3D, 0x43, 0x3B,
  0x1B, 0x53, 0x2B, 0x09, 0x0E, 0xED, 0xF2, 0xF8, 0x0A, 0x04,
  0x0B, 0x20, 0x2B, 0x38, 0xF0, 0x00, 0x0D, 0x3A, 0x2F, 0x1E,
  0x16, 0x1A, 0x36, 0xF7, 0x05, 0xFB, 0x21, 0x26, 0xF3, 0x17,
  0x29, 0xEF, 0x29, 0xFF, 0xF5, 0x3D, 0xDD, 0x2B, 0x2D, 0xF4,
  0x2F, 0x47, 0x4A, 0x0E, 0x1E, 0xFE, 0x07, 0x38, 0x0D, 0xFC,
  0x0D, 0xE6, 0x0F, 0x02, 0x07, 0x01, 0xEE, 0xD0, 0x2E, 0xF8,
  0x17, 0xEC, 0xE6, 0x27, 0xF8, 0x03, 0xF5, 0xE7, 0x03, 0xDA,
  0xF0, 0xF7, 0x22, 0x11, 0xF5, 0x16, 0xFC, 0x12, 0x29, 0x0E,
  0x06, 0x12, 0x27, 0x0B, 0x25, 0xEF, 0x15, 0x31, 0x1E, 0x1E,
  0x04, 0xF4, 0x21, 0x0A, 0x06, 0x2B, 0x13, 0x15, 0x33, 0x0E,
  0x13, 0x28, 0xDA, 0x04, 0x1E, 0xEC, 0xEF, 0xD0, 0x05, 0xE6,
  0x02, 0x22, 0x0A, 0x04, 0x2B, 0x16, 0x14, 0xDE, 0x02, 0x0E,
  0xEB, 0xEC, 0x17, 0xF1, 0x20, 0xF7, 0x00, 0x0C, 0x1C, 0xF9,
  0xDD, 0x1B, 0x18, 0xE7, 0xD9, 0x19, 0x09, 0x10, 0xDC, 0x11,
  0xED, 0xF9, 0x31, 0xF1, 0x13, 0x11, 0x07, 0xF9, 0xF3, 0xF8,
  0xFE, 0x35, 0xFE, 0xF9, 0xE8, 0x07, 0x1C, 0x17, 0xF5, 0x01,
  0x0B, 0x13, 0x34, 0xD7, 0x25, 0xF3, 0xC6, 0x04, 0x01, 0x07,
  0xF4, 0xDA, 0xF5, 0x07, 0x13, 0x18, 0x29, 0x14, 0x03, 0x03,
  0x04, 0xCD, 0x54, 0xAB, 0xFF, 0xFF, 0x58, 0xAB, 0xFF, 0xFF,
  0x5C, 0xAB, 0xFF, 0xFF, 0xDA, 0xC2, 0xFF, 0xFF, 0x04, 0x00,
  0x00, 0x00, 0x00, 0x01, 0x00, 0x00, 0xA0, 0xFA, 0xFF, 0xFF,
  0x9B, 0xD0, 0xFF, 0xFF, 0x2A, 0xE3, 0xFF, 0xFF, 0x82, 0xEB,
  0xFF, 0xFF, 0x9F, 0xE1, 0xFF, 0xFF, 0xF5, 0xD0, 0xFF, 0xFF,
  0x79, 0xD4, 0xFF, 0xFF, 0xD8, 0xE8, 0xFF, 0xFF, 0x03, 0xEE,
  0xFF, 0xFF, 0xFB, 0xFB, 0xFF, 0xFF, 0xFA, 0x43, 0x00, 0x00,
  0xF7, 0xEF, 0xFF, 0xFF, 0x98, 0xEA, 0xFF, 0xFF, 0x32, 0x24,
  0x00, 0x00, 0xC3, 0xF9, 0xFF, 0xFF, 0xD8, 0x12, 0x00, 0x00,
  0xD5, 0x0B, 0x00, 0x00, 0x2A, 0x13, 0x00, 0x00, 0x89, 0xD7,
  0xFF, 0xFF, 0xA9, 0x06, 0x00, 0x00, 0x5F, 0xD2, 0xFF, 0xFF,
  0x2B, 0xE3, 0xFF, 0xFF, 0xE4, 0xEF, 0xFF, 0xFF, 0xE4, 0xF0,
  0xFF, 0xFF, 0xC1, 0xEB, 0xFF, 0xFF, 0xF8, 0xB9, 0xFF, 0xFF,
  0x3F, 0x14, 0x00, 0x00, 0x96, 0xFC, 0xFF, 0xFF, 0x6E, 0xF4,
  0xFF, 0xFF, 0x51, 0xFE, 0xFF, 0xFF, 0xE0, 0xFA, 0xFF, 0xFF,
  0xB0, 0x14, 0x00, 0x00, 0x86, 0xE5, 0xFF, 0xFF, 0x1C, 0xCF,
  0xFF, 0xFF, 0xEA, 0x1C, 0x00, 0x00, 0x65, 0xE0, 0xFF, 0xFF,
  0x86, 0xDA, 0xFF, 0xFF, 0x96, 0xD2, 0xFF, 0xFF, 0xCD, 0xD9,
  0xFF, 0xFF, 0x9F, 0xF3, 0xFF, 0xFF, 0x3F, 0xFC, 0xFF, 0xFF,
  0xAA, 0xE2, 0xFF, 0xFF, 0x61, 0xDB, 0xFF, 0xFF, 0x3F, 0xF8,
  0xFF, 0xFF, 0x21, 0xBF, 0xFF, 0xFF, 0x17, 0xF2, 0xFF, 0xFF,
  0x00, 0xC8, 0xFF, 0xFF, 0xCB, 0xD8, 0xFF, 0xFF, 0x32, 0xF3,
  0xFF, 0xFF, 0x4C, 0x83, 0x00, 0x00, 0x40, 0xEB, 0xFF, 0xFF,
  0xA7, 0xEF, 0xFF, 0xFF, 0x72, 0xE8, 0xFF, 0xFF, 0xD6, 0xFC,
  0xFF, 0xFF, 0x03, 0xF4, 0xFF, 0xFF, 0x4C, 0x08, 0x00, 0x00,
  0xDF, 0x3B, 0x00, 0x00, 0x0C, 0xFA, 0xFF, 0xFF, 0xDD, 0xF1,
  0xFF, 0xFF, 0x16, 0x66, 0xFF, 0xFF, 0x2D, 0xFB, 0xFF, 0xFF,
  0x52, 0xDF, 0xFF, 0xFF, 0x4E, 0xEC, 0xFF, 0xFF, 0x8D, 0xEE,
  0xFF, 0xFF, 0xE6, 0xC3, 0xFF, 0xFF, 0x04, 0x00, 0x00, 0x00,
  0x00, 0x38, 0x00, 0x00, 0x58, 0x06, 0xD4, 0xE5, 0x2D, 0xD0,
  0xD1, 0x00, 0xD7, 0x2C, 0xEB, 0xBD, 0xD1, 0x03, 0xD3, 0x51,
  0xE2, 0x13, 0x06, 0xBE, 0xF4, 0x26, 0x50, 0xEB, 0xFB, 0x16,
  0xDF, 0x02, 0xB2, 0x1C, 0x07, 0x01, 0x32, 0xEB, 0x04, 0x04,
  0x1A, 0x13, 0xEF, 0x49, 0xDF, 0xF9, 0x05, 0xDA, 0xDC, 0x24,
  0xE9, 0x54, 0x30, 0x29, 0x22, 0xE1, 0x16, 0xF6, 0x2E, 0xE1,
  0xCF, 0xF5, 0xC9, 0x12, 0x04, 0x03, 0x1F, 0x04, 0x02, 0xFC,
  0xD2, 0xF7, 0xE6, 0xF9, 0xF6, 0xF9, 0xF9, 0x08, 0x0F, 0x59,
  0x35, 0x0C, 0x50, 0x25, 0x0D, 0x47, 0xCE, 0x16, 0x1A, 0x03,
  0x05, 0x15, 0x0F, 0x22, 0x0A, 0xF9, 0x28, 0x1B, 0x0B, 0x08,
  0x59, 0x07, 0xD9, 0xF8, 0x10, 0xE5, 0x10, 0xBE, 0xE3, 0x1C,
  0xF8, 0xE1, 0xF1, 0xEB, 0x29, 0x30, 0xFD, 0xE7, 0xDE, 0x0B,
  0xCA, 0xD6, 0xF2, 0x12, 0xBB, 0x04, 0x11, 0x1E, 0xAE, 0x18,
  0x13, 0x2B, 0xF6, 0xE7, 0xE0, 0xFD, 0x20, 0xE8, 0xC5, 0x01,
  0xD3, 0xE2, 0x27, 0xE1, 0xCE, 0xF7, 0x19, 0x1B, 0x06, 0xE5,
  0x2C, 0x12, 0xF3, 0xFE, 0x04, 0x02, 0x2A, 0x01, 0xD5, 0x15,
  0xCC, 0xFE, 0x02, 0x16, 0xCA, 0xD6, 0x33, 0xBC, 0xE3, 0xCC,
  0xC6, 0x2B, 0x05, 0x12, 0xE1, 0xC4, 0xD0, 0x0F, 0xE9, 0x45,
  0x0E, 0x7F, 0x27, 0xE6, 0x37, 0x20, 0x16, 0xEE, 0x29, 0xDA,
  0xE2, 0xD9, 0xEB, 0x1D, 0xC8, 0xD0, 0xD5, 0x19, 0xF8, 0xFC,
  0x01, 0x19, 0x0C, 0x3B, 0xD5, 0xF6, 0xDE, 0xFE, 0xDF, 0x04,
  0xE3, 0x07, 0xF7, 0x2F, 0x0A, 0xC3, 0x0D, 0x1F, 0x27, 0x49,
  0x08, 0xE7, 0xCC, 0xE6, 0xFC, 0x2B, 0x0D, 0xE6, 0x05, 0xFC,
  0xEA, 0x14, 0xF1, 0xD8, 0x3E, 0x15, 0xE0, 0x1F, 0xC2, 0xCC,
  0xDB, 0xFF, 0xFA, 0xF6, 0x13, 0x04, 0xF6, 0x08, 0xCC, 0xD1,
  0xD9, 0x0E, 0xD8, 0x20, 0xFA, 0x1E, 0x40, 0xEF, 0x1D, 0x48,
  0xFC, 0xF4, 0x31, 0x2D, 0x19, 0xF0, 0x51, 0x4A, 0xD9, 0x50,
  0xFA, 0xE7, 0xCE, 0xD7, 0xD7, 0x06, 0x13, 0x40, 0xF3, 0x1D,
  0xC5, 0xDB, 0xF3, 0xED, 0xDE, 0x24, 0xEF, 0xF6, 0x1B, 0xE1,
  0xFB, 0x20, 0x0D, 0xFD, 0x0D, 0x37, 0x4F, 0xF8, 0xED, 0x09,
  0xF2, 0x46, 0xA1, 0x05, 0x10, 0xEF, 0x15, 0x1A, 0x16, 0x27,
  0x1B, 0x02, 0x12, 0xEF, 0x13, 0x3E, 0xAA, 0x19, 0x1A, 0x00,
  0x3C, 0x1D, 0x1E, 0xF2, 0x08, 0xE3, 0xEE, 0x17, 0x3C, 0xF6,
  0xE7, 0x3A, 0xFE, 0xDA, 0xA1, 0x00, 0xFF, 0x11, 0x29, 0x0C,
  0x4B, 0xE9, 0x2A, 0xFD, 0xF4, 0x1C, 0xF0, 0x2A, 0xD5, 0xF6,
  0x23, 0xEE, 0x48, 0x2C, 0xF9, 0x16, 0xFE, 0xCA, 0x07, 0xEB,
  0x21, 0x08, 0x47, 0x28, 0xE9, 0xF6, 0xCB, 0x0D, 0xEB, 0xDD,
  0xDF, 0xD8, 0x45, 0xFA, 0x2D, 0x2D, 0xAF, 0x00, 0x10, 0xE2,
  0xEF, 0xE5, 0x06, 0xEF, 0x13, 0xEF, 0xC8, 0xF6, 0x0C, 0xDC,
  0x3B, 0x15, 0x27, 0x1D, 0x22, 0x32, 0xEF, 0x07, 0xD3, 0x1D,
  0x49, 0xCB, 0xD2, 0xEC, 0x4D, 0xBE, 0x3B, 0x2C, 0xCA, 0x05,
  0x23, 0xF5, 0xE1, 0x05, 0x12, 0xFC, 0xCE, 0x10, 0xEB, 0x29,
  0x11, 0xE9, 0xD3, 0x00, 0x32, 0xDC, 0x01, 0xF9, 0xE2, 0xB4,
  0xE0, 0xD4, 0x3C, 0x19, 0x0D, 0x1B, 0x41, 0x81, 0x32, 0x04,
  0x1F, 0xF3, 0xFD, 0xF1, 0x05, 0x11, 0x3C, 0x03, 0x14, 0x43,
  0xF8, 0x3F, 0x27, 0x0A, 0xDE, 0x03, 0x4D, 0xF0, 0xD2, 0xDE,
  0xB3, 0x0F, 0xCF, 0xED, 0x2C, 0xB1, 0x3D, 0x10, 0xE9, 0x14,
  0x2F, 0x0B, 0xA9, 0xF7, 0x17, 0xDC, 0xDA, 0x36, 0x14, 0xEC,
  0xE8, 0x25, 0x17, 0xE2, 0x06, 0xED, 0x0A, 0x0B, 0x3B, 0xEF,
  0x07, 0xEF, 0xDB, 0x26, 0xB6, 0x00, 0x1D, 0x43, 0xC9, 0xF7,
  0xD2, 0x19, 0x13, 0x27, 0xE8, 0x06, 0x5C, 0x29, 0x98, 0x03,
  0x20, 0x19, 0xEB, 0x26, 0x11, 0xDC, 0xFE, 0xFF, 0xDC, 0x3C,
  0x3D, 0x29, 0xFF, 0x12, 0x07, 0xE6, 0x9C, 0xF3, 0xAF, 0x0E,
  0x81, 0xDD, 0x13, 0xE7, 0x42, 0x2C, 0x95, 0x22, 0x18, 0xF7,
  0x41, 0xF5, 0xFC, 0x1A, 0xB5, 0xFD, 0xF0, 0x32, 0xEC, 0x15,
  0x0F, 0x5D, 0x34, 0x00, 0x04, 0x00, 0x2B, 0xF0, 0x90, 0x0B,
  0x3B, 0xF0, 0xDC, 0xC6, 0x31, 0xB2, 0x26, 0x09, 0xA1, 0x1E,
  0x20, 0x18, 0x00, 0x0B, 0xD0, 0x01, 0xC6, 0xE9, 0xEF, 0x2A,
  0xAB, 0xC9, 0xE1, 0x48, 0xE3, 0x15, 0x1A, 0x5D, 0x7D, 0x39,
  0xAC, 0x0E, 0x31, 0x71, 0xB1, 0xF4, 0x33, 0xC9, 0x6B, 0x27,
  0xD1, 0x1C, 0xBB, 0xFB, 0xE3, 0x33, 0x5A, 0x42, 0x11, 0x18,
  0x18, 0x20, 0x24, 0xE1, 0xEE, 0x35, 0x1D, 0xF6, 0xDC, 0xF3,
  0xED, 0x6C, 0xD2, 0xF8, 0x2B, 0xF1, 0xE0, 0xC8, 0x56, 0x01,
  0x44, 0x0F, 0xA0, 0xF7, 0xE7, 0xFD, 0xD4, 0x03, 0xEF, 0xFA,
  0xEB, 0xEE, 0xAA, 0x43, 0xEC, 0x19, 0x25, 0xFF, 0xEC, 0xDF,
  0x2C, 0x28, 0x31, 0x36, 0x33, 0xD1, 0xE8, 0x02, 0x02, 0xD6,
  0x2C, 0xC4, 0x57, 0x12, 0x5D, 0xD3, 0xFA, 0xE3, 0xA5, 0x18,
  0x3B, 0x0A, 0x20, 0xD9, 0xF8, 0xFD, 0x28, 0x45, 0x04, 0x17,
  0x04, 0x0C, 0x5D, 0xF3, 0xCF, 0xDF, 0xB0, 0x3A, 0xE6, 0x10,
  0xFE, 0x2D, 0x19, 0x2D, 0xC7, 0x38, 0x31, 0xA7, 0xEE, 0x0B,
  0xD1, 0x0D, 0x2D, 0xE6, 0xCC, 0x0E, 0x5B, 0xFE, 0x3B, 0x30,
  0x62, 0xFE, 0xE7, 0xC2, 0x43, 0x84, 0xAB, 0xE8, 0xE2, 0x0A,
  0x04, 0xE8, 0x02, 0xD3, 0xFB, 0xDA, 0x32, 0x3C, 0x53, 0x1B,
  0xFA, 0xE8, 0xF6, 0xB3, 0x31, 0x28, 0x03, 0x03, 0x2A, 0x3C,
  0xE7, 0x13, 0x67, 0xC7, 0x09, 0xEB, 0x30, 0xD0, 0x0F, 0xDA,
  0xD2, 0xF4, 0xD5, 0x3E, 0xCF, 0x08, 0xEB, 0xD3, 0xE8, 0x00,
  0x16, 0x28, 0x2C, 0xB5, 0xDE, 0xC8, 0x17, 0x17, 0xE4, 0xE0,
  0x12, 0x0E, 0xED, 0x01, 0x00, 0xEF, 0x16, 0x3E, 0x02, 0xDC,
  0x2B, 0xDA, 0xF9, 0xFA, 0xAB, 0x11, 0xBC, 0x0A, 0x2B, 0xF9,
  0xA9, 0x37, 0xF1, 0xFD, 0xFC, 0x1C, 0xEC, 0xB5, 0xE0, 0x35,
  0xC7, 0xB6, 0x43, 0x0A, 0xFC, 0x3D, 0xC9, 0xE3, 0x31, 0xEE,
  0xD2, 0x3A, 0x20, 0xC9, 0xEA, 0x0C, 0x4C, 0x04, 0xD4, 0xB9,
  0x1F, 0xA9, 0xDC, 0xF2, 0xF8, 0x1F, 0xCA, 0x09, 0x12, 0xCD,
  0xD1, 0x28, 0xFE, 0x27, 0x3F, 0x78, 0xCC, 0x56, 0x25, 0xEB,
  0xA4, 0x03, 0x0B, 0x40, 0x1C, 0x10, 0x05, 0x31, 0xC5, 0x08,
  0xD4, 0x11, 0x1E, 0xD9, 0x46, 0x55, 0x46, 0x08, 0x00, 0xFC,
  0x00, 0xC4, 0x31, 0x00, 0x0B, 0x24, 0x30, 0xE7, 0x14, 0xEF,
  0xDF, 0x41, 0xF9, 0xD7, 0xDF, 0x9C, 0xE7, 0x09, 0xED, 0xD8,
  0x15, 0xED, 0x3C, 0xF0, 0xD7, 0x7F, 0xE3, 0x3D, 0x2F, 0xF8,
  0x69, 0x1A, 0xAF, 0x4C, 0xFA, 0xDB, 0xF7, 0xE6, 0x59, 0x12,
  0x43, 0x28, 0xAE, 0x16, 0x0B, 0x16, 0x2B, 0xCA, 0xF5, 0xD2,
  0x2A, 0x03, 0x47, 0xDB, 0xEA, 0x5F, 0x0A, 0x2A, 0x2C, 0x11,
  0x1E, 0x49, 0xEF, 0xFD, 0x0C, 0xE4, 0xFA, 0x28, 0xDB, 0xF9,
  0xFD, 0xCA, 0x0D, 0x0D, 0xB2, 0x19, 0x20, 0xE5, 0x37, 0xFA,
  0xB5, 0x2D, 0xCA, 0x0A, 0x03, 0x04, 0xE9, 0xFA, 0x2F, 0xF9,
  0xDD, 0x09, 0x05, 0xEE, 0xBF, 0x4D, 0xE8, 0x0B, 0x11, 0x37,
  0xE7, 0x1D, 0xFE, 0x01, 0x31, 0xD9, 0xF9, 0x16, 0x19, 0x0C,
  0x67, 0xFD, 0xC1, 0x40, 0xD7, 0x0C, 0x1C, 0x4D, 0x02, 0xFF,
  0x29, 0x0C, 0x34, 0xCE, 0x02, 0x9E, 0xC7, 0xE1, 0xA7, 0x0D,
  0xF1, 0xF7, 0xDE, 0x2E, 0xF9, 0x26, 0xF6, 0xF8, 0xF4, 0x1D,
  0x07, 0x23, 0x47, 0x25, 0x08, 0x3C, 0x19, 0x01, 0xBD, 0x27,
  0xFA, 0x49, 0x19, 0x1B, 0x35, 0x2D, 0xE9, 0xA0, 0x21, 0x04,
  0xD3, 0xEB, 0xF1, 0x10, 0xED, 0xF7, 0x1B, 0x18, 0xD8, 0xD8,
  0x0E, 0xF1, 0x2C, 0x0E, 0x21, 0x4C, 0x26, 0xF0, 0x07, 0x26,
  0x1C, 0xD7, 0xF6, 0x45, 0xBB, 0xF3, 0x6F, 0x17, 0xE4, 0x34,
  0x34, 0xD6, 0xD0, 0xC0, 0x06, 0xCA, 0xCA, 0x19, 0xF0, 0xDC,
  0x14, 0x31, 0x14, 0xE4, 0x1C, 0xF8, 0x06, 0xCF, 0xCF, 0x1E,
  0xFD, 0xF8, 0x3D, 0x8A, 0x09, 0x45, 0xE3, 0xEE, 0x4D, 0x0C,
  0xE8, 0x33, 0x32, 0x11, 0x49, 0xFD, 0xEB, 0xBD, 0x2D, 0xF3,
  0x05, 0x97, 0x2F, 0xEE, 0xEC, 0x03, 0xFD, 0xEF, 0xFC, 0xCD,
  0xB2, 0xF3, 0xC0, 0xFE, 0x03, 0x8A, 0xE3, 0x26, 0x10, 0xEC,
  0x3F, 0xF0, 0x0C, 0xEB, 0xF9, 0xF3, 0x0C, 0x0F, 0x81, 0xE2,
  0x39, 0xCE, 0xCF, 0x07, 0xF6, 0x21, 0x12, 0xF0, 0xE6, 0x17,
  0x26, 0x15, 0xEA, 0xD0, 0x26, 0xC5, 0x40, 0xCF, 0xCB, 0x30,
  0x38, 0x87, 0x38, 0x40, 0xF7, 0x00, 0x00, 0xF3, 0x0F, 0xCF,
  0xDD, 0xD6, 0x2B, 0xC2, 0x28, 0xC0, 0xF6, 0x3F, 0x19, 0xCA,
  0xAE, 0xDC, 0x50, 0x10, 0xF8, 0xF4, 0xE3, 0xC8, 0x15, 0xE7,
  0xCD, 0x3B, 0x04, 0x81, 0x18, 0x62, 0xFF, 0x07, 0xDA, 0x2A,
  0x0C, 0xEC, 0xD8, 0xF9, 0x1D, 0xEE, 0x08, 0x44, 0xB9, 0x0C,
  0x02, 0xB4, 0xD2, 0xDA, 0x39, 0x0D, 0x3B, 0xEC, 0xC0, 0x05,
  0xFC, 0x00, 0xDA, 0x37, 0x2C, 0xBB, 0xFB, 0xF7, 0x05, 0x05,
  0x1D, 0xFB, 0x08, 0xE8, 0xEF, 0x1F, 0x10, 0x2A, 0x08, 0x39,
  0xFC, 0x19, 0xF0, 0x4F, 0xE9, 0x0E, 0x61, 0x39, 0x1E, 0x02,
  0xF3, 0xEE, 0xF9, 0x0F, 0x11, 0x72, 0x1D, 0x0D, 0xA7, 0x16,
  0x2B, 0x17, 0xFE, 0x37, 0x1C, 0xF6, 0x03, 0x18, 0xD8, 0x50,
  0xEA, 0x2D, 0x4B, 0x31, 0xDA, 0x2B, 0xEC, 0xFA, 0xF8, 0x10,
  0xB5, 0x09, 0x3A, 0x30, 0x1A, 0xEC, 0x2F, 0x0B, 0x1A, 0xE7,
  0x9F, 0x10, 0x5A, 0x26, 0xDB, 0x17, 0xF1, 0xE5, 0x01, 0x16,
  0x30, 0x32, 0xD7, 0x41, 0x10, 0x1C, 0x13, 0xD4, 0x19, 0xF9,
  0x03, 0xD5, 0xBC, 0xD1, 0x0F, 0x2D, 0x02, 0x47, 0x3E, 0x23,
  0xF7, 0x1D, 0xB6, 0x2E, 0x0A, 0x43, 0xB9, 0x20, 0xF3, 0x11,
  0x77, 0xF0, 0x17, 0xE2, 0xD1, 0x2F, 0x0C, 0x35, 0xE2, 0xF3,
  0x07, 0xFD, 0xE0, 0xFB, 0xCB, 0xD9, 0xCF, 0x0C, 0xFD, 0x07,
  0x13, 0x27, 0xEA, 0x0A, 0xF9, 0x13, 0x2E, 0x34, 0xBF, 0x07,
  0xFD, 0xE4, 0x2D, 0xDD, 0x00, 0x14, 0xCB, 0xC4, 0xC7, 0x06,
  0xD5, 0xB7, 0xC2, 0xB8, 0xE0, 0x4C, 0xFB, 0xFB, 0x07, 0xC0,
  0x25, 0xE0, 0xA8, 0x35, 0x1D, 0xAD, 0xFB, 0x25, 0xC4, 0xDC,
  0x09, 0x3A, 0x1A, 0xFA, 0x27, 0xF9, 0x01, 0xF1, 0x1E, 0x45,
  0xDC, 0xF2, 0x1A, 0x1B, 0xDE, 0x0A, 0x5B, 0x1C, 0x25, 0x0F,
  0x1D, 0xE8, 0x11, 0xF1, 0xD4, 0x43, 0xF2, 0xD0, 0x21, 0x03,
  0x0E, 0xF8, 0x16, 0xFF, 0x18, 0x0D, 0xF7, 0xCF, 0xF4, 0xED,
  0x58, 0xE4, 0x0A, 0xEB, 0xFB, 0x26, 0xD7, 0x0D, 0x0D, 0x2A,
  0xD7, 0x02, 0xE9, 0x09, 0x14, 0x08, 0xC6, 0x7B, 0x11, 0xBC,
  0xC8, 0x2F, 0xD8, 0xE4, 0xB7, 0x41, 0x0F, 0x20, 0xEA, 0x5B,
  0xDE, 0x18, 0xE1, 0x44, 0xC7, 0x1E, 0x04, 0xC9, 0xB9, 0xCE,
  0x52, 0x0E, 0x06, 0xED, 0xF6, 0x19, 0x3E, 0x1F, 0x34, 0x0C,
  0xF6, 0xE8, 0xDB, 0x37, 0x01, 0x49, 0xC5, 0x0A, 0x25, 0xD4,
  0x7F, 0x23, 0x40, 0x1D, 0x2A, 0x66, 0x30, 0x2B, 0x13, 0x5E,
  0x00, 0x3A, 0x0E, 0xBE, 0xD6, 0x0F, 0xF7, 0x05, 0x1B, 0x33,
  0x13, 0x1F, 0xF8, 0x49, 0xF8, 0x4D, 0x1E, 0x30, 0x01, 0x31,
  0x3D, 0x2C, 0xE6, 0x01, 0xFA, 0xF7, 0xF0, 0x08, 0x4C, 0xF9,
  0xD0, 0xF6, 0x11, 0x2C, 0xF0, 0xFF, 0x9D, 0xDE, 0x13, 0x14,
  0x04, 0xDD, 0x0B, 0x2E, 0x02, 0xDE, 0xCC, 0x07, 0x3D, 0x09,
  0xD1, 0x1C, 0xCA, 0xEF, 0x30, 0xED, 0xF6, 0x03, 0xD6, 0xF1,
  0xDD, 0x34, 0x08, 0xDF, 0xE5, 0xDE, 0x03, 0x1C, 0xD1, 0xCA,
  0xBE, 0x02, 0x3E, 0xD5, 0x25, 0xFF, 0x08, 0x10, 0xD4, 0x19,
  0x58, 0x24, 0xC9, 0xC0, 0xF7, 0x08, 0x3A, 0xDD, 0x16, 0xD2,
  0xDC, 0xC0, 0x4A, 0xFE, 0x3A, 0x3C, 0x22, 0x14, 0x12, 0xE0,
  0xCD, 0x03, 0xAD, 0x1D, 0x5B, 0x0A, 0x13, 0xE1, 0xF9, 0x0B,
  0x0F, 0xC4, 0x44, 0xF7, 0xFE, 0x11, 0x13, 0x31, 0x73, 0x15,
  0xE1, 0x38, 0x11, 0x35, 0x0E, 0xFB, 0x0C, 0x11, 0x0B, 0xE2,
  0xF7, 0xBB, 0x1E, 0x04, 0xFF, 0xFC, 0x6A, 0x22, 0x2E, 0x07,
  0x37, 0xF4, 0x22, 0xBB, 0x34, 0xDD, 0x2D, 0x08, 0x16, 0xFE,
  0x7F, 0x32, 0xEC, 0x2F, 0xB2, 0x1A, 0xDD, 0xD9, 0x1F, 0xF5,
  0xCF, 0xD2, 0x10, 0xCC, 0x25, 0x13, 0x30, 0xC0, 0x24, 0xF3,
  0x06, 0xE3, 0x01, 0x05, 0xBC, 0xCF, 0xF3, 0x00, 0xEF, 0xED,
  0x39, 0x04, 0x42, 0xED, 0xDD, 0x12, 0xDC, 0x04, 0xD7, 0xD0,
  0x0C, 0xD5, 0x9A, 0xC1, 0x11, 0xF1, 0xF3, 0xEB, 0x38, 0xD1,
  0x30, 0xBA, 0x05, 0xEA, 0xD2, 0x0C, 0xE5, 0xD5, 0xE8, 0xEE,
  0xB1, 0xC1, 0x16, 0xE7, 0x07, 0xD5, 0xF0, 0x1D, 0xD0, 0x04,
  0xC8, 0xD6, 0x33, 0x20, 0xD3, 0xE9, 0x36, 0x05, 0xD8, 0xFD,
  0x22, 0xD1, 0xF3, 0xAF, 0x31, 0x19, 0xD8, 0xD6, 0x0F, 0xE7,
  0xF8, 0xF9, 0xA7, 0x06, 0xCF, 0xE9, 0xC6, 0xCE, 0x03, 0xFE,
  0x00, 0xE1, 0xDF, 0xF7, 0x06, 0x06, 0x25, 0x13, 0x1D, 0x26,
  0xD6, 0xF6, 0x4A, 0xE9, 0xF8, 0x07, 0x2F, 0x29, 0xD0, 0x12,
  0x36, 0xF2, 0x06, 0x17, 0xBB, 0x2A, 0xD2, 0xF0, 0xB3, 0xEE,
  0x2D, 0xEB, 0x3D, 0xC5, 0x08, 0x09, 0xEB, 0x1F, 0x3E, 0x0B,
  0x10, 0x58, 0xE5, 0xEE, 0x63, 0x20, 0x05, 0x19, 0x38, 0x4B,
  0xF1, 0x0B, 0x44, 0x23, 0x13, 0xE8, 0x1A, 0x40, 0xE4, 0xEB,
  0x05, 0x21, 0x59, 0xFC, 0x36, 0xF4, 0xCF, 0xB2, 0xBF, 0x26,
  0xF6, 0x0F, 0xC3, 0xF5, 0x57, 0x28, 0x12, 0xE5, 0xEF, 0xFC,
  0xEA, 0x8E, 0x45, 0x33, 0xCE, 0x04, 0xC0, 0x0A, 0xCE, 0x50,
  0x3C, 0x14, 0x2A, 0xFF, 0x25, 0x49, 0xB5, 0xF8, 0x40, 0xD9,
  0xF5, 0x35, 0x39, 0x19, 0x81, 0xFF, 0x11, 0x1C, 0xE1, 0xF8,
  0x4A, 0x58, 0x2D, 0xFE, 0x15, 0x36, 0x3F, 0xAC, 0x07, 0x48,
  0xFA, 0x1E, 0x30, 0x00, 0x2D, 0xD1, 0xCE, 0x0D, 0xF1, 0xBD,
  0x18, 0x99, 0x08, 0x09, 0x0C, 0x15, 0xED, 0xE2, 0x24, 0xED,
  0xCA, 0x4F, 0x25, 0xF0, 0xD6, 0xC4, 0xBF, 0xF6, 0x6F, 0xC3,
  0x1E, 0x2C, 0xFA, 0xF7, 0xE6, 0xB4, 0xF8, 0x29, 0x8D, 0x59,
  0xA8, 0x09, 0x96, 0xD7, 0xFB, 0x10, 0x2B, 0x02, 0x48, 0xFC,
  0x7B, 0x11, 0x2A, 0xCA, 0x29, 0x39, 0xED, 0xD1, 0x90, 0x2F,
  0x1D, 0xAA, 0x16, 0x2E, 0x40, 0xF2, 0xD0, 0x0E, 0x35, 0x32,
  0x29, 0x16, 0xE3, 0x09, 0xBC, 0xBE, 0x1F, 0x16, 0xFD, 0xF3,
  0xEE, 0x03, 0xF1, 0xF5, 0x78, 0xCC, 0x20, 0xF3, 0xE0, 0xF3,
  0xC3, 0xF6, 0xB6, 0xD2, 0xE1, 0xF1, 0x18, 0xCA, 0x1B, 0x96,
  0x26, 0xDF, 0x4A, 0x7F, 0x10, 0x1A, 0xE0, 0xAA, 0xEC, 0x39,
  0xFE, 0xC2, 0xED, 0xF0, 0x29, 0x5C, 0x53, 0xC0, 0x23, 0xD0,
  0xE1, 0xB2, 0xCC, 0x4F, 0xE1, 0xC0, 0xD1, 0x24, 0xA0, 0x4C,
  0xED, 0x29, 0xA5, 0xD3, 0xF9, 0x0F, 0xD7, 0x03, 0xE0, 0xF9,
  0xEB, 0x03, 0xCF, 0xF5, 0xBE, 0x33, 0xDA, 0x43, 0x59, 0xEF,
  0x1B, 0x04, 0x14, 0xF3, 0xF2, 0x46, 0x0D, 0x31, 0xF3, 0xDF,
  0xD2, 0x31, 0xF1, 0x0A, 0x00, 0x1E, 0x07, 0x33, 0x48, 0xF9,
  0x31, 0xFB, 0xF3, 0x0F, 0x02, 0x24, 0x27, 0x20, 0xD5, 0x08,
  0xC7, 0x2A, 0xF4, 0x15, 0x07, 0xDF, 0x03, 0x1E, 0x0B, 0xF1,
  0x1C, 0x18, 0x13, 0x42, 0x12, 0x1D, 0x53, 0x24, 0xDE, 0x30,
  0xD1, 0x3F, 0x2B, 0xDA, 0x1D, 0x06, 0x04, 0xEF, 0x00, 0xC3,
  0x01, 0x27, 0xB2, 0x10, 0xFE, 0x08, 0x48, 0xED, 0x0F, 0x07,
  0xDD, 0xCD, 0x30, 0x29, 0x2F, 0x02, 0x0B, 0xFA, 0x7F, 0xDE,
  0xDA, 0x34, 0xD5, 0x26, 0xF9, 0xF1, 0x36, 0x18, 0x20, 0xFA,
  0xFB, 0xD1, 0xE5, 0xD4, 0x16, 0x0B, 0x12, 0x1B, 0x23, 0xFA,
  0xEF, 0x53, 0xD6, 0xDC, 0x2B, 0x1F, 0x1F, 0x01, 0x23, 0x03,
  0x42, 0xEA, 0xD2, 0x0D, 0xB5, 0x07, 0xF4, 0xEB, 0xEE, 0xF8,
  0xF7, 0xFA, 0xF0, 0xC7, 0xEA, 0xE1, 0x14, 0xDB, 0x16, 0xD2,
  0x33, 0xD8, 0xE4, 0xD3, 0xE7, 0xC3, 0x1C, 0xFE, 0xCE, 0xE6,
  0xFD, 0xAD, 0x3F, 0xD1, 0xF1, 0x2A, 0xDC, 0xCC, 0xC5, 0xDF,
  0x18, 0x15, 0xCD, 0xD3, 0x04, 0x0B, 0xE3, 0xFA, 0x10, 0xC0,
  0x3C, 0xF0, 0x38, 0x27, 0xD7, 0xF0, 0x2D, 0xE7, 0x20, 0xFA,
  0x04, 0xEB, 0xE4, 0x25, 0x1A, 0xC6, 0x08, 0x18, 0x03, 0xBB,
  0xD0, 0xC2, 0xF3, 0xD6, 0xE9, 0xC3, 0x3A, 0x1A, 0xD5, 0xF6,
  0x3D, 0xE1, 0xE5, 0xE0, 0x15, 0x0E, 0xC3, 0xA5, 0x58, 0xEB,
  0xFA, 0xE7, 0xF7, 0x09, 0x0C, 0xC5, 0xC5, 0xF0, 0x1B, 0x34,
  0x3D, 0xD2, 0xD1, 0xCE, 0xFF, 0x10, 0xF9, 0xF2, 0x49, 0x12,
  0x14, 0x09, 0x3D, 0xD3, 0xFB, 0x0E, 0x01, 0x27, 0xEE, 0xB3,
  0x2E, 0x2B, 0xD5, 0xFA, 0xF6, 0xF2, 0x43, 0xEE, 0xE4, 0x05,
  0x31, 0x36, 0x3C, 0x31, 0xCF, 0x1B, 0xF6, 0xDA, 0x0E, 0xF3,
  0x3C, 0xDD, 0x06, 0xD5, 0xCE, 0x56, 0x45, 0xFD, 0x13, 0x25,
  0xA5, 0x1A, 0x1B, 0x1A, 0xD0, 0xAE, 0xE7, 0xFA, 0x11, 0xF8,
  0x09, 0xE5, 0x2F, 0x07, 0x3A, 0xFF, 0x01, 0x09, 0x0C, 0xB7,
  0x3A, 0xD8, 0x0C, 0xA6, 0x55, 0x02, 0xDC, 0xF0, 0x08, 0x51,
  0x1A, 0xDE, 0x81, 0x19, 0xED, 0x1F, 0xF6, 0x8F, 0x16, 0x22,
  0xF6, 0xC2, 0x1C, 0x00, 0xF3, 0x00, 0x25, 0xEE, 0x08, 0xEA,
  0x43, 0xE3, 0x04, 0xDE, 0x00, 0xD2, 0x4B, 0xCE, 0xFB, 0xEB,
  0xDA, 0x1E, 0x2D, 0x06, 0xB9, 0xB0, 0x32, 0x31, 0xFC, 0xBF,
  0xCE, 0xBA, 0xEF, 0xF4, 0xD1, 0x03, 0xD2, 0x00, 0x1B, 0x0D,
  0x02, 0xE9, 0x4D, 0xD4, 0xF2, 0xE6, 0x0D, 0x11, 0x42, 0xC7,
  0xFB, 0x06, 0xF6, 0x03, 0xE6, 0xFC, 0xA4, 0xAD, 0x21, 0x20,
  0xF4, 0x9F, 0xCA, 0xE5, 0xF4, 0xE9, 0xEA, 0xE6, 0xE6, 0x01,
  0x4F, 0x28, 0xE5, 0x04, 0x41, 0xF1, 0xEB, 0xE6, 0x09, 0xA2,
  0x3E, 0xD4, 0xEF, 0xF3, 0xF8, 0x39, 0xD6, 0xFB, 0xDA, 0xC0,
  0xEA, 0xD3, 0x31, 0x94, 0x1F, 0xC1, 0xD2, 0xC1, 0x0D, 0x15,
  0xF5, 0x28, 0x4D, 0x27, 0xEB, 0xEB, 0xEC, 0xC5, 0x07, 0xEB,
  0xED, 0xCC, 0x52, 0x02, 0xEC, 0xC2, 0xCF, 0x0A, 0xCB, 0x03,
  0xCA, 0xDB, 0x2B, 0x1A, 0xFF, 0xC3, 0x17, 0xDC, 0x01, 0x10,
  0xEE, 0x30, 0xE2, 0x07, 0x40, 0xE7, 0x17, 0xDF, 0x09, 0xDB,
  0xEE, 0x12, 0x01, 0xE4, 0x30, 0xAB, 0x22, 0xE0, 0x48, 0x0D,
  0x08, 0x0B, 0xD1, 0xDC, 0x09, 0x38, 0xDA, 0xF7, 0x1D, 0xC6,
  0x30, 0x1E, 0xCB, 0xDD, 0xF6, 0x10, 0x5B, 0x14, 0xC2, 0x4F,
  0xF9, 0x04, 0xF3, 0x18, 0xEB, 0x30, 0x2B, 0x48, 0x2A, 0x04,
  0xF1, 0xD9, 0x13, 0xB5, 0x2E, 0xD2, 0x24, 0x38, 0x67, 0x12,
  0xEE, 0xF5, 0xD4, 0xDB, 0xF8, 0x00, 0xD8, 0x11, 0x09, 0x00,
  0xAA, 0x2E, 0xBF, 0x15, 0xE1, 0xFA, 0x34, 0x47, 0x1C, 0x0A,
  0x0D, 0xF5, 0x01, 0xF5, 0xF7, 0xCD, 0x35, 0xE0, 0xE7, 0x71,
  0x55, 0xF3, 0xEB, 0xA7, 0xD5, 0x08, 0x2B, 0x17, 0x0A, 0x29,
  0x2B, 0xB3, 0xC8, 0x25, 0xD9, 0x3D, 0xF7, 0xD5, 0x36, 0xE4,
  0xDC, 0x31, 0xCF, 0xF3, 0x20, 0xEA, 0x17, 0xA2, 0x04, 0x06,
  0xEE, 0x7F, 0x35, 0xFA, 0x05, 0xD5, 0xE7, 0x27, 0x1C, 0x10,
  0x0D, 0x04, 0x35, 0xCE, 0xC1, 0x15, 0x32, 0xED, 0x1F, 0xCC,
  0xD8, 0xBF, 0xFB, 0x0C, 0xD7, 0x00, 0x01, 0x09, 0x1A, 0xCE,
  0x11, 0x39, 0x22, 0x46, 0xFE, 0xF7, 0xFF, 0xE0, 0xED, 0xDF,
  0x27, 0x13, 0xE1, 0xE0, 0xCF, 0xCB, 0xE6, 0x3A, 0x1C, 0x19,
  0x18, 0xFD, 0xB5, 0x1B, 0x1A, 0xF7, 0xCE, 0x00, 0xB3, 0x17,
  0xF4, 0xBE, 0x13, 0x12, 0x14, 0x38, 0xD8, 0x29, 0x2B, 0xDB,
  0xD7, 0xE5, 0xFD, 0x06, 0xC1, 0xE6, 0xF9, 0x36, 0x3E, 0x08,
  0x0D, 0x27, 0x53, 0x1B, 0xD0, 0x3A, 0xFF, 0xCC, 0xC9, 0xD0,
  0xBA, 0x1B, 0xE5, 0x15, 0x36, 0xB8, 0xED, 0xD7, 0xB1, 0x0C,
  0x17, 0xF0, 0x34, 0xF4, 0xF1, 0x13, 0xB8, 0xD3, 0x04, 0x17,
  0xDB, 0x2C, 0x41, 0x27, 0x2C, 0x38, 0x0E, 0xE6, 0xE6, 0xF6,
  0xE0, 0xCC, 0x29, 0xFD, 0x1B, 0xF6, 0x16, 0xC1, 0xED, 0xED,
  0xC3, 0xF9, 0x0A, 0xDE, 0x21, 0xFB, 0x12, 0x37, 0xEF, 0xFA,
  0x1A, 0x2B, 0xDB, 0xFC, 0x07, 0x29, 0x07, 0x02, 0xFE, 0x12,
  0x05, 0x1E, 0xB5, 0xF8, 0xD1, 0xFD, 0xFA, 0x23, 0x3D, 0xC1,
  0x2F, 0xF5, 0x09, 0xF3, 0xE4, 0x3E, 0xA2, 0x40, 0xFC, 0x3F,
  0x39, 0x12, 0xF2, 0x12, 0xFA, 0xD4, 0xF5, 0x23, 0x0A, 0xF2,
  0x1E, 0x53, 0x29, 0x44, 0xB7, 0xF1, 0xEA, 0x2E, 0x03, 0x06,
  0xF6, 0xE0, 0x01, 0x33, 0x0B, 0xF7, 0xCA, 0x1C, 0xC1, 0x0B,
  0xE1, 0xFD, 0x38, 0xEB, 0x50, 0x2E, 0xCC, 0xDD, 0xF4, 0x3E,
  0x0F, 0x13, 0x0D, 0x49, 0xE3, 0xEE, 0xCF, 0xE5, 0x01, 0x28,
  0xFC, 0xF8, 0x4D, 0x05, 0x11, 0x29, 0x0C, 0x09, 0xBD, 0xDF,
  0xC2, 0x37, 0xD3, 0x01, 0x22, 0x01, 0x28, 0x21, 0xD2, 0xEC,
  0x1B, 0x08, 0x23, 0xE4, 0xDD, 0x2F, 0x06, 0x11, 0xB8, 0x0A,
  0xE5, 0xF2, 0x09, 0x15, 0x47, 0x36, 0xE4, 0x05, 0x0C, 0x0D,
  0xBC, 0x25, 0xC6, 0x0F, 0xD7, 0x22, 0x57, 0xED, 0x01, 0x05,
  0xE6, 0xE7, 0xEF, 0x0C, 0x60, 0xE0, 0xCB, 0x54, 0x09, 0xEA,
  0xE3, 0x16, 0xD6, 0x21, 0xD6, 0x2A, 0x30, 0xF6, 0xCE, 0xCA,
  0xAD, 0x00, 0xB2, 0x29, 0xCC, 0x2F, 0x07, 0x41, 0x05, 0x2A,
  0x07, 0x20, 0x25, 0xE6, 0xF3, 0x3E, 0x09, 0x23, 0x18, 0x7F,
  0xC3, 0xAE, 0x9B, 0xFB, 0xE7, 0xE7, 0xA8, 0xE4, 0x24, 0xF5,
  0xF4, 0xD5, 0xE7, 0xF7, 0xD2, 0xFB, 0xF2, 0x26, 0xF1, 0x3A,
  0x18, 0xF3, 0x07, 0x21, 0xE7, 0x15, 0x28, 0xFB, 0x68, 0x35,
  0x24, 0x5F, 0xAE, 0xBD, 0x9B, 0x23, 0x3A, 0xE4, 0xD1, 0x29,
  0x0E, 0xF0, 0x1E, 0xEE, 0x08, 0xD5, 0x0B, 0x12, 0x15, 0x3F,
  0x1F, 0x2A, 0xDC, 0xD3, 0x2B, 0x33, 0x22, 0xF5, 0xDE, 0xDD,
  0x02, 0x2A, 0x49, 0x35, 0x0D, 0x36, 0xD9, 0x10, 0xF9, 0x1B,
  0xF4, 0xC2, 0xD4, 0x05, 0x1B, 0xCB, 0xCA, 0xE5, 0x04, 0xE6,
  0xE2, 0xD4, 0x11, 0x07, 0x13, 0x2C, 0x06, 0xF5, 0xD5, 0xFD,
  0xB5, 0x2B, 0x13, 0xF0, 0x34, 0x10, 0x47, 0x50, 0x39, 0xF1,
  0xA4, 0x1E, 0x0C, 0xCD, 0xB5, 0xF9, 0x2A, 0x20, 0xF7, 0xFA,
  0x0F, 0xD7, 0xBF, 0xAA, 0xE0, 0xF3, 0x23, 0x21, 0xCE, 0xF4,
  0xCA, 0xF7, 0xF1, 0x1F, 0x13, 0xE6, 0x24, 0xF7, 0x4A, 0x2B,
  0x24, 0xF8, 0xF2, 0xF2, 0x06, 0x06, 0xDB, 0x04, 0x18, 0xEA,
  0xC7, 0xEB, 0x12, 0xDF, 0xF0, 0xF9, 0xE4, 0xDF, 0x2B, 0xFB,
  0xFB, 0xE4, 0xE9, 0xDA, 0xB9, 0xE0, 0x31, 0xB7, 0xC2, 0xD5,
  0xCC, 0xEC, 0x17, 0x09, 0xD9, 0x2C, 0xD1, 0xBD, 0xFD, 0x0F,
  0x0F, 0xB9, 0xCD, 0xF6, 0xC0, 0x02, 0xDD, 0x19, 0xD7, 0x05,
  0x71, 0xFB, 0x08, 0xF7, 0xFC, 0xE3, 0xB1, 0x01, 0x19, 0xED,
  0xE5, 0xD0, 0xCB, 0x35, 0x2C, 0x2C, 0xCE, 0x19, 0x19, 0xF1,
  0xF3, 0x08, 0x27, 0xF4, 0xCE, 0xD6, 0xE6, 0x35, 0xDF, 0xE2,
  0xE9, 0xFB, 0x3D, 0x24, 0xD6, 0x1C, 0x1A, 0xEA, 0xD7, 0xF9,
  0x16, 0x41, 0xF2, 0xDC, 0xF3, 0x1F, 0x1E, 0xDD, 0x1C, 0x0F,
  0xFD, 0x05, 0xC2, 0x16, 0x2F, 0xF4, 0xDD, 0xEF, 0xA5, 0x07,
  0xF4, 0xCA, 0xE6, 0xF3, 0x2C, 0x2F, 0xDE, 0xFC, 0xE1, 0xED,
  0xE6, 0x09, 0x32, 0x3A, 0x62, 0x00, 0x34, 0xEB, 0xE4, 0x11,
  0x13, 0x4A, 0xF6, 0xBA, 0xCC, 0x11, 0x7F, 0x3D, 0xDD, 0xE3,
  0xF4, 0xA6, 0xF6, 0xFB, 0x09, 0xEA, 0x25, 0xF8, 0xE5, 0x2D,
  0x2D, 0xE9, 0xF7, 0xA4, 0xEB, 0xFF, 0x3E, 0x8D, 0xF3, 0x00,
  0xFE, 0xFF, 0x3F, 0xF5, 0x55, 0x68, 0xC7, 0xFD, 0xF6, 0x3A,
  0xFC, 0xAE, 0x42, 0xDA, 0xC9, 0x06, 0xC3, 0xDA, 0x68, 0x37,
  0x63, 0x3A, 0x4D, 0xF1, 0xE0, 0x0B, 0x29, 0xF6, 0x13, 0xC6,
  0xF3, 0xCD, 0x19, 0xE8, 0x00, 0xBE, 0x0D, 0x5F, 0xBA, 0x0C,
  0x3C, 0xF5, 0xE0, 0xA4, 0x09, 0xF5, 0xDD, 0x26, 0xC6, 0xEF,
  0xDD, 0x3F, 0x3B, 0x0C, 0xF8, 0x08, 0xA2, 0x9C, 0x0E, 0x11,
  0x07, 0xF0, 0x36, 0x13, 0x20, 0x2A, 0xFE, 0xAF, 0xE4, 0x07,
  0xE0, 0xC3, 0x36, 0xEE, 0x08, 0xFF, 0xE5, 0x0E, 0x1B, 0x20,
  0xFA, 0xD3, 0xFD, 0x0A, 0xE4, 0xE4, 0x22, 0x16, 0x2C, 0xEB,
  0x15, 0x04, 0xDF, 0x14, 0x0D, 0x29, 0x0B, 0x3E, 0x36, 0xF5,
  0xDB, 0x25, 0x22, 0xD7, 0x41, 0x10, 0x42, 0x25, 0x0C, 0xEC,
  0x15, 0xE4, 0xAC, 0xF6, 0x0F, 0x2A, 0xED, 0x0E, 0x41, 0x20,
  0x1B, 0xA0, 0xEC, 0x14, 0xDB, 0x03, 0x6A, 0xE1, 0xEF, 0x18,
  0x08, 0xFC, 0x03, 0x18, 0x16, 0xFA, 0xCF, 0xCC, 0x27, 0xFF,
  0x62, 0x0B, 0xE6, 0x17, 0xA6, 0x19, 0x15, 0xE7, 0xFC, 0xF2,
  0x1C, 0xE1, 0xF0, 0x91, 0xCD, 0x0A, 0x12, 0x16, 0x34, 0x0A,
  0xFE, 0xB0, 0xAE, 0xED, 0x23, 0x1F, 0x0D, 0x10, 0x81, 0x29,
  0xFF, 0xC7, 0x36, 0x27, 0xCC, 0xE8, 0xB2, 0xFD, 0xE1, 0xEE,
  0x70, 0xCF, 0xFF, 0xBC, 0xE0, 0x36, 0x2B, 0xC5, 0xD9, 0xD4,
  0xE9, 0xE1, 0x2A, 0xB1, 0x1E, 0xD9, 0x37, 0x4A, 0xE1, 0xED,
  0xCD, 0xEA, 0xBB, 0x91, 0x0C, 0xD2, 0x25, 0x23, 0x06, 0x2A,
  0x11, 0x21, 0x6B, 0x21, 0xE2, 0x08, 0xCE, 0xDA, 0x35, 0xF7,
  0xFB, 0xF4, 0xD4, 0x11, 0x07, 0xC6, 0x18, 0x35, 0x3D, 0xE7,
  0xF2, 0xA6, 0x13, 0x27, 0x42, 0x07, 0xF4, 0x03, 0xCB, 0x02,
  0xF3, 0x0E, 0x00, 0xE9, 0x2A, 0xD1, 0x13, 0xF6, 0x20, 0xF4,
  0x0B, 0xEB, 0x38, 0x10, 0xE4, 0x23, 0x08, 0x14, 0xD8, 0x2D,
  0xEF, 0xC8, 0x05, 0xBA, 0x31, 0x1D, 0x00, 0xCC, 0xEB, 0x1F,
  0xB1, 0xE6, 0x47, 0x24, 0x4A, 0x1E, 0x16, 0xE5, 0x1E, 0x1B,
  0x3D, 0xFD, 0x42, 0x10, 0x19, 0x1C, 0xF8, 0x23, 0xC5, 0x14,
  0x08, 0xF1, 0xC5, 0xE8, 0x17, 0xDE, 0x27, 0xF8, 0xF9, 0xC1,
  0x20, 0xFE, 0xD3, 0x0D, 0x06, 0x03, 0xE3, 0xE7, 0xF3, 0xFD,
  0x37, 0x16, 0x09, 0x41, 0x1C, 0xF6, 0x42, 0x04, 0x19, 0xD5,
  0xD6, 0xE5, 0xE2, 0x2A, 0xC9, 0x17, 0xD9, 0x96, 0x22, 0xE9,
  0xFC, 0x05, 0x1D, 0x06, 0xEB, 0x17, 0x52, 0x05, 0x1C, 0x16,
  0x16, 0x36, 0x07, 0xE5, 0xE6, 0x35, 0x02, 0xD1, 0x2E, 0xE1,
  0x20, 0xFE, 0xCE, 0xCC, 0x1B, 0x73, 0xB2, 0xCC, 0xF4, 0x90,
  0x00, 0x13, 0xEB, 0x0E, 0xF7, 0x10, 0xF9, 0xBB, 0x4C, 0x22,
  0x0E, 0xC9, 0xCC, 0x03, 0xDB, 0xED, 0x35, 0x0F, 0xD4, 0xE2,
  0x59, 0xE2, 0x1A, 0x31, 0x11, 0x0A, 0x1F, 0x25, 0xC4, 0x81,
  0x0A, 0xB7, 0x2B, 0xCB, 0xC1, 0x44, 0xAB, 0xD8, 0x03, 0x18,
  0x2C, 0x2A, 0xF4, 0xA0, 0xD1, 0x00, 0xFE, 0x39, 0x1C, 0xF5,
  0xCA, 0xFE, 0x5D, 0xD9, 0x03, 0x14, 0x12, 0xE7, 0x3A, 0x0C,
  0xF4, 0xB8, 0x48, 0xB2, 0x77, 0xF2, 0x40, 0x09, 0xD3, 0x10,
  0xDB, 0x33, 0x05, 0xFF, 0xCE, 0xDE, 0x05, 0x30, 0xF5, 0x1A,
  0xCE, 0x17, 0xC4, 0xCF, 0x1E, 0x21, 0x26, 0x50, 0x1D, 0xEA,
  0xB5, 0x39, 0x07, 0xE4, 0xD6, 0xD2, 0x35, 0x25, 0x11, 0xA5,
  0xB7, 0xFB, 0xD8, 0xC4, 0x20, 0x29, 0x26, 0x06, 0xF4, 0xED,
  0x02, 0xF9, 0xE7, 0x39, 0x00, 0xED, 0x14, 0x0A, 0xEC, 0x35,
  0x2A, 0x53, 0x02, 0x18, 0xDE, 0xD7, 0xFF, 0x0F, 0x23, 0x19,
  0x3D, 0xC1, 0xE4, 0x03, 0xEE, 0x23, 0xD9, 0x3A, 0xDF, 0xBE,
  0x0A, 0xDE, 0x29, 0x55, 0x51, 0xDE, 0x23, 0xF2, 0xFB, 0xD7,
  0xED, 0x11, 0x0A, 0xEC, 0x23, 0x2C, 0x48, 0xBC, 0x08, 0x01,
  0x35, 0xF7, 0x27, 0xE1, 0x0C, 0xA3, 0xAD, 0xE3, 0x1C, 0x46,
  0x13, 0xC9, 0x09, 0xF1, 0xEB, 0x20, 0xFF, 0x2A, 0x01, 0xDB,
  0xD9, 0xAF, 0x16, 0x28, 0x24, 0xDE, 0x04, 0x22, 0x23, 0xAA,
  0xD8, 0xC6, 0x45, 0x2C, 0x17, 0xEA, 0x21, 0xAB, 0xC0, 0xB1,
  0x21, 0x48, 0xEA, 0xEE, 0xFF, 0xDE, 0x07, 0xF8, 0x11, 0x07,
  0x0A, 0x0E, 0x20, 0xF1, 0x2D, 0xE3, 0x49, 0xE9, 0x0F, 0x45,
  0xE5, 0xE9, 0xE6, 0xD7, 0x24, 0xE9, 0xFA, 0x1E, 0xFF, 0x00,
  0xED, 0x36, 0x1F, 0x3C, 0xC4, 0x9C, 0xE9, 0xD7, 0xF7, 0x22,
  0x30, 0x29, 0xFC, 0x2A, 0xF9, 0xCD, 0x08, 0xEA, 0x11, 0xFE,
  0x36, 0xEE, 0xFA, 0x81, 0xDA, 0x94, 0x31, 0x00, 0x20, 0x26,
  0x16, 0xBF, 0xC7, 0xCC, 0x53, 0xFA, 0xFE, 0xEC, 0x13, 0x25,
  0xBD, 0x25, 0x09, 0x2C, 0xD1, 0x9A, 0x2A, 0xBD, 0x29, 0x2E,
  0xE6, 0xB2, 0xC1, 0x2E, 0xD8, 0xBD, 0xF8, 0xD1, 0x4B, 0xDA,
  0x47, 0xE0, 0xF3, 0x38, 0xC2, 0xF9, 0x2C, 0x21, 0x25, 0x34,
  0xF3, 0x08, 0x42, 0x06, 0x0B, 0xD6, 0xEA, 0xCF, 0xFA, 0xFB,
  0x42, 0x56, 0x25, 0x19, 0xE3, 0x0A, 0xF1, 0x9D, 0x03, 0xEF,
  0x71, 0xCE, 0xD7, 0x08, 0xAC, 0x20, 0xC0, 0x17, 0xF7, 0x2A,
  0x4C, 0xE0, 0xBA, 0x22, 0xCF, 0xF7, 0x02, 0xE0, 0x2B, 0x0E,
  0x10, 0xF2, 0x33, 0x7F, 0x2C, 0xEF, 0x2B, 0x36, 0xDF, 0xCE,
  0xFD, 0xB0, 0x23, 0xCA, 0xEC, 0xF0, 0xC6, 0x08, 0x0D, 0xC6,
  0xF8, 0x0C, 0x2E, 0xE3, 0xF4, 0x07, 0xE2, 0xE2, 0x5D, 0x06,
  0xF2, 0xFB, 0x51, 0x1F, 0x13, 0x17, 0x0B, 0x36, 0xF4, 0x18,
  0xD9, 0xED, 0xCA, 0x18, 0x58, 0xB0, 0x16, 0xFE, 0x0A, 0xD0,
  0xC8, 0xFF, 0xF3, 0x09, 0x24, 0xD0, 0xDE, 0x1A, 0x1D, 0xE4,
  0xE9, 0xF9, 0x47, 0xF2, 0x2A, 0xCD, 0x36, 0x32, 0x1C, 0xE8,
  0xD2, 0x12, 0x1B, 0xA9, 0xC3, 0x24, 0x33, 0xAD, 0x04, 0xD0,
  0xC6, 0x15, 0xA2, 0x16, 0xFF, 0x1E, 0x22, 0xC8, 0x1B, 0xD9,
  0xC8, 0x2F, 0xEE, 0x0E, 0x62, 0xC8, 0x2B, 0xED, 0x24, 0x04,
  0x66, 0xA1, 0xFC, 0x17, 0xEC, 0xB5, 0xF9, 0xFB, 0x2F, 0x1C,
  0xE9, 0xE4, 0xC2, 0xE7, 0xE5, 0xD2, 0x0F, 0x03, 0x13, 0xE8,
  0xD4, 0x24, 0x1F, 0xCB, 0x07, 0x22, 0xFA, 0xF0, 0xB6, 0xD0,
  0x0C, 0x3C, 0x34, 0xBC, 0x00, 0x00, 0x20, 0xCF, 0x2E, 0x2C,
  0x05, 0xBF, 0xE5, 0xD1, 0xD7, 0xBF, 0xE4, 0x19, 0xC6, 0x19,
  0x18, 0xA7, 0xFF, 0xFE, 0x2B, 0x1F, 0x46, 0xEC, 0x1F, 0x2D,
  0xE3, 0x0B, 0xAC, 0x2E, 0x67, 0x00, 0xF2, 0x09, 0x12, 0xE9,
  0x15, 0xF9, 0x34, 0x9D, 0xF8, 0x20, 0xA5, 0x38, 0xB1, 0x3B,
  0x25, 0x1A, 0x12, 0xAD, 0xF3, 0x2C, 0xE4, 0x13, 0xD3, 0xB4,
  0xD8, 0xF9, 0x3E, 0x21, 0xD1, 0xDE, 0x1F, 0xFB, 0x13, 0xEE,
  0xB3, 0x3D, 0x11, 0x81, 0xF6, 0x0C, 0xFB, 0xF8, 0x3F, 0x23,
  0x14, 0xE5, 0xA7, 0x09, 0x0A, 0x23, 0xD2, 0x53, 0xCD, 0xEB,
  0x0C, 0xED, 0xC5, 0xED, 0x07, 0x3C, 0xED, 0xE8, 0xDC, 0xBD,
  0x2E, 0xF3, 0xBA, 0x37, 0x31, 0xAD, 0x04, 0x3D, 0xEC, 0xE7,
  0x00, 0x1C, 0x4E, 0x19, 0xF6, 0x0D, 0xFA, 0xE9, 0x39, 0x33,
  0xC3, 0xEE, 0xD0, 0x23, 0xDE, 0xF8, 0x3B, 0x15, 0x06, 0x10,
  0x19, 0xB6, 0x13, 0xFC, 0x00, 0x3D, 0x48, 0xAE, 0xEB, 0x10,
  0xE6, 0xF5, 0xE1, 0x11, 0x0B, 0xF9, 0xFE, 0x16, 0x25, 0x3D,
  0x12, 0x22, 0xF0, 0x46, 0x17, 0x1E, 0xE6, 0x11, 0x25, 0xF1,
  0xE1, 0xEE, 0xE4, 0x26, 0x1A, 0xF3, 0x02, 0x53, 0x09, 0xFC,
  0xD0, 0x17, 0x38, 0x3D, 0xC2, 0x3C, 0x13, 0x12, 0x0A, 0x20,
  0x0F, 0x09, 0x18, 0x20, 0x0C, 0x0F, 0x10, 0x1B, 0xFD, 0xFB,
  0x10, 0xED, 0xFC, 0xDB, 0x06, 0x29, 0x04, 0x21, 0x13, 0x40,
  0xB9, 0x05, 0x12, 0x36, 0x7A, 0x60, 0xE9, 0xF8, 0x0D, 0xE4,
  0x38, 0xF4, 0x07, 0xEF, 0xF7, 0x08, 0xFB, 0x2F, 0xE4, 0x02,
  0xFC, 0x28, 0xD2, 0x0A, 0xCE, 0xF5, 0x13, 0x28, 0xE7, 0x3D,
  0x26, 0x7A, 0xC3, 0x18, 0xE3, 0xFF, 0x6C, 0x0A, 0x10, 0x55,
  0xFE, 0x16, 0xD3, 0x2B, 0x23, 0x08, 0xC4, 0xE1, 0x2E, 0x05,
  0xD1, 0x00, 0xC0, 0xD3, 0x27, 0x1B, 0xB4, 0xCE, 0xF9, 0xCA,
  0xB7, 0xD9, 0x1C, 0x3C, 0x0A, 0xE2, 0xCB, 0x06, 0x51, 0x5C,
  0xCC, 0xE1, 0xFF, 0xE4, 0x37, 0x16, 0xDA, 0xCB, 0xDC, 0xC2,
  0x1D, 0x4B, 0xB5, 0xC1, 0x24, 0xED, 0xEB, 0xEE, 0x2D, 0x01,
  0xD6, 0x16, 0x15, 0xC9, 0xDB, 0xBE, 0xCF, 0x35, 0x25, 0xD6,
  0x12, 0xE2, 0xF0, 0xFD, 0xFD, 0x0D, 0x03, 0xF2, 0x0D, 0x16,
  0x08, 0xC7, 0x28, 0x24, 0xFB, 0xC4, 0x16, 0x14, 0xFC, 0xCC,
  0x25, 0x08, 0x0C, 0xBE, 0xAA, 0x2C, 0xE5, 0xB7, 0x03, 0xC8,
  0x3B, 0xEE, 0x48, 0x07, 0x32, 0xEA, 0xFD, 0x04, 0xD4, 0x0D,
  0xDA, 0x0A, 0xC5, 0xD9, 0x51, 0x2F, 0x1E, 0x81, 0x28, 0xFC,
  0xE2, 0xE1, 0x0F, 0xF9, 0x4D, 0xF7, 0xEB, 0xF9, 0x03, 0xEC,
  0xEB, 0x24, 0x36, 0x15, 0x15, 0xE5, 0x55, 0x10, 0xCC, 0x0D,
  0xDE, 0xEA, 0x1B, 0xE4, 0xED, 0xF8, 0x0E, 0x13, 0xF6, 0xBF,
  0xF2, 0xFF, 0xF2, 0xB5, 0xFB, 0xE3, 0x21, 0xC9, 0x04, 0xE0,
  0x24, 0xF0, 0xFE, 0x11, 0x01, 0xE0, 0xF2, 0xA0, 0x4C, 0xEE,
  0xCB, 0x27, 0xDC, 0x34, 0x1E, 0xFD, 0x3B, 0x21, 0x48, 0xF4,
  0xC9, 0xC3, 0x14, 0x18, 0xE7, 0xE3, 0xF7, 0xE0, 0x25, 0xB0,
  0x08, 0xD4, 0x36, 0x03, 0xF9, 0x06, 0x26, 0xE9, 0xCB, 0xD4,
  0x0A, 0xE8, 0xF6, 0xF2, 0xFE, 0x0D, 0x18, 0x40, 0x06, 0x0C,
  0x10, 0xFA, 0xEA, 0xA6, 0x2E, 0x0B, 0x34, 0x07, 0xEC, 0x2D,
  0xF8, 0xFC, 0x48, 0xCB, 0xE9, 0x08, 0xD4, 0xF0, 0x70, 0x16,
  0xFA, 0xD9, 0x81, 0x1D, 0xE2, 0xD0, 0xB4, 0xC1, 0xF5, 0x3D,
  0xCC, 0x08, 0x20, 0x2F, 0xE0, 0xCC, 0x24, 0x06, 0x17, 0x22,
  0x6A, 0x52, 0x22, 0xDF, 0x0F, 0x0F, 0xED, 0xE0, 0x01, 0x01,
  0x5F, 0xE4, 0x1F, 0xEC, 0x24, 0xF0, 0xFA, 0xF5, 0xD4, 0xF8,
  0xF9, 0x20, 0xCF, 0xE0, 0xEF, 0x1B, 0x19, 0xFF, 0xDC, 0xD5,
  0x3D, 0xD5, 0xF5, 0xE8, 0x13, 0xE2, 0xE9, 0x0C, 0x35, 0xDF,
  0x07, 0xFA, 0x0A, 0x33, 0x72, 0xE5, 0xEB, 0xB5, 0x12, 0x11,
  0x3B, 0x0C, 0xF4, 0x09, 0xD4, 0x40, 0xFA, 0x15, 0x14, 0x03,
  0xFE, 0xD2, 0x2B, 0xDE, 0xCF, 0xD5, 0xD6, 0xF2, 0x2C, 0xBC,
  0x1E, 0xEA, 0x23, 0x04, 0xEA, 0x58, 0x31, 0xF9, 0xFA, 0xFD,
  0xDB, 0x50, 0x4E, 0x0E, 0x21, 0xE9, 0x23, 0x0A, 0xE1, 0x35,
  0x38, 0xFB, 0x09, 0xEB, 0x4B, 0xE7, 0xE6, 0xE0, 0x0E, 0xD2,
  0x24, 0xCE, 0x12, 0x11, 0x27, 0x12, 0x10, 0x7F, 0x33, 0x02,
  0xDC, 0xE8, 0xC6, 0x0F, 0x11, 0x06, 0xE5, 0xEB, 0x24, 0xFA,
  0xDA, 0x2F, 0x17, 0x09, 0xFD, 0xE8, 0x21, 0xF7, 0x01, 0x06,
  0x09, 0xEE, 0x02, 0xFD, 0x35, 0x04, 0x1A, 0x14, 0xEA, 0x58,
  0x29, 0xE4, 0xE8, 0x0D, 0xE6, 0xC5, 0x14, 0xDF, 0xC8, 0x33,
  0xF9, 0x08, 0xFB, 0x19, 0x01, 0xCA, 0x1E, 0xD3, 0xDB, 0x20,
  0xDF, 0xD1, 0xE6, 0x14, 0xE9, 0xCD, 0x0B, 0xED, 0x0F, 0x04,
  0xD9, 0x1F, 0xDD, 0x0A, 0x24, 0x0E, 0x44, 0xC7, 0x20, 0xBF,
  0xEF, 0x16, 0x13, 0x10, 0x27, 0x2E, 0x1C, 0x01, 0x24, 0x0C,
  0x0A, 0xF2, 0xC7, 0xD5, 0xFF, 0x1B, 0xE3, 0xAF, 0xEE, 0xE3,
  0xD9, 0x11, 0x0B, 0x20, 0xBD, 0xF0, 0x35, 0x0B, 0x13, 0xE5,
  0x0D, 0xE1, 0xE7, 0x02, 0x0B, 0xFD, 0x33, 0x1A, 0x38, 0x0F,
  0x3D, 0x36, 0x05, 0x0A, 0xD9, 0xE6, 0xBD, 0x22, 0x2F, 0xBD,
  0x4B, 0x1E, 0xF8, 0xF1, 0xEA, 0x1B, 0xDE, 0xDF, 0x38, 0x35,
  0xEB, 0xEA, 0x1E, 0xD9, 0xCB, 0x17, 0x33, 0x17, 0xC0, 0xF2,
  0x04, 0x25, 0xED, 0xFB, 0x35, 0x29, 0xC4, 0xEB, 0x4F, 0xAA,
  0x1B, 0xC9, 0x1F, 0x23, 0xF3, 0xC8, 0x05, 0x40, 0x0B, 0xE1,
  0xD2, 0xFE, 0xEC, 0xD0, 0xBA, 0xE9, 0x44, 0x10, 0xFE, 0x09,
  0xB5, 0x08, 0xF2, 0xE1, 0xED, 0xF6, 0x41, 0x4C, 0xA1, 0xFE,
  0x1F, 0xDA, 0xFA, 0xF9, 0xF0, 0xE7, 0xF2, 0xC9, 0xF9, 0x33,
  0xFC, 0x12, 0xC3, 0x31, 0x03, 0x07, 0xFD, 0xF2, 0x4A, 0xD7,
  0xEE, 0xD1, 0x22, 0x15, 0x08, 0xF0, 0x31, 0xF8, 0x31, 0x4E,
  0xBA, 0x2E, 0xD7, 0x0A, 0x24, 0x0A, 0xC0, 0x0C, 0x18, 0xDF,
  0x0D, 0x3A, 0xF9, 0x2B, 0x23, 0x59, 0xE3, 0xED, 0x10, 0x0B,
  0xEA, 0xE9, 0x04, 0xED, 0x00, 0x00, 0x1E, 0x22, 0x25, 0xF7,
  0x1E, 0x20, 0xF5, 0x03, 0xD5, 0xE1, 0xF0, 0x28, 0x08, 0x0F,
  0x4F, 0xF6, 0x02, 0xFD, 0xE1, 0x1B, 0x3D, 0x2B, 0x1A, 0xFE,
  0x0E, 0x02, 0xE6, 0x50, 0xF6, 0x0C, 0x12, 0x1F, 0x0C, 0x28,
  0x11, 0xE3, 0xDB, 0x11, 0xF9, 0xF5, 0xCD, 0x09, 0x09, 0x15,
  0xF8, 0xDB, 0x25, 0x10, 0xB3, 0xFF, 0xEC, 0x2E, 0x2F, 0x06,
  0x65, 0xCA, 0x2F, 0xE8, 0xDD, 0x17, 0xB6, 0x2E, 0x20, 0x18,
  0xF7, 0x24, 0x18, 0x16, 0x0A, 0xD6, 0xC2, 0xF0, 0xEB, 0x05,
  0x01, 0xE2, 0xE6, 0xC5, 0x0F, 0x1F, 0xDC, 0xE0, 0xF3, 0x2B,
  0x01, 0x34, 0x25, 0x07, 0x7F, 0xEE, 0xE2, 0x11, 0xAD, 0x36,
  0x01, 0xE9, 0x19, 0x05, 0xF0, 0x23, 0xEE, 0xC4, 0xB3, 0x18,
  0xF0, 0xDA, 0x49, 0xF5, 0x18, 0xDC, 0xFE, 0x23, 0x0F, 0xF9,
  0x0B, 0x1F, 0xE4, 0x0C, 0xE8, 0x11, 0x58, 0x13, 0xE9, 0xF8,
  0xB7, 0xF9, 0x01, 0xAA, 0x1D, 0xF4, 0xEC, 0x05, 0x0D, 0x3E,
  0x45, 0x33, 0xDC, 0x33, 0x28, 0x2A, 0x1E, 0x1C, 0x27, 0x1E,
  0x56, 0xCA, 0x2B, 0x0F, 0x30, 0x0E, 0xB0, 0xEF, 0x24, 0x1D,
  0x16, 0xFD, 0x14, 0x03, 0xF2, 0xFF, 0x23, 0x20, 0x17, 0xF2,
  0x26, 0xFC, 0x21, 0x1A, 0xFF, 0x2F, 0x2C, 0xD2, 0xF2, 0xE6,
  0xE4, 0x23, 0x04, 0xBA, 0x05, 0x02, 0x0A, 0x34, 0xF3, 0xDF,
  0x11, 0xDF, 0x47, 0x63, 0xF7, 0x38, 0xBE, 0xD9, 0x84, 0xF1,
  0xC3, 0xB6, 0xEE, 0xFB, 0x46, 0xF4, 0x40, 0xCD, 0xFB, 0xA0,
  0x01, 0xE0, 0xC1, 0x5F, 0xC1, 0xDE, 0x9B, 0x19, 0xB1, 0x35,
  0x33, 0x1C, 0xEB, 0xFD, 0x41, 0x1A, 0xD5, 0x00, 0xFD, 0xBF,
  0x12, 0xC7, 0x01, 0x02, 0xD2, 0xD2, 0x17, 0x47, 0x43, 0xDF,
  0xF8, 0xCB, 0x06, 0xCD, 0x18, 0x36, 0x2A, 0xB7, 0xB8, 0x13,
  0xA0, 0xF8, 0x1B, 0xD4, 0xA7, 0xF4, 0x07, 0x49, 0xE0, 0xAE,
  0xE7, 0xDB, 0xFC, 0xE9, 0x09, 0x25, 0xDB, 0xF9, 0xE5, 0xCE,
  0xDF, 0x21, 0xE9, 0xC6, 0x1C, 0x5D, 0xC9, 0x16, 0x43, 0xB0,
  0xCF, 0xFA, 0x9E, 0x4C, 0x14, 0x16, 0xC6, 0xCC, 0x17, 0x4E,
  0xEC, 0x03, 0x00, 0xB4, 0x0A, 0x29, 0x2D, 0x47, 0xD4, 0x17,
  0xE9, 0x32, 0xFF, 0x08, 0xED, 0x31, 0xE0, 0x23, 0xC4, 0x12,
  0x64, 0xE6, 0x02, 0xE3, 0x0E, 0x1D, 0xB5, 0xF0, 0xD4, 0x29,
  0x05, 0xEE, 0xEC, 0xD8, 0xFC, 0xDA, 0xF3, 0x18, 0x34, 0x03,
  0x19, 0xDB, 0xFE, 0xD0, 0x3F, 0x2E, 0xF6, 0x00, 0xD0, 0xF4,
  0x1D, 0x0B, 0x16, 0xE6, 0x0A, 0xE8, 0x61, 0x15, 0x1D, 0x81,
  0xFA, 0x28, 0x3B, 0x79, 0x25, 0xC5, 0x4D, 0xDD, 0xC6, 0xCE,
  0x25, 0xDA, 0xBC, 0xFD, 0x31, 0x14, 0x4A, 0x20, 0x09, 0x0F,
  0xC9, 0x35, 0xA5, 0x59, 0xFD, 0x81, 0xC7, 0x65, 0xEE, 0xA4,
  0x0C, 0xE1, 0x23, 0xFA, 0xCC, 0x0E, 0xDE, 0xB7, 0x16, 0xE9,
  0xF3, 0x1F, 0x45, 0xF2, 0x9A, 0x1C, 0x04, 0x28, 0x19, 0xD4,
  0xEF, 0x36, 0x1E, 0x0F, 0x2B, 0x77, 0x49, 0xE3, 0xC6, 0x1C,
  0x2C, 0xFA, 0x6E, 0xE6, 0xAE, 0x03, 0x0C, 0x18, 0xF3, 0xB1,
  0x2F, 0x1A, 0xD5, 0xE7, 0x00, 0xE2, 0xE2, 0x03, 0x0F, 0xFE,
  0x1F, 0x3E, 0xF3, 0x10, 0x0B, 0xD5, 0x24, 0x5C, 0xCD, 0x00,
  0xFB, 0x16, 0x10, 0x43, 0x0E, 0xD3, 0xCA, 0xBC, 0x29, 0xE1,
  0x1E, 0xC3, 0x04, 0xD4, 0xEC, 0x13, 0xEA, 0xE1, 0x05, 0xC4,
  0xDD, 0xD2, 0xD2, 0x3D, 0xC8, 0x1D, 0x30, 0x07, 0x39, 0x3F,
  0xDC, 0xF3, 0xEF, 0xF6, 0x04, 0x1E, 0xF5, 0x16, 0xE6, 0xE8,
  0xE5, 0x19, 0x2F, 0x03, 0x45, 0xD3, 0xC5, 0x3E, 0x15, 0xE3,
  0xAD, 0x12, 0xF9, 0x33, 0x13, 0x16, 0xCF, 0xE6, 0x00, 0x29,
  0xF4, 0x43, 0xD5, 0xBD, 0x9E, 0xC2, 0x13, 0x03, 0xF5, 0xE3,
  0xDC, 0xF1, 0x93, 0x1A, 0x10, 0x18, 0x3D, 0x9F, 0xF0, 0xF7,
  0xF8, 0x2F, 0xD0, 0x2C, 0x01, 0xF3, 0x22, 0xF1, 0x31, 0xD0,
  0x1B, 0x00, 0xBB, 0x3B, 0x3C, 0xA9, 0xE0, 0x00, 0xDC, 0xAA,
  0x08, 0x15, 0xD2, 0x20, 0xA9, 0xE8, 0xBB, 0x0F, 0x22, 0xF5,
  0x1D, 0xB8, 0xDB, 0xE6, 0xD3, 0x3D, 0x21, 0x2D, 0x4D, 0x16,
  0x16, 0xB4, 0xE8, 0x32, 0xCC, 0x7C, 0x58, 0xE3, 0xE1, 0x34,
  0x27, 0x3B, 0x56, 0xE3, 0xFD, 0x03, 0x33, 0x2C, 0x01, 0xCB,
  0x4C, 0x06, 0xD8, 0x0A, 0xEB, 0xF9, 0x06, 0xF1, 0xD1, 0xEF,
  0xDD, 0xD9, 0x20, 0xDA, 0xE7, 0x3F, 0x10, 0xF9, 0xF8, 0x08,
  0x3E, 0x4C, 0x1F, 0xEC, 0x14, 0xA9, 0x0B, 0x08, 0xE3, 0x1D,
  0xF1, 0xBA, 0x14, 0xE6, 0xC6, 0xE5, 0xE9, 0xDE, 0x49, 0x1D,
  0xB9, 0x04, 0xFA, 0xDA, 0x07, 0x12, 0xEB, 0xF4, 0x06, 0xF1,
  0xEF, 0x1B, 0x1C, 0xFE, 0xEE, 0x18, 0xF6, 0x1E, 0xDD, 0xF9,
  0x4F, 0x0F, 0x03, 0x03, 0x2A, 0xFA, 0xC1, 0x23, 0xDF, 0x15,
  0x0F, 0x42, 0xFB, 0x02, 0x33, 0x3F, 0xB7, 0x0D, 0xD3, 0x15,
  0x41, 0xFD, 0xE6, 0xE0, 0xE6, 0xDC, 0xE4, 0xEF, 0xF0, 0x48,
  0xB6, 0x40, 0x13, 0x4E, 0xD7, 0x4F, 0xF8, 0xEC, 0x12, 0xEC,
  0x07, 0x13, 0x0C, 0x24, 0x1B, 0xED, 0xF9, 0x2A, 0xE4, 0xE3,
  0x10, 0x35, 0xFA, 0xF4, 0xD4, 0x38, 0xF2, 0xD7, 0xFA, 0x0F,
  0xFF, 0x0A, 0x38, 0x11, 0xBC, 0x1A, 0xF8, 0x3B, 0xBD, 0xF6,
  0x1E, 0x1C, 0x04, 0xE1, 0x3B, 0x3C, 0x34, 0xF3, 0x03, 0x22,
  0x24, 0xE2, 0xE7, 0x22, 0xEC, 0xF7, 0x29, 0xEC, 0x09, 0x35,
  0x19, 0x1C, 0xFE, 0xE4, 0x1E, 0xC7, 0xF7, 0x18, 0x03, 0xBE,
  0x27, 0x43, 0xF3, 0x19, 0xEF, 0x18, 0xEC, 0xD6, 0xE1, 0x19,
  0x39, 0xF7, 0xFE, 0xC7, 0xF9, 0x3B, 0x0E, 0xEC, 0x31, 0xF8,
  0x19, 0x3E, 0x1B, 0x55, 0x05, 0xE8, 0xE9, 0xCC, 0xF0, 0xF3,
  0x0D, 0x81, 0x26, 0x16, 0xE6, 0xD9, 0xD8, 0x03, 0xE9, 0x19,
  0x91, 0xF3, 0xC8, 0xFA, 0x13, 0xAF, 0xFB, 0x2A, 0x03, 0x02,
  0x33, 0xE1, 0x3C, 0xF4, 0x1A, 0xE8, 0x0D, 0xE2, 0xD2, 0x20,
  0x08, 0xE8, 0xFD, 0xF3, 0xE6, 0x18, 0xEB, 0x14, 0xC8, 0x21,
  0x69, 0x14, 0xEC, 0x2B, 0x0C, 0xC3, 0xF5, 0xD4, 0x44, 0x18,
  0x31, 0x2E, 0xDC, 0x44, 0xF3, 0xFB, 0xFF, 0xF2, 0xC6, 0xFB,
  0x31, 0x0D, 0x28, 0x40, 0x25, 0xEF, 0xF2, 0x2A, 0x52, 0xBB,
  0xE7, 0x09, 0xE3, 0x2C, 0xAB, 0x0E, 0xDB, 0xFD, 0xED, 0xE9,
  0x71, 0x51, 0x0D, 0x29, 0xFE, 0x72, 0x06, 0x06, 0xB4, 0x1C,
  0xDF, 0x68, 0x48, 0xBA, 0xE7, 0x61, 0xD0, 0xEB, 0x46, 0x00,
  0x24, 0xAC, 0xFD, 0xE8, 0x53, 0x10, 0xDC, 0xD3, 0xF1, 0x19,
  0xEE, 0xC5, 0x36, 0xEF, 0x13, 0xFC, 0x00, 0x4A, 0xFC, 0xEF,
  0xF0, 0x43, 0xF5, 0x0D, 0x2E, 0xB8, 0xA7, 0x0E, 0xDD, 0x05,
  0x28, 0x3F, 0x10, 0x38, 0x07, 0xF6, 0x61, 0x14, 0x0F, 0xD7,
  0xED, 0x0E, 0xD0, 0xAE, 0x0D, 0xFA, 0x15, 0xE3, 0xD4, 0x67,
  0x3B, 0xEC, 0x42, 0x00, 0x03, 0xB4, 0x02, 0xE7, 0xCC, 0x0D,
  0xE7, 0x15, 0xF0, 0x13, 0x09, 0x1B, 0x0B, 0xE7, 0x29, 0x31,
  0xF0, 0xFA, 0xBE, 0xEC, 0x6D, 0xC7, 0x1C, 0xFD, 0x32, 0xC8,
  0xB3, 0x38, 0x2D, 0xF0, 0x08, 0xFC, 0x18, 0xD9, 0x1F, 0xEC,
  0x05, 0x3C, 0x19, 0xF6, 0x18, 0x07, 0xF5, 0xB1, 0x0C, 0xCA,
  0xD5, 0x2D, 0xAE, 0x94, 0x03, 0xF0, 0x44, 0xED, 0x07, 0xFD,
  0x1D, 0xD1, 0xC5, 0x29, 0xD7, 0xDD, 0xD7, 0x16, 0x6D, 0x1F,
  0x4F, 0x1E, 0x33, 0x15, 0x0F, 0x35, 0x7F, 0x47, 0x36, 0x1F,
  0x21, 0xDD, 0x1D, 0xC3, 0x9C, 0xA9, 0xF5, 0x06, 0x3A, 0x07,
  0x03, 0xF6, 0xCE, 0x0A, 0xDD, 0x3F, 0x99, 0xE5, 0xE3, 0x0B,
  0x1B, 0xC8, 0x16, 0x46, 0xE4, 0xE2, 0xF6, 0x2F, 0x24, 0xC8,
  0x22, 0x14, 0xB5, 0x01, 0x0F, 0xD9, 0xEF, 0x18, 0x21, 0xE4,
  0xE5, 0xE7, 0x1E, 0xFD, 0x13, 0xCD, 0xE4, 0xD0, 0x45, 0x27,
  0xEC, 0xD6, 0xF9, 0xAF, 0x36, 0xCF, 0x2D, 0x69, 0xD1, 0x02,
  0x16, 0xF7, 0x07, 0x12, 0x9F, 0x00, 0x3A, 0x03, 0xD7, 0xFE,
  0x05, 0x32, 0x21, 0x3A, 0xE9, 0x63, 0x01, 0x3A, 0xFD, 0xB4,
  0x0E, 0x0D, 0x3A, 0x34, 0xEB, 0x26, 0x03, 0xE6, 0x26, 0x33,
  0xBB, 0xC9, 0x45, 0xD8, 0x0E, 0x1F, 0xA1, 0x17, 0x5C, 0xD9,
  0x15, 0x34, 0x4B, 0x46, 0xDC, 0xDA, 0x33, 0xE7, 0xEC, 0xC6,
  0xD5, 0xB3, 0x17, 0x11, 0x33, 0x26, 0xB5, 0x8B, 0x29, 0xE6,
  0x0B, 0x61, 0xC0, 0xD7, 0xFD, 0xDA, 0xEF, 0xE7, 0xCC, 0x3F,
  0x1C, 0x0A, 0x0A, 0x05, 0x34, 0xFF, 0x16, 0xFB, 0x29, 0x48,
  0xFC, 0x01, 0xE5, 0xAE, 0x2B, 0x0B, 0x19, 0x13, 0x15, 0xDE,
  0xFE, 0x9A, 0x3D, 0xE6, 0xC0, 0xCE, 0x46, 0xE0, 0xEC, 0x03,
  0xEB, 0xF4, 0x37, 0x13, 0xC4, 0x04, 0x53, 0xE4, 0x1D, 0xCA,
  0xCF, 0x02, 0xE2, 0xCB, 0x0B, 0xF9, 0xDF, 0x15, 0xF3, 0x12,
  0xE2, 0xA3, 0xAD, 0xE5, 0x31, 0x49, 0xBC, 0xC8, 0xFA, 0xF9,
  0x06, 0xF4, 0x81, 0xDA, 0x1A, 0x26, 0xD5, 0x08, 0x54, 0xF0,
  0xEC, 0xC1, 0x2A, 0x40, 0xF5, 0xA5, 0x0E, 0x00, 0xD1, 0x0E,
  0xD0, 0x18, 0xF1, 0xDF, 0xFC, 0xD7, 0x23, 0xFA, 0xBD, 0x27,
  0xFE, 0xEE, 0x28, 0x0D, 0xDC, 0xF2, 0x39, 0x06, 0xE2, 0xE2,
  0x14, 0x1D, 0x04, 0x51, 0x49, 0x5D, 0xE5, 0x15, 0x33, 0xD2,
  0x2F, 0xED, 0x1F, 0xF8, 0x05, 0xE9, 0xF7, 0xE5, 0x40, 0x2C,
  0x05, 0x9D, 0x00, 0xF5, 0xCA, 0xF6, 0x05, 0x14, 0x02, 0x34,
  0xBE, 0x99, 0xB3, 0x1D, 0x0B, 0xD9, 0x08, 0x2B, 0x14, 0x2B,
  0xE2, 0x09, 0xDB, 0xE8, 0xE6, 0x23, 0x20, 0x18, 0x02, 0x04,
  0x1A, 0x36, 0x24, 0xFC, 0x0A, 0xEF, 0x03, 0x29, 0x13, 0x17,
  0x12, 0x7F, 0xFF, 0xB3, 0xD3, 0x0F, 0x18, 0xF2, 0xDE, 0x12,
  0x14, 0x1B, 0x2C, 0xDF, 0x17, 0xE9, 0xC0, 0x03, 0xD8, 0xE2,
  0x36, 0xB5, 0xF7, 0x3C, 0x1E, 0xF9, 0xF5, 0x1E, 0x01, 0xE8,
  0x12, 0x10, 0xFF, 0x4A, 0x02, 0xC2, 0xC3, 0x30, 0xFC, 0xE5,
  0xCB, 0x00, 0x28, 0xF8, 0x02, 0x07, 0x03, 0x2D, 0xFA, 0x00,
  0x21, 0xFD, 0xF6, 0xF8, 0xFB, 0xD2, 0x1C, 0xEE, 0xF2, 0xFE,
  0x06, 0x16, 0x10, 0x0E, 0xD3, 0x29, 0xF9, 0xC2, 0xE7, 0x3F,
  0xCE, 0x21, 0xE0, 0x20, 0x35, 0x0B, 0xD4, 0x23, 0x01, 0x19,
  0x2E, 0x0D, 0x04, 0x01, 0xD8, 0x2E, 0x3A, 0xCE, 0xFF, 0xE5,
  0xEA, 0xD5, 0xFF, 0x27, 0xD6, 0x18, 0xE6, 0x3E, 0xFD, 0xB4,
  0xE0, 0x24, 0xF9, 0xFE, 0xCC, 0x2F, 0x2D, 0xEE, 0xC1, 0xF6,
  0x08, 0xD9, 0x15, 0x17, 0xFC, 0xE0, 0xE4, 0xF0, 0x53, 0xE2,
  0x44, 0xE8, 0x12, 0xB5, 0xE5, 0x1C, 0xDA, 0x33, 0x1E, 0x38,
  0xDB, 0xA0, 0xA4, 0x1B, 0x0E, 0x00, 0x07, 0x13, 0x35, 0x1C,
  0xB8, 0x21, 0xF3, 0xCD, 0xD7, 0x34, 0x1C, 0xF3, 0xF7, 0x10,
  0x37, 0xEB, 0x37, 0x29, 0xDB, 0xC0, 0xBA, 0x20, 0x01, 0x0B,
  0x1A, 0x26, 0xDA, 0xF0, 0x9C, 0x2B, 0x36, 0xF8, 0xE9, 0x21,
  0x00, 0xD8, 0x0E, 0x0C, 0xFC, 0xD4, 0xB3, 0x08, 0x10, 0x12,
  0xF5, 0x01, 0x09, 0x1B, 0x28, 0x20, 0x46, 0x05, 0x00, 0x23,
  0xF0, 0xEF, 0xD5, 0xEF, 0xD0, 0x0D, 0x1B, 0xF2, 0x0D, 0xE6,
  0x0A, 0x38, 0xE9, 0xDA, 0x51, 0x01, 0xF8, 0x28, 0x04, 0xFE,
  0x32, 0xF6, 0xF0, 0xFA, 0xF6, 0x29, 0xF8, 0x9F, 0xDE, 0x42,
  0xF0, 0xD7, 0xF3, 0xD2, 0x0C, 0xE6, 0xC7, 0xEB, 0x0F, 0x2D,
  0xD2, 0xD9, 0xF1, 0x4D, 0x0F, 0xE2, 0xFC, 0x2B, 0x35, 0x3B,
  0x4C, 0x05, 0x4A, 0x02, 0xB7, 0x18, 0x30, 0xE6, 0xD6, 0xE9,
  0xEE, 0x1B, 0xDD, 0xF0, 0xFA, 0xEB, 0x18, 0x46, 0xFC, 0x15,
  0x0C, 0xF7, 0xFC, 0xFB, 0xFC, 0x15, 0x0D, 0xC8, 0xD3, 0xDE,
  0x3A, 0xD7, 0x12, 0xF7, 0x0D, 0x25, 0xCF, 0x0D, 0xEE, 0x18,
  0xDC, 0x31, 0x0A, 0xF8, 0x18, 0x1C, 0xEA, 0x30, 0x34, 0x25,
  0x04, 0xF4, 0xF3, 0x2A, 0x2E, 0x06, 0xED, 0x27, 0xEB, 0xF7,
  0xB3, 0xE9, 0x33, 0xB8, 0xD8, 0xFC, 0x11, 0x07, 0x21, 0xD7,
  0xC8, 0x51, 0x2C, 0x52, 0x1D, 0xD7, 0xF5, 0x0E, 0xED, 0x0E,
  0x2F, 0xE6, 0x01, 0x19, 0x1A, 0xFC, 0x17, 0xCB, 0x06, 0x23,
  0xEF, 0x18, 0x09, 0x03, 0xD6, 0xC0, 0xE6, 0x2B, 0x12, 0x16,
  0xFC, 0xE6, 0x04, 0x2B, 0x26, 0xFA, 0x16, 0x06, 0x09, 0x10,
  0x02, 0xC6, 0xFD, 0xEE, 0xB0, 0xE8, 0x1D, 0x18, 0xF5, 0xD6,
  0x14, 0x19, 0xE9, 0x02, 0x36, 0x27, 0x05, 0x2A, 0x02, 0xE2,
  0xED, 0x05, 0xE5, 0xC7, 0xC5, 0x0C, 0x0D, 0xCE, 0xFB, 0x31,
  0x0C, 0xE8, 0x11, 0xD6, 0x03, 0xF6, 0x81, 0x0A, 0xDA, 0x16,
  0x02, 0xD1, 0xD8, 0x29, 0x26, 0x17, 0x3D, 0xDE, 0x44, 0x15,
  0x1B, 0x00, 0x20, 0x03, 0xB1, 0xDE, 0x47, 0xF6, 0xE3, 0xE5,
  0x3C, 0x10, 0x2C, 0x23, 0x10, 0x00, 0x15, 0x13, 0xB8, 0x2C,
  0xB7, 0x1A, 0x19, 0x10, 0x17, 0x40, 0xBF, 0xF9, 0x4D, 0xB7,
  0x2E, 0xD0, 0x0A, 0x36, 0xF4, 0x43, 0x0D, 0xD7, 0xC7, 0x2F,
  0xBE, 0x1E, 0x25, 0xD7, 0x10, 0x1B, 0xCA, 0xCA, 0x1B, 0xC7,
  0xEF, 0x0A, 0x09, 0xFF, 0x2F, 0xF6, 0x35, 0x2C, 0x26, 0x36,
  0x09, 0xE4, 0x52, 0x08, 0x5B, 0x49, 0x09, 0xD2, 0x4C, 0x07,
  0x2F, 0x7D, 0xB5, 0x76, 0x06, 0xEE, 0xFB, 0x13, 0x0B, 0xF3,
  0x17, 0xB7, 0x0B, 0xE6, 0x15, 0xF0, 0xF7, 0xD8, 0x25, 0xFF,
  0x16, 0x30, 0xA5, 0xC7, 0xF1, 0x3D, 0x2E, 0x41, 0x2E, 0xF9,
  0x5A, 0xD2, 0x1C, 0x36, 0xFD, 0xF3, 0x29, 0xF8, 0xF6, 0xE3,
  0xD4, 0xF2, 0xE3, 0xBA, 0xE3, 0xF1, 0x0A, 0xD1, 0x2E, 0xA9,
  0x00, 0xFE, 0xCC, 0x0F, 0xD4, 0xF2, 0xE2, 0x1B, 0xB0, 0x04,
  0x31, 0x00, 0x2E, 0x82, 0x0F, 0xD6, 0xBE, 0xEA, 0xFD, 0xAE,
  0x07, 0xC8, 0xA9, 0xE9, 0xDE, 0x1A, 0xD6, 0xD4, 0x12, 0xB3,
  0x0A, 0xB7, 0x16, 0x02, 0xA1, 0xD3, 0x23, 0x2C, 0x2B, 0x04,
  0xC1, 0xC8, 0xF7, 0xD4, 0x35, 0xC6, 0xE5, 0x05, 0xE0, 0x08,
  0xB9, 0xD3, 0x1B, 0x1F, 0xE8, 0xE2, 0x13, 0x4A, 0x0B, 0xEE,
  0x2C, 0xD7, 0xF2, 0xE8, 0x3A, 0x7F, 0x96, 0xBA, 0x64, 0xBD,
  0x39, 0x05, 0x17, 0xD9, 0x0C, 0xFB, 0xEC, 0xE8, 0xF5, 0x71,
  0x29, 0xC1, 0xE4, 0x96, 0xEA, 0x49, 0x1A, 0xBF, 0xF4, 0x0D,
  0x17, 0xEE, 0x56, 0xF4, 0x16, 0x00, 0xE5, 0x6B, 0xDD, 0xB6,
  0x2C, 0xE2, 0xF8, 0x08, 0x43, 0xEF, 0x1D, 0xC2, 0x98, 0xDE,
  0x13, 0x78, 0x56, 0xFA, 0xF9, 0x20, 0x2B, 0xE1, 0xD7, 0x38,
  0xEA, 0x3B, 0xF9, 0xFD, 0x11, 0x16, 0xEA, 0xCD, 0x5D, 0x56,
  0x3A, 0xD9, 0xB3, 0x1F, 0x02, 0xBC, 0x34, 0x07, 0x22, 0xFF,
  0xB5, 0x47, 0x22, 0xD3, 0x08, 0x19, 0x0A, 0xDF, 0x12, 0xF3,
  0xCB, 0x15, 0x5E, 0x37, 0x11, 0xCF, 0x24, 0x0F, 0x22, 0xCA,
  0x47, 0x68, 0x18, 0xE9, 0x8B, 0x49, 0xDB, 0xAA, 0x76, 0xE4,
  0x06, 0x02, 0xDD, 0xE6, 0xFA, 0xEF, 0x62, 0x27, 0x1B, 0xCB,
  0x07, 0x42, 0xF2, 0xE6, 0xCB, 0xDC, 0xFB, 0xC0, 0xFD, 0x25,
  0x08, 0xC8, 0xCD, 0x34, 0xD0, 0x11, 0x37, 0xE7, 0xDB, 0xC6,
  0xC7, 0xC6, 0xF4, 0xF8, 0xE6, 0xD8, 0x0C, 0x27, 0x5A, 0xF8,
  0xF2, 0xF6, 0xF3, 0xE1, 0xC1, 0x2F, 0xEC, 0x04, 0xF8, 0x08,
  0xC0, 0xF7, 0x05, 0xA0, 0xEF, 0xF4, 0xEC, 0xEF, 0x47, 0xE2,
  0x22, 0xE8, 0xE8, 0xFE, 0x12, 0xD6, 0x08, 0xEA, 0xF8, 0x2F,
  0x3B, 0xF4, 0x4B, 0x72, 0x21, 0xE5, 0xC2, 0xEE, 0xF0, 0x0B,
  0xDD, 0x1B, 0xB8, 0x24, 0xFC, 0x19, 0x07, 0xD2, 0x2C, 0x02,
  0x02, 0xDE, 0x44, 0x09, 0x38, 0x36, 0xDE, 0x19, 0xBB, 0xFA,
  0xE9, 0x03, 0xF3, 0xCE, 0x36, 0x2A, 0x01, 0xE4, 0xF5, 0xB8,
  0xCF, 0xE8, 0x1C, 0x39, 0x2D, 0x44, 0xCB, 0xD0, 0xE2, 0x69,
  0xFD, 0xFB, 0xC7, 0xF2, 0x2C, 0xF1, 0x67, 0x34, 0xFB, 0x24,
  0xCD, 0x12, 0x2F, 0xDD, 0xEA, 0xF9, 0x2A, 0xC9, 0xE9, 0xDA,
  0x17, 0x09, 0x32, 0x39, 0x06, 0xBB, 0x27, 0x06, 0xEF, 0xEC,
  0x4E, 0x4A, 0xFF, 0xF4, 0x81, 0x20, 0x20, 0xD6, 0x32, 0xF2,
  0xD9, 0xB2, 0xD1, 0xE8, 0xCC, 0xFA, 0x34, 0xD9, 0x20, 0xB8,
  0x17, 0x10, 0xB9, 0xDD, 0x14, 0xD9, 0x0E, 0x67, 0x65, 0x06,
  0xA8, 0x15, 0x05, 0x32, 0x12, 0xF2, 0x3F, 0xF8, 0x2F, 0xF5,
  0x17, 0xF5, 0xB5, 0xEF, 0xFC, 0x09, 0xEB, 0xED, 0x62, 0x0F,
  0x1E, 0xFC, 0x14, 0xBB, 0x0B, 0xE1, 0x02, 0xDB, 0x29, 0xE6,
  0x5F, 0x27, 0x17, 0x06, 0xEE, 0xEE, 0xC8, 0x57, 0x27, 0xDC,
  0xD3, 0xDE, 0x30, 0xF9, 0x9D, 0xF2, 0xCC, 0x16, 0x0B, 0xD8,
  0x0C, 0xD9, 0x23, 0xF6, 0xE2, 0xF5, 0x18, 0x39, 0x98, 0x8E,
  0x06, 0x6D, 0x4E, 0xE0, 0x23, 0xD6, 0x35, 0xEB, 0xA8, 0x26,
  0x4B, 0xB3, 0xF9, 0xBF, 0x19, 0xF4, 0xA8, 0xA2, 0x04, 0x24,
  0x16, 0x2E, 0xD6, 0xD8, 0xEB, 0x0F, 0x0A, 0xF0, 0xBD, 0xCE,
  0x0A, 0x0C, 0x68, 0x6B, 0x7A, 0xB8, 0x17, 0xD3, 0x22, 0x08,
  0x9F, 0x3F, 0x11, 0xBB, 0xEF, 0xB3, 0xF7, 0xF3, 0xCE, 0xAC,
  0xCB, 0x2E, 0xFC, 0xF6, 0xC0, 0xDA, 0x16, 0xFB, 0x41, 0xE0,
  0x0E, 0x04, 0x18, 0x10, 0x4A, 0x25, 0x2C, 0x0F, 0x36, 0xFC,
  0x12, 0xA9, 0xA5, 0xF2, 0x41, 0xDB, 0xCB, 0xF8, 0xE6, 0xD5,
  0xCC, 0x8D, 0x12, 0xD2, 0xB4, 0xF9, 0x0A, 0x1E, 0x23, 0xF3,
  0xD4, 0xE3, 0x1B, 0xC0, 0xCB, 0x28, 0x5C, 0x24, 0x4D, 0x00,
  0xD0, 0x07, 0x06, 0x01, 0xEB, 0x34, 0xE5, 0xD2, 0xD3, 0xD8,
  0x77, 0xEA, 0x81, 0xD1, 0x71, 0x32, 0x2F, 0xE4, 0x1C, 0xDF,
  0x30, 0xB9, 0xF9, 0x30, 0xCE, 0xDA, 0xB6, 0xE1, 0x1E, 0x1D,
  0x6E, 0xAB, 0xB3, 0xD9, 0x38, 0x09, 0x3E, 0x44, 0x11, 0x06,
  0x12, 0xCF, 0x31, 0xEE, 0xC0, 0xE5, 0xFE, 0x0B, 0x15, 0xEC,
  0x24, 0xC9, 0x35, 0x2B, 0xB3, 0x00, 0x1C, 0xFA, 0x05, 0xC9,
  0x11, 0xF3, 0x22, 0xE5, 0x07, 0xBF, 0xE1, 0x17, 0x04, 0xCC,
  0xE1, 0x40, 0x8E, 0x1B, 0xC2, 0xC5, 0x44, 0xB7, 0x11, 0x16,
  0x0A, 0xF0, 0x0F, 0xD9, 0x0E, 0x74, 0xB8, 0x50, 0x1A, 0xFA,
  0x50, 0x02, 0x21, 0xE5, 0x12, 0xEB, 0xD3, 0xF0, 0x0E, 0x35,
  0xE4, 0xD0, 0x13, 0x2B, 0x26, 0x2C, 0xF0, 0xE9, 0xDC, 0xE4,
  0x15, 0xED, 0xD5, 0x2D, 0xE0, 0xDE, 0xCA, 0x25, 0x0D, 0x2B,
  0xF8, 0x9C, 0x0E, 0xE3, 0x02, 0xDD, 0xC6, 0xEF, 0x20, 0x50,
  0xEA, 0xC4, 0xF1, 0xC2, 0x53, 0x26, 0x02, 0x29, 0x89, 0xD2,
  0xDD, 0x07, 0xED, 0x39, 0x5B, 0xD6, 0x07, 0x15, 0xF5, 0xF9,
  0xF6, 0x1D, 0x0F, 0xEC, 0x0D, 0x14, 0x26, 0x21, 0xD9, 0xF3,
  0xB2, 0x46, 0x99, 0x8D, 0x5E, 0x42, 0x0C, 0xC5, 0xE0, 0x7C,
  0x1D, 0xE2, 0x0B, 0xF0, 0x3D, 0x4E, 0xF7, 0xB1, 0x99, 0xD4,
  0x0B, 0x36, 0xCE, 0x40, 0xF7, 0x48, 0x15, 0x55, 0x4B, 0x47,
  0x19, 0xB9, 0xD3, 0x2F, 0xCF, 0xC6, 0x4B, 0xBE, 0x1C, 0x64,
  0x56, 0x7F, 0xE5, 0x14, 0x11, 0x13, 0xEB, 0xEE, 0xBB, 0x20,
  0xBA, 0xB2, 0xF7, 0x0C, 0xC7, 0x2C, 0x0B, 0x2E, 0xE7, 0x7C,
  0xC2, 0xD6, 0x17, 0x27, 0x4F, 0x45, 0x13, 0xC0, 0x09, 0xC8,
  0xFC, 0x29, 0x57, 0x20, 0xD0, 0xCC, 0xED, 0x1E, 0xF4, 0x27,
  0xF5, 0x4F, 0xDC, 0x0B, 0xD2, 0x45, 0xD1, 0x25, 0xB3, 0xA8,
  0x10, 0xFF, 0xED, 0xE7, 0xD6, 0xF6, 0x2C, 0xD0, 0xDB, 0xC0,
  0x25, 0x17, 0x07, 0x4A, 0x0F, 0x06, 0x08, 0x12, 0xD6, 0x20,
  0x56, 0xFC, 0x43, 0x21, 0xD6, 0xE3, 0x56, 0x44, 0xEA, 0x2E,
  0xFC, 0x22, 0xF1, 0x4A, 0xF2, 0x1F, 0xF9, 0x22, 0x01, 0xDF,
  0x2C, 0x07, 0xE4, 0xB0, 0x27, 0xF0, 0x41, 0xE9, 0x46, 0xF4,
  0x1A, 0xD0, 0xC7, 0x12, 0xD0, 0x15, 0x5E, 0xDF, 0x5B, 0xEA,
  0x20, 0x98, 0xEC, 0x08, 0xD8, 0xBB, 0xFB, 0x06, 0xCE, 0xED,
  0x13, 0xCD, 0xEF, 0xFA, 0x54, 0x8F, 0x4A, 0xF2, 0x20, 0x16,
  0xEF, 0xFB, 0x0E, 0xCA, 0xFE, 0x2A, 0xCF, 0xF6, 0xEA, 0xED,
  0xA2, 0x11, 0xC4, 0xB8, 0xC3, 0xC1, 0x14, 0xDF, 0x2C, 0xD0,
  0x08, 0x3E, 0x06, 0x08, 0xFF, 0x6D, 0x4F, 0xC8, 0x2C, 0x01,
  0x1C, 0xF7, 0x3A, 0x3C, 0x0C, 0xD7, 0x32, 0xD9, 0x07, 0xF9,
  0xFB, 0x3A, 0x5D, 0x70, 0xAB, 0x3A, 0x35, 0x60, 0xDD, 0x0F,
  0xBF, 0x21, 0x2F, 0xB8, 0xBE, 0xDB, 0x1A, 0x0D, 0x2A, 0xA6,
  0x5F, 0x9E, 0x56, 0x49, 0x07, 0xBF, 0x07, 0xDD, 0xB3, 0x19,
  0x47, 0x5F, 0x3C, 0xAB, 0x40, 0x04, 0xCC, 0x9A, 0xC9, 0x4A,
  0xE7, 0x02, 0xE4, 0xD7, 0xFA, 0x29, 0xF2, 0xC2, 0xE1, 0x28,
  0x40, 0x93, 0xCF, 0x17, 0x0A, 0x31, 0x6A, 0x25, 0x48, 0xEA,
  0xD0, 0x23, 0xF6, 0xEE, 0xC1, 0x7F, 0x06, 0x2B, 0xF1, 0xA7,
  0xD8, 0xDE, 0x1D, 0x40, 0x09, 0x98, 0x34, 0x54, 0x28, 0xC2,
  0x3A, 0x06, 0x08, 0xDA, 0xC1, 0x19, 0x75, 0xF5, 0xE3, 0x0D,
  0xEE, 0xFB, 0x37, 0x24, 0x01, 0x01, 0xF9, 0x46, 0xE3, 0x14,
  0xF4, 0xF2, 0xF6, 0x50, 0x12, 0xE8, 0x4A, 0xF8, 0xF7, 0xA0,
  0x01, 0x33, 0x5D, 0x3D, 0x04, 0xD3, 0xCA, 0xB8, 0x02, 0x36,
  0xD2, 0xFE, 0xF4, 0xBB, 0xFD, 0x11, 0x1A, 0x23, 0x32, 0xB4,
  0x11, 0xF9, 0x1A, 0x15, 0xD7, 0x0D, 0x01, 0x12, 0xF9, 0xFD,
  0xE4, 0x27, 0x0C, 0x0D, 0x36, 0xEA, 0x04, 0xD6, 0x5C, 0xAF,
  0x11, 0xCD, 0xEF, 0x04, 0xB9, 0x0C, 0x0F, 0x0C, 0x06, 0x25,
  0xED, 0x1A, 0x02, 0xD8, 0x32, 0x43, 0x02, 0x02, 0xC0, 0x20,
  0x13, 0x00, 0x1D, 0x1F, 0x10, 0x33, 0x1D, 0x27, 0xF8, 0xD7,
  0x7F, 0xC0, 0x43, 0xC2, 0x5C, 0x10, 0xBD, 0xBE, 0x0C, 0x1F,
  0xF6, 0x2E, 0xD8, 0xD2, 0x25, 0x93, 0xE5, 0x0F, 0x01, 0x15,
  0xE7, 0xF1, 0x27, 0xEA, 0x39, 0xCD, 0x2C, 0x01, 0x08, 0x07,
  0x28, 0xE2, 0x13, 0xB8, 0x37, 0xED, 0x49, 0xF9, 0xF1, 0xB5,
  0xF6, 0xE0, 0x2C, 0x1A, 0xE6, 0xB8, 0xED, 0xAA, 0xC0, 0xFC,
  0xF0, 0xCC, 0xD5, 0xE1, 0xC1, 0xF0, 0x25, 0xED, 0x24, 0xF4,
  0x0B, 0x25, 0x1E, 0xE1, 0xF6, 0xB9, 0xE9, 0xEB, 0xF8, 0x00,
  0x03, 0x09, 0xC6, 0x06, 0x48, 0xF9, 0x10, 0xBB, 0x25, 0xD5,
  0x07, 0xEC, 0x0C, 0xE0, 0xC4, 0x05, 0xB4, 0xFF, 0x02, 0xDF,
  0x05, 0x10, 0x20, 0x16, 0x25, 0xA1, 0x0B, 0xC4, 0xDA, 0xF1,
  0xED, 0x2E, 0xAC, 0xE0, 0xB3, 0x02, 0x09, 0xF9, 0xD2, 0xE0,
  0x46, 0xD1, 0xEE, 0xF6, 0x02, 0x07, 0xFB, 0x2D, 0xC3, 0xF9,
  0xE0, 0xD2, 0x04, 0x35, 0x38, 0x0D, 0x31, 0xD7, 0x25, 0xE6,
  0xEF, 0xEC, 0xF2, 0x3E, 0xC0, 0x06, 0xFA, 0x18, 0x0A, 0x24,
  0xE4, 0xE3, 0x30, 0xDB, 0xF3, 0x13, 0x22, 0x2B, 0x11, 0x12,
  0xFC, 0x33, 0xDA, 0xF5, 0x40, 0x51, 0x28, 0x11, 0x25, 0xC0,
  0x1D, 0xE2, 0xDB, 0xEA, 0x26, 0x0D, 0xC9, 0xC8, 0x36, 0x2B,
  0x14, 0x2A, 0x0D, 0xDA, 0xE7, 0x20, 0xF4, 0x3C, 0x31, 0xE5,
  0x15, 0xD8, 0xDA, 0xFF, 0xF7, 0xDE, 0x0E, 0xD9, 0xFC, 0x41,
  0x34, 0xE4, 0xE2, 0xE9, 0x1F, 0xF1, 0xF6, 0x31, 0x1F, 0xDE,
  0xF2, 0xE5, 0xED, 0x09, 0xE8, 0x02, 0x05, 0x32, 0x02, 0x51,
  0x2F, 0x09, 0x0B, 0xF8, 0xE6, 0x41, 0x04, 0xCD, 0xEA, 0xF3,
  0xFB, 0x24, 0x1F, 0xC2, 0x33, 0xB3, 0x3A, 0x2D, 0xE4, 0x21,
  0x04, 0xFA, 0xDA, 0x4A, 0xC8, 0x05, 0xED, 0xDF, 0x3B, 0x34,
  0x13, 0xC7, 0xF4, 0xB6, 0xD0, 0x45, 0xF6, 0xF3, 0x15, 0x0E,
  0x12, 0xC9, 0x28, 0x1C, 0x2D, 0xC1, 0x1C, 0x36, 0x29, 0x35,
  0x0B, 0xDD, 0x2E, 0xD2, 0xBA, 0x33, 0xE5, 0xE9, 0xCE, 0x14,
  0x03, 0x39, 0x02, 0xAE, 0x14, 0xBD, 0x1C, 0x7F, 0x10, 0xAD,
  0x0A, 0x43, 0x09, 0xCD, 0x0A, 0x20, 0xF4, 0xD8, 0xDA, 0x46,
  0x19, 0x0D, 0x23, 0xEF, 0x0F, 0xFD, 0xF5, 0xD6, 0xE5, 0xF3,
  0xF8, 0xFA, 0xDA, 0x31, 0xB4, 0xF7, 0x0E, 0x22, 0x4A, 0x35,
  0xF7, 0xC0, 0x20, 0x1C, 0xC4, 0xF4, 0x1F, 0x1C, 0xE7, 0xF2,
  0xCE, 0x06, 0x15, 0x17, 0x12, 0xD9, 0x05, 0xF5, 0xF5, 0xF4,
  0x15, 0x41, 0x39, 0xE2, 0xFC, 0x38, 0xF5, 0x1C, 0xE7, 0xEF,
  0x06, 0xEF, 0xE8, 0xEE, 0x07, 0xEF, 0xFD, 0x14, 0x18, 0x09,
  0x1C, 0xD0, 0xFE, 0x04, 0x27, 0x27, 0x05, 0xDC, 0x02, 0x40,
  0xE1, 0x05, 0x0B, 0x39, 0x00, 0xD8, 0x1C, 0x10, 0x15, 0xEB,
  0xDF, 0xD5, 0xAD, 0x15, 0xBD, 0xEF, 0x1E, 0x37, 0x45, 0xDA,
  0xE1, 0x00, 0x2C, 0xF5, 0xFA, 0xF9, 0x19, 0x19, 0xCF, 0x12,
  0x09, 0x20, 0x11, 0x05, 0x12, 0x2B, 0xD3, 0xD4, 0x9D, 0x24,
  0x39, 0xF6, 0xCB, 0x17, 0x76, 0xE5, 0xE6, 0x29, 0x7B, 0xC4,
  0x17, 0xE2, 0x44, 0x3F, 0xF9, 0xDF, 0xE1, 0x46, 0x10, 0x01,
  0xE1, 0x0E, 0x97, 0x1B, 0xD8, 0xF1, 0x15, 0x2E, 0xE2, 0xEC,
  0x81, 0x03, 0x25, 0xDF, 0xC7, 0x01, 0x50, 0xE1, 0xE1, 0xFD,
  0x4D, 0x0E, 0xFF, 0x19, 0x29, 0x25, 0x17, 0xE6, 0x1D, 0x1A,
  0x2E, 0x1F, 0xD5, 0x18, 0xCA, 0x29, 0x2F, 0xC1, 0x12, 0x11,
  0xF1, 0xE3, 0xE5, 0xF8, 0x05, 0xE6, 0xF1, 0xD0, 0x47, 0x0E,
  0xC6, 0xBC, 0x19, 0x02, 0x1A, 0xEF, 0x07, 0x12, 0x17, 0xE9,
  0xED, 0x5D, 0x04, 0x39, 0x31, 0x22, 0x08, 0xF1, 0xCA, 0xB8,
  0xDE, 0xD7, 0xDF, 0xDB, 0xEF, 0x21, 0xDC, 0x4C, 0x2B, 0x29,
  0x31, 0x4A, 0xCB, 0xEF, 0xF4, 0xF0, 0x1D, 0xBD, 0x21, 0x01,
  0x1C, 0xCD, 0x1E, 0x64, 0x01, 0x43, 0x4A, 0xEC, 0xE9, 0xAF,
  0x03, 0xF1, 0xDC, 0x17, 0x12, 0xD8, 0xF9, 0xFA, 0xC0, 0x53,
  0x14, 0xD3, 0xED, 0x34, 0x8E, 0x03, 0xDB, 0x10, 0x47, 0xC8,
  0x07, 0xE7, 0x12, 0xBF, 0xC2, 0x48, 0x04, 0x20, 0x43, 0xEB,
  0x25, 0x02, 0xFE, 0xE6, 0x1C, 0x22, 0xFE, 0x13, 0x39, 0x26,
  0xE9, 0x0F, 0x56, 0xD6, 0xE9, 0xF7, 0xBE, 0x01, 0xCB, 0x14,
  0xEE, 0xFA, 0xDA, 0xC5, 0x0A, 0xF5, 0xC6, 0x07, 0xC5, 0x31,
  0x47, 0x4A, 0x20, 0x20, 0x58, 0xF5, 0x5C, 0x26, 0xA2, 0x0D,
  0x45, 0x3A, 0x05, 0x4A, 0x29, 0x00, 0xD4, 0xB0, 0x9D, 0x05,
  0xD1, 0x11, 0x1E, 0xCF, 0xF5, 0xEA, 0xD8, 0x2D, 0xB2, 0x0F,
  0xE3, 0x60, 0x3C, 0x24, 0x0A, 0xEB, 0x42, 0x0C, 0xE9, 0xE1,
  0xB7, 0x34, 0xE1, 0xC8, 0x46, 0x1D, 0xCF, 0xE6, 0xFF, 0xFF,
  0xA4, 0x0C, 0x54, 0xC9, 0x55, 0xCB, 0x2D, 0x55, 0x1D, 0xEC,
  0x1C, 0xFC, 0x14, 0xD9, 0xEF, 0x12, 0xBE, 0xF7, 0x02, 0x2F,
  0xFB, 0xD3, 0xC1, 0xC6, 0xD3, 0xE4, 0x18, 0x00, 0xE0, 0xC5,
  0x72, 0x12, 0xD5, 0x23, 0x7C, 0xAF, 0x2E, 0xA1, 0x17, 0x44,
  0x2B, 0xF5, 0xF1, 0xF5, 0xE1, 0xE0, 0xEE, 0x3A, 0xEE, 0xA5,
  0xC9, 0x13, 0x54, 0x0C, 0x1F, 0xE3, 0xE6, 0xF8, 0xE2, 0x08,
  0x0A, 0xE2, 0x4F, 0xFF, 0xCF, 0xFE, 0x56, 0xE3, 0x21, 0xD7,
  0xFC, 0x44, 0x05, 0xFE, 0xF0, 0x0C, 0xC4, 0xF9, 0xF0, 0x1B,
  0x5A, 0xE4, 0xEE, 0x02, 0x7B, 0xCF, 0x19, 0xB6, 0xF2, 0xFF,
  0xDC, 0xCE, 0x16, 0xDF, 0x35, 0x11, 0xBB, 0x31, 0xF8, 0xD4,
  0xD2, 0xE9, 0xC3, 0x2E, 0xFB, 0xDE, 0xE1, 0x06, 0xB8, 0xE4,
  0xC3, 0x76, 0x24, 0xE3, 0xC5, 0xDC, 0x43, 0xEA, 0xFE, 0x08,
  0x0F, 0xEA, 0xDC, 0xE4, 0x04, 0x31, 0x3C, 0x5F, 0xA6, 0x28,
  0xD5, 0x1F, 0xD8, 0x05, 0xD2, 0x33, 0xEC, 0x0E, 0x06, 0x2E,
  0xE0, 0xF7, 0xB8, 0x6F, 0x1E, 0x2F, 0x17, 0x11, 0x5D, 0x11,
  0xE1, 0x2A, 0x69, 0xFD, 0x0E, 0x12, 0x07, 0x5A, 0x0F, 0x2D,
  0xCC, 0x44, 0x81, 0x4D, 0xE4, 0x24, 0xA8, 0x00, 0x28, 0x12,
  0x40, 0x15, 0x09, 0x12, 0x42, 0x1B, 0xFC, 0xFC, 0x1F, 0x3C,
  0xE3, 0xF9, 0xB9, 0x2D, 0x2D, 0x0A, 0x47, 0x2A, 0x30, 0x63,
  0xF0, 0xC2, 0xCE, 0xE6, 0x89, 0x39, 0x1E, 0x02, 0xC9, 0x19,
  0x1A, 0x38, 0xFD, 0x08, 0x3C, 0x0E, 0x48, 0x06, 0xFE, 0x08,
  0x39, 0xEF, 0x09, 0xE3, 0xAC, 0x4D, 0x24, 0x41, 0xCB, 0xD6,
  0xFB, 0xE7, 0x57, 0xF8, 0x14, 0x9B, 0x16, 0x0A, 0xE3, 0xC4,
  0x08, 0x2C, 0xEE, 0xF5, 0x30, 0x44, 0x7F, 0xE6, 0x34, 0x0A,
  0xEF, 0xF4, 0xE5, 0x70, 0x11, 0x19, 0x33, 0xEA, 0x3F, 0x23,
  0xCB, 0x0F, 0x24, 0xBB, 0x11, 0x0D, 0xF2, 0xAB, 0xE8, 0xD8,
  0x15, 0xFB, 0xFE, 0xC9, 0x53, 0xD4, 0xF4, 0x3B, 0x38, 0xFA,
  0x36, 0xD3, 0x0F, 0x2D, 0xF8, 0x10, 0xFC, 0xFD, 0x3F, 0x22,
  0xE3, 0x1C, 0xE9, 0x59, 0x70, 0x28, 0xBD, 0xCB, 0x0B, 0xE0,
  0xE8, 0x02, 0xE0, 0x41, 0xF9, 0x06, 0x1D, 0x95, 0x53, 0xA8,
  0x1D, 0xF8, 0xE8, 0xF8, 0xE7, 0x28, 0xC5, 0x43, 0xCB, 0x28,
  0x57, 0xBE, 0x18, 0x3B, 0xB3, 0xC7, 0xB6, 0xCB, 0x82, 0x2A,
  0xDB, 0xFC, 0xAA, 0xF6, 0xC1, 0x3B, 0x22, 0xE8, 0x28, 0xD8,
  0x24, 0x21, 0x0E, 0x0E, 0xFD, 0x2A, 0x1D, 0xFE, 0xB1, 0x5A,
  0xE7, 0xED, 0xD9, 0x2E, 0x32, 0x68, 0x0A, 0xE8, 0x26, 0xC2,
  0xAB, 0x73, 0x4B, 0xE7, 0xE9, 0xC4, 0xF7, 0x01, 0xF7, 0xCC,
  0x69, 0xBA, 0xF4, 0xDC, 0x4E, 0xC5, 0x53, 0x0F, 0x20, 0xDE,
  0xF9, 0xEF, 0xBB, 0xEA, 0xF8, 0x11, 0xF5, 0x43, 0xDC, 0xBF,
  0x10, 0xF4, 0x36, 0x3D, 0xEA, 0xF9, 0xA8, 0xE5, 0xA9, 0x2D,
  0x5C, 0x0C, 0x4A, 0xDD, 0x19, 0x35, 0x79, 0x2D, 0x07, 0x52,
  0x34, 0xDA, 0x0B, 0xED, 0xF0, 0x32, 0x4D, 0xB0, 0xF1, 0x30,
  0x95, 0xFA, 0x1E, 0xC6, 0x12, 0x8B, 0x11, 0xCD, 0xE2, 0xEE,
  0xF6, 0xE1, 0x47, 0xD7, 0xE5, 0xDC, 0xD2, 0xE2, 0x25, 0x1C,
  0x6C, 0xBA, 0xDB, 0x45, 0x0B, 0x0A, 0x00, 0xDA, 0x4C, 0xF8,
  0xFE, 0xFD, 0xE7, 0xF6, 0xEB, 0x0F, 0x0F, 0x5C, 0x0E, 0x20,
  0x02, 0x00, 0xF1, 0x02, 0x05, 0xF3, 0x1E, 0xFB, 0xDD, 0x54,
  0xC0, 0xAB, 0x2C, 0x02, 0x0E, 0xEE, 0x0D, 0xE3, 0x1A, 0x34,
  0x21, 0x46, 0xD9, 0xE7, 0x23, 0x30, 0x03, 0x1E, 0x1B, 0x09,
  0x03, 0xE5, 0xFE, 0x1A, 0x05, 0x0F, 0x0E, 0x1A, 0xF5, 0xFB,
  0xDE, 0x01, 0xC2, 0xBD, 0xDA, 0xBD, 0xF4, 0x04, 0xFA, 0xD0,
  0xF5, 0x21, 0x40, 0x36, 0x00, 0xC4, 0xFB, 0x16, 0xE4, 0x0D,
  0xF5, 0xF7, 0xBD, 0xD9, 0xFB, 0x40, 0x30, 0x04, 0x37, 0x56,
  0xF7, 0x2B, 0x29, 0xDF, 0xFB, 0xEC, 0xCF, 0xDE, 0x10, 0xE0,
  0xE0, 0xCB, 0xEB, 0x1B, 0x2D, 0xD0, 0x22, 0x11, 0xF8, 0x15,
  0xE3, 0xF4, 0xE8, 0xE7, 0xF0, 0x20, 0x05, 0x0F, 0x3A, 0x00,
  0x18, 0x2C, 0xDA, 0x0C, 0x48, 0xD1, 0x5B, 0x4B, 0x01, 0x18,
  0x15, 0xCF, 0xDC, 0xE4, 0xFB, 0xD6, 0x28, 0x81, 0x21, 0x3C,
  0xE3, 0x14, 0xEC, 0x0C, 0xDA, 0xFF, 0xD8, 0x00, 0x0B, 0x1B,
  0xC8, 0xE9, 0x20, 0x14, 0x00, 0xEA, 0x29, 0xC4, 0x46, 0x1E,
  0x4D, 0x05, 0xFE, 0x05, 0xC1, 0x01, 0x28, 0x03, 0xBB, 0xD2,
  0xEE, 0x66, 0x9D, 0xD9, 0xE9, 0xE3, 0xF1, 0x11, 0xE8, 0xE3,
  0x1E, 0x33, 0x0E, 0xC1, 0x20, 0x0B, 0x0E, 0xF6, 0xE5, 0xD4,
  0x08, 0xB6, 0x5B, 0xFD, 0xFE, 0xF5, 0x11, 0x35, 0xD5, 0xF6,
  0xDF, 0x32, 0x03, 0x3A, 0x98, 0xF0, 0xEA, 0xE5, 0x65, 0x1D,
  0x0E, 0xA1, 0xE4, 0xD4, 0xE3, 0x05, 0x42, 0xFF, 0x20, 0xC0,
  0xCA, 0x2C, 0xF7, 0xDF, 0x19, 0xE7, 0xFD, 0xCD, 0x0D, 0x09,
  0x0B, 0x10, 0x21, 0x1E, 0xF8, 0x51, 0x78, 0x20, 0xBA, 0xCF,
  0x6E, 0x26, 0x18, 0xC7, 0xED, 0xD7, 0xEA, 0xF1, 0xB9, 0xDF,
  0xB7, 0x13, 0x08, 0x17, 0x31, 0xE4, 0x0F, 0xB9, 0x25, 0xB2,
  0x68, 0xFE, 0x97, 0xB6, 0xE4, 0x0A, 0xE6, 0x23, 0x2C, 0x02,
  0xE5, 0x29, 0xFF, 0xC0, 0x16, 0x0C, 0x15, 0x2D, 0xC8, 0xFE,
  0xD8, 0xF4, 0xDD, 0x44, 0x9A, 0x23, 0x51, 0xE9, 0x2B, 0xB4,
  0xFF, 0xEC, 0x2F, 0xE5, 0x94, 0xB7, 0x52, 0xE1, 0xE6, 0x45,
  0x72, 0xFE, 0x32, 0xF2, 0xD6, 0xB5, 0x24, 0xD7, 0xF3, 0x17,
  0x4B, 0x12, 0x5C, 0xEC, 0xD6, 0xDB, 0xC1, 0x41, 0x2C, 0x3F,
  0x0C, 0x10, 0xCD, 0xC0, 0x09, 0x23, 0xEB, 0x01, 0x6B, 0x20,
  0xFA, 0x2D, 0x28, 0xC6, 0xE6, 0xD4, 0x0F, 0x19, 0x2D, 0xD2,
  0x18, 0xEC, 0x1D, 0x1D, 0x20, 0xD9, 0xF5, 0x81, 0xFA, 0xF4,
  0x4F, 0x32, 0x13, 0xEE, 0xF7, 0x08, 0x19, 0x27, 0xA0, 0x10,
  0x18, 0xBD, 0x3A, 0x11, 0x3F, 0xE1, 0xAA, 0xE0, 0x16, 0xCB,
  0x0C, 0xF8, 0x40, 0xEC, 0xD2, 0x40, 0xD4, 0x1F, 0xC7, 0xE2,
  0xC8, 0x37, 0xDE, 0xA7, 0x01, 0xF0, 0x66, 0x0A, 0xB6, 0xF3,
  0xAA, 0xCF, 0x26, 0xF6, 0xFB, 0x05, 0xDD, 0xCC, 0xE8, 0x33,
  0xE8, 0xCE, 0x27, 0xDF, 0xE0, 0x0E, 0x12, 0x10, 0x23, 0xE8,
  0xE1, 0xE6, 0xF3, 0x17, 0x1D, 0x00, 0x5E, 0x0B, 0xE7, 0xC8,
  0xF8, 0xF2, 0xEB, 0x17, 0x47, 0x16, 0xB7, 0x13, 0x48, 0xEE,
  0xF7, 0x10, 0x29, 0x0A, 0x3B, 0xFF, 0xD7, 0x18, 0x1F, 0x17,
  0x1B, 0x1E, 0xEF, 0xC3, 0xF9, 0x0D, 0x6F, 0x05, 0x0A, 0xD8,
  0xEA, 0xB7, 0x74, 0x32, 0xDD, 0x18, 0x4D, 0x0F, 0x5E, 0x35,
  0x04, 0x09, 0xB6, 0xFE, 0x3E, 0xF0, 0xA8, 0xD3, 0xEC, 0xF1,
  0xD3, 0xCE, 0xF7, 0x71, 0x62, 0xD5, 0xC7, 0x76, 0x00, 0x0A,
  0xFC, 0x04, 0x63, 0x95, 0x1C, 0x2E, 0xA9, 0xE5, 0xF3, 0x9D,
  0x2F, 0x48, 0xBB, 0x42, 0x5A, 0xEE, 0x2A, 0xF3, 0xEE, 0xE5,
  0xB7, 0xEC, 0xC9, 0x91, 0x38, 0x1B, 0x43, 0xBE, 0xF0, 0xF2,
  0x31, 0x25, 0x26, 0xD1, 0xDB, 0xCF, 0xBF, 0x18, 0x01, 0xD6,
  0x0B, 0x1E, 0xF5, 0xF8, 0x00, 0x30, 0x3D, 0xA4, 0x2D, 0x5D,
  0xF2, 0xEE, 0xBE, 0xD2, 0x00, 0x0E, 0x38, 0x5A, 0x43, 0xC0,
  0x11, 0xE3, 0x36, 0x3D, 0xB7, 0xF6, 0x0F, 0xE8, 0xB4, 0x4D,
  0xBB, 0x52, 0x23, 0xFC, 0xF1, 0x54, 0xE0, 0xB6, 0xE8, 0xA9,
  0xFA, 0x3D, 0xC0, 0xF5, 0x28, 0x5E, 0x24, 0xD8, 0x19, 0xF4,
  0x44, 0xCF, 0xCF, 0x16, 0xF2, 0x0D, 0x00, 0x49, 0x10, 0xFC,
  0x34, 0x2F, 0x13, 0xB1, 0xA7, 0xFF, 0x0C, 0x54, 0x81, 0x0B,
  0x1D, 0x0A, 0xD8, 0x72, 0x05, 0xC4, 0x48, 0xC4, 0xD0, 0xC3,
  0x03, 0x31, 0x0F, 0xA4, 0x0F, 0x79, 0x43, 0x49, 0x2E, 0xFE,
  0x51, 0xD7, 0xFF, 0xDF, 0x9E, 0x11, 0x07, 0xAE, 0xF5, 0x3C,
  0xED, 0xF8, 0x3F, 0xCC, 0xCA, 0x06, 0xD3, 0xE9, 0xC9, 0xD3,
  0xB2, 0x0C, 0x29, 0xDB, 0x33, 0x0A, 0xDF, 0xC7, 0x6E, 0x23,
  0x46, 0xF7, 0x25, 0x2C, 0xE2, 0x38, 0xF7, 0x41, 0xC8, 0x17,
  0xC3, 0x1F, 0xE8, 0x1B, 0xD5, 0xCC, 0xE5, 0x6E, 0xF4, 0x0D,
  0x17, 0x24, 0x29, 0x37, 0xAE, 0x0C, 0x23, 0xBD, 0xED, 0xDD,
  0x0A, 0x46, 0x30, 0xC7, 0xF4, 0x64, 0x13, 0x05, 0xFE, 0x1F,
  0xD7, 0xCC, 0xB0, 0xFA, 0x36, 0xFC, 0x3F, 0xFA, 0xF9, 0x8F,
  0x46, 0xEE, 0xA4, 0xBA, 0x1C, 0x27, 0xD1, 0xC5, 0xED, 0xE7,
  0x18, 0xAD, 0x06, 0x44, 0x0A, 0xD1, 0x53, 0x06, 0x13, 0x7A,
  0xD3, 0xD1, 0xD6, 0x04, 0xC4, 0x20, 0xE7, 0xDE, 0x3B, 0x24,
  0xC1, 0x41, 0x3D, 0xD8, 0xF6, 0x23, 0xE7, 0x24, 0x97, 0xBE,
  0x11, 0xE9, 0x21, 0x10, 0xF8, 0x5C, 0xC9, 0xCA, 0x12, 0x28,
  0xE0, 0x4D, 0xDA, 0xF8, 0xC6, 0xFA, 0x07, 0x4C, 0x06, 0xFA,
  0x3E, 0xE0, 0x10, 0x6E, 0x18, 0xBA, 0xE2, 0x46, 0xEF, 0xF6,
  0xF7, 0xD7, 0x76, 0x9F, 0xD2, 0x57, 0x0D, 0xFE, 0xD0, 0x3F,
  0x02, 0xF4, 0x07, 0xDC, 0x11, 0x63, 0xEB, 0x5C, 0xD3, 0x7F,
  0x1D, 0x23, 0xD5, 0xBD, 0xF3, 0x15, 0xFA, 0x24, 0xE1, 0x15,
  0xE9, 0xC8, 0x0D, 0xAA, 0x05, 0xE9, 0x2A, 0x65, 0x4D, 0xEF,
  0xCF, 0xEC, 0xE0, 0xF3, 0x30, 0x06, 0x36, 0x38, 0x23, 0xD9,
  0x10, 0x02, 0x47, 0x10, 0x0E, 0x86, 0xE0, 0xAC, 0x09, 0xE2,
  0x19, 0x0D, 0x05, 0xEF, 0x26, 0xAE, 0xEC, 0x4C, 0x04, 0x47,
  0x35, 0xE4, 0x16, 0x29, 0xDB, 0x3E, 0x33, 0x25, 0x44, 0xFB,
  0x55, 0xB6, 0x02, 0x07, 0x25, 0x38, 0x40, 0x0E, 0xBE, 0x19,
  0x24, 0x28, 0x98, 0x16, 0x96, 0x0C, 0xFE, 0xC9, 0x27, 0x23,
  0x29, 0x1A, 0x11, 0x31, 0x5E, 0xAA, 0xF9, 0x3B, 0x0C, 0xFF,
  0xDD, 0x8B, 0xD2, 0xE2, 0xEB, 0x11, 0x05, 0xFC, 0x4A, 0x35,
  0xA3, 0x0C, 0x0F, 0x3C, 0x09, 0xE5, 0x0B, 0x23, 0x06, 0xFB,
  0x24, 0xBF, 0x05, 0x10, 0x28, 0x32, 0xC4, 0xE5, 0xD6, 0xDB,
  0xE2, 0x13, 0xF3, 0xD3, 0xCA, 0xF7, 0x34, 0x26, 0xD9, 0xE8,
  0x2B, 0xE6, 0x0D, 0xF2, 0xC9, 0xF7, 0xB8, 0xA8, 0xEF, 0xD7,
  0x0A, 0x29, 0xA2, 0x31, 0x1B, 0x83, 0x23, 0x54, 0xFE, 0x38,
  0x35, 0xC1, 0xF8, 0xF7, 0xE8, 0xEA, 0xF3, 0x88, 0x2C, 0x2E,
  0xB8, 0xD3, 0x12, 0x24, 0x2C, 0x29, 0xCD, 0xDB, 0x1C, 0x0F,
  0xC6, 0x5C, 0xED, 0xA1, 0x2B, 0x31, 0xED, 0x06, 0xCC, 0xC5,
  0x18, 0x38, 0xC6, 0x11, 0xDC, 0xF6, 0x22, 0xEC, 0x42, 0x52,
  0x40, 0x4E, 0xD2, 0xCC, 0x26, 0x24, 0x3F, 0xAD, 0x0A, 0xE0,
  0xF1, 0xFF, 0xF5, 0x0F, 0xDD, 0x42, 0x3F, 0xFA, 0xA8, 0x0F,
  0x20, 0x90, 0xE9, 0x0A, 0xC5, 0x0A, 0xF4, 0x3D, 0xEC, 0x45,
  0x70, 0x50, 0x60, 0xBD, 0xF7, 0xAB, 0x13, 0x28, 0xEE, 0xED,
  0x1C, 0xF3, 0xFF, 0xB9, 0xD7, 0x87, 0xE0, 0x60, 0x29, 0xFA,
  0x10, 0xF8, 0xAD, 0x9E, 0x2B, 0x18, 0xFC, 0x33, 0x36, 0x07,
  0x81, 0x09, 0x48, 0x17, 0x03, 0xA6, 0x04, 0xF0, 0x13, 0x20,
  0xB9, 0x28, 0x44, 0x34, 0xF7, 0xC6, 0x5B, 0xC1, 0x9F, 0x40,
  0xAD, 0xF6, 0x39, 0x15, 0x17, 0x17, 0x19, 0xAC, 0xD5, 0xF7,
  0xA1, 0xBE, 0x08, 0xD4, 0x12, 0xD0, 0x53, 0x61, 0xE0, 0x9E,
  0x23, 0xF5, 0x3B, 0xE5, 0xCB, 0x43, 0xFC, 0x4F, 0x19, 0x8D,
  0x28, 0x36, 0xD6, 0x32, 0x77, 0xEA, 0x0C, 0xFD, 0x1D, 0x45,
  0x2A, 0x05, 0x88, 0xE4, 0x5C, 0xC9, 0x4B, 0xA6, 0x61, 0x23,
  0xDC, 0xAD, 0x40, 0x01, 0xF2, 0xDB, 0x0B, 0xB5, 0xC3, 0x14,
  0x01, 0x15, 0xF7, 0xF8, 0x43, 0x41, 0xFC, 0xFA, 0x1D, 0x12,
  0x3A, 0x6E, 0x0A, 0xD4, 0xA5, 0xED, 0xE6, 0xAA, 0xD1, 0xF7,
  0x33, 0x3F, 0x14, 0x2A, 0x19, 0xFD, 0xD9, 0xF2, 0xD1, 0xF3,
  0x1D, 0x5F, 0x12, 0x0D, 0x08, 0x43, 0x49, 0xC2, 0x35, 0x02,
  0x45, 0x48, 0xE7, 0xDF, 0x0F, 0xC9, 0xCA, 0x3E, 0xFF, 0x1C,
  0xCB, 0xE4, 0x00, 0x50, 0x35, 0x94, 0xD6, 0x98, 0xF7, 0x0D,
  0x05, 0xE8, 0x06, 0xF8, 0x01, 0x06, 0xF9, 0x2B, 0x13, 0xE7,
  0x21, 0x3C, 0x14, 0x45, 0xD8, 0x27, 0xF3, 0xC5, 0x11, 0xF5,
  0xFA, 0x0D, 0xE0, 0xF1, 0xDE, 0x72, 0xF7, 0xF6, 0x26, 0xF2,
  0x2B, 0x00, 0xF8, 0x00, 0xF0, 0xFC, 0xD3, 0xE1, 0xFD, 0x11,
  0x31, 0x09, 0x12, 0xD0, 0x34, 0xD6, 0x29, 0x19, 0x0D, 0xAE,
  0x42, 0x04, 0x06, 0x0B, 0x27, 0x81, 0x35, 0x70, 0xC9, 0x73,
  0x12, 0x4D, 0xE0, 0x23, 0x2F, 0xF6, 0x0B, 0x0E, 0xB4, 0x28,
  0x43, 0x5A, 0x40, 0xA9, 0x3A, 0xEC, 0x36, 0x0B, 0x41, 0xF2,
  0x3D, 0xB6, 0xC1, 0x26, 0x04, 0x21, 0x20, 0xC1, 0x13, 0x20,
  0xED, 0xC0, 0x02, 0xBC, 0xED, 0x38, 0xF3, 0xDC, 0xFD, 0x19,
  0x1C, 0x18, 0x12, 0xF5, 0x07, 0xD9, 0x1A, 0xBE, 0x05, 0x1F,
  0x04, 0x11, 0x23, 0x1B, 0xCE, 0x39, 0x11, 0x06, 0xBA, 0x29,
  0xB9, 0x5D, 0x0D, 0xDC, 0x43, 0xC4, 0xEB, 0x5D, 0x02, 0xC8,
  0xD0, 0xFC, 0x03, 0x13, 0xCC, 0xFE, 0x24, 0xE0, 0x2A, 0xAC,
  0xFE, 0x13, 0x32, 0xEB, 0xE4, 0xF9, 0xF4, 0xE6, 0x23, 0x12,
  0xE6, 0xB6, 0xCC, 0x39, 0xB2, 0x31, 0x02, 0x44, 0xD4, 0xE2,
  0xD1, 0xF5, 0xE6, 0x16, 0xEA, 0xB8, 0x05, 0x14, 0x34, 0x02,
  0x26, 0xEC, 0xFC, 0x2F, 0x00, 0x44, 0x24, 0x0F, 0xC2, 0x12,
  0x39, 0xF6, 0xC6, 0xA2, 0x7F, 0x14, 0xDC, 0x1C, 0xF8, 0x02,
  0x5C, 0xDE, 0xE2, 0xC7, 0x10, 0x26, 0x1A, 0x20, 0x19, 0x1A,
  0xBD, 0x17, 0xD0, 0xF3, 0x21, 0xC1, 0xC2, 0x11, 0xFF, 0xA6,
  0x58, 0x49, 0xE5, 0x07, 0x3C, 0xE5, 0x43, 0x31, 0x07, 0xEB,
  0xEA, 0x0E, 0x11, 0xC2, 0x2F, 0x0B, 0xC3, 0x06, 0x0D, 0x11,
  0xD4, 0xEC, 0xDC, 0xFD, 0x15, 0x1F, 0xEF, 0x00, 0x0D, 0xD4,
  0x16, 0xA6, 0xE5, 0x17, 0xAF, 0xD5, 0x1C, 0x06, 0xF9, 0xF3,
  0x2C, 0x11, 0xF3, 0x30, 0x21, 0xF0, 0x1A, 0xC1, 0xE7, 0xF2,
  0xF8, 0x43, 0xBE, 0x02, 0xCF, 0xC0, 0xE3, 0x17, 0x24, 0x16,
  0xD9, 0xE0, 0x32, 0xB9, 0xEF, 0x60, 0xB9, 0xBE, 0x0E, 0xF8,
  0x36, 0x12, 0x08, 0x0F, 0xF7, 0xE4, 0xF3, 0xF4, 0xF7, 0xF0,
  0xE1, 0x04, 0x2E, 0x6B, 0x0B, 0xCE, 0xF6, 0x8F, 0xFA, 0x14,
  0xE1, 0x30, 0x9F, 0x33, 0xDA, 0xCE, 0xEF, 0x3F, 0x39, 0xC9,
  0x07, 0xF5, 0x09, 0x10, 0x1B, 0x24, 0xE8, 0xDC, 0x0A, 0xF5,
  0x3D, 0xFD, 0x08, 0x04, 0xFC, 0x2E, 0xA6, 0xD6, 0x14, 0x02,
  0xFE, 0x00, 0xB8, 0x37, 0xC8, 0x1F, 0xFC, 0x32, 0xE2, 0x27,
  0xD0, 0xB7, 0x43, 0x23, 0xF7, 0x2D, 0xFD, 0x24, 0xC6, 0x3E,
  0x0F, 0x26, 0x38, 0xE9, 0xF6, 0x21, 0xEA, 0xFC, 0xD7, 0x1D,
  0x05, 0xEC, 0x3C, 0xFB, 0x48, 0x11, 0x2C, 0xE3, 0xD3, 0x1E,
  0x3B, 0xF8, 0xE8, 0xE9, 0x43, 0xF1, 0x05, 0x33, 0xAD, 0xEC,
  0xE4, 0x13, 0x09, 0xD3, 0x07, 0x1F, 0xF9, 0xE6, 0x08, 0x23,
  0x35, 0xDE, 0x14, 0xE6, 0x0A, 0x30, 0x62, 0x33, 0x25, 0x41,
  0x8A, 0xE0, 0x3F, 0x0D, 0xE3, 0x15, 0x3D, 0xF3, 0xB9, 0xE3,
  0x1C, 0xEC, 0xBA, 0xE4, 0x24, 0x3F, 0xD0, 0xDA, 0x2E, 0x1E,
  0x1D, 0x2F, 0xED, 0x3A, 0x2F, 0xD3, 0xFA, 0xCC, 0x2E, 0x24,
  0x24, 0x3B, 0xE3, 0xCC, 0xC5, 0x00, 0xD4, 0xFC, 0xC5, 0x21,
  0x35, 0x5D, 0x22, 0xCC, 0x9E, 0xE5, 0x12, 0xEF, 0xC8, 0x31,
  0x18, 0xCD, 0x35, 0xF4, 0x4B, 0x47, 0x3D, 0xDB, 0x0B, 0xF0,
  0x2B, 0x5C, 0x21, 0xF8, 0x28, 0x9B, 0x06, 0x31, 0xE4, 0xF6,
  0x02, 0xD5, 0x11, 0x2D, 0x0F, 0xAF, 0xDC, 0xE8, 0x36, 0xEA,
  0xF9, 0xE1, 0xC2, 0xD9, 0x24, 0x2D, 0xE5, 0x18, 0x25, 0xD5,
  0xF0, 0x76, 0x2A, 0x51, 0x36, 0xD6, 0x27, 0x81, 0xFF, 0xF6,
  0x28, 0xD2, 0xF2, 0xA6, 0x36, 0x48, 0xAA, 0xF8, 0xD6, 0xEF,
  0xF5, 0x23, 0xFC, 0xF6, 0x1A, 0x02, 0xD3, 0xFA, 0x08, 0x41,
  0xFA, 0x9D, 0x00, 0xC9, 0x48, 0x00, 0x23, 0x3C, 0xF6, 0xF3,
  0xE0, 0x1A, 0x14, 0x4F, 0x9D, 0x49, 0x20, 0x10, 0xCB, 0xE7,
  0x84, 0xE8, 0x38, 0x69, 0xDB, 0xE4, 0xEE, 0x01, 0x24, 0x25,
  0xEC, 0x07, 0xE6, 0xDD, 0xDB, 0x36, 0x07, 0x25, 0xDF, 0x25,
  0x0D, 0x18, 0xEA, 0x00, 0x1F, 0x75, 0x21, 0x16, 0xC1, 0x0E,
  0x0A, 0x27, 0xD4, 0x02, 0xF3, 0xE6, 0xFD, 0xFA, 0x6D, 0x17,
  0x2F, 0x0C, 0x1C, 0x2C, 0x1C, 0x28, 0xE9, 0xC0, 0x16, 0x00,
  0x3B, 0x1B, 0xDC, 0x11, 0xEE, 0x10, 0x1E, 0x45, 0xC7, 0xFD,
  0x47, 0x2D, 0xFD, 0xDE, 0xD5, 0xE0, 0x04, 0x1F, 0xBB, 0xBD,
  0x08, 0x39, 0x59, 0xF4, 0xF0, 0x10, 0x25, 0x07, 0xE2, 0x56,
  0x25, 0x5D, 0xA7, 0x25, 0x0A, 0xEC, 0x00, 0xFB, 0xD6, 0x35,
  0xD1, 0xA7, 0xCD, 0xE5, 0x21, 0xEF, 0xE3, 0xDA, 0x21, 0xE6,
  0xC6, 0x1F, 0x77, 0xDB, 0x2C, 0xD4, 0x2B, 0x50, 0xF2, 0x05,
  0xF3, 0x06, 0xFD, 0xE2, 0xDB, 0x1A, 0xDC, 0xD2, 0xE2, 0x0A,
  0x1C, 0xF5, 0xF2, 0xCA, 0xC5, 0xEB, 0xEE, 0x16, 0xDF, 0xDE,
  0x57, 0xEB, 0xC0, 0xED, 0x69, 0xDD, 0x0D, 0xC4, 0x0B, 0x39,
  0xF9, 0x0A, 0xFE, 0x1D, 0xAC, 0x02, 0xE3, 0x20, 0x06, 0xE1,
  0x01, 0xFA, 0x55, 0xF1, 0x32, 0xDA, 0xE6, 0xE9, 0x1A, 0xF0,
  0xFD, 0x07, 0x2A, 0x03, 0xC0, 0x0A, 0x08, 0xD0, 0x18, 0xBB,
  0xD9, 0x23, 0x21, 0xC9, 0x0A, 0x05, 0xB4, 0x12, 0xDE, 0x58,
  0x00, 0xE9, 0xA6, 0xDB, 0x3F, 0x05, 0x2C, 0xCE, 0xEF, 0xCE,
  0xE2, 0xF1, 0x15, 0x26, 0x21, 0x4F, 0x9A, 0x10, 0x05, 0xFF,
  0xE8, 0x17, 0xE3, 0x38, 0x17, 0x0E, 0x2D, 0x30, 0xD4, 0xFA,
  0xDC, 0x7F, 0x2C, 0xE1, 0xD4, 0x26, 0x4D, 0x13, 0xDD, 0xFB,
  0x30, 0x05, 0xD0, 0x34, 0xED, 0x3D, 0x34, 0x2A, 0xD8, 0x40,
  0xA0, 0x12, 0xD1, 0xE7, 0x02, 0xFC, 0x25, 0x0D, 0x16, 0x36,
  0xED, 0x0C, 0x37, 0x21, 0x11, 0x05, 0x2C, 0x0A, 0x28, 0x01,
  0xBB, 0x1A, 0x50, 0x14, 0x1B, 0x02, 0x21, 0x39, 0x37, 0xFA,
  0xD7, 0x25, 0x8B, 0x45, 0x1C, 0xDE, 0xD9, 0xC6, 0x36, 0x3C,
  0xF3, 0xE3, 0x2B, 0x04, 0x39, 0x23, 0x0D, 0xF3, 0x44, 0xD4,
  0xF5, 0xE2, 0x96, 0x1A, 0x26, 0x0D, 0x25, 0x03, 0x1D, 0x18,
  0xF2, 0xF3, 0xC2, 0xE7, 0xF1, 0x00, 0x63, 0xCB, 0xEE, 0x17,
  0x10, 0x38, 0xD5, 0xF1, 0x09, 0x11, 0x03, 0x23, 0x08, 0xF6,
  0x51, 0xFA, 0x03, 0xD7, 0xC1, 0x15, 0xF7, 0x15, 0xD4, 0x20,
  0xFA, 0x4C, 0x34, 0x05, 0x0C, 0xC5, 0xF7, 0x38, 0xF4, 0xFD,
  0xC3, 0xFE, 0xF6, 0x0E, 0xC6, 0xF4, 0xF2, 0xF4, 0x18, 0xDF,
  0xEB, 0x3E, 0x16, 0x3D, 0xBF, 0xC8, 0x2C, 0xD4, 0xF9, 0xDE,
  0xFE, 0x19, 0x1F, 0x0F, 0x18, 0xF6, 0xFD, 0x04, 0xCB, 0x2E,
  0x18, 0x14, 0x19, 0x11, 0x28, 0x04, 0xD7, 0x2F, 0xFC, 0xFC,
  0x18, 0xFB, 0xE9, 0xE0, 0x14, 0x0F, 0xE6, 0xF6, 0x1C, 0x3D,
  0xE0, 0xFB, 0x3F, 0xB4, 0x0F, 0xF6, 0x07, 0x06, 0xF2, 0xDA,
  0xE0, 0xED, 0x1C, 0x21, 0xD9, 0xA5, 0x17, 0x81, 0x0C, 0x0E,
  0xFD, 0x2E, 0xF4, 0xEB, 0x1A, 0xD8, 0x5C, 0x20, 0xA4, 0x1D,
  0x11, 0x21, 0x02, 0x26, 0x03, 0xC9, 0xD0, 0xF7, 0x4B, 0xE2,
  0x22, 0xD8, 0xFE, 0xF3, 0xEC, 0x28, 0xD0, 0x1B, 0xD3, 0xD7,
  0x06, 0x33, 0x2A, 0xD2, 0xFF, 0xF0, 0x15, 0x16, 0xFD, 0x08,
  0xEC, 0x13, 0xF2, 0x01, 0x1E, 0x1A, 0xE8, 0xF5, 0xFD, 0xFE,
  0x0F, 0xA4, 0x0C, 0xC8, 0xDC, 0x13, 0x44, 0x12, 0x0E, 0x23,
  0x1F, 0xDC, 0xFE, 0x52, 0x14, 0x0A, 0x2C, 0x22, 0x1A, 0xFE,
  0xFC, 0xFD, 0xC6, 0xDC, 0x3C, 0x34, 0xBB, 0x13, 0x0E, 0xE4,
  0x0F, 0x1E, 0x19, 0x3B, 0x42, 0xE3, 0x0C, 0x05, 0x06, 0x2B,
  0xF6, 0xD1, 0xF4, 0xA9, 0x1D, 0x1C, 0x36, 0x08, 0xF0, 0xD5,
  0x21, 0xDF, 0x0E, 0x44, 0x9F, 0x09, 0x04, 0xF2, 0x1D, 0x36,
  0x0C, 0x15, 0xDA, 0x07, 0x41, 0x26, 0xE4, 0xF7, 0x0C, 0x2A,
  0x19, 0xEB, 0x05, 0xC9, 0x12, 0xCF, 0x0D, 0x24, 0xF1, 0xEA,
  0xB3, 0x23, 0xE4, 0xF5, 0xF7, 0x28, 0xE1, 0xDB, 0x2E, 0x23,
  0xEB, 0x27, 0x2E, 0x11, 0xF9, 0x32, 0xE6, 0xEE, 0x12, 0x07,
  0xE3, 0x45, 0x3B, 0xE8, 0x18, 0x00, 0xA8, 0x95, 0x12, 0xCA,
  0x18, 0xDC, 0xF5, 0x0E, 0xE3, 0xF4, 0x05, 0xE6, 0xFE, 0x19,
  0x03, 0xD7, 0xB5, 0xDD, 0xE4, 0x21, 0x27, 0x01, 0xE8, 0xBF,
  0x62, 0x17, 0xE2, 0x15, 0x33, 0x7F, 0xF7, 0x31, 0x0A, 0xAC,
  0xFC, 0xBB, 0x40, 0xD7, 0xF4, 0xD8, 0xB1, 0xCC, 0xE9, 0x18,
  0xF4, 0xFE, 0xDB, 0xED, 0xF7, 0xC2, 0x1A, 0x2F, 0xD5, 0xD7,
  0x1F, 0xF9, 0x31, 0xE2, 0xED, 0xEC, 0xFF, 0x2B, 0xFD, 0x27,
  0x18, 0xA9, 0x12, 0xEC, 0x19, 0xA5, 0xE6, 0x06, 0xAF, 0x02,
  0xD8, 0x11, 0x05, 0xDA, 0x2C, 0xCE, 0xF2, 0xBA, 0xE1, 0x14,
  0x11, 0xB9, 0x06, 0xEA, 0x08, 0x09, 0x17, 0xEA, 0x37, 0xEE,
  0xF6, 0x15, 0xEC, 0x90, 0xFE, 0xB7, 0x2E, 0xDF, 0xCE, 0xB1,
  0xAD, 0xED, 0x14, 0x22, 0xEC, 0xF6, 0x02, 0xB0, 0xBA, 0x09,
  0x1C, 0x39, 0xE7, 0xC9, 0xE6, 0xCD, 0x02, 0x45, 0x00, 0x23,
  0x12, 0x18, 0x07, 0x0B, 0xBE, 0x9B, 0x02, 0x8D, 0x42, 0xE9,
  0xEF, 0xF3, 0xBC, 0xDA, 0xD7, 0x2B, 0x17, 0x0A, 0x19, 0xD9,
  0xC1, 0xDC, 0xCC, 0x2B, 0x19, 0xEF, 0x11, 0x17, 0x01, 0x0E,
  0x33, 0xC7, 0x42, 0x42, 0x30, 0x1B, 0xE0, 0xA2, 0x04, 0xDB,
  0x04, 0x04, 0xBD, 0xF2, 0xC6, 0xD8, 0xB5, 0xFB, 0x2D, 0x04,
  0xD1, 0xD1, 0xBC, 0xF5, 0xE4, 0x27, 0x08, 0xBD, 0x19, 0x11,
  0x13, 0x20, 0xFF, 0xF2, 0x08, 0x22, 0xEE, 0x21, 0x02, 0xC8,
  0x34, 0xE1, 0xEB, 0xFB, 0xF0, 0xD6, 0x0C, 0xE7, 0xD1, 0xF0,
  0x33, 0x0A, 0x3F, 0xC4, 0x61, 0xAE, 0x28, 0x21, 0x9F, 0x0A,
  0x28, 0x12, 0xF9, 0x1C, 0xED, 0xDB, 0x0C, 0x01, 0xD0, 0x74,
  0xCA, 0xB5, 0x3C, 0xF6, 0xE7, 0xD3, 0x53, 0x9F, 0xF8, 0xF0,
  0xE8, 0x81, 0xF9, 0x09, 0x04, 0x0B, 0x3F, 0xEF, 0xFB, 0x0A,
  0xE7, 0x10, 0xC7, 0x33, 0xC1, 0x0B, 0x1F, 0xF8, 0x14, 0xB4,
  0xFB, 0x6A, 0x12, 0xF7, 0x14, 0xE8, 0xBD, 0xC1, 0x09, 0x6B,
  0x2A, 0xF1, 0xA1, 0xC7, 0xC4, 0x57, 0x20, 0x61, 0xD9, 0xE6,
  0x05, 0xCB, 0xD8, 0xF5, 0x23, 0xF7, 0x17, 0x2C, 0x3B, 0xEE,
  0x0D, 0xAB, 0x49, 0x1A, 0xF7, 0xC0, 0xF2, 0xF1, 0x1F, 0x42,
  0x00, 0xD1, 0x2F, 0xC1, 0x53, 0xAC, 0xE8, 0x08, 0x7E, 0x16,
  0xF7, 0x28, 0xFC, 0x47, 0xF1, 0xF0, 0x39, 0xE5, 0xDD, 0x1C,
  0x28, 0x18, 0x16, 0xFB, 0xCB, 0x24, 0xC3, 0x13, 0xE9, 0xD4,
  0x1B, 0x03, 0x31, 0xE9, 0x2D, 0xD8, 0xFC, 0xF3, 0x46, 0x10,
  0x2A, 0xFF, 0x4D, 0xFA, 0x1E, 0x21, 0x83, 0x44, 0xED, 0xED,
  0x16, 0x2A, 0xDF, 0x19, 0xEC, 0x01, 0x0D, 0x7A, 0x1C, 0x03,
  0xBA, 0xFF, 0x2B, 0xE3, 0xF6, 0x0A, 0xFF, 0xBF, 0xEE, 0x63,
  0x0F, 0x35, 0xDD, 0x42, 0x11, 0xE4, 0x68, 0x11, 0x84, 0xF2,
  0x30, 0xF3, 0x0A, 0xDF, 0x28, 0x00, 0x0F, 0x2A, 0x1F, 0x76,
  0xDD, 0x14, 0xB3, 0x44, 0x2E, 0xDB, 0xE7, 0xDC, 0x08, 0xD9,
  0x06, 0xA5, 0xFF, 0x14, 0x2A, 0x17, 0x06, 0xDA, 0xD6, 0x34,
  0xCA, 0xC9, 0x1B, 0x06, 0x92, 0xFD, 0x29, 0x35, 0xFE, 0xBF,
  0x08, 0x32, 0xE6, 0xFE, 0x01, 0xCE, 0xEE, 0xAA, 0x0A, 0x5C,
  0x1B, 0x07, 0xC0, 0x23, 0x14, 0x7C, 0x14, 0xC3, 0xE0, 0x54,
  0xF8, 0x44, 0x13, 0x18, 0x32, 0xA3, 0x23, 0x28, 0xBB, 0xFC,
  0x27, 0x0F, 0xC8, 0xA0, 0xFE, 0xCC, 0x33, 0xFC, 0x32, 0x17,
  0x40, 0xBF, 0xC8, 0xC7, 0x20, 0x6C, 0x81, 0x9D, 0xD7, 0xD0,
  0xAB, 0xCA, 0xC8, 0x51, 0x0C, 0x47, 0x19, 0xD9, 0x66, 0xFB,
  0x0F, 0xB1, 0xE3, 0x73, 0xD0, 0xDC, 0x11, 0xCF, 0x56, 0x23,
  0x39, 0x5B, 0xD9, 0x19, 0xF8, 0x3D, 0xCE, 0x3E, 0xF5, 0xEE,
  0xFF, 0x1A, 0x0B, 0x62, 0xE6, 0xEE, 0x0B, 0xEF, 0x14, 0x25,
  0xE8, 0xFB, 0xFB, 0x23, 0x2B, 0x60, 0xEB, 0xA3, 0x17, 0x8C,
  0xE1, 0x29, 0x12, 0x28, 0x9E, 0x05, 0xD2, 0xB4, 0x08, 0x5D,
  0x0A, 0xE2, 0xEA, 0x6D, 0xD6, 0x06, 0x0B, 0x13, 0xDD, 0x01,
  0x3D, 0x7F, 0x22, 0x32, 0xF3, 0xF1, 0xEC, 0x3B, 0x24, 0xED,
  0x3D, 0xBA, 0x53, 0x62, 0xF3, 0xB3, 0xB4, 0xC3, 0xBE, 0xFC,
  0x19, 0x30, 0xF6, 0x1F, 0x2E, 0x00, 0x44, 0x13, 0xD2, 0x7E,
  0x02, 0xFF, 0x02, 0xD2, 0xE9, 0x31, 0xCB, 0x10, 0xE8, 0xE8,
  0xCE, 0x0A, 0x03, 0x02, 0xE5, 0x6E, 0xF1, 0xD5, 0x04, 0x33,
  0xB4, 0x3B, 0x26, 0x24, 0x00, 0xD8, 0x55, 0x26, 0xD6, 0xE4,
  0x0D, 0x27, 0x10, 0x2E, 0xC3, 0x2B, 0x13, 0xEF, 0xB7, 0xD4,
  0x9F, 0x1B, 0x16, 0xC0, 0x27, 0xD4, 0x3A, 0x0A, 0xEF, 0x24,
  0x45, 0xD3, 0xBE, 0x01, 0x34, 0x47, 0x0A, 0xD7, 0x17, 0xC0,
  0xA6, 0x2B, 0xF0, 0x18, 0x3B, 0xFB, 0xF1, 0x09, 0xC6, 0x30,
  0xCC, 0x0F, 0x9A, 0x23, 0xC6, 0xE5, 0xC5, 0x0C, 0x14, 0x1F,
  0xED, 0xFC, 0xFC, 0xDD, 0xBF, 0x07, 0xEE, 0x3F, 0x2A, 0xAF,
  0xE9, 0x17, 0x00, 0xEF, 0x08, 0xFC, 0x1D, 0xF3, 0xF7, 0x1E,
  0x37, 0x2A, 0xAF, 0x0A, 0xAC, 0x35, 0xEE, 0xB7, 0x4C, 0xF3,
  0x35, 0xE7, 0x13, 0x18, 0x1C, 0xE4, 0xF0, 0x26, 0x0D, 0x19,
  0xAF, 0xF5, 0xFB, 0x0C, 0xB0, 0x2A, 0xD2, 0x0A, 0x4F, 0xFF,
  0x03, 0x5A, 0x1E, 0xFC, 0xFD, 0xE2, 0x1D, 0x27, 0x00, 0xDA,
  0x14, 0xC0, 0xDB, 0xF1, 0x31, 0x47, 0x1E, 0xBB, 0xD9, 0xF5,
  0x00, 0xFC, 0xBF, 0x3A, 0xE5, 0x17, 0x1B, 0x11, 0xBF, 0x17,
  0xE8, 0xFC, 0x4B, 0x44, 0xF1, 0x03, 0x04, 0x2C, 0xF8, 0xF4,
  0x1F, 0xBE, 0x3A, 0xC1, 0x04, 0x50, 0x48, 0xC3, 0xC7, 0xF2,
  0x1E, 0xDF, 0x34, 0x33, 0x4A, 0x32, 0x57, 0xFC, 0x1C, 0xF6,
  0xFE, 0xF9, 0x0A, 0xA9, 0xD4, 0xCC, 0x1E, 0x24, 0xA3, 0x0F,
  0xDE, 0x08, 0xF8, 0x8E, 0x34, 0x20, 0xE0, 0x58, 0xD9, 0xCD,
  0x16, 0x1A, 0x1A, 0xED, 0x1A, 0x06, 0xFA, 0x2F, 0xF3, 0x20,
  0x0E, 0xF8, 0x3B, 0x0D, 0x3A, 0x04, 0xDB, 0x08, 0xFE, 0x04,
  0xC1, 0xAF, 0x81, 0x6C, 0xF2, 0x03, 0x3E, 0xE9, 0x17, 0xFA,
  0x2E, 0x15, 0xFC, 0xF5, 0xB4, 0xDA, 0x18, 0x43, 0xC3, 0x02,
  0x2C, 0xBB, 0x47, 0x05, 0x03, 0x3B, 0x09, 0xE3, 0xF1, 0xE5,
  0xB6, 0xE8, 0x8D, 0xFA, 0xBA, 0x62, 0xEC, 0x1B, 0x16, 0xEF,
  0xFF, 0xDE, 0x02, 0x03, 0x12, 0xF9, 0xFA, 0x27, 0xB7, 0x10,
  0x11, 0xB5, 0x03, 0x2B, 0x01, 0x27, 0x47, 0x3B, 0x45, 0xD6,
  0x07, 0x2C, 0xFE, 0x3F, 0xF1, 0xE4, 0xFE, 0x11, 0x29, 0x31,
  0x25, 0xC8, 0x02, 0xFD, 0xD7, 0xDF, 0xF1, 0xDB, 0x24, 0x37,
  0x02, 0x2E, 0x03, 0x81, 0x27, 0x1A, 0x11, 0x0E, 0x01, 0xE0,
  0xDC, 0x05, 0xFF, 0xF0, 0xFF, 0x04, 0x18, 0x20, 0x02, 0x49,
  0xE4, 0xF2, 0xBE, 0x18, 0xFB, 0x3B, 0x28, 0xD3, 0xCE, 0xD2,
  0xD7, 0xD1, 0x33, 0x0B, 0x81, 0x2D, 0x23, 0x12, 0x57, 0x18,
  0x2C, 0x11, 0xCE, 0x0C, 0x44, 0x00, 0xEC, 0xD7, 0xDD, 0x21,
  0xE8, 0x11, 0x07, 0xF6, 0xE5, 0xEF, 0x33, 0xFA, 0x2A, 0xCD,
  0x23, 0xC4, 0xF3, 0xD9, 0x26, 0x37, 0xA3, 0xCD, 0x1D, 0x2A,
  0x28, 0x18, 0x27, 0x09, 0xE6, 0x0F, 0x24, 0xAB, 0x0D, 0x01,
  0x0F, 0x05, 0x3F, 0xE5, 0x1D, 0xFC, 0xEC, 0xC3, 0x00, 0x5B,
  0x37, 0x03, 0x2C, 0xD5, 0xCE, 0xD1, 0x33, 0xFA, 0xFF, 0xCF,
  0x5C, 0x32, 0xFA, 0xFF, 0xE3, 0x08, 0x45, 0x17, 0x19, 0xCC,
  0x27, 0xF8, 0xB7, 0x22, 0x0B, 0x01, 0xEA, 0xD3, 0xF6, 0xAA,
  0x08, 0x0C, 0x1C, 0xF1, 0xF1, 0xB9, 0xEA, 0xCC, 0xED, 0x63,
  0xC4, 0xD5, 0x55, 0xF2, 0x11, 0xF3, 0x2D, 0xF4, 0xBD, 0xE9,
  0x32, 0xF5, 0x5B, 0xC3, 0xD9, 0x10, 0x1F, 0x6B, 0x89, 0xED,
  0xDB, 0x96, 0xD4, 0x03, 0x01, 0x13, 0xC6, 0x5F, 0x16, 0xB4,
  0xB7, 0x22, 0xCF, 0xD9, 0x27, 0x35, 0x0D, 0xF9, 0xEC, 0xFB,
  0xED, 0x2F, 0xD6, 0x61, 0x22, 0x01, 0xD2, 0x03, 0xF4, 0x0C,
  0xBF, 0xE0, 0xF9, 0xF3, 0x4B, 0xE5, 0xE2, 0xDD, 0xF0, 0xE0,
  0xFF, 0x07, 0x23, 0xF5, 0xD7, 0xC0, 0x08, 0x39, 0xCD, 0x47,
  0xE6, 0x2D, 0xBE, 0xF2, 0xFA, 0x0D, 0x30, 0x5C, 0x09, 0x30,
  0xF0, 0x0E, 0x20, 0x28, 0xC7, 0x08, 0x1D, 0x37, 0x18, 0xEC,
  0x06, 0x26, 0xD3, 0xDF, 0xF6, 0x00, 0x0F, 0x49, 0x61, 0x26,
  0x2A, 0x19, 0x4F, 0x39, 0xDF, 0x05, 0xB5, 0xBF, 0xFD, 0xD9,
  0xC9, 0xE5, 0xF6, 0x4D, 0x26, 0xEA, 0xFC, 0xEB, 0x01, 0xBD,
  0xF3, 0x2F, 0xD8, 0x38, 0x12, 0xD6, 0x2D, 0x00, 0xC8, 0x18,
  0x15, 0x12, 0xEB, 0xD8, 0x0A, 0xEA, 0x31, 0xF3, 0xBF, 0x31,
  0xEE, 0xD6, 0xB3, 0xF9, 0x3B, 0x3E, 0xD6, 0xCA, 0x29, 0x9C,
  0x44, 0xC5, 0x07, 0x1E, 0xD3, 0xFA, 0x36, 0xF2, 0x27, 0x41,
  0xD2, 0xE9, 0xEB, 0x05, 0xFC, 0xD8, 0x0C, 0x23, 0x07, 0x2A,
  0x3C, 0x1D, 0x19, 0xF1, 0xBB, 0x03, 0x42, 0x0D, 0x81, 0xBB,
  0xFA, 0xAD, 0x23, 0x14, 0xF9, 0x15, 0x01, 0xD4, 0x3F, 0xE7,
  0x27, 0x13, 0xFE, 0xE8, 0x28, 0x29, 0xDC, 0xF6, 0xD1, 0x3C,
  0xFF, 0xF9, 0x12, 0xDB, 0x24, 0x3C, 0xFB, 0xB2, 0x70, 0x27,
  0xE8, 0xE1, 0xC9, 0xAA, 0x13, 0x11, 0x08, 0x31, 0xED, 0x03,
  0xF4, 0xF9, 0x5E, 0x19, 0x2D, 0x11, 0x39, 0x58, 0xB9, 0x0E,
  0x2C, 0x55, 0x09, 0xA1, 0x09, 0xD6, 0x2C, 0x48, 0x05, 0x96,
  0x43, 0x12, 0x21, 0xB8, 0x07, 0xF0, 0x0E, 0x17, 0x26, 0x00,
  0x91, 0x38, 0xEF, 0xE2, 0x3A, 0x5C, 0x0C, 0x1A, 0xF9, 0x20,
  0xA9, 0x09, 0x1D, 0x2D, 0xBB, 0xB8, 0x0C, 0x08, 0x09, 0x33,
  0x67, 0x03, 0xE5, 0x0F, 0xE0, 0x90, 0xDC, 0x74, 0x1A, 0x00,
  0xFB, 0xFA, 0x99, 0xE5, 0xD8, 0xE8, 0x27, 0x09, 0xF9, 0xE5,
  0xDB, 0x19, 0x26, 0x05, 0x03, 0x24, 0x20, 0xE9, 0xE7, 0xFD,
  0xFD, 0x20, 0x52, 0xDF, 0xA2, 0x08, 0x0E, 0xFA, 0xFD, 0x5B,
  0x17, 0x1C, 0x0A, 0xF3, 0xDA, 0xFC, 0xE7, 0xE1, 0x11, 0xF1,
  0xD5, 0xE5, 0xFD, 0xD0, 0x26, 0xFE, 0x2F, 0xCD, 0x1F, 0xD9,
  0x2F, 0xE0, 0x16, 0x3F, 0xF5, 0x0E, 0x3F, 0x15, 0x29, 0xE2,
  0xC1, 0x07, 0x10, 0xD2, 0xE4, 0xE8, 0x07, 0x13, 0xD1, 0xBF,
  0xED, 0xFC, 0x1E, 0x1B, 0x4B, 0x1E, 0xF6, 0x0F, 0xD1, 0x07,
  0x0E, 0xAB, 0xC9, 0xC6, 0x59, 0x27, 0x3F, 0xD2, 0xCB, 0x52,
  0xE8, 0xB6, 0xE2, 0x0D, 0x30, 0xD5, 0x14, 0xD9, 0x0C, 0x13,
  0x81, 0xAE, 0x4E, 0x1E, 0xF0, 0xFF, 0x0C, 0x28, 0xDC, 0xD3,
  0xEF, 0x1A, 0xCE, 0xEA, 0xCF, 0xCD, 0x29, 0x2D, 0x54, 0x09,
  0xC5, 0xFF, 0x03, 0xEF, 0xE8, 0x14, 0x2C, 0x49, 0x16, 0xCE,
  0xF3, 0xB4, 0xF4, 0xED, 0xB2, 0x0E, 0x25, 0x07, 0x1C, 0xC8,
  0xD3, 0xF9, 0x04, 0xEA, 0x15, 0xEF, 0x0C, 0xDE, 0x12, 0xF0,
  0xFC, 0x42, 0xE8, 0x29, 0xF3, 0xE7, 0xF7, 0x0D, 0x36, 0xDE,
  0xE2, 0xF4, 0xE5, 0xEC, 0xC0, 0xF7, 0xCB, 0x28, 0xD2, 0xEA,
  0x3F, 0x1B, 0xE2, 0xFC, 0x02, 0x1B, 0x16, 0xF5, 0x25, 0xF1,
  0xFD, 0x1B, 0x22, 0x32, 0x08, 0x3E, 0xE1, 0xD6, 0xDE, 0xFF,
  0x46, 0xDC, 0x09, 0xC3, 0xF8, 0xF6, 0x99, 0xDB, 0x09, 0x23,
  0x02, 0xFB, 0x3F, 0x18, 0xD9, 0xFD, 0x07, 0xF7, 0x12, 0xF0,
  0x21, 0xD4, 0x4E, 0x55, 0x23, 0xC1, 0x18, 0x1B, 0xF9, 0x06,
  0xD9, 0x45, 0x38, 0xD1, 0x0E, 0xD1, 0x0A, 0x32, 0xD4, 0xC2,
  0xDC, 0x09, 0xE3, 0x38, 0x12, 0xD1, 0x03, 0x05, 0xA4, 0xED,
  0x16, 0x23, 0xF1, 0xEF, 0x3D, 0x48, 0x53, 0x0D, 0x16, 0x06,
  0x0C, 0xA9, 0xF8, 0xFA, 0x3E, 0xDB, 0xD9, 0x16, 0xE7, 0xAE,
  0xDF, 0xF1, 0x0F, 0x09, 0x00, 0xDB, 0x00, 0x06, 0x2F, 0x06,
  0x0D, 0xEF, 0x09, 0xFD, 0x35, 0x25, 0xDC, 0x28, 0xB0, 0x5A,
  0x4B, 0x0C, 0x2B, 0xDD, 0x95, 0xDA, 0x39, 0xC6, 0xF6, 0x01,
  0x99, 0xF8, 0xEB, 0x07, 0xD0, 0xF8, 0xF2, 0xFD, 0xFB, 0x28,
  0xF0, 0xDC, 0x45, 0xEE, 0x0F, 0xF8, 0xF2, 0xED, 0xFB, 0x1D,
  0x05, 0xF9, 0x0F, 0x7F, 0xED, 0x1D, 0xA0, 0xE4, 0x4C, 0xE1,
  0x0D, 0xE0, 0xB5, 0x04, 0xC4, 0x9C, 0x12, 0x37, 0x16, 0x31,
  0xDE, 0x2D, 0xD4, 0xAE, 0xE8, 0x06, 0x13, 0x05, 0xF7, 0x0D,
  0x39, 0xEE, 0x17, 0xEB, 0xC1, 0x5F, 0xC9, 0xD4, 0x35, 0xD7,
  0x26, 0xEA, 0xE8, 0xB2, 0x40, 0xB0, 0xB4, 0xDA, 0xAC, 0x31,
  0x0F, 0x0D, 0xE0, 0xE0, 0xD9, 0xDB, 0x11, 0x23, 0x41, 0xEF,
  0xD0, 0x1B, 0xCF, 0xD5, 0x12, 0xFA, 0xEC, 0xDE, 0xB4, 0xF3,
  0x2D, 0xBC, 0x03, 0xBC, 0x21, 0xB3, 0x13, 0xEE, 0xE9, 0x29,
  0xB5, 0xEE, 0x5D, 0xCD, 0x11, 0xD1, 0xFB, 0xB4, 0xEC, 0x10,
  0x2E, 0xC9, 0x0D, 0xFE, 0xC3, 0x0B, 0x0E, 0x21, 0x0E, 0x1D,
  0x07, 0xEE, 0x1B, 0x21, 0xEC, 0xBE, 0xFE, 0xBB, 0x02, 0x21,
  0x17, 0x3B, 0xE4, 0x09, 0x5C, 0xEB, 0xD5, 0x02, 0x0F, 0xFB,
  0xF9, 0x06, 0x06, 0xED, 0x0A, 0x15, 0xB6, 0x20, 0xE7, 0xFD,
  0x34, 0xFA, 0x33, 0x12, 0x2C, 0x04, 0xF7, 0xDF, 0xBD, 0xE8,
  0xEB, 0x44, 0x0B, 0xFD, 0xF1, 0x1A, 0x36, 0xE2, 0xE7, 0x37,
  0x09, 0xFA, 0x9D, 0xD4, 0x0C, 0x0F, 0x0B, 0x19, 0xE6, 0x2B,
  0xAE, 0xE5, 0x15, 0x17, 0x0A, 0x0A, 0x01, 0xFA, 0x37, 0x10,
  0xC5, 0xE4, 0xE8, 0x28, 0xFD, 0xF7, 0x20, 0xCF, 0x36, 0xEF,
  0x20, 0xEE, 0x36, 0x08, 0xEE, 0xC7, 0xE0, 0x12, 0xBF, 0x01,
  0x0F, 0x0D, 0x1E, 0x1A, 0xDD, 0xE2, 0x41, 0x52, 0x0B, 0xD7,
  0xEE, 0x17, 0x03, 0x13, 0x6B, 0x1A, 0xF9, 0xDC, 0xBD, 0xF6,
  0x06, 0x03, 0x07, 0x18, 0x15, 0xFB, 0x13, 0xE1, 0xD3, 0xFD,
  0x33, 0xFC, 0xBE, 0xCD, 0x15, 0xDA, 0x44, 0xE5, 0x55, 0x11,
  0x18, 0xFF, 0xC0, 0x0C, 0xFB, 0xB0, 0x19, 0x18, 0xF4, 0x12,
  0xBE, 0x19, 0xEE, 0x32, 0x31, 0x64, 0xE5, 0xF1, 0xF2, 0x14,
  0x01, 0x37, 0xE5, 0x11, 0xC4, 0xFB, 0xF6, 0x2F, 0xF3, 0xD8,
  0x24, 0xF8, 0x02, 0x16, 0xF6, 0xD7, 0xF8, 0xB6, 0xEA, 0xD5,
  0xE2, 0xFA, 0x08, 0xE2, 0x0E, 0x5D, 0x4F, 0x25, 0x0E, 0xEA,
  0x04, 0x0C, 0xFF, 0x00, 0x09, 0xD6, 0xEA, 0x1C, 0xED, 0xFA,
  0x29, 0xA6, 0xD0, 0x02, 0xCB, 0x12, 0x0A, 0xCC, 0x11, 0xDE,
  0xCD, 0xDF, 0xE3, 0xE9, 0xE5, 0xE1, 0x08, 0x06, 0xF6, 0x15,
  0x29, 0xFF, 0x32, 0xF0, 0x04, 0x2A, 0xC6, 0xF8, 0x3E, 0x39,
  0xFD, 0x2A, 0xDA, 0xEB, 0xFA, 0xE5, 0xCC, 0x0F, 0x58, 0xE8,
  0x3B, 0x26, 0x2D, 0x05, 0xFA, 0x05, 0xF3, 0xF3, 0x0F, 0x07,
  0xEF, 0x0E, 0x1D, 0x25, 0x0A, 0x94, 0xF4, 0x03, 0xB0, 0x46,
  0x22, 0xFC, 0x0E, 0x32, 0xF2, 0xEA, 0x03, 0x0A, 0x2D, 0x14,
  0xE9, 0xF9, 0xEC, 0xF4, 0x72, 0x1F, 0xED, 0xD2, 0xDD, 0xFE,
  0x06, 0xE0, 0x11, 0xD8, 0xFA, 0xF5, 0xC3, 0xCB, 0x26, 0x1A,
  0x18, 0x32, 0xF5, 0xBD, 0x47, 0x36, 0xD8, 0xDD, 0x49, 0x47,
  0x21, 0xFE, 0x81, 0x17, 0xEE, 0xCF, 0x5C, 0x2A, 0x0B, 0xC8,
  0xCC, 0xD6, 0xD8, 0xF2, 0x05, 0xDB, 0x1A, 0x37, 0xC8, 0xB1,
  0xE8, 0x05, 0xB9, 0x4F, 0x0F, 0xDA, 0xF0, 0xC7, 0xBF, 0xEA,
  0x17, 0x31, 0x28, 0x06, 0x04, 0xC9, 0x32, 0x16, 0x1B, 0xC8,
  0x1B, 0x05, 0xF1, 0x1F, 0xC9, 0x06, 0xB1, 0x0A, 0x2A, 0x56,
  0xE6, 0xB6, 0xFA, 0x35, 0x1D, 0xFF, 0x20, 0x81, 0xF5, 0x55,
  0x21, 0xB0, 0x24, 0x3B, 0xED, 0xFD, 0xC5, 0x48, 0xE2, 0xA1,
  0x25, 0x29, 0x08, 0x08, 0xD9, 0xFC, 0x0A, 0x2C, 0x59, 0x3E,
  0x4A, 0x30, 0xE3, 0xF9, 0xF2, 0x09, 0x6C, 0xDC, 0xFD, 0xCF,
  0x07, 0x10, 0x08, 0xD6, 0x41, 0x04, 0x03, 0xD2, 0xC3, 0x45,
  0xF6, 0xAF, 0x27, 0xFA, 0xE7, 0x0C, 0x0F, 0x39, 0x03, 0x12,
  0x71, 0x0E, 0x35, 0xF9, 0x00, 0x34, 0xE3, 0xE5, 0xF3, 0x91,
  0xFA, 0xF5, 0x0F, 0xE6, 0x06, 0xBD, 0xF0, 0x4F, 0xF3, 0xAB,
  0x01, 0x03, 0x06, 0xAC, 0xCD, 0x2A, 0xBC, 0xE6, 0xBB, 0x13,
  0xC7, 0xE8, 0x47, 0xEF, 0x41, 0xEA, 0xF7, 0xF7, 0x05, 0xFF,
  0xE6, 0x11, 0x03, 0x0F, 0xEB, 0xE2, 0x07, 0xD7, 0xEA, 0x2B,
  0xC2, 0xE2, 0x4E, 0xBF, 0x2E, 0xED, 0xC5, 0xE1, 0xE6, 0x1E,
  0xFB, 0xE2, 0xDC, 0xF3, 0xF2, 0x1C, 0x1B, 0x4C, 0x0D, 0x9B,
  0xFB, 0xDD, 0xD8, 0x1B, 0xE0, 0x43, 0x27, 0x41, 0x12, 0x1C,
  0xF1, 0x32, 0xED, 0x18, 0x40, 0xC4, 0x1E, 0xE7, 0x0C, 0x3E,
  0xF9, 0xC8, 0xEB, 0xF8, 0x61, 0x3F, 0x11, 0x32, 0x02, 0x53,
  0xD2, 0xC2, 0x06, 0x1D, 0x21, 0x4A, 0xE6, 0xCF, 0x30, 0x47,
  0x04, 0xCE, 0x59, 0x22, 0xF5, 0x07, 0xC8, 0x0A, 0x1D, 0x02,
  0x37, 0x3F, 0xEA, 0xB4, 0x25, 0xD9, 0xC5, 0x32, 0x1B, 0xCF,
  0x02, 0x42, 0x0C, 0x47, 0x1B, 0x17, 0x43, 0x1A, 0xD6, 0xCD,
  0xAD, 0x8C, 0x24, 0xAB, 0x48, 0x20, 0xD5, 0xDF, 0x19, 0xCD,
  0x11, 0x34, 0x43, 0x13, 0x11, 0xFE, 0xEA, 0x3F, 0xFD, 0x4A,
  0x0A, 0xD8, 0xC0, 0x1C, 0x2C, 0x16, 0x1E, 0xE6, 0xE5, 0x5F,
  0xBA, 0x03, 0xD1, 0x1D, 0x08, 0x72, 0x29, 0x43, 0x20, 0xFB,
  0x3E, 0xE7, 0x0E, 0x0E, 0xF0, 0x33, 0xAB, 0x18, 0x24, 0x28,
  0x20, 0x5D, 0xEB, 0x39, 0xF1, 0xF0, 0x17, 0xF7, 0xD5, 0xC4,
  0x57, 0x33, 0xAE, 0xA6, 0xAD, 0x1E, 0xE3, 0x6C, 0x04, 0x2C,
  0x02, 0xE9, 0x18, 0xEF, 0xF9, 0xFB, 0xE1, 0xDD, 0x39, 0xE0,
  0x0B, 0x01, 0x1F, 0xF8, 0xC6, 0x33, 0xE3, 0x23, 0xDE, 0x0C,
  0x35, 0x1B, 0xF9, 0x0C, 0x0A, 0xAC, 0xC8, 0xE6, 0xFB, 0x1C,
  0xF9, 0x02, 0x45, 0xB1, 0x17, 0x5A, 0xFD, 0x14, 0x33, 0xE8,
  0x4A, 0xF6, 0xE4, 0x25, 0x46, 0x20, 0xD9, 0xC8, 0xE8, 0x1E,
  0xF6, 0x49, 0xD4, 0x10, 0xE5, 0x02, 0x05, 0x40, 0xCB, 0xA4,
  0x5B, 0x4E, 0x27, 0x6F, 0x5E, 0xD0, 0xBD, 0x1D, 0x0C, 0x07,
  0xAC, 0x2E, 0x1D, 0x48, 0xC7, 0x15, 0x64, 0x7F, 0xCA, 0x19,
  0xC2, 0xFF, 0x20, 0xD1, 0xD5, 0xC5, 0x24, 0x1C, 0xC9, 0xF5,
  0xF1, 0x49, 0x48, 0x5C, 0x3C, 0xFE, 0x67, 0xCB, 0x27, 0xFC,
  0x3C, 0x00, 0xA9, 0x16, 0xDC, 0x22, 0x42, 0xF9, 0x4E, 0x34,
  0x06, 0x26, 0x23, 0x57, 0xFE, 0xD8, 0x3E, 0x08, 0x3A, 0x02,
  0xC0, 0xFB, 0x09, 0xEC, 0xE2, 0x27, 0x3F, 0x3A, 0xDA, 0xF2,
  0x3F, 0x7D, 0x0F, 0x16, 0xF5, 0x4E, 0x2A, 0xFC, 0x6F, 0x2C,
  0xDB, 0xFC, 0x1D, 0xE8, 0x0E, 0x2B, 0xD1, 0x24, 0xCF, 0xE0,
  0x31, 0xCF, 0x06, 0xE6, 0x1E, 0xBB, 0x13, 0xB2, 0xD3, 0xFC,
  0x02, 0x04, 0xC1, 0x34, 0xBA, 0x52, 0x32, 0x05, 0x49, 0x81,
  0x20, 0xB8, 0xF8, 0xF0, 0x4D, 0x15, 0x0A, 0xBF, 0xC8, 0x12,
  0x00, 0x12, 0x3C, 0x1B, 0x8B, 0xF2, 0xDF, 0xEC, 0xF1, 0xCB,
  0xC6, 0x0C, 0x04, 0x05, 0xCB, 0x33, 0xA9, 0x07, 0xAE, 0x34,
  0x0E, 0x1D, 0xE5, 0xD1, 0x36, 0xE5, 0xE6, 0x41, 0x1E, 0xDE,
  0x13, 0x11, 0x08, 0x0C, 0x05, 0x4D, 0xBB, 0x33, 0xB4, 0xF9,
  0xEC, 0xE2, 0xDA, 0x08, 0x2E, 0xD9, 0x17, 0xDE, 0xD8, 0xDB,
  0xB9, 0x5F, 0x12, 0x19, 0x2C, 0xFE, 0x12, 0x52, 0xCB, 0x3F,
  0xDB, 0x0B, 0x43, 0x43, 0x01, 0x2C, 0x27, 0xFB, 0x24, 0x36,
  0xBB, 0x22, 0x2D, 0x45, 0x30, 0x59, 0x00, 0x60, 0x3B, 0x1C,
  0x3B, 0x02, 0x58, 0x03, 0x09, 0x05, 0x21, 0xE5, 0xF7, 0xF7,
  0xBD, 0x32, 0x12, 0x10, 0x30, 0x0A, 0x09, 0xFB, 0xEB, 0xD4,
  0xE8, 0x0F, 0xD0, 0x45, 0x3C, 0xFE, 0xFB, 0xE4, 0xFC, 0x1F,
  0x0A, 0xD3, 0x0E, 0x2D, 0x4E, 0x00, 0xD7, 0xE6, 0x41, 0xF2,
  0xF9, 0x30, 0xFE, 0xED, 0xCA, 0xF1, 0x10, 0xEC, 0x14, 0x12,
  0x24, 0xB2, 0xD9, 0xFF, 0x3C, 0xCF, 0x41, 0xCA, 0x2A, 0x0C,
  0xE6, 0x17, 0x0F, 0xD4, 0x09, 0x3F, 0x01, 0xDA, 0x39, 0xD3,
  0x55, 0x83, 0xED, 0xE0, 0xEF, 0xB7, 0x29, 0xDC, 0xF6, 0x02,
  0xF0, 0xDE, 0xDB, 0xF6, 0x87, 0xFC, 0x12, 0xAB, 0x01, 0xBF,
  0xE8, 0x08, 0x14, 0xF2, 0x0F, 0x0A, 0xD0, 0xE2, 0xC9, 0x0B,
  0x13, 0x03, 0xC3, 0xEC, 0x2B, 0x1C, 0xBC, 0xCE, 0xF3, 0xD8,
  0xFB, 0xE8, 0x1A, 0x11, 0x4E, 0x3D, 0xA3, 0xFF, 0x14, 0x09,
  0x06, 0x1A, 0xB9, 0x16, 0x1F, 0x32, 0xDE, 0x19, 0xB3, 0xCE,
  0x1D, 0x21, 0x26, 0xFA, 0xEB, 0xF6, 0x16, 0xF9, 0x0A, 0x1B,
  0x2E, 0x01, 0xFC, 0xCE, 0xC5, 0x12, 0x1C, 0x37, 0xB9, 0xD8,
  0x11, 0xE0, 0xFA, 0xB5, 0xF9, 0xF9, 0x29, 0xCD, 0xFB, 0x44,
  0xCE, 0xDF, 0xBB, 0x2F, 0xEE, 0xD7, 0x08, 0x19, 0xEB, 0x1F,
  0x00, 0x44, 0xC6, 0xF7, 0x3E, 0xF7, 0x11, 0x12, 0x33, 0xFE,
  0xFB, 0x36, 0xE3, 0x2A, 0x23, 0x3A, 0x26, 0x35, 0xF7, 0x21,
  0x24, 0x42, 0x37, 0x00, 0xF5, 0xF9, 0xFD, 0x16, 0x2F, 0xFA,
  0x18, 0x19, 0x0A, 0x2D, 0x13, 0x19, 0xEF, 0x0A, 0x0D, 0x16,
  0x2B, 0x14, 0xD2, 0x12, 0x17, 0xF6, 0x22, 0xE7, 0xDE, 0x1F,
  0xFA, 0x23, 0xF2, 0x29, 0x22, 0x05, 0xF6, 0x3B, 0xFF, 0xDD,
  0xD1, 0x14, 0x12, 0x64, 0xF6, 0x16, 0x0A, 0xFC, 0x0C, 0xDD,
  0xF2, 0xF5, 0x02, 0xB9, 0xE1, 0x02, 0x01, 0x2E, 0x58, 0xDF,
  0x1E, 0xF6, 0xCE, 0xF7, 0x0B, 0x15, 0x14, 0x31, 0x09, 0x15,
  0x11, 0xE1, 0x48, 0xDA, 0xE0, 0x04, 0xF4, 0xC0, 0xF2, 0x1A,
  0x05, 0x15, 0x14, 0xFC, 0xE3, 0xFD, 0xA6, 0xE4, 0x18, 0xE2,
  0x08, 0xE8, 0xFB, 0x2C, 0xE2, 0x20, 0x23, 0x29, 0x44, 0xEB,
  0x0F, 0x14, 0xFB, 0xE0, 0xF0, 0xF5, 0x2C, 0x0E, 0xF0, 0xBD,
  0x07, 0xF3, 0xF8, 0xE3, 0xE8, 0xFF, 0x05, 0x2D, 0xD4, 0xF7,
  0xC1, 0xD8, 0xEC, 0xAF, 0xF6, 0x14, 0xEF, 0x81, 0x1F, 0xDF,
  0x28, 0xEE, 0xB2, 0x35, 0xFC, 0xE5, 0x06, 0xFF, 0xD1, 0x42,
  0xD5, 0x23, 0xD3, 0xDA, 0xEF, 0x56, 0x07, 0x1F, 0x09, 0x18,
  0xC8, 0xDA, 0x20, 0x1F, 0xF7, 0x31, 0x1E, 0x33, 0xE8, 0x44,
  0x07, 0xBD, 0x0C, 0x09, 0x38, 0x17, 0xEB, 0x2A, 0xCA, 0x05,
  0xFA, 0x39, 0x8B, 0x12, 0x48, 0x1C, 0xF1, 0xE7, 0xBF, 0x17,
  0x1A, 0x24, 0xC1, 0x29, 0x2E, 0x17, 0x12, 0xC9, 0x1C, 0xFB,
  0xE4, 0xC5, 0xF1, 0xFF, 0x26, 0x4D, 0x2C, 0xCD, 0x0C, 0xA7,
  0xD4, 0xC8, 0xED, 0xDE, 0x08, 0xAB, 0x02, 0x0A, 0xD0, 0xDF,
  0xDB, 0xD9, 0x35, 0xF4, 0xB4, 0xE8, 0xE5, 0x17, 0x0F, 0xDC,
  0x10, 0x4E, 0x1A, 0xF9, 0xF5, 0x54, 0x19, 0x32, 0x66, 0xE9,
  0x13, 0xE8, 0xEE, 0xEA, 0x26, 0xD1, 0xFA, 0xA3, 0xF4, 0xCE,
  0xCF, 0xFC, 0x0D, 0xBC, 0x31, 0x42, 0xCE, 0xF7, 0xD7, 0x01,
  0xBE, 0xB8, 0xCD, 0x23, 0x30, 0x98, 0x24, 0xD9, 0xE0, 0xF2,
  0xDD, 0x4C, 0xEC, 0xB6, 0xD9, 0xDE, 0x0E, 0x4C, 0xEF, 0x20,
  0x4C, 0xED, 0xF9, 0x18, 0xD6, 0x2F, 0x35, 0x2F, 0x2C, 0xED,
  0xC5, 0x9B, 0xF2, 0x15, 0x0D, 0x49, 0x2C, 0xCC, 0x0D, 0x2B,
  0xDD, 0xDB, 0xE6, 0xFE, 0x6A, 0x11, 0xEF, 0xC5, 0x10, 0x38,
  0x46, 0xF7, 0xDA, 0xC4, 0x2E, 0x36, 0xE6, 0x1A, 0x0C, 0x10,
  0xEE, 0xFA, 0xE6, 0x3C, 0x4F, 0xF7, 0xF5, 0x24, 0xFA, 0xF4,
  0xE4, 0xDA, 0x3C, 0xF3, 0x1E, 0x22, 0xE8, 0x38, 0xCB, 0x26,
  0xCE, 0x20, 0xD7, 0x6B, 0x0C, 0x01, 0x42, 0xE3, 0xE5, 0xC2,
  0x42, 0x02, 0xFB, 0x3A, 0x0B, 0x16, 0x21, 0xDC, 0xEC, 0x2F,
  0xDD, 0xDE, 0xD5, 0x34, 0xFC, 0x27, 0xB6, 0x7F, 0x0D, 0xA7,
  0x24, 0x26, 0xBD, 0x18, 0x22, 0x5A, 0xD2, 0x29, 0x11, 0x25,
  0x0B, 0xEC, 0x12, 0xD3, 0x08, 0x29, 0xF4, 0xBC, 0x0D, 0x0E,
  0x0C, 0x12, 0xF9, 0xE0, 0xF8, 0x0D, 0x67, 0x11, 0x44, 0xEA,
  0xCD, 0x2A, 0x34, 0xF9, 0xFA, 0xE7, 0x3A, 0xEF, 0xBD, 0xDB,
  0x14, 0xDA, 0x0C, 0xE3, 0xFF, 0xFA, 0x2D, 0xDD, 0xF5, 0x23,
  0x05, 0x32, 0x53, 0xF1, 0x10, 0xFC, 0xE9, 0x44, 0x62, 0x09,
  0xE9, 0xDD, 0xC8, 0xEE, 0x23, 0xE9, 0xEB, 0x16, 0x12, 0xEE,
  0x05, 0xF9, 0x09, 0xDF, 0x05, 0x15, 0x28, 0xF0, 0x21, 0xE6,
  0xFD, 0x45, 0xF5, 0x16, 0xF6, 0x81, 0x0F, 0x28, 0x10, 0x13,
  0x1D, 0xF0, 0xEA, 0x0C, 0xE7, 0x16, 0x2A, 0x02, 0xE2, 0xFC,
  0x13, 0xF6, 0x2A, 0x17, 0x1A, 0xD2, 0x1A, 0xD9, 0xE0, 0x20,
  0x09, 0xEE, 0xEB, 0x04, 0xF0, 0x05, 0x2E, 0x10, 0xDB, 0x00,
  0xF4, 0x0B, 0x07, 0xE1, 0x61, 0x19, 0x0A, 0xFC, 0x26, 0xD2,
  0xBA, 0xEB, 0xF8, 0x1F, 0x3A, 0xFE, 0xF3, 0xC7, 0x3D, 0xF6,
  0xED, 0xE2, 0xB1, 0xE6, 0x92, 0x05, 0x0C, 0x29, 0x35, 0x42,
  0x15, 0xB4, 0xFF, 0x24, 0x08, 0x17, 0x24, 0x14, 0xEF, 0xE3,
  0x0D, 0xDF, 0xF8, 0x61, 0x40, 0xDE, 0x41, 0xEB, 0x47, 0x28,
  0xF4, 0xED, 0x0B, 0xD0, 0xBB, 0xF7, 0xB1, 0x07, 0x10, 0x25,
  0xD9, 0x0B, 0x30, 0xE9, 0xF5, 0x09, 0xB8, 0xEE, 0x15, 0x40,
  0xF4, 0xDC, 0xED, 0xF8, 0xD7, 0xD7, 0x2F, 0xF1, 0x0D, 0x20,
  0x60, 0xF6, 0x21, 0x08, 0x45, 0xC6, 0x09, 0xF9, 0xD9, 0xD3,
  0xFB, 0x4B, 0xA8, 0xE2, 0xF8, 0xC1, 0x2C, 0xD1, 0xD2, 0xE3,
  0x0E, 0xF0, 0x65, 0xFB, 0xF1, 0x33, 0xCA, 0xF2, 0x17, 0x17,
  0x78, 0xE4, 0xFF, 0xFF, 0x7C, 0xE4, 0xFF, 0xFF, 0xFA, 0xFB,
  0xFF, 0xFF, 0x04, 0x00, 0x00, 0x00, 0x80, 0x00, 0x00, 0x00,
  0x7E, 0xFA, 0xFF, 0xFF, 0x0C, 0xFB, 0xFF, 0xFF, 0x77, 0xF8,
  0xFF, 0xFF, 0x67, 0xF9, 0xFF, 0xFF, 0x81, 0xFF, 0xFF, 0xFF,
  0xB9, 0xFC, 0xFF, 0xFF, 0x8C, 0xF4, 0xFF, 0xFF, 0xC7, 0xFA,
  0xFF, 0xFF, 0xBC, 0xFB, 0xFF, 0xFF, 0xB7, 0xF7, 0xFF, 0xFF,
  0xF4, 0xFB, 0xFF, 0xFF, 0x42, 0xF6, 0xFF, 0xFF, 0x1C, 0xFD,
  0xFF, 0xFF, 0x5E, 0xF7, 0xFF, 0xFF, 0x54, 0x00, 0x00, 0x00,
  0x05, 0xF5, 0xFF, 0xFF, 0x00, 0xF7, 0xFF, 0xFF, 0x55, 0xFF,
  0xFF, 0xFF, 0xBD, 0xFE, 0xFF, 0xFF, 0xAC, 0xFE, 0xFF, 0xFF,
  0x17, 0xF0, 0xFF, 0xFF, 0xD9, 0xFD, 0xFF, 0xFF, 0x75, 0xFB,
  0xFF, 0xFF, 0xD5, 0xF3, 0xFF, 0xFF, 0x07, 0xFE, 0xFF, 0xFF,
  0x5A, 0xEC, 0xFF, 0xFF, 0xCD, 0xF5, 0xFF, 0xFF, 0x37, 0x00,
  0x00, 0x00, 0x49, 0xFC, 0xFF, 0xFF, 0xBE, 0xFD, 0xFF, 0xFF,
  0x09, 0xFC, 0xFF, 0xFF, 0xAF, 0xF6, 0xFF, 0xFF, 0x86, 0xFC,
  0xFF, 0xFF, 0x04, 0x00, 0x00, 0x00, 0xA0, 0x02, 0x00, 0x00,
  0x54, 0xA9, 0x02, 0x29, 0xF5, 0xF2, 0x00, 0xFD, 0x3D, 0x25,
  0x03, 0x4E, 0x17, 0xE7, 0x33, 0x91, 0x7F, 0xDB, 0xD7, 0xE5,
  0x3A, 0x04, 0x07, 0x22, 0x65, 0xE1, 0x26, 0x10, 0xEC, 0x0B,
  0x10, 0x36, 0xFE, 0xDF, 0xA3, 0xA7, 0x24, 0x7F, 0x02, 0xA7,
  0xC5, 0xFF, 0xC1, 0xF5, 0xF3, 0xE9, 0x12, 0xDF, 0x79, 0x02,
  0x19, 0x62, 0x09, 0x21, 0xBE, 0x50, 0x00, 0xCA, 0xF4, 0x3A,
  0xAC, 0x81, 0xF4, 0x2B, 0x8C, 0x44, 0xDB, 0xDA, 0x0D, 0x08,
  0x3B, 0xF8, 0xE2, 0xEC, 0xD2, 0xD6, 0xF7, 0xFD, 0x2E, 0x3B,
  0x40, 0xC2, 0xAE, 0x7F, 0xCC, 0x63, 0x69, 0x29, 0x3A, 0x7F,
  0xDC, 0x0E, 0x22, 0x3E, 0xEB, 0xE3, 0x52, 0x28, 0x3E, 0xFE,
  0xBB, 0x5A, 0x02, 0xC3, 0x2B, 0x0F, 0xCC, 0x2C, 0x3A, 0x16,
  0xD1, 0xE8, 0xE4, 0xF5, 0xDF, 0xD0, 0x18, 0x0B, 0x10, 0x27,
  0x1F, 0xA1, 0xF1, 0xBE, 0x7F, 0x18, 0x3A, 0x50, 0x45, 0x26,
  0xDC, 0x08, 0x2F, 0xD3, 0x3A, 0x15, 0x81, 0xCE, 0xCD, 0xE7,
  0xD8, 0xD7, 0x2A, 0xEF, 0x00, 0x24, 0x32, 0xF7, 0x30, 0x3D,
  0xCE, 0xEE, 0x0C, 0x3D, 0x13, 0x04, 0x13, 0x7F, 0xE4, 0xE7,
  0x30, 0x93, 0x49, 0x62, 0xFC, 0x0C, 0xFC, 0xE4, 0xF9, 0xE1,
  0x2D, 0xCF, 0xC4, 0x0D, 0xE8, 0x24, 0xA9, 0x33, 0x7F, 0xE2,
  0x2D, 0xAF, 0x30, 0xE1, 0xED, 0x0E, 0xFA, 0x3A, 0x1E, 0x25,
  0x3F, 0xCF, 0x4D, 0x3E, 0x19, 0x36, 0x11, 0x26, 0xFC, 0xDE,
  0xF8, 0xE9, 0xDF, 0x8C, 0x46, 0x00, 0x81, 0xE0, 0x59, 0xAC,
  0xF2, 0x29, 0x05, 0xC0, 0x5A, 0xEE, 0xD9, 0x31, 0x12, 0xAF,
  0x7F, 0x47, 0xD5, 0x72, 0x3E, 0xFD, 0x7E, 0xCE, 0xA8, 0x16,
  0xCE, 0xE2, 0xCE, 0xBF, 0xAC, 0xD8, 0x16, 0x2D, 0xBF, 0x51,
  0x52, 0xA0, 0xFD, 0x20, 0xA9, 0x7F, 0xC1, 0x55, 0x47, 0xE5,
  0x69, 0xE3, 0x46, 0x73, 0x54, 0x12, 0xDC, 0x15, 0xCF, 0xD1,
  0x19, 0xED, 0xC0, 0x2E, 0x28, 0xB3, 0x1E, 0x48, 0x10, 0x14,
  0x1B, 0x7F, 0xE8, 0xF9, 0xBE, 0x1D, 0xFE, 0xE6, 0x04, 0xBF,
  0x7F, 0xFB, 0xF3, 0x1F, 0xF0, 0xF8, 0x83, 0xD1, 0x78, 0x78,
  0x42, 0xC6, 0x1F, 0x4A, 0xC2, 0x1C, 0xBD, 0xF1, 0x46, 0xC2,
  0xAF, 0xAA, 0x86, 0x24, 0x2C, 0xB4, 0x3F, 0xCC, 0xB6, 0xEF,
  0x10, 0x61, 0x63, 0x24, 0x7F, 0x43, 0xFF, 0x22, 0x19, 0x43,
  0x1B, 0x00, 0x17, 0x31, 0x19, 0x5A, 0x34, 0xC2, 0x81, 0x23,
  0xE9, 0x16, 0xF5, 0xAD, 0xEA, 0xD8, 0xD5, 0xE9, 0xF0, 0x12,
  0x63, 0x1A, 0xD5, 0x56, 0xF6, 0x8E, 0x81, 0x85, 0xC9, 0x21,
  0xAB, 0x29, 0x4C, 0xEB, 0xD3, 0x0D, 0xE0, 0xD4, 0x35, 0x7F,
  0x22, 0xFE, 0x10, 0x1C, 0xFA, 0x3C, 0xD7, 0xF2, 0x0F, 0xFE,
  0x10, 0xD3, 0x00, 0xF1, 0xB9, 0x25, 0xDC, 0x9C, 0x06, 0x48,
  0xF1, 0xF6, 0x2C, 0xF7, 0x0F, 0xE0, 0x08, 0x47, 0xDE, 0xED,
  0xD2, 0xE5, 0x43, 0xF5, 0x33, 0x8F, 0x95, 0x7F, 0xC6, 0xA6,
  0x0B, 0xCC, 0xD0, 0x55, 0xDC, 0xC3, 0x7F, 0x2C, 0x3B, 0x45,
  0x1F, 0xE3, 0xAF, 0x36, 0x2F, 0x30, 0xFC, 0x2F, 0xDF, 0x00,
  0x9A, 0xB4, 0xF3, 0x7F, 0xFC, 0x22, 0x98, 0x46, 0x00, 0x4C,
  0x2C, 0x10, 0x2B, 0x42, 0xDC, 0xA7, 0xBF, 0x06, 0x61, 0xAD,
  0xE9, 0x41, 0xB7, 0xF7, 0xB5, 0x02, 0x6A, 0x0F, 0x35, 0x1F,
  0xF7, 0xD7, 0xDC, 0xD4, 0x54, 0xA7, 0x54, 0xD8, 0xCD, 0x1B,
  0x7F, 0xF2, 0x3B, 0x5E, 0xF7, 0xAD, 0x35, 0xAC, 0xFF, 0xEA,
  0x50, 0xFB, 0x81, 0x1B, 0xF1, 0x05, 0x35, 0x2F, 0x4B, 0x2B,
  0x23, 0xBB, 0x17, 0xE7, 0x39, 0x2F, 0xE8, 0x7F, 0xF2, 0xBA,
  0x51, 0xE1, 0x3E, 0xE6, 0xD4, 0xE0, 0xB2, 0xFC, 0x03, 0xE6,
  0x04, 0xD7, 0xD1, 0xC0, 0x53, 0xEA, 0x7F, 0x06, 0x99, 0xF2,
  0x0E, 0x67, 0x31, 0x5B, 0xB6, 0x1B, 0xDF, 0x19, 0xC8, 0xF7,
  0x33, 0xFB, 0x8D, 0x6C, 0xB3, 0xCE, 0xAB, 0xCF, 0xD7, 0xEF,
  0xCB, 0xBF, 0xD5, 0x0D, 0xD1, 0x2E, 0xD3, 0x09, 0x02, 0x95,
  0x4E, 0x0B, 0x81, 0x1F, 0x6A, 0x98, 0xF5, 0xD3, 0x39, 0x81,
  0xB7, 0xE9, 0x0C, 0x27, 0x3B, 0x2D, 0x01, 0x0F, 0xFC, 0x6C,
  0xE4, 0x1A, 0x08, 0x07, 0x21, 0xDA, 0x16, 0xFA, 0xFE, 0x3E,
  0x3E, 0xBE, 0xCE, 0xF2, 0x31, 0xEB, 0x74, 0x70, 0x3D, 0x27,
  0xB1, 0x73, 0x81, 0xC8, 0x44, 0x1D, 0xD1, 0xCF, 0x0D, 0x54,
  0x33, 0x7F, 0x3A, 0xF7, 0x31, 0x13, 0xB4, 0x57, 0xFA, 0xCC,
  0xC6, 0x34, 0xF3, 0x34, 0x30, 0x3D, 0x01, 0x3D, 0xEF, 0xC0,
  0x0E, 0xC7, 0xF0, 0x81, 0xF3, 0xCD, 0xA2, 0x22, 0x24, 0x1C,
  0x48, 0xCE, 0x1E, 0xD9, 0x65, 0x32, 0x25, 0x3A, 0x1D, 0xFE,
  0xE9, 0xC7, 0x31, 0x5B, 0x31, 0xE8, 0x4C, 0x7F, 0xFF, 0xF9,
  0x1F, 0x07, 0xE4, 0x13, 0x3B, 0xC2, 0xFD, 0xF2, 0xFE, 0x18,
  0xCA, 0x2A, 0x35, 0x00, 0xD4, 0x23, 0xDF, 0xCC, 0x48, 0xDE,
  0x15, 0xDE, 0x22, 0x4E, 0xD3, 0x06, 0x2B, 0x81, 0x9B, 0xBC,
  0x03, 0xE9, 0xB8, 0xE7, 0xFF, 0xFF, 0x36, 0xFF, 0xFF, 0xFF,
  0x04, 0x00, 0x00, 0x00, 0x10, 0x00, 0x00, 0x00, 0x01, 0x00,
  0x00, 0x00, 0x64, 0x00, 0x00, 0x00, 0x01, 0x00, 0x00, 0x00,
  0x03, 0x00, 0x00, 0x00, 0x52, 0xFF, 0xFF, 0xFF, 0x04, 0x00,
  0x00, 0x00, 0x08, 0x00, 0x00, 0x00, 0x01, 0x00, 0x00, 0x00,
  0x02, 0x00, 0x00, 0x00, 0xEC, 0xE7, 0xFF, 0xFF, 0xF0, 0xE7,
  0xFF, 0xFF, 0x0F, 0x00, 0x00, 0x00, 0x4D, 0x4C, 0x49, 0x52,
  0x20, 0x43, 0x6F, 0x6E, 0x76, 0x65, 0x72, 0x74, 0x65, 0x64,
  0x2E, 0x00, 0x01, 0x00, 0x00, 0x00, 0x14, 0x00, 0x00, 0x00,
  0x00, 0x00, 0x0E, 0x00, 0x18, 0x00, 0x14, 0x00, 0x10, 0x00,
  0x0C, 0x00, 0x08, 0x00, 0x04, 0x00, 0x0E, 0x00, 0x00, 0x00,
  0x14, 0x00, 0x00, 0x00, 0x1C, 0x00, 0x00, 0x00, 0x84, 0x02,
  0x00, 0x00, 0x88, 0x02, 0x00, 0x00, 0x8C, 0x02, 0x00, 0x00,
  0x04, 0x00, 0x00, 0x00, 0x6D, 0x61, 0x69, 0x6E, 0x00, 0x00,
  0x00, 0x00, 0x09, 0x00, 0x00, 0x00, 0x48, 0x02, 0x00, 0x00,
  0xEC, 0x01, 0x00, 0x00, 0x88, 0x01, 0x00, 0x00, 0x34, 0x01,
  0x00, 0x00, 0xF0, 0x00, 0x00, 0x00, 0xBC, 0x00, 0x00, 0x00,
  0x78, 0x00, 0x00, 0x00, 0x40, 0x00, 0x00, 0x00, 0x04, 0x00,
  0x00, 0x00, 0xA2, 0xFE, 0xFF, 0xFF, 0x1C, 0x00, 0x00, 0x00,
  0x00, 0x00, 0x00, 0x09, 0x1C, 0x00, 0x00, 0x00, 0x20, 0x00,
  0x00, 0x00, 0x05, 0x00, 0x00, 0x00, 0x00, 0x00, 0x06, 0x00,
  0x08, 0x00, 0x04, 0x00, 0x06, 0x00, 0x00, 0x00, 0x00, 0x00,
  0x80, 0x3F, 0x01, 0x00, 0x00, 0x00, 0x13, 0x00, 0x00, 0x00,
  0x01, 0x00, 0x00, 0x00, 0x12, 0x00, 0x00, 0x00, 0x7A, 0xFE,
  0xFF, 0xFF, 0x14, 0x00, 0x00, 0x00, 0x00, 0x00, 0x00, 0x08,
  0x10, 0x00, 0x00, 0x00, 0x14, 0x00, 0x00, 0x00, 0x04, 0x00,
  0x00, 0x00, 0xBC, 0xE8, 0xFF, 0xFF, 0x01, 0x00, 0x00, 0x00,
  0x12, 0x00, 0x00, 0x00, 0x03, 0x00, 0x00, 0x00, 0x0F, 0x00,
  0x00, 0x00, 0x10, 0x00, 0x00, 0x00, 0x11, 0x00, 0x00, 0x00,
  0x0E, 0xFF, 0xFF, 0xFF, 0x1C, 0x00, 0x00, 0x00, 0x00, 0x00,
  0x00, 0x08, 0x1C, 0x00, 0x00, 0x00, 0x20, 0x00, 0x00, 0x00,
  0x04, 0x00, 0x00, 0x00, 0x00, 0x00, 0x06, 0x00, 0x08, 0x00,
  0x07, 0x00, 0x06, 0x00, 0x00, 0x00, 0x00, 0x00, 0x00, 0x01,
  0x01, 0x00, 0x00, 0x00, 0x0F, 0x00, 0x00, 0x00, 0x03, 0x00,
  0x00, 0x00, 0x0C, 0x00, 0x00, 0x00, 0x0D, 0x00, 0x00, 0x00,
  0x0E, 0x00, 0x00, 0x00, 0xEE, 0xFE, 0xFF, 0xFF, 0x14, 0x00,
  0x00, 0x00, 0x00, 0x00, 0x00, 0x1B, 0x10, 0x00, 0x00, 0x00,
  0x14, 0x00, 0x00, 0x00, 0x03, 0x00, 0x00, 0x00, 0x30, 0xE9,
  0xFF, 0xFF, 0x01, 0x00, 0x00, 0x00, 0x0C, 0x00, 0x00, 0x00,
  0x02, 0x00, 0x00, 0x00, 0x0B, 0x00, 0x00, 0x00, 0x01, 0x00,
  0x00, 0x00, 0x1E, 0xFF, 0xFF, 0xFF, 0x14, 0x00, 0x00, 0x00,
  0x00, 0x00, 0x00, 0x05, 0x24, 0x00, 0x00, 0x00, 0x28, 0x00,
  0x00, 0x00, 0x02, 0x00, 0x00, 0x00, 0x6E, 0xFF, 0xFF, 0xFF,
  0x02, 0x00, 0x00, 0x00, 0x01, 0x00, 0x00, 0x00, 0x02, 0x00,
  0x00, 0x00, 0x01, 0x00, 0x00, 0x00, 0x00, 0x00, 0x00, 0x01,
  0x01, 0x00, 0x00, 0x00, 0x0B, 0x00, 0x00, 0x00, 0x01, 0x00,
  0x00, 0x00, 0x0A, 0x00, 0x00, 0x00, 0x5E, 0xFF, 0xFF, 0xFF,
  0x14, 0x00, 0x00, 0x00, 0x00, 0x00, 0x00, 0x01, 0x1C, 0x00,
  0x00, 0x00, 0x20, 0x00, 0x00, 0x00, 0x01, 0x00, 0x00, 0x00,
  0x50, 0xFF, 0xFF, 0xFF, 0x00, 0x00, 0x00, 0x01, 0x01, 0x00,
  0x00, 0x00, 0x01, 0x00, 0x00, 0x00, 0x01, 0x00, 0x00, 0x00,
  0x0A, 0x00, 0x00, 0x00, 0x03, 0x00, 0x00, 0x00, 0x07, 0x00,
  0x00, 0x00, 0x08, 0x00, 0x00, 0x00, 0x09, 0x00, 0x00, 0x00,
  0x00, 0x00, 0x0E, 0x00, 0x1A, 0x00, 0x14, 0x00, 0x10, 0x00,
  0x0C, 0x00, 0x0B, 0x00, 0x04, 0x00, 0x0E, 0x00, 0x00, 0x00,
  0x24, 0x00, 0x00, 0x00, 0x00, 0x00, 0x00, 0x05, 0x34, 0x00,
  0x00, 0x00, 0x38, 0x00, 0x00, 0x00, 0x02, 0x00, 0x00, 0x00,
  0x00, 0x00, 0x0E, 0x00, 0x18, 0x00, 0x17, 0x00, 0x10, 0x00,
  0x0C, 0x00, 0x08, 0x00, 0x04, 0x00, 0x0E, 0x00, 0x00, 0x00,
  0x02, 0x00, 0x00, 0x00, 0x01, 0x00, 0x00, 0x00, 0x02, 0x00,
  0x00, 0x00, 0x01, 0x00, 0x00, 0x00, 0x00, 0x00, 0x00, 0x01,
  0x01, 0x00, 0x00, 0x00, 0x07, 0x00, 0x00, 0x00, 0x01, 0x00,
  0x00, 0x00, 0x06, 0x00, 0x00, 0x00, 0x00, 0x00, 0x0E, 0x00,
  0x18, 0x00, 0x14, 0x00, 0x10, 0x00, 0x0C, 0x00, 0x0B, 0x00,
  0x04, 0x00, 0x0E, 0x00, 0x00, 0x00, 0x20, 0x00, 0x00, 0x00,
  0x00, 0x00, 0x00, 0x01, 0x28, 0x00, 0x00, 0x00, 0x2C, 0x00,
  0x00, 0x00, 0x01, 0x00, 0x00, 0x00, 0x0C, 0x00, 0x10, 0x00,
  0x00, 0x00, 0x0C, 0x00, 0x08, 0x00, 0x07, 0x00, 0x0C, 0x00,
  0x00, 0x00, 0x00, 0x00, 0x00, 0x01, 0x01, 0x00, 0x00, 0x00,
  0x01, 0x00, 0x00, 0x00, 0x01, 0x00, 0x00, 0x00, 0x06, 0x00,
  0x00, 0x00, 0x03, 0x00, 0x00, 0x00, 0x03, 0x00, 0x00, 0x00,
  0x04, 0x00, 0x00, 0x00, 0x05, 0x00, 0x00, 0x00, 0x00, 0x00,
  0x0A, 0x00, 0x0C, 0x00, 0x00, 0x00, 0x08, 0x00, 0x04, 0x00,
  0x0A, 0x00, 0x00, 0x00, 0x08, 0x00, 0x00, 0x00, 0x0C, 0x00,
  0x00, 0x00, 0x01, 0x00, 0x00, 0x00, 0x03, 0x00, 0x00, 0x00,
  0x02, 0x00, 0x00, 0x00, 0x00, 0x00, 0x00, 0x00, 0x02, 0x00,
  0x00, 0x00, 0x01, 0x00, 0x00, 0x00, 0x13, 0x00, 0x00, 0x00,
  0x01, 0x00, 0x00, 0x00, 0x00, 0x00, 0x00, 0x00, 0x14, 0x00,
  0x00, 0x00, 0xA4, 0x15, 0x00, 0x00, 0x1C, 0x15, 0x00, 0x00,
  0xB0, 0x14, 0x00, 0x00, 0xCC, 0x13, 0x00, 0x00, 0x78, 0x11,
  0x00, 0x00, 0x7C, 0x0F, 0x00, 0x00, 0x90, 0x0E, 0x00, 0x00,
  0x04, 0x0E, 0x00, 0x00, 0x30, 0x0A, 0x00, 0x00, 0xB4, 0x06,
  0x00, 0x00, 0xC8, 0x05, 0x00, 0x00, 0x3C, 0x05, 0x00, 0x00,
  0xC0, 0x04, 0x00, 0x00, 0xF4, 0x03, 0x00, 0x00, 0x68, 0x03,
  0x00, 0x00, 0x94, 0x02, 0x00, 0x00, 0xC0, 0x01, 0x00, 0x00,
  0x2C, 0x01, 0x00, 0x00, 0x70, 0x00, 0x00, 0x00, 0x04, 0x00,
  0x00, 0x00, 0xC2, 0xEA, 0xFF, 0xFF, 0x00, 0x00, 0x00, 0x01,
  0x14, 0x00, 0x00, 0x00, 0x30, 0x00, 0x00, 0x00, 0x14, 0x00,
  0x00, 0x00, 0x00, 0x00, 0x00, 0x09, 0x44, 0x00, 0x00, 0x00,
  0xAC, 0xEA, 0xFF, 0xFF, 0x08, 0x00, 0x00, 0x00, 0x10, 0x00,
  0x00, 0x00, 0x01, 0x00, 0x00, 0x00, 0x80, 0xFF, 0xFF, 0xFF,
  0xFF, 0xFF, 0xFF, 0xFF, 0x01, 0x00, 0x00, 0x00, 0x00, 0x00,
  0x80, 0x3B, 0x19, 0x00, 0x00, 0x00, 0x53, 0x74, 0x61, 0x74,
  0x65, 0x66, 0x75, 0x6C, 0x50, 0x61, 0x72, 0x74, 0x69, 0x74,
  0x69, 0x6F, 0x6E, 0x65, 0x64, 0x43, 0x61, 0x6C, 0x6C, 0x3A,
  0x30, 0x00, 0x00, 0x00, 0x02, 0x00, 0x00, 0x00, 0x01, 0x00,
  0x00, 0x00, 0x06, 0x00, 0x00, 0x00, 0x2A, 0xEB, 0xFF, 0xFF,
  0x00, 0x00, 0x00, 0x01, 0x14, 0x00, 0x00, 0x00, 0x34, 0x00,
  0x00, 0x00, 0x13, 0x00, 0x00, 0x00, 0x00, 0x00, 0x00, 0x09,
  0x94, 0x00, 0x00, 0x00, 0x14, 0xEB, 0xFF, 0xFF, 0x08, 0x00,
  0x00, 0x00, 0x14, 0x00, 0x00, 0x00, 0x01, 0x00, 0x00, 0x00,
  0x12, 0x00, 0x00, 0x00, 0x00, 0x00, 0x00, 0x00, 0x00, 0x00,
  0x00, 0x00, 0x01, 0x00, 0x00, 0x00, 0x46, 0x13, 0x62, 0x3E,
  0x64, 0x00, 0x00, 0x00, 0x64, 0x61, 0x67, 0x68, 0x65, 0x72,
  0x6F, 0x5F, 0x63, 0x6E, 0x6E, 0x5F, 0x32, 0x6C, 0x61, 0x79,
  0x65, 0x72, 0x5F, 0x63, 0x6F, 0x6E, 0x76, 0x32, 0x64, 0x2F,
  0x71, 0x75, 0x61, 0x6E, 0x74, 0x5F, 0x63, 0x6C, 0x61, 0x73,
  0x73, 0x69, 0x66, 0x69, 0x65, 0x72, 0x2F, 0x4D, 0x61, 0x74,
  0x4D, 0x75, 0x6C, 0x3B, 0x64, 0x61, 0x67, 0x68, 0x65, 0x72,
  0x6F, 0x5F, 0x63, 0x6E, 0x6E, 0x5F, 0x32, 0x6C, 0x61, 0x79,
  0x65, 0x72, 0x5F, 0x63, 0x6F, 0x6E, 0x76, 0x32, 0x64, 0x2F,
  0x71, 0x75, 0x61, 0x6E, 0x74, 0x5F, 0x63, 0x6C, 0x61, 0x73,
  0x73, 0x69, 0x66, 0x69, 0x65, 0x72, 0x2F, 0x42, 0x69, 0x61,
  0x73, 0x41, 0x64, 0x64, 0x00, 0x00, 0x00, 0x00, 0x02, 0x00,
  0x00, 0x00, 0x01, 0x00, 0x00, 0x00, 0x06, 0x00, 0x00, 0x00,
  0xE2, 0xEB, 0xFF, 0xFF, 0x00, 0x00, 0x00, 0x01, 0x14, 0x00,
  0x00, 0x00, 0x34, 0x00, 0x00, 0x00, 0x12, 0x00, 0x00, 0x00,
  0x00, 0x00, 0x00, 0x02, 0x70, 0x00, 0x00, 0x00, 0xCC, 0xEB,
  0xFF, 0xFF, 0x08, 0x00, 0x00, 0x00, 0x14, 0x00, 0x00, 0x00,
  0x01, 0x00, 0x00, 0x00, 0x00, 0x00, 0x00, 0x00, 0x00, 0x00,
  0x00, 0x00, 0x00, 0x00, 0x00, 0x00, 0x01, 0x00, 0x00, 0x00,
  0x32, 0xB8, 0xD3, 0x39, 0x41, 0x00, 0x00, 0x00, 0x64, 0x61,
  0x67, 0x68, 0x65, 0x72, 0x6F, 0x5F, 0x63, 0x6E, 0x6E, 0x5F,
  0x32, 0x6C, 0x61, 0x79, 0x65, 0x72, 0x5F, 0x63, 0x6F, 0x6E,
  0x76, 0x32, 0x64, 0x2F, 0x71, 0x75, 0x61, 0x6E, 0x74, 0x5F,
  0x63, 0x6C, 0x61, 0x73, 0x73, 0x69, 0x66, 0x69, 0x65, 0x72,
  0x2F, 0x42, 0x69, 0x61, 0x73, 0x41, 0x64, 0x64, 0x2F, 0x52,
  0x65, 0x61, 0x64, 0x56, 0x61, 0x72, 0x69, 0x61, 0x62, 0x6C,
  0x65, 0x4F, 0x70, 0x00, 0x00, 0x00, 0x01, 0x00, 0x00, 0x00,
  0x06, 0x00, 0x00, 0x00, 0x72, 0xEC, 0xFF, 0xFF, 0x00, 0x00,
  0x00, 0x01, 0x14, 0x00, 0x00, 0x00, 0x30, 0x00, 0x00, 0x00,
  0x11, 0x00, 0x00, 0x00, 0x00, 0x00, 0x00, 0x09, 0xAC, 0x00,
  0x00, 0x00, 0x5C, 0xEC, 0xFF, 0xFF, 0x08, 0x00, 0x00, 0x00,
  0x10, 0x00, 0x00, 0x00, 0x01, 0x00, 0x00, 0x00, 0x00, 0x00,
  0x00, 0x00, 0x00, 0x00, 0x00, 0x00, 0x01, 0x00, 0x00, 0x00,
  0x85, 0x46, 0x09, 0x3C, 0x83, 0x00, 0x00, 0x00, 0x64, 0x61,
  0x67, 0x68, 0x65, 0x72, 0x6F, 0x5F, 0x63, 0x6E, 0x6E, 0x5F,
  0x32, 0x6C, 0x61, 0x79, 0x65, 0x72, 0x5F, 0x63, 0x6F, 0x6E,
  0x76, 0x32, 0x64, 0x2F, 0x71, 0x75, 0x61, 0x6E, 0x74, 0x5F,
  0x63, 0x6C, 0x61, 0x73, 0x73, 0x69, 0x66, 0x69, 0x65, 0x72,
  0x2F, 0x4D, 0x61, 0x74, 0x4D, 0x75, 0x6C, 0x3B, 0x64, 0x61,
  0x67, 0x68, 0x65, 0x72, 0x6F, 0x5F, 0x63, 0x6E, 0x6E, 0x5F,
  0x32, 0x6C, 0x61, 0x79, 0x65, 0x72, 0x5F, 0x63, 0x6F, 0x6E,
  0x76, 0x32, 0x64, 0x2F, 0x71, 0x75, 0x61, 0x6E, 0x74, 0x5F,
  0x63, 0x6C, 0x61, 0x73, 0x73, 0x69, 0x66, 0x69, 0x65, 0x72,
  0x2F, 0x4C, 0x61, 0x73, 0x74, 0x56, 0x61, 0x6C, 0x75, 0x65,
  0x51, 0x75, 0x61, 0x6E, 0x74, 0x2F, 0x46, 0x61, 0x6B, 0x65,
  0x51, 0x75, 0x61, 0x6E, 0x74, 0x57, 0x69, 0x74, 0x68, 0x4D,
  0x69, 0x6E, 0x4D, 0x61, 0x78, 0x56, 0x61, 0x72, 0x73, 0x00,
  0x02, 0x00, 0x00, 0x00, 0x06, 0x00, 0x00, 0x00, 0x40, 0x00,
  0x00, 0x00, 0x42, 0xED, 0xFF, 0xFF, 0x00, 0x00, 0x00, 0x01,
  0x14, 0x00, 0x00, 0x00, 0x34, 0x00, 0x00, 0x00, 0x10, 0x00,
  0x00, 0x00, 0x00, 0x00, 0x00, 0x09, 0xAC, 0x00, 0x00, 0x00,
  0x2C, 0xED, 0xFF, 0xFF, 0x08, 0x00, 0x00, 0x00, 0x14, 0x00,
  0x00, 0x00, 0x01, 0x00, 0x00, 0x00, 0x96, 0xFF, 0xFF, 0xFF,
  0xFF, 0xFF, 0xFF, 0xFF, 0x00, 0x00, 0x00, 0x00, 0x01, 0x00,
  0x00, 0x00, 0xFB, 0x69, 0x45, 0x3D, 0x7F, 0x00, 0x00, 0x00,
  0x64, 0x61, 0x67, 0x68, 0x65, 0x72, 0x6F, 0x5F, 0x63, 0x6E,
  0x6E, 0x5F, 0x32, 0x6C, 0x61, 0x79, 0x65, 0x72, 0x5F, 0x63,
  0x6F, 0x6E, 0x76, 0x32, 0x64, 0x2F, 0x71, 0x75, 0x61, 0x6E,
  0x74, 0x5F, 0x66, 0x63, 0x31, 0x2F, 0x4D, 0x61, 0x74, 0x4D,
  0x75, 0x6C, 0x3B, 0x64, 0x61, 0x67, 0x68, 0x65, 0x72, 0x6F,
  0x5F, 0x63, 0x6E, 0x6E, 0x5F, 0x32, 0x6C, 0x61, 0x79, 0x65,
  0x72, 0x5F, 0x63, 0x6F, 0x6E, 0x76, 0x32, 0x64, 0x2F, 0x71,
  0x75, 0x61, 0x6E, 0x74, 0x5F, 0x66, 0x63, 0x31, 0x2F, 0x52,
  0x65, 0x6C, 0x75, 0x3B, 0x64, 0x61, 0x67, 0x68, 0x65, 0x72,
  0x6F, 0x5F, 0x63, 0x6E, 0x6E, 0x5F, 0x32, 0x6C, 0x61, 0x79,
  0x65, 0x72, 0x5F, 0x63, 0x6F, 0x6E, 0x76, 0x32, 0x64, 0x2F,
  0x71, 0x75, 0x61, 0x6E, 0x74, 0x5F, 0x66, 0x63, 0x31, 0x2F,
  0x42, 0x69, 0x61, 0x73, 0x41, 0x64, 0x64, 0x00, 0x02, 0x00,
  0x00, 0x00, 0x01, 0x00, 0x00, 0x00, 0x40, 0x00, 0x00, 0x00,
  0x12, 0xEE, 0xFF, 0xFF, 0x00, 0x00, 0x00, 0x01, 0x14, 0x00,
  0x00, 0x00, 0x34, 0x00, 0x00, 0x00, 0x0F, 0x00, 0x00, 0x00,
  0x00, 0x00, 0x00, 0x02, 0x68, 0x00, 0x00, 0x00, 0xFC, 0xED,
  0xFF, 0xFF, 0x08, 0x00, 0x00, 0x00, 0x14, 0x00, 0x00, 0x00,
  0x01, 0x00, 0x00, 0x00, 0x00, 0x00, 0x00, 0x00, 0x00, 0x00,
  0x00, 0x00, 0x00, 0x00, 0x00, 0x00, 0x01, 0x00, 0x00, 0x00,
  0xE2, 0x62, 0x01, 0x39, 0x3A, 0x00, 0x00, 0x00, 0x64, 0x61,
  0x67, 0x68, 0x65, 0x72, 0x6F, 0x5F, 0x63, 0x6E, 0x6E, 0x5F,
  0x32, 0x6C, 0x61, 0x79, 0x65, 0x72, 0x5F, 0x63, 0x6F, 0x6E,
  0x76, 0x32, 0x64, 0x2F, 0x71, 0x75, 0x61, 0x6E, 0x74, 0x5F,
  0x66, 0x63, 0x31, 0x2F, 0x42, 0x69, 0x61, 0x73, 0x41, 0x64,
  0x64, 0x2F, 0x52, 0x65, 0x61, 0x64, 0x56, 0x61, 0x72, 0x69,
  0x61, 0x62, 0x6C, 0x65, 0x4F, 0x70, 0x00, 0x00, 0x01, 0x00,
  0x00, 0x00, 0x40, 0x00, 0x00, 0x00, 0x9A, 0xEE, 0xFF, 0xFF,
  0x00, 0x00, 0x00, 0x01, 0x14, 0x00, 0x00, 0x00, 0x34, 0x00,
  0x00, 0x00, 0x0E, 0x00, 0x00, 0x00, 0x00, 0x00, 0x00, 0x09,
  0xA4, 0x00, 0x00, 0x00, 0x84, 0xEE, 0xFF, 0xFF, 0x08, 0x00,
  0x00, 0x00, 0x14, 0x00, 0x00, 0x00, 0x01, 0x00, 0x00, 0x00,
  0x00, 0x00, 0x00, 0x00, 0x00, 0x00, 0x00, 0x00, 0x00, 0x00,
  0x00, 0x00, 0x01, 0x00, 0x00, 0x00, 0x05, 0x8D, 0xD0, 0x3B,
  0x75, 0x00, 0x00, 0x00, 0x64, 0x61, 0x67, 0x68, 0x65, 0x72,
  0x6F, 0x5F, 0x63, 0x6E, 0x6E, 0x5F, 0x32, 0x6C, 0x61, 0x79,
  0x65, 0x72, 0x5F, 0x63, 0x6F, 0x6E, 0x76, 0x32, 0x64, 0x2F,
  0x71, 0x75, 0x61, 0x6E, 0x74, 0x5F, 0x66, 0x63, 0x31, 0x2F,
  0x4D, 0x61, 0x74, 0x4D, 0x75, 0x6C, 0x3B, 0x64, 0x61, 0x67,
  0x68, 0x65, 0x72, 0x6F, 0x5F, 0x63, 0x6E, 0x6E, 0x5F, 0x32,
  0x6C, 0x61, 0x79, 0x65, 0x72, 0x5F, 0x63, 0x6F, 0x6E, 0x76,
  0x32, 0x64, 0x2F, 0x71, 0x75, 0x61, 0x6E, 0x74, 0x5F, 0x66,
  0x63, 0x31, 0x2F, 0x4C, 0x61, 0x73, 0x74, 0x56, 0x61, 0x6C,
  0x75, 0x65, 0x51, 0x75, 0x61, 0x6E, 0x74, 0x2F, 0x46, 0x61,
  0x6B, 0x65, 0x51, 0x75, 0x61, 0x6E, 0x74, 0x57, 0x69, 0x74,
  0x68, 0x4D, 0x69, 0x6E, 0x4D, 0x61, 0x78, 0x56, 0x61, 0x72,
  0x73, 0x00, 0x00, 0x00, 0x02, 0x00, 0x00, 0x00, 0x40, 0x00,
  0x00, 0x00, 0x40, 0x00, 0x00, 0x00, 0x62, 0xEF, 0xFF, 0xFF,
  0x00, 0x00, 0x00, 0x01, 0x14, 0x00, 0x00, 0x00, 0x30, 0x00,
  0x00, 0x00, 0x0D, 0x00, 0x00, 0x00, 0x00, 0x00, 0x00, 0x09,
  0x54, 0x00, 0x00, 0x00, 0x4C, 0xEF, 0xFF, 0xFF, 0x08, 0x00,
  0x00, 0x00, 0x10, 0x00, 0x00, 0x00, 0x01, 0x00, 0x00, 0x00,
  0xB6, 0xFF, 0xFF, 0xFF, 0xFF, 0xFF, 0xFF, 0xFF, 0x01, 0x00,
  0x00, 0x00, 0xF2, 0xD2, 0x9E, 0x3C, 0x28, 0x00, 0x00, 0x00,
  0x64, 0x61, 0x67, 0x68, 0x65, 0x72, 0x6F, 0x5F, 0x63, 0x6E,
  0x6E, 0x5F, 0x32, 0x6C, 0x61, 0x79, 0x65, 0x72, 0x5F, 0x63,
  0x6F, 0x6E, 0x76, 0x32, 0x64, 0x2F, 0x71, 0x75, 0x61, 0x6E,
  0x74, 0x5F, 0x67, 0x61, 0x70, 0x2F, 0x4D, 0x65, 0x61, 0x6E,
  0x00, 0x00, 0x00, 0x00, 0x02, 0x00, 0x00, 0x00, 0x01, 0x00,
  0x00, 0x00, 0x40, 0x00, 0x00, 0x00, 0xDA, 0xEF, 0xFF, 0xFF,
  0x00, 0x00, 0x00, 0x01, 0x14, 0x00, 0x00, 0x00, 0x34, 0x00,
  0x00, 0x00, 0x0C, 0x00, 0x00, 0x00, 0x00, 0x00, 0x00, 0x09,
  0x5C, 0x00, 0x00, 0x00, 0xC4, 0xEF, 0xFF, 0xFF, 0x08, 0x00,
  0x00, 0x00, 0x14, 0x00, 0x00, 0x00, 0x01, 0x00, 0x00, 0x00,
  0x9F, 0xFF, 0xFF, 0xFF, 0xFF, 0xFF, 0xFF, 0xFF, 0x00, 0x00,
  0x00, 0x00, 0x01, 0x00, 0x00, 0x00, 0x27, 0xDB, 0x0A, 0x3D,
  0x2D, 0x00, 0x00, 0x00, 0x64, 0x61, 0x67, 0x68, 0x65, 0x72,
  0x6F, 0x5F, 0x63, 0x6E, 0x6E, 0x5F, 0x32, 0x6C, 0x61, 0x79,
  0x65, 0x72, 0x5F, 0x63, 0x6F, 0x6E, 0x76, 0x32, 0x64, 0x2F,
  0x71, 0x75, 0x61, 0x6E, 0x74, 0x5F, 0x70, 0x6F, 0x6F, 0x6C,
  0x32, 0x2F, 0x4D, 0x61, 0x78, 0x50, 0x6F, 0x6F, 0x6C, 0x00,
  0x00, 0x00, 0x04, 0x00, 0x00, 0x00, 0x01, 0x00, 0x00, 0x00,
  0x19, 0x00, 0x00, 0x00, 0x01, 0x00, 0x00, 0x00, 0x40, 0x00,
  0x00, 0x00, 0x62, 0xF0, 0xFF, 0xFF, 0x00, 0x00, 0x00, 0x01,
  0x14, 0x00, 0x00, 0x00, 0x34, 0x00, 0x00, 0x00, 0x0B, 0x00,
  0x00, 0x00, 0x00, 0x00, 0x00, 0x09, 0xBC, 0x00, 0x00, 0x00,
  0x4C, 0xF0, 0xFF, 0xFF, 0x08, 0x00, 0x00, 0x00, 0x14, 0x00,
  0x00, 0x00, 0x01, 0x00, 0x00, 0x00, 0x9F, 0xFF, 0xFF, 0xFF,
  0xFF, 0xFF, 0xFF, 0xFF, 0x00, 0x00, 0x00, 0x00, 0x01, 0x00,
  0x00, 0x00, 0x27, 0xDB, 0x0A, 0x3D, 0x8C, 0x00, 0x00, 0x00,
  0x64, 0x61, 0x67, 0x68, 0x65, 0x72, 0x6F, 0x5F, 0x63, 0x6E,
  0x6E, 0x5F, 0x32, 0x6C, 0x61, 0x79, 0x65, 0x72, 0x5F, 0x63,
  0x6F, 0x6E, 0x76, 0x32, 0x64, 0x2F, 0x71, 0x75, 0x61, 0x6E,
  0x74, 0x5F, 0x72, 0x65, 0x6C, 0x75, 0x32, 0x2F, 0x52, 0x65,
  0x6C, 0x75, 0x3B, 0x64, 0x61, 0x67, 0x68, 0x65, 0x72, 0x6F,
  0x5F, 0x63, 0x6E, 0x6E, 0x5F, 0x32, 0x6C, 0x61, 0x79, 0x65,
  0x72, 0x5F, 0x63, 0x6F, 0x6E, 0x76, 0x32, 0x64, 0x2F, 0x71,
  0x75, 0x61, 0x6E, 0x74, 0x5F, 0x62, 0x6E, 0x32, 0x2F, 0x46,
  0x75, 0x73, 0x65, 0x64, 0x42, 0x61, 0x74, 0x63, 0x68, 0x4E,
  0x6F, 0x72, 0x6D, 0x56, 0x33, 0x3B, 0x64, 0x61, 0x67, 0x68,
  0x65, 0x72, 0x6F, 0x5F, 0x63, 0x6E, 0x6E, 0x5F, 0x32, 0x6C,
  0x61, 0x79, 0x65, 0x72, 0x5F, 0x63, 0x6F, 0x6E, 0x76, 0x32,
  0x64, 0x2F, 0x71, 0x75, 0x61, 0x6E, 0x74, 0x5F, 0x63, 0x6F,
  0x6E, 0x76, 0x32, 0x2F, 0x43, 0x6F, 0x6E, 0x76, 0x32, 0x44,
  0x00, 0x00, 0x00, 0x00, 0x04, 0x00, 0x00, 0x00, 0x01, 0x00,
  0x00, 0x00, 0x32, 0x00, 0x00, 0x00, 0x01, 0x00, 0x00, 0x00,
  0x40, 0x00, 0x00, 0x00, 0x4A, 0xF1, 0xFF, 0xFF, 0x00, 0x00,
  0x00, 0x01, 0x14, 0x00, 0x00, 0x00, 0x28, 0x03, 0x00, 0x00,
  0x0A, 0x00, 0x00, 0x00, 0x00, 0x00, 0x00, 0x02, 0x58, 0x03,
  0x00, 0x00, 0x34, 0xF1, 0xFF, 0xFF, 0x08, 0x00, 0x00, 0x00,
  0x0C, 0x02, 0x00, 0x00, 0x40, 0x00, 0x00, 0x00, 0x00, 0x00,
  0x00, 0x00, 0x00, 0x00, 0x00, 0x00, 0x00, 0x00, 0x00, 0x00,
  0x00, 0x00, 0x00, 0x00, 0x00, 0x00, 0x00, 0x00, 0x00, 0x00,
  0x00, 0x00, 0x00, 0x00, 0x00, 0x00, 0x00, 0x00, 0x00, 0x00,
  0x00, 0x00, 0x00, 0x00, 0x00, 0x00, 0x00, 0x00, 0x00, 0x00,
  0x00, 0x00, 0x00, 0x00, 0x00, 0x00, 0x00, 0x00, 0x00, 0x00,
  0x00, 0x00, 0x00, 0x00, 0x00, 0x00, 0x00, 0x00, 0x00, 0x00,
  0x00, 0x00, 0x00, 0x00, 0x00, 0x00, 0x00, 0x00, 0x00, 0x00,
  0x00, 0x00, 0x00, 0x00, 0x00, 0x00, 0x00, 0x00, 0x00, 0x00,
  0x00, 0x00, 0x00, 0x00, 0x00, 0x00, 0x00, 0x00, 0x00, 0x00,
  0x00, 0x00, 0x00, 0x00, 0x00, 0x00, 0x00, 0x00, 0x00, 0x00,
  0x00, 0x00, 0x00, 0x00, 0x00, 0x00, 0x00, 0x00, 0x00, 0x00,
  0x00, 0x00, 0x00, 0x00, 0x00, 0x00, 0x00, 0x00, 0x00, 0x00,
  0x00, 0x00, 0x00, 0x00, 0x00, 0x00, 0x00, 0x00, 0x00, 0x00,
  0x00, 0x00, 0x00, 0x00, 0x00, 0x00, 0x00, 0x00, 0x00, 0x00,
  0x00, 0x00, 0x00, 0x00, 0x00, 0x00, 0x00, 0x00, 0x00, 0x00,
  0x00, 0x00, 0x00, 0x00, 0x00, 0x00, 0x00, 0x00, 0x00, 0x00,
  0x00, 0x00, 0x00, 0x00, 0x00, 0x00, 0x00, 0x00, 0x00, 0x00,
  0x00, 0x00, 0x00, 0x00, 0x00, 0x00, 0x00, 0x00, 0x00, 0x00,
  0x00, 0x00, 0x00, 0x00, 0x00, 0x00, 0x00, 0x00, 0x00, 0x00,
  0x00, 0x00, 0x00, 0x00, 0x00, 0x00, 0x00, 0x00, 0x00, 0x00,
  0x00, 0x00, 0x00, 0x00, 0x00, 0x00, 0x00, 0x00, 0x00, 0x00,
  0x00, 0x00, 0x00, 0x00, 0x00, 0x00, 0x00, 0x00, 0x00, 0x00,
  0x00, 0x00, 0x00, 0x00, 0x00, 0x00, 0x00, 0x00, 0x00, 0x00,
  0x00, 0x00, 0x00, 0x00, 0x00, 0x00, 0x00, 0x00, 0x00, 0x00,
  0x00, 0x00, 0x00, 0x00, 0x00, 0x00, 0x00, 0x00, 0x00, 0x00,
  0x00, 0x00, 0x00, 0x00, 0x00, 0x00, 0x00, 0x00, 0x00, 0x00,
  0x00, 0x00, 0x00, 0x00, 0x00, 0x00, 0x00, 0x00, 0x00, 0x00,
  0x00, 0x00, 0x00, 0x00, 0x00, 0x00, 0x00, 0x00, 0x00, 0x00,
  0x00, 0x00, 0x00, 0x00, 0x00, 0x00, 0x00, 0x00, 0x00, 0x00,
  0x00, 0x00, 0x00, 0x00, 0x00, 0x00, 0x00, 0x00, 0x00, 0x00,
  0x00, 0x00, 0x00, 0x00, 0x00, 0x00, 0x00, 0x00, 0x00, 0x00,
  0x00, 0x00, 0x00, 0x00, 0x00, 0x00, 0x00, 0x00, 0x00, 0x00,
  0x00, 0x00, 0x00, 0x00, 0x00, 0x00, 0x00, 0x00, 0x00, 0x00,
  0x00, 0x00, 0x00, 0x00, 0x00, 0x00, 0x00, 0x00, 0x00, 0x00,
  0x00, 0x00, 0x00, 0x00, 0x00, 0x00, 0x00, 0x00, 0x00, 0x00,
  0x00, 0x00, 0x00, 0x00, 0x00, 0x00, 0x00, 0x00, 0x00, 0x00,
  0x00, 0x00, 0x00, 0x00, 0x00, 0x00, 0x00, 0x00, 0x00, 0x00,
  0x00, 0x00, 0x00, 0x00, 0x00, 0x00, 0x00, 0x00, 0x00, 0x00,
  0x00, 0x00, 0x00, 0x00, 0x00, 0x00, 0x00, 0x00, 0x00, 0x00,
  0x00, 0x00, 0x00, 0x00, 0x00, 0x00, 0x00, 0x00, 0x00, 0x00,
  0x00, 0x00, 0x00, 0x00, 0x00, 0x00, 0x00, 0x00, 0x00, 0x00,
  0x00, 0x00, 0x00, 0x00, 0x00, 0x00, 0x00, 0x00, 0x00, 0x00,
  0x00, 0x00, 0x00, 0x00, 0x00, 0x00, 0x00, 0x00, 0x00, 0x00,
  0x00, 0x00, 0x00, 0x00, 0x00, 0x00, 0x00, 0x00, 0x00, 0x00,
  0x00, 0x00, 0x00, 0x00, 0x00, 0x00, 0x00, 0x00, 0x00, 0x00,
  0x00, 0x00, 0x00, 0x00, 0x00, 0x00, 0x00, 0x00, 0x00, 0x00,
  0x00, 0x00, 0x00, 0x00, 0x00, 0x00, 0x00, 0x00, 0x00, 0x00,
  0x00, 0x00, 0x00, 0x00, 0x00, 0x00, 0x00, 0x00, 0x00, 0x00,
  0x00, 0x00, 0x00, 0x00, 0x00, 0x00, 0x00, 0x00, 0x00, 0x00,
  0x00, 0x00, 0x00, 0x00, 0x00, 0x00, 0x00, 0x00, 0x00, 0x00,
  0x00, 0x00, 0x00, 0x00, 0x00, 0x00, 0x00, 0x00, 0x00, 0x00,
  0x00, 0x00, 0x00, 0x00, 0x40, 0x00, 0x00, 0x00, 0x76, 0x30,
  0xD8, 0x38, 0xE4, 0x55, 0xF1, 0x38, 0x83, 0x89, 0xB5, 0x38,
  0xA0, 0xC8, 0xC2, 0x38, 0x0A, 0xAF, 0xAC, 0x38, 0xE3, 0x7E,
  0xB4, 0x38, 0xBF, 0x62, 0xBC, 0x38, 0x1B, 0x7D, 0xC2, 0x38,
  0x84, 0x07, 0xB8, 0x38, 0xA4, 0x5E, 0xD2, 0x38, 0x88, 0x93,
  0xA1, 0x38, 0xB3, 0xCA, 0xDF, 0x38, 0x92, 0xBB, 0xE2, 0x38,
  0xFA, 0x60, 0xBC, 0x38, 0x5D, 0x19, 0x99, 0x38, 0x97, 0x9B,
  0xC2, 0x38, 0xEC, 0x26, 0xF0, 0x38, 0xAB, 0x9F, 0x9A, 0x38,
  0x2C, 0xE8, 0xCE, 0x38, 0x86, 0x86, 0xAC, 0x38, 0xB9, 0x50,
  0xE0, 0x38, 0xF2, 0x2A, 0xF1, 0x38, 0x09, 0x9D, 0xB4, 0x38,
  0x38, 0x11, 0x8E, 0x38, 0xB5, 0xB1, 0xE5, 0x38, 0xDB, 0xAA,
  0x9D, 0x38, 0x0D, 0x95, 0xC3, 0x38, 0x2C, 0xDE, 0xE7, 0x38,
  0x4F, 0x1A, 0xE5, 0x38, 0xE7, 0x4D, 0xA7, 0x38, 0x93, 0x1C,
  0xB4, 0x38, 0x22, 0x9A, 0xAF, 0x38, 0x2D, 0xC9, 0xC8, 0x38,
  0x83, 0x74, 0xA5, 0x38, 0x79, 0xB5, 0xA4, 0x38, 0x27, 0x2F,
  0x09, 0x39, 0xD9, 0xB0, 0xCF, 0x38, 0xAE, 0x15, 0xBD, 0x38,
  0x13, 0x3B, 0xAE, 0x38, 0xAA, 0xEA, 0xDD, 0x38, 0x1E, 0x92,
  0x9F, 0x38, 0x97, 0x07, 0xC9, 0x38, 0xC2, 0xDD, 0xC6, 0x38,
  0x36, 0xAF, 0x83, 0x38, 0x76, 0x4C, 0xBE, 0x38, 0xA7, 0x50,
  0xB6, 0x38, 0x6F, 0x35, 0xAD, 0x38, 0x4B, 0x8B, 0xEA, 0x38,
  0xC8, 0x1E, 0xD3, 0x38, 0xD4, 0x4E, 0x67, 0x38, 0x06, 0x51,
  0xB8, 0x38, 0x38, 0x4B, 0xC5, 0x38, 0x53, 0x98, 0xD0, 0x38,
  0x39, 0x4E, 0xE2, 0x38, 0xF7, 0xEF, 0xCF, 0x38, 0x00, 0x1C,
  0xED, 0x38, 0xF8, 0xC1, 0xAC, 0x38, 0x9D, 0x12, 0xE4, 0x38,
  0x15, 0xB4, 0xE5, 0x38, 0xE8, 0x11, 0x4B, 0x38, 0x22, 0x45,
  0xB8, 0x38, 0x74, 0x3A, 0xD4, 0x38, 0xC7, 0xD8, 0xBC, 0x38,
  0xA1, 0x91, 0xB3, 0x38, 0x34, 0x00, 0x00, 0x00, 0x64, 0x61,
  0x67, 0x68, 0x65, 0x72, 0x6F, 0x5F, 0x63, 0x6E, 0x6E, 0x5F,
  0x32, 0x6C, 0x61, 0x79, 0x65, 0x72, 0x5F, 0x63, 0x6F, 0x6E,
  0x76, 0x32, 0x64, 0x2F, 0x71, 0x75, 0x61, 0x6E, 0x74, 0x5F,
  0x62, 0x6E, 0x32, 0x2F, 0x46, 0x75, 0x73, 0x65, 0x64, 0x42,
  0x61, 0x74, 0x63, 0x68, 0x4E, 0x6F, 0x72, 0x6D, 0x56, 0x33,
  0x00, 0x00, 0x00, 0x00, 0x01, 0x00, 0x00, 0x00, 0x40, 0x00,
  0x00, 0x00, 0xC2, 0xF4, 0xFF, 0xFF, 0x00, 0x00, 0x00, 0x01,
  0x14, 0x00, 0x00, 0x00, 0x28, 0x03, 0x00, 0x00, 0x09, 0x00,
  0x00, 0x00, 0x00, 0x00, 0x00, 0x09, 0xA4, 0x03, 0x00, 0x00,
  0xAC, 0xF4, 0xFF, 0xFF, 0x08, 0x00, 0x00, 0x00, 0x0C, 0x02,
  0x00, 0x00, 0x40, 0x00, 0x00, 0x00, 0x00, 0x00, 0x00, 0x00,
  0x00, 0x00, 0x00, 0x00, 0x00, 0x00, 0x00, 0x00, 0x00, 0x00,
  0x00, 0x00, 0x00, 0x00, 0x00, 0x00, 0x00, 0x00, 0x00, 0x00,
  0x00, 0x00, 0x00, 0x00, 0x00, 0x00, 0x00, 0x00, 0x00, 0x00,
  0x00, 0x00, 0x00, 0x00, 0x00, 0x00, 0x00, 0x00, 0x00, 0x00,
  0x00, 0x00, 0x00, 0x00, 0x00, 0x00, 0x00, 0x00, 0x00, 0x00,
  0x00, 0x00, 0x00, 0x00, 0x00, 0x00, 0x00, 0x00, 0x00, 0x00,
  0x00, 0x00, 0x00, 0x00, 0x00, 0x00, 0x00, 0x00, 0x00, 0x00,
  0x00, 0x00, 0x00, 0x00, 0x00, 0x00, 0x00, 0x00, 0x00, 0x00,
  0x00, 0x00, 0x00, 0x00, 0x00, 0x00, 0x00, 0x00, 0x00, 0x00,
  0x00, 0x00, 0x00, 0x00, 0x00, 0x00, 0x00, 0x00, 0x00, 0x00,
  0x00, 0x00, 0x00, 0x00, 0x00, 0x00, 0x00, 0x00, 0x00, 0x00,
  0x00, 0x00, 0x00, 0x00, 0x00, 0x00, 0x00, 0x00, 0x00, 0x00,
  0x00, 0x00, 0x00, 0x00, 0x00, 0x00, 0x00, 0x00, 0x00, 0x00,
  0x00, 0x00, 0x00, 0x00, 0x00, 0x00, 0x00, 0x00, 0x00, 0x00,
  0x00, 0x00, 0x00, 0x00, 0x00, 0x00, 0x00, 0x00, 0x00, 0x00,
  0x00, 0x00, 0x00, 0x00, 0x00, 0x00, 0x00, 0x00, 0x00, 0x00,
  0x00, 0x00, 0x00, 0x00, 0x00, 0x00, 0x00, 0x00, 0x00, 0x00,
  0x00, 0x00, 0x00, 0x00, 0x00, 0x00, 0x00, 0x00, 0x00, 0x00,
  0x00, 0x00, 0x00, 0x00, 0x00, 0x00, 0x00, 0x00, 0x00, 0x00,
  0x00, 0x00, 0x00, 0x00, 0x00, 0x00, 0x00, 0x00, 0x00, 0x00,
  0x00, 0x00, 0x00, 0x00, 0x00, 0x00, 0x00, 0x00, 0x00, 0x00,
  0x00, 0x00, 0x00, 0x00, 0x00, 0x00, 0x00, 0x00, 0x00, 0x00,
  0x00, 0x00, 0x00, 0x00, 0x00, 0x00, 0x00, 0x00, 0x00, 0x00,
  0x00, 0x00, 0x00, 0x00, 0x00, 0x00, 0x00, 0x00, 0x00, 0x00,
  0x00, 0x00, 0x00, 0x00, 0x00, 0x00, 0x00, 0x00, 0x00, 0x00,
  0x00, 0x00, 0x00, 0x00, 0x00, 0x00, 0x00, 0x00, 0x00, 0x00,
  0x00, 0x00, 0x00, 0x00, 0x00, 0x00, 0x00, 0x00, 0x00, 0x00,
  0x00, 0x00, 0x00, 0x00, 0x00, 0x00, 0x00, 0x00, 0x00, 0x00,
  0x00, 0x00, 0x00, 0x00, 0x00, 0x00, 0x00, 0x00, 0x00, 0x00,
  0x00, 0x00, 0x00, 0x00, 0x00, 0x00, 0x00, 0x00, 0x00, 0x00,
  0x00, 0x00, 0x00, 0x00, 0x00, 0x00, 0x00, 0x00, 0x00, 0x00,
  0x00, 0x00, 0x00, 0x00, 0x00, 0x00, 0x00, 0x00, 0x00, 0x00,
  0x00, 0x00, 0x00, 0x00, 0x00, 0x00, 0x00, 0x00, 0x00, 0x00,
  0x00, 0x00, 0x00, 0x00, 0x00, 0x00, 0x00, 0x00, 0x00, 0x00,
  0x00, 0x00, 0x00, 0x00, 0x00, 0x00, 0x00, 0x00, 0x00, 0x00,
  0x00, 0x00, 0x00, 0x00, 0x00, 0x00, 0x00, 0x00, 0x00, 0x00,
  0x00, 0x00, 0x00, 0x00, 0x00, 0x00, 0x00, 0x00, 0x00, 0x00,
  0x00, 0x00, 0x00, 0x00, 0x00, 0x00, 0x00, 0x00, 0x00, 0x00,
  0x00, 0x00, 0x00, 0x00, 0x00, 0x00, 0x00, 0x00, 0x00, 0x00,
  0x00, 0x00, 0x00, 0x00, 0x00, 0x00, 0x00, 0x00, 0x00, 0x00,
  0x00, 0x00, 0x00, 0x00, 0x00, 0x00, 0x00, 0x00, 0x00, 0x00,
  0x00, 0x00, 0x00, 0x00, 0x00, 0x00, 0x00, 0x00, 0x00, 0x00,
  0x00, 0x00, 0x00, 0x00, 0x00, 0x00, 0x00, 0x00, 0x00, 0x00,
  0x00, 0x00, 0x00, 0x00, 0x00, 0x00, 0x00, 0x00, 0x00, 0x00,
  0x00, 0x00, 0x00, 0x00, 0x00, 0x00, 0x00, 0x00, 0x00, 0x00,
  0x00, 0x00, 0x00, 0x00, 0x00, 0x00, 0x00, 0x00, 0x00, 0x00,
  0x00, 0x00, 0x00, 0x00, 0x00, 0x00, 0x00, 0x00, 0x00, 0x00,
  0x00, 0x00, 0x00, 0x00, 0x00, 0x00, 0x00, 0x00, 0x00, 0x00,
  0x00, 0x00, 0x00, 0x00, 0x00, 0x00, 0x00, 0x00, 0x00, 0x00,
  0x00, 0x00, 0x00, 0x00, 0x00, 0x00, 0x00, 0x00, 0x00, 0x00,
  0x00, 0x00, 0x00, 0x00, 0x00, 0x00, 0x00, 0x00, 0x00, 0x00,
  0x00, 0x00, 0x40, 0x00, 0x00, 0x00, 0xCB, 0xBE, 0x74, 0x3B,
  0x44, 0x9B, 0x88, 0x3B, 0x19, 0x84, 0x4D, 0x3B, 0x23, 0x83,
  0x5C, 0x3B, 0x40, 0x7E, 0x43, 0x3B, 0x41, 0x56, 0x4C, 0x3B,
  0xEA, 0x44, 0x55, 0x3B, 0xA4, 0x2D, 0x5C, 0x3B, 0x60, 0x56,
  0x50, 0x3B, 0x2F, 0x28, 0x6E, 0x3B, 0x27, 0xEB, 0x36, 0x3B,
  0x1C, 0x5A, 0x7D, 0x3B, 0x36, 0x57, 0x80, 0x3B, 0xE9, 0x42,
  0x55, 0x3B, 0x55, 0x52, 0x2D, 0x3B, 0x27, 0x50, 0x5C, 0x3B,
  0xC5, 0xEF, 0x87, 0x3B, 0x31, 0x0C, 0x2F, 0x3B, 0xA0, 0x3C,
  0x6A, 0x3B, 0x62, 0x50, 0x43, 0x3B, 0xD5, 0xF1, 0x7D, 0x3B,
  0xF5, 0x82, 0x88, 0x3B, 0x64, 0x78, 0x4C, 0x3B, 0x27, 0xD5,
  0x20, 0x3B, 0x5A, 0x04, 0x82, 0x3B, 0x4C, 0x7E, 0x32, 0x3B,
  0x90, 0x6A, 0x5D, 0x3B, 0x55, 0x3F, 0x83, 0x3B, 0xA7, 0xAE,
  0x81, 0x3B, 0x37, 0x67, 0x3D, 0x3B, 0xF5, 0xE6, 0x4B, 0x3B,
  0x07, 0xCC, 0x46, 0x3B, 0xA5, 0x4E, 0x63, 0x3B, 0x4B, 0x4F,
  0x3B, 0x3B, 0x05, 0x77, 0x3A, 0x3B, 0xF8, 0x4D, 0x9B, 0x3B,
  0xCF, 0x1F, 0x6B, 0x3B, 0x7C, 0x0F, 0x56, 0x3B, 0x9A, 0x3E,
  0x45, 0x3B, 0xAA, 0x3A, 0x7B, 0x3B, 0xEC, 0xA5, 0x34, 0x3B,
  0x4F, 0x95, 0x63, 0x3B, 0x52, 0x22, 0x61, 0x3B, 0x0D, 0x14,
  0x15, 0x3B, 0x51, 0x6F, 0x57, 0x3B, 0x8B, 0x65, 0x4E, 0x3B,
  0x66, 0x16, 0x44, 0x3B, 0x25, 0xC3, 0x84, 0x3B, 0xB5, 0x01,
  0x6F, 0x3B, 0x32, 0xEE, 0x02, 0x3B, 0x98, 0xA9, 0x50, 0x3B,
  0x9D, 0x5A, 0x5F, 0x3B, 0xDC, 0x25, 0x6C, 0x3B, 0x51, 0x19,
  0x80, 0x3B, 0x43, 0x67, 0x6B, 0x3B, 0xDE, 0x36, 0x86, 0x3B,
  0xAF, 0x93, 0x43, 0x3B, 0x63, 0x19, 0x81, 0x3B, 0xB2, 0x05,
  0x82, 0x3B, 0x9E, 0xE4, 0xE5, 0x3A, 0x22, 0x9C, 0x50, 0x3B,
  0xD9, 0x42, 0x70, 0x3B, 0x89, 0xCA, 0x55, 0x3B, 0xA8, 0x49,
  0x4B, 0x3B, 0x83, 0x00, 0x00, 0x00, 0x64, 0x61, 0x67, 0x68,
  0x65, 0x72, 0x6F, 0x5F, 0x63, 0x6E, 0x6E, 0x5F, 0x32, 0x6C,
  0x61, 0x79, 0x65, 0x72, 0x5F, 0x63, 0x6F, 0x6E, 0x76, 0x32,
  0x64, 0x2F, 0x71, 0x75, 0x61, 0x6E, 0x74, 0x5F, 0x63, 0x6F,
  0x6E, 0x76, 0x32, 0x2F, 0x43, 0x6F, 0x6E, 0x76, 0x32, 0x44,
  0x3B, 0x64, 0x61, 0x67, 0x68, 0x65, 0x72, 0x6F, 0x5F, 0x63,
  0x6E, 0x6E, 0x5F, 0x32, 0x6C, 0x61, 0x79, 0x65, 0x72, 0x5F,
  0x63, 0x6F, 0x6E, 0x76, 0x32, 0x64, 0x2F, 0x71, 0x75, 0x61,
  0x6E, 0x74, 0x5F, 0x63, 0x6F, 0x6E, 0x76, 0x32, 0x2F, 0x4C,
  0x61, 0x73, 0x74, 0x56, 0x61, 0x6C, 0x75, 0x65, 0x51, 0x75,
  0x61, 0x6E, 0x74, 0x2F, 0x46, 0x61, 0x6B, 0x65, 0x51, 0x75,
  0x61, 0x6E, 0x74, 0x57, 0x69, 0x74, 0x68, 0x4D, 0x69, 0x6E,
  0x4D, 0x61, 0x78, 0x56, 0x61, 0x72, 0x73, 0x50, 0x65, 0x72,
  0x43, 0x68, 0x61, 0x6E, 0x6E, 0x65, 0x6C, 0x00, 0x04, 0x00,
  0x00, 0x00, 0x40, 0x00, 0x00, 0x00, 0x07, 0x00, 0x00, 0x00,
  0x01, 0x00, 0x00, 0x00, 0x20, 0x00, 0x00, 0x00, 0x92, 0xF8,
  0xFF, 0xFF, 0x00, 0x00, 0x00, 0x01, 0x14, 0x00, 0x00, 0x00,
  0x34, 0x00, 0x00, 0x00, 0x08, 0x00, 0x00, 0x00, 0x00, 0x00,
  0x00, 0x09, 0x5C, 0x00, 0x00, 0x00, 0x7C, 0xF8, 0xFF, 0xFF,
  0x08, 0x00, 0x00, 0x00, 0x14, 0x00, 0x00, 0x00, 0x01, 0x00,
  0x00, 0x00, 0xA6, 0xFF, 0xFF, 0xFF, 0xFF, 0xFF, 0xFF, 0xFF,
  0x00, 0x00, 0x00, 0x00, 0x01, 0x00, 0x00, 0x00, 0x80, 0x21,
  0xE2, 0x3C, 0x2D, 0x00, 0x00, 0x00, 0x64, 0x61, 0x67, 0x68,
  0x65, 0x72, 0x6F, 0x5F, 0x63, 0x6E, 0x6E, 0x5F, 0x32, 0x6C,
  0x61, 0x79, 0x65, 0x72, 0x5F, 0x63, 0x6F, 0x6E, 0x76, 0x32,
  0x64, 0x2F, 0x71, 0x75, 0x61, 0x6E, 0x74, 0x5F, 0x70, 0x6F,
  0x6F, 0x6C, 0x31, 0x2F, 0x4D, 0x61, 0x78, 0x50, 0x6F, 0x6F,
  0x6C, 0x00, 0x00, 0x00, 0x04, 0x00, 0x00, 0x00, 0x01, 0x00,
  0x00, 0x00, 0x32, 0x00, 0x00, 0x00, 0x01, 0x00, 0x00, 0x00,
  0x20, 0x00, 0x00, 0x00, 0x1A, 0xF9, 0xFF, 0xFF, 0x00, 0x00,
  0x00, 0x01, 0x14, 0x00, 0x00, 0x00, 0x34, 0x00, 0x00, 0x00,
  0x07, 0x00, 0x00, 0x00, 0x00, 0x00, 0x00, 0x09, 0xBC, 0x00,
  0x00, 0x00, 0x04, 0xF9, 0xFF, 0xFF, 0x08, 0x00, 0x00, 0x00,
  0x14, 0x00, 0x00, 0x00, 0x01, 0x00, 0x00, 0x00, 0xA6, 0xFF,
  0xFF, 0xFF, 0xFF, 0xFF, 0xFF, 0xFF, 0x00, 0x00, 0x00, 0x00,
  0x01, 0x00, 0x00, 0x00, 0x80, 0x21, 0xE2, 0x3C, 0x8C, 0x00,
  0x00, 0x00, 0x64, 0x61, 0x67, 0x68, 0x65, 0x72, 0x6F, 0x5F,
  0x63, 0x6E, 0x6E, 0x5F, 0x32, 0x6C, 0x61, 0x79, 0x65, 0x72,
  0x5F, 0x63, 0x6F, 0x6E, 0x76, 0x32, 0x64, 0x2F, 0x71, 0x75,
  0x61, 0x6E, 0x74, 0x5F, 0x72, 0x65, 0x6C, 0x75, 0x31, 0x2F,
  0x52, 0x65, 0x6C, 0x75, 0x3B, 0x64, 0x61, 0x67, 0x68, 0x65,
  0x72, 0x6F, 0x5F, 0x63, 0x6E, 0x6E, 0x5F, 0x32, 0x6C, 0x61,
  0x79, 0x65, 0x72, 0x5F, 0x63, 0x6F, 0x6E, 0x76, 0x32, 0x64,
  0x2F, 0x71, 0x75, 0x61, 0x6E, 0x74, 0x5F, 0x62, 0x6E, 0x31,
  0x2F, 0x46, 0x75, 0x73, 0x65, 0x64, 0x42, 0x61, 0x74, 0x63,
  0x68, 0x4E, 0x6F, 0x72, 0x6D, 0x56, 0x33, 0x3B, 0x64, 0x61,
  0x67, 0x68, 0x65, 0x72, 0x6F, 0x5F, 0x63, 0x6E, 0x6E, 0x5F,
  0x32, 0x6C, 0x61, 0x79, 0x65, 0x72, 0x5F, 0x63, 0x6F, 0x6E,
  0x76, 0x32, 0x64, 0x2F, 0x71, 0x75, 0x61, 0x6E, 0x74, 0x5F,
  0x63, 0x6F, 0x6E, 0x76, 0x31, 0x2F, 0x43, 0x6F, 0x6E, 0x76,
  0x32, 0x44, 0x00, 0x00, 0x00, 0x00, 0x04, 0x00, 0x00, 0x00,
  0x01, 0x00, 0x00, 0x00, 0x64, 0x00, 0x00, 0x00, 0x01, 0x00,
  0x00, 0x00, 0x20, 0x00, 0x00, 0x00, 0x02, 0xFA, 0xFF, 0xFF,
  0x00, 0x00, 0x00, 0x01, 0x14, 0x00, 0x00, 0x00, 0xA8, 0x01,
  0x00, 0x00, 0x06, 0x00, 0x00, 0x00, 0x00, 0x00, 0x00, 0x02,
  0xD8, 0x01, 0x00, 0x00, 0xEC, 0xF9, 0xFF, 0xFF, 0x08, 0x00,
  0x00, 0x00, 0x0C, 0x01, 0x00, 0x00, 0x20, 0x00, 0x00, 0x00,
  0x00, 0x00, 0x00, 0x00, 0x00, 0x00, 0x00, 0x00, 0x00, 0x00,
  0x00, 0x00, 0x00, 0x00, 0x00, 0x00, 0x00, 0x00, 0x00, 0x00,
  0x00, 0x00, 0x00, 0x00, 0x00, 0x00, 0x00, 0x00, 0x00, 0x00,
  0x00, 0x00, 0x00, 0x00, 0x00, 0x00, 0x00, 0x00, 0x00, 0x00,
  0x00, 0x00, 0x00, 0x00, 0x00, 0x00, 0x00, 0x00, 0x00, 0x00,
  0x00, 0x00, 0x00, 0x00, 0x00, 0x00, 0x00, 0x00, 0x00, 0x00,
  0x00, 0x00, 0x00, 0x00, 0x00, 0x00, 0x00, 0x00, 0x00, 0x00,
  0x00, 0x00, 0x00, 0x00, 0x00, 0x00, 0x00, 0x00, 0x00, 0x00,
  0x00, 0x00, 0x00, 0x00, 0x00, 0x00, 0x00, 0x00, 0x00, 0x00,
  0x00, 0x00, 0x00, 0x00, 0x00, 0x00, 0x00, 0x00, 0x00, 0x00,
  0x00, 0x00, 0x00, 0x00, 0x00, 0x00, 0x00, 0x00, 0x00, 0x00,
  0x00, 0x00, 0x00, 0x00, 0x00, 0x00, 0x00, 0x00, 0x00, 0x00,
  0x00, 0x00, 0x00, 0x00, 0x00, 0x00, 0x00, 0x00, 0x00, 0x00,
  0x00, 0x00, 0x00, 0x00, 0x00, 0x00, 0x00, 0x00, 0x00, 0x00,
  0x00, 0x00, 0x00, 0x00, 0x00, 0x00, 0x00, 0x00, 0x00, 0x00,
  0x00, 0x00, 0x00, 0x00, 0x00, 0x00, 0x00, 0x00, 0x00, 0x00,
  0x00, 0x00, 0x00, 0x00, 0x00, 0x00, 0x00, 0x00, 0x00, 0x00,
  0x00, 0x00, 0x00, 0x00, 0x00, 0x00, 0x00, 0x00, 0x00, 0x00,
  0x00, 0x00, 0x00, 0x00, 0x00, 0x00, 0x00, 0x00, 0x00, 0x00,
  0x00, 0x00, 0x00, 0x00, 0x00, 0x00, 0x00, 0x00, 0x00, 0x00,
  0x00, 0x00, 0x00, 0x00, 0x00, 0x00, 0x00, 0x00, 0x00, 0x00,
  0x00, 0x00, 0x00, 0x00, 0x00, 0x00, 0x00, 0x00, 0x00, 0x00,
  0x00, 0x00, 0x00, 0x00, 0x00, 0x00, 0x00, 0x00, 0x00, 0x00,
  0x00, 0x00, 0x00, 0x00, 0x00, 0x00, 0x00, 0x00, 0x00, 0x00,
  0x00, 0x00, 0x00, 0x00, 0x00, 0x00, 0x00, 0x00, 0x00, 0x00,
  0x00, 0x00, 0x00, 0x00, 0x00, 0x00, 0x00, 0x00, 0x00, 0x00,
  0x20, 0x00, 0x00, 0x00, 0xFC, 0x20, 0x07, 0x39, 0xB8, 0x6E,
  0x27, 0x39, 0x61, 0x62, 0xE8, 0x38, 0x1E, 0x3E, 0xFC, 0x38,
  0x73, 0xD7, 0xC6, 0x38, 0x6F, 0xA8, 0x39, 0x39, 0x9F, 0xB9,
  0xFF, 0x38, 0xD2, 0xE9, 0xF8, 0x38, 0xFC, 0x95, 0x43, 0x39,
  0xCB, 0x96, 0xB9, 0x38, 0x83, 0x64, 0x9A, 0x38, 0xF0, 0x78,
  0xAF, 0x38, 0x39, 0x31, 0xDB, 0x38, 0x3C, 0x1E, 0x15, 0x39,
  0x9E, 0x6F, 0xC0, 0x38, 0xDE, 0x61, 0x16, 0x39, 0x90, 0x94,
  0xC6, 0x38, 0x19, 0xFC, 0x39, 0x39, 0x4B, 0xB4, 0x01, 0x39,
  0x3A, 0x77, 0x04, 0x39, 0x43, 0xA2, 0x0A, 0x39, 0x28, 0x8F,
  0x10, 0x39, 0x91, 0x02, 0x1C, 0x39, 0x60, 0x87, 0xEF, 0x38,
  0x15, 0x16, 0xF8, 0x38, 0x7C, 0x25, 0xAA, 0x38, 0xCC, 0xFD,
  0x22, 0x39, 0x0D, 0x10, 0xDA, 0x38, 0x92, 0x5F, 0xCD, 0x38,
  0x97, 0x31, 0x02, 0x39, 0x81, 0x74, 0x12, 0x39, 0x64, 0x9D,
  0x09, 0x39, 0x34, 0x00, 0x00, 0x00, 0x64, 0x61, 0x67, 0x68,
  0x65, 0x72, 0x6F, 0x5F, 0x63, 0x6E, 0x6E, 0x5F, 0x32, 0x6C,
  0x61, 0x79, 0x65, 0x72, 0x5F, 0x63, 0x6F, 0x6E, 0x76, 0x32,
  0x64, 0x2F, 0x71, 0x75, 0x61, 0x6E, 0x74, 0x5F, 0x62, 0x6E,
  0x31, 0x2F, 0x46, 0x75, 0x73, 0x65, 0x64, 0x42, 0x61, 0x74,
  0x63, 0x68, 0x4E, 0x6F, 0x72, 0x6D, 0x56, 0x33, 0x00, 0x00,
  0x00, 0x00, 0x01, 0x00, 0x00, 0x00, 0x20, 0x00, 0x00, 0x00,
  0xFA, 0xFB, 0xFF, 0xFF, 0x00, 0x00, 0x00, 0x01, 0x14, 0x00,
  0x00, 0x00, 0xA8, 0x01, 0x00, 0x00, 0x05, 0x00, 0x00, 0x00,
  0x00, 0x00, 0x00, 0x09, 0x24, 0x02, 0x00, 0x00, 0xE4, 0xFB,
  0xFF, 0xFF, 0x08, 0x00, 0x00, 0x00, 0x0C, 0x01, 0x00, 0x00,
  0x20, 0x00, 0x00, 0x00, 0x00, 0x00, 0x00, 0x00, 0x00, 0x00,
  0x00, 0x00, 0x00, 0x00, 0x00, 0x00, 0x00, 0x00, 0x00, 0x00,
  0x00, 0x00, 0x00, 0x00, 0x00, 0x00, 0x00, 0x00, 0x00, 0x00,
  0x00, 0x00, 0x00, 0x00, 0x00, 0x00, 0x00, 0x00, 0x00, 0x00,
  0x00, 0x00, 0x00, 0x00, 0x00, 0x00, 0x00, 0x00, 0x00, 0x00,
  0x00, 0x00, 0x00, 0x00, 0x00, 0x00, 0x00, 0x00, 0x00, 0x00,
  0x00, 0x00, 0x00, 0x00, 0x00, 0x00, 0x00, 0x00, 0x00, 0x00,
  0x00, 0x00, 0x00, 0x00, 0x00, 0x00, 0x00, 0x00, 0x00, 0x00,
  0x00, 0x00, 0x00, 0x00, 0x00, 0x00, 0x00, 0x00, 0x00, 0x00,
  0x00, 0x00, 0x00, 0x00, 0x00, 0x00, 0x00, 0x00, 0x00, 0x00,
  0x00, 0x00, 0x00, 0x00, 0x00, 0x00, 0x00, 0x00, 0x00, 0x00,
  0x00, 0x00, 0x00, 0x00, 0x00, 0x00, 0x00, 0x00, 0x00, 0x00,
  0x00, 0x00, 0x00, 0x00, 0x00, 0x00, 0x00, 0x00, 0x00, 0x00,
  0x00, 0x00, 0x00, 0x00, 0x00, 0x00, 0x00, 0x00, 0x00, 0x00,
  0x00, 0x00, 0x00, 0x00, 0x00, 0x00, 0x00, 0x00, 0x00, 0x00,
  0x00, 0x00, 0x00, 0x00, 0x00, 0x00, 0x00, 0x00, 0x00, 0x00,
  0x00, 0x00, 0x00, 0x00, 0x00, 0x00, 0x00, 0x00, 0x00, 0x00,
  0x00, 0x00, 0x00, 0x00, 0x00, 0x00, 0x00, 0x00, 0x00, 0x00,
  0x00, 0x00, 0x00, 0x00, 0x00, 0x00, 0x00, 0x00, 0x00, 0x00,
  0x00, 0x00, 0x00, 0x00, 0x00, 0x00, 0x00, 0x00, 0x00, 0x00,
  0x00, 0x00, 0x00, 0x00, 0x00, 0x00, 0x00, 0x00, 0x00, 0x00,
  0x00, 0x00, 0x00, 0x00, 0x00, 0x00, 0x00, 0x00, 0x00, 0x00,
  0x00, 0x00, 0x00, 0x00, 0x00, 0x00, 0x00, 0x00, 0x00, 0x00,
  0x00, 0x00, 0x00, 0x00, 0x00, 0x00, 0x00, 0x00, 0x00, 0x00,
  0x00, 0x00, 0x00, 0x00, 0x00, 0x00, 0x00, 0x00, 0x00, 0x00,
  0x00, 0x00, 0x00, 0x00, 0x00, 0x00, 0x00, 0x00, 0x00, 0x00,
  0x00, 0x00, 0x00, 0x00, 0x20, 0x00, 0x00, 0x00, 0x8D, 0xAE,
  0x83, 0x3B, 0x54, 0x29, 0xA3, 0x3B, 0xD6, 0x74, 0x62, 0x3B,
  0xE4, 0xCE, 0x75, 0x3B, 0xF3, 0xC4, 0x41, 0x3B, 0x07, 0xEC,
  0xB4, 0x3B, 0xA7, 0x33, 0x79, 0x3B, 0x56, 0x90, 0x72, 0x3B,
  0xBF, 0x98, 0xBE, 0x3B, 0xD7, 0xDA, 0x34, 0x3B, 0x48, 0x74,
  0x16, 0x3B, 0x0C, 0xFF, 0x2A, 0x3B, 0xD4, 0x99, 0x55, 0x3B,
  0x72, 0x50, 0x91, 0x3B, 0xF2, 0x86, 0x3B, 0x3B, 0xD3, 0x8B,
  0x92, 0x3B, 0xC4, 0x83, 0x41, 0x3B, 0x8F, 0x3D, 0xB5, 0x3B,
  0x90, 0xCA, 0x7C, 0x3B, 0x2F, 0x16, 0x81, 0x3B, 0xF0, 0x18,
  0x87, 0x3B, 0x23, 0xDF, 0x8C, 0x3B, 0xC6, 0x07, 0x98, 0x3B,
  0x2D, 0x6B, 0x69, 0x3B, 0x00, 0xC2, 0x71, 0x3B, 0x60, 0xCE,
  0x25, 0x3B, 0x69, 0xD5, 0x9E, 0x3B, 0x08, 0x80, 0x54, 0x3B,
  0x6B, 0x22, 0x48, 0x3B, 0xC4, 0xBE, 0x7D, 0x3B, 0x1B, 0xB8,
  0x8E, 0x3B, 0xB9, 0x1A, 0x86, 0x3B, 0x83, 0x00, 0x00, 0x00,
  0x64, 0x61, 0x67, 0x68, 0x65, 0x72, 0x6F, 0x5F, 0x63, 0x6E,
  0x6E, 0x5F, 0x32, 0x6C, 0x61, 0x79, 0x65, 0x72, 0x5F, 0x63,
  0x6F, 0x6E, 0x76, 0x32, 0x64, 0x2F, 0x71, 0x75, 0x61, 0x6E,
  0x74, 0x5F, 0x63, 0x6F, 0x6E, 0x76, 0x31, 0x2F, 0x43, 0x6F,
  0x6E, 0x76, 0x32, 0x44, 0x3B, 0x64, 0x61, 0x67, 0x68, 0x65,
  0x72, 0x6F, 0x5F, 0x63, 0x6E, 0x6E, 0x5F, 0x32, 0x6C, 0x61,
  0x79, 0x65, 0x72, 0x5F, 0x63, 0x6F, 0x6E, 0x76, 0x32, 0x64,
  0x2F, 0x71, 0x75, 0x61, 0x6E, 0x74, 0x5F, 0x63, 0x6F, 0x6E,
  0x76, 0x31, 0x2F, 0x4C, 0x61, 0x73, 0x74, 0x56, 0x61, 0x6C,
  0x75, 0x65, 0x51, 0x75, 0x61, 0x6E, 0x74, 0x2F, 0x46, 0x61,
  0x6B, 0x65, 0x51, 0x75, 0x61, 0x6E, 0x74, 0x57, 0x69, 0x74,
  0x68, 0x4D, 0x69, 0x6E, 0x4D, 0x61, 0x78, 0x56, 0x61, 0x72,
  0x73, 0x50, 0x65, 0x72, 0x43, 0x68, 0x61, 0x6E, 0x6E, 0x65,
  0x6C, 0x00, 0x04, 0x00, 0x00, 0x00, 0x20, 0x00, 0x00, 0x00,
  0x07, 0x00, 0x00, 0x00, 0x01, 0x00, 0x00, 0x00, 0x03, 0x00,
  0x00, 0x00, 0x4A, 0xFE, 0xFF, 0xFF, 0x00, 0x00, 0x00, 0x01,
  0x14, 0x00, 0x00, 0x00, 0x34, 0x00, 0x00, 0x00, 0x04, 0x00,
  0x00, 0x00, 0x00, 0x00, 0x00, 0x09, 0xB4, 0x00, 0x00, 0x00,
  0x34, 0xFE, 0xFF, 0xFF, 0x08, 0x00, 0x00, 0x00, 0x14, 0x00,
  0x00, 0x00, 0x01, 0x00, 0x00, 0x00, 0x02, 0x00, 0x00, 0x00,
  0x00, 0x00, 0x00, 0x00, 0x00, 0x00, 0x00, 0x00, 0x01, 0x00,
  0x00, 0x00, 0xC3, 0x59, 0x03, 0x3D, 0x85, 0x00, 0x00, 0x00,
  0x64, 0x61, 0x67, 0x68, 0x65, 0x72, 0x6F, 0x5F, 0x63, 0x6E,
  0x6E, 0x5F, 0x32, 0x6C, 0x61, 0x79, 0x65, 0x72, 0x5F, 0x63,
  0x6F, 0x6E, 0x76, 0x32, 0x64, 0x2F, 0x71, 0x75, 0x61, 0x6E,
  0x74, 0x5F, 0x72, 0x65, 0x73, 0x68, 0x61, 0x70, 0x65, 0x5F,
  0x69, 0x6E, 0x2F, 0x52, 0x65, 0x73, 0x68, 0x61, 0x70, 0x65,
  0x3B, 0x64, 0x61, 0x67, 0x68, 0x65, 0x72, 0x6F, 0x5F, 0x63,
  0x6E, 0x6E, 0x5F, 0x32, 0x6C, 0x61, 0x79, 0x65, 0x72, 0x5F,
  0x63, 0x6F, 0x6E, 0x76, 0x32, 0x64, 0x2F, 0x71, 0x75, 0x61,
  0x6E, 0x74, 0x69, 0x7A, 0x65, 0x5F, 0x6C, 0x61, 0x79, 0x65,
  0x72, 0x2F, 0x41, 0x6C, 0x6C, 0x56, 0x61, 0x6C, 0x75, 0x65,
  0x73, 0x51, 0x75, 0x61, 0x6E, 0x74, 0x69, 0x7A, 0x65, 0x2F,
  0x46, 0x61, 0x6B, 0x65, 0x51, 0x75, 0x61, 0x6E, 0x74, 0x57,
  0x69, 0x74, 0x68, 0x4D, 0x69, 0x6E, 0x4D, 0x61, 0x78, 0x56,
  0x61, 0x72, 0x73, 0x00, 0x00, 0x00, 0x04, 0x00, 0x00, 0x00,
  0x01, 0x00, 0x00, 0x00, 0x64, 0x00, 0x00, 0x00, 0x01, 0x00,
  0x00, 0x00, 0x03, 0x00, 0x00, 0x00, 0x2A, 0xFF, 0xFF, 0xFF,
  0x00, 0x00, 0x00, 0x01, 0x14, 0x00, 0x00, 0x00, 0x14, 0x00,
  0x00, 0x00, 0x03, 0x00, 0x00, 0x00, 0x00, 0x00, 0x00, 0x02,
  0x48, 0x00, 0x00, 0x00, 0x98, 0xFF, 0xFF, 0xFF, 0x38, 0x00,
  0x00, 0x00, 0x64, 0x61, 0x67, 0x68, 0x65, 0x72, 0x6F, 0x5F,
  0x63, 0x6E, 0x6E, 0x5F, 0x32, 0x6C, 0x61, 0x79, 0x65, 0x72,
  0x5F, 0x63, 0x6F, 0x6E, 0x76, 0x32, 0x64, 0x2F, 0x71, 0x75,
  0x61, 0x6E, 0x74, 0x5F, 0x72, 0x65, 0x73, 0x68, 0x61, 0x70,
  0x65, 0x5F, 0x69, 0x6E, 0x2F, 0x52, 0x65, 0x73, 0x68, 0x61,
  0x70, 0x65, 0x2F, 0x73, 0x68, 0x61, 0x70, 0x65, 0x00, 0x00,
  0x00, 0x00, 0x01, 0x00, 0x00, 0x00, 0x04, 0x00, 0x00, 0x00,
  0x92, 0xFF, 0xFF, 0xFF, 0x00, 0x00, 0x00, 0x01, 0x18, 0x00,
  0x00, 0x00, 0x18, 0x00, 0x00, 0x00, 0x02, 0x00, 0x00, 0x00,
  0x00, 0x00, 0x00, 0x02, 0x4C, 0x00, 0x00, 0x00, 0x04, 0x00,
  0x04, 0x00, 0x04, 0x00, 0x00, 0x00, 0x3A, 0x00, 0x00, 0x00,
  0x64, 0x61, 0x67, 0x68, 0x65, 0x72, 0x6F, 0x5F, 0x63, 0x6E,
  0x6E, 0x5F, 0x32, 0x6C, 0x61, 0x79, 0x65, 0x72, 0x5F, 0x63,
  0x6F, 0x6E, 0x76, 0x32, 0x64, 0x2F, 0x71, 0x75, 0x61, 0x6E,
  0x74, 0x5F, 0x67, 0x61, 0x70, 0x2F, 0x4D, 0x65, 0x61, 0x6E,
  0x2F, 0x72, 0x65, 0x64, 0x75, 0x63, 0x74, 0x69, 0x6F, 0x6E,
  0x5F, 0x69, 0x6E, 0x64, 0x69, 0x63, 0x65, 0x73, 0x00, 0x00,
  0x01, 0x00, 0x00, 0x00, 0x02, 0x00, 0x00, 0x00, 0x00, 0x00,
  0x16, 0x00, 0x1C, 0x00, 0x18, 0x00, 0x17, 0x00, 0x10, 0x00,
  0x0C, 0x00, 0x08, 0x00, 0x00, 0x00, 0x00, 0x00, 0x00, 0x00,
  0x07, 0x00, 0x16, 0x00, 0x00, 0x00, 0x00, 0x00, 0x00, 0x01,
  0x20, 0x00, 0x00, 0x00, 0x40, 0x00, 0x00, 0x00, 0x01, 0x00,
  0x00, 0x00, 0x00, 0x00, 0x00, 0x09, 0x50, 0x00, 0x00, 0x00,
  0x0C, 0x00, 0x0C, 0x00, 0x00, 0x00, 0x00, 0x00, 0x08, 0x00,
  0x04, 0x00, 0x0C, 0x00, 0x00, 0x00, 0x08, 0x00, 0x00, 0x00,
  0x14, 0x00, 0x00, 0x00, 0x01, 0x00, 0x00, 0x00, 0x02, 0x00,
  0x00, 0x00, 0x00, 0x00, 0x00, 0x00, 0x00, 0x00, 0x00, 0x00,
  0x01, 0x00, 0x00, 0x00, 0xC3, 0x59, 0x03, 0x3D, 0x17, 0x00,
  0x00, 0x00, 0x73, 0x65, 0x72, 0x76, 0x69, 0x6E, 0x67, 0x5F,
  0x64, 0x65, 0x66, 0x61, 0x75, 0x6C, 0x74, 0x5F, 0x69, 0x6E,
  0x70, 0x75, 0x74, 0x3A, 0x30, 0x00, 0x03, 0x00, 0x00, 0x00,
  0x01, 0x00, 0x00, 0x00, 0x64, 0x00, 0x00, 0x00, 0x03, 0x00,
  0x00, 0x00, 0x06, 0x00, 0x00, 0x00, 0x80, 0x00, 0x00, 0x00,
  0x60, 0x00, 0x00, 0x00, 0x40, 0x00, 0x00, 0x00, 0x2C, 0x00,
  0x00, 0x00, 0x18, 0x00, 0x00, 0x00, 0x04, 0x00, 0x00, 0x00,
  0xC0, 0xFF, 0xFF, 0xFF, 0x19, 0x00, 0x00, 0x00, 0x02, 0x00,
  0x00, 0x00, 0x00, 0x00, 0x00, 0x19, 0xD0, 0xFF, 0xFF, 0xFF,
  0x09, 0x00, 0x00, 0x00, 0x04, 0x00, 0x00, 0x00, 0x00, 0x00,
  0x00, 0x09, 0xE0, 0xFF, 0xFF, 0xFF, 0x28, 0x00, 0x00, 0x00,
  0x02, 0x00, 0x00, 0x00, 0x00, 0x00, 0x00, 0x28, 0xF0, 0xFF,
  0xFF, 0xFF, 0x11, 0x00, 0x00, 0x00, 0x02, 0x00, 0x00, 0x00,
  0x00, 0x00, 0x00, 0x11, 0x0C, 0x00, 0x10, 0x00, 0x0F, 0x00,
  0x00, 0x00, 0x08, 0x00, 0x04, 0x00, 0x0C, 0x00, 0x00, 0x00,
  0x03, 0x00, 0x00, 0x00, 0x03, 0x00, 0x00, 0x00, 0x00, 0x00,
  0x00, 0x03, 0x0C, 0x00, 0x0C, 0x00, 0x0B, 0x00, 0x00, 0x00,
  0x00, 0x00, 0x04, 0x00, 0x0C, 0x00, 0x00, 0x00, 0x16, 0x00,
  0x00, 0x00, 0x00, 0x00, 0x00, 0x16
};
unsigned int daghero_no_accel_rotation_t100_qat_len = 27376;
