/* Converted from E08_T50_window/no_accel_rotation/daghero_cnn_2layer_conv2d/e08/daghero_cnn_2layer_conv2d_T50_Prandom_stratified_E08_daghero_cnn_2layer_conv2d_r0_qat.tflite */
const unsigned char daghero_no_accel_rotation_t50_qat[] = {
  0x20, 0x00, 0x00, 0x00, 0x54, 0x46, 0x4C, 0x33, 0x00, 0x00,
  0x00, 0x00, 0x14, 0x00, 0x20, 0x00, 0x1C, 0x00, 0x18, 0x00,
  0x14, 0x00, 0x10, 0x00, 0x0C, 0x00, 0x00, 0x00, 0x08, 0x00,
  0x04, 0x00, 0x14, 0x00, 0x00, 0x00, 0x1C, 0x00, 0x00, 0x00,
  0x98, 0x00, 0x00, 0x00, 0xF0, 0x00, 0x00, 0x00, 0x44, 0x51,
  0x00, 0x00, 0x54, 0x51, 0x00, 0x00, 0x28, 0x6A, 0x00, 0x00,
  0x03, 0x00, 0x00, 0x00, 0x01, 0x00, 0x00, 0x00, 0x10, 0x00,
  0x00, 0x00, 0x00, 0x00, 0x0A, 0x00, 0x10, 0x00, 0x0C, 0x00,
  0x08, 0x00, 0x04, 0x00, 0x0A, 0x00, 0x00, 0x00, 0x0C, 0x00,
  0x00, 0x00, 0x1C, 0x00, 0x00, 0x00, 0x44, 0x00, 0x00, 0x00,
  0x0F, 0x00, 0x00, 0x00, 0x73, 0x65, 0x72, 0x76, 0x69, 0x6E,
  0x67, 0x5F, 0x64, 0x65, 0x66, 0x61, 0x75, 0x6C, 0x74, 0x00,
  0x01, 0x00, 0x00, 0x00, 0x04, 0x00, 0x00, 0x00, 0x90, 0xFF,
  0xFF, 0xFF, 0x13, 0x00, 0x00, 0x00, 0x04, 0x00, 0x00, 0x00,
  0x10, 0x00, 0x00, 0x00, 0x71, 0x75, 0x61, 0x6E, 0x74, 0x5F,
  0x63, 0x6C, 0x61, 0x73, 0x73, 0x69, 0x66, 0x69, 0x65, 0x72,
  0x00, 0x00, 0x00, 0x00, 0x01, 0x00, 0x00, 0x00, 0x04, 0x00,
  0x00, 0x00, 0xA6, 0xAE, 0xFF, 0xFF, 0x04, 0x00, 0x00, 0x00,
  0x05, 0x00, 0x00, 0x00, 0x69, 0x6E, 0x70, 0x75, 0x74, 0x00,
  0x00, 0x00, 0x02, 0x00, 0x00, 0x00, 0x34, 0x00, 0x00, 0x00,
  0x04, 0x00, 0x00, 0x00, 0xDC, 0xFF, 0xFF, 0xFF, 0x16, 0x00,
  0x00, 0x00, 0x04, 0x00, 0x00, 0x00, 0x13, 0x00, 0x00, 0x00,
  0x43, 0x4F, 0x4E, 0x56, 0x45, 0x52, 0x53, 0x49, 0x4F, 0x4E,
  0x5F, 0x4D, 0x45, 0x54, 0x41, 0x44, 0x41, 0x54, 0x41, 0x00,
  0x08, 0x00, 0x0C, 0x00, 0x08, 0x00, 0x04, 0x00, 0x08, 0x00,
  0x00, 0x00, 0x15, 0x00, 0x00, 0x00, 0x04, 0x00, 0x00, 0x00,
  0x13, 0x00, 0x00, 0x00, 0x6D, 0x69, 0x6E, 0x5F, 0x72, 0x75,
  0x6E, 0x74, 0x69, 0x6D, 0x65, 0x5F, 0x76, 0x65, 0x72, 0x73,
  0x69, 0x6F, 0x6E, 0x00, 0x17, 0x00, 0x00, 0x00, 0x50, 0x50,
  0x00, 0x00, 0x48, 0x50, 0x00, 0x00, 0x30, 0x50, 0x00, 0x00,
  0x10, 0x50, 0x00, 0x00, 0x08, 0x50, 0x00, 0x00, 0x58, 0x4D,
  0x00, 0x00, 0xC8, 0x4C, 0x00, 0x00, 0xC0, 0x4C, 0x00, 0x00,
  0xB8, 0x4C, 0x00, 0x00, 0xA8, 0x14, 0x00, 0x00, 0x98, 0x13,
  0x00, 0x00, 0x90, 0x13, 0x00, 0x00, 0x88, 0x13, 0x00, 0x00,
  0x80, 0x13, 0x00, 0x00, 0x70, 0x03, 0x00, 0x00, 0x60, 0x02,
  0x00, 0x00, 0x58, 0x02, 0x00, 0x00, 0xC8, 0x00, 0x00, 0x00,
  0xA0, 0x00, 0x00, 0x00, 0x98, 0x00, 0x00, 0x00, 0x90, 0x00,
  0x00, 0x00, 0x70, 0x00, 0x00, 0x00, 0x04, 0x00, 0x00, 0x00,
  0x76, 0xAF, 0xFF, 0xFF, 0x04, 0x00, 0x00, 0x00, 0x5C, 0x00,
  0x00, 0x00, 0x0C, 0x00, 0x00, 0x00, 0x08, 0x00, 0x0E, 0x00,
  0x08, 0x00, 0x04, 0x00, 0x08, 0x00, 0x00, 0x00, 0x10, 0x00,
  0x00, 0x00, 0x2C, 0x00, 0x00, 0x00, 0x00, 0x00, 0x06, 0x00,
  0x08, 0x00, 0x04, 0x00, 0x06, 0x00, 0x00, 0x00, 0x04, 0x00,
  0x00, 0x00, 0x02, 0x00, 0x00, 0x00, 0xEB, 0x03, 0x00, 0x00,
  0xD0, 0x07, 0x00, 0x00, 0x00, 0x00, 0x0A, 0x00, 0x10, 0x00,
  0x0C, 0x00, 0x08, 0x00, 0x04, 0x00, 0x0A, 0x00, 0x00, 0x00,
  0x02, 0x00, 0x00, 0x00, 0x02, 0x00, 0x00, 0x00, 0x04, 0x00,
  0x00, 0x00, 0x06, 0x00, 0x00, 0x00, 0x32, 0x2E, 0x31, 0x34,
  0x2E, 0x31, 0x00, 0x00, 0xDE, 0xAF, 0xFF, 0xFF, 0x04, 0x00,
  0x00, 0x00, 0x10, 0x00, 0x00, 0x00, 0x31, 0x2E, 0x31, 0x34,
  0x2E, 0x30, 0x00, 0x00, 0x00, 0x00, 0x00, 0x00, 0x00, 0x00,
  0x00, 0x00, 0x80, 0x98, 0xFF, 0xFF, 0x84, 0x98, 0xFF, 0xFF,
  0x02, 0xB0, 0xFF, 0xFF, 0x04, 0x00, 0x00, 0x00, 0x18, 0x00,
  0x00, 0x00, 0xDC, 0xFF, 0xFF, 0xFF, 0xD7, 0xFF, 0xFF, 0xFF,
  0x13, 0x00, 0x00, 0x00, 0x27, 0x00, 0x00, 0x00, 0xC2, 0xFF,
  0xFF, 0xFF, 0x70, 0x00, 0x00, 0x00, 0x26, 0xB0, 0xFF, 0xFF,
  0x04, 0x00, 0x00, 0x00, 0x80, 0x01, 0x00, 0x00, 0x21, 0x1B,
  0xF5, 0xF5, 0xF2, 0xF0, 0xEB, 0x04, 0xCE, 0xF8, 0x07, 0xE8,
  0xE1, 0xEC, 0xEA, 0xF7, 0xFB, 0xDA, 0x0E, 0xF0, 0x14, 0xF7,
  0x01, 0xF0, 0x15, 0x0A, 0xF9, 0xEB, 0x02, 0xF9, 0x13, 0x04,
  0xFC, 0xED, 0xFB, 0xF3, 0xED, 0xE5, 0xED, 0xF0, 0x0D, 0x10,
  0x05, 0xF1, 0x0C, 0x36, 0x0A, 0xF4, 0x13, 0x0C, 0x18, 0x0A,
  0xFC, 0xF9, 0xF0, 0x04, 0x0C, 0x13, 0x00, 0xFB, 0xFF, 0x04,
  0x0D, 0x0A, 0x04, 0x15, 0x02, 0xF0, 0xFF, 0xF8, 0xFC, 0x03,
  0x81, 0x07, 0x0B, 0x0C, 0x04, 0x0C, 0x0E, 0x14, 0x06, 0xE8,
  0x07, 0x11, 0xEA, 0xF0, 0xFF, 0xFB, 0x01, 0x01, 0x09, 0x03,
  0xF5, 0x04, 0xE9, 0xE9, 0xEF, 0x02, 0x11, 0x04, 0xFB, 0xF9,
  0xF5, 0xFD, 0x0A, 0x08, 0x02, 0x11, 0x0A, 0xFB, 0xF7, 0x10,
  0xFB, 0x04, 0xFE, 0xE1, 0x0D, 0xF9, 0xE8, 0xED, 0xF8, 0xEA,
  0x10, 0x0D, 0xED, 0x09, 0x0B, 0xEE, 0xE1, 0xDD, 0x04, 0xFC,
  0x0B, 0xDE, 0x0B, 0x02, 0xEB, 0xF8, 0x02, 0x01, 0xEB, 0x04,
  0xF8, 0xF9, 0xF9, 0xE9, 0x01, 0xF6, 0xEC, 0x0F, 0xDD, 0xE3,
  0xEF, 0x01, 0x07, 0x09, 0x0C, 0x01, 0xF0, 0x01, 0xED, 0xE4,
  0xEB, 0xF7, 0x05, 0x1F, 0x20, 0x12, 0xF3, 0x02, 0x0B, 0xFF,
  0x09, 0xE4, 0xE8, 0xFF, 0x0D, 0xFA, 0xF3, 0xF3, 0x0C, 0x04,
  0xFB, 0x05, 0xF3, 0x09, 0xF4, 0xF3, 0x0F, 0x0C, 0xF4, 0xEF,
  0xF7, 0xF2, 0xE9, 0xE1, 0xF4, 0xDE, 0x08, 0x0C, 0xD4, 0x0F,
  0xF0, 0x02, 0x1E, 0xFA, 0xFE, 0xF5, 0x0A, 0xD7, 0xEA, 0x08,
  0x03, 0x08, 0x12, 0x17, 0xF6, 0xEA, 0xF3, 0x06, 0xEF, 0x10,
  0x0E, 0x0A, 0x06, 0x1D, 0x09, 0xF4, 0x00, 0xF8, 0xE8, 0xF3,
  0xF6, 0xEF, 0xF2, 0xF5, 0xE1, 0xD9, 0x14, 0xF5, 0xE6, 0xF7,
  0x04, 0x0E, 0xE9, 0x0F, 0x12, 0xFC, 0x09, 0xF0, 0x02, 0x00,
  0xFE, 0x0A, 0xFF, 0x03, 0xFE, 0xF2, 0xE8, 0x12, 0x0D, 0x0F,
  0x04, 0xF2, 0x07, 0x19, 0xF8, 0xF3, 0x00, 0xDF, 0xF3, 0xFC,
  0xFD, 0x0F, 0xF4, 0x13, 0x16, 0x0A, 0xF7, 0xFA, 0xFC, 0xFF,
  0xF5, 0x08, 0xF8, 0xEE, 0xED, 0x00, 0x03, 0xF6, 0xF4, 0x11,
  0xF9, 0xF8, 0xF7, 0xF9, 0x0C, 0x05, 0x01, 0xF8, 0x03, 0xE9,
  0x02, 0xF0, 0x00, 0xF9, 0x14, 0x0B, 0xF0, 0x08, 0xFF, 0xFF,
  0xF4, 0xEA, 0x04, 0xF7, 0xFD, 0xF7, 0x0B, 0x07, 0x09, 0x0B,
  0x02, 0x13, 0xFC, 0x16, 0xF0, 0xCD, 0x18, 0xE4, 0x02, 0x0B,
  0x08, 0x04, 0xFD, 0x07, 0xEA, 0x15, 0xEB, 0xFC, 0xE4, 0xF7,
  0x01, 0x11, 0xFC, 0xF0, 0xEC, 0xDD, 0xEE, 0xEF, 0x03, 0xFF,
  0x09, 0x14, 0x03, 0xE0, 0xE3, 0x10, 0x0D, 0x02, 0xF4, 0xEF,
  0xED, 0x03, 0x02, 0x06, 0x00, 0xF5, 0x07, 0xF3, 0xE2, 0xE6,
  0xFA, 0xF2, 0x0E, 0x07, 0xEB, 0x00, 0x04, 0xFA, 0x0B, 0xCD,
  0xF6, 0xF3, 0x38, 0x9A, 0xFF, 0xFF, 0xB6, 0xB1, 0xFF, 0xFF,
  0x04, 0x00, 0x00, 0x00, 0x00, 0x01, 0x00, 0x00, 0x2B, 0x01,
  0x00, 0x00, 0xF2, 0x02, 0x00, 0x00, 0x96, 0xFA, 0xFF, 0xFF,
  0xBD, 0x0B, 0x00, 0x00, 0xAA, 0xFF, 0xFF, 0xFF, 0xCA, 0x0C,
  0x00, 0x00, 0x05, 0x02, 0x00, 0x00, 0x33, 0xFC, 0xFF, 0xFF,
  0x31, 0x13, 0x00, 0x00, 0x32, 0x05, 0x00, 0x00, 0x8F, 0xFA,
  0xFF, 0xFF, 0x43, 0x07, 0x00, 0x00, 0x8E, 0x04, 0x00, 0x00,
  0x92, 0xFE, 0xFF, 0xFF, 0x2A, 0xFF, 0xFF, 0xFF, 0x0E, 0xFC,
  0xFF, 0xFF, 0x4C, 0x01, 0x00, 0x00, 0x16, 0x10, 0x00, 0x00,
  0x16, 0x00, 0x00, 0x00, 0x61, 0x04, 0x00, 0x00, 0x81, 0x06,
  0x00, 0x00, 0x5C, 0x01, 0x00, 0x00, 0xCC, 0x04, 0x00, 0x00,
  0xDA, 0x08, 0x00, 0x00, 0xEF, 0xFE, 0xFF, 0xFF, 0x6D, 0xFF,
  0xFF, 0xFF, 0xF9, 0xFF, 0xFF, 0xFF, 0x2B, 0x01, 0x00, 0x00,
  0xA3, 0xFF, 0xFF, 0xFF, 0x9A, 0x00, 0x00, 0x00, 0x77, 0x03,
  0x00, 0x00, 0x8A, 0x03, 0x00, 0x00, 0x3D, 0x08, 0x00, 0x00,
  0x4A, 0x08, 0x00, 0x00, 0xC9, 0x00, 0x00, 0x00, 0x14, 0x05,
  0x00, 0x00, 0xFC, 0xFF, 0xFF, 0xFF, 0xB9, 0x07, 0x00, 0x00,
  0x89, 0x07, 0x00, 0x00, 0xB8, 0x01, 0x00, 0x00, 0xAC, 0xFF,
  0xFF, 0xFF, 0x78, 0xFE, 0xFF, 0xFF, 0xDC, 0xFC, 0xFF, 0xFF,
  0x4D, 0xFB, 0xFF, 0xFF, 0xA0, 0x01, 0x00, 0x00, 0x81, 0x02,
  0x00, 0x00, 0x44, 0x03, 0x00, 0x00, 0xCE, 0xFC, 0xFF, 0xFF,
  0x95, 0x03, 0x00, 0x00, 0xB8, 0xFE, 0xFF, 0xFF, 0x92, 0x03,
  0x00, 0x00, 0x65, 0x02, 0x00, 0x00, 0xB3, 0xF9, 0xFF, 0xFF,
  0x70, 0x01, 0x00, 0x00, 0x67, 0x07, 0x00, 0x00, 0x5A, 0x03,
  0x00, 0x00, 0x30, 0xFF, 0xFF, 0xFF, 0x88, 0x02, 0x00, 0x00,
  0xD6, 0xFF, 0xFF, 0xFF, 0x01, 0x00, 0x00, 0x00, 0x46, 0x03,
  0x00, 0x00, 0xEB, 0xFC, 0xFF, 0xFF, 0xC3, 0xFF, 0xFF, 0xFF,
  0xE3, 0x00, 0x00, 0x00, 0xC2, 0xB2, 0xFF, 0xFF, 0x04, 0x00,
  0x00, 0x00, 0x00, 0x10, 0x00, 0x00, 0x1A, 0xC0, 0xD2, 0xE1,
  0x10, 0x3B, 0x21, 0x0A, 0x04, 0xFC, 0x19, 0xEF, 0xF0, 0x0A,
  0x06, 0xC6, 0xCF, 0xF5, 0x29, 0x03, 0xDE, 0xF0, 0x0E, 0xFB,
  0x15, 0xDD, 0x08, 0x0F, 0x1D, 0x0D, 0x05, 0x06, 0xFE, 0x16,
  0x04, 0x0E, 0x24, 0x02, 0x09, 0x14, 0xE6, 0x1F, 0xFA, 0x0C,
  0x25, 0xC8, 0x21, 0xFF, 0xBA, 0x05, 0x10, 0xD9, 0xED, 0xE1,
  0xE4, 0xFA, 0x04, 0x17, 0x00, 0xD2, 0x13, 0x15, 0x30, 0xC6,
  0x09, 0xC3, 0xCE, 0xE0, 0x07, 0x5A, 0x1C, 0x07, 0xF9, 0x00,
  0x14, 0xE8, 0xF0, 0xFC, 0x1A, 0xDE, 0xD1, 0xED, 0x3E, 0x00,
  0xE7, 0xFF, 0xFA, 0x0B, 0x30, 0xDE, 0x11, 0xFB, 0x0C, 0x17,
  0x20, 0x13, 0x0A, 0x17, 0x0A, 0x1B, 0x17, 0x09, 0xEE, 0x12,
  0xD3, 0x4E, 0xEC, 0x13, 0x10, 0xE0, 0x2A, 0xFD, 0xE2, 0x0A,
  0x20, 0xCF, 0xF9, 0xD1, 0xDC, 0xEF, 0x05, 0x02, 0x15, 0xF4,
  0xFC, 0x11, 0x1D, 0xF2, 0x00, 0xEA, 0xFC, 0x10, 0xF1, 0x13,
  0x14, 0x15, 0x0B, 0x09, 0x14, 0x01, 0xF7, 0xDA, 0x05, 0xE5,
  0x03, 0xEA, 0x12, 0xF4, 0x0F, 0xED, 0xFE, 0x0A, 0xFB, 0x25,
  0x03, 0xEF, 0x05, 0x12, 0x10, 0xFF, 0xEE, 0xFE, 0x01, 0x09,
  0x16, 0xDC, 0x10, 0x08, 0x27, 0x15, 0x06, 0x0B, 0xFF, 0x01,
  0x13, 0xF3, 0x08, 0x07, 0x00, 0x02, 0xF6, 0x09, 0xD4, 0xF6,
  0xE0, 0x11, 0x14, 0x07, 0xF8, 0xFB, 0xFB, 0x01, 0xDC, 0x10,
  0x21, 0xCE, 0xF8, 0xE8, 0x16, 0xE4, 0xF4, 0xE2, 0xCA, 0xD4,
  0x2A, 0x15, 0xAB, 0x0D, 0x18, 0x16, 0xE9, 0xFE, 0xD3, 0xF3,
  0xFC, 0xF4, 0x03, 0xE1, 0xED, 0x09, 0xCD, 0xFF, 0xC2, 0x11,
  0xCB, 0xF8, 0x0A, 0xEA, 0xE7, 0xF7, 0xDA, 0xE5, 0xDD, 0xF2,
  0xDB, 0x12, 0xF3, 0x0B, 0xFF, 0xFC, 0x10, 0x1F, 0xEA, 0x03,
  0xDB, 0x0C, 0xF3, 0x15, 0xF4, 0xC0, 0xBA, 0x13, 0x0B, 0xE4,
  0x09, 0x02, 0x0A, 0x16, 0x05, 0xFC, 0x00, 0x11, 0x00, 0x15,
  0xF6, 0x15, 0x07, 0xF2, 0x0B, 0xF8, 0xE4, 0x20, 0xFB, 0x02,
  0x01, 0x07, 0x11, 0x06, 0xFB, 0x08, 0xED, 0x08, 0xF4, 0xE2,
  0xE9, 0x0E, 0xE4, 0x1A, 0x03, 0xE5, 0x06, 0xF6, 0x13, 0x09,
  0x01, 0xEC, 0x15, 0x07, 0xE2, 0x11, 0xEB, 0x12, 0xD7, 0x00,
  0x03, 0x0D, 0x01, 0xF8, 0xFC, 0x0F, 0x04, 0xFF, 0x13, 0xFF,
  0x03, 0xF2, 0x0A, 0x09, 0xEC, 0x08, 0xDC, 0x09, 0x0C, 0xE3,
  0x00, 0xFB, 0xF5, 0xB2, 0xC4, 0xB0, 0xE4, 0xD0, 0x1A, 0x0B,
  0xE4, 0xF8, 0x07, 0x1A, 0xE0, 0xFA, 0xDC, 0xD0, 0xF3, 0xBE,
  0x02, 0xE2, 0x0B, 0x27, 0xDB, 0xE5, 0xBF, 0xFC, 0xD4, 0xFB,
  0x1F, 0xEB, 0xED, 0xC5, 0xD5, 0xFA, 0xF3, 0xDB, 0xD8, 0xF7,
  0xF3, 0x12, 0x00, 0xD5, 0x0A, 0x1A, 0xD1, 0x08, 0xF0, 0x0F,
  0xCF, 0x09, 0xFB, 0xCD, 0xD7, 0x13, 0xDA, 0xE3, 0xE9, 0x04,
  0xF0, 0x1D, 0x1D, 0xF8, 0xF7, 0xC4, 0xE1, 0x0A, 0x04, 0x0A,
  0x09, 0x1D, 0x23, 0x16, 0xFA, 0xF2, 0x13, 0x0E, 0xD3, 0x04,
  0x0E, 0xF9, 0x0B, 0x10, 0xF2, 0x01, 0xEF, 0x10, 0x09, 0xEF,
  0xF4, 0x02, 0x09, 0xF2, 0x0A, 0xDD, 0xD8, 0x0F, 0x12, 0xFF,
  0x1E, 0xD1, 0xF7, 0x01, 0xEE, 0xFE, 0xD8, 0x0C, 0x10, 0x13,
  0xE8, 0x08, 0x17, 0x13, 0x03, 0x07, 0x14, 0xFA, 0x0D, 0x03,
  0xF6, 0xE6, 0xD5, 0x05, 0x09, 0x0A, 0x28, 0x27, 0x01, 0xE4,
  0xFC, 0xED, 0x26, 0xF8, 0x16, 0x22, 0x15, 0xFA, 0x2D, 0xEA,
  0xF9, 0xFD, 0xCB, 0x0D, 0x0A, 0xFD, 0x24, 0x25, 0x19, 0xD4,
  0x0D, 0xF6, 0x29, 0xE5, 0x42, 0x11, 0x21, 0x18, 0xF7, 0x19,
  0xF5, 0x03, 0x25, 0x2E, 0x0D, 0xE2, 0x10, 0x10, 0x05, 0x08,
  0xFC, 0x05, 0x16, 0xF1, 0x05, 0x1E, 0x1B, 0x0D, 0xF9, 0x0D,
  0xFF, 0x2E, 0x10, 0x0F, 0x0F, 0xF8, 0x30, 0x08, 0xBC, 0x07,
  0x0A, 0xEA, 0x21, 0xDD, 0x18, 0xC1, 0xBC, 0xD6, 0xA3, 0xBE,
  0x16, 0x0D, 0x91, 0x0D, 0x18, 0x14, 0xE5, 0x1F, 0xD3, 0xDC,
  0x02, 0xC1, 0xF5, 0xD1, 0x16, 0x1C, 0xBB, 0xE9, 0x81, 0x1D,
  0xF1, 0xF2, 0x05, 0xBD, 0xEF, 0xD2, 0xC7, 0xC2, 0xE3, 0xF7,
  0xEB, 0x17, 0xAD, 0x12, 0xF0, 0xE3, 0x22, 0x15, 0xD8, 0x13,
  0xBB, 0x03, 0xF0, 0x1D, 0x19, 0x96, 0xB4, 0x18, 0xE1, 0xD0,
  0xE1, 0xFA, 0xF8, 0xE4, 0xFA, 0xF0, 0x0F, 0x03, 0x1E, 0xF0,
  0xFC, 0x0F, 0x05, 0xF8, 0x13, 0x07, 0xFF, 0x08, 0x03, 0xF1,
  0xFB, 0xC8, 0xF4, 0x12, 0xC9, 0xD8, 0x06, 0xFB, 0x01, 0x19,
  0x17, 0xEC, 0x09, 0xC8, 0xF2, 0xC9, 0x0D, 0x06, 0xED, 0x14,
  0xDC, 0xF6, 0xF8, 0x11, 0x07, 0xC8, 0xFD, 0xF7, 0x09, 0x0D,
  0x15, 0x19, 0x09, 0x1D, 0xFE, 0x10, 0x05, 0xEE, 0x02, 0x00,
  0xF8, 0x25, 0x0C, 0xF3, 0x0B, 0x01, 0xFB, 0xEF, 0x10, 0x04,
  0xEA, 0xFF, 0xFC, 0xF1, 0x03, 0x0A, 0x13, 0x11, 0xF9, 0xF2,
  0x03, 0xF3, 0x03, 0x07, 0xF1, 0xEC, 0x15, 0x00, 0xF0, 0xE9,
  0xEC, 0xFA, 0x05, 0xF3, 0x03, 0x06, 0x02, 0xE2, 0xFC, 0xFC,
  0xDE, 0xF8, 0x0A, 0x0B, 0x18, 0x13, 0x11, 0xF9, 0x1D, 0xDE,
  0xFF, 0xFC, 0x13, 0xE6, 0x0F, 0xF1, 0xF6, 0x14, 0xF9, 0x19,
  0xF3, 0xFE, 0xEA, 0x11, 0x0C, 0x00, 0xFB, 0x13, 0xF8, 0x01,
  0x06, 0x08, 0xFF, 0x15, 0xF1, 0xEC, 0xC8, 0xEC, 0xF0, 0xFC,
  0x01, 0x01, 0xE0, 0x07, 0xFF, 0x0D, 0x09, 0x0C, 0xF6, 0x06,
  0x25, 0xF8, 0xFC, 0xF8, 0xDB, 0xFE, 0x22, 0xF9, 0xF4, 0x10,
  0xF0, 0x12, 0x10, 0x14, 0x0C, 0x05, 0xFA, 0xF8, 0x04, 0xDF,
  0x06, 0x05, 0x09, 0x0D, 0x0C, 0xF6, 0xE7, 0xE7, 0x0C, 0x02,
  0x08, 0x0B, 0x20, 0xE9, 0xFD, 0xF4, 0x08, 0xF2, 0xF4, 0x0E,
  0xED, 0xDA, 0xE5, 0x1B, 0xE4, 0xFF, 0x02, 0x0C, 0xCC, 0xE1,
  0xBE, 0xE5, 0x0D, 0xD2, 0x0B, 0x04, 0x15, 0x0E, 0x16, 0xE1,
  0x14, 0x14, 0xCC, 0x13, 0x07, 0xE3, 0x00, 0xFC, 0xF9, 0xD3,
  0x00, 0x00, 0x0F, 0xC4, 0x08, 0xFF, 0x16, 0x1A, 0x01, 0x0D,
  0xE6, 0xE5, 0x0F, 0xFE, 0x0D, 0xE2, 0xFC, 0xFF, 0x09, 0xFD,
  0xDE, 0xDB, 0xF7, 0x08, 0xD3, 0x1A, 0x0D, 0x0B, 0xDC, 0x0A,
  0x13, 0x07, 0x0C, 0xF0, 0xD0, 0xE0, 0xFE, 0x02, 0x21, 0x05,
  0x08, 0x08, 0xE7, 0x1C, 0xFC, 0x06, 0xEC, 0x0A, 0x14, 0x1C,
  0xFF, 0xD2, 0xFE, 0xFF, 0xFA, 0xF1, 0xF5, 0xD4, 0x37, 0xFC,
  0xF9, 0x0A, 0xF3, 0x1B, 0x00, 0xED, 0x15, 0x06, 0x1B, 0xFB,
  0x0B, 0xEE, 0xF7, 0xF7, 0x12, 0xF8, 0xF6, 0xFF, 0x11, 0x03,
  0x09, 0xF9, 0x05, 0xF9, 0xF9, 0x15, 0x1A, 0xE4, 0x06, 0xED,
  0x0A, 0x05, 0x01, 0xFB, 0xE8, 0x19, 0x13, 0x16, 0x0F, 0x0E,
  0xF5, 0x0D, 0x0F, 0x13, 0x0A, 0x01, 0xFF, 0xEE, 0x0C, 0xEB,
  0x01, 0xF4, 0x16, 0x14, 0xF5, 0xE6, 0xF6, 0xFA, 0x02, 0xF2,
  0xF4, 0xE2, 0x00, 0x15, 0xFF, 0xE6, 0x03, 0x15, 0x05, 0xF3,
  0x02, 0xF1, 0x08, 0xE7, 0x09, 0xEF, 0xC8, 0x18, 0x16, 0x05,
  0xF3, 0x05, 0x11, 0x03, 0x20, 0xD3, 0xFF, 0x12, 0x14, 0x11,
  0x19, 0xF2, 0xFD, 0xF1, 0x15, 0xF1, 0xFE, 0xF1, 0xD2, 0x0B,
  0x04, 0x05, 0x07, 0x04, 0x0C, 0xF9, 0xFE, 0x12, 0x0B, 0x19,
  0xE6, 0x06, 0x13, 0x05, 0xFB, 0xF3, 0x0E, 0x07, 0x04, 0xE4,
  0x01, 0xFD, 0xFA, 0xEA, 0xFE, 0xDC, 0x15, 0x01, 0xEC, 0xE0,
  0xF7, 0x19, 0x04, 0xEF, 0x05, 0xF1, 0x06, 0xC8, 0x17, 0x04,
  0xD3, 0x0E, 0x04, 0x18, 0x09, 0x0B, 0x0B, 0x07, 0x0A, 0xB8,
  0x0B, 0x0E, 0x22, 0xF7, 0x07, 0xE1, 0x10, 0x0C, 0x13, 0x01,
  0x00, 0x06, 0xD1, 0x01, 0x02, 0xF8, 0xF6, 0x09, 0x06, 0x01,
  0xFC, 0x0A, 0xFD, 0x02, 0xEE, 0xF3, 0xD1, 0x01, 0x01, 0xF4,
  0x09, 0x10, 0x03, 0x03, 0x0F, 0xE5, 0x03, 0x00, 0xF1, 0x01,
  0x09, 0xF3, 0xFB, 0x12, 0x01, 0xED, 0x0E, 0xE5, 0x08, 0xEC,
  0x07, 0x02, 0x16, 0x25, 0xFB, 0x04, 0xFE, 0x00, 0x15, 0xFB,
  0x14, 0x13, 0x1B, 0x01, 0x1B, 0x07, 0x02, 0xEF, 0x10, 0x02,
  0xFC, 0x00, 0x1F, 0x09, 0xED, 0xFA, 0x00, 0x19, 0x07, 0x17,
  0xEA, 0xDF, 0x0D, 0x0E, 0xBB, 0x15, 0x0F, 0xD5, 0x1C, 0xD8,
  0x17, 0xB6, 0xB5, 0xA2, 0xD2, 0xC0, 0x17, 0x09, 0xB0, 0x0D,
  0x19, 0x23, 0xE5, 0x08, 0xCE, 0xDE, 0xE8, 0xD6, 0x0D, 0xDB,
  0x02, 0x17, 0xAD, 0xE2, 0x9C, 0xFD, 0xD4, 0x0D, 0x18, 0xE9,
  0xD8, 0xC1, 0xC9, 0xB8, 0xEA, 0xE3, 0xBC, 0xFD, 0xDC, 0x01,
  0xD4, 0xE4, 0x10, 0x18, 0xD3, 0x0D, 0xDA, 0x03, 0xE4, 0x07,
  0x19, 0xA1, 0xD4, 0x10, 0xC8, 0xD5, 0xE0, 0x03, 0x09, 0xF8,
  0xFD, 0xF3, 0x02, 0x13, 0x3D, 0x17, 0xFE, 0x2D, 0xF9, 0x0B,
  0xF6, 0xF8, 0x0E, 0x0C, 0xEF, 0xF4, 0x36, 0xFE, 0xFA, 0x28,
  0x07, 0x06, 0x05, 0x10, 0x0A, 0x03, 0x0E, 0x21, 0xEF, 0x11,
  0x05, 0xFC, 0x0A, 0x0F, 0x1F, 0x21, 0xF2, 0x12, 0xF0, 0x0A,
  0x06, 0x0F, 0xFA, 0xF7, 0xFF, 0x27, 0xF3, 0x05, 0x1C, 0xF1,
  0xE8, 0xFF, 0x1F, 0xF1, 0x11, 0x05, 0x06, 0xFA, 0x16, 0x18,
  0x13, 0xF2, 0x0A, 0xED, 0x06, 0xEC, 0xE7, 0xFB, 0xD7, 0x03,
  0x06, 0xFF, 0x00, 0x17, 0xFF, 0x03, 0x06, 0x03, 0xFB, 0x00,
  0xE2, 0xF5, 0x15, 0xFC, 0xF8, 0x1A, 0xF3, 0xF2, 0xFD, 0xE0,
  0x00, 0xFB, 0xF9, 0x16, 0x18, 0x0D, 0x06, 0x12, 0xF5, 0xEC,
  0x06, 0xF7, 0xFF, 0x24, 0x06, 0x06, 0x0F, 0x0F, 0x01, 0xEE,
  0x15, 0xDF, 0xFC, 0xF8, 0x2B, 0xFA, 0xE6, 0xF3, 0x05, 0xF4,
  0x03, 0x0F, 0xED, 0xEB, 0xEF, 0x13, 0x00, 0x1F, 0x19, 0xE0,
  0x27, 0xD2, 0x1C, 0xEB, 0xE6, 0xF9, 0xFC, 0xF2, 0x16, 0x0B,
  0xFA, 0x0C, 0xEC, 0xE9, 0xFE, 0xC9, 0xE8, 0x1A, 0xD1, 0x1A,
  0x18, 0xBE, 0xC9, 0x2F, 0x12, 0xFD, 0x1E, 0xDA, 0xD9, 0xE3,
  0x14, 0x1B, 0xCE, 0xF3, 0xF2, 0x03, 0xE4, 0x02, 0xE4, 0xE5,
  0xEF, 0x13, 0xCE, 0x0A, 0x11, 0x11, 0xE7, 0x11, 0xF8, 0x24,
  0xEA, 0xD4, 0x19, 0xF9, 0xF1, 0x1C, 0x09, 0xE4, 0x19, 0x0D,
  0x11, 0x13, 0x13, 0xF1, 0xFD, 0xD5, 0x0D, 0x0E, 0x23, 0xEE,
  0xF8, 0x01, 0x0A, 0x1F, 0xF8, 0x0F, 0x14, 0x15, 0xEA, 0x03,
  0x0B, 0x02, 0x1B, 0x07, 0xF7, 0xF7, 0xEA, 0x13, 0xF1, 0xF2,
  0x08, 0x0E, 0xED, 0xE7, 0x14, 0xE8, 0xDB, 0xF3, 0x0D, 0xF0,
  0xFF, 0xD2, 0xEF, 0x08, 0xE3, 0x17, 0xDB, 0x0A, 0x0E, 0x18,
  0x08, 0x09, 0x0D, 0x06, 0x1A, 0x18, 0x14, 0xFD, 0x14, 0x01,
  0x04, 0xFA, 0xE4, 0x03, 0xFA, 0xED, 0x0A, 0x20, 0x08, 0x18,
  0xD2, 0xE9, 0x0A, 0xD2, 0x0E, 0xF5, 0x0D, 0x0C, 0x15, 0xDA,
  0x07, 0x00, 0xE9, 0x11, 0xF2, 0xD7, 0x07, 0x18, 0x0F, 0xC7,
  0xFA, 0xFA, 0x1B, 0xD3, 0x22, 0x00, 0xFE, 0x32, 0xFE, 0x1B,
  0x04, 0xE4, 0x21, 0x28, 0x05, 0x23, 0xF8, 0x01, 0x3A, 0xFA,
  0x11, 0xDB, 0x04, 0xF3, 0xF5, 0x12, 0xF7, 0xF4, 0xD3, 0x0A,
  0x01, 0x0C, 0xFD, 0xF9, 0xFF, 0xEE, 0x28, 0xEB, 0xE7, 0xE7,
  0xF5, 0x17, 0xEB, 0xEA, 0xC4, 0xDE, 0xFF, 0xB9, 0x1B, 0xFE,
  0x17, 0x07, 0xF8, 0xD8, 0xFC, 0x0C, 0xDD, 0xF0, 0x0E, 0xC8,
  0x08, 0x0A, 0xF9, 0xE3, 0x02, 0x06, 0xFF, 0xD5, 0xF2, 0x15,
  0x15, 0x31, 0x07, 0x1F, 0xF9, 0xD0, 0x15, 0x06, 0x19, 0x01,
  0x19, 0x16, 0x29, 0x0B, 0xEE, 0xC1, 0x09, 0xFE, 0xD7, 0xF0,
  0x0E, 0x01, 0xD1, 0xFE, 0x04, 0x19, 0x1B, 0x01, 0xBC, 0xED,
  0x05, 0x00, 0xFA, 0xE0, 0xE5, 0xE6, 0x1A, 0x15, 0x11, 0x19,
  0x05, 0x06, 0x0A, 0xE4, 0xF8, 0x0C, 0x07, 0xF1, 0xDF, 0xEC,
  0x1A, 0x0D, 0xCF, 0xF7, 0x04, 0xFF, 0x23, 0xFB, 0x07, 0xF6,
  0x0A, 0xFD, 0x15, 0x00, 0xF7, 0x09, 0x03, 0x1C, 0x29, 0x09,
  0xFE, 0x16, 0xE3, 0x17, 0x03, 0x0B, 0x01, 0xF5, 0x29, 0x02,
  0xE3, 0x0B, 0x21, 0xEF, 0xF4, 0xE9, 0xEE, 0x01, 0xFC, 0x09,
  0x11, 0xDF, 0x04, 0x26, 0x31, 0xF5, 0x16, 0xF7, 0xEF, 0xDD,
  0x14, 0x07, 0x21, 0x25, 0x15, 0x1F, 0xEC, 0xFF, 0xF7, 0x15,
  0xF0, 0xF4, 0xE8, 0xFD, 0x2F, 0x0A, 0xEE, 0x29, 0x06, 0x15,
  0x04, 0x03, 0x04, 0xFE, 0x0B, 0x2B, 0xF2, 0x03, 0xFD, 0xEC,
  0x0C, 0x06, 0x0F, 0x19, 0xED, 0xF1, 0xD9, 0x13, 0x0E, 0xFE,
  0x0C, 0xEC, 0x13, 0x1D, 0xE0, 0x08, 0x17, 0xF4, 0xF7, 0xE1,
  0xFD, 0x06, 0x0B, 0x01, 0xED, 0xF6, 0x1F, 0x2A, 0x09, 0xE8,
  0x15, 0x00, 0xFE, 0xFB, 0xFF, 0x0B, 0xFD, 0x19, 0x07, 0x19,
  0xEC, 0x1D, 0x04, 0x00, 0xF1, 0x25, 0x01, 0x06, 0x0E, 0xF3,
  0x29, 0x20, 0xEC, 0x04, 0xDA, 0x2C, 0x0A, 0x02, 0x07, 0x2B,
  0xEE, 0x07, 0x0E, 0xEE, 0x10, 0xEE, 0x15, 0x24, 0xF4, 0xDD,
  0xFD, 0x19, 0x0A, 0x0D, 0xF8, 0x09, 0x03, 0x1C, 0xF8, 0x08,
  0x00, 0x0E, 0x13, 0xFE, 0x0D, 0xF0, 0x06, 0x12, 0xF6, 0x0E,
  0x09, 0x07, 0xF7, 0x0A, 0x10, 0x0F, 0x0A, 0x09, 0xF7, 0xD9,
  0xDA, 0x0A, 0xFE, 0x1B, 0x14, 0x28, 0x05, 0xFE, 0x0D, 0x1A,
  0x13, 0xFB, 0xDC, 0x08, 0x38, 0x11, 0xFF, 0x1D, 0xE4, 0x18,
  0x05, 0xFA, 0x02, 0x14, 0xFE, 0x16, 0x02, 0xFD, 0x03, 0xFA,
  0xFC, 0xF0, 0xF7, 0x03, 0x1D, 0xEB, 0xFE, 0x10, 0x0D, 0x26,
  0xDB, 0xF9, 0x17, 0xFA, 0x03, 0x17, 0x08, 0x1F, 0x06, 0x13,
  0xF2, 0x06, 0x11, 0x10, 0x01, 0xE2, 0xD8, 0x28, 0x16, 0x01,
  0xF6, 0xFA, 0x17, 0x06, 0x25, 0x10, 0x1A, 0x2F, 0xEF, 0xF6,
  0xFF, 0x09, 0xEA, 0x0F, 0x01, 0x10, 0xFE, 0xFB, 0xF8, 0x1C,
  0x09, 0x18, 0xEF, 0x0C, 0x05, 0x25, 0xFC, 0x28, 0xE9, 0x00,
  0xFE, 0xE8, 0x19, 0xFB, 0xF9, 0x21, 0xFD, 0x01, 0xFD, 0xE5,
  0xEC, 0x04, 0xE5, 0xF9, 0xE9, 0x1F, 0xF7, 0x0F, 0x03, 0x11,
  0xF3, 0x03, 0x1E, 0x06, 0x12, 0xFF, 0xFA, 0xED, 0x28, 0x1B,
  0xFF, 0xFF, 0xEE, 0x05, 0x13, 0x21, 0xEE, 0xEE, 0xDE, 0xD9,
  0x15, 0xE9, 0x0A, 0x16, 0x13, 0x03, 0x1D, 0xEE, 0x0A, 0xED,
  0xC5, 0x09, 0x14, 0xF7, 0x0F, 0x0D, 0xF0, 0xD2, 0x15, 0xFE,
  0x17, 0xE0, 0x1D, 0xFD, 0x1B, 0x0B, 0x03, 0x07, 0xF2, 0xF7,
  0x1A, 0x01, 0x15, 0xE7, 0x0E, 0xF8, 0x0C, 0x07, 0xED, 0xF3,
  0x08, 0x04, 0x04, 0x0E, 0x20, 0x07, 0x03, 0x06, 0x08, 0xFD,
  0x0C, 0x09, 0xE9, 0xE6, 0xEB, 0x06, 0x05, 0xE9, 0x03, 0x0A,
  0x19, 0x00, 0x01, 0xF1, 0x12, 0xEB, 0x0C, 0xF8, 0xF5, 0x03,
  0x12, 0xB8, 0x04, 0x05, 0xFA, 0x15, 0xD2, 0xDF, 0x11, 0xEF,
  0x28, 0xD2, 0xFF, 0x02, 0x0D, 0xE7, 0x1C, 0x0F, 0x17, 0x19,
  0x10, 0x1D, 0xF4, 0x05, 0x07, 0x2E, 0xF4, 0xFA, 0xFD, 0x16,
  0x16, 0xF0, 0x1F, 0xEC, 0xE3, 0xFB, 0xFE, 0xF8, 0xFE, 0xE2,
  0xDE, 0x07, 0x05, 0x0A, 0x23, 0xE4, 0x07, 0xFC, 0x1A, 0xCC,
  0x0A, 0xEC, 0x0E, 0x0A, 0x1E, 0xEA, 0xEC, 0xF4, 0x07, 0xE5,
  0x0C, 0xF7, 0xF6, 0x26, 0x02, 0xF8, 0x00, 0x09, 0xFF, 0xFD,
  0x01, 0xF7, 0x22, 0xFB, 0x20, 0xFC, 0xF7, 0x29, 0xF5, 0xF1,
  0xF2, 0x16, 0xF2, 0xF3, 0x1F, 0x05, 0xE9, 0x07, 0x0F, 0x0D,
  0x12, 0xE6, 0xE7, 0x04, 0xF5, 0x14, 0xED, 0xF1, 0x03, 0x13,
  0x0A, 0xFE, 0xEC, 0x17, 0xFA, 0x06, 0x13, 0x0F, 0x1A, 0xDA,
  0xFC, 0x12, 0x19, 0xF9, 0xE9, 0xE5, 0xF4, 0xF5, 0x13, 0xE4,
  0x03, 0xDC, 0xE9, 0xC0, 0x14, 0x0A, 0x07, 0x0B, 0x13, 0xEC,
  0x18, 0xFC, 0xF8, 0xFD, 0xFE, 0xDE, 0xF4, 0xF9, 0x08, 0xEC,
  0xFA, 0x0E, 0x01, 0xD0, 0xF2, 0x10, 0xE5, 0xFE, 0x0C, 0x09,
  0xF8, 0xE2, 0xF5, 0xFA, 0xF8, 0xFB, 0x09, 0x11, 0xF7, 0x03,
  0xDC, 0xEA, 0x00, 0xEF, 0xF7, 0x06, 0x0D, 0xF7, 0xD6, 0xFB,
  0x0C, 0x0A, 0xF6, 0x12, 0xEF, 0x05, 0xF3, 0x0B, 0xF0, 0xD8,
  0xE8, 0x2E, 0xE3, 0xF0, 0xCD, 0xDD, 0xEC, 0xC3, 0x04, 0x18,
  0xE2, 0x08, 0x21, 0xD6, 0xF8, 0x12, 0xEF, 0x0D, 0x10, 0xC3,
  0x04, 0xF5, 0xFA, 0xE6, 0x04, 0x02, 0xFA, 0xE1, 0x13, 0x0D,
  0xE3, 0x1D, 0x07, 0x20, 0xEA, 0xCB, 0x08, 0xE0, 0x0A, 0x0D,
  0x12, 0x14, 0xF5, 0xFE, 0xDE, 0xBF, 0x10, 0x1B, 0xE4, 0xF1,
  0x04, 0x05, 0xD9, 0x0E, 0x17, 0x13, 0x0C, 0x03, 0xCD, 0xFC,
  0x18, 0x09, 0x13, 0x1D, 0x0C, 0xF4, 0x01, 0x0A, 0x0C, 0xFF,
  0x08, 0x07, 0xF8, 0x14, 0x01, 0xEE, 0x00, 0xFD, 0x11, 0xE7,
  0x0E, 0xE7, 0x07, 0x15, 0xF6, 0xE4, 0x13, 0x05, 0x06, 0xEB,
  0xFA, 0xF9, 0x04, 0xE9, 0x1F, 0x0C, 0xDC, 0x19, 0xFA, 0x00,
  0x0F, 0x09, 0xFD, 0x14, 0xF5, 0xCA, 0x23, 0x0A, 0x11, 0xF7,
  0x09, 0xEB, 0x02, 0x09, 0x0F, 0x01, 0x11, 0x0B, 0xE7, 0xE9,
  0xEF, 0x19, 0x0C, 0xFC, 0x08, 0x10, 0x14, 0xFB, 0x04, 0x0A,
  0xF4, 0x1A, 0xED, 0x0D, 0xEF, 0x01, 0x07, 0x04, 0x04, 0xF1,
  0x03, 0x18, 0xF7, 0xE7, 0x0B, 0xD8, 0x16, 0xFF, 0xD3, 0x0D,
  0xFC, 0xF3, 0xF3, 0x00, 0x07, 0xF6, 0xFE, 0xEF, 0x0D, 0xF6,
  0x06, 0x11, 0x0C, 0x15, 0xF9, 0xEB, 0xFB, 0x2B, 0xF5, 0xE8,
  0x19, 0x02, 0x17, 0xFB, 0x0B, 0x24, 0xF8, 0x10, 0x0D, 0x00,
  0x09, 0xEB, 0x02, 0xFF, 0x08, 0x1C, 0xF8, 0xFF, 0xF1, 0x10,
  0x0F, 0x26, 0x13, 0x08, 0xFA, 0xC8, 0xE7, 0x00, 0x19, 0x03,
  0x05, 0x1A, 0x0D, 0x09, 0x0A, 0x20, 0x09, 0x13, 0xEB, 0x14,
  0x11, 0x09, 0xFF, 0x0C, 0xDC, 0x14, 0x0E, 0x17, 0xF2, 0x06,
  0x0E, 0x07, 0x0C, 0xE1, 0x03, 0xDC, 0xE3, 0xFD, 0xF1, 0x00,
  0x00, 0xCD, 0x0B, 0x0C, 0xDD, 0x04, 0xE1, 0x07, 0x1C, 0xF5,
  0xFA, 0x1C, 0x1F, 0x0C, 0x15, 0xFC, 0xF3, 0x16, 0xF8, 0x0E,
  0x01, 0xDE, 0xD5, 0x1A, 0xF9, 0x00, 0x0A, 0xF7, 0xE6, 0xB7,
  0xCE, 0x19, 0x0C, 0x10, 0xB6, 0xFD, 0x09, 0x10, 0xF2, 0x1B,
  0x22, 0x02, 0xE1, 0x15, 0xFB, 0x16, 0x03, 0xF8, 0xD0, 0x07,
  0x1D, 0xE8, 0xED, 0x08, 0xDD, 0x04, 0x15, 0xF7, 0x0C, 0xC9,
  0xCA, 0x2B, 0xF6, 0xE4, 0xDF, 0xD4, 0x22, 0x0B, 0xE8, 0xE9,
  0xD6, 0x1A, 0xEE, 0x18, 0xEB, 0xFF, 0x10, 0xE8, 0x24, 0x08,
  0x07, 0xEC, 0xD1, 0x01, 0x0A, 0xD5, 0xDB, 0x16, 0xF8, 0x0A,
  0x0B, 0xE2, 0xEF, 0xCD, 0xE8, 0x11, 0x08, 0x1E, 0xBC, 0x13,
  0x08, 0x0C, 0xE5, 0x20, 0x18, 0x1D, 0xE5, 0x0D, 0xF0, 0x33,
  0x0D, 0x0C, 0xCB, 0x02, 0x25, 0xF5, 0xEB, 0x1C, 0xE2, 0x09,
  0x1B, 0xE5, 0x17, 0xB4, 0xDD, 0x25, 0xEC, 0xE4, 0xC1, 0xC0,
  0x12, 0x04, 0xDA, 0xDB, 0xEF, 0x27, 0xF3, 0x14, 0xEF, 0xE9,
  0x09, 0xEE, 0x3D, 0x17, 0x02, 0xD9, 0xCF, 0x10, 0x21, 0xD8,
  0xE7, 0x0B, 0xF6, 0x00, 0xFF, 0xFE, 0x0A, 0xE5, 0xFE, 0x1B,
  0x05, 0x22, 0xFE, 0xEF, 0x02, 0x06, 0xF7, 0x1E, 0x18, 0x18,
  0xFC, 0x12, 0x1A, 0x1C, 0x15, 0xFE, 0xD9, 0x14, 0xF2, 0xFD,
  0x00, 0x20, 0xDB, 0x0C, 0x00, 0xE2, 0xFF, 0xED, 0xDD, 0x15,
  0xF7, 0xDC, 0xFE, 0xE4, 0xFF, 0xFE, 0xCF, 0x0D, 0xDD, 0x02,
  0xFA, 0x19, 0xED, 0x06, 0xFF, 0xF2, 0x2B, 0x16, 0x11, 0x05,
  0x07, 0x0F, 0x13, 0xF3, 0xD6, 0x06, 0xFD, 0x15, 0x16, 0x05,
  0x0D, 0x23, 0xF6, 0x10, 0xFB, 0x0F, 0x07, 0x03, 0x18, 0xFB,
  0x09, 0x13, 0x07, 0x12, 0x0E, 0xFC, 0xFD, 0x1D, 0xE7, 0xF4,
  0x03, 0x01, 0xF5, 0xE2, 0x0F, 0x02, 0x08, 0xF2, 0x0B, 0x2C,
  0xF1, 0x19, 0x2A, 0x19, 0x21, 0x02, 0xF8, 0x19, 0x17, 0xFB,
  0x18, 0x13, 0x15, 0xF6, 0xFC, 0x17, 0xEA, 0x14, 0x17, 0xF9,
  0xFA, 0x05, 0xFF, 0xEC, 0xF4, 0x0D, 0xFE, 0x13, 0x11, 0xFC,
  0x1A, 0xF0, 0xEA, 0xCF, 0x21, 0x33, 0x21, 0x31, 0x14, 0x0E,
  0xF3, 0xFA, 0xF7, 0x07, 0x07, 0xFE, 0xF7, 0xFF, 0x1C, 0x0C,
  0xDB, 0x11, 0x02, 0x0B, 0xFC, 0x0E, 0xFA, 0x04, 0x15, 0x11,
  0x04, 0x09, 0x0A, 0xFE, 0x00, 0xF2, 0x1A, 0x11, 0xFC, 0xF7,
  0xDF, 0x20, 0xEF, 0x13, 0xFB, 0xEB, 0x19, 0x25, 0xE0, 0x00,
  0x23, 0xF7, 0xE0, 0xE5, 0xF3, 0xFD, 0xFC, 0xF3, 0x05, 0x01,
  0x17, 0x0B, 0x19, 0xF7, 0xF4, 0xF2, 0xFD, 0xFC, 0xF0, 0x15,
  0x29, 0xFD, 0x0F, 0x1A, 0x0D, 0xFB, 0xFE, 0x13, 0x0D, 0xFA,
  0xF1, 0xF5, 0x0C, 0xF0, 0x11, 0xE1, 0xF5, 0xFB, 0xF9, 0x1D,
  0xE6, 0x17, 0xFE, 0x0F, 0xFF, 0xF0, 0xF7, 0xF6, 0x07, 0xFA,
  0x10, 0x25, 0x0A, 0xF5, 0x19, 0xE7, 0xE9, 0x03, 0xF0, 0x0A,
  0xEC, 0x1A, 0x0C, 0xFF, 0xF5, 0x0D, 0x06, 0x04, 0xF3, 0xFA,
  0x02, 0x13, 0x1A, 0xE9, 0x08, 0x15, 0xFC, 0x00, 0xFA, 0x01,
  0x12, 0x1E, 0xF8, 0x06, 0x08, 0xF9, 0x07, 0xF1, 0x1D, 0x00,
  0x03, 0xCC, 0x0C, 0x00, 0x16, 0xDE, 0x00, 0xDF, 0x0C, 0xF7,
  0xE9, 0xE9, 0x0E, 0x21, 0xFA, 0xE8, 0x00, 0x0C, 0x04, 0xE2,
  0xF9, 0x07, 0xC9, 0x0F, 0x0F, 0x07, 0x06, 0x0B, 0x12, 0x08,
  0x0B, 0xD2, 0x10, 0xFD, 0x1F, 0xFF, 0x0B, 0xDE, 0x0C, 0x08,
  0x17, 0x07, 0xF6, 0xFD, 0xCA, 0x08, 0x0A, 0x0B, 0x04, 0x0D,
  0x09, 0xFA, 0x0D, 0xFB, 0xE1, 0xEB, 0x1C, 0x2C, 0x3D, 0x24,
  0x05, 0x3A, 0xF9, 0x06, 0xFF, 0x05, 0xEE, 0x0C, 0xFA, 0x02,
  0x2E, 0x03, 0xEF, 0x29, 0x04, 0x12, 0xFF, 0x29, 0x0E, 0x0A,
  0x07, 0x40, 0xE8, 0x16, 0x0D, 0xF5, 0x10, 0x06, 0x17, 0x25,
  0xE9, 0xF6, 0xDF, 0x07, 0xE1, 0x00, 0x06, 0xFC, 0xF5, 0x26,
  0xF6, 0xF8, 0x13, 0xF1, 0xEB, 0xDE, 0x28, 0xF9, 0x15, 0xEB,
  0x02, 0xF6, 0x0E, 0x2A, 0xF2, 0x08, 0x1A, 0xC4, 0xEB, 0xCE,
  0x22, 0x3C, 0x25, 0xFC, 0x0F, 0x0C, 0x02, 0xC8, 0xEB, 0x0C,
  0xFD, 0xB0, 0xD6, 0xD4, 0x1F, 0x03, 0xCD, 0xFC, 0x06, 0x01,
  0x12, 0xD2, 0x20, 0x1B, 0x07, 0x19, 0x07, 0x0B, 0x07, 0xF1,
  0x15, 0x09, 0x1A, 0x0E, 0xE2, 0x1A, 0xC0, 0x08, 0xE2, 0xFD,
  0xFD, 0xC6, 0x22, 0xFD, 0xB2, 0xF3, 0x32, 0xCE, 0xDC, 0xBC,
  0xE1, 0xF3, 0xFB, 0x12, 0x11, 0xE5, 0x23, 0x2B, 0x1F, 0xA8,
  0x01, 0xEE, 0xFB, 0x17, 0x0E, 0xFB, 0xE7, 0xDC, 0x06, 0xCC,
  0x1B, 0xF7, 0x07, 0x0C, 0x21, 0xD4, 0x0D, 0x01, 0xED, 0x14,
  0xDA, 0xDC, 0x11, 0x11, 0x22, 0xC4, 0xF8, 0x13, 0x20, 0xD0,
  0x1E, 0x04, 0xFB, 0x16, 0x0B, 0x1A, 0xF8, 0xE7, 0x18, 0x2A,
  0xF4, 0x1F, 0x01, 0xF4, 0x0A, 0xEC, 0x0B, 0xEE, 0x04, 0xFE,
  0x06, 0x04, 0x10, 0x08, 0xD5, 0x15, 0x0B, 0x16, 0x01, 0xF4,
  0xE7, 0xF6, 0x1E, 0xF1, 0x0E, 0x15, 0x1B, 0x19, 0xFA, 0x0D,
  0x06, 0x0F, 0xFC, 0xFA, 0x03, 0x12, 0x16, 0xE2, 0xF4, 0x08,
  0x0D, 0xE9, 0xFC, 0xDB, 0x12, 0x08, 0xEE, 0xE1, 0xFA, 0x0F,
  0x00, 0xEE, 0x13, 0xEE, 0xFB, 0xD7, 0xFA, 0xF9, 0xD7, 0x15,
  0x21, 0x10, 0x16, 0xF5, 0x10, 0x0B, 0x16, 0xD0, 0xFD, 0x09,
  0x27, 0x01, 0x0B, 0xF4, 0x01, 0xFA, 0x12, 0x13, 0x10, 0xEE,
  0xD6, 0xF7, 0x17, 0x0D, 0x04, 0x14, 0x02, 0x12, 0x17, 0xFA,
  0x01, 0xD4, 0x1F, 0x10, 0x36, 0x02, 0x10, 0x22, 0xE5, 0xFE,
  0xF7, 0xFD, 0xE1, 0x13, 0x05, 0x03, 0x15, 0x0A, 0xD9, 0x16,
  0xFD, 0x05, 0x00, 0x05, 0x09, 0x1B, 0x01, 0x37, 0xFC, 0x01,
  0x09, 0xFA, 0x05, 0xDC, 0xFE, 0x05, 0xE2, 0xF7, 0xCB, 0xF8,
  0xE7, 0x1A, 0xE8, 0xDA, 0xF7, 0x28, 0xE8, 0x06, 0x11, 0xE2,
  0xEC, 0xCE, 0x23, 0x12, 0x14, 0xF2, 0xF9, 0xEC, 0x16, 0x04,
  0xF8, 0xDD, 0x12, 0xE7, 0xEE, 0x01, 0x0D, 0x15, 0x1D, 0x17,
  0xF4, 0x00, 0xF4, 0x03, 0xF1, 0x08, 0xF7, 0xFF, 0xF6, 0xF4,
  0x14, 0xF6, 0xF5, 0x0F, 0x07, 0x11, 0x1E, 0x0F, 0x10, 0xF3,
  0x0F, 0xFC, 0x13, 0xF3, 0x0C, 0x01, 0xFE, 0x15, 0x28, 0x15,
  0x01, 0xFB, 0xF7, 0x1A, 0xF9, 0x0F, 0x0F, 0xF0, 0x1F, 0xFF,
  0xF9, 0xFD, 0x14, 0xFC, 0xF8, 0x06, 0x06, 0xFA, 0x06, 0x14,
  0x16, 0xEF, 0x12, 0x13, 0x27, 0xF1, 0xEC, 0x0A, 0x1C, 0xEF,
  0x26, 0xE1, 0x15, 0xE7, 0xE8, 0xF7, 0xF3, 0xF2, 0x03, 0x0C,
  0x23, 0x18, 0xF1, 0xFB, 0xEF, 0xE9, 0xE0, 0x07, 0xEB, 0x2B,
  0x18, 0xEB, 0xDF, 0xFE, 0x07, 0xE1, 0xEF, 0xE4, 0xE4, 0xF1,
  0x00, 0xFF, 0x0B, 0xF7, 0xEC, 0x24, 0xF4, 0x1C, 0x0A, 0xEF,
  0x0D, 0x20, 0xEF, 0xF8, 0x12, 0x11, 0x08, 0x29, 0xEA, 0x16,
  0xF7, 0xEE, 0x06, 0xEB, 0xE5, 0x1F, 0xFD, 0xF8, 0x0D, 0x16,
  0xFE, 0x1E, 0x05, 0x02, 0x0B, 0x08, 0x14, 0xFD, 0xF5, 0xFB,
  0xF7, 0xE7, 0x15, 0x07, 0x10, 0xE5, 0xCD, 0xFF, 0x0D, 0x09,
  0xF5, 0x07, 0x0A, 0x17, 0xE2, 0xF5, 0xE8, 0xFC, 0x20, 0xEB,
  0x0E, 0xD3, 0xFF, 0x16, 0xFC, 0x0B, 0x09, 0xE8, 0xEE, 0x2E,
  0xF0, 0x11, 0x15, 0xFB, 0x0F, 0xE6, 0x06, 0xF3, 0xDD, 0x12,
  0xEA, 0xE3, 0x02, 0xD4, 0xEB, 0xE6, 0x01, 0x1C, 0xF3, 0x21,
  0x10, 0x04, 0xE3, 0xD7, 0x05, 0xFE, 0x04, 0x22, 0xE5, 0x24,
  0x1B, 0x05, 0xF5, 0x01, 0x1B, 0xF1, 0xF3, 0xD1, 0x02, 0x05,
  0xFF, 0xE2, 0x1A, 0xF3, 0x26, 0xEF, 0xF2, 0xFD, 0x00, 0x29,
  0xF5, 0xE4, 0x05, 0x0A, 0xFE, 0x02, 0xEF, 0x05, 0xDB, 0x21,
  0x13, 0xFD, 0x12, 0x09, 0x16, 0x1E, 0xF6, 0xFD, 0x0F, 0x0D,
  0x01, 0xF2, 0x13, 0xF4, 0x0C, 0x10, 0xF4, 0x0B, 0x07, 0xF9,
  0xE5, 0x20, 0x24, 0xFF, 0xEA, 0x10, 0x03, 0x0E, 0x06, 0x18,
  0x08, 0x02, 0xFB, 0xD5, 0xF5, 0x00, 0x12, 0xDF, 0x11, 0x17,
  0x1D, 0xFF, 0x11, 0xF8, 0xFF, 0x14, 0xCF, 0x0C, 0x03, 0xE7,
  0x16, 0xFC, 0xF7, 0xF6, 0xE6, 0x1A, 0x0B, 0xEB, 0x04, 0x01,
  0xFF, 0xF1, 0x19, 0x07, 0xED, 0xE7, 0xFE, 0x10, 0x09, 0xD0,
  0x04, 0x09, 0xFF, 0x13, 0xEE, 0x05, 0x01, 0x01, 0xF9, 0x0B,
  0x07, 0x15, 0x04, 0x11, 0xFE, 0x0D, 0x0C, 0x18, 0xEA, 0xF0,
  0x00, 0xFF, 0xF8, 0xEA, 0xFC, 0x0F, 0x07, 0xE8, 0xDF, 0xF0,
  0xFD, 0xE8, 0x15, 0x17, 0x00, 0xFD, 0x14, 0xF0, 0x1F, 0x0A,
  0xEB, 0x0A, 0xF5, 0xE6, 0xE6, 0xED, 0x11, 0xEC, 0x1C, 0x10,
  0xE0, 0xFA, 0xFF, 0x14, 0xE0, 0x01, 0x18, 0x14, 0xE4, 0xEA,
  0x10, 0xE9, 0x1B, 0xF0, 0xF6, 0x13, 0xEB, 0x0F, 0xE3, 0xD3,
  0x18, 0x19, 0x0A, 0x08, 0x03, 0x01, 0x07, 0x0E, 0x00, 0x0C,
  0xF7, 0xE0, 0xEB, 0xFD, 0x05, 0x0F, 0xFB, 0xFE, 0x00, 0xFD,
  0x24, 0x02, 0x07, 0x01, 0xFB, 0x00, 0xEF, 0xF4, 0x00, 0x1F,
  0x03, 0xFA, 0xFC, 0x19, 0xFC, 0x11, 0xEF, 0x00, 0x1B, 0x06,
  0x16, 0x0C, 0x14, 0x20, 0x0A, 0x05, 0xF0, 0xF5, 0x11, 0xF4,
  0x05, 0xF0, 0xF9, 0x10, 0xF0, 0x0A, 0xFE, 0xEB, 0x12, 0x12,
  0xFC, 0xEE, 0xF3, 0x0D, 0xEC, 0x1D, 0x01, 0x06, 0xF5, 0x04,
  0x15, 0x1A, 0x1A, 0xED, 0x0F, 0x00, 0x1E, 0x0C, 0x0E, 0xF7,
  0x05, 0xDC, 0x0D, 0x02, 0x12, 0x07, 0xF1, 0xED, 0x0F, 0xF5,
  0x13, 0x10, 0xE9, 0x09, 0x13, 0xD1, 0xF5, 0xF2, 0xF9, 0x02,
  0xCB, 0xF9, 0x0B, 0x0A, 0x30, 0xCD, 0x0B, 0xF7, 0x1C, 0xF7,
  0x10, 0x06, 0x0F, 0x1F, 0xFC, 0x20, 0x01, 0xEC, 0x02, 0x2F,
  0xF5, 0xF5, 0x0A, 0xF5, 0x09, 0xF6, 0x22, 0x07, 0xEF, 0x02,
  0x07, 0x02, 0xFF, 0x11, 0xE7, 0x0B, 0x13, 0x0D, 0x05, 0xED,
  0x0F, 0x05, 0x20, 0xDB, 0x0A, 0xF9, 0x07, 0xF3, 0x19, 0x04,
  0x06, 0xFF, 0xF7, 0x12, 0xE9, 0xF7, 0x0E, 0x14, 0x04, 0xD4,
  0xFB, 0x02, 0x02, 0x17, 0xDF, 0x05, 0x12, 0xFE, 0x07, 0xFF,
  0x30, 0xFE, 0x06, 0x2A, 0x10, 0x02, 0x02, 0xF7, 0x03, 0xE4,
  0x1C, 0x1E, 0xDD, 0x11, 0xD2, 0x06, 0x19, 0x00, 0x01, 0xC3,
  0x11, 0x16, 0xD9, 0x01, 0x21, 0xDD, 0xF8, 0xD0, 0xF7, 0x03,
  0x06, 0x06, 0xFA, 0xFF, 0x1F, 0x08, 0x0D, 0xC6, 0x0C, 0x08,
  0x04, 0x18, 0x01, 0xFA, 0x0F, 0xF8, 0x06, 0x09, 0xF1, 0xE9,
  0x06, 0xDA, 0xF4, 0x15, 0x19, 0xEA, 0x0C, 0xEC, 0x07, 0xFB,
  0xF4, 0xE9, 0x02, 0x03, 0xFD, 0xFB, 0xFD, 0x00, 0x07, 0xD8,
  0x25, 0x07, 0xD5, 0x00, 0xFF, 0xF5, 0xFE, 0x08, 0x02, 0xFE,
  0xF8, 0xCD, 0x17, 0x09, 0x13, 0x06, 0x01, 0xE1, 0x05, 0x1D,
  0xFB, 0x13, 0x0B, 0xFF, 0xD4, 0xF7, 0xF9, 0x14, 0x0D, 0xF0,
  0xFE, 0xF4, 0x07, 0x11, 0x0D, 0x0A, 0xEF, 0x10, 0x0B, 0x00,
  0xEB, 0x0C, 0xF3, 0x00, 0x00, 0xE7, 0x05, 0x10, 0x0C, 0xDB,
  0xED, 0xF3, 0xFE, 0xFC, 0xE7, 0x12, 0x0B, 0xFC, 0xF6, 0xEE,
  0x18, 0xFB, 0xF6, 0xE9, 0x19, 0x03, 0xE1, 0x17, 0x09, 0x07,
  0xFA, 0x07, 0x06, 0x22, 0x14, 0xD9, 0x22, 0x0C, 0x08, 0x11,
  0xF7, 0xCC, 0x0D, 0x06, 0x17, 0x0F, 0xFA, 0x00, 0xCA, 0x08,
  0x08, 0x15, 0x11, 0xFC, 0x05, 0x0C, 0x10, 0x05, 0x11, 0xF8,
  0x23, 0xE8, 0x11, 0xFD, 0x18, 0x04, 0x0F, 0xF6, 0xFC, 0x25,
  0xED, 0x06, 0x11, 0x25, 0x0C, 0x06, 0x08, 0xF5, 0x1C, 0x01,
  0xEE, 0x0B, 0x14, 0x0D, 0xE8, 0x1F, 0x09, 0x1F, 0x03, 0xDF,
  0x16, 0xE9, 0xF7, 0xF5, 0xFA, 0xFC, 0x0D, 0xD5, 0x04, 0x29,
  0xD2, 0xFB, 0xEB, 0x06, 0x00, 0x15, 0x12, 0xFE, 0x02, 0xFD,
  0x10, 0x27, 0x18, 0xF0, 0x11, 0xDF, 0x15, 0xFF, 0xF5, 0xF0,
  0x1B, 0x29, 0x3A, 0x09, 0x03, 0xDC, 0x0C, 0x1E, 0x38, 0x36,
  0x2C, 0x45, 0x31, 0x07, 0x25, 0x09, 0xFB, 0xF8, 0xF5, 0x02,
  0x1B, 0x25, 0x16, 0x33, 0xEE, 0x05, 0x06, 0x1C, 0x1D, 0x0F,
  0x24, 0x0D, 0x19, 0xF1, 0x0B, 0xEE, 0xE7, 0x1E, 0x04, 0x0E,
  0x20, 0xD1, 0x1B, 0x04, 0xED, 0x2B, 0xD9, 0x25, 0x22, 0xF7,
  0x1B, 0x2A, 0x46, 0x0E, 0x0F, 0xFE, 0x04, 0x35, 0x10, 0x1F,
  0x17, 0xE9, 0xFB, 0x0D, 0xFE, 0xF9, 0xED, 0xDC, 0x17, 0x0B,
  0x0D, 0x03, 0xEE, 0x18, 0x06, 0x01, 0xEE, 0xF3, 0x05, 0xF2,
  0xF2, 0xEF, 0x13, 0x09, 0xF9, 0x0F, 0xF5, 0x0A, 0x23, 0x08,
  0x06, 0xF2, 0x1D, 0x07, 0x17, 0x01, 0x0F, 0x2A, 0x05, 0x1E,
  0x14, 0x04, 0x0B, 0x04, 0x01, 0x34, 0x0D, 0x0A, 0x32, 0x0B,
  0x19, 0x11, 0xED, 0xF9, 0x12, 0xF5, 0xEC, 0xEE, 0xFE, 0xEC,
  0x02, 0x12, 0x04, 0xFD, 0x14, 0x11, 0x1A, 0xF3, 0x00, 0x08,
  0x00, 0xF7, 0x14, 0xFB, 0x1C, 0x01, 0x05, 0x01, 0x1A, 0xEF,
  0xF3, 0x07, 0x1E, 0xE1, 0xDA, 0x07, 0x05, 0x04, 0xDF, 0x04,
  0xF9, 0x04, 0x24, 0xF2, 0x02, 0x03, 0x07, 0xF8, 0xFA, 0xFA,
  0x0C, 0x1D, 0x04, 0xFB, 0x01, 0xFC, 0x0B, 0x2A, 0xF3, 0x0A,
  0x06, 0x01, 0x1A, 0xE8, 0x1D, 0xF4, 0xE1, 0x04, 0xFD, 0x06,
  0xFE, 0xDF, 0xE7, 0xF4, 0x02, 0x0F, 0x1A, 0x11, 0x07, 0xF7,
  0x07, 0xCF, 0x54, 0xAB, 0xFF, 0xFF, 0x58, 0xAB, 0xFF, 0xFF,
  0x5C, 0xAB, 0xFF, 0xFF, 0xDA, 0xC2, 0xFF, 0xFF, 0x04, 0x00,
  0x00, 0x00, 0x00, 0x01, 0x00, 0x00, 0xE1, 0xF1, 0xFF, 0xFF,
  0xBB, 0xDC, 0xFF, 0xFF, 0x91, 0xE6, 0xFF, 0xFF, 0x7B, 0xD5,
  0xFF, 0xFF, 0x36, 0x05, 0x00, 0x00, 0x71, 0xE0, 0xFF, 0xFF,
  0x85, 0xE0, 0xFF, 0xFF, 0x6B, 0xE8, 0xFF, 0xFF, 0x65, 0xE5,
  0xFF, 0xFF, 0x83, 0xE4, 0xFF, 0xFF, 0x77, 0xEE, 0xFF, 0xFF,
  0xF5, 0xF3, 0xFF, 0xFF, 0xC1, 0xF2, 0xFF, 0xFF, 0x07, 0x1A,
  0x00, 0x00, 0x0F, 0x01, 0x00, 0x00, 0x48, 0xEC, 0xFF, 0xFF,
  0x13, 0x0A, 0x00, 0x00, 0x43, 0x0B, 0x00, 0x00, 0xF8, 0xE2,
  0xFF, 0xFF, 0x89, 0x16, 0x00, 0x00, 0x17, 0xD4, 0xFF, 0xFF,
  0xED, 0xEC, 0xFF, 0xFF, 0x26, 0xFB, 0xFF, 0xFF, 0x30, 0xEF,
  0xFF, 0xFF, 0x7D, 0xF9, 0xFF, 0xFF, 0xE8, 0xB1, 0xFF, 0xFF,
  0x58, 0x17, 0x00, 0x00, 0x43, 0xFF, 0xFF, 0xFF, 0x32, 0xF2,
  0xFF, 0xFF, 0x9E, 0xFD, 0xFF, 0xFF, 0x1E, 0xFF, 0xFF, 0xFF,
  0xC3, 0x13, 0x00, 0x00, 0x4C, 0xFD, 0xFF, 0xFF, 0xEC, 0xF9,
  0xFF, 0xFF, 0x5C, 0x24, 0x00, 0x00, 0x10, 0xE7, 0xFF, 0xFF,
  0xB2, 0xC6, 0xFF, 0xFF, 0x47, 0xE5, 0xFF, 0xFF, 0xE1, 0x00,
  0x00, 0x00, 0xE6, 0xFA, 0xFF, 0xFF, 0xB1, 0xF4, 0xFF, 0xFF,
  0x29, 0xD3, 0xFF, 0xFF, 0xCF, 0xEC, 0xFF, 0xFF, 0xC0, 0x11,
  0x00, 0x00, 0x2D, 0xF3, 0xFF, 0xFF, 0xF8, 0xEB, 0xFF, 0xFF,
  0x58, 0xD4, 0xFF, 0xFF, 0x34, 0xD7, 0xFF, 0xFF, 0x22, 0xF3,
  0xFF, 0xFF, 0x0F, 0x29, 0x00, 0x00, 0xCC, 0xFA, 0xFF, 0xFF,
  0x1C, 0xFB, 0xFF, 0xFF, 0x2C, 0xFC, 0xFF, 0xFF, 0x4E, 0xFF,
  0xFF, 0xFF, 0xD9, 0xE9, 0xFF, 0xFF, 0x1C, 0x16, 0x00, 0x00,
  0x4E, 0x2F, 0x00, 0x00, 0x08, 0xFD, 0xFF, 0xFF, 0x0E, 0xF7,
  0xFF, 0xFF, 0x61, 0xF6, 0xFF, 0xFF, 0x96, 0xF0, 0xFF, 0xFF,
  0xE9, 0xE1, 0xFF, 0xFF, 0xA9, 0x00, 0x00, 0x00, 0xB7, 0xF5,
  0xFF, 0xFF, 0xE6, 0xC3, 0xFF, 0xFF, 0x04, 0x00, 0x00, 0x00,
  0x00, 0x38, 0x00, 0x00, 0x2A, 0x21, 0xE1, 0x4D, 0x34, 0x14,
  0x16, 0x1B, 0xF2, 0x38, 0xF6, 0xBC, 0x1D, 0x11, 0xD5, 0x5E,
  0xDB, 0xE5, 0x14, 0x18, 0x12, 0xE8, 0x14, 0xC8, 0xF3, 0xEA,
  0xE7, 0xAF, 0x05, 0xFB, 0x14, 0xE9, 0x55, 0xC3, 0xE4, 0x3F,
  0x14, 0xFE, 0xE8, 0x15, 0xC7, 0xB0, 0x01, 0x1F, 0x0D, 0xAB,
  0xE3, 0xFE, 0xF4, 0x21, 0xE8, 0xE9, 0xFB, 0x33, 0xD9, 0x27,
  0xEA, 0xC3, 0xC5, 0xEE, 0x14, 0x54, 0x8C, 0x2B, 0x00, 0xE6,
  0x29, 0x20, 0xA0, 0xC5, 0xF6, 0xE8, 0xC2, 0x14, 0x0D, 0x11,
  0x12, 0xC2, 0x6F, 0xF6, 0xC6, 0x3E, 0xCA, 0x3E, 0x02, 0xF0,
  0x04, 0xFA, 0x32, 0x2E, 0x3E, 0xE7, 0xC6, 0x0E, 0x20, 0x10,
  0x14, 0xEE, 0x29, 0xF6, 0x01, 0xFA, 0x1C, 0xF0, 0xD1, 0x3A,
  0xE4, 0xD9, 0x18, 0x15, 0x2D, 0x5C, 0xEB, 0x38, 0x2E, 0xEF,
  0xD5, 0xFC, 0x10, 0x36, 0x0B, 0x0D, 0x06, 0xE5, 0x32, 0x52,
  0xD9, 0xDF, 0x14, 0xC1, 0xA6, 0xEB, 0xE7, 0x12, 0xE7, 0x36,
  0xF5, 0xB2, 0xD7, 0xB3, 0xD3, 0xA7, 0x03, 0xEB, 0xEE, 0x0F,
  0xFB, 0xF9, 0xE8, 0x2F, 0xD4, 0x13, 0xFA, 0xF1, 0xDA, 0xCB,
  0xF3, 0x0A, 0xBB, 0x05, 0x92, 0xCD, 0x42, 0xD1, 0xC8, 0xB9,
  0xF8, 0x30, 0x20, 0xBC, 0xFB, 0xCB, 0xF2, 0xDE, 0x23, 0xFD,
  0xE2, 0x59, 0x1C, 0x2B, 0x60, 0x00, 0x31, 0xFA, 0x04, 0xFE,
  0xF7, 0xAC, 0x2D, 0x09, 0xFB, 0xDC, 0xE7, 0xDF, 0x44, 0x4A,
  0x01, 0xCE, 0x1B, 0x25, 0xDA, 0xF7, 0x01, 0x0C, 0xF6, 0xA5,
  0xC3, 0x5D, 0x99, 0x14, 0xF9, 0xB2, 0xF8, 0xF2, 0xE5, 0x7F,
  0x45, 0xE4, 0xB8, 0x15, 0xAF, 0x79, 0xE7, 0x23, 0xEF, 0xF9,
  0xF1, 0x09, 0xDA, 0xF0, 0x31, 0xF5, 0xF1, 0xDF, 0xE6, 0xEE,
  0xE0, 0x14, 0xEE, 0x02, 0xFE, 0xDD, 0xFB, 0xDD, 0xC8, 0x12,
  0xC1, 0x09, 0xF9, 0x14, 0x0C, 0x0C, 0x29, 0x0E, 0xEE, 0x38,
  0xF1, 0xE4, 0x0C, 0x3A, 0x1C, 0x16, 0x55, 0x5D, 0xD0, 0x3B,
  0xFD, 0x16, 0xD4, 0xCB, 0xD4, 0xEE, 0x14, 0x0C, 0x11, 0xED,
  0x9B, 0xC2, 0xDE, 0xC6, 0x11, 0x0D, 0xDB, 0xF6, 0x1E, 0x01,
  0xFF, 0x13, 0x1B, 0xEC, 0x22, 0x45, 0x4B, 0x16, 0xEE, 0xF5,
  0xEF, 0x5F, 0xA0, 0x30, 0x12, 0xEE, 0xFA, 0x1D, 0x22, 0xF8,
  0xFE, 0x07, 0x2D, 0xD8, 0x22, 0x09, 0xDB, 0x05, 0x07, 0x1F,
  0x48, 0x18, 0x09, 0x2F, 0x21, 0xEB, 0xEE, 0x36, 0x1C, 0xE7,
  0x0A, 0x03, 0x2B, 0xE5, 0xBF, 0xF5, 0x06, 0x22, 0x47, 0xEB,
  0x5B, 0xE5, 0xEF, 0x01, 0x19, 0x40, 0xDD, 0x30, 0xC3, 0x07,
  0x2D, 0xFC, 0x56, 0xFF, 0xBF, 0xF3, 0xF6, 0xD9, 0x12, 0x00,
  0xF0, 0xDA, 0x25, 0xD0, 0xE6, 0xD7, 0xDC, 0x01, 0x19, 0x0B,
  0xD9, 0xB7, 0x56, 0xF8, 0x31, 0x0F, 0xBC, 0x0C, 0xB4, 0x11,
  0xC6, 0x1B, 0x0D, 0x0A, 0x14, 0xEC, 0xDA, 0xFC, 0xED, 0xE9,
  0x15, 0x19, 0x13, 0x0B, 0x28, 0x11, 0xFC, 0xC9, 0xE5, 0x10,
  0x20, 0x07, 0xE2, 0x04, 0x3D, 0xC5, 0x36, 0x27, 0xE5, 0xEB,
  0x0E, 0x02, 0xED, 0x10, 0xE3, 0xF4, 0xC3, 0xB3, 0x0A, 0x1E,
  0x02, 0xE2, 0xDE, 0x15, 0x0C, 0x20, 0x0D, 0x2E, 0xD5, 0x93,
  0x0D, 0xF1, 0x59, 0x14, 0x2F, 0x1B, 0x12, 0x81, 0x3C, 0x22,
  0x1A, 0x45, 0x0C, 0xFA, 0xD0, 0xF7, 0xED, 0xE1, 0x0B, 0x23,
  0x56, 0x38, 0xD8, 0xDE, 0xF3, 0x0D, 0x37, 0xD6, 0xDB, 0xD0,
  0x1B, 0x17, 0xF9, 0x30, 0x21, 0xD9, 0xDE, 0x21, 0x00, 0x1E,
  0x15, 0xEF, 0xF1, 0xE9, 0x7F, 0xB7, 0xC2, 0x14, 0x44, 0xDF,
  0x06, 0x43, 0xDA, 0x11, 0xC7, 0xFB, 0xF4, 0x0D, 0x21, 0xF5,
  0xE0, 0xD5, 0x17, 0x29, 0xDD, 0xD0, 0xD3, 0x67, 0xBF, 0x23,
  0xD9, 0xFE, 0x1D, 0x09, 0xF8, 0xF0, 0x40, 0x3A, 0xDE, 0xFF,
  0x0F, 0x06, 0xE9, 0x07, 0xA2, 0xCC, 0xC4, 0xC3, 0xD0, 0x38,
  0x42, 0x24, 0x0E, 0x06, 0xF4, 0xFC, 0xCC, 0xE7, 0xA2, 0x2F,
  0x9A, 0xD1, 0xFD, 0x0D, 0x35, 0x0B, 0xD8, 0xFC, 0x37, 0x29,
  0x4F, 0xF3, 0xDC, 0x10, 0xEF, 0xE9, 0xE5, 0x08, 0xE7, 0xEC,
  0x4B, 0x60, 0x51, 0xDD, 0x3C, 0xF1, 0x1D, 0x1B, 0xB5, 0xF3,
  0x1F, 0xE0, 0xFB, 0x06, 0x24, 0xC0, 0xFA, 0x16, 0xF8, 0x1A,
  0x3F, 0x23, 0xFF, 0x1C, 0xDE, 0xF5, 0xF6, 0xFE, 0xDF, 0x20,
  0xF9, 0xB0, 0xEC, 0x23, 0xF7, 0x35, 0x1C, 0x60, 0x23, 0x28,
  0xDF, 0x01, 0xFD, 0x4E, 0xF1, 0xF2, 0x4D, 0xD2, 0x35, 0x09,
  0xEF, 0xF7, 0x03, 0xED, 0xE6, 0x02, 0x3E, 0x2C, 0x20, 0x19,
  0x30, 0xE7, 0xFB, 0xF2, 0xF1, 0x40, 0x45, 0xFC, 0xD0, 0xB3,
  0xB2, 0x5B, 0xE1, 0x35, 0x25, 0xD8, 0xF4, 0xDB, 0x65, 0x2E,
  0x35, 0x33, 0xEE, 0xED, 0xC7, 0xF6, 0xCD, 0xE2, 0x11, 0xD9,
  0x14, 0xAF, 0xBD, 0x13, 0xF2, 0x11, 0xFA, 0x04, 0xEF, 0xD4,
  0x0C, 0x17, 0x2F, 0x25, 0x30, 0xC1, 0xEE, 0xFF, 0x19, 0xC7,
  0x2C, 0xAF, 0x3E, 0x07, 0x09, 0xD2, 0xF9, 0xC8, 0xCC, 0xF9,
  0x17, 0x29, 0x06, 0x12, 0xCD, 0x01, 0x4A, 0x41, 0xE2, 0x4D,
  0xD1, 0x25, 0x2B, 0xD7, 0xD6, 0xD8, 0xED, 0x1D, 0x01, 0xE8,
  0xEE, 0x1A, 0x1C, 0x27, 0x02, 0x22, 0x67, 0xD1, 0x22, 0x2F,
  0x16, 0x19, 0x12, 0x13, 0xBC, 0xDE, 0xDC, 0xF2, 0xD9, 0x00,
  0x00, 0x1A, 0xE3, 0xD2, 0x21, 0xC4, 0xDE, 0xE8, 0x02, 0x2B,
  0x11, 0xE6, 0xF2, 0xE9, 0xE0, 0xEC, 0x3F, 0x16, 0x62, 0x28,
  0x1C, 0x0E, 0xD5, 0x9B, 0x01, 0xEF, 0x11, 0x01, 0x00, 0xCC,
  0xB7, 0xC9, 0x14, 0xFA, 0x36, 0xAC, 0x4B, 0xD2, 0x10, 0x03,
  0xD2, 0xF2, 0x1C, 0x3C, 0xA8, 0xDA, 0xE1, 0x2A, 0x13, 0x07,
  0x0E, 0x11, 0x49, 0xF2, 0xF6, 0x15, 0xF8, 0x07, 0xFD, 0x0B,
  0xDA, 0x41, 0xF6, 0xE5, 0xCE, 0x19, 0x2E, 0xF3, 0x35, 0x05,
  0x44, 0xD1, 0xF9, 0xEB, 0xBE, 0x30, 0xA6, 0x32, 0x24, 0x24,
  0xE8, 0x22, 0xFD, 0x28, 0x20, 0x22, 0x12, 0x1A, 0xDD, 0x39,
  0xD6, 0xF3, 0x01, 0xFA, 0x1B, 0x13, 0xB6, 0x24, 0xF8, 0x13,
  0xC1, 0x7F, 0x1B, 0xD6, 0xE7, 0x1C, 0x27, 0xF2, 0xF1, 0x4D,
  0x17, 0xDF, 0xF3, 0x14, 0x07, 0x2F, 0xEF, 0xFC, 0xD5, 0xE0,
  0xB4, 0xF2, 0xED, 0x4A, 0x03, 0x23, 0xFC, 0x49, 0xB8, 0xC0,
  0xED, 0x0E, 0xE1, 0x47, 0xDA, 0x0A, 0xDD, 0x1D, 0xE9, 0x59,
  0x01, 0xE6, 0x5A, 0x9E, 0x25, 0x17, 0x0A, 0x3D, 0xCB, 0x3A,
  0x13, 0xB8, 0x01, 0xE9, 0x08, 0x33, 0x21, 0x07, 0xEE, 0x04,
  0xF9, 0x2F, 0xCF, 0xBD, 0xE2, 0xA9, 0xF9, 0x2B, 0xE5, 0xFA,
  0x3F, 0xF4, 0x4A, 0x04, 0x29, 0x38, 0x05, 0x30, 0xE7, 0x0F,
  0xF1, 0xFF, 0x9D, 0x2E, 0x3F, 0xC5, 0x41, 0xA2, 0xEF, 0xFF,
  0x09, 0x25, 0xAC, 0x24, 0x09, 0x07, 0x1C, 0xE0, 0xC9, 0xFC,
  0x18, 0x0F, 0x11, 0x16, 0xC2, 0x16, 0xDE, 0x08, 0xF8, 0xFB,
  0xF5, 0x18, 0xEF, 0x0B, 0x07, 0x0A, 0x0B, 0x16, 0xEE, 0xC2,
  0x2E, 0xDE, 0x01, 0x1F, 0xE4, 0x1D, 0x09, 0x1E, 0xFC, 0x08,
  0xE6, 0x0B, 0xDE, 0x24, 0xE5, 0x05, 0xF4, 0xF6, 0x0C, 0xED,
  0xE6, 0x10, 0xD8, 0x0D, 0xE8, 0x23, 0xE1, 0xF9, 0x15, 0x15,
  0x01, 0x18, 0xE5, 0x0B, 0xFD, 0x09, 0x35, 0x28, 0x0D, 0x3B,
  0x12, 0x1B, 0xEE, 0x03, 0xD8, 0x17, 0xF7, 0x40, 0x1F, 0x05,
  0xEA, 0xEC, 0x24, 0xED, 0x28, 0x81, 0xFF, 0xE7, 0xE7, 0x1D,
  0x1A, 0xEF, 0x10, 0xFF, 0xCE, 0x0F, 0x08, 0xD5, 0x1F, 0x38,
  0x06, 0x1A, 0x15, 0x39, 0xD4, 0x0B, 0xFF, 0x01, 0xF5, 0x09,
  0xFC, 0x38, 0x03, 0xF1, 0xF7, 0xF6, 0x4B, 0xAE, 0x32, 0x32,
  0xEF, 0x14, 0x00, 0xDF, 0x11, 0x1A, 0xB9, 0x1B, 0xF5, 0xCF,
  0x28, 0x14, 0x0D, 0xAB, 0x01, 0x2B, 0xDD, 0x16, 0xF9, 0xF7,
  0x16, 0xF4, 0x17, 0xFD, 0xCC, 0xD6, 0x01, 0xDA, 0x09, 0x19,
  0xFF, 0x00, 0xE3, 0xFC, 0xFD, 0xE9, 0xE9, 0xE8, 0x04, 0xD6,
  0x13, 0x0E, 0xE6, 0xE4, 0xEF, 0xE9, 0xEA, 0xF4, 0xDF, 0x2E,
  0x1C, 0x0B, 0x2F, 0xFA, 0xF8, 0x1A, 0x13, 0xF0, 0x2A, 0xF2,
  0xDE, 0x22, 0xED, 0x2D, 0x1A, 0x27, 0xD0, 0xD3, 0x14, 0xCF,
  0x27, 0xA6, 0x1B, 0x07, 0xD1, 0xF2, 0x09, 0x22, 0xF4, 0xFD,
  0xEE, 0xF7, 0xDB, 0x1B, 0xE4, 0xF0, 0xFF, 0x1F, 0x0C, 0xEF,
  0x03, 0x0D, 0xEE, 0xF6, 0xF0, 0x28, 0xB4, 0x06, 0x09, 0xF4,
  0x14, 0xCF, 0xD8, 0x2A, 0xCD, 0x15, 0xED, 0x1F, 0xA5, 0x5A,
  0x2A, 0x02, 0x42, 0xD7, 0x33, 0x0C, 0x22, 0xE6, 0xF2, 0xDA,
  0x47, 0xC5, 0x5F, 0xF6, 0x3B, 0xFD, 0xF6, 0x12, 0xE2, 0xDB,
  0xBB, 0xE9, 0x10, 0xBD, 0x50, 0x94, 0xDF, 0x16, 0xF6, 0xD7,
  0xB6, 0xFB, 0x20, 0x0B, 0x20, 0xDB, 0x0A, 0x0F, 0x4B, 0xFA,
  0xDA, 0xFB, 0xFA, 0xBA, 0xF5, 0x48, 0x20, 0x17, 0xE8, 0x3D,
  0x12, 0xEE, 0xBE, 0x2D, 0xE6, 0xBB, 0x25, 0x1A, 0xC7, 0x20,
  0x09, 0xE2, 0xD8, 0x0E, 0xFF, 0x09, 0x3D, 0xFA, 0xBD, 0x04,
  0xF4, 0xED, 0xD9, 0x2A, 0xF5, 0xBA, 0xEE, 0x1A, 0x1E, 0xE0,
  0x06, 0x05, 0x0B, 0xDD, 0xF5, 0x13, 0x14, 0x0E, 0x03, 0x44,
  0x15, 0xF2, 0xE9, 0x2F, 0xE6, 0x0F, 0x37, 0x2A, 0x06, 0x17,
  0xE5, 0xD8, 0xE4, 0x26, 0x03, 0x52, 0x0D, 0xE4, 0xB2, 0xEC,
  0x0E, 0x4F, 0x09, 0x3A, 0x22, 0xD8, 0x1B, 0x26, 0x09, 0x1C,
  0xF2, 0x41, 0x15, 0x0F, 0xE0, 0x06, 0xE0, 0x1A, 0xF5, 0x0C,
  0xDE, 0xE5, 0x1A, 0xFB, 0xFC, 0x0B, 0x19, 0x25, 0x24, 0xF2,
  0xB7, 0xFB, 0x35, 0xEE, 0xBE, 0x0D, 0x0F, 0xD6, 0x0B, 0x26,
  0x14, 0x08, 0xD6, 0x25, 0xF4, 0x2C, 0x1C, 0xCA, 0x28, 0x0F,
  0x22, 0xCF, 0xFF, 0xF0, 0x1A, 0x0E, 0xFF, 0x32, 0x32, 0x07,
  0xBA, 0x01, 0xD3, 0x34, 0x28, 0x16, 0xA8, 0xED, 0xD2, 0x10,
  0x33, 0xE8, 0x17, 0xE1, 0x1C, 0xE8, 0xD0, 0x35, 0x22, 0x01,
  0x12, 0x16, 0xD5, 0xE2, 0x05, 0xDE, 0xD3, 0xF7, 0xEE, 0x2C,
  0xE5, 0x3C, 0xC1, 0x0F, 0x12, 0x21, 0x7F, 0x11, 0xFC, 0xE3,
  0x00, 0x0E, 0xE7, 0xD6, 0x22, 0x0B, 0xF0, 0xCB, 0x1D, 0x11,
  0xD1, 0xFD, 0x24, 0xB0, 0x18, 0xEE, 0xE3, 0x11, 0x37, 0xF7,
  0x14, 0xC6, 0x24, 0xF2, 0x20, 0xF6, 0x1F, 0xF1, 0xDF, 0x16,
  0xBB, 0x20, 0x00, 0x03, 0xDF, 0xFF, 0xEB, 0xBC, 0x3F, 0xB5,
  0xFB, 0x44, 0xE7, 0xF8, 0x1E, 0xF6, 0x33, 0xCB, 0xD7, 0x0A,
  0x39, 0xD7, 0x2A, 0xC3, 0x2B, 0x0A, 0xF9, 0x0D, 0x78, 0xE7,
  0xB9, 0xF5, 0xC7, 0x0A, 0x12, 0xE1, 0xD7, 0xDB, 0x51, 0x00,
  0x39, 0x8B, 0xED, 0x08, 0xA5, 0xED, 0xF3, 0xD6, 0x0A, 0x04,
  0xDA, 0xD8, 0xF8, 0x11, 0x06, 0xCA, 0xB5, 0x0E, 0x14, 0xD5,
  0x36, 0xF8, 0xF3, 0xD6, 0xEB, 0x14, 0xCA, 0x02, 0x12, 0x3B,
  0x2B, 0xDB, 0xE4, 0x3A, 0xDE, 0x0B, 0xEB, 0xDD, 0xD3, 0xF9,
  0x42, 0x03, 0x06, 0x2E, 0xDE, 0xBD, 0xEB, 0xD6, 0xE6, 0x23,
  0xF6, 0xE0, 0x31, 0x0B, 0xEA, 0xB2, 0x2A, 0x16, 0x05, 0x03,
  0x4C, 0x10, 0x17, 0x22, 0x13, 0x2D, 0x34, 0xCB, 0x58, 0x41,
  0xF3, 0x4B, 0x27, 0x01, 0xF0, 0x31, 0xCD, 0xED, 0x29, 0x15,
  0xD1, 0x00, 0x16, 0xE4, 0x16, 0xE1, 0x2C, 0x81, 0x0A, 0x3E,
  0x07, 0x46, 0x09, 0x2A, 0xD8, 0xF6, 0x04, 0x33, 0x35, 0x02,
  0x13, 0x11, 0x3D, 0x26, 0x34, 0xDF, 0xB0, 0x15, 0x07, 0xFE,
  0x33, 0x13, 0x05, 0x26, 0x22, 0xEF, 0xDE, 0x0C, 0x36, 0x1A,
  0xE9, 0xEE, 0xD2, 0xDC, 0x59, 0xEF, 0xE4, 0xD0, 0xD6, 0x41,
  0xFF, 0x4C, 0x40, 0xF6, 0x0F, 0x14, 0x09, 0x04, 0xF2, 0x47,
  0xEC, 0x3A, 0x28, 0xD4, 0x0D, 0xB8, 0x21, 0x12, 0xED, 0x0E,
  0x40, 0x02, 0xCE, 0x16, 0xDE, 0xED, 0x47, 0x05, 0xD1, 0xA3,
  0xF1, 0xF4, 0x51, 0x30, 0x40, 0x48, 0x46, 0x12, 0x20, 0xCA,
  0xB3, 0x09, 0xB2, 0x08, 0x51, 0xF7, 0x2E, 0xA4, 0xE3, 0x11,
  0xFA, 0x03, 0x5A, 0xD9, 0xCF, 0xCB, 0x4E, 0xD8, 0x7F, 0xFF,
  0xFE, 0x2F, 0xDE, 0x1D, 0xF2, 0x35, 0x39, 0x1D, 0x1F, 0xE7,
  0x39, 0xC6, 0xF5, 0x2F, 0xFE, 0xCE, 0x3F, 0xD4, 0xFB, 0x1D,
  0x13, 0xFA, 0xF6, 0xFB, 0x46, 0xD2, 0x23, 0xEA, 0x1B, 0xAC,
  0x7A, 0x4E, 0xD5, 0x44, 0xBC, 0xFC, 0xEC, 0xFE, 0x04, 0xC6,
  0xEB, 0x0E, 0x20, 0xD1, 0x2A, 0x3D, 0x1E, 0xEB, 0x04, 0xA4,
  0x02, 0xEE, 0xE7, 0x0C, 0xBE, 0xE6, 0x1C, 0xD1, 0x2C, 0xDA,
  0x55, 0xD2, 0x24, 0xF7, 0xD7, 0xF4, 0xFC, 0x1F, 0xCA, 0x00,
  0x23, 0x05, 0xC0, 0xD9, 0x1B, 0xF0, 0x05, 0xE3, 0x17, 0x04,
  0x0E, 0xD4, 0xF0, 0x1B, 0xD7, 0xEC, 0xC7, 0x16, 0x2F, 0xD0,
  0xBE, 0xBA, 0x21, 0xF3, 0x07, 0xD9, 0xE9, 0x08, 0xBD, 0x0D,
  0xB6, 0xF2, 0xF8, 0x05, 0xDC, 0xDA, 0x41, 0xD4, 0xA4, 0xF8,
  0x45, 0xB2, 0xF0, 0xC0, 0x00, 0x3C, 0xD1, 0x0D, 0x2B, 0xF8,
  0xDD, 0xF5, 0x86, 0xF7, 0xEB, 0x03, 0xA7, 0xAB, 0xF7, 0x18,
  0xB5, 0xE2, 0xCF, 0xB8, 0xA4, 0xCA, 0xF4, 0xF0, 0x2C, 0xFD,
  0xC6, 0xC8, 0x38, 0x95, 0x0B, 0x14, 0x48, 0x64, 0xCB, 0xFE,
  0x3D, 0xD4, 0xD7, 0x0A, 0xCB, 0x1E, 0xF0, 0x3E, 0x8F, 0xD9,
  0x5F, 0x00, 0x4F, 0xD3, 0xFD, 0xE0, 0xDB, 0xEC, 0xFC, 0x02,
  0x3E, 0x18, 0x08, 0xE8, 0x41, 0xF1, 0x13, 0x14, 0x2D, 0x44,
  0x1B, 0xFE, 0x20, 0x24, 0x02, 0x18, 0x1C, 0x21, 0xF4, 0xF6,
  0xD5, 0x27, 0x32, 0x23, 0x71, 0x12, 0x07, 0xDE, 0xEC, 0x16,
  0x0F, 0xEC, 0x93, 0xBD, 0x1F, 0x26, 0x12, 0xE9, 0xD0, 0x16,
  0xEE, 0xEA, 0x3F, 0x28, 0xFB, 0xDD, 0xFA, 0xD1, 0x0A, 0x2B,
  0x27, 0xF1, 0xF9, 0x08, 0x24, 0x21, 0xD9, 0x01, 0x40, 0xF5,
  0xF5, 0x16, 0x19, 0xF9, 0xA7, 0xE3, 0x03, 0x0D, 0xFC, 0x00,
  0xED, 0x0C, 0x0C, 0xE3, 0x2A, 0x45, 0x31, 0xAA, 0xD4, 0xE8,
  0x0B, 0x1E, 0x0F, 0xE4, 0xF4, 0xD5, 0xD6, 0x0D, 0xF2, 0xE3,
  0x18, 0xCC, 0x22, 0x21, 0xFA, 0xE9, 0x04, 0xCD, 0x1C, 0xFC,
  0xF5, 0x17, 0x11, 0xE3, 0x05, 0xDD, 0xDD, 0xF1, 0x58, 0xE6,
  0x02, 0xF1, 0x09, 0xD5, 0xF5, 0xE9, 0xBD, 0x22, 0xC9, 0x3E,
  0xCD, 0xD9, 0xE3, 0xDA, 0x23, 0xFD, 0xF3, 0x00, 0x54, 0x29,
  0x53, 0xF8, 0x26, 0xEE, 0x1E, 0x1F, 0x00, 0xC1, 0xCB, 0x26,
  0x29, 0x12, 0xF5, 0x21, 0x1F, 0xC9, 0xCD, 0xF4, 0xFF, 0x27,
  0x1F, 0x18, 0xDB, 0x26, 0xCE, 0xE7, 0x05, 0x24, 0xEB, 0x01,
  0x09, 0x26, 0x01, 0xFF, 0x52, 0xCD, 0x25, 0x0A, 0xE9, 0xD4,
  0xEC, 0x24, 0xEC, 0x12, 0x02, 0xE1, 0x26, 0x88, 0xE9, 0x81,
  0x08, 0xE3, 0x32, 0x32, 0xED, 0x0C, 0xE2, 0xDC, 0xD8, 0x26,
  0x07, 0xD3, 0xDB, 0x45, 0x35, 0x4B, 0x43, 0xDE, 0x15, 0xE1,
  0xF3, 0xE1, 0xDD, 0x41, 0xEC, 0xC5, 0xE7, 0xEC, 0x0A, 0xEB,
  0x10, 0x01, 0xE2, 0xFA, 0x14, 0x2B, 0x32, 0xF4, 0xF2, 0x13,
  0xD1, 0xEE, 0xC0, 0xEC, 0xCD, 0x13, 0xDF, 0x0C, 0x36, 0xE5,
  0xEF, 0x08, 0x0A, 0x0E, 0xFC, 0x18, 0xFF, 0xD1, 0xCD, 0xEB,
  0xF6, 0x06, 0x15, 0xFB, 0xD7, 0x0D, 0x1D, 0x08, 0x48, 0xEA,
  0x2E, 0xF0, 0xC8, 0x24, 0x15, 0x31, 0x26, 0x41, 0xB5, 0x0A,
  0xE9, 0x22, 0x0E, 0x97, 0xF2, 0xB7, 0xFA, 0xF3, 0x0A, 0x12,
  0x1E, 0xD2, 0xE7, 0xE3, 0x27, 0x2B, 0x3C, 0x10, 0xDA, 0x41,
  0x22, 0x30, 0x36, 0xF8, 0x20, 0xFA, 0x19, 0x26, 0xD6, 0xFA,
  0xFE, 0x3C, 0x9A, 0x29, 0xDD, 0xDC, 0x71, 0xD9, 0xFC, 0x11,
  0xD8, 0xFB, 0x3B, 0xA0, 0x2B, 0x05, 0x04, 0xE9, 0x69, 0xEC,
  0xD1, 0x50, 0xE6, 0x42, 0x00, 0x08, 0x52, 0x00, 0x37, 0x29,
  0xEE, 0xCD, 0xFE, 0xF2, 0x1C, 0x16, 0xD6, 0xD4, 0x2E, 0xFE,
  0x06, 0x1C, 0xE5, 0xC2, 0x6A, 0x1F, 0x3B, 0xE2, 0x26, 0xE2,
  0x4D, 0x13, 0x16, 0x2D, 0x91, 0x33, 0xD1, 0xFD, 0x43, 0x0A,
  0xF1, 0x26, 0xEE, 0xD7, 0x17, 0xCC, 0x0B, 0xD8, 0x18, 0xD7,
  0x2F, 0xCF, 0x03, 0xFE, 0xBF, 0xFB, 0x54, 0x13, 0xF2, 0x04,
  0x18, 0x81, 0x3E, 0xCC, 0x1A, 0xEB, 0xEF, 0xF4, 0xB3, 0xF7,
  0x3F, 0xF3, 0xDC, 0xB7, 0xD5, 0xFD, 0xF8, 0xAA, 0x46, 0xCE,
  0x3D, 0x00, 0xF6, 0xCD, 0xDF, 0xFD, 0x46, 0x07, 0x74, 0x1D,
  0xE0, 0xE1, 0xED, 0xD6, 0x07, 0xBD, 0xEC, 0xED, 0xA9, 0x9C,
  0xF2, 0xE2, 0xCB, 0x01, 0xE6, 0xA3, 0x49, 0xF9, 0xDE, 0xD3,
  0x66, 0xE1, 0x16, 0xF5, 0x2E, 0x40, 0xA9, 0xBE, 0x34, 0xE5,
  0x0F, 0xFD, 0xB4, 0x07, 0x16, 0x01, 0x9A, 0xE5, 0xEF, 0x2A,
  0x15, 0xC5, 0xB5, 0xA3, 0xAE, 0x43, 0xDE, 0xD7, 0x43, 0x39,
  0xD3, 0xF9, 0x02, 0xD5, 0x28, 0xF1, 0x1D, 0x05, 0xDD, 0x9C,
  0x33, 0x3B, 0xF0, 0x09, 0xA4, 0xF4, 0xFC, 0x41, 0xB7, 0x39,
  0x63, 0x16, 0x76, 0x0D, 0x3F, 0x20, 0x06, 0xEB, 0xD5, 0x13,
  0x14, 0xDE, 0x07, 0xF7, 0x1D, 0x06, 0x20, 0xBB, 0x47, 0x27,
  0x12, 0xFC, 0xD2, 0x40, 0x15, 0x0A, 0x16, 0xF7, 0xF4, 0x15,
  0x2A, 0xFB, 0x1B, 0x06, 0x46, 0x23, 0x15, 0xEA, 0x1B, 0xF2,
  0x0C, 0x0A, 0x33, 0x81, 0x03, 0xCF, 0x08, 0x1E, 0x27, 0xFE,
  0x01, 0x45, 0xE4, 0x02, 0xAB, 0x3C, 0x0C, 0xCE, 0x05, 0xE5,
  0xDA, 0xE0, 0x10, 0xEB, 0x23, 0xFB, 0x21, 0xEA, 0xE5, 0x2A,
  0x0F, 0x3D, 0x23, 0xFD, 0x3D, 0xAA, 0x0B, 0xD7, 0xE6, 0xAD,
  0xF3, 0x02, 0xCE, 0x3A, 0xCC, 0x90, 0x01, 0xC7, 0x27, 0xD0,
  0x02, 0x0A, 0x17, 0x37, 0xC4, 0x23, 0xE2, 0xF9, 0xD3, 0x3B,
  0x12, 0xE4, 0x17, 0xEC, 0xDD, 0x07, 0x25, 0xDE, 0xBF, 0x32,
  0xFF, 0xDA, 0xA5, 0x23, 0xEF, 0x20, 0xE6, 0x00, 0x4D, 0x01,
  0x10, 0xCC, 0xDA, 0x35, 0x64, 0xDB, 0x89, 0x2F, 0x1B, 0xF7,
  0x15, 0x42, 0x09, 0xAF, 0x40, 0xDA, 0xF5, 0x0D, 0x23, 0x2B,
  0x20, 0x08, 0x00, 0xEB, 0x19, 0x26, 0x10, 0x30, 0xF1, 0x52,
  0xEC, 0x13, 0x33, 0x0E, 0x0B, 0xD1, 0xD0, 0xA5, 0x15, 0xF2,
  0x35, 0xCF, 0xFA, 0x0A, 0xCD, 0xE8, 0xDF, 0xF8, 0x35, 0xDF,
  0x3D, 0x2A, 0xFB, 0xD3, 0x02, 0xFF, 0xF3, 0x09, 0xEF, 0x0B,
  0xF5, 0x06, 0x0F, 0xD6, 0x29, 0x2B, 0xEB, 0xDB, 0xF2, 0xD5,
  0x31, 0xD3, 0xAC, 0x01, 0x23, 0x0D, 0xEA, 0x1C, 0xAA, 0xEE,
  0x0D, 0x0A, 0x2C, 0xDA, 0x01, 0xC9, 0xE1, 0x4D, 0xCF, 0xB3,
  0xF8, 0x59, 0x0F, 0xC0, 0xEF, 0x44, 0xDF, 0x34, 0xFC, 0x11,
  0x26, 0xF6, 0x2F, 0x14, 0x21, 0x2C, 0xF6, 0xF1, 0xAE, 0x24,
  0xD5, 0x08, 0xD3, 0x33, 0x1C, 0x4B, 0x66, 0x38, 0x2E, 0x14,
  0x37, 0xC5, 0x3B, 0x04, 0x34, 0xDD, 0xB7, 0x42, 0x7C, 0x51,
  0x02, 0xB7, 0xC4, 0xD7, 0xEF, 0x05, 0xEF, 0x2F, 0x41, 0x0C,
  0xE5, 0x53, 0xC0, 0x03, 0xD2, 0x2C, 0x2A, 0x52, 0x12, 0x02,
  0x34, 0x0D, 0x02, 0xFD, 0x4A, 0xB3, 0x52, 0xCE, 0x8C, 0x71,
  0x15, 0x13, 0xBA, 0xF4, 0xB1, 0xE8, 0x28, 0xE9, 0x57, 0x5C,
  0x69, 0xDD, 0xC6, 0x1A, 0xD3, 0x2C, 0xE9, 0x01, 0xE6, 0xD1,
  0xE0, 0x66, 0x09, 0x2D, 0x04, 0xC6, 0x21, 0xA8, 0x47, 0x1B,
  0xED, 0x59, 0xAC, 0xD3, 0x01, 0xE0, 0xF6, 0x1E, 0x2F, 0x2C,
  0x2F, 0xE9, 0xEC, 0xE6, 0xD8, 0xE8, 0x00, 0xFE, 0xED, 0xE6,
  0xBF, 0xCA, 0x08, 0x24, 0xCF, 0xCD, 0xD7, 0x0E, 0xFF, 0x1B,
  0x14, 0x17, 0xDB, 0x56, 0xE9, 0xDC, 0x28, 0xB3, 0xC6, 0x11,
  0xFC, 0x1D, 0xED, 0xE3, 0xA7, 0xDF, 0x0E, 0x1E, 0xDC, 0x0F,
  0x3A, 0x0B, 0x8D, 0xEE, 0x2E, 0xBC, 0x99, 0x21, 0xBE, 0x6B,
  0xBC, 0x21, 0xF0, 0x0B, 0xC0, 0xF9, 0xEA, 0x07, 0xD7, 0xDD,
  0xCB, 0xD3, 0xE1, 0xEA, 0xC3, 0xB7, 0xE3, 0x4E, 0x2F, 0x0B,
  0x1C, 0x2A, 0x53, 0xFB, 0xDA, 0x14, 0x2B, 0xB7, 0xE2, 0x00,
  0x9D, 0x2A, 0xBF, 0x18, 0x4D, 0x10, 0x18, 0xED, 0x98, 0xCB,
  0x24, 0xFA, 0x7F, 0xA2, 0x1A, 0xD7, 0xB5, 0x95, 0xDF, 0x1C,
  0x98, 0xF9, 0x3D, 0x1F, 0x2E, 0x1F, 0x3A, 0xAA, 0xF1, 0x1A,
  0xFC, 0xFD, 0x1D, 0x92, 0x2F, 0x1E, 0xF3, 0xE7, 0x1C, 0xED,
  0xA3, 0xC4, 0x5A, 0xEE, 0x36, 0xA5, 0xD9, 0x10, 0xF7, 0x3E,
  0xEE, 0x03, 0x0D, 0xF0, 0xFE, 0x6C, 0x3B, 0xFD, 0xFC, 0x33,
  0xD4, 0xFD, 0x9C, 0xF7, 0xB6, 0x1D, 0xEF, 0xF7, 0x2E, 0xC2,
  0x2A, 0xBA, 0xF1, 0xFB, 0xC5, 0x46, 0xE1, 0x31, 0xE6, 0x25,
  0x51, 0xCD, 0xD1, 0xFB, 0x14, 0x1B, 0x20, 0x46, 0x02, 0x06,
  0x15, 0x00, 0x10, 0x32, 0xBA, 0xFA, 0x35, 0x14, 0x0B, 0xC7,
  0x2C, 0xC2, 0x60, 0x00, 0x3C, 0x04, 0x14, 0x05, 0xF0, 0x15,
  0xDE, 0xC8, 0x13, 0xC0, 0x1E, 0x33, 0x04, 0x01, 0xFC, 0x55,
  0x0A, 0xB9, 0xFC, 0x30, 0x46, 0xBC, 0xE5, 0xDD, 0x4C, 0x00,
  0x10, 0x12, 0x66, 0xA2, 0x36, 0x05, 0x2A, 0x68, 0xD2, 0xEC,
  0xFD, 0x49, 0x0C, 0x2F, 0x30, 0xEB, 0x03, 0x43, 0xF1, 0xEF,
  0x2A, 0x1E, 0xEE, 0xC5, 0x0C, 0x26, 0x04, 0xDD, 0xF4, 0x2C,
  0x08, 0xEC, 0x1B, 0xF7, 0x67, 0xED, 0xF7, 0x22, 0xCB, 0x12,
  0xCA, 0xE4, 0xAE, 0x1D, 0xC1, 0x2B, 0x50, 0x0E, 0x20, 0x49,
  0xF8, 0x0F, 0xF8, 0x18, 0xFF, 0xD5, 0xBF, 0x47, 0xFD, 0xC3,
  0xFA, 0xD4, 0xF2, 0x04, 0xE4, 0xE5, 0x4E, 0xCE, 0xDF, 0xCB,
  0xA2, 0x2C, 0x94, 0xC3, 0x82, 0x3D, 0xF4, 0x1D, 0x16, 0x1F,
  0xF2, 0x17, 0x0C, 0x21, 0x0F, 0x25, 0xFB, 0x0E, 0xEB, 0x42,
  0x91, 0xB5, 0xB7, 0xE7, 0xDC, 0x4F, 0xAB, 0xF5, 0x41, 0xAC,
  0xFB, 0xA6, 0xFC, 0xCB, 0xE4, 0xC8, 0xF1, 0x27, 0xCF, 0x0F,
  0x7F, 0xE0, 0x28, 0x35, 0xE3, 0x17, 0x41, 0x30, 0x4B, 0xCC,
  0xFE, 0x2D, 0xF2, 0xDB, 0xE1, 0xF1, 0xF1, 0x32, 0xE6, 0x1F,
  0xF8, 0x15, 0x04, 0xD6, 0x00, 0x05, 0x03, 0xF3, 0xFA, 0x35,
  0xDA, 0xED, 0x18, 0xA4, 0x0D, 0x34, 0x11, 0xDD, 0xDD, 0x29,
  0xDA, 0x08, 0x4F, 0x01, 0xDD, 0xE8, 0xD3, 0x2B, 0xE5, 0x2F,
  0xAC, 0xC8, 0xE2, 0x31, 0xF3, 0xEB, 0xD1, 0xEA, 0xD7, 0x02,
  0xFD, 0x3F, 0x14, 0x23, 0x0B, 0x25, 0xEB, 0x0A, 0xCB, 0xE9,
  0x0B, 0x2E, 0x0E, 0xFA, 0x38, 0x2F, 0x2C, 0x3F, 0x1F, 0x0C,
  0xE4, 0x02, 0xBB, 0xEB, 0xAE, 0xE7, 0x23, 0x2E, 0xE8, 0x20,
  0xD8, 0xCB, 0x10, 0xE8, 0xE4, 0xEA, 0x03, 0x1E, 0xDE, 0xCD,
  0x0F, 0xFB, 0xF2, 0xE4, 0x34, 0xDE, 0x36, 0xF7, 0x35, 0x05,
  0x1E, 0xFC, 0x17, 0x18, 0xD4, 0x22, 0x22, 0x03, 0x24, 0xD7,
  0xE9, 0x4B, 0xF2, 0xBE, 0xD8, 0xFC, 0xC6, 0x0D, 0x21, 0xE8,
  0x3C, 0xF9, 0x25, 0xE7, 0x87, 0xC7, 0x19, 0xCE, 0xD4, 0xEB,
  0xA7, 0x04, 0x09, 0x11, 0xDA, 0x3B, 0xFE, 0xE4, 0x45, 0x0C,
  0xEB, 0x95, 0xEB, 0x1A, 0xE9, 0x14, 0xC7, 0xFD, 0xCC, 0xF8,
  0x39, 0xD2, 0xED, 0xFF, 0x4E, 0xCA, 0x81, 0xED, 0xD6, 0xE4,
  0xD1, 0xBF, 0xB9, 0x06, 0xEF, 0x07, 0xC4, 0x30, 0x21, 0xD0,
  0x1F, 0x03, 0xF9, 0xDF, 0xBB, 0x18, 0xEB, 0x41, 0xCF, 0xD3,
  0xCA, 0xFD, 0x18, 0xFC, 0xBF, 0x12, 0x3D, 0xD6, 0xB9, 0x07,
  0xDF, 0x2E, 0x0D, 0xEC, 0xDE, 0x0F, 0xC4, 0xF8, 0x04, 0x1B,
  0xFD, 0xC3, 0xF8, 0x1F, 0x37, 0x33, 0xCF, 0xD9, 0xAB, 0x22,
  0x21, 0xC1, 0xD1, 0xF8, 0x1F, 0x34, 0x0B, 0x02, 0xD7, 0xE9,
  0x21, 0xF7, 0x20, 0x2E, 0x56, 0x25, 0x1C, 0xEA, 0xD9, 0x17,
  0x17, 0x45, 0xF6, 0xBF, 0x92, 0xEF, 0x4A, 0x4B, 0xFA, 0x23,
  0xE7, 0xD1, 0x06, 0x0E, 0xF5, 0xFA, 0x02, 0x10, 0xF7, 0x47,
  0x2E, 0x04, 0xF8, 0xED, 0xAD, 0xDD, 0x6B, 0xB2, 0xF1, 0xFB,
  0xFF, 0xE0, 0x26, 0xC3, 0x15, 0x23, 0xD1, 0x0D, 0x47, 0x20,
  0x1B, 0xC6, 0x24, 0xFC, 0xC9, 0xE5, 0x32, 0xDE, 0x56, 0xDB,
  0x2E, 0xFF, 0xE2, 0xC7, 0xDA, 0x36, 0x15, 0xD5, 0x52, 0x09,
  0x2C, 0xF5, 0xD9, 0xF9, 0xFA, 0xFC, 0xE9, 0x14, 0xE7, 0x09,
  0x10, 0xB9, 0x23, 0xA0, 0x1A, 0xE6, 0x02, 0x39, 0x13, 0x16,
  0x04, 0x0C, 0x50, 0x1A, 0xE5, 0xCD, 0xE8, 0x03, 0x01, 0x0D,
  0x19, 0xFE, 0x18, 0xF2, 0x0D, 0x17, 0xCE, 0xFD, 0xF9, 0x56,
  0xE5, 0xE6, 0xFE, 0xDE, 0x2B, 0x0E, 0xE6, 0xBD, 0x2F, 0x07,
  0xFC, 0xFB, 0xFE, 0x1F, 0x20, 0x07, 0x33, 0x00, 0x47, 0xE0,
  0xF7, 0xFE, 0x81, 0x21, 0xFE, 0x21, 0x1F, 0x2A, 0x35, 0xF3,
  0xF3, 0x4C, 0x1C, 0x1F, 0x14, 0x2C, 0x0B, 0x3F, 0xE4, 0xA7,
  0x09, 0xCB, 0xD6, 0x06, 0xE5, 0xEC, 0xAC, 0xF3, 0x26, 0x4D,
  0x2F, 0xDC, 0xDB, 0xEA, 0xA9, 0x03, 0x00, 0xF2, 0xFD, 0xEA,
  0xF0, 0xCD, 0xED, 0x09, 0x30, 0xCB, 0xC9, 0xF4, 0xFB, 0x20,
  0xEE, 0x04, 0xD0, 0xD2, 0xC6, 0xF5, 0xCC, 0xD7, 0xD9, 0xDD,
  0x23, 0x36, 0xC6, 0xEB, 0xE9, 0xEF, 0x61, 0xED, 0xDE, 0x0A,
  0xEC, 0xE6, 0xD4, 0xD7, 0x58, 0xFB, 0xFF, 0x1B, 0xDF, 0x36,
  0x08, 0xD2, 0x33, 0x1A, 0xF6, 0xAD, 0xF6, 0x07, 0xEE, 0xD5,
  0x19, 0xE6, 0xB8, 0xD1, 0xFD, 0x2A, 0x1D, 0xB0, 0x2C, 0xA0,
  0xD8, 0xE6, 0xE1, 0xDF, 0x0E, 0xE0, 0x16, 0x18, 0x03, 0xFD,
  0xF0, 0xF6, 0x39, 0xCB, 0x20, 0x00, 0x1C, 0x33, 0xDE, 0x38,
  0x25, 0xED, 0x25, 0x49, 0xDA, 0xFE, 0x07, 0xCD, 0xE7, 0x08,
  0xF3, 0xDB, 0xE4, 0xD7, 0x17, 0xF4, 0xEE, 0xD6, 0x60, 0x22,
  0xBE, 0xD0, 0xF0, 0x24, 0x2E, 0x1F, 0xD2, 0x03, 0xE3, 0x35,
  0xE4, 0xF2, 0x27, 0x0B, 0x2F, 0xE3, 0xFA, 0x0B, 0x12, 0xD5,
  0xFD, 0x25, 0x2B, 0x17, 0xD3, 0xF1, 0x07, 0x32, 0xF9, 0x17,
  0xE4, 0x0A, 0x07, 0xE0, 0xF0, 0x12, 0x1F, 0xE0, 0x04, 0x01,
  0xE0, 0x61, 0x25, 0xDB, 0x25, 0x10, 0x0E, 0xFD, 0x27, 0x07,
  0x1B, 0xF4, 0x1E, 0x10, 0x25, 0xFA, 0xDD, 0xFC, 0xFE, 0x2B,
  0x35, 0xD0, 0xD1, 0xF4, 0x1F, 0xD2, 0x24, 0x3F, 0x37, 0xEA,
  0x3E, 0x00, 0xDC, 0xEE, 0xF9, 0xE1, 0xE7, 0x33, 0xDE, 0xF5,
  0x0B, 0xF9, 0xFA, 0x22, 0x22, 0x2F, 0xE4, 0x03, 0x3D, 0xB6,
  0xEB, 0xFD, 0x17, 0xF5, 0x1F, 0x0D, 0x0F, 0xFC, 0xDF, 0x28,
  0x0C, 0xF5, 0x2A, 0x39, 0x49, 0x81, 0x40, 0xE6, 0xFA, 0x26,
  0xE9, 0x06, 0xDE, 0x27, 0xCB, 0xF7, 0xE6, 0xE4, 0xBA, 0xE0,
  0xF0, 0xF4, 0xF7, 0x42, 0xE0, 0x15, 0x02, 0xAF, 0xD7, 0x0A,
  0xCC, 0x07, 0xE3, 0xEC, 0x04, 0x1F, 0x46, 0xDB, 0x2F, 0xDF,
  0xD4, 0xF8, 0xC2, 0xE6, 0x18, 0xE6, 0x06, 0x1C, 0xFB, 0xF9,
  0x18, 0x00, 0xB7, 0xF4, 0xE8, 0x45, 0x17, 0xF4, 0x02, 0xCC,
  0xF0, 0xDD, 0x46, 0x26, 0x03, 0xE1, 0xDD, 0xFC, 0xFA, 0x31,
  0xEF, 0x04, 0xF6, 0xEE, 0xEE, 0xEB, 0x37, 0x00, 0x13, 0xFD,
  0xF2, 0xF8, 0xD7, 0xC3, 0xC4, 0xF5, 0xE3, 0xB5, 0x76, 0x0A,
  0x02, 0x08, 0x21, 0xDF, 0x63, 0x1A, 0x38, 0x15, 0xDE, 0xE2,
  0xDF, 0xD7, 0x1F, 0x05, 0xD3, 0xD5, 0x1F, 0x0B, 0xCD, 0x26,
  0xEF, 0xE9, 0xCA, 0x06, 0x24, 0x5C, 0x00, 0x4E, 0x18, 0xF0,
  0xAF, 0x3A, 0x07, 0xCE, 0xBB, 0xED, 0x00, 0x19, 0xA6, 0xAA,
  0xB3, 0x08, 0xCA, 0xD1, 0xEF, 0xEA, 0x29, 0x27, 0x22, 0xE1,
  0x06, 0x1E, 0x0C, 0x22, 0x08, 0x63, 0x32, 0xFF, 0xAD, 0x53,
  0x04, 0x55, 0xE2, 0xEB, 0xE8, 0xC3, 0x19, 0x0A, 0x16, 0x20,
  0x3B, 0xF3, 0xCD, 0xE4, 0x02, 0x0C, 0xEF, 0x20, 0xE4, 0x82,
  0x11, 0xF6, 0x2B, 0x3B, 0x0D, 0xEA, 0x58, 0xED, 0xF1, 0xE7,
  0xEE, 0x27, 0x06, 0x00, 0x20, 0x3A, 0x48, 0xEB, 0x2C, 0xEC,
  0x11, 0x3D, 0x2B, 0x08, 0x1E, 0x81, 0xCA, 0xD3, 0x5A, 0x48,
  0x2B, 0xC7, 0xBD, 0x2D, 0xE8, 0x28, 0x1B, 0x27, 0x07, 0xD0,
  0xE3, 0xB4, 0x14, 0x25, 0x11, 0xF4, 0xC1, 0x41, 0xFB, 0xC2,
  0x23, 0xFD, 0x17, 0x27, 0x0C, 0xD2, 0x2B, 0xCF, 0xBF, 0x9D,
  0x2E, 0x2B, 0xEA, 0xFE, 0xE5, 0xC7, 0xEA, 0xEE, 0x15, 0xF2,
  0xE7, 0x24, 0xE2, 0xC3, 0xE0, 0xE3, 0x09, 0x11, 0x00, 0x50,
  0xA8, 0xBF, 0x11, 0xDF, 0x1E, 0xE8, 0xCA, 0xDE, 0xF0, 0x1B,
  0x22, 0xFC, 0x41, 0xFA, 0xB5, 0x8F, 0xE1, 0xD0, 0xDF, 0x14,
  0x48, 0xF7, 0xEA, 0x28, 0x08, 0xD4, 0x08, 0xBE, 0x19, 0x09,
  0x35, 0x10, 0x15, 0xE2, 0xC3, 0xC0, 0x21, 0x26, 0x71, 0x1C,
  0x37, 0xB2, 0xCE, 0xD9, 0x69, 0x09, 0xD9, 0xC7, 0x20, 0x39,
  0xC8, 0xF1, 0x24, 0x27, 0xAA, 0x11, 0x67, 0xE9, 0x62, 0x03,
  0x17, 0x97, 0xD4, 0xF2, 0xF7, 0x10, 0xA4, 0xAE, 0x0E, 0x1C,
  0x2C, 0x3D, 0x22, 0x1C, 0xC5, 0xDC, 0x2C, 0x1E, 0x11, 0x38,
  0x02, 0x32, 0x32, 0x29, 0x18, 0xA5, 0x10, 0xD4, 0x9F, 0xCB,
  0x13, 0x1E, 0x0E, 0xFB, 0xCC, 0x1E, 0x26, 0xF5, 0x27, 0xFB,
  0x30, 0xE9, 0xDE, 0xFE, 0xCB, 0x46, 0x1A, 0xD6, 0xCE, 0x1A,
  0x22, 0x19, 0xF4, 0x0E, 0x16, 0x1A, 0xFD, 0xB9, 0x3D, 0x3E,
  0x08, 0x10, 0x0D, 0x06, 0x1A, 0x5B, 0x1E, 0x36, 0xF9, 0xD6,
  0x31, 0xD9, 0x36, 0xB4, 0x0E, 0xD1, 0xFF, 0xD1, 0x27, 0xED,
  0xFC, 0x2B, 0xF4, 0xBF, 0xEA, 0x12, 0xF7, 0xF0, 0x42, 0x1E,
  0xE5, 0xEF, 0x4A, 0xC3, 0x10, 0x1A, 0x1F, 0x29, 0x0F, 0x32,
  0xF4, 0xC7, 0xEE, 0xCD, 0x62, 0x15, 0x30, 0xDD, 0x08, 0xC1,
  0xF6, 0xF2, 0xE4, 0x47, 0xD4, 0x0A, 0xF3, 0x0B, 0xF1, 0xFE,
  0x0C, 0xFE, 0x2C, 0x14, 0x4D, 0xED, 0x4C, 0x0C, 0x13, 0x9D,
  0xFC, 0x2C, 0xD6, 0x97, 0xE9, 0x1A, 0x1D, 0xEF, 0xF5, 0x0D,
  0x05, 0x29, 0xF6, 0xC1, 0x09, 0x71, 0xE4, 0xCC, 0xD8, 0xE4,
  0xC2, 0x44, 0xEB, 0xE4, 0xE5, 0xDC, 0x2A, 0x2E, 0x05, 0xC2,
  0x3D, 0xC6, 0xD4, 0x09, 0xAE, 0x95, 0xD4, 0xE3, 0xEF, 0xEA,
  0x1F, 0x07, 0xBE, 0xAE, 0xC5, 0x81, 0xF8, 0x2E, 0x04, 0xDE,
  0xE2, 0x05, 0x12, 0x29, 0x0B, 0x28, 0xDE, 0xC6, 0xEE, 0x07,
  0x0A, 0x4E, 0x2E, 0xB8, 0xF3, 0xF7, 0xF9, 0xED, 0xF1, 0xF2,
  0xF1, 0xE9, 0x3A, 0xF3, 0xE1, 0xCD, 0xBC, 0xE5, 0xF5, 0x3E,
  0x25, 0xD7, 0x1D, 0x1E, 0x15, 0x3E, 0x3C, 0xE6, 0x00, 0xFC,
  0xF6, 0xF0, 0xEE, 0x28, 0x2A, 0xFE, 0xBC, 0x33, 0x02, 0xED,
  0x16, 0xFE, 0xF2, 0xB1, 0x09, 0x51, 0xCF, 0x21, 0xE6, 0x1C,
  0x10, 0x45, 0x03, 0xA2, 0x0D, 0x0E, 0xD1, 0xD3, 0xCD, 0xDD,
  0x01, 0xDD, 0x20, 0x32, 0xD3, 0xEA, 0x35, 0xF7, 0x3E, 0xC5,
  0xED, 0x16, 0x1D, 0xC9, 0x09, 0x17, 0xCF, 0xE1, 0xEB, 0x15,
  0x0E, 0xE3, 0xC4, 0x05, 0xFF, 0xDB, 0xFB, 0x23, 0xD9, 0x0D,
  0xFD, 0xE4, 0xF0, 0x11, 0xF4, 0x20, 0x1D, 0xFC, 0xEE, 0xE3,
  0x0E, 0xDF, 0xC1, 0x19, 0x18, 0xB0, 0x45, 0x18, 0xE7, 0xD8,
  0x29, 0x3C, 0x26, 0xFC, 0xE9, 0x0F, 0x1D, 0x02, 0x47, 0x0E,
  0x05, 0x1D, 0xF8, 0x20, 0xE2, 0xF8, 0x42, 0xFF, 0xD0, 0xEA,
  0x06, 0xD3, 0x31, 0x04, 0xF7, 0xD3, 0x42, 0xCB, 0x44, 0xFB,
  0x13, 0xE8, 0xEB, 0x0B, 0xFC, 0xF3, 0x09, 0x00, 0x17, 0xFD,
  0x0E, 0x32, 0xB8, 0x09, 0xFC, 0xFE, 0xFE, 0x57, 0x01, 0xF0,
  0xF4, 0x10, 0xAF, 0x39, 0x09, 0xBC, 0x0E, 0x1F, 0x13, 0xEA,
  0x07, 0x04, 0x3E, 0x15, 0xF3, 0x27, 0xD9, 0x05, 0xEE, 0x51,
  0xFB, 0xD4, 0x35, 0x3D, 0x03, 0x28, 0x53, 0xEA, 0x10, 0x0C,
  0x33, 0xEB, 0x1D, 0xFA, 0xD8, 0xEE, 0x20, 0x1C, 0x1C, 0x2B,
  0xC4, 0xF0, 0xE5, 0x0A, 0x35, 0x45, 0xF0, 0xF4, 0xE1, 0xD9,
  0x2C, 0x00, 0xE1, 0xC6, 0x23, 0xF7, 0x0B, 0x1A, 0x28, 0x4E,
  0x1C, 0x38, 0x15, 0xE7, 0xF9, 0x24, 0xF0, 0xE2, 0xE7, 0x04,
  0xE2, 0x7F, 0xEC, 0x20, 0xD9, 0x0D, 0x79, 0x08, 0xF2, 0x29,
  0x0D, 0x10, 0xDA, 0x17, 0xDD, 0xC9, 0xE5, 0xE4, 0x44, 0x10,
  0x0C, 0x14, 0x2F, 0xF3, 0xFC, 0xFC, 0xBE, 0xFF, 0xEF, 0x0B,
  0xBB, 0x01, 0x02, 0x05, 0x0D, 0xD1, 0xC6, 0xFF, 0x52, 0x09,
  0xCF, 0xBB, 0xB2, 0x06, 0x32, 0x3A, 0x09, 0xF4, 0xD4, 0xE5,
  0xE6, 0x29, 0xD8, 0xD3, 0x05, 0xFB, 0xF6, 0x2C, 0x0F, 0x06,
  0x2D, 0xE2, 0x08, 0x03, 0xCA, 0xCE, 0xE1, 0x25, 0x22, 0x27,
  0xD5, 0x0D, 0x04, 0xDF, 0xF5, 0xFB, 0xF4, 0x1B, 0x03, 0x2A,
  0xFC, 0xF9, 0x2E, 0x13, 0x42, 0xE5, 0xF8, 0x17, 0xFC, 0xE7,
  0x29, 0x19, 0x3A, 0xEB, 0xB2, 0x10, 0xF5, 0xFB, 0x19, 0xB7,
  0x46, 0xF5, 0x44, 0x2D, 0xF7, 0xD5, 0xDB, 0xEB, 0xCE, 0x3B,
  0xF8, 0x11, 0xE9, 0xB3, 0x5D, 0xF1, 0x1B, 0x81, 0xF8, 0xFB,
  0x11, 0xF4, 0xFD, 0xD8, 0x2B, 0xD2, 0xF5, 0xEB, 0x0E, 0xF3,
  0x10, 0x64, 0x37, 0xDF, 0xFB, 0x0F, 0x19, 0xEB, 0x97, 0xAA,
  0xC6, 0x0A, 0x15, 0x17, 0xF5, 0xCA, 0x5C, 0xEF, 0xEC, 0xAE,
  0xD3, 0xE0, 0xCF, 0xAA, 0xAE, 0xF9, 0x45, 0xE7, 0xEA, 0xE8,
  0xFA, 0xB8, 0x0B, 0x06, 0x41, 0xBA, 0x45, 0xDE, 0x11, 0xB6,
  0xE1, 0xD5, 0x0B, 0x34, 0xEF, 0x18, 0xEE, 0x26, 0x40, 0xDA,
  0xCF, 0xF9, 0xAD, 0xF2, 0xF3, 0xEC, 0x11, 0xED, 0x45, 0xE7,
  0xE9, 0xF3, 0x10, 0x9F, 0xD3, 0x23, 0x49, 0x0A, 0xC3, 0xC3,
  0xE0, 0xD1, 0xCE, 0x99, 0xC6, 0x23, 0x28, 0x2F, 0xD9, 0x0D,
  0xF1, 0x22, 0xF8, 0xE3, 0xC1, 0x1E, 0x4E, 0xFD, 0x35, 0x29,
  0x0E, 0xF7, 0x20, 0xFC, 0x11, 0xC5, 0xBF, 0xF0, 0x6A, 0x5C,
  0xEE, 0x12, 0xB8, 0xCA, 0xF8, 0xA2, 0xA6, 0xF5, 0xE0, 0x2A,
  0xBD, 0x05, 0xC3, 0x0A, 0x0E, 0x03, 0x0D, 0x02, 0xF5, 0x16,
  0x52, 0x4F, 0x2F, 0xDC, 0xDF, 0x44, 0x0F, 0xF1, 0xC8, 0xFC,
  0x01, 0xEA, 0x04, 0x21, 0x21, 0x8C, 0xCD, 0xF0, 0xE7, 0x3B,
  0x12, 0x12, 0xC4, 0x08, 0x9E, 0xEA, 0x30, 0xDC, 0xD2, 0xE1,
  0x00, 0xE5, 0x1F, 0xD5, 0x00, 0xCB, 0xF5, 0x11, 0xD7, 0x1B,
  0xF9, 0x1B, 0xD2, 0xFA, 0x42, 0x04, 0xF0, 0x03, 0xCA, 0x05,
  0x22, 0x47, 0xE9, 0xF7, 0xF8, 0xF8, 0xF3, 0x14, 0x4A, 0xDE,
  0x0C, 0x0C, 0x44, 0xFF, 0x0E, 0xC4, 0xF5, 0xE7, 0x1A, 0xE0,
  0xD9, 0x05, 0x0C, 0x18, 0xCC, 0x3C, 0x50, 0x15, 0xE6, 0xD9,
  0x0A, 0x29, 0x2A, 0x1D, 0x1D, 0xD1, 0xF7, 0xF6, 0xE1, 0x04,
  0xE5, 0x0D, 0x2A, 0x0A, 0x19, 0xCD, 0xFD, 0xFC, 0xF7, 0xC8,
  0x36, 0xC9, 0x05, 0x13, 0x17, 0xE7, 0x21, 0x6E, 0x5F, 0x32,
  0x05, 0xD7, 0xFF, 0xFD, 0xED, 0x39, 0xD1, 0xCD, 0x13, 0x00,
  0xC9, 0x25, 0xFD, 0xD3, 0xF6, 0xD6, 0x1B, 0x00, 0x09, 0xEA,
  0x03, 0x01, 0x2F, 0x1B, 0x36, 0x50, 0xF4, 0x20, 0xF2, 0x49,
  0x60, 0x1C, 0xFD, 0x41, 0xDE, 0x13, 0xFA, 0xE2, 0xDC, 0x12,
  0x11, 0x0F, 0x39, 0x0D, 0x1C, 0xAF, 0x2A, 0xCD, 0x15, 0x16,
  0xE1, 0x81, 0xF2, 0x43, 0xE5, 0x1A, 0xF4, 0x13, 0xEA, 0xF4,
  0xD9, 0xF9, 0x0E, 0x19, 0xD4, 0x5B, 0x16, 0x14, 0xFC, 0xED,
  0xE9, 0xF9, 0xD1, 0x15, 0x24, 0x0C, 0xF0, 0x2D, 0x55, 0x0A,
  0x15, 0xF6, 0xE0, 0xA2, 0x0F, 0x3A, 0xBD, 0xB2, 0x13, 0x57,
  0xFE, 0xDB, 0xE1, 0xF9, 0xCC, 0xE7, 0xF2, 0x21, 0x28, 0xE0,
  0xD6, 0xEE, 0xED, 0xFD, 0x33, 0x06, 0x12, 0x04, 0xA1, 0x0F,
  0x1B, 0x0D, 0xDD, 0xF3, 0xFC, 0x32, 0xAF, 0x2C, 0x29, 0xC8,
  0x6D, 0x5B, 0x07, 0xF0, 0xDD, 0xFF, 0xD8, 0x0E, 0xEE, 0x45,
  0xF8, 0xBD, 0xE7, 0xD6, 0xEE, 0x24, 0x66, 0x0B, 0xAF, 0x27,
  0xEC, 0x19, 0xE4, 0xFF, 0x5D, 0xEC, 0xCA, 0xCB, 0x4E, 0xE0,
  0x37, 0xC3, 0xF2, 0xFE, 0xC2, 0xC8, 0x12, 0x6C, 0x7A, 0x25,
  0xDE, 0x24, 0x19, 0xEA, 0x8B, 0xFB, 0x10, 0xFE, 0xDD, 0x67,
  0x8A, 0x1E, 0x8F, 0x21, 0xC5, 0xF3, 0x64, 0x36, 0x82, 0x2E,
  0x21, 0xCA, 0x02, 0xBE, 0xC5, 0x18, 0x07, 0xB1, 0xC8, 0x32,
  0x05, 0xFC, 0xCF, 0x35, 0xF9, 0x42, 0x0F, 0x15, 0x18, 0xDE,
  0x0F, 0x10, 0x06, 0x1E, 0xCA, 0xF6, 0x21, 0x10, 0x25, 0x47,
  0x99, 0x46, 0xE2, 0xEC, 0x3F, 0x1D, 0xAC, 0x16, 0xEB, 0xEB,
  0x0A, 0x1E, 0xE7, 0xBA, 0x2A, 0x22, 0xD2, 0x10, 0xF2, 0x03,
  0x0C, 0xE0, 0x3B, 0xCD, 0x1C, 0xFF, 0xB8, 0xE5, 0x04, 0x1F,
  0xD2, 0x0A, 0xE5, 0xE9, 0xCF, 0x06, 0xE0, 0x77, 0x02, 0xF8,
  0x53, 0x0B, 0xCE, 0xFD, 0x1A, 0x0C, 0x3A, 0x0C, 0xFD, 0x11,
  0xE1, 0x17, 0x15, 0x39, 0xEC, 0xF8, 0xDA, 0x01, 0x1B, 0x2F,
  0xF1, 0xF6, 0x09, 0xEC, 0x39, 0xFC, 0xAE, 0xFD, 0xCF, 0x0F,
  0x3E, 0xE0, 0xF7, 0x31, 0xA4, 0xE4, 0x04, 0x34, 0x12, 0x13,
  0x62, 0x85, 0x4A, 0xDB, 0xE7, 0xEF, 0x8E, 0x2B, 0xF8, 0xF9,
  0x05, 0x19, 0x3A, 0xF3, 0x2F, 0x02, 0xFE, 0xFE, 0xF9, 0xFB,
  0xC9, 0xD3, 0xF0, 0xCB, 0x17, 0x23, 0xF5, 0xF2, 0x2C, 0xE6,
  0x41, 0xF6, 0x33, 0xDC, 0x69, 0x0C, 0x01, 0x1A, 0xB4, 0xE4,
  0x19, 0xAB, 0xF3, 0xE1, 0x23, 0xEA, 0xE3, 0xF6, 0xCD, 0x21,
  0xFD, 0x04, 0x30, 0xBE, 0x38, 0x81, 0x32, 0xF9, 0x46, 0x06,
  0x41, 0xD7, 0xF8, 0x0B, 0xDA, 0x19, 0x5C, 0x09, 0x1D, 0x05,
  0xA7, 0xB7, 0x16, 0xCE, 0x01, 0xF6, 0xC1, 0x05, 0x40, 0x09,
  0x07, 0xCF, 0x0F, 0x27, 0xFD, 0x0B, 0x2B, 0xE9, 0xF1, 0x1D,
  0x35, 0xF9, 0xDA, 0x0D, 0xE3, 0xBE, 0xDF, 0xFB, 0xB4, 0x0E,
  0x14, 0x22, 0x10, 0x0D, 0xF7, 0xDA, 0x01, 0xEE, 0xEF, 0xD6,
  0x2D, 0xE5, 0xFB, 0x0E, 0x16, 0x27, 0xEF, 0xEA, 0xDD, 0xB9,
  0xE0, 0x2A, 0x34, 0x19, 0x01, 0x00, 0x05, 0xE1, 0xF5, 0xE9,
  0xEF, 0x02, 0x23, 0x3B, 0x00, 0x28, 0xCB, 0x19, 0xAC, 0x08,
  0x01, 0xE2, 0x09, 0x13, 0x2E, 0x16, 0x2C, 0xB8, 0xE3, 0xE6,
  0xE4, 0xFC, 0xD5, 0x27, 0x12, 0x06, 0xB6, 0xDA, 0x15, 0xD7,
  0x25, 0xDC, 0xD8, 0x04, 0x20, 0x18, 0x03, 0xDE, 0x1F, 0xC8,
  0x01, 0xE5, 0x1A, 0x01, 0xE1, 0xEA, 0xFD, 0x3B, 0x31, 0x04,
  0xE4, 0x28, 0xF2, 0xDD, 0x0D, 0x21, 0x4F, 0x04, 0xEA, 0x1B,
  0xE8, 0xD4, 0x28, 0xFA, 0xA7, 0x1B, 0xED, 0x24, 0x00, 0xD9,
  0x10, 0xF8, 0xD6, 0xF0, 0x1E, 0x0E, 0xE1, 0x20, 0xFC, 0xFA,
  0xEB, 0x12, 0x17, 0x0A, 0x2B, 0x0D, 0xEF, 0x2B, 0xEB, 0x81,
  0xD8, 0x1A, 0xE2, 0x0A, 0xE6, 0x22, 0xA3, 0xE8, 0x12, 0x06,
  0xF8, 0xFC, 0x2B, 0xCC, 0xF6, 0xE5, 0xE2, 0x0D, 0xF4, 0xD6,
  0xC1, 0xFB, 0xF8, 0x02, 0xE1, 0x01, 0xF2, 0xF5, 0xE1, 0x01,
  0x4C, 0x0A, 0xF8, 0xFC, 0xF5, 0xF4, 0xDD, 0xF2, 0xD9, 0x20,
  0x0B, 0x20, 0xC4, 0xEA, 0x07, 0xE6, 0xC5, 0xFA, 0x15, 0xFE,
  0x07, 0xD9, 0x38, 0xFE, 0x04, 0xF4, 0x04, 0xFB, 0xF8, 0xA6,
  0xCB, 0x45, 0x0B, 0x2A, 0xED, 0xFA, 0x1C, 0xFB, 0x13, 0x9B,
  0xD4, 0x03, 0x04, 0x50, 0x13, 0xF0, 0x44, 0xF3, 0xBE, 0x02,
  0x1E, 0xE6, 0xF4, 0x18, 0x07, 0x1B, 0x2B, 0xF9, 0x03, 0x06,
  0xF8, 0xEC, 0xCF, 0x2C, 0xF3, 0x81, 0xD5, 0x38, 0xF5, 0xBC,
  0x1D, 0x00, 0xFA, 0x18, 0xE2, 0x13, 0xC1, 0xF9, 0x15, 0x0E,
  0xF7, 0xF7, 0x29, 0x1B, 0xD6, 0x11, 0xF6, 0x23, 0x14, 0xD8,
  0xEC, 0x09, 0x1C, 0xF9, 0x22, 0x40, 0x1A, 0x06, 0xC1, 0x18,
  0xFD, 0x0B, 0x3F, 0x14, 0xD7, 0x07, 0x0B, 0x0E, 0xE5, 0xC6,
  0x26, 0x22, 0xEE, 0xF9, 0x0E, 0x08, 0xE0, 0xF9, 0x05, 0x04,
  0x07, 0x05, 0xEC, 0xDA, 0x10, 0xDA, 0x23, 0x59, 0xD5, 0x2E,
  0xF6, 0x0B, 0x0D, 0x2C, 0x11, 0xD4, 0xF6, 0xDB, 0x19, 0x12,
  0x02, 0xB0, 0xF1, 0xEC, 0xE6, 0xF6, 0xE3, 0xEA, 0xE0, 0xE4,
  0xDA, 0xE6, 0xC5, 0xEE, 0xE7, 0xEF, 0x1D, 0xFF, 0x13, 0x0C,
  0xE3, 0x04, 0x2C, 0xE5, 0x36, 0xF6, 0x16, 0xE9, 0x1C, 0xD3,
  0xD9, 0x1D, 0xD4, 0x01, 0x01, 0xC4, 0xEF, 0x2E, 0xFD, 0xE9,
  0xBA, 0x1A, 0xD4, 0x03, 0xEC, 0xFD, 0xE5, 0x08, 0x1C, 0xFD,
  0xE3, 0x28, 0xE5, 0xD9, 0xED, 0xC6, 0x2A, 0xDB, 0x41, 0xFA,
  0xF1, 0xEA, 0xCB, 0x2A, 0xCC, 0x1F, 0x3C, 0xC1, 0xF4, 0x18,
  0xE5, 0xF4, 0xE9, 0x2A, 0xE8, 0x05, 0x2E, 0xF5, 0x19, 0xE5,
  0x15, 0xF8, 0xDC, 0x15, 0x0E, 0xCC, 0xEC, 0xF2, 0x05, 0xBB,
  0x34, 0x11, 0xCF, 0x25, 0xDB, 0x2A, 0xCC, 0x11, 0x28, 0xF4,
  0xEF, 0xBE, 0xF0, 0xEE, 0xDB, 0x38, 0xF9, 0x25, 0x2F, 0xF5,
  0x06, 0xDA, 0xFE, 0x15, 0x08, 0x46, 0x12, 0x0F, 0xC6, 0x14,
  0x02, 0x1D, 0x3D, 0x0C, 0xDD, 0xFE, 0x18, 0x08, 0xF8, 0xE2,
  0x4B, 0x2F, 0xAB, 0x19, 0xFD, 0xD7, 0x0F, 0x06, 0xC4, 0xEE,
  0xC1, 0xD5, 0x0C, 0x15, 0xF7, 0xD7, 0x08, 0x1F, 0x3E, 0x0A,
  0x2B, 0x04, 0x17, 0x1E, 0x0F, 0xBE, 0xE8, 0xF2, 0xFB, 0x1F,
  0xDA, 0xA6, 0x11, 0xEE, 0xB9, 0x08, 0xE6, 0xC4, 0x24, 0x0B,
  0xE4, 0xDF, 0xDD, 0xE2, 0xC9, 0xD0, 0xEA, 0xE6, 0x02, 0xEB,
  0x2F, 0x2A, 0x0B, 0x0E, 0x05, 0x08, 0xD6, 0x0A, 0x00, 0xFE,
  0x43, 0x0E, 0x11, 0x0C, 0x03, 0x05, 0xDE, 0x02, 0xE2, 0x00,
  0x18, 0x33, 0xEB, 0xDD, 0x07, 0x06, 0xC3, 0x0B, 0x03, 0x0B,
  0x31, 0xF8, 0xF9, 0xEC, 0xF8, 0xBE, 0xFC, 0xCC, 0xDE, 0x16,
  0x0C, 0x27, 0x1F, 0x30, 0xFC, 0x51, 0xD8, 0xFA, 0x2F, 0x09,
  0x06, 0x12, 0x07, 0x37, 0x27, 0xE5, 0xF4, 0x03, 0x04, 0xF9,
  0xF8, 0xCF, 0x00, 0xEB, 0xC7, 0x09, 0x0A, 0x81, 0xEA, 0xDC,
  0x14, 0x13, 0x1E, 0x1C, 0xD6, 0xF3, 0x19, 0x18, 0x10, 0xE5,
  0x1D, 0x2B, 0x0B, 0x0C, 0x15, 0x1E, 0x1C, 0x00, 0x17, 0xFC,
  0x14, 0x08, 0xE4, 0x11, 0xF5, 0xDE, 0xFC, 0xD3, 0x1C, 0x0A,
  0x08, 0x1A, 0xFB, 0xF8, 0x2B, 0x10, 0xFD, 0xDE, 0xEA, 0xEF,
  0x2F, 0x2C, 0xDE, 0x26, 0xF2, 0x08, 0x04, 0xD6, 0xF1, 0x1F,
  0x30, 0x03, 0xE8, 0xED, 0x05, 0x0F, 0xF6, 0x0A, 0x2D, 0xC0,
  0x32, 0x22, 0xE8, 0x4B, 0x18, 0xD6, 0xCD, 0xE6, 0xF3, 0xDF,
  0x1E, 0xD1, 0x2C, 0x2B, 0xCB, 0x00, 0xE4, 0x14, 0x08, 0x0D,
  0xCE, 0x09, 0xF0, 0xF2, 0xE4, 0xF5, 0x18, 0x1E, 0xFF, 0xEB,
  0x38, 0x1A, 0x1A, 0xFC, 0xC1, 0x10, 0xE5, 0xFC, 0xEB, 0x1F,
  0x0F, 0x00, 0xFA, 0xDF, 0x14, 0x27, 0xFD, 0x2E, 0xF1, 0x30,
  0x44, 0xFC, 0x16, 0x43, 0x00, 0xCB, 0x0E, 0xAA, 0xDF, 0x36,
  0x16, 0x21, 0xED, 0xFA, 0xCA, 0xD1, 0xE2, 0xE2, 0xEC, 0xE1,
  0xD0, 0x06, 0x23, 0x32, 0x04, 0x02, 0xF2, 0x0A, 0x03, 0xF3,
  0x0A, 0x07, 0xE8, 0x0E, 0xD2, 0x26, 0xFB, 0x2B, 0x07, 0xF9,
  0x49, 0x1C, 0xF9, 0x15, 0xE3, 0xFA, 0x1F, 0x08, 0xD4, 0x12,
  0xF6, 0x20, 0xE9, 0xED, 0x10, 0x38, 0xE8, 0x05, 0x28, 0xF3,
  0x1E, 0xDC, 0xE5, 0xE1, 0x40, 0x23, 0xE5, 0xF4, 0xFB, 0x2A,
  0xB6, 0xFD, 0x1C, 0x31, 0xEC, 0x00, 0xE7, 0x1B, 0x22, 0x18,
  0xB5, 0x28, 0xD8, 0x41, 0xFB, 0xE4, 0x0B, 0xEA, 0xFF, 0xEC,
  0x2C, 0xF9, 0x48, 0x35, 0xFE, 0x21, 0x46, 0xE8, 0x0D, 0xEB,
  0xEC, 0xEB, 0x04, 0xB3, 0xF8, 0x4E, 0xFE, 0x01, 0x5A, 0x46,
  0x17, 0xFC, 0xD4, 0xFD, 0x01, 0x05, 0x05, 0x3D, 0x39, 0x1E,
  0xF7, 0x0C, 0x13, 0xF5, 0xEF, 0x1B, 0x0E, 0xFC, 0x27, 0x0B,
  0xF7, 0x2E, 0xD1, 0xDA, 0x7F, 0xD2, 0xEB, 0xFD, 0x1C, 0xD2,
  0x22, 0x18, 0x15, 0x0B, 0xC1, 0xF1, 0xF0, 0xB8, 0x14, 0xFD,
  0xEA, 0x1C, 0x02, 0x1E, 0xE6, 0x2E, 0xD9, 0xC3, 0x02, 0xAB,
  0x08, 0x46, 0xD2, 0xE4, 0x2A, 0xF9, 0x20, 0xCA, 0x10, 0xBD,
  0x00, 0xCC, 0xCE, 0x2D, 0x2E, 0xFC, 0xE5, 0x17, 0xF4, 0x14,
  0x24, 0x01, 0x22, 0x09, 0x1C, 0x0A, 0x61, 0x50, 0x56, 0x45,
  0x15, 0xFF, 0x26, 0xAC, 0xBC, 0xB6, 0x0A, 0x19, 0xDD, 0xE5,
  0xEB, 0xE1, 0xD0, 0x12, 0xED, 0x20, 0x20, 0xCD, 0xBD, 0x2E,
  0x08, 0x0E, 0x0A, 0x31, 0x06, 0xF6, 0xF6, 0x10, 0x06, 0xF9,
  0x29, 0xF0, 0xB3, 0xF7, 0x0C, 0xEB, 0x15, 0xE3, 0xEF, 0xCE,
  0xEE, 0x27, 0x1D, 0xF0, 0xDF, 0xDC, 0xCE, 0xCE, 0x37, 0x31,
  0xF6, 0x16, 0x1C, 0xBA, 0x2A, 0xF7, 0x0A, 0x1E, 0xE6, 0x0F,
  0xE1, 0xC7, 0x2C, 0x06, 0xCB, 0x28, 0x21, 0x0C, 0xD6, 0xE7,
  0xE8, 0xFD, 0x0A, 0x15, 0xDB, 0x3C, 0x0F, 0x12, 0x1A, 0xDA,
  0x55, 0x0E, 0x22, 0x3F, 0xF3, 0x12, 0xF0, 0x04, 0x39, 0x25,
  0xC6, 0xDD, 0x2D, 0xCC, 0xF1, 0xF5, 0x81, 0xEA, 0x2E, 0x17,
  0xFA, 0x1F, 0x2A, 0x0B, 0xD1, 0xFA, 0x13, 0xD2, 0xD3, 0xBB,
  0xDE, 0xD7, 0x33, 0x50, 0x0A, 0x4C, 0xF7, 0xAF, 0x37, 0x0B,
  0x14, 0x30, 0xDA, 0x0A, 0xFB, 0xDD, 0xF8, 0xF4, 0xBC, 0x25,
  0x16, 0x23, 0xF5, 0xFB, 0x12, 0xF2, 0xEB, 0x2A, 0x13, 0x02,
  0x00, 0x0D, 0x09, 0xEF, 0x39, 0x15, 0x28, 0x15, 0xE7, 0xEF,
  0xED, 0xDE, 0x24, 0xBE, 0xEE, 0xD1, 0x36, 0xCC, 0xCA, 0x09,
  0xA8, 0xFA, 0x23, 0x20, 0xE2, 0xF7, 0x30, 0xE5, 0xBD, 0xEF,
  0xD3, 0xFD, 0xDA, 0xE4, 0x14, 0xDC, 0x26, 0x38, 0xF3, 0x46,
  0xE6, 0xC3, 0xCC, 0x01, 0x0C, 0x40, 0xCC, 0x04, 0x04, 0xEA,
  0xD3, 0x03, 0x8B, 0xF5, 0x2A, 0x24, 0xD6, 0xF4, 0x0D, 0xF1,
  0xED, 0x08, 0x1F, 0x13, 0xCF, 0xD6, 0x08, 0x1C, 0x04, 0x41,
  0xD4, 0x17, 0xEF, 0xDA, 0x19, 0xFC, 0x23, 0xE2, 0xF0, 0x05,
  0x13, 0xDE, 0xE8, 0x23, 0xC5, 0xEB, 0x26, 0xF7, 0xDC, 0xEB,
  0x27, 0x12, 0xEC, 0x3B, 0xFC, 0x0E, 0xDD, 0x16, 0x1D, 0xD0,
  0x26, 0x01, 0x0E, 0x30, 0xE0, 0x02, 0xCC, 0xE7, 0x1F, 0x2F,
  0xE6, 0xDB, 0xF2, 0xEC, 0xD0, 0x18, 0xCD, 0x04, 0xF9, 0x2F,
  0xDF, 0x81, 0x9B, 0x1B, 0x06, 0x03, 0x02, 0x3A, 0x1F, 0x36,
  0xC6, 0x11, 0xCE, 0x9E, 0xFA, 0x3B, 0xF1, 0x1B, 0xDB, 0xB7,
  0x11, 0x1C, 0x14, 0xF1, 0x00, 0x10, 0x05, 0x53, 0x19, 0x07,
  0x00, 0x50, 0x0A, 0xD2, 0xC5, 0xF8, 0x3C, 0x0B, 0xEA, 0xE7,
  0xE9, 0xD0, 0x19, 0xF6, 0xF3, 0xA8, 0x0B, 0xDC, 0x20, 0xF0,
  0x27, 0xC2, 0x1A, 0x33, 0x00, 0xFF, 0xFD, 0xD8, 0x36, 0xFF,
  0x23, 0xED, 0x30, 0x3E, 0x15, 0xBA, 0x04, 0xF4, 0x2B, 0x19,
  0xBF, 0x29, 0x22, 0xD2, 0x03, 0xF3, 0xE0, 0x00, 0x18, 0xBF,
  0xEB, 0x4A, 0xF1, 0x13, 0x1B, 0xDF, 0x46, 0x05, 0x05, 0xCA,
  0xD7, 0x07, 0x22, 0xFD, 0xFA, 0x1F, 0xD0, 0xD1, 0x19, 0x0E,
  0x18, 0x26, 0xC9, 0x17, 0x5F, 0x08, 0x8F, 0xC9, 0xC0, 0xDE,
  0x0C, 0x03, 0xBB, 0xE9, 0xFF, 0x0D, 0x48, 0xE8, 0x20, 0x03,
  0x22, 0xEB, 0xFD, 0x28, 0xCE, 0xDE, 0xD0, 0x1B, 0xCA, 0xD1,
  0xE6, 0x31, 0x0E, 0xDD, 0xD8, 0x31, 0x2E, 0x04, 0xC9, 0xD1,
  0x04, 0xD2, 0xFB, 0x38, 0xF2, 0xFB, 0x20, 0xD3, 0x2E, 0xE7,
  0xF8, 0xFB, 0x2E, 0xF8, 0xE7, 0xD7, 0xBD, 0x01, 0x2B, 0xFA,
  0xDE, 0xB2, 0x93, 0x08, 0x18, 0xD6, 0x1C, 0x49, 0x16, 0x32,
  0xE0, 0x16, 0xBC, 0xDD, 0xB9, 0x33, 0xE7, 0x09, 0xDE, 0x05,
  0x37, 0x1F, 0x3C, 0x14, 0x03, 0xCB, 0xD2, 0xBF, 0x07, 0x25,
  0x29, 0x72, 0x0B, 0xE8, 0xA2, 0x18, 0x43, 0x07, 0x01, 0xE5,
  0xED, 0xC7, 0x3F, 0x15, 0xD3, 0xFE, 0xB7, 0x04, 0x0D, 0x1B,
  0x05, 0xC1, 0x39, 0x09, 0x1B, 0x3B, 0xFF, 0xAE, 0xFE, 0xFF,
  0x25, 0xBD, 0xDC, 0x03, 0x02, 0xDF, 0x36, 0xEA, 0x1D, 0x0B,
  0x23, 0x0F, 0xE8, 0x06, 0x52, 0xE8, 0x01, 0x31, 0x29, 0xE5,
  0x2C, 0x40, 0x19, 0xD0, 0xF3, 0x13, 0x40, 0xA3, 0xEE, 0x31,
  0xF3, 0xE9, 0xFA, 0xF9, 0xEF, 0x1B, 0x03, 0xFB, 0x15, 0x2F,
  0x03, 0xD5, 0x11, 0x1C, 0x15, 0x02, 0x12, 0x35, 0x13, 0x58,
  0x0C, 0xFD, 0x18, 0x04, 0xE7, 0xFD, 0x11, 0xE6, 0x28, 0xB8,
  0x15, 0x6C, 0xF6, 0xEA, 0xDC, 0xEE, 0x06, 0xE6, 0xF2, 0xF4,
  0x00, 0x05, 0xDE, 0xEB, 0x11, 0x3F, 0x1D, 0xDF, 0xA8, 0x03,
  0x6A, 0xF3, 0xDC, 0x07, 0x0B, 0xFA, 0x0C, 0x39, 0x03, 0x2C,
  0xE6, 0x0D, 0xF5, 0x41, 0x46, 0x0B, 0xB9, 0xEF, 0x20, 0xEB,
  0x06, 0xE2, 0xBE, 0x0E, 0xE7, 0xF3, 0xF3, 0x33, 0xF0, 0xF9,
  0xB7, 0xF0, 0x7C, 0x81, 0x06, 0xD8, 0x12, 0x05, 0x25, 0xFA,
  0xEC, 0x24, 0x05, 0x33, 0x24, 0xBC, 0x21, 0x2F, 0x0B, 0xEF,
  0x20, 0xD3, 0x02, 0xF7, 0xE8, 0x99, 0x1C, 0xE9, 0x17, 0x70,
  0xD2, 0xB5, 0x06, 0xD8, 0x59, 0xBA, 0xF5, 0x19, 0x40, 0x0C,
  0xB1, 0xFF, 0xF1, 0x12, 0xC5, 0x43, 0x41, 0xE3, 0x15, 0x0E,
  0x33, 0xA0, 0xF6, 0xCD, 0xA2, 0x03, 0x0B, 0x02, 0x29, 0xE7,
  0xFC, 0x0C, 0xEA, 0xF4, 0x3E, 0xEB, 0x14, 0x3C, 0xFA, 0x1A,
  0x10, 0x02, 0xC3, 0xE8, 0xCE, 0xFB, 0x11, 0xEC, 0x00, 0x17,
  0x09, 0xEC, 0x40, 0xE4, 0xF6, 0x0D, 0x8E, 0x13, 0xB0, 0x2C,
  0xC2, 0xE2, 0x41, 0xDD, 0x1D, 0x22, 0x2F, 0xE7, 0x4C, 0x03,
  0x1D, 0x35, 0xDE, 0xE6, 0xB9, 0xED, 0x27, 0xAA, 0x0D, 0xCF,
  0x54, 0x15, 0x0D, 0x2D, 0x26, 0x1C, 0x06, 0x14, 0xFA, 0x39,
  0x90, 0x31, 0x19, 0xDE, 0x25, 0xAD, 0xCA, 0xE4, 0x0B, 0x1C,
  0x57, 0xCF, 0xF2, 0xF2, 0x0A, 0x2D, 0x07, 0xF0, 0xD1, 0x25,
  0x04, 0x24, 0x1A, 0x18, 0x37, 0x18, 0x16, 0x13, 0x26, 0xCC,
  0xD7, 0x12, 0xE7, 0x22, 0x20, 0xF3, 0x3E, 0x38, 0xF2, 0x22,
  0x08, 0xF4, 0x5C, 0x11, 0x2C, 0x11, 0xE4, 0xD1, 0x7A, 0x1F,
  0xD7, 0x5B, 0xAE, 0x66, 0x0A, 0xD4, 0x01, 0xD6, 0x12, 0x1E,
  0xFB, 0x8D, 0xFE, 0xFC, 0x1D, 0xD5, 0xE1, 0xC9, 0x45, 0xE3,
  0x20, 0x0C, 0xA4, 0xC7, 0x00, 0xE8, 0x22, 0x0A, 0x26, 0xED,
  0x3E, 0xEA, 0xED, 0x1B, 0xD9, 0xF3, 0xCA, 0x04, 0x53, 0xEE,
  0xF5, 0x37, 0xC7, 0xC1, 0x23, 0xCF, 0x07, 0xD3, 0x1A, 0xF1,
  0xEE, 0x02, 0xEE, 0x02, 0xF1, 0x06, 0x4A, 0x04, 0xED, 0x2F,
  0x1B, 0xFD, 0x41, 0x85, 0x2F, 0xF5, 0xB8, 0xCD, 0xE0, 0xFB,
  0xF2, 0xDB, 0xC0, 0xCE, 0xE9, 0x31, 0xD1, 0x9F, 0x4C, 0xBE,
  0xD7, 0xF6, 0x0E, 0xEA, 0xA7, 0xC1, 0x48, 0xE5, 0x43, 0x03,
  0xA7, 0x1B, 0xDE, 0xD1, 0xE1, 0xA2, 0x04, 0xF4, 0x81, 0xD0,
  0xBA, 0x8A, 0xD6, 0x43, 0xF6, 0x9A, 0x0D, 0x3B, 0xF5, 0xDB,
  0x39, 0xC6, 0x01, 0xFD, 0x39, 0x44, 0x81, 0xDA, 0x42, 0xEA,
  0x18, 0x08, 0xBF, 0xEB, 0xFC, 0x1B, 0xBE, 0xEE, 0x0B, 0x08,
  0x52, 0x9C, 0x00, 0xA4, 0xA6, 0x3F, 0xF7, 0x94, 0x0F, 0xFD,
  0x18, 0x1E, 0x35, 0x1C, 0xF4, 0xFC, 0xF1, 0x30, 0xF0, 0xBA,
  0x0F, 0xB8, 0xFB, 0x38, 0xF1, 0xEC, 0xFB, 0x38, 0xAC, 0x09,
  0x26, 0x65, 0x51, 0x0A, 0x24, 0x3A, 0xD9, 0xCF, 0x01, 0xFF,
  0x19, 0x28, 0x04, 0xC7, 0x1E, 0x06, 0xD9, 0xAD, 0x38, 0x02,
  0x4E, 0xDD, 0xEE, 0x2B, 0x00, 0x21, 0xD5, 0xFC, 0xD7, 0x12,
  0x0E, 0x28, 0xF7, 0xDD, 0x07, 0xD2, 0x13, 0xE6, 0xDF, 0xDF,
  0xD8, 0x03, 0x5A, 0x20, 0x14, 0xD4, 0x48, 0x39, 0x0C, 0xE6,
  0x2F, 0x0D, 0xF0, 0x0E, 0xB4, 0x44, 0xF0, 0x82, 0x26, 0xE4,
  0xE0, 0x06, 0x55, 0xE6, 0x26, 0xD4, 0x7F, 0xE5, 0xDA, 0xF0,
  0x0E, 0x3D, 0x27, 0xE2, 0x11, 0xE2, 0x15, 0xDF, 0xEB, 0x08,
  0x1B, 0x0F, 0xE0, 0x3A, 0xD5, 0xDA, 0xF4, 0xF6, 0x1C, 0xC0,
  0xEF, 0xBD, 0x08, 0x47, 0x43, 0xE6, 0x16, 0x19, 0x2A, 0x0D,
  0xF4, 0xFB, 0xEC, 0x22, 0xDD, 0xF6, 0xF4, 0xB6, 0xDD, 0x11,
  0xC1, 0xF4, 0xFE, 0x0D, 0x08, 0x59, 0xDC, 0xD5, 0x19, 0xCE,
  0x62, 0x06, 0xE4, 0xFC, 0x31, 0xC2, 0xE3, 0x1C, 0x11, 0x40,
  0x14, 0x35, 0x5C, 0x36, 0x28, 0x05, 0xB9, 0xE8, 0xC0, 0x16,
  0xD1, 0x30, 0xB5, 0xA2, 0xE8, 0xF5, 0x09, 0x11, 0x16, 0xF5,
  0x02, 0xE0, 0x3F, 0x12, 0xDD, 0x1D, 0xE4, 0x07, 0xCE, 0x15,
  0xE3, 0xF0, 0xC8, 0xF6, 0x33, 0xF7, 0x1F, 0xEF, 0xE3, 0xC3,
  0xD7, 0xE3, 0xF8, 0x2B, 0x2A, 0xD5, 0xF1, 0xC9, 0xFB, 0x22,
  0xF3, 0xFC, 0x21, 0xF3, 0x16, 0x4F, 0x26, 0x0C, 0xD1, 0xE1,
  0xDF, 0xF9, 0x1E, 0xD1, 0xF0, 0xE8, 0xE6, 0xF4, 0xF7, 0xCE,
  0x0C, 0xF5, 0x3E, 0xF9, 0xF9, 0xD6, 0x16, 0x3F, 0xE7, 0xC0,
  0x42, 0x14, 0x04, 0x12, 0xF7, 0x33, 0x30, 0xEB, 0x36, 0x1F,
  0xC2, 0xCB, 0x08, 0x22, 0xEE, 0xE2, 0xED, 0x0C, 0x37, 0x0F,
  0x23, 0xDD, 0xE5, 0xEC, 0x10, 0xE0, 0x02, 0x00, 0x4D, 0xEF,
  0x06, 0xEB, 0xF3, 0x2B, 0x2D, 0xEC, 0x21, 0x0E, 0x29, 0x23,
  0x0F, 0xF7, 0xBF, 0xD6, 0x0A, 0x35, 0x04, 0x2D, 0x2C, 0xCD,
  0x3E, 0x0A, 0x19, 0x94, 0xF9, 0x01, 0x15, 0xEC, 0xFD, 0xBD,
  0x54, 0xDA, 0x06, 0xEC, 0xF6, 0x17, 0x1C, 0x63, 0xE3, 0xBB,
  0xD7, 0x18, 0x0F, 0x12, 0xAC, 0xCB, 0xD2, 0x20, 0xF7, 0xFF,
  0x21, 0xD2, 0x6C, 0xDD, 0xFB, 0xC6, 0xDD, 0x06, 0xA5, 0xD5,
  0xE6, 0x5A, 0x62, 0xE5, 0x05, 0xD2, 0x1F, 0xBA, 0xF6, 0xEA,
  0x39, 0xCB, 0x0C, 0xB5, 0xFD, 0x06, 0x17, 0xB2, 0x1A, 0xFC,
  0xF1, 0x30, 0xDD, 0x0B, 0xFD, 0xD7, 0x13, 0xE2, 0xCF, 0x0C,
  0xED, 0xC0, 0x27, 0x4E, 0x4F, 0xB1, 0x1D, 0xA8, 0x05, 0x1D,
  0xCB, 0x10, 0x1F, 0x19, 0xE0, 0xE7, 0x13, 0xF4, 0xFC, 0xD2,
  0xCB, 0x1C, 0xC7, 0x1D, 0x0C, 0xEE, 0x16, 0xEB, 0x20, 0xC6,
  0xCA, 0x13, 0x26, 0x15, 0x2D, 0xF2, 0x38, 0xCE, 0x1A, 0x0E,
  0x08, 0xC8, 0xC5, 0xF8, 0x3A, 0xF0, 0xB2, 0x09, 0xDF, 0xA2,
  0xC7, 0x81, 0xD8, 0x0E, 0xCF, 0x0B, 0x09, 0xF8, 0xFB, 0x12,
  0xF8, 0xF5, 0x2B, 0xC8, 0xE7, 0x03, 0x31, 0x31, 0x3C, 0xD5,
  0x04, 0xE9, 0xEA, 0x0C, 0xE3, 0xE1, 0xEA, 0xF9, 0xD2, 0xE5,
  0x33, 0xB5, 0xA9, 0xE9, 0x4D, 0x2F, 0x19, 0xE3, 0xF0, 0xCB,
  0x49, 0xC0, 0x17, 0x09, 0xB1, 0xDC, 0xBC, 0xEF, 0x1E, 0x4A,
  0x3B, 0xCB, 0x00, 0xCB, 0xEB, 0xE5, 0x2E, 0x2D, 0x0B, 0x0D,
  0x10, 0xE6, 0x4F, 0xEB, 0xF2, 0xFC, 0xE8, 0x2E, 0xE8, 0x0C,
  0xFD, 0xCD, 0x28, 0xFB, 0xB0, 0x1F, 0x2C, 0xEB, 0xE7, 0xF0,
  0x0B, 0x25, 0x09, 0xF2, 0xEA, 0x12, 0xF2, 0xF8, 0xEF, 0x04,
  0xBF, 0x10, 0xD7, 0x0D, 0xF7, 0xD8, 0x2A, 0xEA, 0xF6, 0x08,
  0x05, 0xFD, 0xF1, 0xE2, 0x0B, 0xFA, 0xF2, 0x35, 0x0F, 0x0E,
  0xF5, 0xF7, 0x33, 0x1B, 0xF2, 0x0D, 0x05, 0xE4, 0x3E, 0x12,
  0x00, 0xF6, 0x1D, 0xEC, 0x17, 0x1F, 0x19, 0xEA, 0xFC, 0xF1,
  0xE2, 0xE8, 0x12, 0x19, 0xE7, 0xE7, 0xFF, 0xF1, 0xFD, 0xE6,
  0x10, 0xA3, 0xB4, 0x0C, 0x0E, 0xFD, 0xD5, 0x06, 0x39, 0x4E,
  0x1A, 0xFF, 0x06, 0x0F, 0x1B, 0x0F, 0xDA, 0x08, 0xD9, 0xD2,
  0xCB, 0xDD, 0x0F, 0x00, 0x36, 0x25, 0xC0, 0x17, 0xF0, 0xDA,
  0x21, 0xE5, 0xF2, 0xFB, 0xF2, 0xE6, 0x04, 0xF1, 0xEE, 0xCE,
  0xC7, 0x4A, 0xE3, 0xCD, 0x07, 0x6D, 0x02, 0xCE, 0xE3, 0xE7,
  0x22, 0xF4, 0xFF, 0xF8, 0x3A, 0xF5, 0xF6, 0x1E, 0xBF, 0xD6,
  0xEF, 0x07, 0xD9, 0x3A, 0xEF, 0x01, 0xF3, 0x04, 0x37, 0xE1,
  0x05, 0xCF, 0xE5, 0x2E, 0x08, 0x0B, 0x07, 0xFA, 0x0E, 0x2C,
  0x5C, 0x24, 0xFD, 0xFA, 0x24, 0xEB, 0xCF, 0xD6, 0xFC, 0x0E,
  0xC5, 0xDB, 0xCC, 0x06, 0xF5, 0x15, 0xCC, 0x09, 0xD4, 0x4C,
  0x02, 0xC2, 0x27, 0xE4, 0x24, 0x26, 0xF4, 0x10, 0xFB, 0xF9,
  0x3C, 0xCC, 0x43, 0xF3, 0x02, 0xF8, 0x04, 0xF7, 0xA5, 0x29,
  0xDB, 0x3E, 0x01, 0x1B, 0xBD, 0x0C, 0x05, 0xE8, 0x81, 0xCB,
  0x1A, 0x29, 0x1B, 0xF6, 0x05, 0xE2, 0x1F, 0x3C, 0xBF, 0xF7,
  0x3A, 0x04, 0x3E, 0x25, 0xEC, 0xEE, 0xEF, 0x18, 0x11, 0x01,
  0xF9, 0xCB, 0x29, 0xF4, 0xEF, 0x0B, 0x3D, 0x25, 0xFA, 0xE8,
  0xDD, 0xF1, 0x7F, 0xEE, 0xF3, 0x05, 0x0F, 0x01, 0x0C, 0x9C,
  0x19, 0x18, 0xFD, 0xE5, 0xD0, 0x3F, 0x38, 0xC1, 0xF9, 0xE7,
  0xF2, 0xEC, 0xF5, 0x15, 0x0C, 0xD9, 0x3F, 0xD4, 0x38, 0xB9,
  0xE9, 0x01, 0x3E, 0x21, 0x1F, 0xED, 0xEB, 0xDE, 0xFE, 0xD3,
  0x17, 0xF0, 0x02, 0x06, 0x11, 0x04, 0x25, 0x0F, 0x23, 0xC2,
  0x06, 0xF6, 0x13, 0x14, 0x12, 0x1D, 0xDF, 0xE4, 0xEF, 0x08,
  0xD0, 0x8F, 0xE5, 0xDB, 0x35, 0xFD, 0xFE, 0xA6, 0x0E, 0xFB,
  0x0C, 0x13, 0x1F, 0x01, 0x1E, 0x37, 0x03, 0xFB, 0x48, 0xCE,
  0x53, 0xE7, 0xD5, 0x1D, 0x2A, 0xBD, 0xE5, 0x15, 0xFA, 0x05,
  0x2D, 0x15, 0x37, 0x3E, 0xFF, 0xBD, 0x1C, 0x17, 0xAB, 0x42,
  0xE0, 0x12, 0xFF, 0xFB, 0xF3, 0xDF, 0x00, 0x22, 0x2A, 0xFA,
  0x1F, 0xFD, 0x1D, 0x33, 0xD0, 0x02, 0xFF, 0xE7, 0xD9, 0xEF,
  0x1F, 0x01, 0xCB, 0xF9, 0x2E, 0x3D, 0x1D, 0xB0, 0x08, 0xED,
  0xE2, 0x05, 0xF5, 0xBD, 0xF7, 0xE2, 0xDB, 0xC8, 0xD7, 0x0B,
  0x3A, 0xC6, 0xFE, 0x1B, 0xFB, 0x4B, 0xD2, 0x12, 0xF4, 0xFA,
  0xEB, 0x0B, 0xDD, 0x07, 0xB3, 0x09, 0xFE, 0x42, 0xF1, 0xC8,
  0x03, 0xD7, 0x40, 0x05, 0x1D, 0xC5, 0x07, 0x21, 0x2C, 0xB4,
  0x25, 0xF0, 0x15, 0xDE, 0xFB, 0x31, 0x4F, 0xD2, 0xFE, 0xE6,
  0xC6, 0x12, 0x3F, 0x06, 0xFE, 0xF2, 0xD9, 0x04, 0xFF, 0x2C,
  0xF5, 0xE4, 0x09, 0xB3, 0x25, 0x04, 0xED, 0xFB, 0xE0, 0xD4,
  0x06, 0xEF, 0x29, 0x12, 0x3C, 0xC7, 0xD7, 0xF7, 0x70, 0x06,
  0x0F, 0xEC, 0xEC, 0x1B, 0xF8, 0x24, 0x18, 0x10, 0xFD, 0x43,
  0x0C, 0xF8, 0x2D, 0x2B, 0xB7, 0x1C, 0x05, 0xFE, 0xE6, 0xD9,
  0xB4, 0x37, 0x05, 0x03, 0x0A, 0xD0, 0xF0, 0xD5, 0x56, 0xDD,
  0x0E, 0xB3, 0xEB, 0x11, 0x04, 0x0A, 0xF7, 0x0E, 0x32, 0x27,
  0xC7, 0x23, 0x1D, 0xEC, 0x12, 0x2E, 0xEA, 0x12, 0x07, 0xF2,
  0x27, 0x22, 0xFB, 0xEF, 0x0C, 0x2F, 0xFE, 0x1C, 0xC7, 0xEE,
  0x38, 0xDF, 0x1D, 0xFD, 0x32, 0x08, 0xA0, 0xE3, 0x11, 0x1F,
  0x18, 0x11, 0xF2, 0xEB, 0x1C, 0xD1, 0xEA, 0xED, 0x02, 0xF0,
  0x16, 0x15, 0xEB, 0xF8, 0x40, 0xF4, 0x0D, 0x2A, 0xC6, 0x02,
  0x2A, 0xDC, 0xF8, 0x07, 0x1F, 0xF8, 0x36, 0xD2, 0xCD, 0xBC,
  0xCC, 0x05, 0x23, 0xF0, 0x19, 0xDF, 0x05, 0xEA, 0xE3, 0x18,
  0x11, 0xE6, 0xD8, 0xF4, 0xE8, 0x0E, 0x2A, 0x14, 0x00, 0xFB,
  0xF4, 0x1B, 0x21, 0xC6, 0xCB, 0xB0, 0x05, 0xEF, 0x08, 0x0F,
  0xDF, 0xF8, 0xD4, 0x0E, 0x15, 0xEF, 0x01, 0xEA, 0x19, 0x00,
  0x18, 0xE9, 0xB9, 0xD6, 0xDA, 0xE6, 0xDA, 0xF2, 0xEC, 0xC7,
  0xED, 0x0B, 0x0F, 0x29, 0x20, 0xE4, 0xDC, 0xC9, 0xBE, 0x0A,
  0xFF, 0x2B, 0x81, 0x04, 0xD6, 0x0D, 0xF9, 0xDC, 0xE7, 0xD1,
  0x51, 0xF9, 0xF0, 0xEC, 0xCF, 0x08, 0x02, 0x29, 0xAE, 0x0A,
  0xE7, 0xEE, 0x06, 0x29, 0x3A, 0x1D, 0x2D, 0xEA, 0x1E, 0x06,
  0x07, 0xFE, 0xE1, 0x2A, 0xB6, 0xE6, 0xBF, 0x21, 0x16, 0x02,
  0xFF, 0xE1, 0x15, 0xCF, 0x00, 0x00, 0xF2, 0x14, 0x12, 0x2B,
  0xFF, 0x20, 0xE1, 0xFE, 0x0D, 0x14, 0xF9, 0x02, 0x19, 0xB3,
  0x2D, 0x0F, 0xFE, 0xFC, 0x17, 0x11, 0x16, 0xDC, 0x31, 0x20,
  0x27, 0xF8, 0x16, 0xDF, 0xF2, 0x3C, 0xE6, 0x44, 0x0E, 0xD8,
  0x16, 0xEE, 0xE5, 0xFE, 0x01, 0xBE, 0x2C, 0x0B, 0xBC, 0xF6,
  0x17, 0xD6, 0xE6, 0xFD, 0x04, 0xD1, 0xE8, 0x37, 0x2A, 0xFD,
  0xEC, 0xFD, 0xEE, 0x0B, 0xB2, 0x01, 0x0D, 0xF8, 0x22, 0x7F,
  0xFB, 0x34, 0x0E, 0x50, 0xD3, 0x38, 0x19, 0xD4, 0xF5, 0xF0,
  0xF4, 0xF3, 0xF4, 0xB1, 0x16, 0xCA, 0x0E, 0x15, 0x18, 0x38,
  0x1C, 0x0B, 0xD8, 0x21, 0xDC, 0x10, 0xD9, 0xF5, 0x1B, 0x19,
  0x14, 0xE0, 0xFE, 0xD6, 0x06, 0x2F, 0xF5, 0xEC, 0xFF, 0x60,
  0x04, 0xCF, 0x1A, 0xDF, 0xF7, 0xE0, 0x16, 0x20, 0xEC, 0x11,
  0x06, 0xEB, 0x16, 0xE4, 0xE3, 0x15, 0xE1, 0xC4, 0x0C, 0x25,
  0xF2, 0x10, 0x08, 0xCB, 0x0F, 0xB3, 0x1D, 0x4A, 0x2A, 0xD5,
  0x10, 0xEE, 0xE5, 0x0A, 0x00, 0xDA, 0xF9, 0xFF, 0xEA, 0x40,
  0x25, 0xF1, 0xD7, 0xED, 0xEA, 0x08, 0x16, 0xFC, 0x0E, 0xF8,
  0x40, 0xD4, 0xD0, 0x06, 0xDA, 0x0F, 0x0E, 0x43, 0x21, 0x11,
  0xED, 0xE3, 0x1C, 0x0F, 0xCB, 0x16, 0xF1, 0x0E, 0xF8, 0x08,
  0xE1, 0x05, 0x3D, 0xF5, 0xED, 0xA4, 0x11, 0xF6, 0xF1, 0xF9,
  0x0A, 0x1B, 0x16, 0xC5, 0xFD, 0x1B, 0xFC, 0x1B, 0xFD, 0x18,
  0x0B, 0xFD, 0x02, 0x14, 0x18, 0x18, 0x05, 0x2C, 0x28, 0x5C,
  0x2A, 0xB6, 0x07, 0xD5, 0x56, 0xFF, 0xD0, 0xEC, 0xF7, 0x0E,
  0x06, 0x11, 0x1E, 0x19, 0xF5, 0x08, 0x09, 0x36, 0x1C, 0xED,
  0xF5, 0xE2, 0xC6, 0xEC, 0xED, 0xFE, 0xFD, 0xFB, 0x45, 0x0B,
  0xF0, 0x1B, 0x15, 0xF0, 0xF5, 0xF8, 0x12, 0x31, 0xE6, 0x05,
  0x0E, 0x04, 0x22, 0xF4, 0x13, 0xFC, 0xBC, 0xF7, 0xD3, 0x3B,
  0xFB, 0xEF, 0xB5, 0x41, 0x0F, 0x2E, 0x42, 0x16, 0x48, 0x09,
  0x16, 0x31, 0xE3, 0x17, 0x19, 0xB9, 0x49, 0x07, 0x20, 0xED,
  0xB8, 0x28, 0xF3, 0xC7, 0xE1, 0x06, 0xF9, 0x07, 0xFB, 0xCD,
  0xA6, 0xED, 0xF3, 0xAF, 0xC3, 0x17, 0x2A, 0x0F, 0x2C, 0xD9,
  0x1D, 0x3E, 0x38, 0xF2, 0xE8, 0x0F, 0x07, 0xA8, 0xE3, 0xF6,
  0x14, 0xFC, 0xD3, 0x36, 0x00, 0xCE, 0xDF, 0x1D, 0xF6, 0xA3,
  0x0A, 0x25, 0xEA, 0x2D, 0x0E, 0xDC, 0xCA, 0xF2, 0x2A, 0x06,
  0x20, 0xFB, 0xE7, 0x01, 0x1A, 0x1C, 0xE9, 0x48, 0xE6, 0xD7,
  0xF5, 0x4F, 0xF9, 0xF7, 0xED, 0x25, 0x3B, 0xBD, 0xEE, 0x04,
  0x16, 0xF5, 0xFB, 0x1B, 0x0A, 0x3B, 0xE4, 0x24, 0xDE, 0x48,
  0x1E, 0xDF, 0x20, 0xF4, 0xCC, 0xBC, 0x23, 0xE3, 0x25, 0x5F,
  0x0D, 0x09, 0x1B, 0xE3, 0x11, 0xFA, 0x24, 0x03, 0x17, 0xD0,
  0xD9, 0x30, 0x1F, 0x24, 0x3C, 0x2F, 0x2E, 0xF9, 0xEA, 0x1D,
  0xBF, 0x1F, 0xD7, 0xE7, 0xE1, 0x1B, 0x0F, 0x27, 0x0D, 0x30,
  0x27, 0x7B, 0x24, 0x0C, 0xD1, 0x04, 0x35, 0x3E, 0xEB, 0x3E,
  0xD4, 0xEF, 0xF3, 0x00, 0x09, 0xFB, 0xE8, 0x58, 0xF5, 0x39,
  0x2E, 0xC0, 0xEA, 0xC3, 0x2A, 0xD1, 0xEE, 0xDE, 0xE9, 0xFD,
  0x05, 0x1F, 0xFC, 0x1A, 0xE2, 0xF6, 0xDD, 0x0C, 0x7F, 0x1F,
  0xF7, 0xFD, 0xF1, 0xF8, 0x18, 0xFB, 0x2F, 0xF8, 0xD3, 0xDF,
  0x16, 0x2E, 0xE9, 0xF6, 0xE8, 0x1D, 0xFD, 0xD7, 0xF6, 0xFD,
  0xE5, 0xBF, 0xE4, 0x07, 0xEE, 0x7B, 0xC9, 0x3A, 0xED, 0x3B,
  0x30, 0x08, 0xFC, 0xFA, 0x2A, 0xEF, 0xFC, 0xF3, 0xFE, 0xF4,
  0xF7, 0xD7, 0xE7, 0xC0, 0x55, 0xF9, 0xC2, 0x14, 0xCF, 0xD1,
  0x0B, 0xEE, 0x70, 0xC8, 0xF5, 0x25, 0x58, 0x29, 0xE9, 0x14,
  0xE3, 0xF5, 0x45, 0x2A, 0xB1, 0x07, 0xF2, 0xEB, 0x02, 0x10,
  0x0D, 0xF6, 0xCE, 0xF6, 0xAD, 0xE4, 0x49, 0xEF, 0xD5, 0xC4,
  0x58, 0xFB, 0x1A, 0x20, 0x5E, 0xB1, 0x47, 0xC9, 0x13, 0x3A,
  0xED, 0xCE, 0xEA, 0xDB, 0x3F, 0x2D, 0xB2, 0x36, 0xD1, 0xEC,
  0x01, 0xE7, 0x3F, 0x09, 0xEC, 0xFE, 0xD2, 0x06, 0xE6, 0x2C,
  0xD5, 0xC6, 0x7B, 0x0C, 0xE8, 0x1F, 0x35, 0x00, 0x2B, 0xDB,
  0x30, 0x23, 0xEE, 0xC5, 0x13, 0xFD, 0x15, 0x15, 0xE7, 0x4C,
  0x08, 0xE1, 0xDF, 0x20, 0x01, 0x14, 0x36, 0xC1, 0xEA, 0x07,
  0xBB, 0xFE, 0x1C, 0xC8, 0x4F, 0xEB, 0xC3, 0x20, 0x18, 0xE4,
  0x47, 0x09, 0xE3, 0xFA, 0x23, 0xCB, 0x0D, 0x0A, 0x11, 0x1B,
  0xEB, 0x34, 0x37, 0xC6, 0x9C, 0xEF, 0x13, 0xFF, 0x3C, 0xF4,
  0xE9, 0x0D, 0x8B, 0xE2, 0x0D, 0x03, 0x1C, 0x21, 0xB8, 0x18,
  0x02, 0xFD, 0x04, 0x0C, 0xD7, 0xD1, 0xE2, 0xC2, 0xB1, 0x46,
  0xDD, 0x14, 0xA9, 0x6D, 0x04, 0x04, 0xE6, 0x2F, 0x4B, 0xF8,
  0x1C, 0x56, 0xEB, 0x27, 0x06, 0x25, 0xDC, 0x54, 0x4B, 0x0C,
  0xCC, 0x0E, 0x84, 0xD7, 0xC7, 0x4C, 0xE5, 0x1B, 0x0B, 0xDB,
  0xFB, 0xEB, 0x10, 0xDE, 0xF3, 0x00, 0xC4, 0xFA, 0xE4, 0x17,
  0x12, 0xE3, 0x10, 0xF0, 0x31, 0xED, 0x2B, 0x39, 0x37, 0x7F,
  0x1C, 0x30, 0xE8, 0xED, 0x96, 0x26, 0xDB, 0x33, 0xC2, 0x39,
  0xE3, 0x2A, 0x1E, 0xFC, 0x4B, 0xCD, 0x12, 0x1D, 0xDC, 0x13,
  0xEE, 0x07, 0x0F, 0x10, 0xBC, 0x16, 0x06, 0x28, 0xEA, 0xCC,
  0xEE, 0xEF, 0xFA, 0x12, 0x32, 0xCB, 0x22, 0x14, 0xD8, 0xF6,
  0x27, 0x1E, 0x15, 0x11, 0x33, 0x1E, 0x43, 0x1F, 0x0B, 0xD2,
  0x02, 0xE4, 0xEE, 0x14, 0x20, 0x00, 0xEA, 0x02, 0x1D, 0x02,
  0x10, 0xEC, 0xF1, 0xEC, 0x20, 0x38, 0x2E, 0xC6, 0x2E, 0x1E,
  0x38, 0xBE, 0x17, 0x0A, 0x27, 0xEF, 0xDA, 0x5F, 0xDC, 0xDD,
  0x0A, 0xB8, 0xF3, 0xE7, 0x15, 0xF9, 0xEC, 0x9E, 0xFD, 0xF4,
  0xFC, 0x4C, 0xE9, 0x1E, 0xE7, 0x37, 0xE3, 0xE8, 0xEE, 0xED,
  0x06, 0x3C, 0xFA, 0xE9, 0x1E, 0x35, 0x19, 0x96, 0xE8, 0x08,
  0x18, 0xFA, 0xD0, 0xEA, 0xE8, 0x22, 0x29, 0x2E, 0xDE, 0x1A,
  0x21, 0xD4, 0x10, 0xF6, 0xB8, 0x18, 0x9A, 0x22, 0xD5, 0x81,
  0xE8, 0xE8, 0xB0, 0x12, 0xD8, 0x3B, 0x11, 0x2E, 0xF0, 0xCF,
  0x04, 0x27, 0xFE, 0x05, 0xDD, 0x5E, 0x05, 0xCD, 0xF7, 0x28,
  0xED, 0xF6, 0xF2, 0x16, 0x14, 0x0F, 0x29, 0x1C, 0x1C, 0x15,
  0xF2, 0x12, 0x1E, 0x0E, 0x99, 0x8E, 0xCC, 0x35, 0xB0, 0x25,
  0xEB, 0xE4, 0x0B, 0xD0, 0x62, 0xC7, 0x16, 0xF1, 0x12, 0x0F,
  0x10, 0x0C, 0x01, 0xAB, 0xDD, 0x38, 0xC4, 0x0C, 0xF7, 0xD4,
  0x19, 0xD5, 0x18, 0x09, 0x0B, 0x12, 0xEA, 0x00, 0xA1, 0x08,
  0x1B, 0x37, 0x0F, 0xFE, 0x20, 0xC6, 0x4F, 0xEA, 0xF8, 0x24,
  0x24, 0xE1, 0xD1, 0x3D, 0xFF, 0x31, 0x15, 0xF9, 0x0E, 0x08,
  0x9F, 0xF3, 0x52, 0xC7, 0x4D, 0xDC, 0x22, 0xE5, 0x22, 0x0D,
  0x1D, 0xBA, 0x3C, 0xEC, 0x00, 0x06, 0x2C, 0x24, 0x03, 0x17,
  0x15, 0xF3, 0x0E, 0xC4, 0xF2, 0xE7, 0xFD, 0xE8, 0x12, 0xF5,
  0x31, 0x33, 0xE3, 0xF8, 0xD3, 0xDA, 0x33, 0x03, 0xF9, 0x05,
  0xEE, 0xFB, 0xE1, 0xF3, 0x08, 0xE3, 0x11, 0x00, 0x04, 0x1B,
  0xD0, 0x95, 0x10, 0x27, 0xE0, 0x02, 0x35, 0xE1, 0x57, 0x09,
  0x06, 0x28, 0xF9, 0xE2, 0x31, 0x36, 0x04, 0xF0, 0x2C, 0x18,
  0x00, 0xD2, 0xDE, 0x13, 0xE9, 0x31, 0xF8, 0xF6, 0x00, 0xD6,
  0xEF, 0xD4, 0x33, 0xB9, 0x38, 0xD0, 0xE9, 0x2B, 0x1D, 0x0E,
  0xEE, 0x15, 0x42, 0x3A, 0x03, 0x93, 0x0B, 0x1A, 0x15, 0xF1,
  0xE3, 0xFD, 0xEF, 0xE9, 0x11, 0x0C, 0x21, 0x02, 0x1A, 0x3D,
  0xFD, 0xFD, 0x25, 0xF4, 0x25, 0x04, 0xE6, 0xD4, 0x1A, 0xF6,
  0xC5, 0xEC, 0xE4, 0xF2, 0x01, 0x14, 0x0D, 0x07, 0x0D, 0xFC,
  0xDE, 0x08, 0xCE, 0x00, 0x19, 0x21, 0x1A, 0xCD, 0x37, 0x08,
  0x17, 0x17, 0xCA, 0x07, 0x33, 0xE9, 0x27, 0x67, 0xFC, 0x2B,
  0x13, 0xE8, 0xC4, 0xEE, 0xEB, 0xC9, 0x34, 0x82, 0x0E, 0xFB,
  0x08, 0x11, 0xE5, 0x1A, 0xEC, 0xCE, 0xD6, 0xF7, 0xE9, 0x29,
  0xDB, 0x0C, 0x00, 0x17, 0xEE, 0xFA, 0x08, 0xDE, 0x16, 0x1D,
  0x29, 0x26, 0xC8, 0xF8, 0xB3, 0xE8, 0x2C, 0xEC, 0x97, 0xD6,
  0x21, 0x4A, 0xC4, 0xC8, 0xBC, 0xBC, 0x31, 0xC8, 0xFB, 0xDB,
  0xF5, 0x0D, 0xCE, 0xED, 0x37, 0x40, 0xF4, 0xE2, 0x02, 0xF8,
  0x56, 0xA7, 0x1F, 0x1B, 0x2B, 0xF1, 0x12, 0x2E, 0xE0, 0x0E,
  0xE1, 0x4B, 0x24, 0x0A, 0xEF, 0x0F, 0x1B, 0x81, 0x29, 0x25,
  0xF9, 0xD0, 0xEB, 0xCA, 0xF6, 0xD9, 0x07, 0xF8, 0x0F, 0xBA,
  0x08, 0x1D, 0x03, 0xDB, 0x10, 0xD5, 0xF5, 0x1E, 0x0A, 0x07,
  0x16, 0x32, 0x14, 0x32, 0x0D, 0x08, 0x64, 0x06, 0xE0, 0xFE,
  0x3D, 0x26, 0xFC, 0x00, 0xF5, 0xF4, 0x04, 0x0B, 0xFF, 0xCC,
  0xCB, 0xF8, 0x13, 0x29, 0x19, 0xC8, 0x0E, 0xA6, 0xED, 0x0C,
  0x1F, 0xF9, 0xFA, 0xCD, 0x02, 0x0D, 0xF7, 0xF1, 0x10, 0x07,
  0x0E, 0x0C, 0xFE, 0xE9, 0x16, 0x1A, 0x06, 0x06, 0xF9, 0x0D,
  0xFA, 0x0C, 0xE9, 0x1E, 0x08, 0x34, 0x29, 0x08, 0x16, 0xBF,
  0xF0, 0xE6, 0x1A, 0xE5, 0xEC, 0xC5, 0x08, 0xF8, 0x03, 0x37,
  0x0B, 0xFD, 0x09, 0x00, 0xE2, 0xDD, 0xED, 0x03, 0x0B, 0x0E,
  0x25, 0x08, 0x42, 0x22, 0xE2, 0x10, 0xD6, 0x28, 0x2A, 0x3D,
  0x1F, 0x01, 0xD1, 0xFF, 0x04, 0xE5, 0xF4, 0xF4, 0xE7, 0x0B,
  0x2D, 0xE8, 0xFF, 0xDA, 0x09, 0xFC, 0x14, 0x0B, 0xF4, 0xF0,
  0x04, 0x10, 0xE3, 0xE6, 0x07, 0x27, 0xD5, 0xBF, 0x0C, 0x02,
  0xF0, 0xFA, 0x30, 0x09, 0xFA, 0x58, 0x1D, 0x16, 0xD4, 0x05,
  0xFD, 0xF9, 0x05, 0xDF, 0xFD, 0xFA, 0xD7, 0x24, 0x16, 0xD0,
  0x00, 0xB5, 0xFA, 0x14, 0xEB, 0x20, 0xBB, 0x3B, 0xF7, 0xDF,
  0xED, 0xF9, 0xFA, 0x9D, 0x0D, 0x1E, 0x29, 0xEF, 0xB9, 0xF1,
  0xD5, 0x10, 0x2F, 0x16, 0xEC, 0x0D, 0xDB, 0x04, 0xF8, 0x14,
  0x21, 0xC8, 0x1C, 0xF2, 0xF0, 0x06, 0x3E, 0x19, 0xE9, 0xF8,
  0xCA, 0xFF, 0xF3, 0x12, 0x32, 0xEF, 0x26, 0x16, 0xF0, 0x81,
  0xF9, 0xBE, 0xCC, 0xDC, 0x24, 0x2F, 0xD3, 0xF5, 0xDA, 0x0E,
  0x04, 0xF8, 0x18, 0x21, 0x13, 0x46, 0x03, 0xEE, 0xE3, 0xF5,
  0x17, 0x26, 0xD1, 0xF2, 0x09, 0xED, 0x38, 0x1F, 0x20, 0x03,
  0xF7, 0xED, 0x40, 0x4A, 0xDC, 0x12, 0x2E, 0xFB, 0xDC, 0x64,
  0x11, 0x0F, 0x97, 0x24, 0x47, 0x32, 0xFB, 0xF7, 0x10, 0x40,
  0x32, 0xC0, 0xC3, 0xF4, 0x55, 0x81, 0xDC, 0x6F, 0x17, 0xE5,
  0x02, 0x17, 0x0A, 0xC6, 0x18, 0x3C, 0xDA, 0xE9, 0xEC, 0xF9,
  0x0B, 0x2A, 0xE7, 0x03, 0xEA, 0xB6, 0x4B, 0x05, 0xFA, 0x15,
  0xDA, 0xF4, 0xE9, 0xAF, 0xE7, 0xEF, 0x1D, 0x9A, 0xCB, 0x38,
  0xFE, 0xE4, 0x1A, 0xE6, 0x33, 0xE5, 0x3B, 0x32, 0x0D, 0xF0,
  0x2B, 0x66, 0x25, 0xB0, 0x07, 0x0F, 0x12, 0x03, 0x1F, 0x33,
  0x0B, 0x31, 0xC5, 0xAE, 0xE3, 0x04, 0xF2, 0x25, 0x2A, 0xCB,
  0xD7, 0xC2, 0xE4, 0xE7, 0x00, 0x1B, 0xF2, 0xEB, 0x03, 0x37,
  0xE8, 0x3C, 0xFD, 0x42, 0x01, 0xCA, 0x0C, 0x2F, 0x06, 0x3A,
  0xEB, 0x11, 0x0B, 0x24, 0x30, 0x56, 0xE6, 0x10, 0x46, 0x2F,
  0x4D, 0xED, 0xB5, 0xDF, 0xF3, 0x14, 0xC2, 0x18, 0x27, 0xF7,
  0x15, 0x12, 0xE1, 0xE8, 0x09, 0x31, 0x2D, 0x15, 0x05, 0xFD,
  0x23, 0xFE, 0xEA, 0x12, 0x0B, 0x0A, 0x5C, 0x15, 0xF7, 0x22,
  0x20, 0x4F, 0xB6, 0xFE, 0xDA, 0x4F, 0x6A, 0x2B, 0xC7, 0xF2,
  0xFE, 0x1B, 0xFC, 0xE5, 0x1D, 0xBE, 0x14, 0xB7, 0x0B, 0x53,
  0xEA, 0xFC, 0x2A, 0xF2, 0xBF, 0xE7, 0xEA, 0xF0, 0xF4, 0xBE,
  0xC5, 0xFB, 0xF2, 0x44, 0xC6, 0x21, 0xF3, 0x21, 0x6D, 0x1B,
  0xF3, 0xFC, 0x1F, 0x0E, 0xFE, 0xF5, 0x3B, 0x15, 0xD9, 0xAA,
  0xD8, 0x01, 0xFE, 0x38, 0x0B, 0xF2, 0xC8, 0xCA, 0x0E, 0x08,
  0x0C, 0x1A, 0x1A, 0xC8, 0xD6, 0x1C, 0x02, 0xD9, 0xFE, 0xE4,
  0x4B, 0x4F, 0xF5, 0xBE, 0xF3, 0x43, 0xDD, 0xD0, 0x20, 0xE6,
  0xCD, 0x99, 0xED, 0xA4, 0x32, 0xFA, 0x06, 0x13, 0x09, 0x19,
  0x06, 0xE7, 0xBD, 0x01, 0x1D, 0xF4, 0x11, 0x26, 0x03, 0xDC,
  0x34, 0xBB, 0x25, 0xF6, 0xEE, 0x20, 0xEF, 0xD1, 0xF1, 0x35,
  0x12, 0xF7, 0xD6, 0x43, 0xDA, 0x0E, 0xE8, 0xD4, 0xD0, 0xF6,
  0x06, 0x15, 0x12, 0xDD, 0x14, 0x14, 0xEA, 0x1B, 0xD5, 0x45,
  0x1B, 0x43, 0xDC, 0x25, 0xEC, 0xFF, 0xEE, 0xEA, 0xF0, 0x01,
  0x0C, 0x54, 0xC9, 0x41, 0xDA, 0xF7, 0xD0, 0x7E, 0xDB, 0x1C,
  0x0C, 0x2B, 0x34, 0x30, 0xD6, 0xDA, 0xCB, 0x2D, 0xDF, 0xA2,
  0xF3, 0x3B, 0x1C, 0x81, 0xC3, 0x45, 0x67, 0x15, 0x14, 0x4D,
  0x1D, 0xED, 0xC4, 0xF1, 0xFD, 0x23, 0xEC, 0x01, 0xD0, 0x26,
  0xD9, 0x1F, 0xF3, 0xE3, 0xE9, 0x2C, 0xFF, 0x33, 0xBB, 0xED,
  0x0A, 0x00, 0x05, 0xF4, 0xE2, 0xB5, 0x2A, 0x20, 0x45, 0x66,
  0xAF, 0x19, 0x0B, 0x9D, 0xE7, 0x1D, 0x47, 0x0A, 0x02, 0x5D,
  0xC6, 0xB2, 0x46, 0xF7, 0xF7, 0xAE, 0xDA, 0xFE, 0x32, 0xF6,
  0xF3, 0xFE, 0x1C, 0x33, 0xAA, 0xDC, 0x30, 0x63, 0x0E, 0xBC,
  0xF8, 0xE2, 0x01, 0x35, 0xAA, 0x3E, 0x22, 0xEC, 0x66, 0xF6,
  0xFF, 0x32, 0xBF, 0x1D, 0xFE, 0xFB, 0xFF, 0x0E, 0x0F, 0x1E,
  0x10, 0x12, 0x17, 0xE9, 0xC0, 0x2E, 0xD5, 0x29, 0x66, 0xFB,
  0x0F, 0x50, 0x5E, 0x56, 0xE6, 0xE8, 0x1E, 0x2B, 0x39, 0xE4,
  0xD2, 0x1B, 0xAE, 0xF8, 0x04, 0x10, 0xBF, 0x29, 0x1C, 0x09,
  0xDB, 0x2D, 0xC2, 0xF1, 0xFD, 0x14, 0x1E, 0xD5, 0x19, 0x36,
  0x47, 0x94, 0xF0, 0x19, 0x6F, 0x35, 0xBF, 0x0F, 0xE3, 0x9D,
  0xA7, 0x0C, 0xC4, 0xE7, 0xE8, 0x11, 0x37, 0x15, 0x0E, 0x11,
  0xFC, 0x1E, 0x13, 0xE1, 0x0A, 0x29, 0x22, 0x19, 0x16, 0x08,
  0xF3, 0xFF, 0xC5, 0xF6, 0x1C, 0xD3, 0x38, 0x42, 0x01, 0xF4,
  0xEA, 0xB4, 0x21, 0x02, 0xF1, 0x23, 0xFA, 0xCF, 0x05, 0x01,
  0xFB, 0xCB, 0x00, 0x06, 0x35, 0xE7, 0x09, 0xDE, 0x41, 0xE9,
  0xE5, 0x3A, 0xE2, 0x21, 0x14, 0x3D, 0x08, 0xE1, 0x14, 0x2E,
  0x02, 0x09, 0xAA, 0xDF, 0xB1, 0xFB, 0xE4, 0xEE, 0x3B, 0xEC,
  0x5B, 0xF9, 0x32, 0xE1, 0xED, 0x21, 0xD6, 0xDF, 0xCF, 0x14,
  0x39, 0xD5, 0xEE, 0x0A, 0x02, 0xEA, 0x3B, 0xF2, 0x00, 0xD3,
  0x2A, 0xE8, 0x03, 0x29, 0xDF, 0xD8, 0x0D, 0xFA, 0xC9, 0x20,
  0x24, 0xFE, 0x3B, 0xDD, 0x17, 0xE0, 0xEB, 0xFF, 0xAE, 0x0C,
  0xEF, 0x21, 0x36, 0xB8, 0xE9, 0xCD, 0xFD, 0x54, 0x00, 0xF3,
  0xEB, 0xB7, 0xE6, 0xE4, 0x27, 0x11, 0xB4, 0xE1, 0xF6, 0x0E,
  0xC9, 0x1F, 0x04, 0xC6, 0x36, 0xD5, 0x0F, 0xED, 0xB4, 0x08,
  0xFE, 0x07, 0x11, 0x29, 0x37, 0xDA, 0xF6, 0xD4, 0xF2, 0xF1,
  0xFF, 0xC5, 0x37, 0xFE, 0xE0, 0xF4, 0x02, 0x81, 0xDD, 0xDE,
  0xB2, 0x11, 0xFF, 0x07, 0x2B, 0xE9, 0xFC, 0x14, 0x13, 0xE2,
  0x12, 0xF9, 0x29, 0x00, 0x48, 0x30, 0x29, 0x16, 0x13, 0xCC,
  0xDF, 0xEA, 0xEE, 0xD0, 0x1F, 0xD5, 0xBF, 0x1A, 0x08, 0xDB,
  0xF6, 0x00, 0x0F, 0x04, 0x2B, 0x0D, 0x28, 0xED, 0x2A, 0xDA,
  0xF9, 0xF5, 0xE9, 0xE1, 0xE1, 0xE8, 0x1F, 0x2F, 0x3B, 0x04,
  0x09, 0xC2, 0xB1, 0xD7, 0x29, 0x14, 0x33, 0xF1, 0xEE, 0x08,
  0x1E, 0xED, 0xF4, 0xF9, 0x04, 0x14, 0xD6, 0xDF, 0xD7, 0xED,
  0xE2, 0xCF, 0x25, 0x36, 0x51, 0x48, 0xCB, 0x2F, 0xDD, 0xFB,
  0x1E, 0x20, 0xF4, 0xEA, 0x06, 0x33, 0x58, 0xB3, 0x17, 0xC4,
  0x29, 0x08, 0xE6, 0xCA, 0xFC, 0x04, 0xD8, 0x34, 0xDB, 0x37,
  0xCA, 0x2D, 0x0D, 0x53, 0x0C, 0xA6, 0xAD, 0xB2, 0x1B, 0x1A,
  0xC4, 0xE7, 0x34, 0x17, 0xF0, 0xF8, 0x34, 0x51, 0x47, 0xCD,
  0x34, 0x29, 0x3F, 0x28, 0xCF, 0xB2, 0x3A, 0xB6, 0x08, 0x1F,
  0xB6, 0xDA, 0xF6, 0xD6, 0xF7, 0x43, 0x03, 0xCD, 0x8F, 0xD1,
  0x2E, 0xFD, 0x04, 0x06, 0x07, 0xCE, 0x21, 0xD2, 0xE7, 0x26,
  0x0B, 0xF3, 0x17, 0x5C, 0x58, 0xDD, 0xF4, 0xE4, 0xEE, 0xF3,
  0x3A, 0x11, 0x0D, 0xCA, 0x18, 0x81, 0x2D, 0x2C, 0x21, 0x35,
  0xD7, 0x26, 0x73, 0x0E, 0x0C, 0xB8, 0x02, 0x49, 0xE3, 0x8C,
  0x31, 0x26, 0xEC, 0x9F, 0xE6, 0x14, 0x72, 0xAA, 0x36, 0x02,
  0x16, 0xBA, 0xF1, 0x22, 0xF4, 0xE7, 0x20, 0xDB, 0xFA, 0xDC,
  0xDF, 0xBC, 0x13, 0x8E, 0x1E, 0xC4, 0x08, 0xCD, 0xBE, 0x66,
  0x02, 0x43, 0x43, 0x7A, 0xCF, 0xDD, 0x11, 0xE0, 0x15, 0xEC,
  0xE2, 0x01, 0x27, 0xE5, 0xDE, 0x08, 0x39, 0x00, 0x1F, 0x61,
  0xEC, 0x23, 0xFB, 0xFF, 0x79, 0xDB, 0xF2, 0x45, 0xDF, 0xE8,
  0xC4, 0x84, 0xF5, 0x3A, 0xA1, 0x48, 0x27, 0xEF, 0xFE, 0x82,
  0x5F, 0x38, 0xCE, 0xD6, 0xEF, 0x37, 0xF3, 0x21, 0x45, 0x44,
  0xD4, 0xBE, 0x0B, 0x06, 0xE5, 0x3A, 0x4A, 0x1E, 0xE1, 0x0F,
  0xAC, 0x3E, 0x28, 0xC8, 0xE1, 0xDC, 0x04, 0x1C, 0x46, 0xFA,
  0x0D, 0xD3, 0x12, 0x1C, 0x8E, 0x01, 0x24, 0xE4, 0xEA, 0x2B,
  0x0A, 0xF7, 0xC6, 0xAB, 0x7F, 0xEC, 0xBD, 0x0A, 0x0E, 0xF9,
  0x34, 0xF4, 0xFE, 0xEE, 0xF2, 0x26, 0x09, 0x0D, 0x1A, 0xF4,
  0xDB, 0x14, 0x26, 0xE6, 0x21, 0xDE, 0xF4, 0x36, 0x13, 0x03,
  0x4F, 0x74, 0xFB, 0xEC, 0xE4, 0xFB, 0x05, 0xCD, 0xF5, 0x08,
  0x02, 0xF2, 0x51, 0x96, 0x09, 0x08, 0xD9, 0x0E, 0x17, 0x01,
  0xBA, 0x40, 0xDE, 0xF9, 0x21, 0x0B, 0xEA, 0xC3, 0x1F, 0xEF,
  0x20, 0xC2, 0xCB, 0x26, 0xBA, 0xF6, 0x05, 0x03, 0xF9, 0xF3,
  0x18, 0x03, 0x16, 0x01, 0x1F, 0xCB, 0xFA, 0xCB, 0xF8, 0xF7,
  0x4C, 0x44, 0xA7, 0x28, 0xDB, 0xDE, 0xEA, 0x0F, 0x47, 0x20,
  0x08, 0x03, 0x25, 0xB5, 0xF0, 0x31, 0xC8, 0xB8, 0xE6, 0x37,
  0x08, 0x17, 0xF5, 0x12, 0xEA, 0xEA, 0xF8, 0x1B, 0xE9, 0x23,
  0x14, 0xD7, 0x21, 0x49, 0x03, 0xCD, 0xE2, 0xE1, 0x14, 0xF4,
  0x02, 0x0F, 0xFF, 0x06, 0xF7, 0x10, 0x21, 0x24, 0x2C, 0xC7,
  0x07, 0x15, 0xDE, 0x03, 0x10, 0x0E, 0xE7, 0x0C, 0x34, 0x17,
  0xEB, 0xF7, 0x2A, 0x00, 0x03, 0x08, 0xBF, 0xF1, 0xFC, 0xFD,
  0x22, 0xF2, 0x1B, 0xC8, 0xDC, 0xF6, 0xEE, 0x2B, 0x19, 0x00,
  0xD8, 0xDB, 0x2A, 0x27, 0xDD, 0x12, 0xF6, 0x21, 0xDF, 0x42,
  0x13, 0x04, 0x08, 0xA9, 0x19, 0x3F, 0x08, 0xEB, 0xE8, 0x3B,
  0x10, 0xEA, 0x1F, 0x32, 0x41, 0xEB, 0x17, 0xDB, 0x0D, 0x3A,
  0x45, 0xDC, 0xFE, 0xF1, 0x3C, 0x2F, 0xEB, 0x2E, 0x9B, 0x19,
  0xB9, 0x11, 0xEF, 0xCB, 0xF4, 0x07, 0x21, 0x09, 0xFC, 0xF2,
  0x26, 0x08, 0x0B, 0xEC, 0xF0, 0x21, 0x54, 0xEF, 0x1F, 0x00,
  0xC7, 0x07, 0x42, 0x0E, 0xCD, 0xF6, 0xD8, 0xD6, 0xC6, 0xBB,
  0xD3, 0x06, 0xF6, 0x3D, 0xD7, 0x3A, 0x0B, 0xF1, 0x57, 0x1A,
  0x10, 0x21, 0xE5, 0x65, 0x04, 0xE5, 0x0D, 0xF2, 0xF3, 0x1D,
  0xF9, 0x3C, 0x12, 0xC4, 0xC5, 0x0E, 0xEA, 0xFD, 0xE5, 0x2F,
  0xFA, 0x37, 0xFC, 0xD8, 0x81, 0xE5, 0x24, 0xE8, 0xFF, 0x1D,
  0x21, 0xF7, 0x10, 0xD9, 0x16, 0x4E, 0x14, 0x08, 0x0B, 0xE6,
  0x27, 0x31, 0xFE, 0xFA, 0x55, 0x8A, 0x20, 0x29, 0x13, 0xF4,
  0x33, 0xA7, 0xF4, 0x20, 0x0D, 0xEA, 0xB2, 0xFD, 0xFF, 0xF0,
  0xF9, 0xCC, 0xEE, 0xC9, 0x1A, 0x11, 0xE8, 0x46, 0x0A, 0xF8,
  0x1F, 0x54, 0x2B, 0x22, 0x04, 0xEF, 0x2A, 0xB6, 0xFD, 0xFA,
  0xFD, 0xDD, 0xF5, 0xBF, 0xFC, 0x0F, 0xF3, 0xE0, 0xDD, 0x04,
  0x09, 0xE7, 0x15, 0xFB, 0xD4, 0x1A, 0xFD, 0xFB, 0xF9, 0x5F,
  0xEF, 0xC6, 0x22, 0xCF, 0x5A, 0x10, 0xF6, 0x34, 0xE7, 0xD5,
  0xF4, 0x1D, 0xD8, 0x3F, 0xDC, 0x21, 0xE7, 0x12, 0x13, 0xF4,
  0xCF, 0xC9, 0x26, 0x4D, 0x08, 0x0F, 0xC8, 0x10, 0xFF, 0x39,
  0x0D, 0x21, 0xCA, 0xF8, 0x03, 0x02, 0x03, 0x3D, 0x38, 0x1A,
  0x22, 0xE3, 0xDD, 0xF8, 0x20, 0x13, 0x06, 0x11, 0xC0, 0xE4,
  0x03, 0x25, 0x0A, 0x38, 0xFE, 0xF0, 0xE9, 0xDF, 0x2A, 0xD3,
  0xFA, 0x56, 0xFD, 0x37, 0xF3, 0x3B, 0xFD, 0xF7, 0x27, 0xE2,
  0x0A, 0x18, 0xF9, 0xF5, 0xE1, 0x1A, 0x1F, 0xD7, 0xC3, 0x12,
  0xE9, 0x04, 0x06, 0xDF, 0xD5, 0xDF, 0xF2, 0xDB, 0xF7, 0xD9,
  0x08, 0x2E, 0x11, 0x4A, 0xE5, 0x2C, 0xF1, 0x2E, 0x06, 0xEF,
  0x2E, 0x52, 0xCF, 0xF2, 0xE3, 0x01, 0x04, 0xEE, 0xFB, 0xE4,
  0x17, 0xDC, 0xEC, 0xFD, 0xE7, 0xE6, 0xED, 0xD7, 0x44, 0xDA,
  0xE2, 0x08, 0x6E, 0xF5, 0x50, 0xF0, 0x24, 0xF6, 0xBA, 0xE4,
  0xDE, 0x21, 0x19, 0x3D, 0xC6, 0x16, 0xC8, 0xFF, 0xB1, 0x0C,
  0x39, 0xF0, 0xF0, 0xF0, 0x9B, 0x2E, 0xE9, 0x32, 0xF0, 0xCC,
  0x64, 0xF3, 0xCB, 0x2B, 0x52, 0xEA, 0x27, 0xB5, 0x3E, 0x15,
  0x00, 0xD9, 0xFA, 0x42, 0x05, 0xFD, 0xD2, 0x1C, 0xEB, 0xFC,
  0xD3, 0x04, 0x3D, 0xDF, 0x3D, 0xE9, 0xED, 0x23, 0xF2, 0xF6,
  0x21, 0xE3, 0x27, 0xF8, 0xAA, 0x2B, 0x19, 0xE4, 0x0D, 0xEB,
  0xD3, 0x10, 0x22, 0xEE, 0xFC, 0xE9, 0xE6, 0x27, 0xF0, 0x45,
  0xFD, 0xFC, 0xC3, 0xEE, 0x16, 0x1F, 0x07, 0xD1, 0xD2, 0xE6,
  0x88, 0xEC, 0x12, 0x0B, 0x1C, 0x3F, 0xA0, 0xFD, 0xFD, 0xE9,
  0x0E, 0x2B, 0x0A, 0x2D, 0x22, 0xF1, 0xFA, 0x28, 0xEC, 0xFC,
  0xD8, 0x47, 0xF5, 0x20, 0xC3, 0xF9, 0x35, 0x32, 0x02, 0xF8,
  0xDC, 0x1A, 0xE3, 0x2F, 0xEF, 0x27, 0x15, 0x0F, 0x10, 0x18,
  0x98, 0xF6, 0xC6, 0x0D, 0xF6, 0x3E, 0x27, 0x0D, 0x09, 0x17,
  0xF0, 0xDC, 0x0E, 0xFC, 0xE0, 0x1B, 0x10, 0x2D, 0x2B, 0x06,
  0xFF, 0x1A, 0x5F, 0xFB, 0x15, 0xF0, 0x0E, 0x2E, 0x33, 0x15,
  0x0D, 0x38, 0xA1, 0x3C, 0xDF, 0x0E, 0xE1, 0xF1, 0x28, 0x30,
  0xCF, 0xCE, 0xDE, 0xDB, 0x2B, 0x3F, 0xE9, 0xD2, 0x50, 0xEE,
  0xCF, 0xF8, 0x81, 0x1F, 0x19, 0xFD, 0x42, 0x06, 0x1E, 0x20,
  0x0D, 0xF3, 0xA1, 0xDF, 0x20, 0xF3, 0x4D, 0xAE, 0xCD, 0xE7,
  0x4D, 0x25, 0x0A, 0x09, 0x36, 0x00, 0x2E, 0x19, 0xFE, 0xD4,
  0x56, 0xF6, 0x05, 0xE0, 0xA9, 0xE9, 0x3F, 0x13, 0x01, 0x0B,
  0x22, 0x41, 0x27, 0x3D, 0xD3, 0xF4, 0xEA, 0x31, 0xCB, 0xEA,
  0xE9, 0x15, 0x25, 0x25, 0xDC, 0xDA, 0xD7, 0xBA, 0x05, 0xEE,
  0xD3, 0xEB, 0xDB, 0x23, 0x19, 0xFC, 0x0E, 0xD6, 0xFA, 0x10,
  0xD3, 0x49, 0xF6, 0x0D, 0x00, 0xA2, 0xC3, 0x37, 0xE9, 0x5C,
  0x24, 0xE8, 0xD7, 0x32, 0x2C, 0x09, 0xEE, 0x49, 0xFD, 0xAF,
  0x1E, 0xEE, 0xE9, 0xA0, 0x0E, 0x1B, 0x18, 0x14, 0x30, 0x2E,
  0xD0, 0x21, 0x13, 0x16, 0xFE, 0xCE, 0xE9, 0xC0, 0xEC, 0x6C,
  0x09, 0xE1, 0x43, 0x14, 0xC3, 0xD2, 0x19, 0x9F, 0x15, 0x28,
  0x18, 0x07, 0x2A, 0xD7, 0xE6, 0xE6, 0x4C, 0x21, 0xE2, 0xC2,
  0xB2, 0x0F, 0xE3, 0xDF, 0xE9, 0xED, 0xEE, 0x08, 0x04, 0x93,
  0x05, 0x21, 0x10, 0xE7, 0xED, 0x49, 0xE6, 0x12, 0xEB, 0xFF,
  0x11, 0x0E, 0x4B, 0xEC, 0xF2, 0x30, 0x0B, 0x2E, 0x0A, 0x38,
  0x17, 0x12, 0xD0, 0x0C, 0xE5, 0xE1, 0xEB, 0x22, 0x14, 0xE2,
  0x32, 0x94, 0x44, 0xC9, 0xDD, 0x2A, 0x2C, 0x31, 0xA6, 0x23,
  0xE8, 0xE6, 0x16, 0x26, 0x22, 0xE0, 0x15, 0x36, 0xE8, 0x23,
  0xCC, 0x19, 0xE2, 0x98, 0x03, 0x32, 0xAF, 0x06, 0x16, 0x0F,
  0xDD, 0x07, 0x2F, 0x4F, 0x29, 0xF4, 0xF5, 0xCB, 0x17, 0x22,
  0xCD, 0x1B, 0x0D, 0x81, 0xDE, 0x0C, 0x37, 0x1B, 0x1A, 0xD3,
  0x27, 0x04, 0xED, 0x43, 0x9E, 0x0B, 0xE5, 0x00, 0x03, 0x05,
  0xEE, 0xF3, 0xE6, 0x26, 0x45, 0x58, 0xD1, 0xFF, 0xF6, 0x2B,
  0x41, 0xE1, 0x12, 0x11, 0x1C, 0xE1, 0xE0, 0x52, 0x2A, 0xF8,
  0xF0, 0x39, 0xE0, 0xFD, 0x17, 0xFF, 0x09, 0xF5, 0x35, 0x1E,
  0xF7, 0x47, 0xF0, 0x41, 0x3B, 0x59, 0x1C, 0x1C, 0xE1, 0xE2,
  0xAF, 0x66, 0x0B, 0x2D, 0x0D, 0xDB, 0xC6, 0xBE, 0x2F, 0xB2,
  0x28, 0x09, 0x0B, 0x2E, 0x63, 0xF4, 0x29, 0xBB, 0xC8, 0x03,
  0xC2, 0x21, 0xB3, 0x2A, 0x07, 0x21, 0x4C, 0x26, 0x6C, 0xAF,
  0x2F, 0xFD, 0xCD, 0x2E, 0x31, 0x38, 0x17, 0x1F, 0xE6, 0xAD,
  0x20, 0xF0, 0x59, 0xFD, 0xF2, 0x3F, 0x0B, 0xF3, 0x20, 0x31,
  0xEA, 0xEC, 0xC7, 0x3E, 0xD6, 0xE5, 0x21, 0xFA, 0x0D, 0xF4,
  0x3F, 0x01, 0x42, 0xCD, 0xD9, 0xB5, 0xC2, 0x59, 0x11, 0x09,
  0x31, 0xFF, 0x28, 0x01, 0x46, 0xED, 0xE1, 0x02, 0xAB, 0xCA,
  0xF9, 0x2E, 0x10, 0xF1, 0xFF, 0xEB, 0xDB, 0xDE, 0xDB, 0xE9,
  0x0E, 0xCA, 0x14, 0x10, 0x07, 0x10, 0x1C, 0xF4, 0x04, 0x16,
  0xD0, 0xF1, 0x39, 0xBB, 0xE5, 0xB2, 0x3F, 0x05, 0xBD, 0xC2,
  0xC4, 0x10, 0x03, 0x0C, 0x0F, 0xB0, 0x1C, 0xFB, 0xBA, 0x4C,
  0xD9, 0xEA, 0xC1, 0xA3, 0xCA, 0xE7, 0xDA, 0x35, 0x10, 0x19,
  0xEA, 0x01, 0xF7, 0xFC, 0xF0, 0x8A, 0xEF, 0x8E, 0x1B, 0xE7,
  0x9E, 0x28, 0xA8, 0xFF, 0xC9, 0x01, 0x22, 0xC4, 0x04, 0xED,
  0xAC, 0x13, 0xFD, 0x07, 0x3F, 0xF3, 0x0F, 0x07, 0xEA, 0x13,
  0x4F, 0x12, 0x20, 0x30, 0x36, 0x30, 0x1C, 0xE2, 0x0D, 0xDE,
  0x12, 0x29, 0x84, 0x12, 0xCD, 0xEC, 0x81, 0xE0, 0x59, 0xDF,
  0x13, 0xCB, 0xE0, 0x17, 0xD5, 0x16, 0x14, 0xF8, 0x19, 0x1E,
  0xD4, 0xF3, 0x29, 0x28, 0xBA, 0x54, 0x21, 0x3E, 0x00, 0xFF,
  0xF1, 0xB4, 0x16, 0x2F, 0xC2, 0x15, 0xFF, 0x00, 0xE5, 0xDD,
  0x29, 0x10, 0x60, 0xFB, 0x11, 0xD6, 0x1A, 0x04, 0xE9, 0x12,
  0x28, 0x0C, 0xE9, 0xE5, 0x01, 0xCA, 0x42, 0x0F, 0xF6, 0xEE,
  0x09, 0xEB, 0x4A, 0x09, 0x01, 0xA7, 0x0D, 0x04, 0xDB, 0x29,
  0xF0, 0xD2, 0x15, 0xBE, 0xD5, 0xEB, 0x29, 0xF9, 0xE4, 0xE0,
  0xF8, 0x22, 0x13, 0x08, 0xE4, 0xE1, 0xEB, 0xDA, 0x2B, 0xD4,
  0xE5, 0x0E, 0x2D, 0xC8, 0x16, 0x02, 0x0C, 0x07, 0x0A, 0x7F,
  0x2B, 0xD8, 0xCF, 0x00, 0x1A, 0xFF, 0xF7, 0x1D, 0xEB, 0x06,
  0xF9, 0xDC, 0xA9, 0xDD, 0x35, 0xE7, 0x0E, 0xF0, 0xF6, 0xFD,
  0x16, 0xEB, 0x41, 0xBE, 0xDE, 0xFC, 0xFF, 0xEC, 0x0C, 0x01,
  0x43, 0xE1, 0x21, 0xD6, 0x39, 0xF3, 0xFC, 0xDE, 0x5A, 0x08,
  0xEB, 0xEF, 0x03, 0x3F, 0xE2, 0xE6, 0x21, 0x10, 0x01, 0x0D,
  0x11, 0xED, 0x0B, 0xEA, 0xCD, 0x1C, 0xAE, 0x1C, 0x0F, 0x16,
  0x1C, 0x26, 0x1C, 0x16, 0x22, 0xE9, 0xE0, 0x31, 0x10, 0xCD,
  0x14, 0x1D, 0x29, 0xEF, 0xD6, 0xF2, 0xB7, 0x2D, 0x35, 0x0C,
  0xEB, 0xCB, 0xBD, 0xFC, 0xDF, 0xC2, 0x02, 0x1C, 0xF0, 0xF3,
  0xCB, 0x1A, 0x16, 0x02, 0xB4, 0xE0, 0xF0, 0xB8, 0x11, 0x32,
  0xF9, 0x0A, 0xCD, 0x35, 0xFB, 0xF0, 0x5A, 0x21, 0xA5, 0x0B,
  0x1C, 0x0F, 0xE4, 0xD9, 0xE8, 0x10, 0x18, 0x15, 0x30, 0x22,
  0xD8, 0x28, 0xE3, 0x4F, 0x41, 0xD6, 0xF3, 0xB7, 0xD9, 0x44,
  0x07, 0xC7, 0x06, 0x1B, 0x00, 0xFB, 0x40, 0xE7, 0x1A, 0x32,
  0x1C, 0xD1, 0x27, 0x17, 0xC9, 0xDE, 0x22, 0xD3, 0xF3, 0xFB,
  0x17, 0x1A, 0xFD, 0xF2, 0x05, 0xDA, 0x38, 0xE7, 0xE8, 0x3C,
  0x0D, 0xFD, 0x03, 0xF8, 0x05, 0x3D, 0xAF, 0xD5, 0x1C, 0x13,
  0x05, 0x3D, 0x16, 0xE6, 0x0A, 0xD3, 0x1C, 0x09, 0xDC, 0x0B,
  0xFC, 0x29, 0xEC, 0xCB, 0xCF, 0x0C, 0x0E, 0xE7, 0x3F, 0xF3,
  0x47, 0xD5, 0x33, 0xE8, 0x25, 0x3B, 0x91, 0x99, 0xB5, 0xF0,
  0xFD, 0xA9, 0xE6, 0x16, 0x04, 0x06, 0x0E, 0xD4, 0x0B, 0xFA,
  0x29, 0xD2, 0xD2, 0x36, 0x01, 0x11, 0xC6, 0x39, 0x3A, 0x09,
  0x19, 0x0C, 0x08, 0x4F, 0x43, 0x0E, 0xED, 0x20, 0xE7, 0xC5,
  0x14, 0xEB, 0x2B, 0x02, 0x1F, 0x04, 0x10, 0xF3, 0x2E, 0x1A,
  0xCF, 0xEC, 0x0E, 0x67, 0x54, 0xFB, 0xF5, 0x1E, 0xDD, 0xE3,
  0xEC, 0x15, 0x27, 0xF6, 0x0B, 0xE7, 0x04, 0xB7, 0x17, 0x40,
  0xD9, 0xBE, 0xCB, 0x2E, 0xEA, 0x1E, 0x00, 0x00, 0xE4, 0x22,
  0x2F, 0x5B, 0x0E, 0x0E, 0x1B, 0x1C, 0xDF, 0x1E, 0xF7, 0xF9,
  0x14, 0x81, 0x20, 0x18, 0xF8, 0xF7, 0xF7, 0xE2, 0xED, 0xD4,
  0x12, 0x12, 0xF9, 0x3C, 0x3A, 0xEB, 0x2B, 0x2C, 0xD5, 0x4B,
  0xEA, 0x2D, 0x0B, 0xA3, 0xB4, 0xFE, 0xE4, 0x38, 0x1F, 0xD6,
  0xED, 0xFF, 0x06, 0xDA, 0x01, 0x4E, 0x03, 0xEE, 0xEE, 0x36,
  0xB1, 0xD9, 0x2E, 0xEE, 0xFD, 0xB4, 0x06, 0x11, 0xB3, 0x0E,
  0xFF, 0x00, 0xBE, 0xF1, 0xF3, 0x1F, 0x25, 0x16, 0x15, 0xF7,
  0xE9, 0x0D, 0x06, 0xC5, 0x13, 0xD8, 0x27, 0xF4, 0x13, 0x07,
  0x20, 0xDD, 0xDC, 0xE6, 0x54, 0x48, 0x1B, 0xD0, 0xF0, 0xCA,
  0xBD, 0x4C, 0xEC, 0x15, 0xD4, 0x15, 0xF1, 0x12, 0x00, 0x28,
  0x1D, 0x45, 0xF4, 0x11, 0xD4, 0xDB, 0xC3, 0xDD, 0xD2, 0x0E,
  0x05, 0xF2, 0x1A, 0xEC, 0xD8, 0x28, 0xFB, 0x35, 0x20, 0x03,
  0x27, 0x19, 0xD3, 0xDB, 0xD3, 0x09, 0x09, 0x19, 0x0A, 0x0F,
  0x49, 0xEA, 0xF1, 0xCA, 0xBB, 0x42, 0xC9, 0x16, 0x0D, 0xE5,
  0x19, 0xF4, 0x06, 0xE9, 0x3F, 0xE6, 0xF6, 0x37, 0xCD, 0x26,
  0xB7, 0x00, 0xEC, 0x0F, 0xCA, 0x28, 0xDF, 0xF1, 0x29, 0x00,
  0x00, 0x6C, 0x58, 0xEB, 0x14, 0x14, 0x1B, 0x07, 0xC4, 0x30,
  0x20, 0xBD, 0xBE, 0x12, 0x43, 0x78, 0xF1, 0xC2, 0xE8, 0x08,
  0xD6, 0xDE, 0xC4, 0x17, 0xEE, 0x14, 0x11, 0x19, 0xDB, 0x11,
  0xDF, 0xF5, 0x15, 0x70, 0xF6, 0xFA, 0x0D, 0x57, 0x22, 0xD1,
  0xF3, 0xE2, 0x26, 0xC9, 0x05, 0x0D, 0x03, 0x1E, 0xA4, 0x0D,
  0xEF, 0xDD, 0x5D, 0x11, 0x25, 0x78, 0x12, 0x22, 0xFC, 0x28,
  0xDB, 0xF8, 0xD3, 0xF2, 0xF5, 0xE3, 0xEF, 0x1D, 0xD2, 0x36,
  0xF3, 0xE1, 0x08, 0xEF, 0x2F, 0x0F, 0x03, 0x47, 0xCA, 0xD7,
  0xDF, 0x1F, 0xE6, 0xE4, 0x52, 0x1F, 0x04, 0x33, 0xE9, 0x09,
  0xA9, 0xFE, 0x02, 0x1B, 0xE8, 0xED, 0x06, 0x81, 0xFA, 0xF0,
  0xAB, 0xC0, 0xD2, 0x15, 0xCC, 0x24, 0x1C, 0xFD, 0x00, 0xEB,
  0x17, 0xF7, 0xF5, 0xE8, 0xD0, 0x01, 0x2F, 0x18, 0xD9, 0xD8,
  0xE8, 0xD5, 0x09, 0x0C, 0x00, 0x39, 0x08, 0xEB, 0xEC, 0xB8,
  0xF8, 0x23, 0xBC, 0xFC, 0xE7, 0x6B, 0xC7, 0xF8, 0xF3, 0xFD,
  0xE2, 0x09, 0x33, 0xE3, 0xF8, 0x2C, 0xE3, 0x04, 0xD7, 0x1A,
  0x1C, 0x8D, 0xD7, 0x3D, 0x08, 0x25, 0x2F, 0xF4, 0x11, 0xDC,
  0x03, 0x33, 0x19, 0x2E, 0x32, 0xE5, 0xED, 0x35, 0x1F, 0x28,
  0x10, 0x04, 0xF6, 0x02, 0xE6, 0xD9, 0xF6, 0xF1, 0x4C, 0xFE,
  0x17, 0x34, 0x15, 0x88, 0x15, 0x44, 0xFC, 0x00, 0x39, 0xCC,
  0xEC, 0x0E, 0x05, 0x07, 0x09, 0xF4, 0x40, 0x4B, 0x2B, 0x2C,
  0x0F, 0xCA, 0xE5, 0xFB, 0xDA, 0x31, 0x39, 0xB7, 0x29, 0xD8,
  0xDC, 0xDB, 0x33, 0xCB, 0x8A, 0x16, 0x0A, 0x1C, 0x1F, 0xFB,
  0x0F, 0xDF, 0xD1, 0x37, 0x09, 0x17, 0xE1, 0xF8, 0x28, 0x48,
  0xF3, 0x13, 0x36, 0x01, 0xF7, 0xE6, 0x32, 0x25, 0x1E, 0xFE,
  0x21, 0xF6, 0xDD, 0xD1, 0x23, 0xFC, 0x8F, 0xDD, 0xDF, 0x00,
  0x32, 0x07, 0xDD, 0xF6, 0xE7, 0x0E, 0x30, 0x81, 0xF3, 0x29,
  0x09, 0x46, 0x19, 0xCB, 0x2F, 0x16, 0xE4, 0xD2, 0x2C, 0x6F,
  0x3C, 0xF3, 0x35, 0x0D, 0xD3, 0xCB, 0x3F, 0x10, 0xE6, 0xF0,
  0x0C, 0x20, 0x27, 0xF9, 0xF3, 0x0C, 0x1C, 0x09, 0x45, 0x8B,
  0x2B, 0x28, 0xD0, 0x1D, 0xDF, 0xEB, 0xDA, 0x32, 0xE1, 0x9D,
  0x11, 0x1E, 0x2A, 0xB8, 0x3F, 0xF1, 0xF1, 0xDE, 0xE6, 0x5D,
  0xAF, 0xFD, 0x0B, 0xEC, 0x03, 0xCF, 0xE3, 0xFA, 0xAB, 0x0C,
  0x2A, 0xC5, 0x24, 0xD2, 0xCF, 0xFF, 0x17, 0x5E, 0xA7, 0xFA,
  0xD0, 0xB0, 0xFB, 0x00, 0x0D, 0xCE, 0x19, 0x49, 0x1B, 0x9E,
  0xCC, 0xF8, 0xA3, 0xC0, 0x1A, 0x37, 0x0E, 0xE9, 0xE7, 0x00,
  0x1A, 0x1F, 0x0D, 0x5C, 0x01, 0x05, 0xD4, 0x0E, 0x3E, 0x3F,
  0xC9, 0xF8, 0xEC, 0xEB, 0x2F, 0xE7, 0xE8, 0xF1, 0x3C, 0xE2,
  0x24, 0xB3, 0x1E, 0x0E, 0xE2, 0xAC, 0xF6, 0x3D, 0xAC, 0xF0,
  0xE7, 0x10, 0xCC, 0x09, 0x1A, 0x3C, 0xFE, 0x63, 0x1F, 0x28,
  0x01, 0xEE, 0xE2, 0x0B, 0xC1, 0xEB, 0x47, 0xF7, 0x12, 0xEA,
  0x0B, 0x16, 0x05, 0xD2, 0x1A, 0x14, 0xD7, 0x1A, 0x35, 0x17,
  0x16, 0x20, 0x33, 0x25, 0x12, 0x39, 0xEA, 0xD3, 0x3F, 0xD6,
  0xF0, 0xE4, 0xCA, 0x27, 0x1A, 0xDE, 0x18, 0x16, 0xB4, 0xD3,
  0x19, 0xEE, 0x04, 0x7F, 0x5A, 0xFD, 0x1C, 0x99, 0x0D, 0x2C,
  0xE1, 0xE3, 0xE7, 0xF8, 0xF8, 0x09, 0x19, 0xED, 0xC5, 0x24,
  0xEB, 0x15, 0xE4, 0x08, 0xD6, 0xF7, 0x19, 0xF0, 0x02, 0x08,
  0xF1, 0xE8, 0x00, 0xE5, 0xD3, 0x16, 0x21, 0x1E, 0xE8, 0xEF,
  0xDD, 0xF1, 0x1A, 0xEB, 0x28, 0x9F, 0xC7, 0xEA, 0x12, 0x2A,
  0xD1, 0x40, 0xEE, 0x09, 0x99, 0x39, 0xEB, 0x00, 0xFA, 0xD2,
  0xE9, 0xF0, 0x5D, 0xF7, 0x16, 0xFA, 0xDD, 0xDE, 0x15, 0x35,
  0x12, 0x3F, 0x15, 0xC3, 0x26, 0x01, 0x47, 0xEE, 0x28, 0x0B,
  0x02, 0xE9, 0x0D, 0xF8, 0xFC, 0x0F, 0xBB, 0xCC, 0x51, 0x19,
  0xFC, 0x02, 0x28, 0xC6, 0x49, 0x30, 0x03, 0xF8, 0x1F, 0xB7,
  0xF6, 0xD7, 0x3C, 0x0A, 0x16, 0xF5, 0x32, 0x37, 0xEF, 0x0E,
  0xEF, 0x27, 0xF7, 0x03, 0x1E, 0xE3, 0x18, 0x34, 0xFB, 0xA4,
  0x54, 0xD2, 0xF9, 0x1A, 0x2B, 0x0C, 0xD5, 0xE1, 0xFE, 0x04,
  0x13, 0xF3, 0x07, 0x86, 0x1E, 0x31, 0xD5, 0xF5, 0xAF, 0x12,
  0xAA, 0x2C, 0xE5, 0x1B, 0xE5, 0x00, 0x11, 0x38, 0xF1, 0xE9,
  0x3C, 0xE6, 0x06, 0xE8, 0xEC, 0xE1, 0xF9, 0x22, 0xCC, 0x0C,
  0x3E, 0x16, 0xBD, 0xDD, 0x1D, 0xBB, 0x34, 0x24, 0xF1, 0xF1,
  0xD3, 0x25, 0xD7, 0x1A, 0xEE, 0xF8, 0xFD, 0xF7, 0x3B, 0xF8,
  0xA7, 0xE6, 0x58, 0xFE, 0xCC, 0xFF, 0xF4, 0xEB, 0xD1, 0xFF,
  0x0C, 0x0F, 0x2D, 0xB0, 0xA9, 0xF3, 0x2C, 0x06, 0xC6, 0xE3,
  0xF0, 0x31, 0x0F, 0x33, 0x23, 0x02, 0x2C, 0xD0, 0x0D, 0xDA,
  0x36, 0xAE, 0xE2, 0x35, 0xFE, 0xFD, 0x49, 0x11, 0x24, 0x0F,
  0x4E, 0xF2, 0xEA, 0x0F, 0xE2, 0xE8, 0x2B, 0xEF, 0xCE, 0x9C,
  0xCE, 0xF0, 0x24, 0x08, 0x29, 0x30, 0xEB, 0xEF, 0x14, 0xF8,
  0x1D, 0xAA, 0x98, 0xB2, 0x1F, 0x22, 0x4F, 0xA7, 0x10, 0x37,
  0x01, 0xDB, 0x0E, 0x2D, 0x23, 0x19, 0x13, 0xF3, 0x1C, 0x18,
  0xD2, 0x97, 0x4F, 0x0B, 0xE5, 0xE0, 0xEA, 0x27, 0xEC, 0xDA,
  0x0C, 0xC9, 0xB8, 0x11, 0xD3, 0xC2, 0xE5, 0xF2, 0x3C, 0x1B,
  0x81, 0xFB, 0xF7, 0xF0, 0xF9, 0x41, 0x3B, 0x65, 0xF8, 0xC1,
  0xE2, 0xCA, 0xF3, 0xC9, 0xC4, 0x1E, 0x00, 0x13, 0x28, 0xBB,
  0x04, 0x02, 0xFD, 0xD2, 0x20, 0x0C, 0x18, 0xE8, 0x10, 0xE3,
  0xF2, 0x39, 0x0C, 0x33, 0xCB, 0x09, 0xD8, 0xDC, 0x40, 0x00,
  0xFC, 0x21, 0x09, 0x1F, 0xD8, 0xC2, 0xF0, 0x0E, 0xC1, 0x05,
  0x18, 0x17, 0x1A, 0xD6, 0x3E, 0x38, 0xF3, 0xF9, 0x3F, 0x12,
  0x05, 0x07, 0xF5, 0x25, 0xDA, 0x5D, 0xB5, 0xBE, 0xFB, 0x9E,
  0x45, 0xCF, 0x33, 0xC7, 0xE9, 0xB2, 0xDD, 0xCC, 0x21, 0x38,
  0x1C, 0xCD, 0xD7, 0x03, 0xEC, 0xBC, 0x4E, 0x0C, 0xE4, 0x13,
  0xF2, 0xA8, 0x3B, 0x78, 0x03, 0xCD, 0x11, 0x0D, 0xBA, 0xD3,
  0xE0, 0x61, 0x1F, 0xF4, 0x17, 0xD4, 0x3A, 0x16, 0xF8, 0x8E,
  0x16, 0x08, 0xAA, 0xEB, 0xF3, 0xEC, 0xB9, 0x23, 0xC0, 0xF9,
  0x06, 0xFB, 0xB5, 0x21, 0x2F, 0x7D, 0x3A, 0xC9, 0xFF, 0xFD,
  0x39, 0x9B, 0xF6, 0xF9, 0x0C, 0xD5, 0x67, 0x3F, 0x11, 0xA6,
  0xE3, 0xD7, 0x54, 0x0A, 0xF9, 0xCE, 0xF7, 0xD2, 0x31, 0x29,
  0xE7, 0x0F, 0x15, 0x2C, 0x62, 0x2A, 0x04, 0xEA, 0x9E, 0x62,
  0xFE, 0x1C, 0x08, 0xF7, 0xDB, 0xFC, 0x3F, 0xCA, 0xDC, 0x00,
  0xCF, 0xC3, 0x01, 0xF6, 0xE3, 0xFC, 0xE5, 0xF8, 0xED, 0x2E,
  0x0F, 0x0C, 0x1D, 0x09, 0x18, 0x08, 0x53, 0xEC, 0x0B, 0x43,
  0xEC, 0x29, 0x17, 0x5E, 0xE5, 0x81, 0xD7, 0xFD, 0x2B, 0x31,
  0x08, 0xDB, 0xC3, 0x0F, 0xEC, 0xE4, 0x15, 0x09, 0xFF, 0x1E,
  0xD2, 0x48, 0xFB, 0xE9, 0xC8, 0x0C, 0x28, 0x01, 0x2B, 0xF7,
  0x13, 0xFE, 0x13, 0xC5, 0xDC, 0x50, 0xBD, 0xE9, 0x1D, 0xFD,
  0x14, 0x08, 0xF9, 0x02, 0x09, 0xF2, 0xC0, 0xEB, 0xC1, 0x1F,
  0xF7, 0x04, 0xF0, 0x0A, 0xFE, 0xCF, 0xC9, 0xFA, 0x17, 0xEB,
  0xBD, 0x1C, 0xCA, 0xE8, 0xFA, 0xCD, 0xE0, 0x12, 0xD3, 0x09,
  0x1C, 0xD1, 0xF8, 0xCB, 0x24, 0xDC, 0x0C, 0xDB, 0xCC, 0xC6,
  0xAA, 0xDC, 0x33, 0xE2, 0x1C, 0xB4, 0xF5, 0xAB, 0xFB, 0xF3,
  0xF2, 0xBB, 0xED, 0x13, 0xE4, 0x06, 0xD7, 0xED, 0xE5, 0x04,
  0x05, 0x21, 0x07, 0xDA, 0xAE, 0x9B, 0xED, 0xD0, 0xDF, 0x20,
  0xAE, 0x10, 0xAD, 0x10, 0x3E, 0xE5, 0xF9, 0xC3, 0x3D, 0xC4,
  0x04, 0x03, 0xED, 0xDA, 0x16, 0xF6, 0xCC, 0xF6, 0xE9, 0x0A,
  0x0A, 0x1C, 0x1C, 0x17, 0x3A, 0x03, 0xFC, 0xEB, 0xC7, 0x1D,
  0xFB, 0x2F, 0xDB, 0xF7, 0xC6, 0x2A, 0x39, 0xD6, 0x04, 0x10,
  0x31, 0xCB, 0xF4, 0xE4, 0x1D, 0x28, 0xFA, 0x2B, 0x98, 0x3C,
  0xD7, 0xE9, 0x1A, 0x47, 0x30, 0xE9, 0xFD, 0xFB, 0x16, 0xEB,
  0x18, 0x25, 0xD7, 0x54, 0x1C, 0x10, 0x44, 0xE6, 0x3F, 0xDC,
  0x13, 0x0B, 0x35, 0x3D, 0xE5, 0xD7, 0x00, 0xFB, 0xEC, 0x2B,
  0x03, 0xE6, 0x1E, 0x0A, 0xF2, 0x81, 0x01, 0x22, 0x1D, 0xC4,
  0x20, 0x21, 0xFE, 0x37, 0x09, 0x00, 0xB7, 0x3A, 0x00, 0xF5,
  0xFC, 0xF5, 0xDC, 0xF0, 0x4A, 0x36, 0x21, 0xC9, 0xC4, 0x04,
  0x40, 0xF6, 0xDD, 0xD4, 0x27, 0x2B, 0x2D, 0xDA, 0x3C, 0xFB,
  0x19, 0xF1, 0xC5, 0x3D, 0x22, 0xCD, 0xF2, 0xEF, 0xD4, 0x43,
  0x2C, 0x09, 0xF7, 0x1A, 0x60, 0x14, 0xFC, 0xF6, 0xF9, 0xF7,
  0x06, 0x2E, 0x20, 0xEB, 0xDF, 0xD9, 0x07, 0x2D, 0x12, 0xDE,
  0x0E, 0x25, 0xF9, 0xFB, 0xE4, 0x1A, 0x58, 0xA9, 0x2C, 0xAB,
  0xE4, 0x02, 0x3B, 0xED, 0x31, 0x3A, 0x48, 0x43, 0xE3, 0xE7,
  0xE2, 0x52, 0xF8, 0xF0, 0x2B, 0xA8, 0x07, 0xFD, 0xBF, 0xD2,
  0x1C, 0xF8, 0xA6, 0x43, 0xC9, 0xC9, 0xF9, 0x8D, 0x1F, 0xC8,
  0xF7, 0xFD, 0xFE, 0xEE, 0xE2, 0xF5, 0x0C, 0x1F, 0x03, 0x4B,
  0x56, 0xE8, 0x37, 0x22, 0xD4, 0x2B, 0xCD, 0xED, 0xF8, 0x39,
  0xDE, 0xBE, 0x83, 0xD7, 0x11, 0x22, 0xB7, 0x0B, 0x4D, 0xCB,
  0x5A, 0x0E, 0xE8, 0xF9, 0x1E, 0x0C, 0xBE, 0x2B, 0x27, 0x19,
  0xF3, 0x2D, 0x3B, 0xE4, 0x3E, 0x9C, 0xDF, 0xFC, 0xCC, 0x11,
  0xDE, 0xFB, 0x07, 0x0F, 0xE4, 0xCA, 0x31, 0x3C, 0x1B, 0x22,
  0x31, 0x10, 0x20, 0x36, 0x10, 0xED, 0xD2, 0xBE, 0xEE, 0x14,
  0x17, 0xA0, 0x07, 0xCD, 0xC1, 0x04, 0xF5, 0xC0, 0x23, 0xEE,
  0x34, 0x02, 0xFB, 0xD3, 0x21, 0x1B, 0x21, 0xB8, 0x49, 0x48,
  0x03, 0x1E, 0xAC, 0x3A, 0x0C, 0x0B, 0x49, 0xFF, 0x9D, 0x98,
  0x11, 0xC2, 0xDA, 0xE7, 0xE5, 0xF2, 0x2F, 0x2A, 0xC4, 0xD4,
  0xE9, 0x19, 0xD4, 0x1C, 0xD8, 0xDF, 0x0C, 0xD1, 0xF9, 0xDA,
  0xF8, 0x2A, 0x0C, 0x0E, 0x34, 0xD7, 0x32, 0x1A, 0xE1, 0xF3,
  0xF1, 0x45, 0xBC, 0xEE, 0xFA, 0x33, 0x2A, 0xF4, 0x49, 0x6C,
  0x15, 0xE0, 0xFD, 0x32, 0x3E, 0x1E, 0xF1, 0xAD, 0xF8, 0x1E,
  0x07, 0xC2, 0xF2, 0x47, 0xEE, 0xFC, 0x06, 0x13, 0xB1, 0xFC,
  0x9E, 0x00, 0xB3, 0x27, 0xF0, 0xEF, 0x20, 0x6F, 0x7F, 0xE6,
  0x50, 0x23, 0xED, 0xB3, 0xCB, 0x09, 0x5E, 0xD9, 0xFD, 0x91,
  0x1A, 0x18, 0xF0, 0xF3, 0x26, 0x04, 0xF6, 0xC8, 0xC2, 0x2C,
  0xF1, 0xBD, 0xFB, 0xE1, 0xD0, 0x07, 0x67, 0xD9, 0x0F, 0x36,
  0x34, 0x38, 0xF9, 0x3B, 0xC8, 0x3E, 0xF4, 0xD7, 0xF4, 0xA2,
  0x0D, 0xDC, 0x0F, 0xBB, 0xF4, 0xE4, 0xDB, 0x1A, 0xDC, 0xE0,
  0xFC, 0xE8, 0xE7, 0xA1, 0x4D, 0xE4, 0xF9, 0xFF, 0x20, 0xF4,
  0x12, 0x14, 0x1C, 0x0E, 0x1B, 0xF5, 0x08, 0x05, 0x17, 0xC9,
  0x22, 0xC3, 0x27, 0xE0, 0xF7, 0xF3, 0x02, 0xA9, 0x06, 0x4F,
  0xA9, 0x96, 0x7D, 0xC8, 0x04, 0xFF, 0xE7, 0xA7, 0x04, 0x19,
  0xDA, 0x20, 0x29, 0x17, 0x39, 0xE2, 0x08, 0xDB, 0x1F, 0xCB,
  0xFF, 0xAF, 0x16, 0xDC, 0x06, 0x11, 0x25, 0xE9, 0x1A, 0x17,
  0x08, 0x2C, 0x04, 0x42, 0x3E, 0xBF, 0x23, 0x27, 0xC0, 0x39,
  0xDA, 0xC2, 0xA3, 0x1A, 0x3B, 0xE1, 0x35, 0x1B, 0x1F, 0x4C,
  0xFE, 0x96, 0xE1, 0x5A, 0x10, 0xE5, 0xD3, 0xC0, 0xE3, 0x01,
  0x55, 0xE7, 0x64, 0x50, 0x16, 0x05, 0xC9, 0xD8, 0x00, 0x3E,
  0x23, 0x2D, 0xBF, 0x9A, 0x38, 0xCF, 0xE5, 0x09, 0x04, 0x00,
  0x1E, 0xE2, 0xDB, 0x41, 0x45, 0x01, 0x20, 0x32, 0x20, 0xAE,
  0xB6, 0x19, 0x03, 0xC2, 0x11, 0x4D, 0xC5, 0xF0, 0x00, 0xB1,
  0xDB, 0x11, 0x12, 0x18, 0xFC, 0xE0, 0xF5, 0xF5, 0x06, 0x1E,
  0x1A, 0x16, 0xCD, 0xED, 0xDA, 0x38, 0x2A, 0xF3, 0x1B, 0x52,
  0xE8, 0x00, 0xB8, 0xEF, 0xDC, 0x65, 0x05, 0x36, 0xE1, 0xF6,
  0x1A, 0xCA, 0xC3, 0xE1, 0xD9, 0x2E, 0xD7, 0xDC, 0x0D, 0xFB,
  0x2D, 0x25, 0xCF, 0x47, 0xC6, 0xFF, 0x20, 0x24, 0x33, 0xD0,
  0x1D, 0x1E, 0xA1, 0xCE, 0x96, 0xEB, 0xC3, 0x43, 0xD1, 0x03,
  0x2B, 0xEB, 0xF5, 0xD6, 0xEA, 0xE6, 0xCE, 0xF6, 0x3F, 0x37,
  0x0E, 0x11, 0x57, 0xC7, 0x07, 0x53, 0xCC, 0x04, 0x1E, 0x47,
  0x53, 0x15, 0xE6, 0xE9, 0x13, 0xEC, 0x8E, 0xEB, 0xFC, 0x36,
  0xD2, 0x17, 0x30, 0xD4, 0xEF, 0x37, 0xFE, 0xD4, 0xF4, 0xD7,
  0x15, 0x3D, 0xE9, 0x07, 0x57, 0xA7, 0x05, 0x10, 0x96, 0x1B,
  0xE8, 0x5E, 0x1A, 0x12, 0xC4, 0x11, 0x32, 0x13, 0xB8, 0xDF,
  0x4D, 0x2B, 0x1B, 0x3B, 0x60, 0xB7, 0xEF, 0xD6, 0x09, 0x04,
  0xC4, 0xF0, 0xF9, 0x2F, 0xE0, 0x14, 0x0F, 0xD6, 0xFE, 0x15,
  0xBB, 0x26, 0xD1, 0xD7, 0xBB, 0xDE, 0x48, 0x41, 0x08, 0xBB,
  0x00, 0x0E, 0x4B, 0x48, 0xFE, 0x47, 0x7F, 0xC2, 0x0E, 0xF5,
  0x04, 0xF9, 0x9E, 0xDE, 0xC7, 0x4E, 0x1D, 0x0D, 0x43, 0xFA,
  0xE5, 0x4E, 0xBE, 0x1A, 0x01, 0x04, 0x04, 0x29, 0x6E, 0x10,
  0xED, 0xAD, 0x13, 0xFF, 0xDE, 0xC0, 0x3C, 0x2B, 0x1B, 0xB1,
  0xFB, 0x29, 0x3A, 0xB9, 0xE2, 0xEA, 0x01, 0x26, 0x19, 0xFF,
  0xFB, 0xEE, 0x0F, 0x0D, 0x38, 0x2E, 0xB0, 0x50, 0x9C, 0xAE,
  0x48, 0xD2, 0x0B, 0xFD, 0x28, 0xB7, 0x04, 0xDC, 0xEF, 0xFE,
  0xD3, 0x10, 0xAF, 0x2B, 0x1F, 0x2E, 0x06, 0xF2, 0x51, 0xA3,
  0x37, 0xF1, 0xBD, 0xFE, 0x59, 0xE1, 0xF3, 0xAD, 0xA4, 0x22,
  0x00, 0x55, 0xCD, 0x2F, 0xB2, 0xFC, 0xD6, 0x41, 0xDB, 0xB4,
  0xA9, 0xF5, 0x36, 0xFF, 0xE8, 0x13, 0xF0, 0xEA, 0x2E, 0xF4,
  0x0D, 0x66, 0xE1, 0x1D, 0x08, 0x0F, 0xF0, 0x21, 0x3E, 0xFF,
  0x1A, 0x3B, 0x02, 0x2F, 0xD5, 0x60, 0xAF, 0x2F, 0x9B, 0x39,
  0xC3, 0xE9, 0xE4, 0xF3, 0xD8, 0xDA, 0x30, 0xFE, 0xF2, 0xB6,
  0x9C, 0x0F, 0xD4, 0xFE, 0x20, 0xF5, 0x1C, 0x48, 0xCA, 0x35,
  0xFB, 0x04, 0x46, 0xFF, 0xEE, 0x66, 0xCD, 0x0D, 0x1A, 0x1E,
  0x9D, 0xDC, 0x09, 0xF1, 0x37, 0x4C, 0xFE, 0x0D, 0x14, 0x28,
  0x55, 0xDC, 0x70, 0xD7, 0xF1, 0xEC, 0x12, 0xE4, 0xFD, 0xE4,
  0xAE, 0xE2, 0x1B, 0xCA, 0x7F, 0x23, 0x2D, 0xD8, 0x18, 0xF8,
  0x1E, 0xEA, 0x01, 0x23, 0x12, 0xFB, 0x18, 0xDC, 0xD5, 0x2F,
  0xE3, 0xCB, 0x45, 0x56, 0x1E, 0xF5, 0xCA, 0xD5, 0x05, 0xCC,
  0xDC, 0x2A, 0xD5, 0x0A, 0xD9, 0xFE, 0xFF, 0xEE, 0x1A, 0xB2,
  0x32, 0xCA, 0xFE, 0x30, 0x76, 0x82, 0x0C, 0xC3, 0x35, 0x09,
  0xE1, 0x28, 0xF9, 0xFF, 0x1B, 0x3C, 0xDA, 0x1D, 0x35, 0xB5,
  0x2F, 0xC7, 0xF3, 0xFA, 0x36, 0xA1, 0x01, 0xA0, 0xED, 0xF0,
  0x07, 0xC0, 0xD7, 0x29, 0xEF, 0x1C, 0xFD, 0xC2, 0xF9, 0xDE,
  0x05, 0xF5, 0x12, 0xD8, 0x2A, 0x1D, 0xF1, 0xD9, 0xC9, 0x3C,
  0xFC, 0x27, 0xD1, 0xF8, 0x16, 0x12, 0xCD, 0xD0, 0x09, 0x12,
  0xC9, 0xF6, 0x11, 0x29, 0x3C, 0x25, 0x01, 0x1B, 0x05, 0x0C,
  0x1E, 0x00, 0xF1, 0xDB, 0xA8, 0x0D, 0xF3, 0xD2, 0xC0, 0xF3,
  0x2A, 0xAE, 0x0E, 0xE7, 0xF1, 0xEC, 0x17, 0x46, 0x19, 0x30,
  0x0E, 0xF1, 0xAD, 0xEC, 0xED, 0x14, 0xFB, 0x23, 0xBB, 0x98,
  0xFF, 0x0C, 0xE0, 0xDB, 0x15, 0xC7, 0x19, 0xEE, 0xB2, 0x20,
  0xCB, 0xB6, 0xAD, 0xD4, 0x2B, 0x23, 0x0D, 0x20, 0x11, 0x26,
  0x01, 0x44, 0xD0, 0xD5, 0x7B, 0x1E, 0x31, 0x31, 0x11, 0xFC,
  0xF7, 0x28, 0x11, 0x29, 0x0C, 0x38, 0x27, 0x14, 0xE0, 0x18,
  0x15, 0x04, 0x33, 0x9C, 0xE1, 0xEF, 0xD2, 0x56, 0x1C, 0x0D,
  0xF3, 0x38, 0x23, 0x07, 0x2A, 0x10, 0x0D, 0x0C, 0x0A, 0x17,
  0x08, 0x09, 0xDD, 0x22, 0x1E, 0xFC, 0x28, 0xDD, 0xDA, 0x2F,
  0x1A, 0xFB, 0xF8, 0x05, 0x13, 0xEE, 0xBD, 0x2E, 0x24, 0xC8,
  0xF3, 0xFF, 0x36, 0x34, 0x07, 0xF0, 0x1D, 0x30, 0x30, 0xD9,
  0xE1, 0xD6, 0x04, 0xC9, 0x17, 0xE0, 0xE5, 0x32, 0x40, 0xDA,
  0x29, 0xBE, 0xDB, 0x0F, 0x5D, 0x32, 0x2A, 0x37, 0xBE, 0xE0,
  0xD6, 0xCE, 0x1A, 0xD2, 0xCE, 0xBB, 0xE5, 0xA0, 0xF7, 0x3C,
  0x09, 0x12, 0x03, 0xDB, 0xBA, 0xEC, 0xF8, 0xD1, 0x51, 0xDA,
  0x1E, 0xA9, 0xE8, 0x0B, 0xC9, 0x20, 0x45, 0x17, 0x7F, 0xDC,
  0x08, 0x0B, 0x21, 0xFF, 0xBF, 0xF7, 0x00, 0x24, 0xF3, 0xF4,
  0xFC, 0xEC, 0x01, 0xED, 0xF7, 0xDA, 0x2F, 0x45, 0xED, 0x03,
  0xCE, 0xCC, 0xDD, 0x8D, 0xF0, 0x45, 0x05, 0xAF, 0x03, 0xE6,
  0xF0, 0xB7, 0xCB, 0x56, 0xFA, 0x0A, 0xDD, 0x43, 0xEE, 0x18,
  0xC1, 0x42, 0x03, 0x82, 0xF3, 0x79, 0x32, 0x1E, 0x0C, 0x59,
  0xBE, 0xE0, 0x32, 0xB7, 0x17, 0x3C, 0x09, 0x48, 0x4D, 0xF9,
  0x1A, 0xB3, 0xFC, 0xF0, 0x0E, 0x0B, 0x1B, 0x3F, 0xDC, 0xEA,
  0xD1, 0x12, 0xA7, 0x06, 0xE7, 0xFC, 0x00, 0xDD, 0xBE, 0xF0,
  0x14, 0xE0, 0xF8, 0x04, 0x0C, 0x13, 0xF0, 0xB3, 0x4B, 0xE6,
  0xEA, 0xE3, 0x2E, 0x09, 0x2B, 0xF7, 0x10, 0x27, 0xF8, 0xE5,
  0xF3, 0xCD, 0xFB, 0xC3, 0xE7, 0x9C, 0x1B, 0x5A, 0xB0, 0xFD,
  0xD5, 0xBE, 0x44, 0x14, 0xF0, 0xEF, 0xE9, 0x33, 0xD8, 0xCA,
  0x01, 0x0C, 0xAA, 0x2F, 0x24, 0x50, 0x39, 0x06, 0x75, 0xF2,
  0x2A, 0x0D, 0xF0, 0xF9, 0x3F, 0xD2, 0x05, 0x81, 0xF7, 0x00,
  0x94, 0x11, 0x0D, 0x9C, 0x4A, 0x2D, 0xDE, 0xEF, 0xF6, 0xB9,
  0xE0, 0xCD, 0xF1, 0x26, 0x44, 0xDF, 0x34, 0x04, 0x3D, 0xD6,
  0xED, 0xE4, 0xE5, 0x9E, 0xF2, 0xFE, 0x0F, 0x48, 0x0D, 0x56,
  0x41, 0x12, 0xDF, 0xF7, 0xBD, 0xDD, 0x22, 0x06, 0x23, 0xCB,
  0xC1, 0x87, 0xE6, 0xBE, 0xFE, 0x04, 0x14, 0xE0, 0x39, 0xE4,
  0x1E, 0xC2, 0x11, 0x8E, 0x10, 0x11, 0x3B, 0xFE, 0x10, 0x02,
  0x16, 0xE5, 0x17, 0x86, 0x30, 0x41, 0xEA, 0x38, 0xF9, 0x05,
  0x08, 0x01, 0xE3, 0xFF, 0x53, 0x20, 0xD9, 0x15, 0x00, 0xD0,
  0xC2, 0xF6, 0x38, 0xB1, 0x09, 0x0E, 0xCA, 0x5A, 0xE1, 0x25,
  0xE9, 0xC8, 0xC6, 0x4F, 0x21, 0x22, 0x2E, 0xA6, 0x04, 0xE3,
  0xFA, 0x04, 0xD7, 0x0E, 0xD6, 0x26, 0xF9, 0xF8, 0x09, 0x1D,
  0xD6, 0xD1, 0xE4, 0x1D, 0x3C, 0x41, 0xD1, 0x3F, 0x2B, 0x92,
  0x2B, 0x52, 0xD5, 0xF2, 0x08, 0x5A, 0xF4, 0x18, 0x23, 0x00,
  0xE4, 0x16, 0x31, 0xDE, 0x23, 0x0A, 0x18, 0xD3, 0x31, 0xFD,
  0x34, 0x1D, 0xDF, 0xDF, 0xFE, 0x29, 0x7F, 0x12, 0xF3, 0xFF,
  0xC5, 0x00, 0x3F, 0x2B, 0x05, 0xF7, 0xF0, 0xED, 0xC5, 0x04,
  0x11, 0xBC, 0xEB, 0xEB, 0x10, 0x00, 0x04, 0xEE, 0x22, 0x1C,
  0x13, 0x2C, 0x2E, 0x0C, 0xE2, 0xEC, 0xDD, 0x22, 0x35, 0xD0,
  0xD9, 0xDF, 0xD8, 0x11, 0xFE, 0xD9, 0xFF, 0xCD, 0x17, 0xF1,
  0x00, 0x09, 0xFC, 0xE2, 0x20, 0x1A, 0x1D, 0xDD, 0x0A, 0xD2,
  0x03, 0x4D, 0x06, 0x2D, 0xC0, 0x05, 0xF5, 0xF3, 0x0D, 0x52,
  0x5A, 0xE4, 0xED, 0x15, 0xF6, 0x1C, 0xF3, 0xFB, 0xE5, 0xD0,
  0x00, 0xF4, 0x2B, 0xDA, 0xD4, 0xEF, 0x23, 0x15, 0x02, 0x33,
  0x12, 0xF5, 0xF2, 0x1B, 0xF2, 0xFB, 0x3D, 0x18, 0xF0, 0xD2,
  0xED, 0x25, 0x16, 0x2E, 0x05, 0x15, 0xF8, 0xE8, 0x11, 0xFB,
  0xB4, 0xEB, 0xFF, 0x19, 0x25, 0x08, 0xCD, 0xC2, 0x17, 0xED,
  0x00, 0x17, 0xB5, 0xF1, 0xA7, 0x31, 0xCD, 0x1B, 0x38, 0x2E,
  0xDD, 0xD4, 0xF0, 0xDF, 0x1F, 0x0F, 0xEB, 0x2E, 0xF9, 0xD2,
  0x17, 0xCB, 0x03, 0x4F, 0x22, 0xEE, 0x48, 0xE4, 0xEA, 0x12,
  0xFD, 0x2E, 0xFB, 0xC7, 0xBC, 0xF8, 0xBE, 0x51, 0xF1, 0x1D,
  0xF4, 0x26, 0x18, 0x2F, 0x07, 0xE1, 0xFE, 0xC2, 0x1D, 0x5A,
  0x33, 0xD8, 0x17, 0xD8, 0xF3, 0x16, 0x09, 0xF4, 0xE3, 0xEB,
  0xE5, 0x07, 0xF7, 0x1A, 0xE7, 0xB4, 0xD6, 0x15, 0xD1, 0xF7,
  0x39, 0xF5, 0xF4, 0x15, 0xFD, 0xFE, 0x09, 0xCC, 0x03, 0xFC,
  0x44, 0x11, 0x21, 0xA3, 0x07, 0xF2, 0xCE, 0xF6, 0x0B, 0x00,
  0x78, 0xE4, 0xFF, 0xFF, 0x7C, 0xE4, 0xFF, 0xFF, 0xFA, 0xFB,
  0xFF, 0xFF, 0x04, 0x00, 0x00, 0x00, 0x80, 0x00, 0x00, 0x00,
  0x07, 0xF6, 0xFF, 0xFF, 0x60, 0xF2, 0xFF, 0xFF, 0x45, 0xF6,
  0xFF, 0xFF, 0x82, 0xF7, 0xFF, 0xFF, 0x33, 0xFC, 0xFF, 0xFF,
  0xDD, 0xF6, 0xFF, 0xFF, 0xAA, 0xEF, 0xFF, 0xFF, 0xD2, 0xF8,
  0xFF, 0xFF, 0x8E, 0xFD, 0xFF, 0xFF, 0x2F, 0xF1, 0xFF, 0xFF,
  0x9E, 0xF9, 0xFF, 0xFF, 0x5D, 0xED, 0xFF, 0xFF, 0xC8, 0xF8,
  0xFF, 0xFF, 0x82, 0xF5, 0xFF, 0xFF, 0x3F, 0xFB, 0xFF, 0xFF,
  0x17, 0xF4, 0xFF, 0xFF, 0x36, 0xF5, 0xFF, 0xFF, 0x4C, 0x00,
  0x00, 0x00, 0xFC, 0xF9, 0xFF, 0xFF, 0xCA, 0xFA, 0xFF, 0xFF,
  0xA3, 0xEB, 0xFF, 0xFF, 0x4E, 0xF2, 0xFF, 0xFF, 0xB8, 0xFD,
  0xFF, 0xFF, 0x29, 0xF0, 0xFF, 0xFF, 0xF2, 0x00, 0x00, 0x00,
  0x4A, 0xF3, 0xFF, 0xFF, 0xB3, 0xF3, 0xFF, 0xFF, 0xA4, 0xFA,
  0xFF, 0xFF, 0xA2, 0xFA, 0xFF, 0xFF, 0x5E, 0x01, 0x00, 0x00,
  0xFE, 0xF7, 0xFF, 0xFF, 0xCE, 0xF0, 0xFF, 0xFF, 0x86, 0xFC,
  0xFF, 0xFF, 0x04, 0x00, 0x00, 0x00, 0xA0, 0x02, 0x00, 0x00,
  0x35, 0xDA, 0xE1, 0x3E, 0xE7, 0x20, 0x16, 0xC1, 0x61, 0x2E,
  0x28, 0x7F, 0x17, 0x0A, 0x56, 0x98, 0x71, 0xCB, 0xCD, 0x1C,
  0x2B, 0x08, 0xFA, 0x44, 0x68, 0xE4, 0x2C, 0x03, 0xD8, 0x06,
  0x08, 0x52, 0x0A, 0xF7, 0x9C, 0xB8, 0x58, 0x67, 0x0B, 0x81,
  0xD8, 0x03, 0xBE, 0xF2, 0xE0, 0xD2, 0x0A, 0xDF, 0x7F, 0x1F,
  0xE6, 0x39, 0xFD, 0xFC, 0xE3, 0x30, 0xF7, 0xDE, 0xD4, 0x17,
  0xA1, 0xE8, 0x16, 0x31, 0xA7, 0x19, 0x1B, 0xEC, 0x1B, 0xEF,
  0x15, 0xFC, 0xED, 0xEB, 0xE2, 0xE0, 0x11, 0xF9, 0x06, 0x4A,
  0x2F, 0xD9, 0xB7, 0x7F, 0xD4, 0x7B, 0x3F, 0xF8, 0x43, 0x61,
  0xEA, 0x28, 0x3F, 0x46, 0x00, 0xF8, 0x56, 0x1E, 0x37, 0x23,
  0xBB, 0x7F, 0xDE, 0xEC, 0x24, 0x3E, 0xE9, 0x00, 0x0B, 0xE2,
  0xFA, 0xEB, 0xEB, 0xF4, 0xDB, 0xBE, 0x11, 0x0A, 0x28, 0x1A,
  0x18, 0x9C, 0xED, 0xD5, 0x7F, 0x10, 0x02, 0x54, 0x57, 0x29,
  0x17, 0x39, 0x22, 0xD3, 0x2D, 0x1C, 0x81, 0xE7, 0xF5, 0xCB,
  0xB2, 0xBD, 0x04, 0xD0, 0xE7, 0xFE, 0x3A, 0xEC, 0x43, 0x38,
  0xF6, 0xEB, 0x11, 0x35, 0x1C, 0x08, 0xF8, 0x7F, 0x19, 0xF1,
  0x49, 0xA1, 0x30, 0x2B, 0x10, 0x2E, 0x04, 0xF4, 0xF3, 0xE0,
  0x27, 0xD8, 0xD8, 0x12, 0xF0, 0xF2, 0xB0, 0x2B, 0x7F, 0xDC,
  0x18, 0xA8, 0x10, 0xFD, 0x01, 0x18, 0x01, 0x20, 0x14, 0x36,
  0x4F, 0xCB, 0x5E, 0x4A, 0xF4, 0x43, 0x38, 0x1C, 0x0A, 0xEC,
  0xD6, 0xF5, 0xEA, 0xAD, 0x40, 0xF5, 0x81, 0xE9, 0x62, 0x92,
  0xE3, 0x30, 0xF9, 0xC6, 0x2F, 0xE0, 0xD6, 0x29, 0x06, 0xD1,
  0x60, 0x29, 0xDD, 0x7F, 0x4C, 0xE3, 0x5D, 0xFE, 0xE0, 0x3D,
  0xEA, 0x0C, 0x98, 0xE4, 0xEB, 0xF7, 0xF6, 0x2C, 0xD6, 0x49,
  0x46, 0x93, 0x28, 0x3F, 0x81, 0x43, 0xB5, 0x70, 0x10, 0xC3,
  0x6E, 0xF2, 0x3E, 0x51, 0x4E, 0xF9, 0xFC, 0x34, 0xD3, 0xD3,
  0x34, 0xE0, 0xE0, 0x1F, 0x52, 0xCC, 0xF8, 0x7F, 0x00, 0xF8,
  0x23, 0x64, 0xFF, 0xF6, 0xC9, 0x1E, 0x08, 0xF6, 0xF0, 0xC2,
  0x7F, 0xDA, 0xF0, 0x1C, 0xE3, 0xFB, 0x97, 0xD4, 0x71, 0x5E,
  0x47, 0xC7, 0x2E, 0x3D, 0xE0, 0x13, 0xA9, 0x00, 0x30, 0xB6,
  0xB6, 0xDE, 0xB2, 0x0B, 0x1E, 0xCE, 0x4D, 0xC8, 0xD5, 0x09,
  0xDF, 0x38, 0x26, 0x18, 0x7F, 0x2D, 0xF8, 0x0F, 0x0A, 0x22,
  0x0E, 0x02, 0x28, 0x27, 0x11, 0x44, 0x18, 0xC1, 0x81, 0xDD,
  0xF5, 0x4B, 0xFF, 0xD6, 0xF7, 0xD5, 0xD9, 0xF6, 0xFB, 0x02,
  0x11, 0xDE, 0xD6, 0x38, 0x14, 0xC8, 0xDF, 0x81, 0xFC, 0x1C,
  0xDD, 0x18, 0x2C, 0xDE, 0xE0, 0x0A, 0xFE, 0xAA, 0x46, 0x7F,
  0x04, 0x02, 0x38, 0x35, 0xE4, 0x25, 0xEF, 0xF3, 0x09, 0xDE,
  0x10, 0xC7, 0x16, 0xEC, 0xAD, 0x39, 0xD8, 0xAE, 0xF7, 0x3C,
  0x07, 0xF2, 0x1C, 0xFE, 0x18, 0xFD, 0xFA, 0x2E, 0xE3, 0x09,
  0x20, 0xCE, 0x0D, 0xFA, 0x2B, 0xCE, 0xC9, 0x7F, 0xCC, 0xB6,
  0x1E, 0xD0, 0xB6, 0x65, 0xCF, 0xA1, 0x61, 0x17, 0x57, 0x6B,
  0x17, 0xB2, 0x81, 0x2D, 0x68, 0x53, 0xF4, 0x59, 0x2A, 0x1E,
  0x8E, 0xD5, 0xEA, 0x7F, 0x01, 0x16, 0xCD, 0x3F, 0xFD, 0x2B,
  0x1D, 0xEF, 0xF9, 0x38, 0xE5, 0xE0, 0xFA, 0xFE, 0x3C, 0xB4,
  0xF7, 0x12, 0xC7, 0xFD, 0xD7, 0x1C, 0x5C, 0x1C, 0x49, 0x1E,
  0x5B, 0xD5, 0xD4, 0xF7, 0x40, 0xB4, 0x7F, 0xE8, 0xFA, 0x0D,
  0x52, 0x05, 0x7A, 0x7B, 0xCE, 0xAA, 0x3C, 0xE9, 0xB3, 0xD0,
  0x61, 0xEC, 0x81, 0xF1, 0x26, 0x29, 0x0B, 0x12, 0x3D, 0x1E,
  0x0A, 0xA2, 0x20, 0xAE, 0x63, 0x18, 0xC8, 0x59, 0xEB, 0xC7,
  0x63, 0xF8, 0x19, 0x2D, 0xD9, 0xE5, 0xD2, 0x04, 0x15, 0xB7,
  0x1A, 0xE8, 0x81, 0xD3, 0x43, 0xD5, 0x45, 0x20, 0xC2, 0x0A,
  0x13, 0x3C, 0x20, 0x1F, 0xD2, 0xED, 0xE2, 0x0D, 0xF3, 0xF0,
  0x2F, 0xE9, 0x97, 0x7F, 0xB9, 0xE0, 0xF7, 0x22, 0xD5, 0x17,
  0x23, 0xF0, 0xFC, 0x2E, 0xEB, 0x16, 0xD8, 0x0E, 0xE9, 0xA9,
  0x35, 0xFE, 0x81, 0x08, 0x39, 0xB4, 0xFE, 0xCD, 0x27, 0x81,
  0xBA, 0x05, 0x15, 0x0E, 0x32, 0x21, 0x00, 0x1C, 0xFA, 0x6A,
  0xDB, 0x04, 0x18, 0xF8, 0x30, 0xF6, 0x0F, 0xF3, 0xF1, 0x36,
  0x10, 0xD3, 0xBA, 0xE7, 0x56, 0xDC, 0x62, 0x66, 0x48, 0x42,
  0xC5, 0x7F, 0xA9, 0xCB, 0x50, 0x10, 0xE8, 0xB9, 0x11, 0x42,
  0x1A, 0x4E, 0x36, 0xCC, 0x46, 0x3D, 0xB5, 0x3D, 0x00, 0x8D,
  0x9F, 0x1F, 0x30, 0x21, 0x0D, 0x7F, 0x24, 0x57, 0xBB, 0xB9,
  0xF4, 0xA6, 0xE5, 0x81, 0xC2, 0xC7, 0xB1, 0x26, 0x16, 0x36,
  0x35, 0xCE, 0x48, 0xEC, 0x51, 0x29, 0x29, 0x5C, 0x1C, 0x29,
  0x0A, 0xE1, 0x01, 0x2A, 0x6A, 0xE7, 0x32, 0x7F, 0xEA, 0x27,
  0x59, 0x0A, 0x05, 0x14, 0x44, 0xC0, 0xEF, 0xEC, 0xDA, 0x45,
  0x17, 0x38, 0x59, 0xEE, 0xFA, 0x43, 0xFC, 0xB9, 0x43, 0xE9,
  0xFB, 0x01, 0x15, 0x2A, 0xFD, 0x25, 0x7B, 0x81, 0x97, 0xBF,
  0xD5, 0xC7, 0xB8, 0xE7, 0xFF, 0xFF, 0x36, 0xFF, 0xFF, 0xFF,
  0x04, 0x00, 0x00, 0x00, 0x10, 0x00, 0x00, 0x00, 0x01, 0x00,
  0x00, 0x00, 0x32, 0x00, 0x00, 0x00, 0x01, 0x00, 0x00, 0x00,
  0x03, 0x00, 0x00, 0x00, 0x52, 0xFF, 0xFF, 0xFF, 0x04, 0x00,
  0x00, 0x00, 0x08, 0x00, 0x00, 0x00, 0x01, 0x00, 0x00, 0x00,
  0x02, 0x00, 0x00, 0x00, 0xEC, 0xE7, 0xFF, 0xFF, 0xF0, 0xE7,
  0xFF, 0xFF, 0x0F, 0x00, 0x00, 0x00, 0x4D, 0x4C, 0x49, 0x52,
  0x20, 0x43, 0x6F, 0x6E, 0x76, 0x65, 0x72, 0x74, 0x65, 0x64,
  0x2E, 0x00, 0x01, 0x00, 0x00, 0x00, 0x14, 0x00, 0x00, 0x00,
  0x00, 0x00, 0x0E, 0x00, 0x18, 0x00, 0x14, 0x00, 0x10, 0x00,
  0x0C, 0x00, 0x08, 0x00, 0x04, 0x00, 0x0E, 0x00, 0x00, 0x00,
  0x14, 0x00, 0x00, 0x00, 0x1C, 0x00, 0x00, 0x00, 0x84, 0x02,
  0x00, 0x00, 0x88, 0x02, 0x00, 0x00, 0x8C, 0x02, 0x00, 0x00,
  0x04, 0x00, 0x00, 0x00, 0x6D, 0x61, 0x69, 0x6E, 0x00, 0x00,
  0x00, 0x00, 0x09, 0x00, 0x00, 0x00, 0x48, 0x02, 0x00, 0x00,
  0xEC, 0x01, 0x00, 0x00, 0x88, 0x01, 0x00, 0x00, 0x34, 0x01,
  0x00, 0x00, 0xF0, 0x00, 0x00, 0x00, 0xBC, 0x00, 0x00, 0x00,
  0x78, 0x00, 0x00, 0x00, 0x40, 0x00, 0x00, 0x00, 0x04, 0x00,
  0x00, 0x00, 0xA2, 0xFE, 0xFF, 0xFF, 0x1C, 0x00, 0x00, 0x00,
  0x00, 0x00, 0x00, 0x09, 0x1C, 0x00, 0x00, 0x00, 0x20, 0x00,
  0x00, 0x00, 0x05, 0x00, 0x00, 0x00, 0x00, 0x00, 0x06, 0x00,
  0x08, 0x00, 0x04, 0x00, 0x06, 0x00, 0x00, 0x00, 0x00, 0x00,
  0x80, 0x3F, 0x01, 0x00, 0x00, 0x00, 0x13, 0x00, 0x00, 0x00,
  0x01, 0x00, 0x00, 0x00, 0x12, 0x00, 0x00, 0x00, 0x7A, 0xFE,
  0xFF, 0xFF, 0x14, 0x00, 0x00, 0x00, 0x00, 0x00, 0x00, 0x08,
  0x10, 0x00, 0x00, 0x00, 0x14, 0x00, 0x00, 0x00, 0x04, 0x00,
  0x00, 0x00, 0xBC, 0xE8, 0xFF, 0xFF, 0x01, 0x00, 0x00, 0x00,
  0x12, 0x00, 0x00, 0x00, 0x03, 0x00, 0x00, 0x00, 0x0F, 0x00,
  0x00, 0x00, 0x10, 0x00, 0x00, 0x00, 0x11, 0x00, 0x00, 0x00,
  0x0E, 0xFF, 0xFF, 0xFF, 0x1C, 0x00, 0x00, 0x00, 0x00, 0x00,
  0x00, 0x08, 0x1C, 0x00, 0x00, 0x00, 0x20, 0x00, 0x00, 0x00,
  0x04, 0x00, 0x00, 0x00, 0x00, 0x00, 0x06, 0x00, 0x08, 0x00,
  0x07, 0x00, 0x06, 0x00, 0x00, 0x00, 0x00, 0x00, 0x00, 0x01,
  0x01, 0x00, 0x00, 0x00, 0x0F, 0x00, 0x00, 0x00, 0x03, 0x00,
  0x00, 0x00, 0x0C, 0x00, 0x00, 0x00, 0x0D, 0x00, 0x00, 0x00,
  0x0E, 0x00, 0x00, 0x00, 0xEE, 0xFE, 0xFF, 0xFF, 0x14, 0x00,
  0x00, 0x00, 0x00, 0x00, 0x00, 0x1B, 0x10, 0x00, 0x00, 0x00,
  0x14, 0x00, 0x00, 0x00, 0x03, 0x00, 0x00, 0x00, 0x30, 0xE9,
  0xFF, 0xFF, 0x01, 0x00, 0x00, 0x00, 0x0C, 0x00, 0x00, 0x00,
  0x02, 0x00, 0x00, 0x00, 0x0B, 0x00, 0x00, 0x00, 0x01, 0x00,
  0x00, 0x00, 0x1E, 0xFF, 0xFF, 0xFF, 0x14, 0x00, 0x00, 0x00,
  0x00, 0x00, 0x00, 0x05, 0x24, 0x00, 0x00, 0x00, 0x28, 0x00,
  0x00, 0x00, 0x02, 0x00, 0x00, 0x00, 0x6E, 0xFF, 0xFF, 0xFF,
  0x02, 0x00, 0x00, 0x00, 0x01, 0x00, 0x00, 0x00, 0x02, 0x00,
  0x00, 0x00, 0x01, 0x00, 0x00, 0x00, 0x00, 0x00, 0x00, 0x01,
  0x01, 0x00, 0x00, 0x00, 0x0B, 0x00, 0x00, 0x00, 0x01, 0x00,
  0x00, 0x00, 0x0A, 0x00, 0x00, 0x00, 0x5E, 0xFF, 0xFF, 0xFF,
  0x14, 0x00, 0x00, 0x00, 0x00, 0x00, 0x00, 0x01, 0x1C, 0x00,
  0x00, 0x00, 0x20, 0x00, 0x00, 0x00, 0x01, 0x00, 0x00, 0x00,
  0x50, 0xFF, 0xFF, 0xFF, 0x00, 0x00, 0x00, 0x01, 0x01, 0x00,
  0x00, 0x00, 0x01, 0x00, 0x00, 0x00, 0x01, 0x00, 0x00, 0x00,
  0x0A, 0x00, 0x00, 0x00, 0x03, 0x00, 0x00, 0x00, 0x07, 0x00,
  0x00, 0x00, 0x08, 0x00, 0x00, 0x00, 0x09, 0x00, 0x00, 0x00,
  0x00, 0x00, 0x0E, 0x00, 0x1A, 0x00, 0x14, 0x00, 0x10, 0x00,
  0x0C, 0x00, 0x0B, 0x00, 0x04, 0x00, 0x0E, 0x00, 0x00, 0x00,
  0x24, 0x00, 0x00, 0x00, 0x00, 0x00, 0x00, 0x05, 0x34, 0x00,
  0x00, 0x00, 0x38, 0x00, 0x00, 0x00, 0x02, 0x00, 0x00, 0x00,
  0x00, 0x00, 0x0E, 0x00, 0x18, 0x00, 0x17, 0x00, 0x10, 0x00,
  0x0C, 0x00, 0x08, 0x00, 0x04, 0x00, 0x0E, 0x00, 0x00, 0x00,
  0x02, 0x00, 0x00, 0x00, 0x01, 0x00, 0x00, 0x00, 0x02, 0x00,
  0x00, 0x00, 0x01, 0x00, 0x00, 0x00, 0x00, 0x00, 0x00, 0x01,
  0x01, 0x00, 0x00, 0x00, 0x07, 0x00, 0x00, 0x00, 0x01, 0x00,
  0x00, 0x00, 0x06, 0x00, 0x00, 0x00, 0x00, 0x00, 0x0E, 0x00,
  0x18, 0x00, 0x14, 0x00, 0x10, 0x00, 0x0C, 0x00, 0x0B, 0x00,
  0x04, 0x00, 0x0E, 0x00, 0x00, 0x00, 0x20, 0x00, 0x00, 0x00,
  0x00, 0x00, 0x00, 0x01, 0x28, 0x00, 0x00, 0x00, 0x2C, 0x00,
  0x00, 0x00, 0x01, 0x00, 0x00, 0x00, 0x0C, 0x00, 0x10, 0x00,
  0x00, 0x00, 0x0C, 0x00, 0x08, 0x00, 0x07, 0x00, 0x0C, 0x00,
  0x00, 0x00, 0x00, 0x00, 0x00, 0x01, 0x01, 0x00, 0x00, 0x00,
  0x01, 0x00, 0x00, 0x00, 0x01, 0x00, 0x00, 0x00, 0x06, 0x00,
  0x00, 0x00, 0x03, 0x00, 0x00, 0x00, 0x03, 0x00, 0x00, 0x00,
  0x04, 0x00, 0x00, 0x00, 0x05, 0x00, 0x00, 0x00, 0x00, 0x00,
  0x0A, 0x00, 0x0C, 0x00, 0x00, 0x00, 0x08, 0x00, 0x04, 0x00,
  0x0A, 0x00, 0x00, 0x00, 0x08, 0x00, 0x00, 0x00, 0x0C, 0x00,
  0x00, 0x00, 0x01, 0x00, 0x00, 0x00, 0x03, 0x00, 0x00, 0x00,
  0x02, 0x00, 0x00, 0x00, 0x00, 0x00, 0x00, 0x00, 0x02, 0x00,
  0x00, 0x00, 0x01, 0x00, 0x00, 0x00, 0x13, 0x00, 0x00, 0x00,
  0x01, 0x00, 0x00, 0x00, 0x00, 0x00, 0x00, 0x00, 0x14, 0x00,
  0x00, 0x00, 0xA4, 0x15, 0x00, 0x00, 0x1C, 0x15, 0x00, 0x00,
  0xB0, 0x14, 0x00, 0x00, 0xCC, 0x13, 0x00, 0x00, 0x78, 0x11,
  0x00, 0x00, 0x7C, 0x0F, 0x00, 0x00, 0x90, 0x0E, 0x00, 0x00,
  0x04, 0x0E, 0x00, 0x00, 0x30, 0x0A, 0x00, 0x00, 0xB4, 0x06,
  0x00, 0x00, 0xC8, 0x05, 0x00, 0x00, 0x3C, 0x05, 0x00, 0x00,
  0xC0, 0x04, 0x00, 0x00, 0xF4, 0x03, 0x00, 0x00, 0x68, 0x03,
  0x00, 0x00, 0x94, 0x02, 0x00, 0x00, 0xC0, 0x01, 0x00, 0x00,
  0x2C, 0x01, 0x00, 0x00, 0x70, 0x00, 0x00, 0x00, 0x04, 0x00,
  0x00, 0x00, 0xC2, 0xEA, 0xFF, 0xFF, 0x00, 0x00, 0x00, 0x01,
  0x14, 0x00, 0x00, 0x00, 0x30, 0x00, 0x00, 0x00, 0x14, 0x00,
  0x00, 0x00, 0x00, 0x00, 0x00, 0x09, 0x44, 0x00, 0x00, 0x00,
  0xAC, 0xEA, 0xFF, 0xFF, 0x08, 0x00, 0x00, 0x00, 0x10, 0x00,
  0x00, 0x00, 0x01, 0x00, 0x00, 0x00, 0x80, 0xFF, 0xFF, 0xFF,
  0xFF, 0xFF, 0xFF, 0xFF, 0x01, 0x00, 0x00, 0x00, 0x00, 0x00,
  0x80, 0x3B, 0x19, 0x00, 0x00, 0x00, 0x53, 0x74, 0x61, 0x74,
  0x65, 0x66, 0x75, 0x6C, 0x50, 0x61, 0x72, 0x74, 0x69, 0x74,
  0x69, 0x6F, 0x6E, 0x65, 0x64, 0x43, 0x61, 0x6C, 0x6C, 0x3A,
  0x30, 0x00, 0x00, 0x00, 0x02, 0x00, 0x00, 0x00, 0x01, 0x00,
  0x00, 0x00, 0x06, 0x00, 0x00, 0x00, 0x2A, 0xEB, 0xFF, 0xFF,
  0x00, 0x00, 0x00, 0x01, 0x14, 0x00, 0x00, 0x00, 0x34, 0x00,
  0x00, 0x00, 0x13, 0x00, 0x00, 0x00, 0x00, 0x00, 0x00, 0x09,
  0x94, 0x00, 0x00, 0x00, 0x14, 0xEB, 0xFF, 0xFF, 0x08, 0x00,
  0x00, 0x00, 0x14, 0x00, 0x00, 0x00, 0x01, 0x00, 0x00, 0x00,
  0x29, 0x00, 0x00, 0x00, 0x00, 0x00, 0x00, 0x00, 0x00, 0x00,
  0x00, 0x00, 0x01, 0x00, 0x00, 0x00, 0x98, 0xCC, 0xAF, 0x3E,
  0x64, 0x00, 0x00, 0x00, 0x64, 0x61, 0x67, 0x68, 0x65, 0x72,
  0x6F, 0x5F, 0x63, 0x6E, 0x6E, 0x5F, 0x32, 0x6C, 0x61, 0x79,
  0x65, 0x72, 0x5F, 0x63, 0x6F, 0x6E, 0x76, 0x32, 0x64, 0x2F,
  0x71, 0x75, 0x61, 0x6E, 0x74, 0x5F, 0x63, 0x6C, 0x61, 0x73,
  0x73, 0x69, 0x66, 0x69, 0x65, 0x72, 0x2F, 0x4D, 0x61, 0x74,
  0x4D, 0x75, 0x6C, 0x3B, 0x64, 0x61, 0x67, 0x68, 0x65, 0x72,
  0x6F, 0x5F, 0x63, 0x6E, 0x6E, 0x5F, 0x32, 0x6C, 0x61, 0x79,
  0x65, 0x72, 0x5F, 0x63, 0x6F, 0x6E, 0x76, 0x32, 0x64, 0x2F,
  0x71, 0x75, 0x61, 0x6E, 0x74, 0x5F, 0x63, 0x6C, 0x61, 0x73,
  0x73, 0x69, 0x66, 0x69, 0x65, 0x72, 0x2F, 0x42, 0x69, 0x61,
  0x73, 0x41, 0x64, 0x64, 0x00, 0x00, 0x00, 0x00, 0x02, 0x00,
  0x00, 0x00, 0x01, 0x00, 0x00, 0x00, 0x06, 0x00, 0x00, 0x00,
  0xE2, 0xEB, 0xFF, 0xFF, 0x00, 0x00, 0x00, 0x01, 0x14, 0x00,
  0x00, 0x00, 0x34, 0x00, 0x00, 0x00, 0x12, 0x00, 0x00, 0x00,
  0x00, 0x00, 0x00, 0x02, 0x70, 0x00, 0x00, 0x00, 0xCC, 0xEB,
  0xFF, 0xFF, 0x08, 0x00, 0x00, 0x00, 0x14, 0x00, 0x00, 0x00,
  0x01, 0x00, 0x00, 0x00, 0x00, 0x00, 0x00, 0x00, 0x00, 0x00,
  0x00, 0x00, 0x00, 0x00, 0x00, 0x00, 0x01, 0x00, 0x00, 0x00,
  0xBC, 0x80, 0xD4, 0x3A, 0x41, 0x00, 0x00, 0x00, 0x64, 0x61,
  0x67, 0x68, 0x65, 0x72, 0x6F, 0x5F, 0x63, 0x6E, 0x6E, 0x5F,
  0x32, 0x6C, 0x61, 0x79, 0x65, 0x72, 0x5F, 0x63, 0x6F, 0x6E,
  0x76, 0x32, 0x64, 0x2F, 0x71, 0x75, 0x61, 0x6E, 0x74, 0x5F,
  0x63, 0x6C, 0x61, 0x73, 0x73, 0x69, 0x66, 0x69, 0x65, 0x72,
  0x2F, 0x42, 0x69, 0x61, 0x73, 0x41, 0x64, 0x64, 0x2F, 0x52,
  0x65, 0x61, 0x64, 0x56, 0x61, 0x72, 0x69, 0x61, 0x62, 0x6C,
  0x65, 0x4F, 0x70, 0x00, 0x00, 0x00, 0x01, 0x00, 0x00, 0x00,
  0x06, 0x00, 0x00, 0x00, 0x72, 0xEC, 0xFF, 0xFF, 0x00, 0x00,
  0x00, 0x01, 0x14, 0x00, 0x00, 0x00, 0x30, 0x00, 0x00, 0x00,
  0x11, 0x00, 0x00, 0x00, 0x00, 0x00, 0x00, 0x09, 0xAC, 0x00,
  0x00, 0x00, 0x5C, 0xEC, 0xFF, 0xFF, 0x08, 0x00, 0x00, 0x00,
  0x10, 0x00, 0x00, 0x00, 0x01, 0x00, 0x00, 0x00, 0x00, 0x00,
  0x00, 0x00, 0x00, 0x00, 0x00, 0x00, 0x01, 0x00, 0x00, 0x00,
  0xB7, 0x8B, 0xFB, 0x3C, 0x83, 0x00, 0x00, 0x00, 0x64, 0x61,
  0x67, 0x68, 0x65, 0x72, 0x6F, 0x5F, 0x63, 0x6E, 0x6E, 0x5F,
  0x32, 0x6C, 0x61, 0x79, 0x65, 0x72, 0x5F, 0x63, 0x6F, 0x6E,
  0x76, 0x32, 0x64, 0x2F, 0x71, 0x75, 0x61, 0x6E, 0x74, 0x5F,
  0x63, 0x6C, 0x61, 0x73, 0x73, 0x69, 0x66, 0x69, 0x65, 0x72,
  0x2F, 0x4D, 0x61, 0x74, 0x4D, 0x75, 0x6C, 0x3B, 0x64, 0x61,
  0x67, 0x68, 0x65, 0x72, 0x6F, 0x5F, 0x63, 0x6E, 0x6E, 0x5F,
  0x32, 0x6C, 0x61, 0x79, 0x65, 0x72, 0x5F, 0x63, 0x6F, 0x6E,
  0x76, 0x32, 0x64, 0x2F, 0x71, 0x75, 0x61, 0x6E, 0x74, 0x5F,
  0x63, 0x6C, 0x61, 0x73, 0x73, 0x69, 0x66, 0x69, 0x65, 0x72,
  0x2F, 0x4C, 0x61, 0x73, 0x74, 0x56, 0x61, 0x6C, 0x75, 0x65,
  0x51, 0x75, 0x61, 0x6E, 0x74, 0x2F, 0x46, 0x61, 0x6B, 0x65,
  0x51, 0x75, 0x61, 0x6E, 0x74, 0x57, 0x69, 0x74, 0x68, 0x4D,
  0x69, 0x6E, 0x4D, 0x61, 0x78, 0x56, 0x61, 0x72, 0x73, 0x00,
  0x02, 0x00, 0x00, 0x00, 0x06, 0x00, 0x00, 0x00, 0x40, 0x00,
  0x00, 0x00, 0x42, 0xED, 0xFF, 0xFF, 0x00, 0x00, 0x00, 0x01,
  0x14, 0x00, 0x00, 0x00, 0x34, 0x00, 0x00, 0x00, 0x10, 0x00,
  0x00, 0x00, 0x00, 0x00, 0x00, 0x09, 0xAC, 0x00, 0x00, 0x00,
  0x2C, 0xED, 0xFF, 0xFF, 0x08, 0x00, 0x00, 0x00, 0x14, 0x00,
  0x00, 0x00, 0x01, 0x00, 0x00, 0x00, 0x83, 0xFF, 0xFF, 0xFF,
  0xFF, 0xFF, 0xFF, 0xFF, 0x00, 0x00, 0x00, 0x00, 0x01, 0x00,
  0x00, 0x00, 0x08, 0x44, 0x58, 0x3D, 0x7F, 0x00, 0x00, 0x00,
  0x64, 0x61, 0x67, 0x68, 0x65, 0x72, 0x6F, 0x5F, 0x63, 0x6E,
  0x6E, 0x5F, 0x32, 0x6C, 0x61, 0x79, 0x65, 0x72, 0x5F, 0x63,
  0x6F, 0x6E, 0x76, 0x32, 0x64, 0x2F, 0x71, 0x75, 0x61, 0x6E,
  0x74, 0x5F, 0x66, 0x63, 0x31, 0x2F, 0x4D, 0x61, 0x74, 0x4D,
  0x75, 0x6C, 0x3B, 0x64, 0x61, 0x67, 0x68, 0x65, 0x72, 0x6F,
  0x5F, 0x63, 0x6E, 0x6E, 0x5F, 0x32, 0x6C, 0x61, 0x79, 0x65,
  0x72, 0x5F, 0x63, 0x6F, 0x6E, 0x76, 0x32, 0x64, 0x2F, 0x71,
  0x75, 0x61, 0x6E, 0x74, 0x5F, 0x66, 0x63, 0x31, 0x2F, 0x52,
  0x65, 0x6C, 0x75, 0x3B, 0x64, 0x61, 0x67, 0x68, 0x65, 0x72,
  0x6F, 0x5F, 0x63, 0x6E, 0x6E, 0x5F, 0x32, 0x6C, 0x61, 0x79,
  0x65, 0x72, 0x5F, 0x63, 0x6F, 0x6E, 0x76, 0x32, 0x64, 0x2F,
  0x71, 0x75, 0x61, 0x6E, 0x74, 0x5F, 0x66, 0x63, 0x31, 0x2F,
  0x42, 0x69, 0x61, 0x73, 0x41, 0x64, 0x64, 0x00, 0x02, 0x00,
  0x00, 0x00, 0x01, 0x00, 0x00, 0x00, 0x40, 0x00, 0x00, 0x00,
  0x12, 0xEE, 0xFF, 0xFF, 0x00, 0x00, 0x00, 0x01, 0x14, 0x00,
  0x00, 0x00, 0x34, 0x00, 0x00, 0x00, 0x0F, 0x00, 0x00, 0x00,
  0x00, 0x00, 0x00, 0x02, 0x68, 0x00, 0x00, 0x00, 0xFC, 0xED,
  0xFF, 0xFF, 0x08, 0x00, 0x00, 0x00, 0x14, 0x00, 0x00, 0x00,
  0x01, 0x00, 0x00, 0x00, 0x00, 0x00, 0x00, 0x00, 0x00, 0x00,
  0x00, 0x00, 0x00, 0x00, 0x00, 0x00, 0x01, 0x00, 0x00, 0x00,
  0xE6, 0x81, 0x23, 0x39, 0x3A, 0x00, 0x00, 0x00, 0x64, 0x61,
  0x67, 0x68, 0x65, 0x72, 0x6F, 0x5F, 0x63, 0x6E, 0x6E, 0x5F,
  0x32, 0x6C, 0x61, 0x79, 0x65, 0x72, 0x5F, 0x63, 0x6F, 0x6E,
  0x76, 0x32, 0x64, 0x2F, 0x71, 0x75, 0x61, 0x6E, 0x74, 0x5F,
  0x66, 0x63, 0x31, 0x2F, 0x42, 0x69, 0x61, 0x73, 0x41, 0x64,
  0x64, 0x2F, 0x52, 0x65, 0x61, 0x64, 0x56, 0x61, 0x72, 0x69,
  0x61, 0x62, 0x6C, 0x65, 0x4F, 0x70, 0x00, 0x00, 0x01, 0x00,
  0x00, 0x00, 0x40, 0x00, 0x00, 0x00, 0x9A, 0xEE, 0xFF, 0xFF,
  0x00, 0x00, 0x00, 0x01, 0x14, 0x00, 0x00, 0x00, 0x34, 0x00,
  0x00, 0x00, 0x0E, 0x00, 0x00, 0x00, 0x00, 0x00, 0x00, 0x09,
  0xA4, 0x00, 0x00, 0x00, 0x84, 0xEE, 0xFF, 0xFF, 0x08, 0x00,
  0x00, 0x00, 0x14, 0x00, 0x00, 0x00, 0x01, 0x00, 0x00, 0x00,
  0x00, 0x00, 0x00, 0x00, 0x00, 0x00, 0x00, 0x00, 0x00, 0x00,
  0x00, 0x00, 0x01, 0x00, 0x00, 0x00, 0xF6, 0x79, 0x47, 0x3C,
  0x75, 0x00, 0x00, 0x00, 0x64, 0x61, 0x67, 0x68, 0x65, 0x72,
  0x6F, 0x5F, 0x63, 0x6E, 0x6E, 0x5F, 0x32, 0x6C, 0x61, 0x79,
  0x65, 0x72, 0x5F, 0x63, 0x6F, 0x6E, 0x76, 0x32, 0x64, 0x2F,
  0x71, 0x75, 0x61, 0x6E, 0x74, 0x5F, 0x66, 0x63, 0x31, 0x2F,
  0x4D, 0x61, 0x74, 0x4D, 0x75, 0x6C, 0x3B, 0x64, 0x61, 0x67,
  0x68, 0x65, 0x72, 0x6F, 0x5F, 0x63, 0x6E, 0x6E, 0x5F, 0x32,
  0x6C, 0x61, 0x79, 0x65, 0x72, 0x5F, 0x63, 0x6F, 0x6E, 0x76,
  0x32, 0x64, 0x2F, 0x71, 0x75, 0x61, 0x6E, 0x74, 0x5F, 0x66,
  0x63, 0x31, 0x2F, 0x4C, 0x61, 0x73, 0x74, 0x56, 0x61, 0x6C,
  0x75, 0x65, 0x51, 0x75, 0x61, 0x6E, 0x74, 0x2F, 0x46, 0x61,
  0x6B, 0x65, 0x51, 0x75, 0x61, 0x6E, 0x74, 0x57, 0x69, 0x74,
  0x68, 0x4D, 0x69, 0x6E, 0x4D, 0x61, 0x78, 0x56, 0x61, 0x72,
  0x73, 0x00, 0x00, 0x00, 0x02, 0x00, 0x00, 0x00, 0x40, 0x00,
  0x00, 0x00, 0x40, 0x00, 0x00, 0x00, 0x62, 0xEF, 0xFF, 0xFF,
  0x00, 0x00, 0x00, 0x01, 0x14, 0x00, 0x00, 0x00, 0x30, 0x00,
  0x00, 0x00, 0x0D, 0x00, 0x00, 0x00, 0x00, 0x00, 0x00, 0x09,
  0x54, 0x00, 0x00, 0x00, 0x4C, 0xEF, 0xFF, 0xFF, 0x08, 0x00,
  0x00, 0x00, 0x10, 0x00, 0x00, 0x00, 0x01, 0x00, 0x00, 0x00,
  0x8E, 0xFF, 0xFF, 0xFF, 0xFF, 0xFF, 0xFF, 0xFF, 0x01, 0x00,
  0x00, 0x00, 0xBF, 0xD6, 0x51, 0x3C, 0x28, 0x00, 0x00, 0x00,
  0x64, 0x61, 0x67, 0x68, 0x65, 0x72, 0x6F, 0x5F, 0x63, 0x6E,
  0x6E, 0x5F, 0x32, 0x6C, 0x61, 0x79, 0x65, 0x72, 0x5F, 0x63,
  0x6F, 0x6E, 0x76, 0x32, 0x64, 0x2F, 0x71, 0x75, 0x61, 0x6E,
  0x74, 0x5F, 0x67, 0x61, 0x70, 0x2F, 0x4D, 0x65, 0x61, 0x6E,
  0x00, 0x00, 0x00, 0x00, 0x02, 0x00, 0x00, 0x00, 0x01, 0x00,
  0x00, 0x00, 0x40, 0x00, 0x00, 0x00, 0xDA, 0xEF, 0xFF, 0xFF,
  0x00, 0x00, 0x00, 0x01, 0x14, 0x00, 0x00, 0x00, 0x34, 0x00,
  0x00, 0x00, 0x0C, 0x00, 0x00, 0x00, 0x00, 0x00, 0x00, 0x09,
  0x5C, 0x00, 0x00, 0x00, 0xC4, 0xEF, 0xFF, 0xFF, 0x08, 0x00,
  0x00, 0x00, 0x14, 0x00, 0x00, 0x00, 0x01, 0x00, 0x00, 0x00,
  0x86, 0xFF, 0xFF, 0xFF, 0xFF, 0xFF, 0xFF, 0xFF, 0x00, 0x00,
  0x00, 0x00, 0x01, 0x00, 0x00, 0x00, 0xDE, 0x0C, 0xE1, 0x3C,
  0x2D, 0x00, 0x00, 0x00, 0x64, 0x61, 0x67, 0x68, 0x65, 0x72,
  0x6F, 0x5F, 0x63, 0x6E, 0x6E, 0x5F, 0x32, 0x6C, 0x61, 0x79,
  0x65, 0x72, 0x5F, 0x63, 0x6F, 0x6E, 0x76, 0x32, 0x64, 0x2F,
  0x71, 0x75, 0x61, 0x6E, 0x74, 0x5F, 0x70, 0x6F, 0x6F, 0x6C,
  0x32, 0x2F, 0x4D, 0x61, 0x78, 0x50, 0x6F, 0x6F, 0x6C, 0x00,
  0x00, 0x00, 0x04, 0x00, 0x00, 0x00, 0x01, 0x00, 0x00, 0x00,
  0x0C, 0x00, 0x00, 0x00, 0x01, 0x00, 0x00, 0x00, 0x40, 0x00,
  0x00, 0x00, 0x62, 0xF0, 0xFF, 0xFF, 0x00, 0x00, 0x00, 0x01,
  0x14, 0x00, 0x00, 0x00, 0x34, 0x00, 0x00, 0x00, 0x0B, 0x00,
  0x00, 0x00, 0x00, 0x00, 0x00, 0x09, 0xBC, 0x00, 0x00, 0x00,
  0x4C, 0xF0, 0xFF, 0xFF, 0x08, 0x00, 0x00, 0x00, 0x14, 0x00,
  0x00, 0x00, 0x01, 0x00, 0x00, 0x00, 0x86, 0xFF, 0xFF, 0xFF,
  0xFF, 0xFF, 0xFF, 0xFF, 0x00, 0x00, 0x00, 0x00, 0x01, 0x00,
  0x00, 0x00, 0xDE, 0x0C, 0xE1, 0x3C, 0x8C, 0x00, 0x00, 0x00,
  0x64, 0x61, 0x67, 0x68, 0x65, 0x72, 0x6F, 0x5F, 0x63, 0x6E,
  0x6E, 0x5F, 0x32, 0x6C, 0x61, 0x79, 0x65, 0x72, 0x5F, 0x63,
  0x6F, 0x6E, 0x76, 0x32, 0x64, 0x2F, 0x71, 0x75, 0x61, 0x6E,
  0x74, 0x5F, 0x72, 0x65, 0x6C, 0x75, 0x32, 0x2F, 0x52, 0x65,
  0x6C, 0x75, 0x3B, 0x64, 0x61, 0x67, 0x68, 0x65, 0x72, 0x6F,
  0x5F, 0x63, 0x6E, 0x6E, 0x5F, 0x32, 0x6C, 0x61, 0x79, 0x65,
  0x72, 0x5F, 0x63, 0x6F, 0x6E, 0x76, 0x32, 0x64, 0x2F, 0x71,
  0x75, 0x61, 0x6E, 0x74, 0x5F, 0x62, 0x6E, 0x32, 0x2F, 0x46,
  0x75, 0x73, 0x65, 0x64, 0x42, 0x61, 0x74, 0x63, 0x68, 0x4E,
  0x6F, 0x72, 0x6D, 0x56, 0x33, 0x3B, 0x64, 0x61, 0x67, 0x68,
  0x65, 0x72, 0x6F, 0x5F, 0x63, 0x6E, 0x6E, 0x5F, 0x32, 0x6C,
  0x61, 0x79, 0x65, 0x72, 0x5F, 0x63, 0x6F, 0x6E, 0x76, 0x32,
  0x64, 0x2F, 0x71, 0x75, 0x61, 0x6E, 0x74, 0x5F, 0x63, 0x6F,
  0x6E, 0x76, 0x32, 0x2F, 0x43, 0x6F, 0x6E, 0x76, 0x32, 0x44,
  0x00, 0x00, 0x00, 0x00, 0x04, 0x00, 0x00, 0x00, 0x01, 0x00,
  0x00, 0x00, 0x19, 0x00, 0x00, 0x00, 0x01, 0x00, 0x00, 0x00,
  0x40, 0x00, 0x00, 0x00, 0x4A, 0xF1, 0xFF, 0xFF, 0x00, 0x00,
  0x00, 0x01, 0x14, 0x00, 0x00, 0x00, 0x28, 0x03, 0x00, 0x00,
  0x0A, 0x00, 0x00, 0x00, 0x00, 0x00, 0x00, 0x02, 0x58, 0x03,
  0x00, 0x00, 0x34, 0xF1, 0xFF, 0xFF, 0x08, 0x00, 0x00, 0x00,
  0x0C, 0x02, 0x00, 0x00, 0x40, 0x00, 0x00, 0x00, 0x00, 0x00,
  0x00, 0x00, 0x00, 0x00, 0x00, 0x00, 0x00, 0x00, 0x00, 0x00,
  0x00, 0x00, 0x00, 0x00, 0x00, 0x00, 0x00, 0x00, 0x00, 0x00,
  0x00, 0x00, 0x00, 0x00, 0x00, 0x00, 0x00, 0x00, 0x00, 0x00,
  0x00, 0x00, 0x00, 0x00, 0x00, 0x00, 0x00, 0x00, 0x00, 0x00,
  0x00, 0x00, 0x00, 0x00, 0x00, 0x00, 0x00, 0x00, 0x00, 0x00,
  0x00, 0x00, 0x00, 0x00, 0x00, 0x00, 0x00, 0x00, 0x00, 0x00,
  0x00, 0x00, 0x00, 0x00, 0x00, 0x00, 0x00, 0x00, 0x00, 0x00,
  0x00, 0x00, 0x00, 0x00, 0x00, 0x00, 0x00, 0x00, 0x00, 0x00,
  0x00, 0x00, 0x00, 0x00, 0x00, 0x00, 0x00, 0x00, 0x00, 0x00,
  0x00, 0x00, 0x00, 0x00, 0x00, 0x00, 0x00, 0x00, 0x00, 0x00,
  0x00, 0x00, 0x00, 0x00, 0x00, 0x00, 0x00, 0x00, 0x00, 0x00,
  0x00, 0x00, 0x00, 0x00, 0x00, 0x00, 0x00, 0x00, 0x00, 0x00,
  0x00, 0x00, 0x00, 0x00, 0x00, 0x00, 0x00, 0x00, 0x00, 0x00,
  0x00, 0x00, 0x00, 0x00, 0x00, 0x00, 0x00, 0x00, 0x00, 0x00,
  0x00, 0x00, 0x00, 0x00, 0x00, 0x00, 0x00, 0x00, 0x00, 0x00,
  0x00, 0x00, 0x00, 0x00, 0x00, 0x00, 0x00, 0x00, 0x00, 0x00,
  0x00, 0x00, 0x00, 0x00, 0x00, 0x00, 0x00, 0x00, 0x00, 0x00,
  0x00, 0x00, 0x00, 0x00, 0x00, 0x00, 0x00, 0x00, 0x00, 0x00,
  0x00, 0x00, 0x00, 0x00, 0x00, 0x00, 0x00, 0x00, 0x00, 0x00,
  0x00, 0x00, 0x00, 0x00, 0x00, 0x00, 0x00, 0x00, 0x00, 0x00,
  0x00, 0x00, 0x00, 0x00, 0x00, 0x00, 0x00, 0x00, 0x00, 0x00,
  0x00, 0x00, 0x00, 0x00, 0x00, 0x00, 0x00, 0x00, 0x00, 0x00,
  0x00, 0x00, 0x00, 0x00, 0x00, 0x00, 0x00, 0x00, 0x00, 0x00,
  0x00, 0x00, 0x00, 0x00, 0x00, 0x00, 0x00, 0x00, 0x00, 0x00,
  0x00, 0x00, 0x00, 0x00, 0x00, 0x00, 0x00, 0x00, 0x00, 0x00,
  0x00, 0x00, 0x00, 0x00, 0x00, 0x00, 0x00, 0x00, 0x00, 0x00,
  0x00, 0x00, 0x00, 0x00, 0x00, 0x00, 0x00, 0x00, 0x00, 0x00,
  0x00, 0x00, 0x00, 0x00, 0x00, 0x00, 0x00, 0x00, 0x00, 0x00,
  0x00, 0x00, 0x00, 0x00, 0x00, 0x00, 0x00, 0x00, 0x00, 0x00,
  0x00, 0x00, 0x00, 0x00, 0x00, 0x00, 0x00, 0x00, 0x00, 0x00,
  0x00, 0x00, 0x00, 0x00, 0x00, 0x00, 0x00, 0x00, 0x00, 0x00,
  0x00, 0x00, 0x00, 0x00, 0x00, 0x00, 0x00, 0x00, 0x00, 0x00,
  0x00, 0x00, 0x00, 0x00, 0x00, 0x00, 0x00, 0x00, 0x00, 0x00,
  0x00, 0x00, 0x00, 0x00, 0x00, 0x00, 0x00, 0x00, 0x00, 0x00,
  0x00, 0x00, 0x00, 0x00, 0x00, 0x00, 0x00, 0x00, 0x00, 0x00,
  0x00, 0x00, 0x00, 0x00, 0x00, 0x00, 0x00, 0x00, 0x00, 0x00,
  0x00, 0x00, 0x00, 0x00, 0x00, 0x00, 0x00, 0x00, 0x00, 0x00,
  0x00, 0x00, 0x00, 0x00, 0x00, 0x00, 0x00, 0x00, 0x00, 0x00,
  0x00, 0x00, 0x00, 0x00, 0x00, 0x00, 0x00, 0x00, 0x00, 0x00,
  0x00, 0x00, 0x00, 0x00, 0x00, 0x00, 0x00, 0x00, 0x00, 0x00,
  0x00, 0x00, 0x00, 0x00, 0x00, 0x00, 0x00, 0x00, 0x00, 0x00,
  0x00, 0x00, 0x00, 0x00, 0x00, 0x00, 0x00, 0x00, 0x00, 0x00,
  0x00, 0x00, 0x00, 0x00, 0x00, 0x00, 0x00, 0x00, 0x00, 0x00,
  0x00, 0x00, 0x00, 0x00, 0x00, 0x00, 0x00, 0x00, 0x00, 0x00,
  0x00, 0x00, 0x00, 0x00, 0x00, 0x00, 0x00, 0x00, 0x00, 0x00,
  0x00, 0x00, 0x00, 0x00, 0x00, 0x00, 0x00, 0x00, 0x00, 0x00,
  0x00, 0x00, 0x00, 0x00, 0x00, 0x00, 0x00, 0x00, 0x00, 0x00,
  0x00, 0x00, 0x00, 0x00, 0x00, 0x00, 0x00, 0x00, 0x00, 0x00,
  0x00, 0x00, 0x00, 0x00, 0x00, 0x00, 0x00, 0x00, 0x00, 0x00,
  0x00, 0x00, 0x00, 0x00, 0x00, 0x00, 0x00, 0x00, 0x00, 0x00,
  0x00, 0x00, 0x00, 0x00, 0x00, 0x00, 0x00, 0x00, 0x00, 0x00,
  0x00, 0x00, 0x00, 0x00, 0x40, 0x00, 0x00, 0x00, 0x0A, 0x52,
  0x98, 0x38, 0xF1, 0x3F, 0xC4, 0x38, 0xED, 0x03, 0xC1, 0x38,
  0x70, 0x34, 0xAB, 0x38, 0xF7, 0x67, 0xCB, 0x38, 0x37, 0x82,
  0xBC, 0x38, 0x15, 0x36, 0xAE, 0x38, 0x6B, 0xA1, 0x83, 0x38,
  0xED, 0x74, 0xCA, 0x38, 0xCC, 0xE2, 0x95, 0x38, 0x26, 0x8A,
  0xE4, 0x38, 0x92, 0x02, 0x7A, 0x38, 0xF7, 0x9D, 0x8C, 0x38,
  0xA1, 0x57, 0x84, 0x38, 0x57, 0x4F, 0x99, 0x38, 0x77, 0xED,
  0xC7, 0x38, 0x06, 0x89, 0xA1, 0x38, 0x0A, 0x3C, 0x9F, 0x38,
  0xC1, 0x0B, 0xB1, 0x38, 0x40, 0x2F, 0x88, 0x38, 0x57, 0x3A,
  0xB1, 0x38, 0x75, 0x76, 0xAC, 0x38, 0x72, 0x83, 0xB3, 0x38,
  0xC6, 0x28, 0xBC, 0x38, 0xAC, 0xFB, 0xDD, 0x38, 0xC2, 0x6C,
  0x9C, 0x38, 0xA0, 0x09, 0xC1, 0x38, 0x97, 0x4F, 0x9F, 0x38,
  0x6A, 0x7A, 0xB4, 0x38, 0x2F, 0xE5, 0x6E, 0x38, 0xCE, 0x13,
  0xCC, 0x38, 0xDA, 0x64, 0x9A, 0x38, 0x18, 0x97, 0xFC, 0x38,
  0x66, 0xA0, 0xC7, 0x38, 0x89, 0xA8, 0xB1, 0x38, 0xF0, 0x87,
  0x00, 0x39, 0x26, 0x36, 0x89, 0x38, 0x75, 0xC8, 0xA0, 0x38,
  0x15, 0x49, 0xC7, 0x38, 0x81, 0xA6, 0xD8, 0x38, 0x1A, 0x0A,
  0xF8, 0x38, 0x00, 0x8D, 0xBB, 0x38, 0xA4, 0x46, 0xAF, 0x38,
  0xF0, 0x80, 0xA6, 0x38, 0x32, 0x5E, 0x92, 0x38, 0x4C, 0xD4,
  0xBC, 0x38, 0x2B, 0xA0, 0xA7, 0x38, 0x27, 0xBD, 0xB3, 0x38,
  0x65, 0xD3, 0xB8, 0x38, 0xE0, 0xA0, 0x8B, 0x38, 0x86, 0x3B,
  0xD5, 0x38, 0x57, 0xFB, 0xD2, 0x38, 0xB7, 0xE0, 0xC8, 0x38,
  0x4F, 0xDE, 0xA5, 0x38, 0x6A, 0xA1, 0xB6, 0x38, 0x75, 0x5C,
  0x8F, 0x38, 0xF6, 0x4B, 0x93, 0x38, 0x8D, 0x39, 0xC6, 0x38,
  0x64, 0xFA, 0xB9, 0x38, 0x86, 0x13, 0xAF, 0x38, 0xD2, 0x92,
  0xA0, 0x38, 0x3C, 0x85, 0x92, 0x38, 0x1A, 0x47, 0xA4, 0x38,
  0x1E, 0xC1, 0xC5, 0x38, 0x34, 0x00, 0x00, 0x00, 0x64, 0x61,
  0x67, 0x68, 0x65, 0x72, 0x6F, 0x5F, 0x63, 0x6E, 0x6E, 0x5F,
  0x32, 0x6C, 0x61, 0x79, 0x65, 0x72, 0x5F, 0x63, 0x6F, 0x6E,
  0x76, 0x32, 0x64, 0x2F, 0x71, 0x75, 0x61, 0x6E, 0x74, 0x5F,
  0x62, 0x6E, 0x32, 0x2F, 0x46, 0x75, 0x73, 0x65, 0x64, 0x42,
  0x61, 0x74, 0x63, 0x68, 0x4E, 0x6F, 0x72, 0x6D, 0x56, 0x33,
  0x00, 0x00, 0x00, 0x00, 0x01, 0x00, 0x00, 0x00, 0x40, 0x00,
  0x00, 0x00, 0xC2, 0xF4, 0xFF, 0xFF, 0x00, 0x00, 0x00, 0x01,
  0x14, 0x00, 0x00, 0x00, 0x28, 0x03, 0x00, 0x00, 0x09, 0x00,
  0x00, 0x00, 0x00, 0x00, 0x00, 0x09, 0xA4, 0x03, 0x00, 0x00,
  0xAC, 0xF4, 0xFF, 0xFF, 0x08, 0x00, 0x00, 0x00, 0x0C, 0x02,
  0x00, 0x00, 0x40, 0x00, 0x00, 0x00, 0x00, 0x00, 0x00, 0x00,
  0x00, 0x00, 0x00, 0x00, 0x00, 0x00, 0x00, 0x00, 0x00, 0x00,
  0x00, 0x00, 0x00, 0x00, 0x00, 0x00, 0x00, 0x00, 0x00, 0x00,
  0x00, 0x00, 0x00, 0x00, 0x00, 0x00, 0x00, 0x00, 0x00, 0x00,
  0x00, 0x00, 0x00, 0x00, 0x00, 0x00, 0x00, 0x00, 0x00, 0x00,
  0x00, 0x00, 0x00, 0x00, 0x00, 0x00, 0x00, 0x00, 0x00, 0x00,
  0x00, 0x00, 0x00, 0x00, 0x00, 0x00, 0x00, 0x00, 0x00, 0x00,
  0x00, 0x00, 0x00, 0x00, 0x00, 0x00, 0x00, 0x00, 0x00, 0x00,
  0x00, 0x00, 0x00, 0x00, 0x00, 0x00, 0x00, 0x00, 0x00, 0x00,
  0x00, 0x00, 0x00, 0x00, 0x00, 0x00, 0x00, 0x00, 0x00, 0x00,
  0x00, 0x00, 0x00, 0x00, 0x00, 0x00, 0x00, 0x00, 0x00, 0x00,
  0x00, 0x00, 0x00, 0x00, 0x00, 0x00, 0x00, 0x00, 0x00, 0x00,
  0x00, 0x00, 0x00, 0x00, 0x00, 0x00, 0x00, 0x00, 0x00, 0x00,
  0x00, 0x00, 0x00, 0x00, 0x00, 0x00, 0x00, 0x00, 0x00, 0x00,
  0x00, 0x00, 0x00, 0x00, 0x00, 0x00, 0x00, 0x00, 0x00, 0x00,
  0x00, 0x00, 0x00, 0x00, 0x00, 0x00, 0x00, 0x00, 0x00, 0x00,
  0x00, 0x00, 0x00, 0x00, 0x00, 0x00, 0x00, 0x00, 0x00, 0x00,
  0x00, 0x00, 0x00, 0x00, 0x00, 0x00, 0x00, 0x00, 0x00, 0x00,
  0x00, 0x00, 0x00, 0x00, 0x00, 0x00, 0x00, 0x00, 0x00, 0x00,
  0x00, 0x00, 0x00, 0x00, 0x00, 0x00, 0x00, 0x00, 0x00, 0x00,
  0x00, 0x00, 0x00, 0x00, 0x00, 0x00, 0x00, 0x00, 0x00, 0x00,
  0x00, 0x00, 0x00, 0x00, 0x00, 0x00, 0x00, 0x00, 0x00, 0x00,
  0x00, 0x00, 0x00, 0x00, 0x00, 0x00, 0x00, 0x00, 0x00, 0x00,
  0x00, 0x00, 0x00, 0x00, 0x00, 0x00, 0x00, 0x00, 0x00, 0x00,
  0x00, 0x00, 0x00, 0x00, 0x00, 0x00, 0x00, 0x00, 0x00, 0x00,
  0x00, 0x00, 0x00, 0x00, 0x00, 0x00, 0x00, 0x00, 0x00, 0x00,
  0x00, 0x00, 0x00, 0x00, 0x00, 0x00, 0x00, 0x00, 0x00, 0x00,
  0x00, 0x00, 0x00, 0x00, 0x00, 0x00, 0x00, 0x00, 0x00, 0x00,
  0x00, 0x00, 0x00, 0x00, 0x00, 0x00, 0x00, 0x00, 0x00, 0x00,
  0x00, 0x00, 0x00, 0x00, 0x00, 0x00, 0x00, 0x00, 0x00, 0x00,
  0x00, 0x00, 0x00, 0x00, 0x00, 0x00, 0x00, 0x00, 0x00, 0x00,
  0x00, 0x00, 0x00, 0x00, 0x00, 0x00, 0x00, 0x00, 0x00, 0x00,
  0x00, 0x00, 0x00, 0x00, 0x00, 0x00, 0x00, 0x00, 0x00, 0x00,
  0x00, 0x00, 0x00, 0x00, 0x00, 0x00, 0x00, 0x00, 0x00, 0x00,
  0x00, 0x00, 0x00, 0x00, 0x00, 0x00, 0x00, 0x00, 0x00, 0x00,
  0x00, 0x00, 0x00, 0x00, 0x00, 0x00, 0x00, 0x00, 0x00, 0x00,
  0x00, 0x00, 0x00, 0x00, 0x00, 0x00, 0x00, 0x00, 0x00, 0x00,
  0x00, 0x00, 0x00, 0x00, 0x00, 0x00, 0x00, 0x00, 0x00, 0x00,
  0x00, 0x00, 0x00, 0x00, 0x00, 0x00, 0x00, 0x00, 0x00, 0x00,
  0x00, 0x00, 0x00, 0x00, 0x00, 0x00, 0x00, 0x00, 0x00, 0x00,
  0x00, 0x00, 0x00, 0x00, 0x00, 0x00, 0x00, 0x00, 0x00, 0x00,
  0x00, 0x00, 0x00, 0x00, 0x00, 0x00, 0x00, 0x00, 0x00, 0x00,
  0x00, 0x00, 0x00, 0x00, 0x00, 0x00, 0x00, 0x00, 0x00, 0x00,
  0x00, 0x00, 0x00, 0x00, 0x00, 0x00, 0x00, 0x00, 0x00, 0x00,
  0x00, 0x00, 0x00, 0x00, 0x00, 0x00, 0x00, 0x00, 0x00, 0x00,
  0x00, 0x00, 0x00, 0x00, 0x00, 0x00, 0x00, 0x00, 0x00, 0x00,
  0x00, 0x00, 0x00, 0x00, 0x00, 0x00, 0x00, 0x00, 0x00, 0x00,
  0x00, 0x00, 0x00, 0x00, 0x00, 0x00, 0x00, 0x00, 0x00, 0x00,
  0x00, 0x00, 0x00, 0x00, 0x00, 0x00, 0x00, 0x00, 0x00, 0x00,
  0x00, 0x00, 0x00, 0x00, 0x00, 0x00, 0x00, 0x00, 0x00, 0x00,
  0x00, 0x00, 0x00, 0x00, 0x00, 0x00, 0x00, 0x00, 0x00, 0x00,
  0x00, 0x00, 0x00, 0x00, 0x00, 0x00, 0x00, 0x00, 0x00, 0x00,
  0x00, 0x00, 0x40, 0x00, 0x00, 0x00, 0xF1, 0x68, 0x55, 0x3B,
  0x8F, 0x7A, 0x89, 0x3B, 0x82, 0x36, 0x87, 0x3B, 0x39, 0xDE,
  0x6F, 0x3B, 0xF2, 0x7D, 0x8E, 0x3B, 0x4D, 0x0E, 0x84, 0x3B,
  0x8A, 0x14, 0x74, 0x3B, 0x11, 0x6C, 0x38, 0x3B, 0xB0, 0xD3,
  0x8D, 0x3B, 0xBE, 0xFF, 0x51, 0x3B, 0x47, 0x19, 0xA0, 0x3B,
  0xAF, 0x23, 0x2F, 0x3B, 0x44, 0x03, 0x45, 0x3B, 0x5B, 0x6B,
  0x39, 0x3B, 0xD5, 0xCB, 0x56, 0x3B, 0x1F, 0x0E, 0x8C, 0x3B,
  0x04, 0x52, 0x62, 0x3B, 0xD1, 0x18, 0x5F, 0x3B, 0x3F, 0x0D,
  0x78, 0x3B, 0x77, 0xCD, 0x3E, 0x3B, 0x84, 0x4E, 0x78, 0x3B,
  0x64, 0xA1, 0x71, 0x3B, 0x48, 0x82, 0x7B, 0x3B, 0xA5, 0xCF,
  0x83, 0x3B, 0x75, 0x81, 0x9B, 0x3B, 0x10, 0x29, 0x5B, 0x3B,
  0x80, 0x3A, 0x87, 0x3B, 0x36, 0x34, 0x5F, 0x3B, 0x4E, 0xDC,
  0x7C, 0x3B, 0x68, 0x5A, 0x27, 0x3B, 0x53, 0xF6, 0x8E, 0x3B,
  0xA4, 0x50, 0x58, 0x3B, 0x67, 0xF2, 0xB0, 0x3B, 0x22, 0xD8,
  0x8B, 0x3B, 0xE8, 0xE8, 0x78, 0x3B, 0x5B, 0x14, 0xB4, 0x3B,
  0xCD, 0x3D, 0x40, 0x3B, 0x39, 0x44, 0x61, 0x3B, 0xF8, 0x9A,
  0x8B, 0x3B, 0x1E, 0xC5, 0x97, 0x3B, 0x4A, 0xC2, 0xAD, 0x3B,
  0x85, 0x62, 0x83, 0x3B, 0x69, 0x92, 0x75, 0x3B, 0x0B, 0x48,
  0x69, 0x3B, 0xF3, 0x11, 0x4D, 0x3B, 0xCD, 0x47, 0x84, 0x3B,
  0x79, 0xDA, 0x6A, 0x3B, 0x22, 0xD3, 0x7B, 0x3B, 0xD3, 0x79,
  0x81, 0x3B, 0xAC, 0xA0, 0x43, 0x3B, 0x2B, 0x60, 0x95, 0x3B,
  0x88, 0xCC, 0x93, 0x3B, 0x87, 0xB8, 0x8C, 0x3B, 0x31, 0x64,
  0x68, 0x3B, 0x49, 0xE0, 0x7F, 0x3B, 0x80, 0xDB, 0x48, 0x3B,
  0x13, 0x5F, 0x4E, 0x3B, 0xC1, 0xDC, 0x8A, 0x3B, 0x7B, 0x48,
  0x82, 0x3B, 0xCA, 0x4A, 0x75, 0x3B, 0x13, 0xF9, 0x60, 0x3B,
  0xA5, 0x48, 0x4D, 0x3B, 0xAC, 0x29, 0x66, 0x3B, 0x62, 0x88,
  0x8A, 0x3B, 0x83, 0x00, 0x00, 0x00, 0x64, 0x61, 0x67, 0x68,
  0x65, 0x72, 0x6F, 0x5F, 0x63, 0x6E, 0x6E, 0x5F, 0x32, 0x6C,
  0x61, 0x79, 0x65, 0x72, 0x5F, 0x63, 0x6F, 0x6E, 0x76, 0x32,
  0x64, 0x2F, 0x71, 0x75, 0x61, 0x6E, 0x74, 0x5F, 0x63, 0x6F,
  0x6E, 0x76, 0x32, 0x2F, 0x43, 0x6F, 0x6E, 0x76, 0x32, 0x44,
  0x3B, 0x64, 0x61, 0x67, 0x68, 0x65, 0x72, 0x6F, 0x5F, 0x63,
  0x6E, 0x6E, 0x5F, 0x32, 0x6C, 0x61, 0x79, 0x65, 0x72, 0x5F,
  0x63, 0x6F, 0x6E, 0x76, 0x32, 0x64, 0x2F, 0x71, 0x75, 0x61,
  0x6E, 0x74, 0x5F, 0x63, 0x6F, 0x6E, 0x76, 0x32, 0x2F, 0x4C,
  0x61, 0x73, 0x74, 0x56, 0x61, 0x6C, 0x75, 0x65, 0x51, 0x75,
  0x61, 0x6E, 0x74, 0x2F, 0x46, 0x61, 0x6B, 0x65, 0x51, 0x75,
  0x61, 0x6E, 0x74, 0x57, 0x69, 0x74, 0x68, 0x4D, 0x69, 0x6E,
  0x4D, 0x61, 0x78, 0x56, 0x61, 0x72, 0x73, 0x50, 0x65, 0x72,
  0x43, 0x68, 0x61, 0x6E, 0x6E, 0x65, 0x6C, 0x00, 0x04, 0x00,
  0x00, 0x00, 0x40, 0x00, 0x00, 0x00, 0x07, 0x00, 0x00, 0x00,
  0x01, 0x00, 0x00, 0x00, 0x20, 0x00, 0x00, 0x00, 0x92, 0xF8,
  0xFF, 0xFF, 0x00, 0x00, 0x00, 0x01, 0x14, 0x00, 0x00, 0x00,
  0x34, 0x00, 0x00, 0x00, 0x08, 0x00, 0x00, 0x00, 0x00, 0x00,
  0x00, 0x09, 0x5C, 0x00, 0x00, 0x00, 0x7C, 0xF8, 0xFF, 0xFF,
  0x08, 0x00, 0x00, 0x00, 0x14, 0x00, 0x00, 0x00, 0x01, 0x00,
  0x00, 0x00, 0x88, 0xFF, 0xFF, 0xFF, 0xFF, 0xFF, 0xFF, 0xFF,
  0x00, 0x00, 0x00, 0x00, 0x01, 0x00, 0x00, 0x00, 0x0D, 0xB8,
  0xB6, 0x3C, 0x2D, 0x00, 0x00, 0x00, 0x64, 0x61, 0x67, 0x68,
  0x65, 0x72, 0x6F, 0x5F, 0x63, 0x6E, 0x6E, 0x5F, 0x32, 0x6C,
  0x61, 0x79, 0x65, 0x72, 0x5F, 0x63, 0x6F, 0x6E, 0x76, 0x32,
  0x64, 0x2F, 0x71, 0x75, 0x61, 0x6E, 0x74, 0x5F, 0x70, 0x6F,
  0x6F, 0x6C, 0x31, 0x2F, 0x4D, 0x61, 0x78, 0x50, 0x6F, 0x6F,
  0x6C, 0x00, 0x00, 0x00, 0x04, 0x00, 0x00, 0x00, 0x01, 0x00,
  0x00, 0x00, 0x19, 0x00, 0x00, 0x00, 0x01, 0x00, 0x00, 0x00,
  0x20, 0x00, 0x00, 0x00, 0x1A, 0xF9, 0xFF, 0xFF, 0x00, 0x00,
  0x00, 0x01, 0x14, 0x00, 0x00, 0x00, 0x34, 0x00, 0x00, 0x00,
  0x07, 0x00, 0x00, 0x00, 0x00, 0x00, 0x00, 0x09, 0xBC, 0x00,
  0x00, 0x00, 0x04, 0xF9, 0xFF, 0xFF, 0x08, 0x00, 0x00, 0x00,
  0x14, 0x00, 0x00, 0x00, 0x01, 0x00, 0x00, 0x00, 0x88, 0xFF,
  0xFF, 0xFF, 0xFF, 0xFF, 0xFF, 0xFF, 0x00, 0x00, 0x00, 0x00,
  0x01, 0x00, 0x00, 0x00, 0x0D, 0xB8, 0xB6, 0x3C, 0x8C, 0x00,
  0x00, 0x00, 0x64, 0x61, 0x67, 0x68, 0x65, 0x72, 0x6F, 0x5F,
  0x63, 0x6E, 0x6E, 0x5F, 0x32, 0x6C, 0x61, 0x79, 0x65, 0x72,
  0x5F, 0x63, 0x6F, 0x6E, 0x76, 0x32, 0x64, 0x2F, 0x71, 0x75,
  0x61, 0x6E, 0x74, 0x5F, 0x72, 0x65, 0x6C, 0x75, 0x31, 0x2F,
  0x52, 0x65, 0x6C, 0x75, 0x3B, 0x64, 0x61, 0x67, 0x68, 0x65,
  0x72, 0x6F, 0x5F, 0x63, 0x6E, 0x6E, 0x5F, 0x32, 0x6C, 0x61,
  0x79, 0x65, 0x72, 0x5F, 0x63, 0x6F, 0x6E, 0x76, 0x32, 0x64,
  0x2F, 0x71, 0x75, 0x61, 0x6E, 0x74, 0x5F, 0x62, 0x6E, 0x31,
  0x2F, 0x46, 0x75, 0x73, 0x65, 0x64, 0x42, 0x61, 0x74, 0x63,
  0x68, 0x4E, 0x6F, 0x72, 0x6D, 0x56, 0x33, 0x3B, 0x64, 0x61,
  0x67, 0x68, 0x65, 0x72, 0x6F, 0x5F, 0x63, 0x6E, 0x6E, 0x5F,
  0x32, 0x6C, 0x61, 0x79, 0x65, 0x72, 0x5F, 0x63, 0x6F, 0x6E,
  0x76, 0x32, 0x64, 0x2F, 0x71, 0x75, 0x61, 0x6E, 0x74, 0x5F,
  0x63, 0x6F, 0x6E, 0x76, 0x31, 0x2F, 0x43, 0x6F, 0x6E, 0x76,
  0x32, 0x44, 0x00, 0x00, 0x00, 0x00, 0x04, 0x00, 0x00, 0x00,
  0x01, 0x00, 0x00, 0x00, 0x32, 0x00, 0x00, 0x00, 0x01, 0x00,
  0x00, 0x00, 0x20, 0x00, 0x00, 0x00, 0x02, 0xFA, 0xFF, 0xFF,
  0x00, 0x00, 0x00, 0x01, 0x14, 0x00, 0x00, 0x00, 0xA8, 0x01,
  0x00, 0x00, 0x06, 0x00, 0x00, 0x00, 0x00, 0x00, 0x00, 0x02,
  0xD8, 0x01, 0x00, 0x00, 0xEC, 0xF9, 0xFF, 0xFF, 0x08, 0x00,
  0x00, 0x00, 0x0C, 0x01, 0x00, 0x00, 0x20, 0x00, 0x00, 0x00,
  0x00, 0x00, 0x00, 0x00, 0x00, 0x00, 0x00, 0x00, 0x00, 0x00,
  0x00, 0x00, 0x00, 0x00, 0x00, 0x00, 0x00, 0x00, 0x00, 0x00,
  0x00, 0x00, 0x00, 0x00, 0x00, 0x00, 0x00, 0x00, 0x00, 0x00,
  0x00, 0x00, 0x00, 0x00, 0x00, 0x00, 0x00, 0x00, 0x00, 0x00,
  0x00, 0x00, 0x00, 0x00, 0x00, 0x00, 0x00, 0x00, 0x00, 0x00,
  0x00, 0x00, 0x00, 0x00, 0x00, 0x00, 0x00, 0x00, 0x00, 0x00,
  0x00, 0x00, 0x00, 0x00, 0x00, 0x00, 0x00, 0x00, 0x00, 0x00,
  0x00, 0x00, 0x00, 0x00, 0x00, 0x00, 0x00, 0x00, 0x00, 0x00,
  0x00, 0x00, 0x00, 0x00, 0x00, 0x00, 0x00, 0x00, 0x00, 0x00,
  0x00, 0x00, 0x00, 0x00, 0x00, 0x00, 0x00, 0x00, 0x00, 0x00,
  0x00, 0x00, 0x00, 0x00, 0x00, 0x00, 0x00, 0x00, 0x00, 0x00,
  0x00, 0x00, 0x00, 0x00, 0x00, 0x00, 0x00, 0x00, 0x00, 0x00,
  0x00, 0x00, 0x00, 0x00, 0x00, 0x00, 0x00, 0x00, 0x00, 0x00,
  0x00, 0x00, 0x00, 0x00, 0x00, 0x00, 0x00, 0x00, 0x00, 0x00,
  0x00, 0x00, 0x00, 0x00, 0x00, 0x00, 0x00, 0x00, 0x00, 0x00,
  0x00, 0x00, 0x00, 0x00, 0x00, 0x00, 0x00, 0x00, 0x00, 0x00,
  0x00, 0x00, 0x00, 0x00, 0x00, 0x00, 0x00, 0x00, 0x00, 0x00,
  0x00, 0x00, 0x00, 0x00, 0x00, 0x00, 0x00, 0x00, 0x00, 0x00,
  0x00, 0x00, 0x00, 0x00, 0x00, 0x00, 0x00, 0x00, 0x00, 0x00,
  0x00, 0x00, 0x00, 0x00, 0x00, 0x00, 0x00, 0x00, 0x00, 0x00,
  0x00, 0x00, 0x00, 0x00, 0x00, 0x00, 0x00, 0x00, 0x00, 0x00,
  0x00, 0x00, 0x00, 0x00, 0x00, 0x00, 0x00, 0x00, 0x00, 0x00,
  0x00, 0x00, 0x00, 0x00, 0x00, 0x00, 0x00, 0x00, 0x00, 0x00,
  0x00, 0x00, 0x00, 0x00, 0x00, 0x00, 0x00, 0x00, 0x00, 0x00,
  0x00, 0x00, 0x00, 0x00, 0x00, 0x00, 0x00, 0x00, 0x00, 0x00,
  0x00, 0x00, 0x00, 0x00, 0x00, 0x00, 0x00, 0x00, 0x00, 0x00,
  0x20, 0x00, 0x00, 0x00, 0xBC, 0x89, 0xCE, 0x38, 0xEC, 0x43,
  0x10, 0x39, 0x99, 0xF7, 0x23, 0x39, 0x0A, 0xA3, 0x0D, 0x39,
  0xFA, 0x26, 0xB5, 0x38, 0x61, 0x2A, 0x3A, 0x39, 0x9C, 0xC1,
  0x00, 0x39, 0x0D, 0xD4, 0x0C, 0x39, 0x02, 0xC4, 0x45, 0x39,
  0x65, 0xC6, 0x99, 0x38, 0x80, 0x8F, 0xBB, 0x38, 0x14, 0x95,
  0xC0, 0x38, 0x2C, 0x2A, 0xCE, 0x38, 0x1C, 0x03, 0x15, 0x39,
  0xC0, 0x7E, 0xD9, 0x38, 0xB1, 0x3F, 0x42, 0x39, 0x8F, 0x33,
  0x11, 0x39, 0x73, 0x5D, 0x18, 0x39, 0x45, 0xCE, 0x28, 0x39,
  0x2B, 0x35, 0xD6, 0x38, 0x93, 0xFE, 0x39, 0x39, 0xAA, 0x67,
  0x07, 0x39, 0x5C, 0xDD, 0xEE, 0x38, 0x4E, 0x77, 0xCC, 0x38,
  0xCC, 0x9B, 0x01, 0x39, 0x22, 0x6E, 0x18, 0x39, 0x76, 0xDE,
  0x32, 0x39, 0xDF, 0x02, 0xB2, 0x38, 0x61, 0x23, 0xB5, 0x38,
  0xB4, 0x40, 0xE6, 0x38, 0x2D, 0xF1, 0xEF, 0x38, 0x2A, 0x35,
  0xEE, 0x38, 0x34, 0x00, 0x00, 0x00, 0x64, 0x61, 0x67, 0x68,
  0x65, 0x72, 0x6F, 0x5F, 0x63, 0x6E, 0x6E, 0x5F, 0x32, 0x6C,
  0x61, 0x79, 0x65, 0x72, 0x5F, 0x63, 0x6F, 0x6E, 0x76, 0x32,
  0x64, 0x2F, 0x71, 0x75, 0x61, 0x6E, 0x74, 0x5F, 0x62, 0x6E,
  0x31, 0x2F, 0x46, 0x75, 0x73, 0x65, 0x64, 0x42, 0x61, 0x74,
  0x63, 0x68, 0x4E, 0x6F, 0x72, 0x6D, 0x56, 0x33, 0x00, 0x00,
  0x00, 0x00, 0x01, 0x00, 0x00, 0x00, 0x20, 0x00, 0x00, 0x00,
  0xFA, 0xFB, 0xFF, 0xFF, 0x00, 0x00, 0x00, 0x01, 0x14, 0x00,
  0x00, 0x00, 0xA8, 0x01, 0x00, 0x00, 0x05, 0x00, 0x00, 0x00,
  0x00, 0x00, 0x00, 0x09, 0x24, 0x02, 0x00, 0x00, 0xE4, 0xFB,
  0xFF, 0xFF, 0x08, 0x00, 0x00, 0x00, 0x0C, 0x01, 0x00, 0x00,
  0x20, 0x00, 0x00, 0x00, 0x00, 0x00, 0x00, 0x00, 0x00, 0x00,
  0x00, 0x00, 0x00, 0x00, 0x00, 0x00, 0x00, 0x00, 0x00, 0x00,
  0x00, 0x00, 0x00, 0x00, 0x00, 0x00, 0x00, 0x00, 0x00, 0x00,
  0x00, 0x00, 0x00, 0x00, 0x00, 0x00, 0x00, 0x00, 0x00, 0x00,
  0x00, 0x00, 0x00, 0x00, 0x00, 0x00, 0x00, 0x00, 0x00, 0x00,
  0x00, 0x00, 0x00, 0x00, 0x00, 0x00, 0x00, 0x00, 0x00, 0x00,
  0x00, 0x00, 0x00, 0x00, 0x00, 0x00, 0x00, 0x00, 0x00, 0x00,
  0x00, 0x00, 0x00, 0x00, 0x00, 0x00, 0x00, 0x00, 0x00, 0x00,
  0x00, 0x00, 0x00, 0x00, 0x00, 0x00, 0x00, 0x00, 0x00, 0x00,
  0x00, 0x00, 0x00, 0x00, 0x00, 0x00, 0x00, 0x00, 0x00, 0x00,
  0x00, 0x00, 0x00, 0x00, 0x00, 0x00, 0x00, 0x00, 0x00, 0x00,
  0x00, 0x00, 0x00, 0x00, 0x00, 0x00, 0x00, 0x00, 0x00, 0x00,
  0x00, 0x00, 0x00, 0x00, 0x00, 0x00, 0x00, 0x00, 0x00, 0x00,
  0x00, 0x00, 0x00, 0x00, 0x00, 0x00, 0x00, 0x00, 0x00, 0x00,
  0x00, 0x00, 0x00, 0x00, 0x00, 0x00, 0x00, 0x00, 0x00, 0x00,
  0x00, 0x00, 0x00, 0x00, 0x00, 0x00, 0x00, 0x00, 0x00, 0x00,
  0x00, 0x00, 0x00, 0x00, 0x00, 0x00, 0x00, 0x00, 0x00, 0x00,
  0x00, 0x00, 0x00, 0x00, 0x00, 0x00, 0x00, 0x00, 0x00, 0x00,
  0x00, 0x00, 0x00, 0x00, 0x00, 0x00, 0x00, 0x00, 0x00, 0x00,
  0x00, 0x00, 0x00, 0x00, 0x00, 0x00, 0x00, 0x00, 0x00, 0x00,
  0x00, 0x00, 0x00, 0x00, 0x00, 0x00, 0x00, 0x00, 0x00, 0x00,
  0x00, 0x00, 0x00, 0x00, 0x00, 0x00, 0x00, 0x00, 0x00, 0x00,
  0x00, 0x00, 0x00, 0x00, 0x00, 0x00, 0x00, 0x00, 0x00, 0x00,
  0x00, 0x00, 0x00, 0x00, 0x00, 0x00, 0x00, 0x00, 0x00, 0x00,
  0x00, 0x00, 0x00, 0x00, 0x00, 0x00, 0x00, 0x00, 0x00, 0x00,
  0x00, 0x00, 0x00, 0x00, 0x00, 0x00, 0x00, 0x00, 0x00, 0x00,
  0x00, 0x00, 0x00, 0x00, 0x20, 0x00, 0x00, 0x00, 0x17, 0x4B,
  0x48, 0x3B, 0x47, 0xE7, 0x8B, 0x3B, 0x75, 0x02, 0x9F, 0x3B,
  0xBE, 0x5A, 0x89, 0x3B, 0xD2, 0xAC, 0x2F, 0x3B, 0x6B, 0x89,
  0xB4, 0x3B, 0x04, 0xBA, 0x79, 0x3B, 0x03, 0x92, 0x88, 0x3B,
  0x43, 0xC9, 0xBF, 0x3B, 0x25, 0x20, 0x15, 0x3B, 0xBE, 0xE3,
  0x35, 0x3B, 0x74, 0xC2, 0x3A, 0x3B, 0x6A, 0xEE, 0x47, 0x3B,
  0xBA, 0x81, 0x90, 0x3B, 0x4B, 0xEB, 0x52, 0x3B, 0x2B, 0x60,
  0xBC, 0x3B, 0xAB, 0xCF, 0x8C, 0x3B, 0x1D, 0xC2, 0x93, 0x3B,
  0xAE, 0xB3, 0xA3, 0x3B, 0x28, 0xBB, 0x4F, 0x3B, 0xF1, 0x5E,
  0xB4, 0x3B, 0x9B, 0x4F, 0x83, 0x3B, 0x80, 0xA4, 0x67, 0x3B,
  0xB2, 0x48, 0x46, 0x3B, 0x34, 0x61, 0x7B, 0x3B, 0x4A, 0xD2,
  0x93, 0x3B, 0xFB, 0x75, 0xAD, 0x3B, 0x07, 0xA1, 0x2C, 0x3B,
  0x56, 0xA9, 0x2F, 0x3B, 0x80, 0x4A, 0x5F, 0x3B, 0xFA, 0xAF,
  0x68, 0x3B, 0x63, 0x01, 0x67, 0x3B, 0x83, 0x00, 0x00, 0x00,
  0x64, 0x61, 0x67, 0x68, 0x65, 0x72, 0x6F, 0x5F, 0x63, 0x6E,
  0x6E, 0x5F, 0x32, 0x6C, 0x61, 0x79, 0x65, 0x72, 0x5F, 0x63,
  0x6F, 0x6E, 0x76, 0x32, 0x64, 0x2F, 0x71, 0x75, 0x61, 0x6E,
  0x74, 0x5F, 0x63, 0x6F, 0x6E, 0x76, 0x31, 0x2F, 0x43, 0x6F,
  0x6E, 0x76, 0x32, 0x44, 0x3B, 0x64, 0x61, 0x67, 0x68, 0x65,
  0x72, 0x6F, 0x5F, 0x63, 0x6E, 0x6E, 0x5F, 0x32, 0x6C, 0x61,
  0x79, 0x65, 0x72, 0x5F, 0x63, 0x6F, 0x6E, 0x76, 0x32, 0x64,
  0x2F, 0x71, 0x75, 0x61, 0x6E, 0x74, 0x5F, 0x63, 0x6F, 0x6E,
  0x76, 0x31, 0x2F, 0x4C, 0x61, 0x73, 0x74, 0x56, 0x61, 0x6C,
  0x75, 0x65, 0x51, 0x75, 0x61, 0x6E, 0x74, 0x2F, 0x46, 0x61,
  0x6B, 0x65, 0x51, 0x75, 0x61, 0x6E, 0x74, 0x57, 0x69, 0x74,
  0x68, 0x4D, 0x69, 0x6E, 0x4D, 0x61, 0x78, 0x56, 0x61, 0x72,
  0x73, 0x50, 0x65, 0x72, 0x43, 0x68, 0x61, 0x6E, 0x6E, 0x65,
  0x6C, 0x00, 0x04, 0x00, 0x00, 0x00, 0x20, 0x00, 0x00, 0x00,
  0x07, 0x00, 0x00, 0x00, 0x01, 0x00, 0x00, 0x00, 0x03, 0x00,
  0x00, 0x00, 0x4A, 0xFE, 0xFF, 0xFF, 0x00, 0x00, 0x00, 0x01,
  0x14, 0x00, 0x00, 0x00, 0x34, 0x00, 0x00, 0x00, 0x04, 0x00,
  0x00, 0x00, 0x00, 0x00, 0x00, 0x09, 0xB4, 0x00, 0x00, 0x00,
  0x34, 0xFE, 0xFF, 0xFF, 0x08, 0x00, 0x00, 0x00, 0x14, 0x00,
  0x00, 0x00, 0x01, 0x00, 0x00, 0x00, 0x03, 0x00, 0x00, 0x00,
  0x00, 0x00, 0x00, 0x00, 0x00, 0x00, 0x00, 0x00, 0x01, 0x00,
  0x00, 0x00, 0xA3, 0xFD, 0x03, 0x3D, 0x85, 0x00, 0x00, 0x00,
  0x64, 0x61, 0x67, 0x68, 0x65, 0x72, 0x6F, 0x5F, 0x63, 0x6E,
  0x6E, 0x5F, 0x32, 0x6C, 0x61, 0x79, 0x65, 0x72, 0x5F, 0x63,
  0x6F, 0x6E, 0x76, 0x32, 0x64, 0x2F, 0x71, 0x75, 0x61, 0x6E,
  0x74, 0x5F, 0x72, 0x65, 0x73, 0x68, 0x61, 0x70, 0x65, 0x5F,
  0x69, 0x6E, 0x2F, 0x52, 0x65, 0x73, 0x68, 0x61, 0x70, 0x65,
  0x3B, 0x64, 0x61, 0x67, 0x68, 0x65, 0x72, 0x6F, 0x5F, 0x63,
  0x6E, 0x6E, 0x5F, 0x32, 0x6C, 0x61, 0x79, 0x65, 0x72, 0x5F,
  0x63, 0x6F, 0x6E, 0x76, 0x32, 0x64, 0x2F, 0x71, 0x75, 0x61,
  0x6E, 0x74, 0x69, 0x7A, 0x65, 0x5F, 0x6C, 0x61, 0x79, 0x65,
  0x72, 0x2F, 0x41, 0x6C, 0x6C, 0x56, 0x61, 0x6C, 0x75, 0x65,
  0x73, 0x51, 0x75, 0x61, 0x6E, 0x74, 0x69, 0x7A, 0x65, 0x2F,
  0x46, 0x61, 0x6B, 0x65, 0x51, 0x75, 0x61, 0x6E, 0x74, 0x57,
  0x69, 0x74, 0x68, 0x4D, 0x69, 0x6E, 0x4D, 0x61, 0x78, 0x56,
  0x61, 0x72, 0x73, 0x00, 0x00, 0x00, 0x04, 0x00, 0x00, 0x00,
  0x01, 0x00, 0x00, 0x00, 0x32, 0x00, 0x00, 0x00, 0x01, 0x00,
  0x00, 0x00, 0x03, 0x00, 0x00, 0x00, 0x2A, 0xFF, 0xFF, 0xFF,
  0x00, 0x00, 0x00, 0x01, 0x14, 0x00, 0x00, 0x00, 0x14, 0x00,
  0x00, 0x00, 0x03, 0x00, 0x00, 0x00, 0x00, 0x00, 0x00, 0x02,
  0x48, 0x00, 0x00, 0x00, 0x98, 0xFF, 0xFF, 0xFF, 0x38, 0x00,
  0x00, 0x00, 0x64, 0x61, 0x67, 0x68, 0x65, 0x72, 0x6F, 0x5F,
  0x63, 0x6E, 0x6E, 0x5F, 0x32, 0x6C, 0x61, 0x79, 0x65, 0x72,
  0x5F, 0x63, 0x6F, 0x6E, 0x76, 0x32, 0x64, 0x2F, 0x71, 0x75,
  0x61, 0x6E, 0x74, 0x5F, 0x72, 0x65, 0x73, 0x68, 0x61, 0x70,
  0x65, 0x5F, 0x69, 0x6E, 0x2F, 0x52, 0x65, 0x73, 0x68, 0x61,
  0x70, 0x65, 0x2F, 0x73, 0x68, 0x61, 0x70, 0x65, 0x00, 0x00,
  0x00, 0x00, 0x01, 0x00, 0x00, 0x00, 0x04, 0x00, 0x00, 0x00,
  0x92, 0xFF, 0xFF, 0xFF, 0x00, 0x00, 0x00, 0x01, 0x18, 0x00,
  0x00, 0x00, 0x18, 0x00, 0x00, 0x00, 0x02, 0x00, 0x00, 0x00,
  0x00, 0x00, 0x00, 0x02, 0x4C, 0x00, 0x00, 0x00, 0x04, 0x00,
  0x04, 0x00, 0x04, 0x00, 0x00, 0x00, 0x3A, 0x00, 0x00, 0x00,
  0x64, 0x61, 0x67, 0x68, 0x65, 0x72, 0x6F, 0x5F, 0x63, 0x6E,
  0x6E, 0x5F, 0x32, 0x6C, 0x61, 0x79, 0x65, 0x72, 0x5F, 0x63,
  0x6F, 0x6E, 0x76, 0x32, 0x64, 0x2F, 0x71, 0x75, 0x61, 0x6E,
  0x74, 0x5F, 0x67, 0x61, 0x70, 0x2F, 0x4D, 0x65, 0x61, 0x6E,
  0x2F, 0x72, 0x65, 0x64, 0x75, 0x63, 0x74, 0x69, 0x6F, 0x6E,
  0x5F, 0x69, 0x6E, 0x64, 0x69, 0x63, 0x65, 0x73, 0x00, 0x00,
  0x01, 0x00, 0x00, 0x00, 0x02, 0x00, 0x00, 0x00, 0x00, 0x00,
  0x16, 0x00, 0x1C, 0x00, 0x18, 0x00, 0x17, 0x00, 0x10, 0x00,
  0x0C, 0x00, 0x08, 0x00, 0x00, 0x00, 0x00, 0x00, 0x00, 0x00,
  0x07, 0x00, 0x16, 0x00, 0x00, 0x00, 0x00, 0x00, 0x00, 0x01,
  0x20, 0x00, 0x00, 0x00, 0x40, 0x00, 0x00, 0x00, 0x01, 0x00,
  0x00, 0x00, 0x00, 0x00, 0x00, 0x09, 0x50, 0x00, 0x00, 0x00,
  0x0C, 0x00, 0x0C, 0x00, 0x00, 0x00, 0x00, 0x00, 0x08, 0x00,
  0x04, 0x00, 0x0C, 0x00, 0x00, 0x00, 0x08, 0x00, 0x00, 0x00,
  0x14, 0x00, 0x00, 0x00, 0x01, 0x00, 0x00, 0x00, 0x03, 0x00,
  0x00, 0x00, 0x00, 0x00, 0x00, 0x00, 0x00, 0x00, 0x00, 0x00,
  0x01, 0x00, 0x00, 0x00, 0xA3, 0xFD, 0x03, 0x3D, 0x17, 0x00,
  0x00, 0x00, 0x73, 0x65, 0x72, 0x76, 0x69, 0x6E, 0x67, 0x5F,
  0x64, 0x65, 0x66, 0x61, 0x75, 0x6C, 0x74, 0x5F, 0x69, 0x6E,
  0x70, 0x75, 0x74, 0x3A, 0x30, 0x00, 0x03, 0x00, 0x00, 0x00,
  0x01, 0x00, 0x00, 0x00, 0x32, 0x00, 0x00, 0x00, 0x03, 0x00,
  0x00, 0x00, 0x06, 0x00, 0x00, 0x00, 0x80, 0x00, 0x00, 0x00,
  0x60, 0x00, 0x00, 0x00, 0x40, 0x00, 0x00, 0x00, 0x2C, 0x00,
  0x00, 0x00, 0x18, 0x00, 0x00, 0x00, 0x04, 0x00, 0x00, 0x00,
  0xC0, 0xFF, 0xFF, 0xFF, 0x19, 0x00, 0x00, 0x00, 0x02, 0x00,
  0x00, 0x00, 0x00, 0x00, 0x00, 0x19, 0xD0, 0xFF, 0xFF, 0xFF,
  0x09, 0x00, 0x00, 0x00, 0x04, 0x00, 0x00, 0x00, 0x00, 0x00,
  0x00, 0x09, 0xE0, 0xFF, 0xFF, 0xFF, 0x28, 0x00, 0x00, 0x00,
  0x02, 0x00, 0x00, 0x00, 0x00, 0x00, 0x00, 0x28, 0xF0, 0xFF,
  0xFF, 0xFF, 0x11, 0x00, 0x00, 0x00, 0x02, 0x00, 0x00, 0x00,
  0x00, 0x00, 0x00, 0x11, 0x0C, 0x00, 0x10, 0x00, 0x0F, 0x00,
  0x00, 0x00, 0x08, 0x00, 0x04, 0x00, 0x0C, 0x00, 0x00, 0x00,
  0x03, 0x00, 0x00, 0x00, 0x03, 0x00, 0x00, 0x00, 0x00, 0x00,
  0x00, 0x03, 0x0C, 0x00, 0x0C, 0x00, 0x0B, 0x00, 0x00, 0x00,
  0x00, 0x00, 0x04, 0x00, 0x0C, 0x00, 0x00, 0x00, 0x16, 0x00,
  0x00, 0x00, 0x00, 0x00, 0x00, 0x16
};
unsigned int daghero_no_accel_rotation_t50_qat_len = 27376;
